customer_id,health_score,health_band,engagement_score,support_score,revenue_score
CUST000001,57.6,At Risk,58,82,45
CUST000002,37.4,Critical,33,71,25
CUST000003,53.4,At Risk,61,79,33
CUST000004,50.2,At Risk,43,85,40
CUST000005,72.4,Monitor,38,94,96
CUST000006,46.6,At Risk,40,75,39
CUST000007,80.0,Healthy,86,36,96
CUST000008,31.8,Critical,29,25,38
CUST000009,59.8,At Risk,38,91,66
CUST000010,37.4,Critical,31,49,38
CUST000011,65.8,Monitor,77,41,67
CUST000012,49.8,At Risk,86,31,23
CUST000013,64.6,Monitor,86,69,41
CUST000014,40.2,At Risk,21,57,51
CUST000015,39.4,Critical,37,83,20
CUST000016,79.6,Monitor,79,82,79
CUST000017,52.4,At Risk,69,80,22
CUST000018,61.6,Monitor,78,26,63
CUST000019,77.2,Monitor,71,92,76
CUST000020,58.6,At Risk,59,49,63
CUST000021,64.2,Monitor,66,39,75
CUST000022,73.0,Monitor,54,75,91
CUST000023,67.4,Monitor,86,51,57
CUST000024,52.0,At Risk,25,22,94
CUST000025,58.4,At Risk,53,38,74
CUST000026,53.8,At Risk,36,39,79
CUST000027,78.2,Monitor,74,71,86
CUST000028,44.6,At Risk,38,57,45
CUST000029,76.8,Monitor,65,64,95
CUST000030,61.6,Monitor,47,30,92
CUST000031,51.6,At Risk,75,42,33
CUST000032,64.2,Monitor,42,87,75
CUST000033,89.8,Healthy,93,65,99
CUST000034,66.0,Monitor,75,98,41
CUST000035,54.6,At Risk,49,63,56
CUST000036,57.4,At Risk,75,53,42
CUST000037,45.8,At Risk,49,87,22
CUST000038,57.6,At Risk,78,36,48
CUST000039,64.0,Monitor,78,38,63
CUST000040,64.2,Monitor,23,95,90
CUST000041,46.8,At Risk,33,92,38
CUST000042,61.0,Monitor,49,49,79
CUST000043,66.4,Monitor,75,20,81
CUST000044,31.8,Critical,20,77,21
CUST000045,81.4,Healthy,84,77,81
CUST000046,85.2,Healthy,87,96,78
CUST000047,70.6,Monitor,89,33,71
CUST000048,56.2,At Risk,62,45,56
CUST000049,68.2,Monitor,88,93,36
CUST000050,65.6,Monitor,85,86,36
CUST000051,81.2,Healthy,79,86,81
CUST000052,89.2,Healthy,91,86,89
CUST000053,53.4,At Risk,78,51,30
CUST000054,72.4,Monitor,78,96,55
CUST000055,61.2,Monitor,57,72,60
CUST000056,74.4,Monitor,66,84,78
CUST000057,84.0,Healthy,85,90,80
CUST000058,34.4,Critical,37,52,23
CUST000059,59.6,At Risk,46,54,76
CUST000060,56.4,At Risk,53,98,39
CUST000061,76.6,Monitor,69,87,79
CUST000062,52.6,At Risk,87,41,24
CUST000063,44.0,At Risk,69,38,22
CUST000064,52.6,At Risk,57,81,34
CUST000065,69.0,Monitor,88,47,61
CUST000066,76.0,Monitor,99,40,71
CUST000067,67.2,Monitor,91,44,55
CUST000068,55.8,At Risk,55,47,61
CUST000069,78.2,Monitor,69,83,85
CUST000070,44.2,At Risk,45,79,26
CUST000071,46.8,At Risk,29,52,62
CUST000072,74.6,Monitor,92,97,46
CUST000073,51.0,At Risk,37,95,43
CUST000074,52.2,At Risk,32,73,62
CUST000075,95.2,Healthy,97,94,94
CUST000076,82.8,Healthy,89,54,91
CUST000077,90.4,Healthy,82,96,96
CUST000078,72.8,Monitor,79,60,73
CUST000079,37.4,Critical,26,37,49
CUST000080,63.8,Monitor,98,81,21
CUST000081,35.4,Critical,56,23,21
CUST000082,72.6,Monitor,71,23,99
CUST000083,80.6,Healthy,65,79,97
CUST000084,79.8,Monitor,82,83,76
CUST000085,57.6,At Risk,84,58,31
CUST000086,74.4,Monitor,97,26,76
CUST000087,42.6,At Risk,50,55,29
CUST000088,72.8,Monitor,52,66,97
CUST000089,64.6,Monitor,53,59,79
CUST000090,65.0,Monitor,72,91,45
CUST000091,67.6,Monitor,87,56,54
CUST000092,61.8,Monitor,73,55,54
CUST000093,69.6,Monitor,93,48,57
CUST000094,53.4,At Risk,68,91,20
CUST000095,53.2,At Risk,66,52,41
CUST000096,67.0,Monitor,85,33,66
CUST000097,32.6,Critical,29,39,33
CUST000098,55.2,At Risk,69,24,57
CUST000099,51.0,At Risk,27,93,54
CUST000100,58.4,At Risk,78,84,26
CUST000101,30.0,Critical,30,26,32
CUST000102,63.8,Monitor,21,89,94
CUST000103,38.6,Critical,48,39,29
CUST000104,75.0,Monitor,72,71,80
CUST000105,46.8,At Risk,50,76,29
CUST000106,73.6,Monitor,76,90,63
CUST000107,33.2,Critical,21,70,27
CUST000108,72.0,Monitor,90,92,44
CUST000109,76.0,Monitor,82,82,67
CUST000110,67.8,Monitor,44,99,76
CUST000111,72.2,Monitor,67,81,73
CUST000112,55.2,At Risk,46,78,53
CUST000113,34.4,Critical,32,44,32
CUST000114,36.0,Critical,35,64,23
CUST000115,70.8,Monitor,85,50,67
CUST000116,38.4,Critical,34,72,26
CUST000117,67.4,Monitor,37,83,90
CUST000118,74.8,Monitor,91,56,68
CUST000119,49.4,At Risk,35,55,61
CUST000120,60.0,Monitor,79,42,50
CUST000121,58.0,At Risk,88,44,35
CUST000122,43.0,At Risk,43,65,32
CUST000123,68.0,Monitor,89,44,59
CUST000124,82.8,Healthy,96,38,92
CUST000125,57.2,At Risk,77,40,46
CUST000126,58.2,At Risk,79,85,24
CUST000127,41.4,At Risk,41,69,28
CUST000128,64.6,Monitor,98,41,43
CUST000129,48.6,At Risk,52,33,53
CUST000130,51.0,At Risk,53,33,58
CUST000131,55.8,At Risk,36,87,60
CUST000132,42.6,At Risk,25,49,57
CUST000133,50.4,At Risk,74,28,38
CUST000134,61.4,Monitor,32,95,74
CUST000135,63.4,Monitor,75,91,38
CUST000136,57.4,At Risk,51,71,57
CUST000137,46.0,At Risk,73,34,25
CUST000138,78.2,Monitor,96,49,75
CUST000139,26.2,Critical,35,21,20
CUST000140,37.2,Critical,41,64,20
CUST000141,85.8,Healthy,89,81,85
CUST000142,47.8,At Risk,35,33,68
CUST000143,90.0,Healthy,87,78,99
CUST000144,49.4,At Risk,71,33,36
CUST000145,57.0,At Risk,44,71,63
CUST000146,24.2,Critical,23,21,27
CUST000147,52.0,At Risk,58,94,25
CUST000148,51.2,At Risk,43,26,72
CUST000149,55.0,At Risk,79,31,43
CUST000150,75.2,Monitor,68,74,83
CUST000151,62.8,Monitor,54,34,86
CUST000152,36.8,Critical,46,26,33
CUST000153,41.8,At Risk,61,29,29
CUST000154,54.6,At Risk,53,75,46
CUST000155,81.4,Healthy,68,75,98
CUST000156,47.4,At Risk,36,75,45
CUST000157,64.4,Monitor,63,62,67
CUST000158,53.2,At Risk,27,34,89
CUST000159,57.4,At Risk,84,21,49
CUST000160,58.8,At Risk,63,70,49
CUST000161,64.8,Monitor,67,76,57
CUST000162,81.6,Healthy,73,64,99
CUST000163,69.2,Monitor,54,78,80
CUST000164,80.2,Healthy,72,87,85
CUST000165,62.8,Monitor,87,58,41
CUST000166,55.2,At Risk,78,80,20
CUST000167,69.0,Monitor,68,83,63
CUST000168,67.6,Monitor,68,30,86
CUST000169,62.6,Monitor,99,67,24
CUST000170,30.2,Critical,38,33,21
CUST000171,55.4,At Risk,73,59,36
CUST000172,57.8,At Risk,93,45,29
CUST000173,48.2,At Risk,84,27,23
CUST000174,60.4,Monitor,67,88,40
CUST000175,86.0,Healthy,88,98,78
CUST000176,55.4,At Risk,65,37,55
CUST000177,66.0,Monitor,80,88,41
CUST000178,40.0,At Risk,45,24,43
CUST000179,55.8,At Risk,54,43,64
CUST000180,51.4,At Risk,40,65,56
CUST000181,65.6,Monitor,71,92,47
CUST000182,49.2,At Risk,56,24,55
CUST000183,65.4,Monitor,66,43,76
CUST000184,53.0,At Risk,58,83,33
CUST000185,53.6,At Risk,69,80,25
CUST000186,70.6,Monitor,88,97,40
CUST000187,37.2,Critical,48,28,31
CUST000188,63.6,Monitor,40,44,97
CUST000189,35.6,Critical,35,66,21
CUST000190,78.0,Monitor,94,96,53
CUST000191,27.0,Critical,25,23,31
CUST000192,69.2,Monitor,47,56,98
CUST000193,63.4,Monitor,53,87,62
CUST000194,50.8,At Risk,63,48,40
CUST000195,74.6,Monitor,99,45,65
CUST000196,68.8,Monitor,93,50,54
CUST000197,53.6,At Risk,67,66,34
CUST000198,57.8,At Risk,64,95,33
CUST000199,37.6,Critical,33,36,43
CUST000200,54.4,At Risk,68,40,48
CUST000201,62.4,Monitor,40,36,98
CUST000202,62.0,Monitor,21,70,99
CUST000203,67.2,Monitor,66,20,92
CUST000204,46.4,At Risk,28,40,68
CUST000205,60.4,Monitor,47,60,74
CUST000206,52.0,At Risk,67,34,46
CUST000207,70.8,Monitor,59,78,79
CUST000208,46.2,At Risk,52,47,40
CUST000209,62.8,Monitor,68,82,48
CUST000210,54.2,At Risk,41,61,64
CUST000211,69.2,Monitor,60,40,93
CUST000212,47.6,At Risk,57,40,42
CUST000213,50.8,At Risk,28,54,72
CUST000214,40.4,At Risk,49,46,29
CUST000215,51.0,At Risk,30,33,81
CUST000216,72.2,Monitor,77,35,86
CUST000217,51.2,At Risk,88,40,20
CUST000218,50.0,At Risk,35,60,60
CUST000219,69.4,Monitor,64,93,63
CUST000220,70.8,Monitor,65,72,76
CUST000221,65.8,Monitor,88,35,59
CUST000222,81.2,Healthy,72,70,96
CUST000223,76.2,Monitor,60,67,97
CUST000224,61.0,Monitor,42,89,66
CUST000225,70.2,Monitor,43,73,96
CUST000226,48.4,At Risk,62,78,20
CUST000227,47.4,At Risk,22,95,49
CUST000228,69.0,Monitor,73,85,57
CUST000229,56.2,At Risk,64,89,32
CUST000230,68.4,Monitor,91,40,60
CUST000231,62.0,Monitor,38,52,91
CUST000232,76.4,Monitor,79,60,82
CUST000233,74.0,Monitor,93,24,80
CUST000234,78.6,Monitor,94,45,80
CUST000235,61.6,Monitor,83,72,35
CUST000236,72.0,Monitor,72,22,97
CUST000237,40.6,At Risk,26,89,31
CUST000238,77.6,Monitor,93,54,74
CUST000239,52.4,At Risk,64,74,30
CUST000240,60.2,Monitor,66,99,35
CUST000241,63.4,Monitor,33,91,80
CUST000242,53.0,At Risk,42,91,45
CUST000243,57.8,At Risk,55,97,41
CUST000244,49.2,At Risk,50,96,25
CUST000245,51.4,At Risk,59,41,49
CUST000246,72.6,Monitor,94,33,71
CUST000247,37.0,Critical,25,89,23
CUST000248,54.0,At Risk,22,50,88
CUST000249,41.2,At Risk,33,66,37
CUST000250,59.4,At Risk,76,47,49
CUST000251,70.4,Monitor,54,52,96
CUST000252,85.4,Healthy,99,59,85
CUST000253,59.0,At Risk,51,41,76
CUST000254,56.6,At Risk,55,49,62
CUST000255,59.8,At Risk,98,39,32
CUST000256,54.4,At Risk,79,74,20
CUST000257,68.2,Monitor,56,71,79
CUST000258,57.2,At Risk,26,50,92
CUST000259,43.0,At Risk,37,51,45
CUST000260,60.8,Monitor,55,28,83
CUST000261,65.0,Monitor,62,87,57
CUST000262,41.8,At Risk,46,77,20
CUST000263,77.8,Monitor,99,69,61
CUST000264,80.6,Healthy,60,99,92
CUST000265,63.6,Monitor,49,28,96
CUST000266,39.6,Critical,20,36,61
CUST000267,32.4,Critical,36,34,28
CUST000268,68.0,Monitor,72,98,49
CUST000269,51.4,At Risk,26,41,82
CUST000270,61.4,Monitor,75,27,65
CUST000271,68.0,Monitor,57,90,68
CUST000272,46.4,At Risk,46,78,31
CUST000273,49.4,At Risk,83,37,22
CUST000274,61.8,Monitor,87,23,56
CUST000275,37.4,Critical,45,49,24
CUST000276,80.6,Healthy,84,77,79
CUST000277,43.8,At Risk,21,63,57
CUST000278,85.0,Healthy,94,53,92
CUST000279,87.0,Healthy,80,87,94
CUST000280,63.4,Monitor,53,33,89
CUST000281,65.0,Monitor,92,93,24
CUST000282,58.6,At Risk,45,35,84
CUST000283,49.0,At Risk,89,27,20
CUST000284,61.0,Monitor,30,47,99
CUST000285,48.6,At Risk,25,23,85
CUST000286,85.8,Healthy,77,95,90
CUST000287,48.4,At Risk,29,92,46
CUST000288,62.0,Monitor,78,78,38
CUST000289,67.8,Monitor,55,49,90
CUST000290,80.4,Healthy,77,72,88
CUST000291,59.6,At Risk,32,38,98
CUST000292,53.6,At Risk,20,82,73
CUST000293,57.8,At Risk,26,43,97
CUST000294,34.8,Critical,30,32,41
CUST000295,46.0,At Risk,50,46,42
CUST000296,79.4,Monitor,56,95,95
CUST000297,64.8,Monitor,54,38,89
CUST000298,42.6,At Risk,37,35,52
CUST000299,55.0,At Risk,42,29,81
CUST000300,51.6,At Risk,73,52,30
CUST000301,24.4,Critical,24,32,21
CUST000302,61.0,Monitor,63,67,56
CUST000303,68.0,Monitor,62,46,85
CUST000304,34.6,Critical,42,47,21
CUST000305,74.8,Monitor,85,44,80
CUST000306,35.4,Critical,29,67,26
CUST000307,47.4,At Risk,27,71,56
CUST000308,51.2,At Risk,30,70,63
CUST000309,60.2,Monitor,60,53,64
CUST000310,50.8,At Risk,41,54,59
CUST000311,68.4,Monitor,82,28,75
CUST000312,46.0,At Risk,71,48,20
CUST000313,54.6,At Risk,40,87,53
CUST000314,72.8,Monitor,71,42,90
CUST000315,74.4,Monitor,88,28,84
CUST000316,55.4,At Risk,86,49,28
CUST000317,70.6,Monitor,47,79,90
CUST000318,70.4,Monitor,67,24,97
CUST000319,55.0,At Risk,97,33,24
CUST000320,53.2,At Risk,80,46,30
CUST000321,37.6,Critical,60,20,24
CUST000322,76.4,Monitor,86,84,63
CUST000323,78.6,Monitor,91,55,78
CUST000324,58.6,At Risk,74,77,34
CUST000325,65.2,Monitor,33,82,89
CUST000326,89.2,Healthy,87,80,96
CUST000327,45.0,At Risk,32,33,64
CUST000328,53.4,At Risk,94,21,29
CUST000329,77.0,Monitor,96,65,64
CUST000330,67.8,Monitor,92,93,31
CUST000331,51.0,At Risk,76,35,34
CUST000332,61.4,Monitor,81,87,29
CUST000333,57.4,At Risk,20,71,88
CUST000334,75.4,Monitor,85,47,80
CUST000335,88.4,Healthy,92,72,93
CUST000336,64.0,Monitor,79,92,35
CUST000337,76.0,Monitor,73,78,78
CUST000338,59.4,At Risk,80,21,58
CUST000339,61.4,Monitor,89,63,33
CUST000340,73.0,Monitor,73,89,65
CUST000341,65.0,Monitor,34,73,92
CUST000342,55.6,At Risk,45,90,49
CUST000343,65.6,Monitor,94,90,25
CUST000344,57.2,At Risk,57,52,60
CUST000345,51.0,At Risk,82,41,25
CUST000346,71.6,Monitor,74,58,76
CUST000347,53.4,At Risk,43,83,49
CUST000348,67.4,Monitor,79,85,47
CUST000349,80.0,Healthy,99,86,58
CUST000350,36.0,Critical,27,80,23
CUST000351,64.0,Monitor,86,30,59
CUST000352,56.6,At Risk,81,75,23
CUST000353,64.8,Monitor,70,26,79
CUST000354,83.6,Healthy,68,84,99
CUST000355,67.0,Monitor,91,59,47
CUST000356,66.8,Monitor,83,26,71
CUST000357,48.4,At Risk,21,44,78
CUST000358,51.4,At Risk,68,63,29
CUST000359,71.6,Monitor,93,62,55
CUST000360,71.2,Monitor,82,60,66
CUST000361,48.0,At Risk,77,24,31
CUST000362,49.6,At Risk,77,24,35
CUST000363,37.4,Critical,44,27,36
CUST000364,45.0,At Risk,42,73,34
CUST000365,51.4,At Risk,58,29,56
CUST000366,83.4,Healthy,99,69,75
CUST000367,58.0,At Risk,73,64,40
CUST000368,58.0,At Risk,43,54,75
CUST000369,36.8,Critical,24,30,53
CUST000370,30.6,Critical,31,41,25
CUST000371,49.2,At Risk,33,46,67
CUST000372,46.2,At Risk,26,87,46
CUST000373,63.6,Monitor,33,72,90
CUST000374,76.6,Monitor,76,61,85
CUST000375,34.8,Critical,56,22,20
CUST000376,71.2,Monitor,59,68,85
CUST000377,75.2,Monitor,73,44,93
CUST000378,78.4,Monitor,98,86,55
CUST000379,55.6,At Risk,93,30,31
CUST000380,73.0,Monitor,60,97,74
CUST000381,74.8,Monitor,92,70,60
CUST000382,58.4,At Risk,68,74,41
CUST000383,56.8,At Risk,32,22,99
CUST000384,66.4,Monitor,90,42,55
CUST000385,80.8,Healthy,73,94,82
CUST000386,49.8,At Risk,79,33,29
CUST000387,77.2,Monitor,68,62,94
CUST000388,77.6,Monitor,92,58,73
CUST000389,60.0,Monitor,75,90,30
CUST000390,54.0,At Risk,30,38,86
CUST000391,24.4,Critical,26,28,21
CUST000392,64.0,Monitor,58,66,69
CUST000393,81.4,Healthy,91,37,94
CUST000394,50.6,At Risk,70,51,31
CUST000395,61.4,Monitor,65,89,44
CUST000396,61.0,Monitor,48,21,94
CUST000397,52.4,At Risk,47,44,62
CUST000398,83.4,Healthy,96,59,83
CUST000399,71.6,Monitor,76,72,67
CUST000400,64.4,Monitor,42,86,76
CUST000401,59.8,At Risk,53,51,71
CUST000402,43.4,At Risk,31,25,65
CUST000403,49.4,At Risk,70,53,27
CUST000404,53.0,At Risk,79,21,43
CUST000405,48.4,At Risk,74,52,21
CUST000406,51.4,At Risk,55,65,41
CUST000407,34.8,Critical,49,26,25
CUST000408,62.4,Monitor,80,68,42
CUST000409,94.2,Healthy,90,97,97
CUST000410,35.8,Critical,28,71,26
CUST000411,76.4,Monitor,65,92,80
CUST000412,65.2,Monitor,88,64,43
CUST000413,60.0,Monitor,20,96,82
CUST000414,62.8,Monitor,89,20,58
CUST000415,90.6,Healthy,90,99,87
CUST000416,59.4,At Risk,89,57,31
CUST000417,62.8,Monitor,74,82,42
CUST000418,43.8,At Risk,33,31,61
CUST000419,64.2,Monitor,39,97,73
CUST000420,50.8,At Risk,47,38,61
CUST000421,75.6,Monitor,68,92,75
CUST000422,53.6,At Risk,54,60,50
CUST000423,53.0,At Risk,29,41,83
CUST000424,84.6,Healthy,97,71,79
CUST000425,29.8,Critical,26,37,30
CUST000426,82.4,Healthy,85,44,99
CUST000427,42.8,At Risk,29,88,34
CUST000428,40.0,At Risk,20,98,31
CUST000429,62.8,Monitor,52,38,86
CUST000430,66.8,Monitor,37,74,93
CUST000431,50.0,At Risk,74,62,20
CUST000432,70.6,Monitor,77,31,84
CUST000433,83.2,Healthy,96,36,94
CUST000434,84.0,Healthy,86,84,82
CUST000435,58.4,At Risk,57,68,55
CUST000436,66.2,Monitor,77,45,66
CUST000437,71.0,Monitor,95,41,62
CUST000438,58.8,At Risk,81,78,27
CUST000439,66.8,Monitor,55,72,76
CUST000440,84.0,Healthy,88,82,81
CUST000441,72.8,Monitor,44,96,90
CUST000442,57.8,At Risk,86,49,34
CUST000443,53.4,At Risk,68,39,46
CUST000444,44.4,At Risk,26,32,69
CUST000445,60.2,Monitor,54,37,78
CUST000446,59.4,At Risk,84,67,31
CUST000447,56.0,At Risk,80,20,50
CUST000448,50.2,At Risk,25,61,70
CUST000449,67.8,Monitor,71,25,86
CUST000450,84.2,Healthy,79,89,87
CUST000451,68.2,Monitor,47,67,90
CUST000452,51.6,At Risk,28,74,64
CUST000453,48.2,At Risk,60,37,42
CUST000454,40.6,At Risk,50,35,34
CUST000455,63.6,Monitor,74,52,59
CUST000456,52.4,At Risk,28,88,59
CUST000457,50.6,At Risk,24,93,56
CUST000458,48.2,At Risk,36,55,57
CUST000459,72.0,Monitor,67,96,65
CUST000460,37.6,Critical,41,28,39
CUST000461,66.4,Monitor,96,66,37
CUST000462,76.2,Monitor,98,91,47
CUST000463,37.4,Critical,51,31,27
CUST000464,70.8,Monitor,57,80,80
CUST000465,61.8,Monitor,38,45,94
CUST000466,55.6,At Risk,62,96,29
CUST000467,75.6,Monitor,80,42,88
CUST000468,24.8,Critical,21,36,23
CUST000469,70.4,Monitor,97,86,36
CUST000470,49.8,At Risk,51,71,38
CUST000471,61.2,Monitor,43,48,86
CUST000472,70.0,Monitor,77,98,49
CUST000473,66.0,Monitor,63,54,75
CUST000474,49.8,At Risk,28,71,61
CUST000475,62.2,Monitor,55,93,54
CUST000476,59.2,At Risk,55,22,82
CUST000477,76.4,Monitor,94,62,66
CUST000478,66.8,Monitor,83,84,42
CUST000479,50.6,At Risk,20,35,89
CUST000480,69.6,Monitor,77,24,85
CUST000481,51.4,At Risk,43,39,66
CUST000482,45.2,At Risk,35,60,48
CUST000483,49.0,At Risk,63,75,22
CUST000484,45.0,At Risk,59,35,36
CUST000485,54.8,At Risk,65,80,32
CUST000486,59.0,At Risk,59,41,68
CUST000487,65.8,Monitor,42,87,79
CUST000488,51.4,At Risk,62,31,51
CUST000489,61.8,Monitor,48,79,67
CUST000490,58.4,At Risk,55,92,45
CUST000491,64.0,Monitor,54,96,58
CUST000492,61.6,Monitor,52,42,81
CUST000493,52.0,At Risk,93,28,23
CUST000494,73.8,Monitor,76,59,79
CUST000495,87.4,Healthy,93,65,93
CUST000496,50.8,At Risk,33,20,84
CUST000497,72.2,Monitor,66,69,80
CUST000498,63.8,Monitor,53,83,65
CUST000499,81.4,Healthy,95,81,68
CUST000500,63.4,Monitor,51,21,97
CUST000501,45.8,At Risk,29,83,44
CUST000502,73.6,Monitor,50,84,92
CUST000503,50.4,At Risk,73,60,23
CUST000504,37.2,Critical,46,50,22
CUST000505,69.2,Monitor,69,52,78
CUST000506,66.8,Monitor,64,68,69
CUST000507,58.4,At Risk,35,38,92
CUST000508,55.0,At Risk,91,53,20
CUST000509,58.2,At Risk,35,73,74
CUST000510,73.0,Monitor,54,59,99
CUST000511,75.4,Monitor,94,61,64
CUST000512,53.0,At Risk,36,63,65
CUST000513,37.2,Critical,20,36,55
CUST000514,55.4,At Risk,36,89,58
CUST000515,48.4,At Risk,71,28,36
CUST000516,62.8,Monitor,89,66,35
CUST000517,49.2,At Risk,47,28,62
CUST000518,45.2,At Risk,32,60,51
CUST000519,67.8,Monitor,49,85,78
CUST000520,26.2,Critical,25,25,28
CUST000521,95.4,Healthy,98,85,98
CUST000522,48.2,At Risk,62,21,48
CUST000523,30.6,Critical,28,55,21
CUST000524,65.4,Monitor,81,53,56
CUST000525,40.4,At Risk,41,58,31
CUST000526,76.0,Monitor,75,78,76
CUST000527,69.6,Monitor,83,24,79
CUST000528,52.8,At Risk,56,54,49
CUST000529,62.8,Monitor,62,60,65
CUST000530,61.0,Monitor,37,55,88
CUST000531,63.4,Monitor,55,63,72
CUST000532,39.4,Critical,20,81,38
CUST000533,58.0,At Risk,94,56,23
CUST000534,66.0,Monitor,90,34,58
CUST000535,55.4,At Risk,55,83,42
CUST000536,72.6,Monitor,61,77,82
CUST000537,36.0,Critical,23,46,44
CUST000538,56.2,At Risk,41,25,87
CUST000539,49.6,At Risk,34,94,43
CUST000540,73.4,Monitor,76,73,71
CUST000541,74.6,Monitor,89,93,51
CUST000542,55.8,At Risk,48,33,75
CUST000543,63.8,Monitor,57,55,75
CUST000544,46.8,At Risk,51,30,51
CUST000545,78.4,Monitor,75,90,76
CUST000546,62.2,Monitor,45,71,75
CUST000547,87.2,Healthy,94,90,79
CUST000548,75.8,Monitor,77,73,76
CUST000549,57.2,At Risk,85,60,28
CUST000550,72.8,Monitor,37,94,98
CUST000551,53.2,At Risk,35,78,59
CUST000552,62.4,Monitor,76,84,38
CUST000553,35.0,Critical,40,23,36
CUST000554,69.6,Monitor,90,66,51
CUST000555,32.4,Critical,45,22,25
CUST000556,33.4,Critical,31,63,21
CUST000557,34.6,Critical,21,41,45
CUST000558,50.6,At Risk,61,33,49
CUST000559,78.2,Monitor,97,85,56
CUST000560,46.4,At Risk,47,74,32
CUST000561,41.8,At Risk,21,45,61
CUST000562,53.2,At Risk,40,82,52
CUST000563,72.6,Monitor,60,61,91
CUST000564,44.2,At Risk,45,49,41
CUST000565,64.6,Monitor,68,49,69
CUST000566,53.8,At Risk,45,71,54
CUST000567,36.8,Critical,29,30,48
CUST000568,36.8,Critical,46,42,25
CUST000569,50.4,At Risk,95,22,20
CUST000570,44.4,At Risk,59,44,30
CUST000571,46.6,At Risk,33,21,73
CUST000572,46.8,At Risk,70,28,33
CUST000573,66.6,Monitor,92,51,49
CUST000574,51.2,At Risk,74,54,27
CUST000575,61.6,Monitor,48,74,69
CUST000576,68.2,Monitor,88,43,61
CUST000577,56.6,At Risk,56,39,66
CUST000578,49.4,At Risk,64,77,21
CUST000579,58.8,At Risk,96,56,23
CUST000580,36.4,Critical,52,24,27
CUST000581,76.8,Monitor,77,66,82
CUST000582,46.2,At Risk,56,59,30
CUST000583,69.8,Monitor,88,27,73
CUST000584,67.0,Monitor,90,85,35
CUST000585,57.6,At Risk,65,38,60
CUST000586,43.4,At Risk,29,93,33
CUST000587,61.0,Monitor,66,37,68
CUST000588,60.4,Monitor,53,78,59
CUST000589,54.8,At Risk,76,58,32
CUST000590,30.0,Critical,30,48,21
CUST000591,66.2,Monitor,79,37,68
CUST000592,76.0,Monitor,79,80,71
CUST000593,69.8,Monitor,99,97,27
CUST000594,49.2,At Risk,26,36,79
CUST000595,55.6,At Risk,59,46,57
CUST000596,48.4,At Risk,45,74,39
CUST000597,49.2,At Risk,53,48,46
CUST000598,60.2,Monitor,27,89,79
CUST000599,51.2,At Risk,58,44,48
CUST000600,34.8,Critical,35,30,37
CUST000601,35.2,Critical,50,28,24
CUST000602,67.0,Monitor,87,59,51
CUST000603,52.4,At Risk,78,20,43
CUST000604,45.6,At Risk,39,90,30
CUST000605,60.0,Monitor,35,92,69
CUST000606,45.8,At Risk,20,43,73
CUST000607,61.8,Monitor,85,23,58
CUST000608,27.6,Critical,30,34,22
CUST000609,62.6,Monitor,49,91,62
CUST000610,62.2,Monitor,59,53,70
CUST000611,70.6,Monitor,50,83,85
CUST000612,73.4,Monitor,91,59,63
CUST000613,50.0,At Risk,53,96,24
CUST000614,64.4,Monitor,91,48,46
CUST000615,35.4,Critical,38,35,33
CUST000616,46.6,At Risk,31,27,72
CUST000617,78.8,Monitor,96,64,69
CUST000618,83.4,Healthy,82,57,98
CUST000619,70.2,Monitor,67,45,86
CUST000620,62.2,Monitor,92,39,44
CUST000621,60.8,Monitor,62,42,69
CUST000622,62.8,Monitor,26,72,95
CUST000623,52.8,At Risk,40,90,47
CUST000624,45.6,At Risk,54,30,45
CUST000625,56.2,At Risk,41,61,69
CUST000626,82.6,Healthy,92,79,75
CUST000627,70.2,Monitor,86,69,55
CUST000628,57.8,At Risk,47,83,56
CUST000629,73.8,Monitor,84,85,58
CUST000630,62.2,Monitor,82,71,38
CUST000631,53.4,At Risk,49,23,73
CUST000632,75.4,Monitor,84,81,64
CUST000633,44.4,At Risk,30,34,64
CUST000634,80.6,Healthy,97,97,56
CUST000635,48.0,At Risk,80,32,24
CUST000636,83.6,Healthy,95,48,90
CUST000637,49.6,At Risk,21,22,92
CUST000638,75.4,Monitor,53,83,94
CUST000639,44.6,At Risk,20,35,74
CUST000640,71.0,Monitor,91,91,41
CUST000641,75.8,Monitor,97,33,76
CUST000642,60.4,Monitor,77,94,27
CUST000643,70.2,Monitor,68,67,74
CUST000644,77.4,Monitor,66,61,97
CUST000645,30.0,Critical,20,68,21
CUST000646,51.2,At Risk,30,64,66
CUST000647,36.0,Critical,31,62,28
CUST000648,67.0,Monitor,65,85,60
CUST000649,44.8,At Risk,72,26,27
CUST000650,58.8,At Risk,79,60,38
CUST000651,74.2,Monitor,76,81,69
CUST000652,76.6,Monitor,86,59,76
CUST000653,58.0,At Risk,62,48,59
CUST000654,49.2,At Risk,35,72,52
CUST000655,75.2,Monitor,93,20,85
CUST000656,47.6,At Risk,46,74,36
CUST000657,73.6,Monitor,58,94,79
CUST000658,56.4,At Risk,81,56,32
CUST000659,67.8,Monitor,80,87,46
CUST000660,58.2,At Risk,54,41,71
CUST000661,42.2,At Risk,40,47,42
CUST000662,48.8,At Risk,21,88,57
CUST000663,46.8,At Risk,67,56,22
CUST000664,37.2,Critical,43,28,36
CUST000665,53.0,At Risk,55,47,54
CUST000666,67.4,Monitor,63,33,89
CUST000667,74.2,Monitor,73,63,81
CUST000668,59.8,At Risk,71,37,60
CUST000669,56.8,At Risk,34,22,97
CUST000670,91.2,Healthy,97,96,83
CUST000671,49.8,At Risk,68,57,28
CUST000672,78.2,Monitor,86,77,71
CUST000673,55.8,At Risk,77,57,34
CUST000674,59.2,At Risk,47,50,76
CUST000675,37.2,Critical,55,34,21
CUST000676,49.0,At Risk,69,21,43
CUST000677,69.8,Monitor,40,85,92
CUST000678,33.2,Critical,30,40,33
CUST000679,47.2,At Risk,34,86,41
CUST000680,59.8,At Risk,65,45,62
CUST000681,69.6,Monitor,59,52,89
CUST000682,79.0,Monitor,64,73,97
CUST000683,82.4,Healthy,71,86,92
CUST000684,65.8,Monitor,95,39,50
CUST000685,39.0,Critical,26,83,30
CUST000686,55.6,At Risk,52,52,61
CUST000687,61.2,Monitor,70,30,68
CUST000688,49.6,At Risk,31,46,70
CUST000689,59.4,At Risk,74,75,37
CUST000690,36.2,Critical,33,73,21
CUST000691,33.0,Critical,28,51,29
CUST000692,47.0,At Risk,25,85,50
CUST000693,46.6,At Risk,46,33,54
CUST000694,53.2,At Risk,71,70,27
CUST000695,73.6,Monitor,73,42,90
CUST000696,40.8,At Risk,31,54,44
CUST000697,52.6,At Risk,23,69,74
CUST000698,69.6,Monitor,84,68,56
CUST000699,85.0,Healthy,98,91,69
CUST000700,85.0,Healthy,94,49,94
CUST000701,54.6,At Risk,78,77,20
CUST000702,41.2,At Risk,52,20,41
CUST000703,69.4,Monitor,79,21,84
CUST000704,50.2,At Risk,54,83,30
CUST000705,70.0,Monitor,52,64,91
CUST000706,81.4,Healthy,85,73,82
CUST000707,91.6,Healthy,87,92,96
CUST000708,64.8,Monitor,97,40,45
CUST000709,65.4,Monitor,69,33,78
CUST000710,56.6,At Risk,85,31,41
CUST000711,67.4,Monitor,63,77,67
CUST000712,65.0,Monitor,90,35,55
CUST000713,49.2,At Risk,49,54,47
CUST000714,55.0,At Risk,37,85,58
CUST000715,70.0,Monitor,86,78,50
CUST000716,68.2,Monitor,80,35,73
CUST000717,53.0,At Risk,57,67,42
CUST000718,59.8,At Risk,87,47,39
CUST000719,87.8,Healthy,91,85,86
CUST000720,55.0,At Risk,78,25,47
CUST000721,57.0,At Risk,20,57,94
CUST000722,45.0,At Risk,24,25,76
CUST000723,57.0,At Risk,90,47,29
CUST000724,46.8,At Risk,28,50,64
CUST000725,61.4,Monitor,97,71,21
CUST000726,39.8,Critical,28,53,45
CUST000727,61.2,Monitor,45,40,88
CUST000728,61.0,Monitor,34,87,75
CUST000729,80.8,Healthy,71,78,92
CUST000730,50.8,At Risk,50,62,46
CUST000731,56.2,At Risk,99,37,23
CUST000732,54.4,At Risk,26,22,99
CUST000733,35.6,Critical,22,70,32
CUST000734,38.6,Critical,46,35,33
CUST000735,67.2,Monitor,54,92,68
CUST000736,33.4,Critical,23,63,29
CUST000737,37.4,Critical,37,21,46
CUST000738,65.0,Monitor,66,45,74
CUST000739,48.0,At Risk,71,56,21
CUST000740,65.8,Monitor,42,53,96
CUST000741,67.4,Monitor,84,49,60
CUST000742,68.6,Monitor,74,41,77
CUST000743,86.0,Healthy,84,68,97
CUST000744,39.2,Critical,45,42,32
CUST000745,74.2,Monitor,99,21,76
CUST000746,65.6,Monitor,67,84,55
CUST000747,72.2,Monitor,78,21,92
CUST000748,46.2,At Risk,22,39,74
CUST000749,68.6,Monitor,98,75,36
CUST000750,66.4,Monitor,66,86,57
CUST000751,63.2,Monitor,66,68,58
CUST000752,71.0,Monitor,99,63,47
CUST000753,74.4,Monitor,53,72,97
CUST000754,66.0,Monitor,34,68,97
CUST000755,75.4,Monitor,74,69,80
CUST000756,55.6,At Risk,33,24,94
CUST000757,43.6,At Risk,22,42,66
CUST000758,68.8,Monitor,58,68,80
CUST000759,68.4,Monitor,37,70,99
CUST000760,61.6,Monitor,20,76,96
CUST000761,62.8,Monitor,50,98,58
CUST000762,55.6,At Risk,51,82,47
CUST000763,41.8,At Risk,58,49,22
CUST000764,60.8,Monitor,66,32,70
CUST000765,40.0,At Risk,36,36,46
CUST000766,56.2,At Risk,34,45,84
CUST000767,60.8,Monitor,31,70,86
CUST000768,72.8,Monitor,98,56,56
CUST000769,28.0,Critical,32,28,24
CUST000770,71.2,Monitor,70,22,97
CUST000771,71.8,Monitor,96,73,47
CUST000772,46.8,At Risk,41,72,40
CUST000773,55.2,At Risk,95,24,31
CUST000774,78.6,Monitor,75,75,84
CUST000775,59.4,At Risk,22,57,98
CUST000776,36.4,Critical,55,28,22
CUST000777,75.8,Monitor,90,65,67
CUST000778,25.8,Critical,20,47,21
CUST000779,55.4,At Risk,90,41,28
CUST000780,64.8,Monitor,43,88,75
CUST000781,60.6,Monitor,58,87,50
CUST000782,44.4,At Risk,36,22,64
CUST000783,54.4,At Risk,47,62,58
CUST000784,72.8,Monitor,93,26,76
CUST000785,58.6,At Risk,42,91,59
CUST000786,66.4,Monitor,66,36,82
CUST000787,75.0,Monitor,50,79,98
CUST000788,78.4,Monitor,82,76,76
CUST000789,72.2,Monitor,60,79,81
CUST000790,63.2,Monitor,81,98,28
CUST000791,64.0,Monitor,95,54,38
CUST000792,49.0,At Risk,37,21,75
CUST000793,58.8,At Risk,95,36,34
CUST000794,84.6,Healthy,72,81,99
CUST000795,75.8,Monitor,64,97,77
CUST000796,77.6,Monitor,95,92,53
CUST000797,83.2,Healthy,98,64,78
CUST000798,61.0,Monitor,30,85,80
CUST000799,54.4,At Risk,77,34,42
CUST000800,56.8,At Risk,51,80,51
CUST000801,60.6,Monitor,31,73,84
CUST000802,43.2,At Risk,50,40,38
CUST000803,64.0,Monitor,27,74,96
CUST000804,40.0,At Risk,46,34,37
CUST000805,90.0,Healthy,95,80,90
CUST000806,59.6,At Risk,28,76,83
CUST000807,90.4,Healthy,99,56,99
CUST000808,52.4,At Risk,48,52,57
CUST000809,51.0,At Risk,64,71,28
CUST000810,71.6,Monitor,52,72,91
CUST000811,46.8,At Risk,31,28,72
CUST000812,65.6,Monitor,82,54,55
CUST000813,49.8,At Risk,39,73,49
CUST000814,47.4,At Risk,67,59,22
CUST000815,66.0,Monitor,71,70,59
CUST000816,73.0,Monitor,87,27,82
CUST000817,50.2,At Risk,55,43,49
CUST000818,73.4,Monitor,80,31,88
CUST000819,67.6,Monitor,98,50,46
CUST000820,52.8,At Risk,33,72,63
CUST000821,37.8,Critical,27,41,47
CUST000822,65.8,Monitor,86,49,54
CUST000823,55.8,At Risk,33,91,61
CUST000824,72.6,Monitor,59,95,75
CUST000825,62.0,Monitor,69,92,40
CUST000826,44.2,At Risk,38,39,53
CUST000827,53.0,At Risk,98,23,23
CUST000828,56.0,At Risk,49,92,45
CUST000829,63.4,Monitor,60,47,75
CUST000830,48.2,At Risk,20,45,78
CUST000831,42.4,At Risk,30,52,50
CUST000832,72.4,Monitor,95,46,63
CUST000833,51.6,At Risk,67,84,20
CUST000834,67.0,Monitor,98,65,37
CUST000835,47.2,At Risk,44,78,35
CUST000836,47.4,At Risk,31,95,40
CUST000837,78.8,Monitor,88,68,75
CUST000838,61.8,Monitor,74,71,45
CUST000839,58.2,At Risk,41,61,74
CUST000840,73.4,Monitor,52,83,90
CUST000841,51.2,At Risk,57,42,50
CUST000842,71.0,Monitor,86,37,73
CUST000843,57.8,At Risk,20,85,82
CUST000844,45.8,At Risk,61,47,30
CUST000845,49.0,At Risk,75,47,24
CUST000846,59.4,At Risk,69,25,67
CUST000847,77.4,Monitor,65,75,91
CUST000848,44.4,At Risk,56,54,28
CUST000849,62.2,Monitor,91,53,38
CUST000850,56.2,At Risk,34,85,64
CUST000851,63.4,Monitor,99,77,21
CUST000852,80.4,Healthy,86,56,87
CUST000853,36.4,Critical,36,22,44
CUST000854,45.2,At Risk,54,22,48
CUST000855,47.6,At Risk,45,22,63
CUST000856,48.4,At Risk,66,48,31
CUST000857,59.0,At Risk,58,65,57
CUST000858,58.8,At Risk,76,50,46
CUST000859,49.4,At Risk,54,37,51
CUST000860,54.2,At Risk,66,35,52
CUST000861,52.4,At Risk,84,22,36
CUST000862,54.4,At Risk,32,78,65
CUST000863,63.2,Monitor,55,52,77
CUST000864,53.4,At Risk,50,41,63
CUST000865,67.6,Monitor,95,72,38
CUST000866,68.2,Monitor,35,95,88
CUST000867,72.2,Monitor,53,59,98
CUST000868,49.8,At Risk,42,39,63
CUST000869,63.4,Monitor,83,79,36
CUST000870,58.4,At Risk,64,98,33
CUST000871,76.0,Monitor,76,48,90
CUST000872,58.6,At Risk,60,97,38
CUST000873,71.8,Monitor,68,83,70
CUST000874,74.6,Monitor,67,53,93
CUST000875,39.8,Critical,62,35,20
CUST000876,76.8,Monitor,99,26,80
CUST000877,45.0,At Risk,37,77,37
CUST000878,85.4,Healthy,72,91,96
CUST000879,58.4,At Risk,53,32,77
CUST000880,80.8,Healthy,85,82,76
CUST000881,44.0,At Risk,44,36,48
CUST000882,53.8,At Risk,63,79,32
CUST000883,69.6,Monitor,60,56,86
CUST000884,77.4,Monitor,98,71,60
CUST000885,62.6,Monitor,80,33,60
CUST000886,46.0,At Risk,50,28,51
CUST000887,67.0,Monitor,83,89,40
CUST000888,61.4,Monitor,98,33,39
CUST000889,63.8,Monitor,55,73,68
CUST000890,55.0,At Risk,42,51,70
CUST000891,81.0,Healthy,98,65,72
CUST000892,76.6,Monitor,85,35,89
CUST000893,71.8,Monitor,45,79,95
CUST000894,58.8,At Risk,81,30,51
CUST000895,45.4,At Risk,38,67,42
CUST000896,65.6,Monitor,46,54,91
CUST000897,64.6,Monitor,83,45,56
CUST000898,63.4,Monitor,94,67,31
CUST000899,48.4,At Risk,49,32,56
CUST000900,56.8,At Risk,75,44,45
CUST000901,73.8,Monitor,85,41,79
CUST000902,69.0,Monitor,58,39,95
CUST000903,64.8,Monitor,83,98,30
CUST000904,58.0,At Risk,50,50,70
CUST000905,69.8,Monitor,46,61,98
CUST000906,50.2,At Risk,71,21,44
CUST000907,61.6,Monitor,34,48,96
CUST000908,77.4,Monitor,75,75,81
CUST000909,63.0,Monitor,72,75,48
CUST000910,53.2,At Risk,53,30,65
CUST000911,25.6,Critical,20,26,31
CUST000912,67.0,Monitor,88,89,35
CUST000913,62.8,Monitor,81,86,33
CUST000914,45.2,At Risk,39,72,38
CUST000915,79.4,Monitor,59,99,90
CUST000916,46.6,At Risk,21,83,54
CUST000917,61.0,Monitor,65,57,59
CUST000918,59.0,At Risk,48,51,74
CUST000919,63.0,Monitor,65,39,73
CUST000920,61.0,Monitor,49,33,87
CUST000921,26.8,Critical,29,36,20
CUST000922,61.2,Monitor,92,28,47
CUST000923,85.6,Healthy,90,64,92
CUST000924,41.6,At Risk,66,30,23
CUST000925,60.0,Monitor,56,82,53
CUST000926,63.8,Monitor,89,47,47
CUST000927,92.8,Healthy,95,78,98
CUST000928,57.6,At Risk,39,28,91
CUST000929,52.8,At Risk,52,32,64
CUST000930,53.6,At Risk,43,42,70
CUST000931,54.0,At Risk,61,74,37
CUST000932,36.0,Critical,20,20,60
CUST000933,74.0,Monitor,61,58,95
CUST000934,65.0,Monitor,46,73,80
CUST000935,70.4,Monitor,49,78,88
CUST000936,64.0,Monitor,79,56,53
CUST000937,79.4,Monitor,79,71,84
CUST000938,68.6,Monitor,33,83,97
CUST000939,74.0,Monitor,73,54,85
CUST000940,62.6,Monitor,71,67,52
CUST000941,73.2,Monitor,80,38,84
CUST000942,47.8,At Risk,42,67,44
CUST000943,48.4,At Risk,37,20,74
CUST000944,38.2,Critical,21,99,25
CUST000945,67.0,Monitor,87,51,55
CUST000946,70.8,Monitor,46,82,90
CUST000947,52.2,At Risk,53,97,29
CUST000948,72.8,Monitor,42,98,91
CUST000949,47.2,At Risk,53,88,21
CUST000950,89.2,Healthy,86,98,88
CUST000951,35.6,Critical,22,64,35
CUST000952,46.8,At Risk,37,86,37
CUST000953,76.0,Monitor,77,96,65
CUST000954,48.8,At Risk,25,20,87
CUST000955,64.4,Monitor,70,40,71
CUST000956,61.0,Monitor,92,77,22
CUST000957,55.8,At Risk,57,25,70
CUST000958,73.6,Monitor,91,60,63
CUST000959,42.6,At Risk,38,21,58
CUST000960,73.4,Monitor,63,57,92
CUST000961,80.4,Healthy,86,46,92
CUST000962,78.2,Monitor,90,57,77
CUST000963,74.4,Monitor,90,62,65
CUST000964,49.0,At Risk,47,35,58
CUST000965,70.8,Monitor,57,60,90
CUST000966,66.8,Monitor,86,98,32
CUST000967,48.4,At Risk,39,76,44
CUST000968,73.4,Monitor,93,33,74
CUST000969,53.6,At Risk,31,36,85
CUST000970,66.2,Monitor,83,23,71
CUST000971,68.0,Monitor,78,26,79
CUST000972,53.8,At Risk,32,77,64
CUST000973,55.6,At Risk,67,36,54
CUST000974,71.2,Monitor,52,86,83
CUST000975,60.6,Monitor,37,39,95
CUST000976,41.4,At Risk,59,29,30
CUST000977,60.0,Monitor,46,38,85
CUST000978,73.8,Monitor,73,51,86
CUST000979,74.4,Monitor,66,60,90
CUST000980,74.2,Monitor,64,65,89
CUST000981,62.2,Monitor,97,35,41
CUST000982,51.8,At Risk,74,21,45
CUST000983,78.2,Monitor,82,53,87
CUST000984,72.4,Monitor,88,84,51
CUST000985,64.0,Monitor,41,58,90
CUST000986,46.4,At Risk,43,20,63
CUST000987,43.2,At Risk,26,52,56
CUST000988,74.8,Monitor,99,92,42
CUST000989,46.2,At Risk,32,57,55
CUST000990,58.2,At Risk,84,43,40
CUST000991,68.6,Monitor,60,27,98
CUST000992,63.6,Monitor,74,62,54
CUST000993,47.6,At Risk,59,62,29
CUST000994,66.8,Monitor,36,72,95
CUST000995,49.6,At Risk,44,72,44
CUST000996,64.0,Monitor,28,68,98
CUST000997,65.2,Monitor,42,82,80
CUST000998,83.6,Healthy,93,56,88
CUST000999,62.0,Monitor,95,40,40
CUST001000,34.4,Critical,22,74,27
CUST001001,84.6,Healthy,95,45,94
CUST001002,48.0,At Risk,56,56,36
CUST001003,38.2,Critical,42,31,38
CUST001004,89.0,Healthy,88,85,92
CUST001005,51.8,At Risk,57,59,43
CUST001006,35.6,Critical,31,26,45
CUST001007,32.6,Critical,23,25,46
CUST001008,78.0,Monitor,95,66,67
CUST001009,73.6,Monitor,51,76,95
CUST001010,50.8,At Risk,38,96,41
CUST001011,82.2,Healthy,99,69,72
CUST001012,56.8,At Risk,79,60,33
CUST001013,58.8,At Risk,58,34,72
CUST001014,45.8,At Risk,39,81,35
CUST001015,55.2,At Risk,36,88,58
CUST001016,67.4,Monitor,80,73,52
CUST001017,52.4,At Risk,32,46,76
CUST001018,40.0,At Risk,24,64,44
CUST001019,67.8,Monitor,89,79,41
CUST001020,50.6,At Risk,62,27,51
CUST001021,53.6,At Risk,69,60,35
CUST001022,72.4,Monitor,98,24,71
CUST001023,68.6,Monitor,67,39,85
CUST001024,35.8,Critical,52,35,20
CUST001025,39.2,Critical,50,28,34
CUST001026,26.0,Critical,26,26,26
CUST001027,43.6,At Risk,25,50,59
CUST001028,78.4,Monitor,79,84,75
CUST001029,55.0,At Risk,80,57,29
CUST001030,65.2,Monitor,76,22,76
CUST001031,82.0,Healthy,94,46,88
CUST001032,79.4,Monitor,66,67,99
CUST001033,62.6,Monitor,64,53,66
CUST001034,57.2,At Risk,43,86,57
CUST001035,58.2,At Risk,79,59,37
CUST001036,78.0,Monitor,98,32,81
CUST001037,72.2,Monitor,81,83,58
CUST001038,78.6,Monitor,90,69,72
CUST001039,58.6,At Risk,62,95,37
CUST001040,59.8,At Risk,89,65,28
CUST001041,31.0,Critical,27,25,38
CUST001042,44.6,At Risk,33,95,31
CUST001043,50.8,At Risk,64,52,37
CUST001044,77.8,Monitor,62,81,92
CUST001045,39.6,Critical,30,92,23
CUST001046,87.6,Healthy,97,58,93
CUST001047,51.0,At Risk,76,23,40
CUST001048,54.4,At Risk,24,36,94
CUST001049,61.4,Monitor,83,61,40
CUST001050,81.6,Healthy,83,66,88
CUST001051,56.8,At Risk,60,98,33
CUST001052,37.6,Critical,25,78,30
CUST001053,63.4,Monitor,72,93,40
CUST001054,46.6,At Risk,73,31,28
CUST001055,78.0,Monitor,84,90,66
CUST001056,42.6,At Risk,29,55,50
CUST001057,60.6,Monitor,83,91,23
CUST001058,51.2,At Risk,47,92,35
CUST001059,25.8,Critical,20,31,29
CUST001060,36.0,Critical,25,30,50
CUST001061,53.4,At Risk,54,99,30
CUST001062,51.2,At Risk,46,70,47
CUST001063,52.2,At Risk,63,93,21
CUST001064,50.4,At Risk,23,86,60
CUST001065,67.4,Monitor,85,43,62
CUST001066,46.8,At Risk,45,22,61
CUST001067,68.6,Monitor,98,95,26
CUST001068,64.2,Monitor,63,55,70
CUST001069,71.4,Monitor,74,55,77
CUST001070,75.0,Monitor,48,89,95
CUST001071,67.6,Monitor,78,84,49
CUST001072,76.4,Monitor,53,84,96
CUST001073,42.2,At Risk,21,43,63
CUST001074,56.4,At Risk,31,26,97
CUST001075,71.0,Monitor,88,37,71
CUST001076,53.8,At Risk,50,35,67
CUST001077,42.8,At Risk,40,88,23
CUST001078,28.2,Critical,35,21,25
CUST001079,76.0,Monitor,84,44,84
CUST001080,84.8,Healthy,94,46,95
CUST001081,75.6,Monitor,94,62,64
CUST001082,43.4,At Risk,25,47,60
CUST001083,69.6,Monitor,55,56,91
CUST001084,80.8,Healthy,78,94,77
CUST001085,63.0,Monitor,90,73,31
CUST001086,79.2,Monitor,95,78,64
CUST001087,58.6,At Risk,32,87,71
CUST001088,66.6,Monitor,59,49,83
CUST001089,58.2,At Risk,28,83,76
CUST001090,54.8,At Risk,95,20,32
CUST001091,71.0,Monitor,76,49,77
CUST001092,73.0,Monitor,70,73,76
CUST001093,61.6,Monitor,28,88,82
CUST001094,78.0,Monitor,83,60,82
CUST001095,55.2,At Risk,47,76,53
CUST001096,62.4,Monitor,93,22,52
CUST001097,88.0,Healthy,95,86,82
CUST001098,56.2,At Risk,39,29,87
CUST001099,50.0,At Risk,78,30,32
CUST001100,63.0,Monitor,31,77,88
CUST001101,61.4,Monitor,42,57,83
CUST001102,49.8,At Risk,20,61,74
CUST001103,61.0,Monitor,26,59,97
CUST001104,79.2,Monitor,74,72,88
CUST001105,54.6,At Risk,90,45,24
CUST001106,41.8,At Risk,68,23,25
CUST001107,64.8,Monitor,50,88,68
CUST001108,33.8,Critical,35,33,33
CUST001109,70.6,Monitor,72,87,61
CUST001110,69.0,Monitor,60,45,90
CUST001111,53.8,At Risk,84,33,34
CUST001112,66.8,Monitor,55,48,88
CUST001113,65.8,Monitor,49,59,86
CUST001114,67.0,Monitor,74,89,49
CUST001115,65.2,Monitor,99,70,29
CUST001116,48.2,At Risk,22,77,60
CUST001117,81.0,Healthy,76,93,80
CUST001118,31.4,Critical,25,33,37
CUST001119,54.2,At Risk,20,75,78
CUST001120,38.4,Critical,24,48,48
CUST001121,66.6,Monitor,96,93,24
CUST001122,50.2,At Risk,56,47,46
CUST001123,67.2,Monitor,77,94,44
CUST001124,51.6,At Risk,58,82,30
CUST001125,51.0,At Risk,84,43,22
CUST001126,65.0,Monitor,46,51,91
CUST001127,88.0,Healthy,76,96,96
CUST001128,26.4,Critical,32,26,21
CUST001129,50.8,At Risk,58,72,33
CUST001130,58.0,At Risk,27,84,76
CUST001131,49.6,At Risk,61,26,50
CUST001132,67.2,Monitor,48,66,87
CUST001133,41.8,At Risk,22,37,64
CUST001134,37.0,Critical,41,63,20
CUST001135,56.8,At Risk,91,24,39
CUST001136,57.4,At Risk,91,43,31
CUST001137,63.4,Monitor,94,57,36
CUST001138,33.2,Critical,50,24,21
CUST001139,58.4,At Risk,41,26,92
CUST001140,87.4,Healthy,80,87,95
CUST001141,53.0,At Risk,32,83,59
CUST001142,77.4,Monitor,79,53,88
CUST001143,36.6,Critical,34,49,33
CUST001144,73.8,Monitor,77,71,72
CUST001145,74.6,Monitor,89,49,73
CUST001146,69.2,Monitor,95,54,51
CUST001147,78.8,Monitor,98,90,54
CUST001148,43.0,At Risk,59,51,23
CUST001149,59.8,At Risk,80,81,29
CUST001150,56.8,At Risk,48,64,62
CUST001151,58.4,At Risk,68,44,56
CUST001152,56.8,At Risk,62,92,34
CUST001153,66.2,Monitor,63,95,55
CUST001154,94.4,Healthy,95,96,93
CUST001155,75.0,Monitor,83,47,81
CUST001156,58.6,At Risk,79,29,53
CUST001157,60.6,Monitor,31,53,94
CUST001158,41.6,At Risk,20,38,65
CUST001159,60.2,Monitor,87,45,41
CUST001160,84.4,Healthy,97,76,76
CUST001161,40.0,At Risk,24,94,29
CUST001162,57.8,At Risk,36,97,60
CUST001163,73.4,Monitor,74,73,73
CUST001164,80.2,Healthy,89,41,91
CUST001165,50.8,At Risk,44,72,47
CUST001166,64.2,Monitor,73,23,76
CUST001167,53.6,At Risk,45,54,62
CUST001168,37.0,Critical,32,47,37
CUST001169,74.4,Monitor,83,44,81
CUST001170,68.6,Monitor,71,77,62
CUST001171,57.2,At Risk,70,86,30
CUST001172,65.0,Monitor,88,53,48
CUST001173,68.2,Monitor,69,83,60
CUST001174,72.6,Monitor,78,59,74
CUST001175,53.6,At Risk,24,56,82
CUST001176,55.2,At Risk,45,42,72
CUST001177,38.2,Critical,49,23,35
CUST001178,88.6,Healthy,89,69,98
CUST001179,55.2,At Risk,39,60,69
CUST001180,37.2,Critical,34,54,32
CUST001181,66.4,Monitor,67,78,60
CUST001182,24.8,Critical,20,24,30
CUST001183,50.0,At Risk,68,58,28
CUST001184,83.0,Healthy,96,27,98
CUST001185,66.2,Monitor,52,31,98
CUST001186,46.2,At Risk,32,25,71
CUST001187,41.0,At Risk,39,49,39
CUST001188,70.2,Monitor,67,37,90
CUST001189,37.8,Critical,25,47,46
CUST001190,62.6,Monitor,35,55,94
CUST001191,52.2,At Risk,71,69,25
CUST001192,71.4,Monitor,92,77,48
CUST001193,46.8,At Risk,57,78,21
CUST001194,39.4,Critical,38,61,30
CUST001195,24.8,Critical,25,32,21
CUST001196,65.8,Monitor,48,45,94
CUST001197,74.6,Monitor,86,79,61
CUST001198,53.8,At Risk,29,53,79
CUST001199,41.0,At Risk,63,27,26
CUST001200,74.2,Monitor,39,99,97
CUST001201,55.2,At Risk,74,56,36
CUST001202,65.2,Monitor,86,26,64
CUST001203,53.8,At Risk,38,65,64
CUST001204,54.6,At Risk,69,33,51
CUST001205,75.8,Monitor,99,59,61
CUST001206,62.6,Monitor,89,27,54
CUST001207,31.4,Critical,21,43,36
CUST001208,41.8,At Risk,39,47,42
CUST001209,50.4,At Risk,50,58,47
CUST001210,64.8,Monitor,95,70,32
CUST001211,59.6,At Risk,43,62,75
CUST001212,62.6,Monitor,70,85,44
CUST001213,91.4,Healthy,98,63,99
CUST001214,70.2,Monitor,61,31,99
CUST001215,85.0,Healthy,97,85,73
CUST001216,81.0,Healthy,93,91,64
CUST001217,32.4,Critical,31,54,23
CUST001218,53.0,At Risk,28,59,75
CUST001219,87.4,Healthy,89,93,83
CUST001220,79.2,Monitor,93,46,82
CUST001221,90.6,Healthy,93,75,96
CUST001222,48.6,At Risk,71,29,36
CUST001223,48.6,At Risk,41,73,44
CUST001224,53.2,At Risk,69,34,47
CUST001225,55.2,At Risk,45,92,47
CUST001226,60.2,Monitor,83,85,25
CUST001227,58.6,At Risk,77,37,51
CUST001228,53.8,At Risk,27,97,59
CUST001229,70.2,Monitor,84,89,47
CUST001230,63.2,Monitor,80,36,60
CUST001231,64.2,Monitor,34,73,90
CUST001232,57.2,At Risk,26,74,80
CUST001233,82.0,Healthy,74,86,88
CUST001234,52.6,At Risk,71,41,40
CUST001235,57.4,At Risk,57,49,62
CUST001236,70.0,Monitor,98,88,33
CUST001237,39.4,Critical,26,31,57
CUST001238,55.4,At Risk,28,35,93
CUST001239,27.8,Critical,24,29,31
CUST001240,45.8,At Risk,51,75,26
CUST001241,66.8,Monitor,65,24,90
CUST001242,44.0,At Risk,22,84,46
CUST001243,78.2,Monitor,94,51,76
CUST001244,95.2,Healthy,99,88,95
CUST001245,53.4,At Risk,34,87,56
CUST001246,78.4,Monitor,87,36,91
CUST001247,61.8,Monitor,32,75,85
CUST001248,38.2,Critical,20,81,35
CUST001249,41.8,At Risk,41,23,52
CUST001250,63.0,Monitor,47,41,90
CUST001251,31.4,Critical,29,45,27
CUST001252,69.6,Monitor,64,46,87
CUST001253,50.2,At Risk,32,91,48
CUST001254,44.6,At Risk,32,21,69
CUST001255,54.4,At Risk,63,44,51
CUST001256,50.2,At Risk,20,83,64
CUST001257,78.2,Monitor,80,71,80
CUST001258,36.8,Critical,32,56,32
CUST001259,46.4,At Risk,59,22,46
CUST001260,33.0,Critical,25,37,39
CUST001261,74.2,Monitor,58,97,79
CUST001262,60.8,Monitor,58,52,68
CUST001263,84.0,Healthy,87,88,79
CUST001264,60.4,Monitor,26,74,88
CUST001265,80.4,Healthy,92,40,89
CUST001266,73.8,Monitor,94,27,77
CUST001267,72.4,Monitor,64,58,88
CUST001268,57.0,At Risk,87,27,42
CUST001269,72.2,Monitor,76,33,88
CUST001270,75.4,Monitor,76,31,97
CUST001271,62.4,Monitor,56,68,66
CUST001272,53.0,At Risk,80,21,42
CUST001273,58.0,At Risk,56,42,68
CUST001274,44.2,At Risk,32,87,35
CUST001275,68.6,Monitor,65,79,67
CUST001276,55.0,At Risk,59,73,42
CUST001277,55.4,At Risk,27,59,82
CUST001278,40.0,At Risk,31,52,43
CUST001279,42.6,At Risk,40,45,44
CUST001280,58.4,At Risk,47,58,70
CUST001281,85.8,Healthy,87,91,82
CUST001282,62.0,Monitor,59,44,74
CUST001283,82.0,Healthy,70,88,91
CUST001284,52.6,At Risk,79,25,40
CUST001285,42.2,At Risk,40,59,36
CUST001286,59.0,At Risk,71,57,48
CUST001287,40.8,At Risk,28,40,54
CUST001288,53.4,At Risk,34,57,71
CUST001289,61.8,Monitor,85,63,38
CUST001290,70.4,Monitor,64,42,91
CUST001291,71.0,Monitor,63,41,94
CUST001292,58.8,At Risk,42,82,64
CUST001293,36.8,Critical,32,56,32
CUST001294,65.0,Monitor,69,31,78
CUST001295,39.6,Critical,22,38,58
CUST001296,71.2,Monitor,87,40,71
CUST001297,75.0,Monitor,65,91,77
CUST001298,45.8,At Risk,43,87,28
CUST001299,69.4,Monitor,94,45,57
CUST001300,49.0,At Risk,86,33,20
CUST001301,43.6,At Risk,31,86,35
CUST001302,55.6,At Risk,40,52,73
CUST001303,52.8,At Risk,52,48,56
CUST001304,39.6,Critical,24,42,54
CUST001305,81.0,Healthy,78,67,91
CUST001306,57.2,At Risk,70,98,24
CUST001307,52.8,At Risk,28,56,76
CUST001308,65.2,Monitor,70,98,44
CUST001309,39.6,Critical,36,76,25
CUST001310,36.0,Critical,31,58,30
CUST001311,57.0,At Risk,37,41,85
CUST001312,64.4,Monitor,90,52,45
CUST001313,68.0,Monitor,94,60,46
CUST001314,61.4,Monitor,56,45,75
CUST001315,44.4,At Risk,67,22,33
CUST001316,62.0,Monitor,62,34,76
CUST001317,87.2,Healthy,94,58,95
CUST001318,69.8,Monitor,85,37,71
CUST001319,43.0,At Risk,50,65,25
CUST001320,50.4,At Risk,61,86,22
CUST001321,56.2,At Risk,81,27,46
CUST001322,53.8,At Risk,50,23,73
CUST001323,64.2,Monitor,28,67,99
CUST001324,86.6,Healthy,94,57,94
CUST001325,46.2,At Risk,63,39,33
CUST001326,51.8,At Risk,85,37,26
CUST001327,81.6,Healthy,72,74,95
CUST001328,64.4,Monitor,77,38,65
CUST001329,62.2,Monitor,64,97,43
CUST001330,27.8,Critical,20,29,35
CUST001331,68.4,Monitor,65,34,89
CUST001332,44.8,At Risk,48,48,40
CUST001333,74.4,Monitor,83,30,88
CUST001334,56.8,At Risk,72,30,55
CUST001335,39.8,Critical,32,95,20
CUST001336,68.4,Monitor,94,74,40
CUST001337,40.8,At Risk,24,64,46
CUST001338,76.8,Monitor,71,48,97
CUST001339,44.8,At Risk,56,30,41
CUST001340,77.2,Monitor,90,62,72
CUST001341,57.4,At Risk,66,65,45
CUST001342,52.4,At Risk,35,46,73
CUST001343,51.2,At Risk,55,26,60
CUST001344,53.0,At Risk,27,97,57
CUST001345,59.6,At Risk,58,34,74
CUST001346,67.4,Monitor,63,53,79
CUST001347,94.8,Healthy,95,92,96
CUST001348,50.4,At Risk,52,80,34
CUST001349,66.8,Monitor,85,36,64
CUST001350,57.4,At Risk,66,69,43
CUST001351,63.2,Monitor,47,42,90
CUST001352,71.2,Monitor,99,58,50
CUST001353,58.0,At Risk,92,56,25
CUST001354,66.6,Monitor,87,43,58
CUST001355,34.8,Critical,24,52,37
CUST001356,52.2,At Risk,54,59,47
CUST001357,69.2,Monitor,51,56,94
CUST001358,57.4,At Risk,82,23,50
CUST001359,79.6,Monitor,76,88,79
CUST001360,69.0,Monitor,61,97,63
CUST001361,60.6,Monitor,53,47,75
CUST001362,49.4,At Risk,66,21,47
CUST001363,52.8,At Risk,53,82,38
CUST001364,49.4,At Risk,23,55,73
CUST001365,62.2,Monitor,27,89,84
CUST001366,57.4,At Risk,41,97,54
CUST001367,85.2,Healthy,96,62,86
CUST001368,82.8,Healthy,84,50,98
CUST001369,53.4,At Risk,47,73,50
CUST001370,37.0,Critical,40,51,27
CUST001371,84.4,Healthy,84,76,89
CUST001372,67.0,Monitor,79,39,69
CUST001373,63.6,Monitor,33,70,91
CUST001374,71.6,Monitor,63,70,81
CUST001375,39.0,Critical,20,99,28
CUST001376,34.6,Critical,25,25,49
CUST001377,44.6,At Risk,34,81,37
CUST001378,47.2,At Risk,74,48,20
CUST001379,65.6,Monitor,58,42,85
CUST001380,71.6,Monitor,81,38,79
CUST001381,87.4,Healthy,94,67,91
CUST001382,76.2,Monitor,92,25,86
CUST001383,83.8,Healthy,71,79,99
CUST001384,74.2,Monitor,74,89,67
CUST001385,50.6,At Risk,66,75,23
CUST001386,86.8,Healthy,85,74,95
CUST001387,79.2,Monitor,74,78,85
CUST001388,69.2,Monitor,84,34,72
CUST001389,50.0,At Risk,22,28,89
CUST001390,56.6,At Risk,37,61,74
CUST001391,75.2,Monitor,54,92,88
CUST001392,63.6,Monitor,77,42,61
CUST001393,64.8,Monitor,87,44,53
CUST001394,38.8,Critical,54,32,27
CUST001395,42.0,At Risk,38,64,35
CUST001396,52.2,At Risk,87,37,25
CUST001397,72.2,Monitor,76,25,92
CUST001398,41.8,At Risk,57,27,34
CUST001399,22.8,Critical,20,24,25
CUST001400,71.4,Monitor,85,43,72
CUST001401,56.4,At Risk,87,60,24
CUST001402,65.6,Monitor,76,66,55
CUST001403,78.8,Monitor,95,30,87
CUST001404,56.4,At Risk,94,50,22
CUST001405,40.2,At Risk,35,37,47
CUST001406,92.8,Healthy,92,90,95
CUST001407,50.2,At Risk,27,37,80
CUST001408,66.8,Monitor,58,22,98
CUST001409,57.6,At Risk,21,60,93
CUST001410,68.2,Monitor,49,51,96
CUST001411,61.2,Monitor,35,52,92
CUST001412,79.2,Monitor,80,62,87
CUST001413,36.4,Critical,29,60,32
CUST001414,76.0,Monitor,84,60,76
CUST001415,39.4,Critical,33,27,52
CUST001416,41.4,At Risk,50,23,42
CUST001417,60.0,Monitor,82,30,53
CUST001418,50.0,At Risk,65,76,22
CUST001419,49.6,At Risk,72,20,42
CUST001420,58.6,At Risk,50,93,50
CUST001421,37.4,Critical,36,75,20
CUST001422,59.4,At Risk,67,65,49
CUST001423,60.0,Monitor,57,30,78
CUST001424,58.4,At Risk,85,74,24
CUST001425,79.6,Monitor,97,70,67
CUST001426,77.6,Monitor,71,84,81
CUST001427,41.2,At Risk,53,28,36
CUST001428,69.6,Monitor,48,76,88
CUST001429,81.0,Healthy,77,71,90
CUST001430,71.8,Monitor,76,49,79
CUST001431,75.8,Monitor,82,39,88
CUST001432,71.4,Monitor,57,67,88
CUST001433,40.8,At Risk,46,48,32
CUST001434,80.6,Healthy,86,53,89
CUST001435,67.0,Monitor,68,35,82
CUST001436,40.6,At Risk,39,69,28
CUST001437,69.6,Monitor,95,96,31
CUST001438,81.4,Healthy,73,91,85
CUST001439,74.8,Monitor,86,88,57
CUST001440,52.0,At Risk,65,78,26
CUST001441,38.0,Critical,41,30,39
CUST001442,63.6,Monitor,25,90,89
CUST001443,58.4,At Risk,86,72,24
CUST001444,53.6,At Risk,76,68,24
CUST001445,61.8,Monitor,53,41,81
CUST001446,47.4,At Risk,64,43,33
CUST001447,34.8,Critical,33,26,41
CUST001448,39.2,Critical,60,22,27
CUST001449,74.0,Monitor,88,82,56
CUST001450,55.2,At Risk,72,88,22
CUST001451,69.2,Monitor,37,82,95
CUST001452,49.0,At Risk,30,63,61
CUST001453,42.0,At Risk,25,68,46
CUST001454,74.6,Monitor,91,95,48
CUST001455,42.6,At Risk,46,43,39
CUST001456,60.4,Monitor,63,70,53
CUST001457,50.8,At Risk,44,58,54
CUST001458,73.6,Monitor,91,60,63
CUST001459,85.6,Healthy,95,40,99
CUST001460,78.0,Monitor,82,70,78
CUST001461,61.6,Monitor,71,42,62
CUST001462,51.4,At Risk,63,77,27
CUST001463,22.6,Critical,23,27,20
CUST001464,68.0,Monitor,79,96,43
CUST001465,66.0,Monitor,71,80,54
CUST001466,87.6,Healthy,97,64,90
CUST001467,34.0,Critical,40,34,28
CUST001468,49.0,At Risk,43,65,47
CUST001469,75.8,Monitor,63,71,91
CUST001470,43.6,At Risk,47,40,42
CUST001471,67.6,Monitor,33,88,92
CUST001472,45.6,At Risk,22,78,53
CUST001473,62.8,Monitor,37,86,77
CUST001474,50.4,At Risk,25,86,58
CUST001475,26.8,Critical,29,24,26
CUST001476,58.2,At Risk,99,27,33
CUST001477,67.4,Monitor,92,83,35
CUST001478,83.6,Healthy,68,86,98
CUST001479,56.6,At Risk,57,67,51
CUST001480,44.4,At Risk,68,38,24
CUST001481,36.4,Critical,21,50,45
CUST001482,42.4,At Risk,60,48,22
CUST001483,54.8,At Risk,28,64,77
CUST001484,57.4,At Risk,69,39,55
CUST001485,68.4,Monitor,88,78,44
CUST001486,51.4,At Risk,59,47,46
CUST001487,48.8,At Risk,29,20,83
CUST001488,51.2,At Risk,38,48,66
CUST001489,73.6,Monitor,90,72,58
CUST001490,57.6,At Risk,75,32,53
CUST001491,41.8,At Risk,46,43,37
CUST001492,57.8,At Risk,63,79,42
CUST001493,56.4,At Risk,85,52,30
CUST001494,33.0,Critical,36,45,24
CUST001495,82.4,Healthy,76,78,91
CUST001496,72.2,Monitor,89,69,57
CUST001497,68.4,Monitor,41,74,93
CUST001498,79.8,Monitor,92,39,88
CUST001499,59.6,At Risk,36,74,76
CUST001500,66.0,Monitor,93,34,55
CUST001501,41.2,At Risk,20,58,54
CUST001502,44.6,At Risk,30,29,67
CUST001503,39.2,Critical,43,22,44
CUST001504,65.2,Monitor,48,76,77
CUST001505,58.0,At Risk,46,76,61
CUST001506,47.4,At Risk,39,29,65
CUST001507,65.4,Monitor,89,25,62
CUST001508,67.0,Monitor,54,79,74
CUST001509,62.0,Monitor,94,66,28
CUST001510,52.4,At Risk,77,56,26
CUST001511,74.8,Monitor,47,92,94
CUST001512,66.0,Monitor,74,66,58
CUST001513,70.6,Monitor,98,69,44
CUST001514,40.4,At Risk,33,50,43
CUST001515,37.6,Critical,57,28,23
CUST001516,61.2,Monitor,57,30,81
CUST001517,31.2,Critical,31,44,25
CUST001518,64.4,Monitor,59,24,90
CUST001519,36.0,Critical,28,52,36
CUST001520,59.4,At Risk,44,41,84
CUST001521,71.0,Monitor,70,83,66
CUST001522,71.6,Monitor,91,58,59
CUST001523,76.2,Monitor,67,95,76
CUST001524,68.0,Monitor,87,38,64
CUST001525,70.4,Monitor,83,86,50
CUST001526,50.0,At Risk,23,52,76
CUST001527,62.2,Monitor,33,63,91
CUST001528,34.6,Critical,36,55,23
CUST001529,41.2,At Risk,23,54,53
CUST001530,62.0,Monitor,80,62,44
CUST001531,73.6,Monitor,68,70,81
CUST001532,45.6,At Risk,33,94,34
CUST001533,43.0,At Risk,55,63,21
CUST001534,67.6,Monitor,59,88,66
CUST001535,77.0,Monitor,98,71,59
CUST001536,75.0,Monitor,77,37,92
CUST001537,52.2,At Risk,86,35,27
CUST001538,47.8,At Risk,40,99,30
CUST001539,86.0,Healthy,91,86,81
CUST001540,34.2,Critical,38,31,32
CUST001541,46.6,At Risk,29,69,53
CUST001542,54.0,At Risk,60,32,59
CUST001543,76.8,Monitor,66,54,99
CUST001544,32.6,Critical,23,39,39
CUST001545,49.8,At Risk,21,55,76
CUST001546,48.2,At Risk,56,81,24
CUST001547,43.2,At Risk,36,88,28
CUST001548,28.0,Critical,20,48,26
CUST001549,33.6,Critical,20,30,49
CUST001550,48.4,At Risk,52,76,31
CUST001551,59.6,At Risk,83,30,51
CUST001552,68.4,Monitor,83,62,57
CUST001553,53.2,At Risk,21,52,86
CUST001554,42.0,At Risk,32,96,25
CUST001555,48.4,At Risk,44,96,29
CUST001556,60.8,Monitor,25,76,89
CUST001557,61.4,Monitor,88,73,29
CUST001558,53.0,At Risk,32,85,58
CUST001559,53.4,At Risk,42,71,56
CUST001560,46.6,At Risk,50,35,49
CUST001561,70.6,Monitor,43,69,99
CUST001562,58.8,At Risk,58,28,75
CUST001563,62.2,Monitor,28,69,93
CUST001564,70.0,Monitor,77,90,53
CUST001565,62.6,Monitor,47,29,95
CUST001566,65.2,Monitor,64,72,63
CUST001567,69.2,Monitor,70,70,68
CUST001568,72.6,Monitor,76,65,73
CUST001569,60.2,Monitor,81,49,45
CUST001570,41.6,At Risk,62,30,27
CUST001571,32.6,Critical,22,77,21
CUST001572,80.6,Healthy,88,59,84
CUST001573,60.6,Monitor,21,93,84
CUST001574,82.8,Healthy,92,62,84
CUST001575,85.8,Healthy,78,99,87
CUST001576,77.0,Monitor,92,71,65
CUST001577,50.4,At Risk,38,32,72
CUST001578,47.2,At Risk,59,66,26
CUST001579,57.4,At Risk,53,73,54
CUST001580,46.0,At Risk,39,50,51
CUST001581,68.6,Monitor,83,81,48
CUST001582,61.8,Monitor,99,25,43
CUST001583,74.4,Monitor,75,74,74
CUST001584,58.2,At Risk,87,33,42
CUST001585,68.4,Monitor,86,22,74
CUST001586,63.2,Monitor,54,24,92
CUST001587,44.0,At Risk,72,26,25
CUST001588,55.2,At Risk,97,38,22
CUST001589,57.4,At Risk,79,25,52
CUST001590,68.2,Monitor,59,61,81
CUST001591,46.8,At Risk,44,38,54
CUST001592,60.0,Monitor,50,38,81
CUST001593,48.8,At Risk,37,32,69
CUST001594,28.6,Critical,28,33,27
CUST001595,49.0,At Risk,42,67,47
CUST001596,50.8,At Risk,56,82,30
CUST001597,60.2,Monitor,50,35,83
CUST001598,34.0,Critical,22,40,43
CUST001599,48.4,At Risk,49,58,43
CUST001600,68.2,Monitor,54,89,72
CUST001601,64.0,Monitor,59,80,61
CUST001602,66.8,Monitor,77,44,68
CUST001603,60.2,Monitor,66,41,64
CUST001604,84.6,Healthy,83,83,87
CUST001605,50.0,At Risk,41,80,44
CUST001606,47.0,At Risk,75,45,20
CUST001607,35.6,Critical,20,96,21
CUST001608,61.0,Monitor,63,97,41
CUST001609,72.6,Monitor,95,97,38
CUST001610,48.4,At Risk,71,26,37
CUST001611,60.0,Monitor,37,58,84
CUST001612,44.8,At Risk,24,62,57
CUST001613,40.8,At Risk,54,46,25
CUST001614,79.6,Monitor,95,28,90
CUST001615,66.6,Monitor,66,81,60
CUST001616,68.2,Monitor,75,91,50
CUST001617,71.0,Monitor,93,39,65
CUST001618,75.2,Monitor,56,74,95
CUST001619,83.4,Healthy,92,45,94
CUST001620,67.2,Monitor,83,42,64
CUST001621,60.4,Monitor,83,30,53
CUST001622,85.2,Healthy,96,58,88
CUST001623,90.0,Healthy,82,96,95
CUST001624,48.6,At Risk,41,51,55
CUST001625,77.8,Monitor,54,87,97
CUST001626,37.2,Critical,42,26,38
CUST001627,54.6,At Risk,37,87,56
CUST001628,61.0,Monitor,75,85,35
CUST001629,78.0,Monitor,99,30,81
CUST001630,36.8,Critical,30,50,37
CUST001631,53.6,At Risk,91,22,32
CUST001632,42.0,At Risk,23,96,34
CUST001633,75.4,Monitor,66,97,74
CUST001634,50.6,At Risk,71,21,45
CUST001635,81.6,Healthy,70,90,89
CUST001636,48.8,At Risk,23,90,54
CUST001637,76.0,Monitor,67,70,88
CUST001638,82.8,Healthy,89,38,99
CUST001639,74.8,Monitor,89,40,78
CUST001640,65.4,Monitor,51,83,71
CUST001641,54.4,At Risk,41,26,82
CUST001642,76.6,Monitor,56,97,87
CUST001643,55.0,At Risk,60,79,38
CUST001644,57.2,At Risk,61,22,71
CUST001645,56.6,At Risk,72,31,54
CUST001646,53.2,At Risk,24,50,84
CUST001647,55.8,At Risk,73,21,56
CUST001648,71.0,Monitor,92,23,74
CUST001649,51.2,At Risk,38,84,48
CUST001650,57.4,At Risk,47,95,49
CUST001651,83.6,Healthy,71,78,99
CUST001652,52.4,At Risk,34,64,65
CUST001653,76.2,Monitor,83,75,70
CUST001654,57.0,At Risk,68,31,59
CUST001655,60.6,Monitor,59,71,57
CUST001656,88.0,Healthy,80,88,96
CUST001657,42.8,At Risk,29,46,55
CUST001658,61.8,Monitor,40,57,86
CUST001659,57.6,At Risk,34,96,62
CUST001660,61.2,Monitor,72,22,70
CUST001661,57.0,At Risk,42,69,66
CUST001662,67.2,Monitor,57,24,99
CUST001663,54.8,At Risk,30,44,85
CUST001664,66.6,Monitor,71,53,69
CUST001665,72.2,Monitor,53,89,83
CUST001666,46.8,At Risk,29,62,57
CUST001667,59.2,At Risk,82,78,27
CUST001668,68.8,Monitor,97,74,38
CUST001669,62.2,Monitor,86,63,38
CUST001670,58.0,At Risk,98,24,35
CUST001671,52.6,At Risk,25,69,72
CUST001672,65.4,Monitor,58,53,79
CUST001673,72.4,Monitor,98,56,55
CUST001674,69.8,Monitor,43,81,91
CUST001675,68.0,Monitor,88,88,38
CUST001676,65.8,Monitor,79,63,54
CUST001677,46.2,At Risk,23,57,64
CUST001678,33.0,Critical,25,49,33
CUST001679,44.2,At Risk,52,43,37
CUST001680,66.2,Monitor,75,37,72
CUST001681,62.8,Monitor,79,28,64
CUST001682,68.4,Monitor,29,94,95
CUST001683,76.4,Monitor,69,66,89
CUST001684,56.8,At Risk,43,90,54
CUST001685,46.8,At Risk,24,42,72
CUST001686,58.0,At Risk,43,64,70
CUST001687,57.2,At Risk,49,90,49
CUST001688,58.4,At Risk,71,70,40
CUST001689,77.6,Monitor,79,68,81
CUST001690,51.0,At Risk,42,35,68
CUST001691,50.0,At Risk,49,40,56
CUST001692,49.0,At Risk,59,39,44
CUST001693,87.8,Healthy,93,67,93
CUST001694,76.0,Monitor,62,80,88
CUST001695,48.2,At Risk,32,71,53
CUST001696,82.2,Healthy,68,93,91
CUST001697,62.4,Monitor,72,86,41
CUST001698,58.2,At Risk,43,65,70
CUST001699,60.0,Monitor,21,86,86
CUST001700,75.2,Monitor,86,96,54
CUST001701,83.6,Healthy,73,94,89
CUST001702,66.4,Monitor,90,94,29
CUST001703,58.6,At Risk,69,29,63
CUST001704,68.4,Monitor,67,36,86
CUST001705,77.2,Monitor,97,30,81
CUST001706,62.0,Monitor,52,70,68
CUST001707,66.2,Monitor,97,59,39
CUST001708,74.8,Monitor,46,90,96
CUST001709,84.2,Healthy,86,73,88
CUST001710,85.2,Healthy,91,86,79
CUST001711,67.4,Monitor,63,31,90
CUST001712,57.4,At Risk,83,71,25
CUST001713,81.6,Healthy,98,90,61
CUST001714,64.2,Monitor,59,91,56
CUST001715,75.8,Monitor,65,85,82
CUST001716,59.8,At Risk,74,97,27
CUST001717,42.6,At Risk,48,43,37
CUST001718,51.8,At Risk,85,31,29
CUST001719,74.2,Monitor,86,29,85
CUST001720,61.2,Monitor,43,50,85
CUST001721,62.8,Monitor,74,44,61
CUST001722,58.0,At Risk,76,46,46
CUST001723,62.4,Monitor,81,72,39
CUST001724,45.4,At Risk,27,91,41
CUST001725,72.8,Monitor,88,60,64
CUST001726,70.2,Monitor,66,45,87
CUST001727,71.6,Monitor,93,62,55
CUST001728,69.6,Monitor,93,26,68
CUST001729,63.0,Monitor,71,45,64
CUST001730,70.6,Monitor,72,21,94
CUST001731,51.0,At Risk,49,27,65
CUST001732,54.6,At Risk,69,57,39
CUST001733,77.2,Monitor,88,66,72
CUST001734,85.0,Healthy,91,95,74
CUST001735,51.0,At Risk,31,79,57
CUST001736,64.8,Monitor,86,98,27
CUST001737,64.2,Monitor,32,87,85
CUST001738,33.8,Critical,47,21,27
CUST001739,69.2,Monitor,71,48,78
CUST001740,29.8,Critical,32,25,30
CUST001741,62.8,Monitor,47,50,85
CUST001742,51.6,At Risk,59,90,25
CUST001743,42.2,At Risk,22,91,38
CUST001744,81.8,Healthy,81,95,76
CUST001745,53.6,At Risk,65,84,27
CUST001746,47.6,At Risk,82,24,25
CUST001747,44.2,At Risk,55,23,44
CUST001748,60.4,Monitor,39,36,94
CUST001749,62.2,Monitor,52,29,89
CUST001750,75.4,Monitor,98,55,63
CUST001751,81.6,Healthy,69,94,88
CUST001752,50.8,At Risk,58,24,57
CUST001753,56.8,At Risk,32,64,78
CUST001754,45.4,At Risk,50,75,26
CUST001755,60.6,Monitor,61,77,52
CUST001756,37.0,Critical,43,43,28
CUST001757,43.0,At Risk,36,55,44
CUST001758,38.6,Critical,46,53,24
CUST001759,65.8,Monitor,61,73,67
CUST001760,44.8,At Risk,30,60,52
CUST001761,56.4,At Risk,34,40,87
CUST001762,60.2,Monitor,64,87,43
CUST001763,73.8,Monitor,66,75,81
CUST001764,67.2,Monitor,39,86,86
CUST001765,43.2,At Risk,32,80,36
CUST001766,46.8,At Risk,52,86,22
CUST001767,59.8,At Risk,38,97,63
CUST001768,57.8,At Risk,44,75,63
CUST001769,56.6,At Risk,75,89,22
CUST001770,68.8,Monitor,77,38,76
CUST001771,45.0,At Risk,28,49,60
CUST001772,59.4,At Risk,55,97,45
CUST001773,64.0,Monitor,83,28,63
CUST001774,54.6,At Risk,87,57,21
CUST001775,61.8,Monitor,63,47,68
CUST001776,73.2,Monitor,99,60,54
CUST001777,57.8,At Risk,32,41,92
CUST001778,77.4,Monitor,74,91,74
CUST001779,80.6,Healthy,62,91,94
CUST001780,79.6,Monitor,90,42,88
CUST001781,60.4,Monitor,41,34,93
CUST001782,73.0,Monitor,73,39,90
CUST001783,77.8,Monitor,75,65,87
CUST001784,38.2,Critical,47,37,30
CUST001785,64.6,Monitor,82,55,52
CUST001786,41.0,At Risk,27,51,50
CUST001787,41.6,At Risk,23,76,43
CUST001788,68.0,Monitor,88,74,45
CUST001789,68.0,Monitor,42,60,98
CUST001790,36.8,Critical,22,88,26
CUST001791,82.8,Healthy,93,92,68
CUST001792,67.4,Monitor,74,83,53
CUST001793,57.8,At Risk,34,97,62
CUST001794,57.0,At Risk,21,57,93
CUST001795,73.4,Monitor,73,41,90
CUST001796,60.2,Monitor,96,37,36
CUST001797,73.0,Monitor,86,75,59
CUST001798,74.0,Monitor,91,68,60
CUST001799,63.6,Monitor,47,76,74
CUST001800,74.0,Monitor,85,26,87
CUST001801,55.6,At Risk,65,84,32
CUST001802,58.0,At Risk,97,40,28
CUST001803,84.4,Healthy,91,58,91
CUST001804,77.4,Monitor,68,85,83
CUST001805,62.6,Monitor,48,49,84
CUST001806,68.8,Monitor,82,42,69
CUST001807,54.0,At Risk,85,26,37
CUST001808,60.4,Monitor,98,24,41
CUST001809,72.6,Monitor,61,55,93
CUST001810,67.0,Monitor,47,77,82
CUST001811,51.8,At Risk,58,89,27
CUST001812,48.2,At Risk,84,27,23
CUST001813,72.8,Monitor,49,84,91
CUST001814,48.6,At Risk,28,91,48
CUST001815,46.8,At Risk,46,74,34
CUST001816,38.2,Critical,31,49,40
CUST001817,80.4,Healthy,78,92,77
CUST001818,57.4,At Risk,70,97,25
CUST001819,70.2,Monitor,58,73,81
CUST001820,34.6,Critical,49,25,25
CUST001821,46.0,At Risk,27,84,46
CUST001822,48.8,At Risk,84,36,20
CUST001823,64.2,Monitor,98,35,45
CUST001824,68.8,Monitor,75,74,60
CUST001825,61.8,Monitor,83,73,35
CUST001826,48.6,At Risk,55,37,48
CUST001827,44.0,At Risk,46,34,47
CUST001828,69.0,Monitor,70,73,66
CUST001829,71.4,Monitor,80,49,74
CUST001830,39.4,Critical,47,39,32
CUST001831,67.4,Monitor,98,91,25
CUST001832,58.6,At Risk,28,69,84
CUST001833,46.0,At Risk,66,20,39
CUST001834,56.8,At Risk,86,60,26
CUST001835,55.4,At Risk,77,43,40
CUST001836,56.8,At Risk,93,28,35
CUST001837,71.6,Monitor,88,72,55
CUST001838,50.2,At Risk,27,61,68
CUST001839,62.2,Monitor,54,51,76
CUST001840,85.4,Healthy,84,71,94
CUST001841,56.4,At Risk,25,42,95
CUST001842,79.6,Monitor,89,80,70
CUST001843,52.6,At Risk,90,35,24
CUST001844,64.0,Monitor,69,70,56
CUST001845,75.4,Monitor,63,57,97
CUST001846,66.6,Monitor,82,25,72
CUST001847,63.0,Monitor,78,49,55
CUST001848,74.8,Monitor,94,96,45
CUST001849,51.0,At Risk,33,53,68
CUST001850,55.6,At Risk,43,62,65
CUST001851,46.4,At Risk,62,52,28
CUST001852,53.6,At Risk,71,66,30
CUST001853,67.8,Monitor,59,59,81
CUST001854,54.2,At Risk,45,81,50
CUST001855,53.6,At Risk,77,32,41
CUST001856,50.0,At Risk,56,64,37
CUST001857,61.2,Monitor,60,26,80
CUST001858,84.8,Healthy,86,94,79
CUST001859,57.4,At Risk,67,41,56
CUST001860,50.2,At Risk,83,27,29
CUST001861,77.2,Monitor,96,38,78
CUST001862,61.4,Monitor,45,95,61
CUST001863,79.6,Monitor,94,50,80
CUST001864,73.4,Monitor,47,79,97
CUST001865,63.8,Monitor,87,63,41
CUST001866,53.4,At Risk,59,67,41
CUST001867,56.0,At Risk,29,66,78
CUST001868,34.0,Critical,45,30,25
CUST001869,47.4,At Risk,32,59,57
CUST001870,67.0,Monitor,24,99,94
CUST001871,61.0,Monitor,79,51,48
CUST001872,74.6,Monitor,91,91,50
CUST001873,68.8,Monitor,76,52,70
CUST001874,66.8,Monitor,71,78,57
CUST001875,64.6,Monitor,89,39,53
CUST001876,53.4,At Risk,48,21,75
CUST001877,35.6,Critical,27,30,47
CUST001878,63.8,Monitor,39,79,81
CUST001879,45.2,At Risk,24,28,75
CUST001880,45.6,At Risk,59,44,33
CUST001881,44.4,At Risk,44,20,57
CUST001882,62.4,Monitor,73,88,39
CUST001883,55.8,At Risk,31,37,90
CUST001884,54.2,At Risk,35,79,61
CUST001885,59.8,At Risk,87,45,40
CUST001886,46.2,At Risk,30,71,50
CUST001887,85.4,Healthy,91,49,98
CUST001888,79.2,Monitor,74,88,80
CUST001889,43.2,At Risk,33,94,28
CUST001890,47.0,At Risk,55,59,33
CUST001891,63.4,Monitor,52,93,60
CUST001892,65.2,Monitor,99,66,31
CUST001893,61.6,Monitor,74,48,56
CUST001894,54.6,At Risk,51,27,72
CUST001895,38.6,Critical,26,77,32
CUST001896,64.6,Monitor,78,95,36
CUST001897,57.0,At Risk,52,85,48
CUST001898,78.2,Monitor,81,77,76
CUST001899,55.2,At Risk,37,38,82
CUST001900,67.0,Monitor,70,47,74
CUST001901,53.2,At Risk,31,44,80
CUST001902,57.6,At Risk,39,44,83
CUST001903,48.4,At Risk,31,46,67
CUST001904,74.4,Monitor,93,82,52
CUST001905,59.6,At Risk,90,50,34
CUST001906,60.2,Monitor,76,49,50
CUST001907,65.8,Monitor,83,87,38
CUST001908,53.8,At Risk,87,51,22
CUST001909,55.2,At Risk,20,88,74
CUST001910,54.4,At Risk,40,82,55
CUST001911,60.0,Monitor,55,54,68
CUST001912,34.2,Critical,23,21,52
CUST001913,41.2,At Risk,41,38,43
CUST001914,38.6,Critical,42,63,23
CUST001915,79.4,Monitor,74,91,79
CUST001916,52.2,At Risk,94,25,24
CUST001917,66.4,Monitor,81,66,52
CUST001918,48.8,At Risk,62,32,44
CUST001919,69.6,Monitor,58,52,90
CUST001920,60.8,Monitor,95,54,30
CUST001921,65.6,Monitor,86,76,40
CUST001922,53.4,At Risk,26,69,73
CUST001923,56.8,At Risk,70,54,45
CUST001924,66.0,Monitor,55,32,94
CUST001925,84.8,Healthy,86,78,87
CUST001926,52.6,At Risk,91,21,30
CUST001927,48.4,At Risk,25,34,79
CUST001928,60.6,Monitor,68,99,34
CUST001929,52.2,At Risk,72,37,40
CUST001930,38.8,Critical,42,40,35
CUST001931,75.0,Monitor,63,81,84
CUST001932,56.2,At Risk,49,21,81
CUST001933,61.0,Monitor,86,29,52
CUST001934,35.2,Critical,25,34,46
CUST001935,57.2,At Risk,48,62,64
CUST001936,73.4,Monitor,82,73,65
CUST001937,60.2,Monitor,48,27,89
CUST001938,59.0,At Risk,52,81,55
CUST001939,75.2,Monitor,89,84,57
CUST001940,79.6,Monitor,75,94,77
CUST001941,94.4,Healthy,90,98,97
CUST001942,70.8,Monitor,89,92,42
CUST001943,55.2,At Risk,67,52,45
CUST001944,38.2,Critical,20,67,42
CUST001945,36.6,Critical,22,41,49
CUST001946,32.8,Critical,49,26,20
CUST001947,76.0,Monitor,77,98,64
CUST001948,52.6,At Risk,26,33,89
CUST001949,54.8,At Risk,24,50,88
CUST001950,88.6,Healthy,89,99,83
CUST001951,68.0,Monitor,59,36,93
CUST001952,70.6,Monitor,60,55,89
CUST001953,39.6,Critical,20,22,68
CUST001954,57.0,At Risk,39,95,56
CUST001955,75.8,Monitor,78,63,80
CUST001956,57.6,At Risk,54,58,61
CUST001957,83.6,Healthy,96,42,92
CUST001958,51.4,At Risk,62,43,45
CUST001959,50.4,At Risk,42,92,38
CUST001960,85.2,Healthy,86,66,94
CUST001961,50.6,At Risk,26,59,71
CUST001962,69.0,Monitor,86,67,53
CUST001963,43.2,At Risk,29,22,68
CUST001964,72.0,Monitor,66,56,86
CUST001965,56.8,At Risk,71,78,32
CUST001966,78.2,Monitor,94,41,81
CUST001967,46.4,At Risk,62,52,28
CUST001968,69.8,Monitor,97,79,38
CUST001969,76.2,Monitor,61,71,94
CUST001970,45.6,At Risk,25,64,57
CUST001971,62.4,Monitor,71,58,56
CUST001972,88.0,Healthy,99,86,78
CUST001973,63.4,Monitor,78,43,59
CUST001974,51.6,At Risk,56,82,32
CUST001975,66.6,Monitor,67,25,87
CUST001976,40.8,At Risk,30,78,33
CUST001977,65.2,Monitor,37,58,97
CUST001978,67.0,Monitor,85,59,53
CUST001979,84.8,Healthy,76,82,95
CUST001980,53.4,At Risk,73,35,43
CUST001981,70.0,Monitor,63,32,96
CUST001982,89.4,Healthy,91,71,97
CUST001983,55.0,At Risk,29,31,93
CUST001984,73.6,Monitor,93,22,80
CUST001985,59.4,At Risk,84,77,26
CUST001986,35.8,Critical,52,33,21
CUST001987,62.8,Monitor,65,60,62
CUST001988,48.0,At Risk,48,22,61
CUST001989,67.6,Monitor,78,42,70
CUST001990,56.8,At Risk,54,92,42
CUST001991,76.2,Monitor,98,77,54
CUST001992,57.4,At Risk,35,79,69
CUST001993,44.2,At Risk,22,71,53
CUST001994,69.4,Monitor,29,95,97
CUST001995,42.2,At Risk,29,75,39
CUST001996,46.8,At Risk,23,28,80
CUST001997,56.0,At Risk,47,68,59
CUST001998,63.6,Monitor,31,84,86
CUST001999,54.6,At Risk,67,69,35
CUST002000,49.6,At Risk,37,72,51
CUST002001,52.6,At Risk,32,63,68
CUST002002,54.6,At Risk,35,37,83
CUST002003,67.4,Monitor,63,99,56
CUST002004,69.6,Monitor,97,90,32
CUST002005,44.6,At Risk,49,43,41
CUST002006,80.6,Healthy,76,59,96
CUST002007,73.2,Monitor,88,76,57
CUST002008,79.4,Monitor,88,79,71
CUST002009,83.8,Healthy,66,97,95
CUST002010,63.8,Monitor,91,21,58
CUST002011,68.4,Monitor,54,46,94
CUST002012,49.0,At Risk,55,39,48
CUST002013,49.4,At Risk,38,75,48
CUST002014,80.4,Healthy,98,94,56
CUST002015,75.6,Monitor,66,62,92
CUST002016,77.0,Monitor,97,77,57
CUST002017,46.8,At Risk,29,90,43
CUST002018,58.8,At Risk,84,68,29
CUST002019,43.2,At Risk,65,30,28
CUST002020,60.0,Monitor,39,72,75
CUST002021,34.6,Critical,28,23,47
CUST002022,64.8,Monitor,43,84,77
CUST002023,78.6,Monitor,80,45,94
CUST002024,76.8,Monitor,70,90,77
CUST002025,48.6,At Risk,45,71,41
CUST002026,59.0,At Risk,72,73,39
CUST002027,75.4,Monitor,55,99,84
CUST002028,58.8,At Risk,41,38,87
CUST002029,79.4,Monitor,96,71,67
CUST002030,62.2,Monitor,68,65,55
CUST002031,53.2,At Risk,76,24,45
CUST002032,40.0,At Risk,44,62,25
CUST002033,67.4,Monitor,80,67,55
CUST002034,69.6,Monitor,50,76,86
CUST002035,68.4,Monitor,35,98,87
CUST002036,44.8,At Risk,53,22,48
CUST002037,54.8,At Risk,55,66,49
CUST002038,70.2,Monitor,69,43,85
CUST002039,82.2,Healthy,94,99,62
CUST002040,61.2,Monitor,34,86,76
CUST002041,66.2,Monitor,63,95,55
CUST002042,65.4,Monitor,54,43,88
CUST002043,30.0,Critical,40,30,20
CUST002044,64.0,Monitor,65,64,63
CUST002045,42.8,At Risk,44,30,48
CUST002046,41.6,At Risk,56,24,36
CUST002047,60.2,Monitor,57,83,52
CUST002048,66.8,Monitor,60,94,60
CUST002049,47.6,At Risk,63,48,32
CUST002050,43.4,At Risk,52,55,29
CUST002051,69.0,Monitor,80,39,73
CUST002052,47.6,At Risk,65,44,32
CUST002053,55.6,At Risk,65,34,57
CUST002054,78.8,Monitor,56,84,99
CUST002055,53.6,At Risk,45,20,79
CUST002056,38.0,Critical,34,30,46
CUST002057,68.2,Monitor,38,89,88
CUST002058,57.8,At Risk,22,89,78
CUST002059,43.0,At Risk,50,31,42
CUST002060,44.4,At Risk,70,42,20
CUST002061,63.8,Monitor,70,95,42
CUST002062,47.0,At Risk,21,21,86
CUST002063,65.8,Monitor,60,23,93
CUST002064,62.0,Monitor,64,96,43
CUST002065,57.0,At Risk,71,33,55
CUST002066,49.8,At Risk,64,59,31
CUST002067,61.8,Monitor,91,61,33
CUST002068,58.0,At Risk,61,68,50
CUST002069,86.4,Healthy,83,82,92
CUST002070,50.4,At Risk,65,54,34
CUST002071,73.0,Monitor,91,43,70
CUST002072,71.0,Monitor,93,53,58
CUST002073,55.2,At Risk,48,22,79
CUST002074,68.8,Monitor,59,28,99
CUST002075,60.8,Monitor,71,96,33
CUST002076,53.8,At Risk,49,69,51
CUST002077,68.8,Monitor,31,90,96
CUST002078,56.0,At Risk,80,44,38
CUST002079,47.8,At Risk,43,29,62
CUST002080,58.4,At Risk,67,82,38
CUST002081,49.4,At Risk,40,31,68
CUST002082,58.2,At Risk,34,45,89
CUST002083,65.4,Monitor,55,93,62
CUST002084,48.0,At Risk,57,30,48
CUST002085,70.0,Monitor,82,58,64
CUST002086,44.6,At Risk,36,63,44
CUST002087,26.2,Critical,26,25,27
CUST002088,74.4,Monitor,78,26,95
CUST002089,68.6,Monitor,87,21,74
CUST002090,36.6,Critical,31,57,32
CUST002091,52.2,At Risk,42,81,48
CUST002092,62.2,Monitor,77,85,36
CUST002093,52.8,At Risk,21,44,89
CUST002094,60.2,Monitor,66,51,59
CUST002095,57.8,At Risk,81,21,53
CUST002096,54.0,At Risk,62,84,31
CUST002097,48.4,At Risk,76,34,28
CUST002098,44.0,At Risk,36,20,64
CUST002099,82.2,Healthy,80,63,94
CUST002100,82.6,Healthy,99,23,96
CUST002101,64.2,Monitor,85,89,31
CUST002102,86.4,Healthy,97,60,89
CUST002103,67.4,Monitor,85,95,36
CUST002104,61.0,Monitor,53,37,81
CUST002105,56.2,At Risk,24,61,86
CUST002106,75.8,Monitor,92,53,71
CUST002107,67.8,Monitor,65,61,74
CUST002108,90.6,Healthy,99,61,97
CUST002109,62.6,Monitor,50,65,74
CUST002110,55.8,At Risk,47,83,51
CUST002111,75.6,Monitor,92,86,54
CUST002112,66.8,Monitor,85,34,65
CUST002113,52.8,At Risk,63,26,56
CUST002114,63.6,Monitor,64,76,57
CUST002115,60.6,Monitor,63,41,68
CUST002116,66.4,Monitor,98,22,57
CUST002117,63.2,Monitor,94,42,43
CUST002118,62.0,Monitor,32,76,85
CUST002119,77.2,Monitor,88,82,64
CUST002120,72.6,Monitor,90,61,61
CUST002121,50.2,At Risk,23,59,73
CUST002122,53.6,At Risk,43,32,75
CUST002123,54.2,At Risk,49,51,61
CUST002124,56.2,At Risk,41,31,84
CUST002125,77.6,Monitor,91,24,91
CUST002126,60.6,Monitor,25,59,97
CUST002127,51.8,At Risk,78,37,33
CUST002128,76.2,Monitor,88,83,61
CUST002129,60.6,Monitor,65,71,51
CUST002130,72.0,Monitor,72,56,80
CUST002131,56.0,At Risk,51,58,60
CUST002132,49.2,At Risk,65,62,27
CUST002133,61.6,Monitor,95,64,27
CUST002134,53.2,At Risk,47,54,59
CUST002135,26.4,Critical,31,26,22
CUST002136,77.0,Monitor,67,97,77
CUST002137,50.6,At Risk,25,35,84
CUST002138,61.6,Monitor,94,76,22
CUST002139,45.4,At Risk,26,37,69
CUST002140,47.2,At Risk,26,94,45
CUST002141,72.4,Monitor,84,42,76
CUST002142,64.8,Monitor,60,20,92
CUST002143,40.0,At Risk,46,32,38
CUST002144,66.4,Monitor,42,82,83
CUST002145,28.0,Critical,37,22,22
CUST002146,46.8,At Risk,58,78,20
CUST002147,63.6,Monitor,77,68,48
CUST002148,51.0,At Risk,42,21,75
CUST002149,77.2,Monitor,90,48,79
CUST002150,65.6,Monitor,73,60,61
CUST002151,50.2,At Risk,44,39,62
CUST002152,53.2,At Risk,41,40,72
CUST002153,48.0,At Risk,52,72,32
CUST002154,68.2,Monitor,89,45,59
CUST002155,79.4,Monitor,99,95,52
CUST002156,40.8,At Risk,38,74,27
CUST002157,47.6,At Risk,54,38,46
CUST002158,34.8,Critical,42,30,30
CUST002159,58.0,At Risk,58,66,54
CUST002160,45.0,At Risk,37,55,48
CUST002161,49.8,At Risk,20,29,90
CUST002162,77.4,Monitor,75,73,82
CUST002163,66.0,Monitor,68,22,86
CUST002164,85.4,Healthy,79,91,89
CUST002165,66.6,Monitor,90,91,31
CUST002166,44.4,At Risk,59,34,35
CUST002167,58.6,At Risk,60,27,73
CUST002168,37.0,Critical,27,85,23
CUST002169,63.6,Monitor,66,66,60
CUST002170,50.8,At Risk,71,42,35
CUST002171,78.2,Monitor,97,41,78
CUST002172,44.8,At Risk,29,66,50
CUST002173,57.6,At Risk,48,86,53
CUST002174,47.8,At Risk,63,39,37
CUST002175,56.8,At Risk,48,84,52
CUST002176,71.4,Monitor,95,49,59
CUST002177,50.2,At Risk,58,87,24
CUST002178,49.0,At Risk,33,33,73
CUST002179,60.4,Monitor,68,58,54
CUST002180,65.4,Monitor,84,83,38
CUST002181,73.2,Monitor,80,60,73
CUST002182,72.0,Monitor,86,26,81
CUST002183,56.2,At Risk,32,91,63
CUST002184,70.6,Monitor,77,43,78
CUST002185,61.0,Monitor,46,97,58
CUST002186,41.4,At Risk,55,39,29
CUST002187,69.4,Monitor,90,29,69
CUST002188,54.4,At Risk,51,50,60
CUST002189,41.8,At Risk,20,25,72
CUST002190,51.0,At Risk,44,47,60
CUST002191,45.2,At Risk,45,64,36
CUST002192,49.8,At Risk,65,73,23
CUST002193,79.6,Monitor,87,80,72
CUST002194,62.0,Monitor,80,50,50
CUST002195,71.8,Monitor,69,67,77
CUST002196,71.2,Monitor,96,30,67
CUST002197,72.8,Monitor,71,94,64
CUST002198,43.2,At Risk,29,20,69
CUST002199,61.2,Monitor,46,58,78
CUST002200,31.6,Critical,32,40,27
CUST002201,85.0,Healthy,93,65,87
CUST002202,63.0,Monitor,86,85,29
CUST002203,58.8,At Risk,85,40,42
CUST002204,54.8,At Risk,47,36,72
CUST002205,47.2,At Risk,49,70,34
CUST002206,55.4,At Risk,72,25,54
CUST002207,43.2,At Risk,31,52,51
CUST002208,64.0,Monitor,66,92,48
CUST002209,73.4,Monitor,73,27,97
CUST002210,58.6,At Risk,44,55,75
CUST002211,79.6,Monitor,64,76,97
CUST002212,37.4,Critical,42,45,29
CUST002213,45.8,At Risk,43,93,25
CUST002214,74.4,Monitor,93,90,48
CUST002215,45.8,At Risk,45,93,23
CUST002216,58.6,At Risk,20,65,94
CUST002217,68.2,Monitor,93,83,36
CUST002218,69.8,Monitor,74,93,54
CUST002219,85.2,Healthy,83,88,86
CUST002220,64.0,Monitor,58,30,87
CUST002221,57.0,At Risk,84,57,30
CUST002222,47.8,At Risk,38,23,70
CUST002223,46.0,At Risk,27,80,48
CUST002224,67.8,Monitor,60,71,74
CUST002225,53.4,At Risk,44,93,43
CUST002226,39.0,Critical,36,63,30
CUST002227,48.4,At Risk,72,54,22
CUST002228,53.8,At Risk,35,91,54
CUST002229,47.2,At Risk,33,70,50
CUST002230,61.4,Monitor,37,81,76
CUST002231,73.6,Monitor,91,46,70
CUST002232,56.2,At Risk,31,53,83
CUST002233,66.8,Monitor,90,94,30
CUST002234,80.8,Healthy,74,74,91
CUST002235,75.4,Monitor,68,45,98
CUST002236,77.8,Monitor,84,79,71
CUST002237,44.8,At Risk,32,92,34
CUST002238,34.6,Critical,25,41,41
CUST002239,45.8,At Risk,66,41,28
CUST002240,84.0,Healthy,81,68,95
CUST002241,91.4,Healthy,96,83,91
CUST002242,60.2,Monitor,60,31,75
CUST002243,49.0,At Risk,32,63,59
CUST002244,55.2,At Risk,82,34,39
CUST002245,65.8,Monitor,43,65,89
CUST002246,41.6,At Risk,69,22,24
CUST002247,53.4,At Risk,78,71,20
CUST002248,53.8,At Risk,40,77,56
CUST002249,47.8,At Risk,70,25,37
CUST002250,39.4,Critical,33,77,27
CUST002251,67.8,Monitor,62,77,69
CUST002252,35.2,Critical,23,42,44
CUST002253,84.4,Healthy,95,56,88
CUST002254,79.0,Monitor,93,23,93
CUST002255,46.8,At Risk,43,94,27
CUST002256,56.4,At Risk,51,60,60
CUST002257,41.6,At Risk,24,52,54
CUST002258,46.0,At Risk,49,40,46
CUST002259,46.6,At Risk,29,35,70
CUST002260,68.6,Monitor,81,47,67
CUST002261,44.0,At Risk,61,42,28
CUST002262,65.4,Monitor,86,81,37
CUST002263,47.8,At Risk,39,53,54
CUST002264,49.6,At Risk,74,38,31
CUST002265,24.6,Critical,21,27,27
CUST002266,58.4,At Risk,41,74,68
CUST002267,59.8,At Risk,42,23,96
CUST002268,82.0,Healthy,91,88,70
CUST002269,76.6,Monitor,92,97,51
CUST002270,56.6,At Risk,60,33,65
CUST002271,55.6,At Risk,32,48,83
CUST002272,56.4,At Risk,62,34,62
CUST002273,59.6,At Risk,58,78,52
CUST002274,48.2,At Risk,44,63,45
CUST002275,72.8,Monitor,92,94,43
CUST002276,49.0,At Risk,29,77,55
CUST002277,47.2,At Risk,21,30,82
CUST002278,61.8,Monitor,85,51,44
CUST002279,36.0,Critical,34,46,33
CUST002280,55.4,At Risk,69,41,49
CUST002281,45.2,At Risk,31,56,54
CUST002282,66.6,Monitor,48,59,89
CUST002283,39.8,Critical,32,83,26
CUST002284,75.4,Monitor,82,51,81
CUST002285,37.2,Critical,28,90,20
CUST002286,69.0,Monitor,50,75,85
CUST002287,80.6,Healthy,66,85,93
CUST002288,71.2,Monitor,65,74,76
CUST002289,60.6,Monitor,54,47,74
CUST002290,52.4,At Risk,32,56,71
CUST002291,60.0,Monitor,92,26,45
CUST002292,66.6,Monitor,71,99,46
CUST002293,49.4,At Risk,28,87,52
CUST002294,83.0,Healthy,81,63,95
CUST002295,60.4,Monitor,46,88,61
CUST002296,76.2,Monitor,55,99,86
CUST002297,76.6,Monitor,66,63,94
CUST002298,64.6,Monitor,28,99,84
CUST002299,46.6,At Risk,52,59,35
CUST002300,46.4,At Risk,26,96,42
CUST002301,74.8,Monitor,85,28,88
CUST002302,70.0,Monitor,67,58,79
CUST002303,53.2,At Risk,58,66,42
CUST002304,48.2,At Risk,20,49,76
CUST002305,65.8,Monitor,75,65,57
CUST002306,62.6,Monitor,22,89,90
CUST002307,57.8,At Risk,51,63,62
CUST002308,54.8,At Risk,70,62,36
CUST002309,44.6,At Risk,68,25,31
CUST002310,72.0,Monitor,86,34,77
CUST002311,38.8,Critical,20,70,42
CUST002312,70.4,Monitor,61,84,73
CUST002313,74.8,Monitor,87,66,67
CUST002314,49.0,At Risk,55,33,51
CUST002315,63.2,Monitor,33,76,87
CUST002316,65.2,Monitor,97,44,44
CUST002317,88.6,Healthy,92,77,91
CUST002318,61.8,Monitor,46,93,62
CUST002319,57.2,At Risk,76,30,52
CUST002320,82.0,Healthy,87,72,82
CUST002321,57.8,At Risk,62,25,70
CUST002322,36.8,Critical,30,54,35
CUST002323,68.0,Monitor,95,76,37
CUST002324,36.4,Critical,22,78,30
CUST002325,69.8,Monitor,79,33,79
CUST002326,58.4,At Risk,69,82,36
CUST002327,52.8,At Risk,64,86,25
CUST002328,63.4,Monitor,40,85,76
CUST002329,73.0,Monitor,92,65,58
CUST002330,54.4,At Risk,59,86,34
CUST002331,73.6,Monitor,70,48,90
CUST002332,49.8,At Risk,72,43,31
CUST002333,87.4,Healthy,96,77,84
CUST002334,55.6,At Risk,45,26,81
CUST002335,65.2,Monitor,73,24,78
CUST002336,86.8,Healthy,93,68,90
CUST002337,47.0,At Risk,66,35,34
CUST002338,45.4,At Risk,44,77,31
CUST002339,39.6,Critical,26,66,40
CUST002340,88.2,Healthy,85,97,87
CUST002341,32.0,Critical,32,52,22
CUST002342,69.0,Monitor,94,49,54
CUST002343,34.6,Critical,38,53,22
CUST002344,67.0,Monitor,84,73,47
CUST002345,28.4,Critical,20,32,35
CUST002346,80.6,Healthy,56,97,97
CUST002347,56.8,At Risk,75,92,21
CUST002348,75.8,Monitor,51,93,92
CUST002349,60.4,Monitor,92,38,40
CUST002350,27.4,Critical,21,31,32
CUST002351,38.0,Critical,31,22,53
CUST002352,72.0,Monitor,78,64,70
CUST002353,32.4,Critical,20,34,44
CUST002354,63.6,Monitor,47,80,72
CUST002355,79.8,Monitor,74,95,78
CUST002356,52.8,At Risk,29,58,74
CUST002357,47.4,At Risk,29,73,53
CUST002358,65.8,Monitor,79,69,51
CUST002359,75.0,Monitor,66,87,78
CUST002360,83.0,Healthy,93,51,89
CUST002361,72.4,Monitor,80,76,63
CUST002362,61.6,Monitor,51,80,63
CUST002363,58.6,At Risk,31,45,93
CUST002364,58.0,At Risk,62,32,67
CUST002365,61.6,Monitor,55,42,78
CUST002366,52.6,At Risk,29,95,55
CUST002367,85.6,Healthy,92,72,86
CUST002368,79.2,Monitor,83,76,77
CUST002369,66.8,Monitor,79,28,74
CUST002370,77.2,Monitor,97,82,55
CUST002371,79.0,Monitor,96,55,74
CUST002372,55.4,At Risk,26,83,71
CUST002373,63.0,Monitor,69,23,77
CUST002374,60.8,Monitor,75,70,42
CUST002375,68.0,Monitor,77,82,52
CUST002376,40.8,At Risk,50,48,28
CUST002377,54.4,At Risk,57,54,52
CUST002378,42.4,At Risk,48,76,20
CUST002379,45.2,At Risk,38,40,55
CUST002380,61.8,Monitor,68,49,62
CUST002381,58.6,At Risk,80,85,24
CUST002382,56.4,At Risk,62,80,39
CUST002383,62.0,Monitor,52,64,71
CUST002384,49.0,At Risk,78,25,32
CUST002385,65.0,Monitor,61,85,59
CUST002386,53.6,At Risk,68,36,48
CUST002387,77.8,Monitor,72,87,79
CUST002388,68.4,Monitor,56,44,93
CUST002389,45.8,At Risk,38,95,29
CUST002390,74.2,Monitor,82,99,54
CUST002391,43.8,At Risk,57,27,39
CUST002392,91.6,Healthy,91,86,95
CUST002393,44.2,At Risk,39,37,53
CUST002394,61.0,Monitor,85,21,57
CUST002395,51.6,At Risk,52,78,38
CUST002396,69.0,Monitor,64,69,74
CUST002397,57.4,At Risk,70,89,29
CUST002398,63.0,Monitor,62,67,62
CUST002399,39.0,Critical,25,43,51
CUST002400,75.8,Monitor,97,95,45
CUST002401,65.4,Monitor,30,91,88
CUST002402,59.4,At Risk,87,35,44
CUST002403,56.8,At Risk,78,60,34
CUST002404,60.4,Monitor,58,54,66
CUST002405,45.4,At Risk,22,41,71
CUST002406,70.0,Monitor,97,98,29
CUST002407,41.4,At Risk,47,65,24
CUST002408,60.6,Monitor,61,89,46
CUST002409,70.0,Monitor,66,74,72
CUST002410,52.0,At Risk,53,50,52
CUST002411,61.4,Monitor,42,37,93
CUST002412,51.0,At Risk,69,33,42
CUST002413,54.2,At Risk,33,79,63
CUST002414,51.4,At Risk,63,87,22
CUST002415,43.4,At Risk,34,91,29
CUST002416,50.0,At Risk,48,56,49
CUST002417,60.2,Monitor,67,67,50
CUST002418,79.6,Monitor,77,80,82
CUST002419,75.6,Monitor,66,76,85
CUST002420,52.4,At Risk,49,68,48
CUST002421,51.6,At Risk,55,92,28
CUST002422,52.0,At Risk,61,84,27
CUST002423,66.2,Monitor,41,59,95
CUST002424,74.4,Monitor,94,48,68
CUST002425,63.4,Monitor,78,87,37
CUST002426,52.8,At Risk,77,68,21
CUST002427,66.6,Monitor,51,89,71
CUST002428,57.4,At Risk,30,81,73
CUST002429,71.8,Monitor,76,73,67
CUST002430,51.0,At Risk,46,27,68
CUST002431,81.4,Healthy,94,33,93
CUST002432,68.0,Monitor,73,76,59
CUST002433,46.8,At Risk,46,86,28
CUST002434,81.0,Healthy,92,23,99
CUST002435,57.2,At Risk,79,86,21
CUST002436,73.0,Monitor,50,99,83
CUST002437,52.0,At Risk,24,54,79
CUST002438,79.2,Monitor,65,68,99
CUST002439,56.0,At Risk,24,62,85
CUST002440,51.6,At Risk,66,62,32
CUST002441,49.8,At Risk,61,59,34
CUST002442,82.0,Healthy,71,94,87
CUST002443,37.2,Critical,44,28,35
CUST002444,58.2,At Risk,51,67,61
CUST002445,74.8,Monitor,71,38,97
CUST002446,63.6,Monitor,59,76,62
CUST002447,47.2,At Risk,47,94,24
CUST002448,30.6,Critical,35,43,20
CUST002449,36.4,Critical,45,30,31
CUST002450,61.2,Monitor,67,38,67
CUST002451,64.2,Monitor,75,47,62
CUST002452,61.4,Monitor,86,33,51
CUST002453,45.6,At Risk,44,46,47
CUST002454,67.4,Monitor,72,91,51
CUST002455,56.8,At Risk,44,68,64
CUST002456,57.4,At Risk,56,55,60
CUST002457,62.4,Monitor,38,70,83
CUST002458,48.0,At Risk,30,96,42
CUST002459,36.0,Critical,20,42,49
CUST002460,50.6,At Risk,48,85,36
CUST002461,48.0,At Risk,60,76,22
CUST002462,42.4,At Risk,44,68,28
CUST002463,27.6,Critical,30,26,26
CUST002464,73.4,Monitor,66,37,99
CUST002465,41.0,At Risk,29,61,43
CUST002466,45.4,At Risk,22,55,64
CUST002467,75.2,Monitor,82,58,77
CUST002468,62.0,Monitor,83,44,50
CUST002469,46.8,At Risk,48,90,24
CUST002470,64.0,Monitor,83,30,62
CUST002471,77.6,Monitor,61,94,86
CUST002472,49.6,At Risk,30,24,82
CUST002473,54.0,At Risk,65,92,24
CUST002474,69.4,Monitor,46,73,91
CUST002475,52.2,At Risk,29,49,77
CUST002476,45.6,At Risk,26,42,67
CUST002477,32.6,Critical,37,21,34
CUST002478,58.8,At Risk,71,38,57
CUST002479,42.0,At Risk,36,22,58
CUST002480,27.0,Critical,31,23,25
CUST002481,58.4,At Risk,36,62,79
CUST002482,66.4,Monitor,83,86,40
CUST002483,75.0,Monitor,73,69,80
CUST002484,59.2,At Risk,61,70,52
CUST002485,71.4,Monitor,91,99,38
CUST002486,60.8,Monitor,50,58,73
CUST002487,78.8,Monitor,99,30,83
CUST002488,88.6,Healthy,88,85,91
CUST002489,74.8,Monitor,49,94,91
CUST002490,63.4,Monitor,64,97,46
CUST002491,37.0,Critical,47,37,27
CUST002492,82.2,Healthy,87,57,90
CUST002493,71.0,Monitor,42,85,93
CUST002494,47.6,At Risk,38,20,71
CUST002495,34.6,Critical,40,37,28
CUST002496,54.6,At Risk,58,21,68
CUST002497,50.4,At Risk,51,64,43
CUST002498,65.2,Monitor,65,48,74
CUST002499,63.8,Monitor,94,83,24
CUST002500,72.8,Monitor,90,92,46
CUST002501,84.2,Healthy,84,83,85
CUST002502,53.2,At Risk,47,88,42
CUST002503,41.2,At Risk,60,26,30
CUST002504,55.0,At Risk,61,75,39
CUST002505,68.6,Monitor,69,69,68
CUST002506,70.0,Monitor,41,72,98
CUST002507,69.8,Monitor,91,33,67
CUST002508,47.2,At Risk,54,46,41
CUST002509,48.2,At Risk,54,57,38
CUST002510,81.2,Healthy,82,76,83
CUST002511,63.8,Monitor,88,45,49
CUST002512,76.2,Monitor,49,99,92
CUST002513,56.0,At Risk,30,62,79
CUST002514,49.4,At Risk,48,67,42
CUST002515,57.0,At Risk,30,73,76
CUST002516,51.6,At Risk,49,26,67
CUST002517,65.4,Monitor,89,29,60
CUST002518,66.6,Monitor,71,43,74
CUST002519,59.4,At Risk,43,93,59
CUST002520,60.4,Monitor,54,86,54
CUST002521,31.4,Critical,26,47,29
CUST002522,73.6,Monitor,98,32,70
CUST002523,72.2,Monitor,74,65,74
CUST002524,70.2,Monitor,80,27,82
CUST002525,59.0,At Risk,29,89,74
CUST002526,59.8,At Risk,37,55,85
CUST002527,52.8,At Risk,31,44,79
CUST002528,73.2,Monitor,88,24,83
CUST002529,64.8,Monitor,79,98,34
CUST002530,74.6,Monitor,68,47,95
CUST002531,52.0,At Risk,60,36,52
CUST002532,85.4,Healthy,83,79,91
CUST002533,62.8,Monitor,31,76,88
CUST002534,59.4,At Risk,38,91,65
CUST002535,47.0,At Risk,73,29,30
CUST002536,59.2,At Risk,52,56,68
CUST002537,33.6,Critical,36,28,34
CUST002538,49.6,At Risk,50,44,52
CUST002539,87.0,Healthy,96,89,77
CUST002540,57.4,At Risk,80,65,31
CUST002541,47.0,At Risk,43,81,34
CUST002542,74.8,Monitor,67,90,75
CUST002543,57.2,At Risk,75,94,21
CUST002544,27.2,Critical,20,52,22
CUST002545,49.0,At Risk,45,73,41
CUST002546,28.2,Critical,35,27,22
CUST002547,58.4,At Risk,92,26,41
CUST002548,39.0,Critical,61,27,23
CUST002549,34.6,Critical,21,55,38
CUST002550,53.8,At Risk,32,83,61
CUST002551,31.6,Critical,37,42,21
CUST002552,42.8,At Risk,26,94,34
CUST002553,47.6,At Risk,31,82,47
CUST002554,65.6,Monitor,93,98,22
CUST002555,56.4,At Risk,23,80,78
CUST002556,65.6,Monitor,75,94,42
CUST002557,48.4,At Risk,38,72,47
CUST002558,45.6,At Risk,43,22,60
CUST002559,53.6,At Risk,28,76,68
CUST002560,77.2,Monitor,90,34,86
CUST002561,39.8,Critical,27,59,43
CUST002562,82.4,Healthy,85,60,91
CUST002563,44.6,At Risk,75,27,23
CUST002564,41.0,At Risk,55,37,29
CUST002565,57.0,At Risk,58,35,67
CUST002566,51.4,At Risk,77,41,31
CUST002567,64.4,Monitor,60,24,89
CUST002568,57.6,At Risk,34,90,65
CUST002569,51.8,At Risk,55,93,28
CUST002570,40.2,At Risk,26,93,28
CUST002571,29.8,Critical,27,31,32
CUST002572,73.8,Monitor,75,29,95
CUST002573,78.4,Monitor,83,54,86
CUST002574,57.0,At Risk,24,79,79
CUST002575,54.4,At Risk,83,26,40
CUST002576,60.2,Monitor,33,77,79
CUST002577,88.6,Healthy,92,97,81
CUST002578,71.4,Monitor,78,43,79
CUST002579,86.8,Healthy,85,72,96
CUST002580,79.2,Monitor,97,26,88
CUST002581,39.4,Critical,68,21,20
CUST002582,60.0,Monitor,22,66,95
CUST002583,66.2,Monitor,98,73,31
CUST002584,60.0,Monitor,44,32,90
CUST002585,84.6,Healthy,89,51,97
CUST002586,59.2,At Risk,61,58,58
CUST002587,44.8,At Risk,80,24,20
CUST002588,49.0,At Risk,61,63,30
CUST002589,65.0,Monitor,83,43,58
CUST002590,62.6,Monitor,47,71,74
CUST002591,71.6,Monitor,73,94,59
CUST002592,68.6,Monitor,73,97,50
CUST002593,43.6,At Risk,34,76,37
CUST002594,74.2,Monitor,96,93,43
CUST002595,57.8,At Risk,80,37,46
CUST002596,59.6,At Risk,75,78,35
CUST002597,61.8,Monitor,79,83,34
CUST002598,61.2,Monitor,27,68,92
CUST002599,40.8,At Risk,66,30,21
CUST002600,44.6,At Risk,28,79,44
CUST002601,59.8,At Risk,44,79,66
CUST002602,67.4,Monitor,80,71,53
CUST002603,65.6,Monitor,76,88,44
CUST002604,31.8,Critical,24,53,29
CUST002605,49.8,At Risk,25,35,82
CUST002606,65.0,Monitor,57,59,76
CUST002607,64.6,Monitor,79,37,64
CUST002608,58.6,At Risk,55,37,73
CUST002609,74.2,Monitor,63,89,78
CUST002610,65.4,Monitor,93,43,49
CUST002611,30.6,Critical,21,37,37
CUST002612,59.0,At Risk,20,79,88
CUST002613,36.0,Critical,43,22,36
CUST002614,76.6,Monitor,80,49,87
CUST002615,54.4,At Risk,74,64,30
CUST002616,42.0,At Risk,22,62,52
CUST002617,55.0,At Risk,20,61,87
CUST002618,76.8,Monitor,89,70,68
CUST002619,87.4,Healthy,94,53,98
CUST002620,45.0,At Risk,55,33,41
CUST002621,53.2,At Risk,75,20,48
CUST002622,64.4,Monitor,58,46,80
CUST002623,49.2,At Risk,56,88,23
CUST002624,65.2,Monitor,35,84,86
CUST002625,79.4,Monitor,71,97,79
CUST002626,55.2,At Risk,30,56,80
CUST002627,60.8,Monitor,60,36,74
CUST002628,56.8,At Risk,81,30,46
CUST002629,82.4,Healthy,96,26,97
CUST002630,67.2,Monitor,76,48,68
CUST002631,55.6,At Risk,60,62,48
CUST002632,59.4,At Risk,95,45,31
CUST002633,52.2,At Risk,61,67,36
CUST002634,35.4,Critical,35,49,29
CUST002635,81.6,Healthy,98,44,84
CUST002636,64.8,Monitor,48,66,81
CUST002637,78.4,Monitor,89,66,74
CUST002638,56.2,At Risk,34,49,82
CUST002639,46.0,At Risk,50,78,26
CUST002640,77.8,Monitor,96,83,57
CUST002641,49.6,At Risk,25,96,51
CUST002642,59.8,At Risk,90,23,48
CUST002643,75.0,Monitor,90,41,77
CUST002644,69.8,Monitor,62,55,85
CUST002645,49.8,At Risk,21,81,63
CUST002646,35.6,Critical,25,78,25
CUST002647,57.2,At Risk,21,88,78
CUST002648,74.0,Monitor,91,38,75
CUST002649,62.2,Monitor,78,35,60
CUST002650,43.6,At Risk,48,74,24
CUST002651,57.2,At Risk,45,44,76
CUST002652,80.4,Healthy,78,90,78
CUST002653,58.4,At Risk,54,80,52
CUST002654,58.8,At Risk,24,82,82
CUST002655,44.6,At Risk,31,21,70
CUST002656,57.8,At Risk,26,81,78
CUST002657,70.0,Monitor,54,64,89
CUST002658,47.4,At Risk,28,81,50
CUST002659,36.4,Critical,24,40,47
CUST002660,42.2,At Risk,59,41,26
CUST002661,56.8,At Risk,69,68,39
CUST002662,59.2,At Risk,60,64,56
CUST002663,44.6,At Risk,28,37,65
CUST002664,33.6,Critical,20,80,24
CUST002665,58.0,At Risk,46,52,73
CUST002666,36.6,Critical,20,73,35
CUST002667,59.4,At Risk,54,71,59
CUST002668,61.8,Monitor,92,85,20
CUST002669,47.6,At Risk,32,20,77
CUST002670,70.0,Monitor,91,68,50
CUST002671,46.0,At Risk,36,64,47
CUST002672,37.2,Critical,24,74,32
CUST002673,48.6,At Risk,62,51,34
CUST002674,66.4,Monitor,53,34,96
CUST002675,82.4,Healthy,74,76,94
CUST002676,40.4,At Risk,30,74,34
CUST002677,59.8,At Risk,72,29,63
CUST002678,34.8,Critical,31,64,24
CUST002679,61.0,Monitor,77,55,48
CUST002680,64.2,Monitor,78,65,50
CUST002681,61.0,Monitor,21,73,95
CUST002682,57.2,At Risk,92,32,35
CUST002683,60.2,Monitor,61,51,64
CUST002684,50.6,At Risk,27,33,83
CUST002685,57.4,At Risk,65,97,30
CUST002686,57.6,At Risk,93,30,36
CUST002687,74.6,Monitor,90,75,59
CUST002688,54.8,At Risk,76,40,41
CUST002689,46.0,At Risk,21,76,56
CUST002690,45.6,At Risk,43,52,45
CUST002691,71.0,Monitor,92,45,63
CUST002692,44.6,At Risk,42,55,42
CUST002693,57.8,At Risk,56,37,70
CUST002694,55.0,At Risk,71,39,47
CUST002695,88.0,Healthy,78,98,93
CUST002696,63.0,Monitor,56,91,56
CUST002697,76.2,Monitor,71,73,83
CUST002698,74.2,Monitor,84,59,72
CUST002699,77.6,Monitor,70,60,94
CUST002700,63.6,Monitor,69,68,56
CUST002701,59.4,At Risk,79,57,41
CUST002702,41.6,At Risk,24,40,60
CUST002703,39.8,Critical,24,89,31
CUST002704,76.2,Monitor,79,85,69
CUST002705,59.8,At Risk,53,65,64
CUST002706,38.6,Critical,33,43,42
CUST002707,62.0,Monitor,38,64,85
CUST002708,87.8,Healthy,96,91,78
CUST002709,77.0,Monitor,81,95,64
CUST002710,62.2,Monitor,38,87,74
CUST002711,74.4,Monitor,60,54,99
CUST002712,77.2,Monitor,88,38,86
CUST002713,76.0,Monitor,88,26,89
CUST002714,49.0,At Risk,38,97,36
CUST002715,72.0,Monitor,53,96,79
CUST002716,45.2,At Risk,28,64,53
CUST002717,67.6,Monitor,78,24,79
CUST002718,52.6,At Risk,43,95,41
CUST002719,61.4,Monitor,36,51,92
CUST002720,68.6,Monitor,49,89,78
CUST002721,51.6,At Risk,35,86,51
CUST002722,63.4,Monitor,63,31,80
CUST002723,48.6,At Risk,44,35,60
CUST002724,78.0,Monitor,66,78,90
CUST002725,70.0,Monitor,97,98,29
CUST002726,64.0,Monitor,60,86,57
CUST002727,47.8,At Risk,38,43,60
CUST002728,59.6,At Risk,23,62,95
CUST002729,61.6,Monitor,99,24,43
CUST002730,71.0,Monitor,91,31,71
CUST002731,66.6,Monitor,46,43,99
CUST002732,34.4,Critical,33,44,31
CUST002733,60.4,Monitor,21,88,86
CUST002734,65.2,Monitor,53,98,61
CUST002735,42.6,At Risk,39,43,46
CUST002736,78.8,Monitor,62,92,89
CUST002737,71.2,Monitor,69,44,87
CUST002738,49.2,At Risk,22,80,61
CUST002739,56.0,At Risk,46,98,45
CUST002740,61.4,Monitor,46,37,89
CUST002741,58.2,At Risk,56,49,65
CUST002742,36.8,Critical,33,76,21
CUST002743,33.0,Critical,46,27,23
CUST002744,44.2,At Risk,32,55,51
CUST002745,76.2,Monitor,83,83,66
CUST002746,67.0,Monitor,65,89,58
CUST002747,58.0,At Risk,29,80,76
CUST002748,77.6,Monitor,97,64,65
CUST002749,31.4,Critical,26,27,39
CUST002750,40.0,At Risk,55,50,20
CUST002751,51.8,At Risk,55,89,30
CUST002752,41.8,At Risk,30,55,47
CUST002753,40.4,At Risk,34,50,42
CUST002754,82.8,Healthy,87,78,81
CUST002755,56.8,At Risk,59,32,67
CUST002756,45.0,At Risk,45,45,45
CUST002757,69.8,Monitor,98,75,39
CUST002758,51.8,At Risk,62,77,29
CUST002759,35.8,Critical,34,31,40
CUST002760,50.8,At Risk,68,22,48
CUST002761,49.8,At Risk,55,79,30
CUST002762,27.8,Critical,30,39,20
CUST002763,82.0,Healthy,79,96,78
CUST002764,45.6,At Risk,58,68,22
CUST002765,31.0,Critical,21,51,31
CUST002766,61.0,Monitor,54,45,76
CUST002767,71.4,Monitor,91,33,71
CUST002768,62.2,Monitor,50,43,84
CUST002769,61.8,Monitor,46,51,83
CUST002770,55.4,At Risk,41,65,65
CUST002771,56.6,At Risk,83,27,45
CUST002772,63.4,Monitor,67,45,69
CUST002773,51.8,At Risk,39,33,74
CUST002774,86.6,Healthy,96,99,71
CUST002775,37.0,Critical,24,21,58
CUST002776,41.2,At Risk,30,28,59
CUST002777,68.2,Monitor,84,41,66
CUST002778,52.8,At Risk,40,66,59
CUST002779,81.8,Healthy,80,57,96
CUST002780,45.4,At Risk,20,71,58
CUST002781,51.0,At Risk,27,95,53
CUST002782,41.2,At Risk,63,20,30
CUST002783,82.4,Healthy,73,98,84
CUST002784,38.2,Critical,62,23,22
CUST002785,61.6,Monitor,79,80,35
CUST002786,86.0,Healthy,81,80,94
CUST002787,72.8,Monitor,84,64,66
CUST002788,63.2,Monitor,97,20,51
CUST002789,83.4,Healthy,90,83,77
CUST002790,70.8,Monitor,59,56,90
CUST002791,29.4,Critical,32,35,24
CUST002792,49.0,At Risk,20,65,70
CUST002793,81.4,Healthy,87,55,89
CUST002794,64.2,Monitor,42,71,83
CUST002795,34.0,Critical,41,22,33
CUST002796,47.6,At Risk,31,98,39
CUST002797,50.8,At Risk,40,40,67
CUST002798,68.2,Monitor,77,79,54
CUST002799,49.8,At Risk,25,77,61
CUST002800,55.0,At Risk,77,37,42
CUST002801,70.8,Monitor,88,34,72
CUST002802,67.8,Monitor,87,37,64
CUST002803,61.6,Monitor,53,70,66
CUST002804,58.4,At Risk,97,34,32
CUST002805,35.6,Critical,34,42,34
CUST002806,53.4,At Risk,75,77,20
CUST002807,85.4,Healthy,95,83,77
CUST002808,84.2,Healthy,79,85,89
CUST002809,48.0,At Risk,47,28,59
CUST002810,71.2,Monitor,55,88,79
CUST002811,61.4,Monitor,48,99,56
CUST002812,72.6,Monitor,76,21,95
CUST002813,46.8,At Risk,34,36,65
CUST002814,58.4,At Risk,64,70,47
CUST002815,56.2,At Risk,58,69,48
CUST002816,69.2,Monitor,93,54,53
CUST002817,34.2,Critical,39,29,32
CUST002818,64.8,Monitor,85,72,41
CUST002819,60.6,Monitor,64,91,42
CUST002820,70.4,Monitor,90,78,47
CUST002821,56.6,At Risk,67,65,42
CUST002822,55.8,At Risk,44,77,57
CUST002823,50.2,At Risk,77,35,31
CUST002824,61.8,Monitor,30,75,87
CUST002825,44.4,At Risk,26,56,57
CUST002826,60.2,Monitor,45,87,62
CUST002827,70.4,Monitor,76,66,67
CUST002828,71.4,Monitor,80,55,71
CUST002829,82.0,Healthy,80,74,88
CUST002830,58.6,At Risk,63,59,54
CUST002831,72.6,Monitor,60,47,98
CUST002832,53.6,At Risk,58,88,32
CUST002833,56.2,At Risk,87,65,21
CUST002834,61.8,Monitor,99,55,28
CUST002835,67.4,Monitor,90,25,66
CUST002836,79.8,Monitor,85,47,91
CUST002837,77.8,Monitor,77,71,82
CUST002838,67.0,Monitor,79,87,45
CUST002839,48.4,At Risk,61,80,20
CUST002840,59.0,At Risk,77,55,43
CUST002841,54.4,At Risk,75,34,44
CUST002842,36.2,Critical,42,33,32
CUST002843,60.4,Monitor,45,98,57
CUST002844,60.2,Monitor,48,69,68
CUST002845,37.4,Critical,20,63,42
CUST002846,65.6,Monitor,74,32,74
CUST002847,65.2,Monitor,68,60,65
CUST002848,49.4,At Risk,72,53,25
CUST002849,76.8,Monitor,81,74,74
CUST002850,55.2,At Risk,20,56,90
CUST002851,70.8,Monitor,78,24,87
CUST002852,65.2,Monitor,28,96,87
CUST002853,65.0,Monitor,93,81,29
CUST002854,67.0,Monitor,34,83,92
CUST002855,59.4,At Risk,20,73,92
CUST002856,63.0,Monitor,21,85,94
CUST002857,66.8,Monitor,58,58,80
CUST002858,36.0,Critical,21,46,46
CUST002859,38.6,Critical,49,55,20
CUST002860,49.2,At Risk,31,30,77
CUST002861,85.0,Healthy,84,93,82
CUST002862,77.4,Monitor,88,37,87
CUST002863,60.2,Monitor,47,95,56
CUST002864,59.2,At Risk,31,72,81
CUST002865,87.8,Healthy,99,75,83
CUST002866,39.0,Critical,22,43,54
CUST002867,43.4,At Risk,45,79,24
CUST002868,73.0,Monitor,67,49,91
CUST002869,69.8,Monitor,89,47,62
CUST002870,50.4,At Risk,44,32,66
CUST002871,74.6,Monitor,87,95,52
CUST002872,62.6,Monitor,37,87,76
CUST002873,57.6,At Risk,54,60,60
CUST002874,55.2,At Risk,69,92,23
CUST002875,73.4,Monitor,68,59,86
CUST002876,64.2,Monitor,49,71,76
CUST002877,73.0,Monitor,81,85,59
CUST002878,71.6,Monitor,44,74,98
CUST002879,49.6,At Risk,90,22,23
CUST002880,61.0,Monitor,95,23,46
CUST002881,71.0,Monitor,80,39,78
CUST002882,78.0,Monitor,68,78,88
CUST002883,68.6,Monitor,62,21,99
CUST002884,62.0,Monitor,58,52,71
CUST002885,82.6,Healthy,85,79,82
CUST002886,49.0,At Risk,29,67,60
CUST002887,35.6,Critical,41,40,28
CUST002888,70.2,Monitor,50,65,93
CUST002889,49.2,At Risk,21,42,81
CUST002890,39.4,Critical,40,45,36
CUST002891,73.6,Monitor,86,60,68
CUST002892,54.0,At Risk,87,24,36
CUST002893,62.6,Monitor,21,89,91
CUST002894,76.4,Monitor,64,90,82
CUST002895,44.4,At Risk,39,62,41
CUST002896,70.8,Monitor,77,50,75
CUST002897,26.8,Critical,24,26,30
CUST002898,69.4,Monitor,32,87,98
CUST002899,64.6,Monitor,84,45,55
CUST002900,60.8,Monitor,36,38,97
CUST002901,46.0,At Risk,41,72,38
CUST002902,73.2,Monitor,78,66,72
CUST002903,42.2,At Risk,26,21,69
CUST002904,41.2,At Risk,63,40,20
CUST002905,55.0,At Risk,34,87,60
CUST002906,66.4,Monitor,68,34,81
CUST002907,76.6,Monitor,77,89,70
CUST002908,46.4,At Risk,38,72,42
CUST002909,75.6,Monitor,68,90,76
CUST002910,89.0,Healthy,89,89,89
CUST002911,43.0,At Risk,56,51,26
CUST002912,75.0,Monitor,63,91,79
CUST002913,43.8,At Risk,62,35,30
CUST002914,60.0,Monitor,76,36,56
CUST002915,49.4,At Risk,79,23,33
CUST002916,74.0,Monitor,57,92,82
CUST002917,32.0,Critical,21,58,30
CUST002918,65.2,Monitor,62,96,53
CUST002919,76.2,Monitor,63,85,85
CUST002920,73.8,Monitor,94,95,43
CUST002921,53.2,At Risk,39,82,53
CUST002922,50.0,At Risk,21,22,93
CUST002923,72.0,Monitor,96,96,36
CUST002924,34.2,Critical,35,43,29
CUST002925,33.4,Critical,32,51,26
CUST002926,37.0,Critical,24,97,20
CUST002927,64.4,Monitor,28,96,85
CUST002928,49.0,At Risk,23,53,73
CUST002929,69.2,Monitor,59,58,85
CUST002930,41.2,At Risk,35,72,32
CUST002931,51.4,At Risk,58,69,36
CUST002932,54.0,At Risk,63,22,61
CUST002933,63.4,Monitor,30,91,83
CUST002934,60.2,Monitor,32,45,96
CUST002935,73.6,Monitor,73,78,72
CUST002936,24.8,Critical,29,24,21
CUST002937,57.2,At Risk,29,98,65
CUST002938,79.0,Monitor,74,91,78
CUST002939,94.0,Healthy,90,98,96
CUST002940,59.2,At Risk,41,78,68
CUST002941,58.0,At Risk,36,70,74
CUST002942,67.0,Monitor,84,55,56
CUST002943,32.6,Critical,36,33,29
CUST002944,74.4,Monitor,78,68,74
CUST002945,81.2,Healthy,99,82,63
CUST002946,57.4,At Risk,94,25,37
CUST002947,57.6,At Risk,20,52,98
CUST002948,76.4,Monitor,63,68,94
CUST002949,40.0,At Risk,30,22,59
CUST002950,47.0,At Risk,67,21,40
CUST002951,84.6,Healthy,75,77,98
CUST002952,78.8,Monitor,98,56,71
CUST002953,57.6,At Risk,62,30,67
CUST002954,61.6,Monitor,46,20,98
CUST002955,69.8,Monitor,91,67,50
CUST002956,67.2,Monitor,48,60,90
CUST002957,61.4,Monitor,52,59,72
CUST002958,46.6,At Risk,20,87,53
CUST002959,55.2,At Risk,92,30,31
CUST002960,56.4,At Risk,54,68,53
CUST002961,32.2,Critical,30,47,27
CUST002962,63.8,Monitor,49,63,79
CUST002963,62.2,Monitor,25,67,97
CUST002964,42.4,At Risk,58,30,33
CUST002965,70.6,Monitor,86,51,65
CUST002966,68.4,Monitor,45,58,97
CUST002967,74.2,Monitor,96,97,41
CUST002968,44.2,At Risk,50,35,43
CUST002969,67.2,Monitor,61,46,84
CUST002970,45.6,At Risk,33,46,58
CUST002971,61.2,Monitor,96,68,23
CUST002972,54.8,At Risk,36,40,81
CUST002973,64.6,Monitor,42,69,85
CUST002974,69.2,Monitor,61,38,93
CUST002975,46.4,At Risk,43,86,30
CUST002976,56.4,At Risk,23,66,85
CUST002977,66.8,Monitor,93,42,53
CUST002978,68.8,Monitor,89,98,34
CUST002979,61.8,Monitor,41,91,68
CUST002980,51.4,At Risk,46,83,41
CUST002981,63.4,Monitor,45,95,66
CUST002982,77.0,Monitor,97,63,64
CUST002983,60.4,Monitor,53,76,60
CUST002984,65.2,Monitor,40,76,85
CUST002985,69.2,Monitor,77,78,57
CUST002986,51.0,At Risk,27,55,73
CUST002987,55.4,At Risk,29,75,72
CUST002988,78.4,Monitor,57,88,95
CUST002989,76.2,Monitor,95,99,46
CUST002990,41.0,At Risk,22,31,65
CUST002991,54.6,At Risk,23,49,89
CUST002992,67.8,Monitor,88,59,52
CUST002993,52.6,At Risk,52,61,49
CUST002994,57.6,At Risk,37,82,66
CUST002995,42.0,At Risk,64,36,23
CUST002996,40.4,At Risk,20,36,63
CUST002997,53.2,At Risk,54,80,39
CUST002998,31.2,Critical,41,34,20
CUST002999,66.6,Monitor,85,51,56
CUST003000,73.8,Monitor,80,93,58
CUST003001,61.6,Monitor,98,22,45
CUST003002,61.8,Monitor,70,55,57
CUST003003,61.4,Monitor,53,61,70
CUST003004,67.2,Monitor,68,34,83
CUST003005,60.2,Monitor,23,77,89
CUST003006,64.0,Monitor,75,72,49
CUST003007,47.6,At Risk,79,34,23
CUST003008,91.0,Healthy,82,99,96
CUST003009,76.0,Monitor,71,70,84
CUST003010,64.4,Monitor,25,84,94
CUST003011,33.4,Critical,22,21,51
CUST003012,77.6,Monitor,60,82,93
CUST003013,60.6,Monitor,96,47,32
CUST003014,46.4,At Risk,62,62,23
CUST003015,41.6,At Risk,26,68,44
CUST003016,33.0,Critical,23,73,23
CUST003017,51.0,At Risk,56,85,29
CUST003018,44.4,At Risk,22,50,64
CUST003019,69.4,Monitor,90,71,48
CUST003020,30.2,Critical,29,43,25
CUST003021,73.8,Monitor,83,41,81
CUST003022,64.2,Monitor,66,37,76
CUST003023,73.8,Monitor,89,41,75
CUST003024,87.2,Healthy,94,50,99
CUST003025,47.8,At Risk,33,45,64
CUST003026,65.2,Monitor,83,44,58
CUST003027,48.4,At Risk,21,48,76
CUST003028,66.6,Monitor,87,59,50
CUST003029,39.4,Critical,40,61,28
CUST003030,55.2,At Risk,35,68,69
CUST003031,87.8,Healthy,97,49,98
CUST003032,30.0,Critical,25,44,28
CUST003033,39.8,Critical,30,97,21
CUST003034,48.8,At Risk,26,48,72
CUST003035,46.0,At Risk,48,34,50
CUST003036,59.8,At Risk,78,83,30
CUST003037,55.0,At Risk,76,23,50
CUST003038,45.8,At Risk,36,63,47
CUST003039,66.8,Monitor,98,26,56
CUST003040,66.6,Monitor,76,35,73
CUST003041,77.2,Monitor,64,66,96
CUST003042,46.4,At Risk,33,42,62
CUST003043,49.0,At Risk,31,25,79
CUST003044,73.2,Monitor,66,40,97
CUST003045,48.4,At Risk,66,24,43
CUST003046,70.8,Monitor,88,84,47
CUST003047,53.6,At Risk,30,98,55
CUST003048,67.8,Monitor,46,71,88
CUST003049,47.8,At Risk,43,71,41
CUST003050,54.8,At Risk,33,74,67
CUST003051,47.6,At Risk,26,74,56
CUST003052,56.6,At Risk,69,47,49
CUST003053,62.2,Monitor,91,75,27
CUST003054,77.0,Monitor,89,91,58
CUST003055,44.2,At Risk,33,79,38
CUST003056,44.0,At Risk,27,30,68
CUST003057,76.6,Monitor,66,95,78
CUST003058,60.8,Monitor,47,54,78
CUST003059,68.4,Monitor,63,82,67
CUST003060,54.4,At Risk,62,48,50
CUST003061,70.0,Monitor,55,72,84
CUST003062,49.2,At Risk,25,92,52
CUST003063,30.0,Critical,42,20,23
CUST003064,56.4,At Risk,41,92,54
CUST003065,43.2,At Risk,65,44,21
CUST003066,73.4,Monitor,71,81,72
CUST003067,62.8,Monitor,90,74,30
CUST003068,58.8,At Risk,92,68,21
CUST003069,75.6,Monitor,92,92,51
CUST003070,79.2,Monitor,98,24,88
CUST003071,39.4,Critical,27,43,50
CUST003072,62.2,Monitor,35,91,75
CUST003073,60.6,Monitor,39,53,86
CUST003074,64.0,Monitor,82,54,51
CUST003075,46.4,At Risk,70,38,27
CUST003076,65.2,Monitor,90,42,52
CUST003077,65.4,Monitor,38,71,90
CUST003078,61.2,Monitor,79,20,64
CUST003079,60.2,Monitor,87,43,42
CUST003080,77.8,Monitor,78,59,87
CUST003081,60.8,Monitor,32,82,79
CUST003082,61.6,Monitor,94,66,27
CUST003083,56.6,At Risk,29,37,94
CUST003084,89.0,Healthy,80,97,94
CUST003085,87.6,Healthy,93,70,91
CUST003086,63.0,Monitor,96,33,45
CUST003087,78.8,Monitor,86,74,74
CUST003088,80.2,Healthy,65,93,89
CUST003089,55.8,At Risk,52,25,75
CUST003090,62.2,Monitor,61,35,77
CUST003091,80.4,Healthy,85,38,97
CUST003092,65.4,Monitor,72,21,81
CUST003093,60.0,Monitor,77,98,24
CUST003094,43.0,At Risk,50,43,36
CUST003095,50.6,At Risk,68,45,36
CUST003096,79.6,Monitor,70,66,96
CUST003097,64.8,Monitor,99,60,33
CUST003098,52.6,At Risk,54,37,59
CUST003099,59.2,At Risk,38,96,62
CUST003100,38.8,Critical,54,36,25
CUST003101,64.2,Monitor,74,85,44
CUST003102,53.2,At Risk,73,52,34
CUST003103,35.8,Critical,26,69,29
CUST003104,63.0,Monitor,98,75,22
CUST003105,60.0,Monitor,61,68,55
CUST003106,67.8,Monitor,93,61,46
CUST003107,30.8,Critical,20,22,46
CUST003108,50.8,At Risk,23,88,60
CUST003109,86.2,Healthy,94,67,88
CUST003110,86.8,Healthy,81,90,91
CUST003111,35.0,Critical,40,55,20
CUST003112,60.2,Monitor,73,39,58
CUST003113,65.0,Monitor,75,57,59
CUST003114,58.8,At Risk,70,56,49
CUST003115,92.8,Healthy,98,70,99
CUST003116,73.6,Monitor,70,98,65
CUST003117,63.4,Monitor,65,83,52
CUST003118,42.4,At Risk,41,26,52
CUST003119,63.6,Monitor,22,76,99
CUST003120,67.4,Monitor,86,69,48
CUST003121,63.8,Monitor,55,87,61
CUST003122,52.2,At Risk,29,99,52
CUST003123,45.8,At Risk,28,25,74
CUST003124,76.4,Monitor,73,44,96
CUST003125,35.6,Critical,34,70,20
CUST003126,46.8,At Risk,65,30,37
CUST003127,80.2,Healthy,85,49,91
CUST003128,79.4,Monitor,67,91,86
CUST003129,55.0,At Risk,65,21,62
CUST003130,84.4,Healthy,91,86,77
CUST003131,57.6,At Risk,52,74,55
CUST003132,40.8,At Risk,68,26,21
CUST003133,57.2,At Risk,69,78,35
CUST003134,89.0,Healthy,95,75,90
CUST003135,64.8,Monitor,22,92,94
CUST003136,74.6,Monitor,75,65,79
CUST003137,52.2,At Risk,32,53,72
CUST003138,65.4,Monitor,64,35,82
CUST003139,46.8,At Risk,41,96,28
CUST003140,71.0,Monitor,92,23,74
CUST003141,34.0,Critical,30,56,27
CUST003142,78.4,Monitor,77,68,85
CUST003143,58.4,At Risk,65,68,47
CUST003144,50.4,At Risk,70,40,36
CUST003145,39.0,Critical,23,81,34
CUST003146,33.2,Critical,44,22,28
CUST003147,68.8,Monitor,29,90,98
CUST003148,50.0,At Risk,24,60,71
CUST003149,85.8,Healthy,86,81,88
CUST003150,68.6,Monitor,80,21,81
CUST003151,77.2,Monitor,92,48,77
CUST003152,70.4,Monitor,76,44,78
CUST003153,61.2,Monitor,49,84,62
CUST003154,77.2,Monitor,74,78,80
CUST003155,64.6,Monitor,54,55,80
CUST003156,34.0,Critical,24,32,45
CUST003157,64.6,Monitor,47,77,76
CUST003158,61.8,Monitor,27,61,97
CUST003159,41.2,At Risk,34,26,56
CUST003160,46.4,At Risk,34,60,52
CUST003161,87.0,Healthy,99,73,82
CUST003162,49.2,At Risk,57,90,21
CUST003163,76.2,Monitor,63,65,95
CUST003164,83.2,Healthy,97,38,92
CUST003165,67.0,Monitor,54,41,93
CUST003166,43.6,At Risk,43,86,23
CUST003167,73.4,Monitor,71,47,89
CUST003168,75.6,Monitor,87,86,59
CUST003169,64.0,Monitor,90,64,38
CUST003170,51.8,At Risk,36,91,48
CUST003171,85.0,Healthy,94,57,90
CUST003172,55.2,At Risk,69,94,22
CUST003173,65.0,Monitor,95,69,33
CUST003174,68.0,Monitor,82,78,49
CUST003175,47.6,At Risk,54,44,43
CUST003176,46.0,At Risk,58,26,44
CUST003177,64.2,Monitor,40,47,97
CUST003178,76.2,Monitor,72,93,72
CUST003179,62.0,Monitor,30,80,85
CUST003180,38.2,Critical,23,21,62
CUST003181,54.2,At Risk,44,61,61
CUST003182,31.0,Critical,27,41,30
CUST003183,48.0,At Risk,34,86,43
CUST003184,64.8,Monitor,79,22,72
CUST003185,30.2,Critical,35,35,23
CUST003186,95.6,Healthy,99,90,95
CUST003187,58.0,At Risk,34,94,64
CUST003188,69.2,Monitor,65,42,87
CUST003189,62.0,Monitor,41,30,99
CUST003190,58.0,At Risk,90,66,22
CUST003191,61.6,Monitor,83,20,61
CUST003192,44.2,At Risk,41,25,57
CUST003193,57.6,At Risk,68,92,30
CUST003194,58.4,At Risk,64,66,49
CUST003195,50.8,At Risk,23,56,76
CUST003196,42.4,At Risk,23,28,69
CUST003197,29.4,Critical,40,27,20
CUST003198,46.2,At Risk,64,47,28
CUST003199,57.4,At Risk,79,79,25
CUST003200,60.2,Monitor,66,89,40
CUST003201,58.6,At Risk,47,47,76
CUST003202,58.8,At Risk,25,98,73
CUST003203,63.2,Monitor,91,86,24
CUST003204,66.8,Monitor,50,90,72
CUST003205,59.8,At Risk,56,33,77
CUST003206,67.6,Monitor,85,72,48
CUST003207,73.8,Monitor,80,99,55
CUST003208,74.8,Monitor,56,72,95
CUST003209,54.2,At Risk,38,91,52
CUST003210,58.2,At Risk,89,45,34
CUST003211,70.8,Monitor,73,62,73
CUST003212,74.0,Monitor,83,24,90
CUST003213,81.6,Healthy,63,84,99
CUST003214,60.2,Monitor,28,53,96
CUST003215,60.6,Monitor,99,51,27
CUST003216,81.6,Healthy,89,86,72
CUST003217,48.0,At Risk,30,96,42
CUST003218,72.4,Monitor,97,60,54
CUST003219,63.4,Monitor,52,89,62
CUST003220,63.6,Monitor,65,60,64
CUST003221,65.0,Monitor,57,49,81
CUST003222,60.4,Monitor,77,94,27
CUST003223,49.6,At Risk,80,26,31
CUST003224,49.2,At Risk,59,78,25
CUST003225,67.2,Monitor,52,60,86
CUST003226,89.4,Healthy,99,85,82
CUST003227,80.8,Healthy,91,52,85
CUST003228,84.8,Healthy,94,44,96
CUST003229,61.2,Monitor,75,52,52
CUST003230,45.4,At Risk,55,65,26
CUST003231,82.8,Healthy,92,84,73
CUST003232,49.0,At Risk,31,45,69
CUST003233,67.2,Monitor,52,56,88
CUST003234,34.0,Critical,35,46,27
CUST003235,43.8,At Risk,49,25,48
CUST003236,52.6,At Risk,33,77,60
CUST003237,43.8,At Risk,38,35,54
CUST003238,64.0,Monitor,94,24,54
CUST003239,58.4,At Risk,62,96,36
CUST003240,34.6,Critical,31,49,31
CUST003241,73.2,Monitor,99,26,71
CUST003242,62.4,Monitor,80,78,37
CUST003243,42.6,At Risk,28,33,62
CUST003244,51.0,At Risk,54,21,63
CUST003245,46.0,At Risk,37,30,63
CUST003246,74.2,Monitor,67,83,77
CUST003247,62.6,Monitor,29,87,84
CUST003248,68.4,Monitor,63,58,79
CUST003249,81.0,Healthy,76,65,94
CUST003250,53.4,At Risk,57,35,59
CUST003251,63.2,Monitor,41,84,75
CUST003252,60.6,Monitor,90,59,32
CUST003253,65.4,Monitor,91,31,57
CUST003254,61.8,Monitor,82,97,24
CUST003255,52.4,At Risk,28,28,89
CUST003256,72.4,Monitor,66,98,66
CUST003257,78.8,Monitor,82,58,86
CUST003258,71.8,Monitor,63,73,80
CUST003259,48.4,At Risk,36,82,44
CUST003260,82.6,Healthy,66,85,98
CUST003261,62.0,Monitor,98,58,28
CUST003262,52.2,At Risk,48,31,67
CUST003263,33.6,Critical,27,24,45
CUST003264,53.0,At Risk,64,73,32
CUST003265,56.8,At Risk,35,24,95
CUST003266,41.2,At Risk,25,26,65
CUST003267,42.8,At Risk,55,60,22
CUST003268,53.4,At Risk,53,63,49
CUST003269,58.0,At Risk,82,62,32
CUST003270,62.2,Monitor,76,93,33
CUST003271,42.0,At Risk,52,60,23
CUST003272,35.0,Critical,48,21,29
CUST003273,67.6,Monitor,97,76,34
CUST003274,49.2,At Risk,89,20,24
CUST003275,44.0,At Risk,21,20,79
CUST003276,81.6,Healthy,77,72,91
CUST003277,68.0,Monitor,73,38,78
CUST003278,80.6,Healthy,96,31,90
CUST003279,75.0,Monitor,71,71,81
CUST003280,69.0,Monitor,65,83,66
CUST003281,58.0,At Risk,51,76,56
CUST003282,53.4,At Risk,86,55,20
CUST003283,62.4,Monitor,59,64,65
CUST003284,57.0,At Risk,22,43,99
CUST003285,36.8,Critical,47,46,22
CUST003286,57.4,At Risk,74,63,38
CUST003287,36.6,Critical,31,63,29
CUST003288,50.0,At Risk,54,86,28
CUST003289,59.2,At Risk,63,32,69
CUST003290,43.6,At Risk,23,38,67
CUST003291,69.2,Monitor,77,38,77
CUST003292,58.4,At Risk,92,66,21
CUST003293,70.2,Monitor,89,35,69
CUST003294,65.4,Monitor,60,91,58
CUST003295,53.0,At Risk,58,61,44
CUST003296,47.0,At Risk,63,61,24
CUST003297,62.0,Monitor,86,40,49
CUST003298,64.2,Monitor,82,25,66
CUST003299,64.8,Monitor,50,96,64
CUST003300,52.4,At Risk,21,36,92
CUST003301,79.6,Monitor,98,90,56
CUST003302,59.8,At Risk,49,43,79
CUST003303,58.2,At Risk,42,25,91
CUST003304,40.8,At Risk,49,44,31
CUST003305,62.6,Monitor,59,63,66
CUST003306,40.4,At Risk,30,86,28
CUST003307,57.0,At Risk,41,61,71
CUST003308,59.4,At Risk,76,43,51
CUST003309,69.6,Monitor,71,92,57
CUST003310,68.4,Monitor,75,78,57
CUST003311,78.4,Monitor,60,94,89
CUST003312,85.2,Healthy,85,72,92
CUST003313,73.2,Monitor,93,46,67
CUST003314,70.8,Monitor,88,48,65
CUST003315,51.8,At Risk,38,41,71
CUST003316,56.6,At Risk,50,43,70
CUST003317,66.8,Monitor,54,68,79
CUST003318,66.4,Monitor,64,76,64
CUST003319,65.2,Monitor,72,26,78
CUST003320,50.4,At Risk,35,58,62
CUST003321,54.0,At Risk,86,38,30
CUST003322,55.4,At Risk,44,99,45
CUST003323,38.6,Critical,43,33,37
CUST003324,51.8,At Risk,46,79,44
CUST003325,54.2,At Risk,51,61,54
CUST003326,68.8,Monitor,73,88,55
CUST003327,71.0,Monitor,77,57,72
CUST003328,64.6,Monitor,97,87,21
CUST003329,54.6,At Risk,43,51,68
CUST003330,71.0,Monitor,91,79,47
CUST003331,50.0,At Risk,55,22,59
CUST003332,40.4,At Risk,23,22,67
CUST003333,65.0,Monitor,86,97,28
CUST003334,66.8,Monitor,61,42,85
CUST003335,57.2,At Risk,42,90,56
CUST003336,36.0,Critical,20,88,26
CUST003337,66.6,Monitor,98,53,42
CUST003338,68.2,Monitor,33,77,99
CUST003339,73.4,Monitor,57,57,98
CUST003340,70.0,Monitor,85,40,70
CUST003341,65.6,Monitor,46,88,74
CUST003342,50.0,At Risk,37,26,75
CUST003343,72.8,Monitor,84,24,86
CUST003344,44.8,At Risk,26,52,60
CUST003345,60.2,Monitor,52,45,76
CUST003346,31.6,Critical,34,28,31
CUST003347,69.4,Monitor,76,49,73
CUST003348,59.6,At Risk,53,52,70
CUST003349,61.6,Monitor,57,22,86
CUST003350,72.2,Monitor,92,81,48
CUST003351,79.6,Monitor,97,34,85
CUST003352,48.0,At Risk,81,24,27
CUST003353,29.0,Critical,32,21,30
CUST003354,40.2,At Risk,25,69,41
CUST003355,67.0,Monitor,58,33,93
CUST003356,68.2,Monitor,59,51,86
CUST003357,62.4,Monitor,29,74,90
CUST003358,49.4,At Risk,38,69,51
CUST003359,29.4,Critical,27,39,27
CUST003360,46.6,At Risk,44,39,53
CUST003361,68.6,Monitor,32,99,90
CUST003362,68.0,Monitor,99,90,26
CUST003363,85.4,Healthy,96,69,83
CUST003364,46.6,At Risk,46,45,48
CUST003365,68.4,Monitor,70,38,82
CUST003366,66.8,Monitor,59,60,78
CUST003367,61.2,Monitor,77,68,42
CUST003368,80.0,Healthy,91,94,62
CUST003369,77.2,Monitor,82,94,64
CUST003370,81.4,Healthy,93,81,70
CUST003371,45.2,At Risk,21,64,60
CUST003372,82.2,Healthy,95,45,88
CUST003373,75.4,Monitor,76,97,64
CUST003374,52.6,At Risk,70,31,46
CUST003375,78.2,Monitor,92,97,55
CUST003376,50.0,At Risk,33,72,56
CUST003377,67.6,Monitor,59,58,81
CUST003378,45.8,At Risk,34,43,59
CUST003379,71.8,Monitor,77,29,88
CUST003380,35.6,Critical,30,54,32
CUST003381,56.4,At Risk,28,56,85
CUST003382,56.2,At Risk,36,77,66
CUST003383,70.2,Monitor,69,89,62
CUST003384,86.0,Healthy,91,98,75
CUST003385,59.4,At Risk,70,85,36
CUST003386,49.4,At Risk,24,39,80
CUST003387,34.8,Critical,26,36,43
CUST003388,68.2,Monitor,76,73,58
CUST003389,81.6,Healthy,64,92,94
CUST003390,53.6,At Risk,29,50,80
CUST003391,35.8,Critical,29,29,46
CUST003392,56.4,At Risk,52,44,67
CUST003393,56.4,At Risk,69,44,50
CUST003394,46.0,At Risk,71,48,20
CUST003395,70.2,Monitor,84,83,50
CUST003396,54.4,At Risk,53,82,42
CUST003397,61.6,Monitor,61,24,81
CUST003398,63.8,Monitor,90,61,39
CUST003399,59.6,At Risk,84,34,48
CUST003400,71.8,Monitor,96,21,73
CUST003401,37.4,Critical,21,37,54
CUST003402,66.2,Monitor,79,67,53
CUST003403,47.8,At Risk,53,55,39
CUST003404,75.4,Monitor,89,65,67
CUST003405,56.4,At Risk,42,86,56
CUST003406,63.4,Monitor,61,99,48
CUST003407,57.2,At Risk,48,92,49
CUST003408,60.8,Monitor,31,44,99
CUST003409,30.4,Critical,41,24,23
CUST003410,83.4,Healthy,66,93,96
CUST003411,48.6,At Risk,23,27,85
CUST003412,66.6,Monitor,40,93,80
CUST003413,69.2,Monitor,87,54,59
CUST003414,42.4,At Risk,25,46,58
CUST003415,52.8,At Risk,36,30,81
CUST003416,53.6,At Risk,36,74,61
CUST003417,74.0,Monitor,79,70,71
CUST003418,48.8,At Risk,28,38,75
CUST003419,53.2,At Risk,48,94,38
CUST003420,80.4,Healthy,98,26,90
CUST003421,61.6,Monitor,67,78,48
CUST003422,88.0,Healthy,85,80,95
CUST003423,47.0,At Risk,53,29,50
CUST003424,70.6,Monitor,48,83,87
CUST003425,61.8,Monitor,71,23,72
CUST003426,78.6,Monitor,73,97,75
CUST003427,44.6,At Risk,20,91,46
CUST003428,90.6,Healthy,92,95,87
CUST003429,76.6,Monitor,63,65,96
CUST003430,36.2,Critical,20,23,59
CUST003431,73.0,Monitor,74,53,82
CUST003432,69.2,Monitor,90,32,67
CUST003433,72.2,Monitor,82,77,60
CUST003434,46.0,At Risk,60,30,40
CUST003435,64.2,Monitor,46,39,95
CUST003436,81.8,Healthy,97,85,65
CUST003437,51.2,At Risk,58,54,43
CUST003438,49.6,At Risk,20,22,93
CUST003439,28.2,Critical,20,41,30
CUST003440,62.6,Monitor,39,79,78
CUST003441,53.0,At Risk,80,51,27
CUST003442,57.6,At Risk,75,98,20
CUST003443,61.2,Monitor,72,48,57
CUST003444,56.8,At Risk,86,26,43
CUST003445,90.8,Healthy,98,98,80
CUST003446,63.8,Monitor,44,57,87
CUST003447,69.8,Monitor,63,73,75
CUST003448,61.6,Monitor,61,74,56
CUST003449,70.6,Monitor,99,23,66
CUST003450,37.6,Critical,26,86,25
CUST003451,80.4,Healthy,69,82,91
CUST003452,57.0,At Risk,96,21,36
CUST003453,70.8,Monitor,81,40,76
CUST003454,65.2,Monitor,94,40,49
CUST003455,76.8,Monitor,89,86,60
CUST003456,60.6,Monitor,32,87,76
CUST003457,71.2,Monitor,83,88,51
CUST003458,77.4,Monitor,49,93,98
CUST003459,60.6,Monitor,92,63,28
CUST003460,47.8,At Risk,43,41,56
CUST003461,83.0,Healthy,80,77,89
CUST003462,63.2,Monitor,67,34,74
CUST003463,33.6,Critical,26,68,24
CUST003464,50.0,At Risk,31,58,65
CUST003465,47.8,At Risk,59,23,49
CUST003466,80.2,Healthy,72,97,80
CUST003467,30.8,Critical,23,52,28
CUST003468,64.8,Monitor,97,84,23
CUST003469,79.6,Monitor,73,72,90
CUST003470,48.2,At Risk,65,29,41
CUST003471,60.0,Monitor,60,34,73
CUST003472,60.4,Monitor,74,38,58
CUST003473,70.0,Monitor,74,50,76
CUST003474,71.6,Monitor,70,52,83
CUST003475,82.0,Healthy,78,70,92
CUST003476,47.0,At Risk,49,21,58
CUST003477,48.8,At Risk,70,34,35
CUST003478,69.6,Monitor,86,68,54
CUST003479,46.8,At Risk,40,82,36
CUST003480,60.0,Monitor,91,38,40
CUST003481,34.6,Critical,29,45,35
CUST003482,63.4,Monitor,36,93,76
CUST003483,76.0,Monitor,76,50,89
CUST003484,74.0,Monitor,49,76,98
CUST003485,52.8,At Risk,66,62,35
CUST003486,45.2,At Risk,69,22,33
CUST003487,58.4,At Risk,21,58,96
CUST003488,76.8,Monitor,83,38,90
CUST003489,64.2,Monitor,44,55,89
CUST003490,54.6,At Risk,75,51,36
CUST003491,42.4,At Risk,57,46,26
CUST003492,58.2,At Risk,85,37,42
CUST003493,52.0,At Risk,54,32,60
CUST003494,57.0,At Risk,53,53,63
CUST003495,73.0,Monitor,84,27,85
CUST003496,63.2,Monitor,93,78,26
CUST003497,74.0,Monitor,99,86,43
CUST003498,65.6,Monitor,53,98,62
CUST003499,57.0,At Risk,25,79,78
CUST003500,54.2,At Risk,32,67,70
CUST003501,75.0,Monitor,64,65,91
CUST003502,78.6,Monitor,76,91,75
CUST003503,84.0,Healthy,85,64,93
CUST003504,43.4,At Risk,43,89,21
CUST003505,59.0,At Risk,85,73,26
CUST003506,57.2,At Risk,57,30,71
CUST003507,86.2,Healthy,84,73,95
CUST003508,52.8,At Risk,68,58,35
CUST003509,63.8,Monitor,85,91,29
CUST003510,32.0,Critical,46,26,21
CUST003511,71.2,Monitor,83,64,63
CUST003512,68.8,Monitor,70,50,77
CUST003513,56.2,At Risk,43,85,55
CUST003514,57.2,At Risk,67,90,31
CUST003515,67.4,Monitor,74,29,80
CUST003516,65.4,Monitor,90,29,59
CUST003517,84.2,Healthy,88,65,90
CUST003518,79.2,Monitor,59,94,92
CUST003519,56.2,At Risk,27,37,95
CUST003520,49.2,At Risk,56,34,50
CUST003521,81.0,Healthy,90,77,74
CUST003522,50.2,At Risk,20,29,91
CUST003523,26.2,Critical,28,25,25
CUST003524,42.2,At Risk,50,45,33
CUST003525,53.6,At Risk,28,34,89
CUST003526,63.6,Monitor,63,90,51
CUST003527,61.6,Monitor,87,56,39
CUST003528,51.2,At Risk,30,84,56
CUST003529,76.0,Monitor,96,34,77
CUST003530,37.0,Critical,45,53,21
CUST003531,84.2,Healthy,69,95,94
CUST003532,85.0,Healthy,91,55,94
CUST003533,77.6,Monitor,74,54,93
CUST003534,46.2,At Risk,43,71,37
CUST003535,56.0,At Risk,49,74,54
CUST003536,52.6,At Risk,94,25,25
CUST003537,49.2,At Risk,62,60,31
CUST003538,50.0,At Risk,47,46,55
CUST003539,47.0,At Risk,28,75,52
CUST003540,54.6,At Risk,28,39,89
CUST003541,61.4,Monitor,61,47,69
CUST003542,60.6,Monitor,96,29,41
CUST003543,30.4,Critical,40,22,25
CUST003544,54.4,At Risk,20,36,98
CUST003545,65.6,Monitor,46,98,69
CUST003546,44.8,At Risk,61,58,22
CUST003547,50.6,At Risk,53,81,33
CUST003548,58.4,At Risk,76,66,37
CUST003549,45.6,At Risk,43,82,30
CUST003550,58.6,At Risk,52,23,83
CUST003551,73.0,Monitor,54,87,85
CUST003552,51.2,At Risk,63,64,33
CUST003553,63.8,Monitor,97,55,35
CUST003554,70.6,Monitor,62,59,85
CUST003555,39.8,Critical,30,31,54
CUST003556,44.4,At Risk,39,80,32
CUST003557,62.4,Monitor,73,30,68
CUST003558,65.0,Monitor,56,77,68
CUST003559,61.0,Monitor,45,83,66
CUST003560,43.6,At Risk,46,38,44
CUST003561,71.4,Monitor,78,63,69
CUST003562,79.4,Monitor,95,33,87
CUST003563,34.2,Critical,23,79,23
CUST003564,83.4,Healthy,93,35,98
CUST003565,55.4,At Risk,22,95,69
CUST003566,37.2,Critical,52,42,20
CUST003567,62.2,Monitor,50,45,83
CUST003568,49.6,At Risk,56,48,44
CUST003569,76.0,Monitor,55,94,88
CUST003570,37.6,Critical,24,30,55
CUST003571,56.4,At Risk,48,42,72
CUST003572,84.0,Healthy,93,96,69
CUST003573,70.2,Monitor,82,81,53
CUST003574,63.2,Monitor,28,94,83
CUST003575,60.4,Monitor,55,76,58
CUST003576,81.4,Healthy,74,95,82
CUST003577,84.6,Healthy,88,75,86
CUST003578,56.2,At Risk,53,57,59
CUST003579,48.4,At Risk,29,84,50
CUST003580,62.6,Monitor,67,95,42
CUST003581,45.2,At Risk,52,64,29
CUST003582,71.0,Monitor,60,99,68
CUST003583,55.6,At Risk,42,22,86
CUST003584,73.0,Monitor,93,73,53
CUST003585,35.8,Critical,31,63,27
CUST003586,61.6,Monitor,32,68,88
CUST003587,43.6,At Risk,25,84,42
CUST003588,51.8,At Risk,23,83,65
CUST003589,54.8,At Risk,27,70,75
CUST003590,87.2,Healthy,94,50,99
CUST003591,52.2,At Risk,37,35,76
CUST003592,84.2,Healthy,76,95,87
CUST003593,76.0,Monitor,60,94,83
CUST003594,68.0,Monitor,99,86,28
CUST003595,49.4,At Risk,45,57,50
CUST003596,65.2,Monitor,86,28,63
CUST003597,52.0,At Risk,69,72,25
CUST003598,65.0,Monitor,93,89,25
CUST003599,90.2,Healthy,95,91,85
CUST003600,57.2,At Risk,44,50,74
CUST003601,53.4,At Risk,75,33,42
CUST003602,46.0,At Risk,58,66,24
CUST003603,41.6,At Risk,31,44,51
CUST003604,73.8,Monitor,83,79,62
CUST003605,75.8,Monitor,80,73,73
CUST003606,36.0,Critical,22,26,55
CUST003607,66.2,Monitor,94,73,35
CUST003608,43.2,At Risk,23,20,75
CUST003609,77.4,Monitor,66,79,88
CUST003610,70.4,Monitor,70,80,66
CUST003611,39.0,Critical,24,75,36
CUST003612,55.4,At Risk,43,89,51
CUST003613,81.0,Healthy,99,51,78
CUST003614,74.0,Monitor,96,82,48
CUST003615,56.0,At Risk,58,36,64
CUST003616,67.4,Monitor,80,83,47
CUST003617,56.8,At Risk,81,22,50
CUST003618,88.0,Healthy,99,60,91
CUST003619,56.4,At Risk,67,84,32
CUST003620,45.6,At Risk,46,38,49
CUST003621,63.8,Monitor,68,55,64
CUST003622,71.2,Monitor,85,58,64
CUST003623,55.8,At Risk,27,77,74
CUST003624,53.2,At Risk,21,36,94
CUST003625,83.0,Healthy,88,97,71
CUST003626,49.8,At Risk,59,51,40
CUST003627,31.2,Critical,36,22,31
CUST003628,64.4,Monitor,72,42,68
CUST003629,85.6,Healthy,97,42,96
CUST003630,70.6,Monitor,70,69,72
CUST003631,57.4,At Risk,90,51,28
CUST003632,78.6,Monitor,95,35,84
CUST003633,82.0,Healthy,96,46,86
CUST003634,85.8,Healthy,91,93,77
CUST003635,41.0,At Risk,30,85,30
CUST003636,41.8,At Risk,46,35,41
CUST003637,63.0,Monitor,60,73,61
CUST003638,69.4,Monitor,82,91,46
CUST003639,62.6,Monitor,36,89,76
CUST003640,70.2,Monitor,37,83,97
CUST003641,49.4,At Risk,40,57,55
CUST003642,71.6,Monitor,80,34,82
CUST003643,36.0,Critical,22,66,35
CUST003644,75.2,Monitor,64,80,84
CUST003645,56.2,At Risk,42,93,52
CUST003646,64.6,Monitor,92,93,23
CUST003647,46.2,At Risk,25,31,75
CUST003648,83.0,Healthy,79,81,88
CUST003649,72.6,Monitor,82,93,53
CUST003650,64.8,Monitor,93,84,27
CUST003651,75.2,Monitor,92,62,65
CUST003652,23.2,Critical,23,26,22
CUST003653,54.6,At Risk,96,23,29
CUST003654,84.8,Healthy,89,98,74
CUST003655,34.2,Critical,29,29,42
CUST003656,34.6,Critical,50,21,26
CUST003657,70.2,Monitor,31,99,95
CUST003658,48.2,At Risk,72,37,30
CUST003659,53.4,At Risk,82,21,41
CUST003660,28.8,Critical,29,38,24
CUST003661,39.0,Critical,22,55,48
CUST003662,66.6,Monitor,61,31,90
CUST003663,65.6,Monitor,80,74,47
CUST003664,70.8,Monitor,55,66,89
CUST003665,73.8,Monitor,62,95,75
CUST003666,68.0,Monitor,37,72,97
CUST003667,49.6,At Risk,47,74,40
CUST003668,54.2,At Risk,47,73,52
CUST003669,72.0,Monitor,89,40,71
CUST003670,40.2,At Risk,49,61,21
CUST003671,37.0,Critical,45,43,26
CUST003672,71.0,Monitor,73,35,87
CUST003673,61.8,Monitor,93,53,35
CUST003674,49.6,At Risk,46,64,46
CUST003675,48.8,At Risk,62,76,22
CUST003676,54.0,At Risk,82,20,43
CUST003677,58.8,At Risk,84,76,25
CUST003678,54.8,At Risk,43,62,63
CUST003679,84.8,Healthy,89,70,88
CUST003680,92.6,Healthy,91,97,92
CUST003681,60.8,Monitor,38,50,89
CUST003682,52.2,At Risk,61,91,24
CUST003683,54.8,At Risk,48,78,50
CUST003684,33.4,Critical,29,39,35
CUST003685,58.4,At Risk,55,82,50
CUST003686,65.0,Monitor,59,47,80
CUST003687,63.4,Monitor,43,45,93
CUST003688,50.6,At Risk,80,37,28
CUST003689,54.8,At Risk,52,36,67
CUST003690,51.6,At Risk,24,38,86
CUST003691,60.4,Monitor,75,22,65
CUST003692,69.6,Monitor,59,40,95
CUST003693,72.6,Monitor,51,99,81
CUST003694,55.2,At Risk,42,70,61
CUST003695,59.6,At Risk,55,96,46
CUST003696,37.8,Critical,45,31,34
CUST003697,68.0,Monitor,94,76,38
CUST003698,43.6,At Risk,25,72,48
CUST003699,49.2,At Risk,33,82,49
CUST003700,72.8,Monitor,49,90,88
CUST003701,53.4,At Risk,52,99,32
CUST003702,41.6,At Risk,51,22,42
CUST003703,38.6,Critical,37,35,42
CUST003704,70.4,Monitor,63,30,98
CUST003705,47.4,At Risk,29,57,61
CUST003706,52.2,At Risk,45,75,48
CUST003707,61.6,Monitor,25,72,93
CUST003708,63.4,Monitor,91,87,24
CUST003709,25.2,Critical,22,20,31
CUST003710,78.2,Monitor,91,43,83
CUST003711,68.0,Monitor,50,82,79
CUST003712,78.4,Monitor,76,82,79
CUST003713,59.2,At Risk,26,86,79
CUST003714,43.6,At Risk,25,70,49
CUST003715,66.4,Monitor,65,44,79
CUST003716,64.0,Monitor,71,96,41
CUST003717,43.0,At Risk,45,59,33
CUST003718,34.8,Critical,46,32,25
CUST003719,56.2,At Risk,90,29,36
CUST003720,45.4,At Risk,31,47,59
CUST003721,35.8,Critical,23,71,31
CUST003722,45.8,At Risk,82,25,20
CUST003723,38.2,Critical,51,41,24
CUST003724,66.0,Monitor,77,30,73
CUST003725,47.6,At Risk,24,64,63
CUST003726,76.8,Monitor,64,92,82
CUST003727,62.0,Monitor,84,46,48
CUST003728,49.4,At Risk,85,21,28
CUST003729,70.0,Monitor,95,72,44
CUST003730,42.6,At Risk,67,27,26
CUST003731,69.4,Monitor,69,89,60
CUST003732,74.6,Monitor,85,39,82
CUST003733,67.4,Monitor,79,67,56
CUST003734,73.6,Monitor,98,50,61
CUST003735,95.8,Healthy,99,87,97
CUST003736,36.0,Critical,21,40,49
CUST003737,42.8,At Risk,44,24,51
CUST003738,87.2,Healthy,76,90,97
CUST003739,53.2,At Risk,69,54,37
CUST003740,66.2,Monitor,60,37,87
CUST003741,38.6,Critical,57,29,25
CUST003742,55.0,At Risk,72,37,47
CUST003743,57.4,At Risk,76,65,35
CUST003744,73.8,Monitor,43,97,93
CUST003745,83.0,Healthy,77,83,89
CUST003746,48.6,At Risk,43,75,41
CUST003747,59.0,At Risk,52,27,82
CUST003748,47.4,At Risk,24,35,77
CUST003749,48.2,At Risk,36,39,65
CUST003750,78.8,Monitor,90,50,82
CUST003751,37.4,Critical,39,23,43
CUST003752,85.6,Healthy,77,92,91
CUST003753,47.8,At Risk,34,51,60
CUST003754,88.2,Healthy,74,97,98
CUST003755,71.8,Monitor,89,31,75
CUST003756,48.6,At Risk,86,31,20
CUST003757,55.2,At Risk,71,56,39
CUST003758,90.2,Healthy,95,79,91
CUST003759,42.0,At Risk,31,56,46
CUST003760,47.4,At Risk,47,31,56
CUST003761,40.2,At Risk,21,71,44
CUST003762,47.4,At Risk,45,67,40
CUST003763,58.0,At Risk,57,72,52
CUST003764,68.2,Monitor,62,43,87
CUST003765,65.2,Monitor,82,62,50
CUST003766,81.0,Healthy,60,99,93
CUST003767,44.6,At Risk,39,81,32
CUST003768,70.0,Monitor,48,84,85
CUST003769,31.0,Critical,21,71,21
CUST003770,66.0,Monitor,91,48,50
CUST003771,36.6,Critical,39,39,33
CUST003772,32.6,Critical,32,27,36
CUST003773,41.8,At Risk,31,65,41
CUST003774,62.6,Monitor,35,55,94
CUST003775,60.6,Monitor,43,23,97
CUST003776,41.6,At Risk,65,30,24
CUST003777,57.4,At Risk,67,85,34
CUST003778,53.4,At Risk,70,67,30
CUST003779,54.4,At Risk,36,24,88
CUST003780,57.4,At Risk,43,59,71
CUST003781,32.6,Critical,40,35,24
CUST003782,49.0,At Risk,63,53,33
CUST003783,49.4,At Risk,73,33,34
CUST003784,77.2,Monitor,96,78,58
CUST003785,58.0,At Risk,67,94,31
CUST003786,66.8,Monitor,39,66,95
CUST003787,60.2,Monitor,20,69,96
CUST003788,62.6,Monitor,34,79,83
CUST003789,61.8,Monitor,24,69,96
CUST003790,47.6,At Risk,48,52,45
CUST003791,51.2,At Risk,28,52,74
CUST003792,58.6,At Risk,34,45,90
CUST003793,50.4,At Risk,62,74,27
CUST003794,41.4,At Risk,32,77,33
CUST003795,52.4,At Risk,27,60,74
CUST003796,41.8,At Risk,39,25,53
CUST003797,51.8,At Risk,54,97,27
CUST003798,76.2,Monitor,92,27,85
CUST003799,66.4,Monitor,36,62,99
CUST003800,48.0,At Risk,40,56,52
CUST003801,65.8,Monitor,67,73,61
CUST003802,40.0,At Risk,32,24,56
CUST003803,55.8,At Risk,56,43,62
CUST003804,31.6,Critical,37,38,23
CUST003805,86.6,Healthy,75,93,95
CUST003806,69.4,Monitor,79,71,59
CUST003807,70.2,Monitor,83,99,43
CUST003808,75.6,Monitor,80,94,62
CUST003809,62.0,Monitor,44,38,92
CUST003810,48.0,At Risk,40,68,46
CUST003811,52.0,At Risk,57,38,54
CUST003812,59.4,At Risk,89,67,26
CUST003813,50.8,At Risk,73,64,22
CUST003814,71.8,Monitor,96,81,43
CUST003815,56.4,At Risk,25,48,92
CUST003816,70.0,Monitor,55,62,89
CUST003817,52.2,At Risk,49,73,45
CUST003818,60.4,Monitor,78,78,34
CUST003819,63.6,Monitor,68,86,48
CUST003820,42.8,At Risk,24,52,57
CUST003821,51.4,At Risk,45,83,42
CUST003822,67.4,Monitor,79,21,79
CUST003823,65.8,Monitor,38,69,92
CUST003824,48.6,At Risk,63,67,25
CUST003825,46.8,At Risk,47,50,45
CUST003826,58.4,At Risk,49,32,81
CUST003827,45.8,At Risk,52,83,21
CUST003828,29.4,Critical,41,23,21
CUST003829,51.6,At Risk,53,94,29
CUST003830,70.4,Monitor,78,78,59
CUST003831,54.4,At Risk,48,38,69
CUST003832,39.6,Critical,20,20,69
CUST003833,57.0,At Risk,51,71,56
CUST003834,43.0,At Risk,21,45,64
CUST003835,74.4,Monitor,70,90,71
CUST003836,62.4,Monitor,47,60,79
CUST003837,42.4,At Risk,22,48,60
CUST003838,60.4,Monitor,33,52,92
CUST003839,54.6,At Risk,83,39,34
CUST003840,60.2,Monitor,75,35,58
CUST003841,48.6,At Risk,46,33,59
CUST003842,74.2,Monitor,45,95,93
CUST003843,54.2,At Risk,68,89,23
CUST003844,66.2,Monitor,93,61,42
CUST003845,53.6,At Risk,34,60,70
CUST003846,48.8,At Risk,89,26,20
CUST003847,54.0,At Risk,29,88,62
CUST003848,57.4,At Risk,60,71,48
CUST003849,72.6,Monitor,62,65,87
CUST003850,79.6,Monitor,79,76,82
CUST003851,60.4,Monitor,43,50,83
CUST003852,69.4,Monitor,72,61,71
CUST003853,85.6,Healthy,84,64,98
CUST003854,51.0,At Risk,31,33,80
CUST003855,44.6,At Risk,39,65,40
CUST003856,26.8,Critical,27,22,29
CUST003857,77.2,Monitor,94,68,65
CUST003858,50.2,At Risk,30,59,66
CUST003859,57.2,At Risk,82,62,30
CUST003860,39.6,Critical,29,52,44
CUST003861,69.6,Monitor,91,38,64
CUST003862,60.0,Monitor,90,66,27
CUST003863,61.6,Monitor,51,68,69
CUST003864,65.6,Monitor,76,56,60
CUST003865,77.8,Monitor,74,65,88
CUST003866,45.8,At Risk,21,21,83
CUST003867,58.8,At Risk,25,78,83
CUST003868,34.0,Critical,21,68,30
CUST003869,60.4,Monitor,54,20,87
CUST003870,62.6,Monitor,99,33,41
CUST003871,33.6,Critical,20,72,28
CUST003872,57.2,At Risk,46,30,82
CUST003873,52.6,At Risk,33,79,59
CUST003874,59.6,At Risk,83,52,40
CUST003875,37.2,Critical,39,48,30
CUST003876,65.4,Monitor,93,39,51
CUST003877,61.8,Monitor,64,95,43
CUST003878,38.8,Critical,47,24,38
CUST003879,61.6,Monitor,81,52,47
CUST003880,63.0,Monitor,68,53,63
CUST003881,79.8,Monitor,81,71,83
CUST003882,40.2,At Risk,22,81,38
CUST003883,42.4,At Risk,39,92,21
CUST003884,46.6,At Risk,46,83,29
CUST003885,48.6,At Risk,66,61,25
CUST003886,35.2,Critical,24,30,49
CUST003887,65.2,Monitor,32,92,85
CUST003888,36.2,Critical,24,59,37
CUST003889,80.6,Healthy,65,97,88
CUST003890,27.0,Critical,21,45,24
CUST003891,46.0,At Risk,28,52,61
CUST003892,50.6,At Risk,26,23,89
CUST003893,90.8,Healthy,99,70,93
CUST003894,65.0,Monitor,34,95,81
CUST003895,50.2,At Risk,62,49,39
CUST003896,65.4,Monitor,37,91,81
CUST003897,67.2,Monitor,35,84,91
CUST003898,62.6,Monitor,20,93,90
CUST003899,70.6,Monitor,97,35,62
CUST003900,77.2,Monitor,89,92,58
CUST003901,54.8,At Risk,60,90,32
CUST003902,64.4,Monitor,59,70,67
CUST003903,28.2,Critical,31,23,28
CUST003904,40.0,At Risk,24,28,62
CUST003905,77.2,Monitor,94,32,83
CUST003906,58.8,At Risk,60,64,55
CUST003907,57.4,At Risk,59,73,48
CUST003908,59.8,At Risk,77,27,59
CUST003909,72.8,Monitor,87,24,83
CUST003910,61.6,Monitor,44,48,86
CUST003911,67.0,Monitor,79,23,77
CUST003912,73.0,Monitor,76,37,88
CUST003913,60.0,Monitor,78,50,47
CUST003914,80.6,Healthy,97,49,80
CUST003915,47.4,At Risk,32,65,54
CUST003916,33.0,Critical,41,21,31
CUST003917,64.8,Monitor,78,78,45
CUST003918,88.2,Healthy,84,83,95
CUST003919,71.4,Monitor,72,41,86
CUST003920,85.2,Healthy,72,86,98
CUST003921,59.4,At Risk,59,53,63
CUST003922,81.8,Healthy,93,29,97
CUST003923,55.2,At Risk,66,50,47
CUST003924,34.2,Critical,38,39,28
CUST003925,50.6,At Risk,77,57,21
CUST003926,79.6,Monitor,97,76,64
CUST003927,68.6,Monitor,77,49,70
CUST003928,41.2,At Risk,24,74,42
CUST003929,71.8,Monitor,57,63,91
CUST003930,41.6,At Risk,20,26,71
CUST003931,79.4,Monitor,79,63,88
CUST003932,54.2,At Risk,58,45,55
CUST003933,75.4,Monitor,76,31,97
CUST003934,40.4,At Risk,29,80,32
CUST003935,59.6,At Risk,60,44,67
CUST003936,32.4,Critical,48,22,22
CUST003937,85.8,Healthy,85,81,89
CUST003938,40.8,At Risk,24,50,53
CUST003939,41.2,At Risk,28,28,61
CUST003940,57.0,At Risk,90,47,29
CUST003941,48.8,At Risk,75,44,25
CUST003942,61.4,Monitor,68,81,45
CUST003943,34.4,Critical,31,68,21
CUST003944,57.4,At Risk,28,81,75
CUST003945,59.4,At Risk,63,33,69
CUST003946,48.8,At Risk,60,32,46
CUST003947,45.8,At Risk,52,79,23
CUST003948,46.8,At Risk,34,86,40
CUST003949,80.0,Healthy,92,48,84
CUST003950,54.6,At Risk,44,29,78
CUST003951,67.0,Monitor,67,93,54
CUST003952,45.8,At Risk,41,43,52
CUST003953,78.8,Monitor,98,90,54
CUST003954,75.8,Monitor,81,75,71
CUST003955,35.8,Critical,26,51,38
CUST003956,46.4,At Risk,25,70,56
CUST003957,48.0,At Risk,63,24,45
CUST003958,89.4,Healthy,80,91,98
CUST003959,71.8,Monitor,81,33,82
CUST003960,38.0,Critical,29,28,52
CUST003961,55.6,At Risk,57,52,56
CUST003962,56.4,At Risk,83,48,34
CUST003963,47.6,At Risk,28,78,52
CUST003964,60.8,Monitor,73,54,52
CUST003965,85.6,Healthy,85,94,82
CUST003966,48.6,At Risk,39,21,72
CUST003967,66.4,Monitor,54,98,63
CUST003968,37.4,Critical,21,91,27
CUST003969,51.8,At Risk,65,83,23
CUST003970,59.0,At Risk,98,21,39
CUST003971,50.2,At Risk,52,87,30
CUST003972,45.0,At Risk,57,55,28
CUST003973,58.2,At Risk,91,51,29
CUST003974,61.4,Monitor,80,45,51
CUST003975,73.4,Monitor,80,21,93
CUST003976,70.4,Monitor,71,56,77
CUST003977,54.0,At Risk,40,64,63
CUST003978,68.2,Monitor,69,47,78
CUST003979,49.6,At Risk,29,98,46
CUST003980,85.6,Healthy,98,90,71
CUST003981,39.6,Critical,43,48,32
CUST003982,62.6,Monitor,98,21,48
CUST003983,62.0,Monitor,40,44,93
CUST003984,63.8,Monitor,39,71,85
CUST003985,66.6,Monitor,82,83,43
CUST003986,54.6,At Risk,74,41,42
CUST003987,47.8,At Risk,44,21,65
CUST003988,55.0,At Risk,23,73,78
CUST003989,41.2,At Risk,22,66,48
CUST003990,81.8,Healthy,97,61,77
CUST003991,56.8,At Risk,29,58,84
CUST003992,36.4,Critical,40,24,39
CUST003993,62.8,Monitor,83,56,46
CUST003994,49.2,At Risk,27,24,84
CUST003995,55.6,At Risk,56,64,51
CUST003996,90.0,Healthy,97,80,88
CUST003997,90.2,Healthy,98,65,95
CUST003998,46.2,At Risk,32,59,54
CUST003999,52.2,At Risk,25,63,74
CUST004000,74.4,Monitor,86,42,79
CUST004001,39.4,Critical,24,45,52
CUST004002,85.2,Healthy,94,82,78
CUST004003,59.2,At Risk,49,26,86
CUST004004,31.8,Critical,24,57,27
CUST004005,36.4,Critical,40,44,29
CUST004006,80.2,Healthy,85,91,70
CUST004007,55.4,At Risk,58,65,48
CUST004008,49.8,At Risk,40,35,67
CUST004009,60.4,Monitor,50,78,62
CUST004010,72.2,Monitor,87,57,65
CUST004011,52.6,At Risk,40,37,73
CUST004012,37.0,Critical,27,29,51
CUST004013,32.6,Critical,34,29,33
CUST004014,56.6,At Risk,91,43,29
CUST004015,44.2,At Risk,48,45,40
CUST004016,52.4,At Risk,27,48,80
CUST004017,62.8,Monitor,38,50,94
CUST004018,77.0,Monitor,89,35,86
CUST004019,75.6,Monitor,79,26,97
CUST004020,37.2,Critical,38,28,41
CUST004021,56.6,At Risk,82,53,33
CUST004022,62.8,Monitor,76,64,49
CUST004023,73.8,Monitor,82,29,88
CUST004024,74.6,Monitor,69,89,73
CUST004025,55.2,At Risk,49,30,74
CUST004026,73.0,Monitor,80,87,59
CUST004027,60.4,Monitor,66,24,73
CUST004028,54.4,At Risk,50,86,43
CUST004029,63.0,Monitor,72,23,74
CUST004030,61.6,Monitor,57,36,79
CUST004031,54.4,At Risk,26,52,84
CUST004032,84.8,Healthy,80,90,87
CUST004033,71.8,Monitor,73,53,80
CUST004034,55.0,At Risk,77,33,44
CUST004035,79.6,Monitor,93,66,73
CUST004036,77.8,Monitor,63,83,90
CUST004037,58.4,At Risk,70,78,37
CUST004038,47.4,At Risk,40,99,29
CUST004039,56.2,At Risk,72,61,38
CUST004040,36.2,Critical,23,65,35
CUST004041,71.2,Monitor,65,94,66
CUST004042,34.6,Critical,25,83,20
CUST004043,54.6,At Risk,53,85,41
CUST004044,59.2,At Risk,28,42,99
CUST004045,79.6,Monitor,78,72,85
CUST004046,62.8,Monitor,30,84,85
CUST004047,53.0,At Risk,68,77,26
CUST004048,55.6,At Risk,53,86,43
CUST004049,40.4,At Risk,26,78,36
CUST004050,52.0,At Risk,61,40,49
CUST004051,49.0,At Risk,30,97,44
CUST004052,50.0,At Risk,47,66,45
CUST004053,61.4,Monitor,63,57,62
CUST004054,54.0,At Risk,48,54,60
CUST004055,42.2,At Risk,47,59,29
CUST004056,71.2,Monitor,37,92,95
CUST004057,52.6,At Risk,64,65,35
CUST004058,50.6,At Risk,46,45,58
CUST004059,60.0,Monitor,20,74,93
CUST004060,64.6,Monitor,78,85,41
CUST004061,72.6,Monitor,55,71,91
CUST004062,83.0,Healthy,73,93,88
CUST004063,85.6,Healthy,98,48,92
CUST004064,62.2,Monitor,59,57,68
CUST004065,40.0,At Risk,30,96,22
CUST004066,49.2,At Risk,42,62,50
CUST004067,50.6,At Risk,31,39,76
CUST004068,55.6,At Risk,48,80,51
CUST004069,33.0,Critical,21,39,42
CUST004070,60.2,Monitor,77,51,48
CUST004071,60.4,Monitor,45,98,57
CUST004072,32.8,Critical,22,72,24
CUST004073,65.4,Monitor,37,99,77
CUST004074,31.6,Critical,27,20,42
CUST004075,43.4,At Risk,73,21,25
CUST004076,74.2,Monitor,38,99,98
CUST004077,60.4,Monitor,45,88,62
CUST004078,49.0,At Risk,45,91,32
CUST004079,81.4,Healthy,60,91,98
CUST004080,59.2,At Risk,23,56,97
CUST004081,76.6,Monitor,92,41,79
CUST004082,72.4,Monitor,97,28,70
CUST004083,44.4,At Risk,28,86,40
CUST004084,45.8,At Risk,48,93,20
CUST004085,73.4,Monitor,58,71,90
CUST004086,53.4,At Risk,63,45,48
CUST004087,40.2,At Risk,37,51,38
CUST004088,76.6,Monitor,85,97,58
CUST004089,68.6,Monitor,91,99,31
CUST004090,40.0,At Risk,38,22,51
CUST004091,41.4,At Risk,27,91,31
CUST004092,86.0,Healthy,72,98,94
CUST004093,70.4,Monitor,58,64,86
CUST004094,44.2,At Risk,39,31,56
CUST004095,54.8,At Risk,28,74,72
CUST004096,51.2,At Risk,61,46,44
CUST004097,67.4,Monitor,92,59,47
CUST004098,74.6,Monitor,51,79,96
CUST004099,62.0,Monitor,48,26,94
CUST004100,53.2,At Risk,75,60,28
CUST004101,71.8,Monitor,48,79,92
CUST004102,52.0,At Risk,51,92,33
CUST004103,69.0,Monitor,89,93,37
CUST004104,42.4,At Risk,24,38,63
CUST004105,61.8,Monitor,35,99,70
CUST004106,49.2,At Risk,69,50,29
CUST004107,45.0,At Risk,50,71,27
CUST004108,78.8,Monitor,60,82,96
CUST004109,51.6,At Risk,52,34,60
CUST004110,51.0,At Risk,25,75,65
CUST004111,47.8,At Risk,30,77,51
CUST004112,44.6,At Risk,33,93,32
CUST004113,61.4,Monitor,25,75,91
CUST004114,73.8,Monitor,57,81,87
CUST004115,63.4,Monitor,94,65,32
CUST004116,74.2,Monitor,79,43,85
CUST004117,44.2,At Risk,38,73,36
CUST004118,54.2,At Risk,77,35,41
CUST004119,57.0,At Risk,76,69,32
CUST004120,31.4,Critical,23,49,31
CUST004121,76.6,Monitor,70,83,80
CUST004122,39.4,Critical,61,33,21
CUST004123,64.0,Monitor,49,86,68
CUST004124,62.6,Monitor,68,83,47
CUST004125,50.4,At Risk,55,44,49
CUST004126,44.2,At Risk,42,33,52
CUST004127,57.2,At Risk,36,54,80
CUST004128,92.4,Healthy,97,86,91
CUST004129,74.0,Monitor,87,24,86
CUST004130,67.2,Monitor,92,94,29
CUST004131,69.8,Monitor,63,61,81
CUST004132,57.8,At Risk,50,67,61
CUST004133,74.4,Monitor,66,78,81
CUST004134,68.2,Monitor,74,87,53
CUST004135,45.8,At Risk,44,89,26
CUST004136,63.2,Monitor,64,34,77
CUST004137,79.4,Monitor,71,89,83
CUST004138,70.8,Monitor,92,62,54
CUST004139,57.6,At Risk,23,50,96
CUST004140,45.2,At Risk,53,72,24
CUST004141,42.2,At Risk,20,91,40
CUST004142,61.4,Monitor,34,99,70
CUST004143,51.8,At Risk,31,75,61
CUST004144,47.8,At Risk,23,79,57
CUST004145,58.4,At Risk,70,74,39
CUST004146,44.6,At Risk,32,37,61
CUST004147,53.6,At Risk,69,38,46
CUST004148,89.0,Healthy,80,87,99
CUST004149,68.8,Monitor,80,22,81
CUST004150,68.8,Monitor,78,34,77
CUST004151,70.0,Monitor,82,86,50
CUST004152,61.2,Monitor,41,32,96
CUST004153,76.6,Monitor,72,59,90
CUST004154,60.4,Monitor,39,76,74
CUST004155,55.6,At Risk,62,56,49
CUST004156,55.2,At Risk,83,64,23
CUST004157,68.8,Monitor,89,70,48
CUST004158,76.6,Monitor,92,27,86
CUST004159,51.6,At Risk,38,56,63
CUST004160,38.4,Critical,29,74,30
CUST004161,44.6,At Risk,44,71,32
CUST004162,56.4,At Risk,79,32,46
CUST004163,71.0,Monitor,98,95,32
CUST004164,58.8,At Risk,68,78,40
CUST004165,60.2,Monitor,35,55,88
CUST004166,48.6,At Risk,50,45,49
CUST004167,79.0,Monitor,81,55,89
CUST004168,74.4,Monitor,87,96,51
CUST004169,87.0,Healthy,85,67,99
CUST004170,65.0,Monitor,58,59,75
CUST004171,51.0,At Risk,68,43,38
CUST004172,56.0,At Risk,39,28,87
CUST004173,52.8,At Risk,28,36,86
CUST004174,51.0,At Risk,67,71,25
CUST004175,68.0,Monitor,47,70,88
CUST004176,61.2,Monitor,69,40,64
CUST004177,68.4,Monitor,78,70,58
CUST004178,59.2,At Risk,75,54,46
CUST004179,54.2,At Risk,73,23,51
CUST004180,71.2,Monitor,78,70,65
CUST004181,61.2,Monitor,83,48,46
CUST004182,38.0,Critical,32,40,43
CUST004183,48.4,At Risk,39,40,62
CUST004184,50.2,At Risk,42,49,59
CUST004185,76.4,Monitor,94,92,51
CUST004186,62.2,Monitor,57,63,67
CUST004187,70.4,Monitor,54,88,78
CUST004188,60.2,Monitor,49,65,69
CUST004189,61.0,Monitor,74,41,58
CUST004190,58.6,At Risk,35,57,83
CUST004191,49.6,At Risk,23,40,81
CUST004192,55.0,At Risk,51,83,45
CUST004193,56.8,At Risk,56,88,42
CUST004194,74.8,Monitor,69,84,76
CUST004195,63.0,Monitor,73,33,68
CUST004196,52.6,At Risk,67,51,39
CUST004197,56.0,At Risk,51,50,64
CUST004198,58.6,At Risk,87,57,31
CUST004199,75.6,Monitor,50,80,99
CUST004200,74.2,Monitor,92,35,76
CUST004201,64.0,Monitor,97,44,41
CUST004202,74.8,Monitor,68,74,82
CUST004203,67.4,Monitor,84,71,49
CUST004204,60.8,Monitor,94,60,28
CUST004205,61.6,Monitor,80,74,37
CUST004206,79.0,Monitor,74,73,87
CUST004207,66.2,Monitor,96,39,50
CUST004208,70.4,Monitor,83,34,76
CUST004209,95.4,Healthy,97,91,96
CUST004210,80.0,Healthy,84,50,91
CUST004211,63.0,Monitor,92,89,21
CUST004212,64.0,Monitor,77,56,55
CUST004213,68.4,Monitor,98,62,42
CUST004214,82.6,Healthy,68,81,98
CUST004215,42.6,At Risk,54,33,36
CUST004216,27.2,Critical,32,30,21
CUST004217,46.4,At Risk,66,44,28
CUST004218,65.6,Monitor,77,42,66
CUST004219,79.8,Monitor,99,83,59
CUST004220,83.6,Healthy,92,44,95
CUST004221,59.2,At Risk,49,42,78
CUST004222,37.0,Critical,24,35,51
CUST004223,59.0,At Risk,47,67,67
CUST004224,55.8,At Risk,71,29,54
CUST004225,32.6,Critical,29,29,38
CUST004226,77.2,Monitor,59,76,96
CUST004227,42.6,At Risk,64,41,22
CUST004228,48.4,At Risk,29,20,82
CUST004229,35.0,Critical,38,45,27
CUST004230,76.2,Monitor,99,63,60
CUST004231,42.2,At Risk,63,43,21
CUST004232,70.6,Monitor,94,59,53
CUST004233,66.0,Monitor,38,90,82
CUST004234,66.8,Monitor,74,38,74
CUST004235,38.2,Critical,31,71,29
CUST004236,59.4,At Risk,41,25,95
CUST004237,74.2,Monitor,40,99,96
CUST004238,69.0,Monitor,66,81,66
CUST004239,72.2,Monitor,83,37,79
CUST004240,67.6,Monitor,52,50,92
CUST004241,62.6,Monitor,32,77,86
CUST004242,62.8,Monitor,86,66,38
CUST004243,66.0,Monitor,44,84,79
CUST004244,57.2,At Risk,61,44,60
CUST004245,52.8,At Risk,90,30,27
CUST004246,45.4,At Risk,78,21,25
CUST004247,47.4,At Risk,44,67,41
CUST004248,54.4,At Risk,84,46,29
CUST004249,64.2,Monitor,30,71,95
CUST004250,53.0,At Risk,46,37,68
CUST004251,49.6,At Risk,55,52,43
CUST004252,84.4,Healthy,81,80,90
CUST004253,38.6,Critical,34,59,33
CUST004254,72.6,Monitor,86,75,58
CUST004255,52.6,At Risk,41,31,75
CUST004256,57.2,At Risk,36,80,67
CUST004257,78.4,Monitor,66,88,86
CUST004258,34.2,Critical,20,63,34
CUST004259,50.4,At Risk,50,94,29
CUST004260,93.4,Healthy,95,87,95
CUST004261,59.8,At Risk,53,33,80
CUST004262,45.4,At Risk,46,65,35
CUST004263,59.0,At Risk,94,59,24
CUST004264,29.8,Critical,37,27,24
CUST004265,76.2,Monitor,67,75,86
CUST004266,56.4,At Risk,23,48,94
CUST004267,41.8,At Risk,37,63,36
CUST004268,53.6,At Risk,39,78,56
CUST004269,32.4,Critical,27,34,37
CUST004270,60.8,Monitor,24,74,91
CUST004271,39.8,Critical,23,25,64
CUST004272,39.4,Critical,47,31,36
CUST004273,73.6,Monitor,54,88,86
CUST004274,71.2,Monitor,99,42,58
CUST004275,44.0,At Risk,46,20,54
CUST004276,58.8,At Risk,31,68,82
CUST004277,38.2,Critical,36,49,35
CUST004278,62.6,Monitor,99,73,21
CUST004279,53.6,At Risk,45,54,62
CUST004280,35.8,Critical,29,65,28
CUST004281,65.0,Monitor,92,59,41
CUST004282,55.4,At Risk,34,71,69
CUST004283,74.8,Monitor,84,54,76
CUST004284,54.0,At Risk,24,96,63
CUST004285,50.8,At Risk,30,66,64
CUST004286,57.8,At Risk,57,43,66
CUST004287,66.4,Monitor,63,24,91
CUST004288,50.4,At Risk,37,74,52
CUST004289,48.0,At Risk,44,48,52
CUST004290,60.8,Monitor,64,40,68
CUST004291,39.0,Critical,51,37,28
CUST004292,74.2,Monitor,65,99,71
CUST004293,59.4,At Risk,78,27,57
CUST004294,78.6,Monitor,68,69,94
CUST004295,63.0,Monitor,75,25,70
CUST004296,29.6,Critical,20,58,25
CUST004297,76.2,Monitor,60,71,95
CUST004298,49.8,At Risk,22,55,75
CUST004299,57.2,At Risk,55,90,43
CUST004300,37.8,Critical,30,45,42
CUST004301,75.6,Monitor,85,20,94
CUST004302,74.4,Monitor,92,20,84
CUST004303,61.4,Monitor,40,33,97
CUST004304,46.8,At Risk,51,62,35
CUST004305,71.8,Monitor,87,21,82
CUST004306,80.4,Healthy,88,34,96
CUST004307,73.4,Monitor,83,27,87
CUST004308,63.0,Monitor,44,41,93
CUST004309,50.0,At Risk,34,96,43
CUST004310,79.4,Monitor,91,61,77
CUST004311,36.8,Critical,44,42,27
CUST004312,30.4,Critical,27,50,24
CUST004313,69.0,Monitor,64,75,71
CUST004314,54.8,At Risk,85,54,25
CUST004315,27.8,Critical,28,41,21
CUST004316,75.8,Monitor,83,89,62
CUST004317,55.8,At Risk,33,83,65
CUST004318,46.4,At Risk,48,80,28
CUST004319,74.8,Monitor,68,42,98
CUST004320,45.0,At Risk,67,21,35
CUST004321,39.0,Critical,31,47,43
CUST004322,51.0,At Risk,22,53,79
CUST004323,41.2,At Risk,68,24,23
CUST004324,77.0,Monitor,76,83,75
CUST004325,85.4,Healthy,81,87,89
CUST004326,64.2,Monitor,52,71,73
CUST004327,71.6,Monitor,79,90,55
CUST004328,63.0,Monitor,41,55,89
CUST004329,53.0,At Risk,43,79,50
CUST004330,66.2,Monitor,71,55,67
CUST004331,62.6,Monitor,45,63,80
CUST004332,54.6,At Risk,86,59,21
CUST004333,76.8,Monitor,62,88,86
CUST004334,53.0,At Risk,84,23,37
CUST004335,44.8,At Risk,43,84,27
CUST004336,64.4,Monitor,60,20,91
CUST004337,54.4,At Risk,25,58,82
CUST004338,56.0,At Risk,24,36,98
CUST004339,67.2,Monitor,98,78,31
CUST004340,39.8,Critical,35,57,36
CUST004341,43.8,At Risk,44,61,35
CUST004342,62.6,Monitor,45,89,67
CUST004343,91.0,Healthy,98,99,80
CUST004344,52.4,At Risk,72,48,35
CUST004345,57.4,At Risk,39,37,86
CUST004346,86.0,Healthy,87,88,84
CUST004347,59.0,At Risk,23,79,85
CUST004348,57.0,At Risk,52,31,75
CUST004349,69.4,Monitor,62,53,85
CUST004350,51.8,At Risk,40,35,72
CUST004351,52.4,At Risk,32,30,84
CUST004352,56.4,At Risk,70,98,22
CUST004353,60.4,Monitor,84,42,46
CUST004354,60.2,Monitor,93,73,21
CUST004355,57.4,At Risk,56,29,73
CUST004356,52.2,At Risk,46,43,63
CUST004357,51.0,At Risk,53,35,57
CUST004358,43.4,At Risk,36,87,29
CUST004359,79.0,Monitor,83,79,75
CUST004360,57.6,At Risk,59,78,46
CUST004361,61.8,Monitor,86,31,53
CUST004362,57.4,At Risk,31,29,98
CUST004363,53.2,At Risk,66,84,25
CUST004364,39.2,Critical,35,28,49
CUST004365,30.4,Critical,44,24,20
CUST004366,67.2,Monitor,96,58,43
CUST004367,62.4,Monitor,89,78,28
CUST004368,42.6,At Risk,43,27,50
CUST004369,37.6,Critical,62,24,20
CUST004370,41.8,At Risk,26,91,33
CUST004371,79.4,Monitor,69,97,81
CUST004372,52.6,At Risk,74,63,26
CUST004373,32.0,Critical,33,28,33
CUST004374,66.6,Monitor,67,81,59
CUST004375,80.0,Healthy,71,70,94
CUST004376,47.4,At Risk,30,99,39
CUST004377,69.2,Monitor,41,82,91
CUST004378,60.0,Monitor,28,80,82
CUST004379,42.8,At Risk,34,62,42
CUST004380,75.0,Monitor,68,59,90
CUST004381,64.2,Monitor,89,87,28
CUST004382,69.8,Monitor,39,93,89
CUST004383,56.4,At Risk,24,52,91
CUST004384,45.6,At Risk,53,76,23
CUST004385,64.8,Monitor,33,84,87
CUST004386,44.6,At Risk,45,67,33
CUST004387,43.8,At Risk,49,37,42
CUST004388,61.0,Monitor,89,61,33
CUST004389,87.4,Healthy,89,79,90
CUST004390,46.6,At Risk,30,61,56
CUST004391,67.6,Monitor,78,78,52
CUST004392,55.8,At Risk,64,39,56
CUST004393,62.0,Monitor,81,84,32
CUST004394,58.4,At Risk,94,64,20
CUST004395,56.4,At Risk,97,20,34
CUST004396,68.6,Monitor,66,91,60
CUST004397,57.6,At Risk,40,38,85
CUST004398,38.8,Critical,24,32,57
CUST004399,77.8,Monitor,84,33,94
CUST004400,48.4,At Risk,77,30,29
CUST004401,64.6,Monitor,99,37,44
CUST004402,63.4,Monitor,30,89,84
CUST004403,47.4,At Risk,27,47,68
CUST004404,79.2,Monitor,81,68,83
CUST004405,34.0,Critical,32,24,41
CUST004406,65.0,Monitor,83,23,68
CUST004407,67.0,Monitor,28,95,92
CUST004408,39.6,Critical,25,58,45
CUST004409,53.4,At Risk,94,23,28
CUST004410,90.4,Healthy,80,98,97
CUST004411,47.8,At Risk,38,23,70
CUST004412,65.0,Monitor,53,53,83
CUST004413,65.6,Monitor,63,82,60
CUST004414,57.8,At Risk,30,97,66
CUST004415,62.8,Monitor,82,30,60
CUST004416,47.2,At Risk,23,80,55
CUST004417,30.0,Critical,27,42,27
CUST004418,84.6,Healthy,65,99,97
CUST004419,59.8,At Risk,71,89,34
CUST004420,47.2,At Risk,25,34,76
CUST004421,46.6,At Risk,26,29,76
CUST004422,71.8,Monitor,88,51,66
CUST004423,44.2,At Risk,52,35,41
CUST004424,74.6,Monitor,99,29,73
CUST004425,64.4,Monitor,31,80,90
CUST004426,50.4,At Risk,72,60,24
CUST004427,30.8,Critical,41,28,22
CUST004428,94.0,Healthy,97,90,93
CUST004429,37.0,Critical,23,47,46
CUST004430,91.4,Healthy,94,99,85
CUST004431,34.6,Critical,44,41,22
CUST004432,79.2,Monitor,89,72,73
CUST004433,64.4,Monitor,45,64,84
CUST004434,85.4,Healthy,66,97,99
CUST004435,73.8,Monitor,74,97,62
CUST004436,44.4,At Risk,27,98,35
CUST004437,73.8,Monitor,89,43,74
CUST004438,57.0,At Risk,47,65,63
CUST004439,56.8,At Risk,29,70,78
CUST004440,78.8,Monitor,70,90,82
CUST004441,51.0,At Risk,49,77,40
CUST004442,62.0,Monitor,77,24,66
CUST004443,46.0,At Risk,48,56,39
CUST004444,56.8,At Risk,85,54,30
CUST004445,85.6,Healthy,74,96,92
CUST004446,76.8,Monitor,53,88,95
CUST004447,61.4,Monitor,38,35,98
CUST004448,61.2,Monitor,91,68,28
CUST004449,55.4,At Risk,29,63,78
CUST004450,68.2,Monitor,70,25,88
CUST004451,71.6,Monitor,76,44,81
CUST004452,55.0,At Risk,66,69,37
CUST004453,47.8,At Risk,31,65,56
CUST004454,84.4,Healthy,74,90,92
CUST004455,50.4,At Risk,85,30,26
CUST004456,54.6,At Risk,25,63,80
CUST004457,56.8,At Risk,29,50,88
CUST004458,65.2,Monitor,82,96,33
CUST004459,87.4,Healthy,96,61,92
CUST004460,54.8,At Risk,30,78,68
CUST004461,59.2,At Risk,82,48,42
CUST004462,61.0,Monitor,92,77,22
CUST004463,80.4,Healthy,97,22,93
CUST004464,73.6,Monitor,63,60,91
CUST004465,84.4,Healthy,92,46,96
CUST004466,73.4,Monitor,79,41,84
CUST004467,73.4,Monitor,49,83,93
CUST004468,45.8,At Risk,32,33,66
CUST004469,62.4,Monitor,49,42,86
CUST004470,78.6,Monitor,98,95,51
CUST004471,52.6,At Risk,55,93,30
CUST004472,58.4,At Risk,34,48,88
CUST004473,69.4,Monitor,62,81,71
CUST004474,52.6,At Risk,99,21,22
CUST004475,55.6,At Risk,29,58,81
CUST004476,60.0,Monitor,92,76,20
CUST004477,73.8,Monitor,82,23,91
CUST004478,67.6,Monitor,72,94,50
CUST004479,54.2,At Risk,49,29,72
CUST004480,84.4,Healthy,77,94,87
CUST004481,81.4,Healthy,86,61,87
CUST004482,70.0,Monitor,46,78,90
CUST004483,54.4,At Risk,22,94,67
CUST004484,71.0,Monitor,55,79,83
CUST004485,48.6,At Risk,38,73,47
CUST004486,44.2,At Risk,63,55,20
CUST004487,63.6,Monitor,86,66,40
CUST004488,67.8,Monitor,54,55,88
CUST004489,70.8,Monitor,55,86,79
CUST004490,78.4,Monitor,91,76,67
CUST004491,53.0,At Risk,48,47,61
CUST004492,56.4,At Risk,31,60,80
CUST004493,80.2,Healthy,78,89,78
CUST004494,66.8,Monitor,44,94,76
CUST004495,53.8,At Risk,45,39,70
CUST004496,66.0,Monitor,37,88,84
CUST004497,63.2,Monitor,38,68,86
CUST004498,58.2,At Risk,53,57,64
CUST004499,60.8,Monitor,59,56,65
CUST004500,57.0,At Risk,51,97,43
CUST004501,43.6,At Risk,37,92,26
CUST004502,68.4,Monitor,60,76,73
CUST004503,38.2,Critical,28,95,20
CUST004504,58.6,At Risk,64,59,53
CUST004505,82.6,Healthy,89,53,91
CUST004506,73.6,Monitor,73,98,62
CUST004507,57.0,At Risk,27,37,97
CUST004508,50.8,At Risk,53,68,40
CUST004509,60.8,Monitor,42,86,67
CUST004510,35.2,Critical,47,38,22
CUST004511,52.6,At Risk,22,47,86
CUST004512,62.8,Monitor,91,64,34
CUST004513,59.4,At Risk,21,93,81
CUST004514,41.4,At Risk,52,23,40
CUST004515,66.6,Monitor,39,87,84
CUST004516,73.8,Monitor,66,85,76
CUST004517,70.4,Monitor,90,96,38
CUST004518,68.2,Monitor,52,59,89
CUST004519,37.4,Critical,27,77,28
CUST004520,63.2,Monitor,81,92,31
CUST004521,67.0,Monitor,81,61,56
CUST004522,70.8,Monitor,87,34,73
CUST004523,67.6,Monitor,54,76,77
CUST004524,50.2,At Risk,58,27,54
CUST004525,42.2,At Risk,25,21,70
CUST004526,68.4,Monitor,98,78,34
CUST004527,56.2,At Risk,79,73,25
CUST004528,69.2,Monitor,91,92,36
CUST004529,79.6,Monitor,96,40,83
CUST004530,82.2,Healthy,94,25,99
CUST004531,52.4,At Risk,29,72,66
CUST004532,92.8,Healthy,98,94,87
CUST004533,58.4,At Risk,73,78,34
CUST004534,87.4,Healthy,97,63,90
CUST004535,34.2,Critical,36,21,39
CUST004536,51.6,At Risk,61,60,38
CUST004537,49.0,At Risk,70,41,32
CUST004538,55.8,At Risk,59,77,42
CUST004539,47.4,At Risk,26,55,65
CUST004540,66.0,Monitor,78,48,63
CUST004541,74.4,Monitor,96,56,62
CUST004542,74.0,Monitor,64,92,75
CUST004543,71.8,Monitor,48,91,86
CUST004544,50.6,At Risk,59,31,52
CUST004545,45.0,At Risk,21,75,54
CUST004546,41.6,At Risk,47,32,41
CUST004547,71.2,Monitor,94,98,35
CUST004548,42.4,At Risk,22,60,54
CUST004549,81.8,Healthy,84,59,91
CUST004550,58.0,At Risk,86,46,36
CUST004551,71.8,Monitor,78,29,87
CUST004552,49.6,At Risk,38,82,45
CUST004553,39.8,Critical,30,69,35
CUST004554,62.4,Monitor,92,46,41
CUST004555,49.2,At Risk,91,24,20
CUST004556,62.2,Monitor,80,51,50
CUST004557,58.4,At Risk,23,80,83
CUST004558,69.0,Monitor,64,81,68
CUST004559,39.2,Critical,24,50,49
CUST004560,37.6,Critical,45,54,22
CUST004561,85.8,Healthy,93,47,98
CUST004562,29.6,Critical,27,38,28
CUST004563,53.8,At Risk,65,23,58
CUST004564,37.4,Critical,27,71,31
CUST004565,84.4,Healthy,95,34,99
CUST004566,37.0,Critical,40,23,41
CUST004567,51.2,At Risk,70,76,20
CUST004568,43.0,At Risk,28,67,46
CUST004569,46.0,At Risk,22,26,80
CUST004570,71.8,Monitor,68,29,97
CUST004571,55.2,At Risk,35,40,83
CUST004572,65.2,Monitor,70,82,52
CUST004573,42.4,At Risk,60,20,36
CUST004574,56.0,At Risk,28,86,69
CUST004575,64.2,Monitor,70,21,80
CUST004576,30.4,Critical,29,42,26
CUST004577,30.6,Critical,39,33,21
CUST004578,36.4,Critical,26,34,48
CUST004579,57.0,At Risk,85,29,43
CUST004580,51.4,At Risk,52,57,48
CUST004581,45.0,At Risk,36,21,66
CUST004582,46.4,At Risk,34,62,51
CUST004583,62.6,Monitor,57,73,63
CUST004584,58.8,At Risk,68,84,37
CUST004585,61.4,Monitor,76,79,38
CUST004586,70.8,Monitor,78,50,74
CUST004587,66.0,Monitor,79,64,54
CUST004588,74.2,Monitor,92,57,65
CUST004589,53.2,At Risk,27,20,96
CUST004590,84.8,Healthy,88,78,85
CUST004591,57.4,At Risk,39,63,73
CUST004592,48.0,At Risk,44,20,66
CUST004593,59.2,At Risk,25,62,92
CUST004594,73.2,Monitor,72,96,63
CUST004595,57.0,At Risk,46,99,47
CUST004596,54.8,At Risk,69,36,50
CUST004597,78.0,Monitor,98,46,74
CUST004598,48.6,At Risk,32,31,74
CUST004599,39.8,Critical,23,97,28
CUST004600,72.2,Monitor,67,51,88
CUST004601,57.8,At Risk,47,47,74
CUST004602,27.4,Critical,23,29,31
CUST004603,35.4,Critical,40,27,35
CUST004604,67.4,Monitor,92,69,42
CUST004605,67.0,Monitor,42,55,98
CUST004606,31.8,Critical,23,37,38
CUST004607,46.4,At Risk,23,40,73
CUST004608,75.6,Monitor,68,56,93
CUST004609,75.8,Monitor,91,75,61
CUST004610,59.6,At Risk,99,54,23
CUST004611,56.8,At Risk,49,94,46
CUST004612,74.2,Monitor,54,81,91
CUST004613,47.0,At Risk,31,73,50
CUST004614,89.0,Healthy,88,85,92
CUST004615,65.4,Monitor,85,47,55
CUST004616,58.0,At Risk,24,48,97
CUST004617,56.8,At Risk,93,42,28
CUST004618,45.4,At Risk,31,47,59
CUST004619,57.4,At Risk,80,47,40
CUST004620,47.6,At Risk,29,30,75
CUST004621,70.6,Monitor,86,85,48
CUST004622,47.0,At Risk,21,63,65
CUST004623,49.4,At Risk,44,79,40
CUST004624,55.8,At Risk,68,43,50
CUST004625,56.0,At Risk,78,50,37
CUST004626,77.2,Monitor,82,32,95
CUST004627,58.4,At Risk,91,38,36
CUST004628,59.8,At Risk,56,39,74
CUST004629,81.6,Healthy,88,76,78
CUST004630,53.4,At Risk,63,25,58
CUST004631,67.2,Monitor,51,56,89
CUST004632,36.6,Critical,25,37,48
CUST004633,70.4,Monitor,67,92,63
CUST004634,70.0,Monitor,78,82,56
CUST004635,39.8,Critical,31,75,31
CUST004636,74.2,Monitor,95,71,55
CUST004637,37.0,Critical,37,61,25
CUST004638,44.4,At Risk,35,44,54
CUST004639,63.2,Monitor,99,48,35
CUST004640,54.2,At Risk,36,81,59
CUST004641,56.8,At Risk,87,34,38
CUST004642,52.2,At Risk,26,57,76
CUST004643,53.0,At Risk,43,31,74
CUST004644,36.8,Critical,47,22,34
CUST004645,42.8,At Risk,31,32,60
CUST004646,69.6,Monitor,71,56,75
CUST004647,76.2,Monitor,77,85,71
CUST004648,51.6,At Risk,22,24,95
CUST004649,50.2,At Risk,52,49,49
CUST004650,74.6,Monitor,56,95,83
CUST004651,60.0,Monitor,49,32,85
CUST004652,47.6,At Risk,56,48,39
CUST004653,34.6,Critical,31,55,28
CUST004654,67.4,Monitor,90,73,42
CUST004655,46.8,At Risk,58,20,49
CUST004656,65.4,Monitor,99,53,38
CUST004657,61.0,Monitor,85,53,41
CUST004658,49.6,At Risk,42,78,43
CUST004659,47.0,At Risk,46,69,37
CUST004660,76.2,Monitor,85,79,66
CUST004661,75.8,Monitor,66,83,82
CUST004662,58.4,At Risk,35,98,62
CUST004663,65.8,Monitor,71,77,55
CUST004664,64.8,Monitor,60,46,79
CUST004665,94.0,Healthy,96,92,93
CUST004666,56.2,At Risk,43,25,85
CUST004667,64.0,Monitor,98,80,22
CUST004668,36.2,Critical,33,35,40
CUST004669,56.8,At Risk,75,56,39
CUST004670,57.4,At Risk,27,47,93
CUST004671,54.4,At Risk,24,60,82
CUST004672,44.2,At Risk,33,49,53
CUST004673,61.4,Monitor,25,75,91
CUST004674,55.0,At Risk,69,73,32
CUST004675,39.4,Critical,41,67,24
CUST004676,57.2,At Risk,36,22,96
CUST004677,35.8,Critical,43,33,30
CUST004678,66.0,Monitor,82,88,39
CUST004679,53.0,At Risk,57,67,42
CUST004680,59.6,At Risk,77,82,31
CUST004681,36.8,Critical,31,22,50
CUST004682,51.2,At Risk,33,88,51
CUST004683,35.4,Critical,31,35,40
CUST004684,78.0,Monitor,65,90,85
CUST004685,64.2,Monitor,60,45,78
CUST004686,75.8,Monitor,87,55,75
CUST004687,75.6,Monitor,79,90,65
CUST004688,56.8,At Risk,65,68,43
CUST004689,49.6,At Risk,38,60,56
CUST004690,72.4,Monitor,45,96,88
CUST004691,39.4,Critical,40,47,35
CUST004692,60.4,Monitor,82,88,25
CUST004693,63.0,Monitor,50,59,78
CUST004694,76.0,Monitor,72,52,92
CUST004695,52.2,At Risk,67,45,41
CUST004696,42.8,At Risk,54,58,24
CUST004697,60.2,Monitor,34,77,78
CUST004698,71.4,Monitor,49,83,88
CUST004699,67.6,Monitor,59,48,86
CUST004700,77.2,Monitor,73,44,98
CUST004701,41.8,At Risk,37,65,35
CUST004702,62.2,Monitor,96,33,43
CUST004703,60.0,Monitor,22,96,80
CUST004704,72.2,Monitor,63,63,86
CUST004705,67.6,Monitor,52,98,68
CUST004706,60.4,Monitor,41,54,83
CUST004707,67.0,Monitor,58,65,77
CUST004708,92.4,Healthy,85,98,97
CUST004709,36.2,Critical,30,47,37
CUST004710,56.8,At Risk,41,82,60
CUST004711,92.2,Healthy,92,89,94
CUST004712,69.4,Monitor,97,53,50
CUST004713,58.8,At Risk,29,42,97
CUST004714,47.2,At Risk,46,38,53
CUST004715,53.8,At Risk,55,49,55
CUST004716,66.0,Monitor,44,90,76
CUST004717,60.0,Monitor,82,34,51
CUST004718,61.4,Monitor,61,57,64
CUST004719,54.2,At Risk,44,63,60
CUST004720,79.6,Monitor,93,38,87
CUST004721,47.4,At Risk,48,81,30
CUST004722,74.6,Monitor,64,75,85
CUST004723,61.2,Monitor,75,20,68
CUST004724,71.6,Monitor,71,24,96
CUST004725,74.6,Monitor,94,47,69
CUST004726,66.4,Monitor,65,78,62
CUST004727,41.4,At Risk,31,87,29
CUST004728,42.8,At Risk,26,36,63
CUST004729,57.2,At Risk,36,74,70
CUST004730,70.4,Monitor,94,24,70
CUST004731,59.2,At Risk,39,92,63
CUST004732,32.4,Critical,29,50,27
CUST004733,48.8,At Risk,45,36,59
CUST004734,51.0,At Risk,51,77,38
CUST004735,44.8,At Risk,56,68,22
CUST004736,27.2,Critical,20,28,34
CUST004737,71.4,Monitor,88,39,71
CUST004738,60.0,Monitor,43,28,93
CUST004739,64.6,Monitor,83,39,59
CUST004740,56.2,At Risk,89,49,27
CUST004741,64.8,Monitor,50,86,69
CUST004742,59.6,At Risk,63,48,62
CUST004743,50.4,At Risk,55,78,32
CUST004744,63.4,Monitor,72,87,43
CUST004745,52.4,At Risk,52,20,69
CUST004746,75.8,Monitor,95,93,48
CUST004747,70.0,Monitor,43,72,96
CUST004748,52.0,At Risk,46,28,70
CUST004749,42.4,At Risk,56,48,26
CUST004750,48.8,At Risk,23,68,65
CUST004751,59.8,At Risk,70,85,37
CUST004752,68.4,Monitor,59,82,71
CUST004753,63.0,Monitor,99,75,21
CUST004754,38.2,Critical,32,51,38
CUST004755,51.2,At Risk,29,60,69
CUST004756,48.0,At Risk,63,58,28
CUST004757,41.4,At Risk,29,43,53
CUST004758,50.8,At Risk,37,92,44
CUST004759,27.2,Critical,27,38,22
CUST004760,73.4,Monitor,97,99,37
CUST004761,62.2,Monitor,62,51,68
CUST004762,39.2,Critical,21,20,67
CUST004763,81.2,Healthy,87,42,95
CUST004764,59.0,At Risk,52,91,50
CUST004765,66.0,Monitor,91,30,59
CUST004766,48.0,At Risk,49,42,50
CUST004767,50.8,At Risk,29,50,73
CUST004768,54.8,At Risk,29,56,80
CUST004769,50.4,At Risk,63,38,44
CUST004770,41.8,At Risk,40,39,45
CUST004771,59.6,At Risk,47,82,61
CUST004772,63.4,Monitor,84,95,27
CUST004773,37.6,Critical,41,48,29
CUST004774,45.4,At Risk,50,47,40
CUST004775,59.0,At Risk,85,39,43
CUST004776,58.6,At Risk,50,73,60
CUST004777,45.8,At Risk,63,31,36
CUST004778,41.8,At Risk,21,53,57
CUST004779,73.4,Monitor,73,83,69
CUST004780,54.0,At Risk,31,74,67
CUST004781,49.6,At Risk,77,34,30
CUST004782,64.4,Monitor,36,56,97
CUST004783,66.4,Monitor,47,40,99
CUST004784,78.6,Monitor,80,99,67
CUST004785,57.6,At Risk,90,50,29
CUST004786,46.4,At Risk,47,42,48
CUST004787,66.6,Monitor,55,27,98
CUST004788,95.6,Healthy,98,96,93
CUST004789,64.6,Monitor,43,61,88
CUST004790,76.2,Monitor,79,75,74
CUST004791,60.8,Monitor,72,44,58
CUST004792,81.8,Healthy,82,63,91
CUST004793,65.0,Monitor,70,31,77
CUST004794,40.4,At Risk,55,50,21
CUST004795,56.2,At Risk,96,33,28
CUST004796,50.2,At Risk,63,57,34
CUST004797,34.8,Critical,25,44,40
CUST004798,68.4,Monitor,93,98,29
CUST004799,63.0,Monitor,52,43,84
CUST004800,49.2,At Risk,20,56,75
CUST004801,35.4,Critical,44,39,25
CUST004802,71.8,Monitor,83,51,71
CUST004803,57.2,At Risk,35,44,86
CUST004804,40.0,At Risk,24,64,44
CUST004805,41.8,At Risk,55,25,37
CUST004806,51.8,At Risk,49,99,31
CUST004807,57.4,At Risk,86,33,41
CUST004808,84.8,Healthy,81,72,95
CUST004809,51.6,At Risk,57,28,58
CUST004810,34.2,Critical,29,53,30
CUST004811,40.8,At Risk,21,48,57
CUST004812,71.4,Monitor,49,91,84
CUST004813,57.4,At Risk,88,37,37
CUST004814,70.8,Monitor,42,88,91
CUST004815,24.0,Critical,30,20,20
CUST004816,55.0,At Risk,92,45,23
CUST004817,50.8,At Risk,33,24,82
CUST004818,66.2,Monitor,36,83,88
CUST004819,37.4,Critical,20,49,49
CUST004820,74.2,Monitor,61,81,84
CUST004821,68.6,Monitor,86,75,48
CUST004822,62.8,Monitor,70,26,74
CUST004823,70.8,Monitor,47,90,85
CUST004824,57.8,At Risk,49,33,79
CUST004825,49.0,At Risk,51,69,37
CUST004826,67.8,Monitor,57,87,69
CUST004827,62.6,Monitor,60,77,58
CUST004828,52.4,At Risk,24,46,84
CUST004829,46.0,At Risk,32,98,34
CUST004830,37.2,Critical,32,40,41
CUST004831,49.0,At Risk,72,43,29
CUST004832,47.0,At Risk,23,63,63
CUST004833,69.4,Monitor,39,97,86
CUST004834,46.6,At Risk,23,37,75
CUST004835,76.0,Monitor,52,92,92
CUST004836,55.0,At Risk,24,65,81
CUST004837,58.8,At Risk,72,26,62
CUST004838,74.2,Monitor,74,53,85
CUST004839,45.8,At Risk,32,65,50
CUST004840,64.2,Monitor,75,67,52
CUST004841,76.6,Monitor,89,89,58
CUST004842,60.4,Monitor,62,42,68
CUST004843,56.8,At Risk,65,86,34
CUST004844,64.6,Monitor,73,21,78
CUST004845,54.6,At Risk,95,43,20
CUST004846,53.4,At Risk,78,63,24
CUST004847,59.2,At Risk,53,66,62
CUST004848,60.6,Monitor,27,97,76
CUST004849,55.4,At Risk,74,75,27
CUST004850,67.2,Monitor,97,52,45
CUST004851,65.8,Monitor,26,95,91
CUST004852,61.6,Monitor,86,42,47
CUST004853,50.0,At Risk,30,40,75
CUST004854,32.6,Critical,29,25,40
CUST004855,56.6,At Risk,43,37,80
CUST004856,62.6,Monitor,25,81,91
CUST004857,39.2,Critical,23,50,50
CUST004858,72.2,Monitor,75,75,68
CUST004859,63.2,Monitor,46,60,82
CUST004860,51.0,At Risk,65,81,22
CUST004861,67.0,Monitor,48,55,92
CUST004862,60.2,Monitor,96,59,25
CUST004863,71.6,Monitor,86,80,53
CUST004864,77.2,Monitor,98,76,57
CUST004865,74.8,Monitor,99,94,41
CUST004866,75.0,Monitor,85,51,77
CUST004867,67.8,Monitor,91,27,65
CUST004868,66.4,Monitor,43,78,84
CUST004869,72.2,Monitor,71,55,82
CUST004870,80.2,Healthy,89,37,93
CUST004871,50.4,At Risk,60,40,46
CUST004872,64.6,Monitor,40,47,98
CUST004873,58.0,At Risk,43,80,62
CUST004874,68.2,Monitor,66,87,61
CUST004875,85.2,Healthy,95,74,81
CUST004876,73.2,Monitor,73,36,92
CUST004877,59.4,At Risk,64,49,60
CUST004878,45.0,At Risk,30,99,33
CUST004879,72.4,Monitor,95,92,40
CUST004880,79.0,Monitor,84,29,99
CUST004881,39.6,Critical,32,94,20
CUST004882,53.8,At Risk,35,59,70
CUST004883,65.8,Monitor,80,89,40
CUST004884,57.8,At Risk,35,87,66
CUST004885,52.0,At Risk,55,76,37
CUST004886,75.0,Monitor,90,31,82
CUST004887,62.4,Monitor,97,66,26
CUST004888,55.8,At Risk,25,59,85
CUST004889,58.4,At Risk,82,36,46
CUST004890,72.2,Monitor,70,75,73
CUST004891,55.0,At Risk,37,39,81
CUST004892,56.4,At Risk,67,24,62
CUST004893,46.4,At Risk,48,78,29
CUST004894,63.4,Monitor,74,35,67
CUST004895,80.6,Healthy,86,41,95
CUST004896,61.8,Monitor,63,97,43
CUST004897,71.0,Monitor,88,63,58
CUST004898,69.6,Monitor,61,70,78
CUST004899,40.6,At Risk,55,29,32
CUST004900,52.2,At Risk,65,29,51
CUST004901,47.6,At Risk,26,34,76
CUST004902,74.8,Monitor,79,44,86
CUST004903,44.4,At Risk,47,60,34
CUST004904,61.8,Monitor,24,67,97
CUST004905,53.4,At Risk,44,35,72
CUST004906,59.6,At Risk,79,60,40
CUST004907,75.0,Monitor,71,99,67
CUST004908,82.0,Healthy,94,24,99
CUST004909,50.2,At Risk,46,23,68
CUST004910,69.2,Monitor,36,76,99
CUST004911,43.4,At Risk,29,41,59
CUST004912,68.4,Monitor,98,98,24
CUST004913,76.2,Monitor,72,91,73
CUST004914,63.6,Monitor,95,54,37
CUST004915,39.2,Critical,30,32,52
CUST004916,56.6,At Risk,43,43,77
CUST004917,80.0,Healthy,99,20,91
CUST004918,67.8,Monitor,90,61,49
CUST004919,87.8,Healthy,78,95,94
CUST004920,53.8,At Risk,57,95,30
CUST004921,79.2,Monitor,79,64,87
CUST004922,47.2,At Risk,76,42,21
CUST004923,75.2,Monitor,93,46,72
CUST004924,70.6,Monitor,79,33,81
CUST004925,63.6,Monitor,41,46,95
CUST004926,63.6,Monitor,61,98,49
CUST004927,54.6,At Risk,33,85,61
CUST004928,53.8,At Risk,42,57,64
CUST004929,46.0,At Risk,43,80,32
CUST004930,50.8,At Risk,56,30,56
CUST004931,41.2,At Risk,64,38,20
CUST004932,59.4,At Risk,44,51,79
CUST004933,77.0,Monitor,70,85,80
CUST004934,61.2,Monitor,69,86,41
CUST004935,47.0,At Risk,76,27,28
CUST004936,73.2,Monitor,96,68,53
CUST004937,48.4,At Risk,33,24,76
CUST004938,72.4,Monitor,80,96,53
CUST004939,72.8,Monitor,71,34,94
CUST004940,57.6,At Risk,62,38,63
CUST004941,68.4,Monitor,90,60,51
CUST004942,64.2,Monitor,37,97,75
CUST004943,59.2,At Risk,92,46,33
CUST004944,68.4,Monitor,96,76,37
CUST004945,87.4,Healthy,87,91,86
CUST004946,77.8,Monitor,86,75,71
CUST004947,66.2,Monitor,66,51,74
CUST004948,47.8,At Risk,21,45,76
CUST004949,57.4,At Risk,58,29,71
CUST004950,67.4,Monitor,88,27,67
CUST004951,41.6,At Risk,20,70,49
CUST004952,65.8,Monitor,63,75,64
CUST004953,80.4,Healthy,94,56,79
CUST004954,40.2,At Risk,70,21,20
CUST004955,54.8,At Risk,37,98,51
CUST004956,78.0,Monitor,84,88,67
CUST004957,72.0,Monitor,65,36,97
CUST004958,61.4,Monitor,90,23,52
CUST004959,66.2,Monitor,94,23,60
CUST004960,53.2,At Risk,75,40,38
CUST004961,76.6,Monitor,58,71,98
CUST004962,44.4,At Risk,37,50,49
CUST004963,62.2,Monitor,91,89,20
CUST004964,25.4,Critical,30,21,23
CUST004965,82.0,Healthy,99,32,90
CUST004966,59.2,At Risk,27,68,87
CUST004967,79.8,Monitor,95,51,79
CUST004968,85.2,Healthy,99,70,79
CUST004969,34.8,Critical,23,26,51
CUST004970,63.8,Monitor,86,27,60
CUST004971,51.4,At Risk,46,47,59
CUST004972,60.0,Monitor,78,76,34
CUST004973,60.0,Monitor,50,36,82
CUST004974,32.8,Critical,34,28,34
CUST004975,57.6,At Risk,99,48,21
CUST004976,44.2,At Risk,57,23,42
CUST004977,61.6,Monitor,89,48,41
CUST004978,63.8,Monitor,48,75,74
CUST004979,41.2,At Risk,21,20,72
CUST004980,50.2,At Risk,31,81,54
CUST004981,49.8,At Risk,36,69,54
CUST004982,55.6,At Risk,62,56,49
CUST004983,74.2,Monitor,91,65,62
CUST004984,71.2,Monitor,56,84,80
CUST004985,70.2,Monitor,85,85,48
CUST004986,58.8,At Risk,77,40,50
CUST004987,36.2,Critical,30,61,30
CUST004988,34.8,Critical,26,66,28
CUST004989,76.2,Monitor,97,43,72
CUST004990,55.2,At Risk,43,50,70
CUST004991,51.8,At Risk,65,81,24
CUST004992,61.0,Monitor,57,59,66
CUST004993,57.8,At Risk,30,69,80
CUST004994,73.0,Monitor,63,71,84
CUST004995,27.2,Critical,24,44,22
CUST004996,65.4,Monitor,63,45,78
CUST004997,54.6,At Risk,51,39,66
CUST004998,76.4,Monitor,90,80,61
CUST004999,80.4,Healthy,87,60,84
CUST005000,49.0,At Risk,40,79,43
CUST005001,50.0,At Risk,49,96,28
CUST005002,41.2,At Risk,44,46,36
CUST005003,45.8,At Risk,50,67,31
CUST005004,47.6,At Risk,71,54,21
CUST005005,58.2,At Risk,56,35,72
CUST005006,59.8,At Risk,40,75,72
CUST005007,51.8,At Risk,55,51,49
CUST005008,55.2,At Risk,99,36,21
CUST005009,57.4,At Risk,93,61,20
CUST005010,62.8,Monitor,43,96,66
CUST005011,58.2,At Risk,37,91,63
CUST005012,55.2,At Risk,70,44,46
CUST005013,78.2,Monitor,73,57,94
CUST005014,74.2,Monitor,80,43,84
CUST005015,81.8,Healthy,82,71,87
CUST005016,57.2,At Risk,86,36,39
CUST005017,62.6,Monitor,68,25,76
CUST005018,74.0,Monitor,56,84,87
CUST005019,58.8,At Risk,34,84,71
CUST005020,56.6,At Risk,87,33,38
CUST005021,63.2,Monitor,45,50,88
CUST005022,58.4,At Risk,48,86,55
CUST005023,60.4,Monitor,55,36,78
CUST005024,90.2,Healthy,99,99,77
CUST005025,61.2,Monitor,74,90,34
CUST005026,40.6,At Risk,47,43,33
CUST005027,73.4,Monitor,99,53,58
CUST005028,67.6,Monitor,82,82,46
CUST005029,79.4,Monitor,66,67,99
CUST005030,50.8,At Risk,48,38,60
CUST005031,62.0,Monitor,42,66,80
CUST005032,60.6,Monitor,48,53,77
CUST005033,41.6,At Risk,53,46,28
CUST005034,54.8,At Risk,79,28,44
CUST005035,55.0,At Risk,62,49,51
CUST005036,46.4,At Risk,39,90,32
CUST005037,70.6,Monitor,65,77,73
CUST005038,32.4,Critical,28,66,20
CUST005039,72.4,Monitor,50,76,93
CUST005040,32.4,Critical,44,24,25
CUST005041,61.8,Monitor,58,39,77
CUST005042,51.8,At Risk,27,57,74
CUST005043,55.2,At Risk,69,68,35
CUST005044,80.2,Healthy,76,75,87
CUST005045,65.2,Monitor,80,20,73
CUST005046,53.2,At Risk,44,90,44
CUST005047,40.0,At Risk,52,24,36
CUST005048,67.8,Monitor,88,85,39
CUST005049,57.2,At Risk,69,84,32
CUST005050,59.2,At Risk,94,62,23
CUST005051,66.2,Monitor,69,65,64
CUST005052,60.8,Monitor,66,64,54
CUST005053,42.8,At Risk,28,66,46
CUST005054,59.2,At Risk,65,94,36
CUST005055,43.6,At Risk,60,52,23
CUST005056,73.0,Monitor,58,61,94
CUST005057,61.6,Monitor,67,54,60
CUST005058,70.2,Monitor,79,39,77
CUST005059,74.4,Monitor,95,82,50
CUST005060,43.6,At Risk,62,20,37
CUST005061,56.6,At Risk,62,97,31
CUST005062,66.0,Monitor,33,70,97
CUST005063,64.8,Monitor,42,90,75
CUST005064,53.8,At Risk,58,55,49
CUST005065,42.6,At Risk,21,59,56
CUST005066,58.8,At Risk,32,94,68
CUST005067,55.2,At Risk,34,32,88
CUST005068,54.2,At Risk,71,61,34
CUST005069,72.8,Monitor,49,68,99
CUST005070,55.8,At Risk,27,47,89
CUST005071,72.0,Monitor,99,84,39
CUST005072,58.2,At Risk,35,49,86
CUST005073,51.2,At Risk,60,94,21
CUST005074,49.6,At Risk,90,24,22
CUST005075,51.6,At Risk,40,64,57
CUST005076,52.8,At Risk,28,70,69
CUST005077,50.6,At Risk,90,23,25
CUST005078,44.0,At Risk,52,36,40
CUST005079,61.6,Monitor,50,62,73
CUST005080,47.2,At Risk,60,52,32
CUST005081,47.6,At Risk,50,88,25
CUST005082,44.2,At Risk,62,39,29
CUST005083,54.8,At Risk,30,66,74
CUST005084,56.8,At Risk,81,80,21
CUST005085,47.8,At Risk,45,81,34
CUST005086,79.0,Monitor,96,41,81
CUST005087,65.8,Monitor,82,21,72
CUST005088,65.4,Monitor,41,57,94
CUST005089,59.4,At Risk,97,25,39
CUST005090,58.8,At Risk,43,42,83
CUST005091,70.0,Monitor,66,40,89
CUST005092,75.8,Monitor,98,31,76
CUST005093,39.6,Critical,22,90,32
CUST005094,56.8,At Risk,36,88,62
CUST005095,63.2,Monitor,25,80,93
CUST005096,92.4,Healthy,97,86,91
CUST005097,38.8,Critical,22,34,58
CUST005098,56.6,At Risk,90,21,41
CUST005099,31.6,Critical,31,26,35
CUST005100,52.8,At Risk,20,40,92
CUST005101,54.0,At Risk,52,56,55
CUST005102,32.0,Critical,20,72,24
CUST005103,44.6,At Risk,75,21,26
CUST005104,64.4,Monitor,76,48,61
CUST005105,81.6,Healthy,60,94,97
CUST005106,63.8,Monitor,75,97,36
CUST005107,61.4,Monitor,98,71,20
CUST005108,52.8,At Risk,31,90,56
CUST005109,49.0,At Risk,74,47,25
CUST005110,68.8,Monitor,99,26,60
CUST005111,56.0,At Risk,25,52,89
CUST005112,80.0,Healthy,93,82,66
CUST005113,71.8,Monitor,87,23,81
CUST005114,42.6,At Risk,44,57,34
CUST005115,50.6,At Risk,46,89,36
CUST005116,51.4,At Risk,61,71,32
CUST005117,57.0,At Risk,26,35,99
CUST005118,58.2,At Risk,76,37,51
CUST005119,86.0,Healthy,91,82,83
CUST005120,76.2,Monitor,93,39,78
CUST005121,55.4,At Risk,68,55,43
CUST005122,68.8,Monitor,62,98,61
CUST005123,69.4,Monitor,43,93,84
CUST005124,55.2,At Risk,29,76,71
CUST005125,84.0,Healthy,97,82,72
CUST005126,59.2,At Risk,64,64,52
CUST005127,78.6,Monitor,86,31,95
CUST005128,62.0,Monitor,78,48,53
CUST005129,76.8,Monitor,90,44,80
CUST005130,51.4,At Risk,44,95,37
CUST005131,66.2,Monitor,64,27,88
CUST005132,43.8,At Risk,53,51,31
CUST005133,78.0,Monitor,49,96,98
CUST005134,52.0,At Risk,24,48,82
CUST005135,76.2,Monitor,85,41,85
CUST005136,40.4,At Risk,57,32,28
CUST005137,70.6,Monitor,48,87,85
CUST005138,58.0,At Risk,78,20,57
CUST005139,61.6,Monitor,55,96,51
CUST005140,73.6,Monitor,61,98,74
CUST005141,66.2,Monitor,91,87,31
CUST005142,37.2,Critical,34,56,31
CUST005143,69.0,Monitor,85,73,51
CUST005144,65.0,Monitor,74,81,48
CUST005145,28.0,Critical,29,22,30
CUST005146,68.2,Monitor,49,45,99
CUST005147,72.4,Monitor,87,26,81
CUST005148,76.0,Monitor,84,74,69
CUST005149,42.4,At Risk,41,84,23
CUST005150,66.0,Monitor,94,88,27
CUST005151,66.0,Monitor,63,88,58
CUST005152,33.0,Critical,25,25,45
CUST005153,46.4,At Risk,68,30,33
CUST005154,45.6,At Risk,45,50,44
CUST005155,59.0,At Risk,52,37,77
CUST005156,73.2,Monitor,57,64,94
CUST005157,72.4,Monitor,74,70,72
CUST005158,65.4,Monitor,89,87,31
CUST005159,49.2,At Risk,74,52,23
CUST005160,55.6,At Risk,62,56,49
CUST005161,50.6,At Risk,56,81,30
CUST005162,68.0,Monitor,69,24,89
CUST005163,73.2,Monitor,62,56,93
CUST005164,70.2,Monitor,44,93,85
CUST005165,55.4,At Risk,92,35,29
CUST005166,26.0,Critical,23,30,27
CUST005167,47.6,At Risk,50,44,47
CUST005168,65.8,Monitor,78,83,45
CUST005169,55.0,At Risk,64,65,41
CUST005170,38.6,Critical,45,31,36
CUST005171,42.0,At Risk,63,30,27
CUST005172,79.2,Monitor,83,34,98
CUST005173,54.0,At Risk,69,52,40
CUST005174,75.0,Monitor,49,87,95
CUST005175,70.2,Monitor,95,53,54
CUST005176,54.4,At Risk,58,54,51
CUST005177,65.0,Monitor,47,85,73
CUST005178,72.6,Monitor,82,27,86
CUST005179,52.4,At Risk,20,68,77
CUST005180,63.0,Monitor,78,63,48
CUST005181,32.8,Critical,31,46,28
CUST005182,49.6,At Risk,53,44,49
CUST005183,56.6,At Risk,53,23,77
CUST005184,66.6,Monitor,92,59,45
CUST005185,47.2,At Risk,26,72,56
CUST005186,43.2,At Risk,30,30,63
CUST005187,85.4,Healthy,94,61,89
CUST005188,56.8,At Risk,55,94,40
CUST005189,77.2,Monitor,79,30,99
CUST005190,58.4,At Risk,98,44,26
CUST005191,59.2,At Risk,85,52,37
CUST005192,39.8,Critical,27,93,26
CUST005193,52.4,At Risk,26,30,90
CUST005194,63.8,Monitor,60,71,64
CUST005195,52.8,At Risk,33,38,80
CUST005196,34.6,Critical,27,29,45
CUST005197,63.4,Monitor,52,39,87
CUST005198,43.4,At Risk,44,43,43
CUST005199,63.0,Monitor,85,85,30
CUST005200,29.0,Critical,29,21,33
CUST005201,81.8,Healthy,76,91,83
CUST005202,60.6,Monitor,28,99,74
CUST005203,58.0,At Risk,69,94,29
CUST005204,74.2,Monitor,70,95,68
CUST005205,63.0,Monitor,86,55,44
CUST005206,59.0,At Risk,69,37,60
CUST005207,49.6,At Risk,23,58,72
CUST005208,68.2,Monitor,97,99,24
CUST005209,38.4,Critical,34,76,24
CUST005210,88.0,Healthy,93,60,97
CUST005211,44.2,At Risk,71,21,29
CUST005212,70.0,Monitor,68,20,97
CUST005213,75.8,Monitor,90,65,67
CUST005214,75.6,Monitor,71,94,71
CUST005215,62.4,Monitor,81,94,28
CUST005216,62.2,Monitor,96,71,24
CUST005217,67.2,Monitor,65,82,62
CUST005218,72.0,Monitor,95,38,66
CUST005219,55.4,At Risk,67,95,24
CUST005220,69.2,Monitor,56,52,91
CUST005221,63.4,Monitor,74,83,43
CUST005222,74.2,Monitor,73,65,80
CUST005223,83.6,Healthy,85,98,75
CUST005224,80.4,Healthy,81,88,76
CUST005225,62.4,Monitor,50,38,87
CUST005226,50.8,At Risk,67,64,28
CUST005227,65.0,Monitor,41,75,84
CUST005228,62.8,Monitor,76,42,60
CUST005229,51.8,At Risk,49,21,70
CUST005230,82.6,Healthy,84,63,91
CUST005231,51.6,At Risk,55,72,38
CUST005232,84.4,Healthy,70,86,98
CUST005233,52.6,At Risk,64,45,45
CUST005234,69.2,Monitor,92,66,48
CUST005235,43.6,At Risk,42,86,24
CUST005236,73.4,Monitor,65,55,91
CUST005237,55.8,At Risk,58,57,53
CUST005238,45.8,At Risk,28,37,68
CUST005239,48.8,At Risk,42,90,35
CUST005240,60.6,Monitor,75,29,62
CUST005241,62.2,Monitor,74,35,64
CUST005242,70.6,Monitor,91,37,67
CUST005243,62.2,Monitor,64,97,43
CUST005244,57.0,At Risk,40,73,66
CUST005245,52.4,At Risk,48,24,71
CUST005246,39.8,Critical,31,63,37
CUST005247,68.8,Monitor,75,88,53
CUST005248,44.8,At Risk,58,58,25
CUST005249,31.6,Critical,33,36,28
CUST005250,84.4,Healthy,78,84,91
CUST005251,67.0,Monitor,77,59,61
CUST005252,66.8,Monitor,90,80,37
CUST005253,60.8,Monitor,40,62,81
CUST005254,51.2,At Risk,59,96,21
CUST005255,70.8,Monitor,70,98,58
CUST005256,80.8,Healthy,99,30,88
CUST005257,72.6,Monitor,45,97,88
CUST005258,48.0,At Risk,34,20,76
CUST005259,70.0,Monitor,72,32,87
CUST005260,68.8,Monitor,55,66,84
CUST005261,62.8,Monitor,64,26,80
CUST005262,36.6,Critical,37,51,29
CUST005263,55.0,At Risk,56,75,44
CUST005264,41.4,At Risk,49,39,35
CUST005265,45.0,At Risk,30,41,62
CUST005266,65.0,Monitor,37,83,84
CUST005267,54.2,At Risk,49,37,68
CUST005268,58.4,At Risk,43,46,80
CUST005269,56.4,At Risk,57,92,38
CUST005270,40.0,At Risk,32,84,26
CUST005271,83.6,Healthy,62,98,98
CUST005272,54.2,At Risk,44,95,44
CUST005273,65.4,Monitor,74,25,77
CUST005274,47.2,At Risk,58,24,48
CUST005275,71.6,Monitor,62,56,89
CUST005276,41.2,At Risk,39,52,38
CUST005277,69.2,Monitor,88,42,64
CUST005278,61.8,Monitor,40,47,91
CUST005279,62.4,Monitor,84,44,50
CUST005280,55.4,At Risk,63,69,41
CUST005281,70.4,Monitor,82,84,52
CUST005282,61.0,Monitor,78,39,55
CUST005283,48.8,At Risk,22,64,68
CUST005284,58.2,At Risk,43,97,54
CUST005285,81.6,Healthy,87,50,92
CUST005286,71.6,Monitor,92,32,71
CUST005287,68.2,Monitor,67,81,63
CUST005288,62.8,Monitor,62,54,68
CUST005289,66.6,Monitor,45,85,79
CUST005290,57.2,At Risk,39,60,74
CUST005291,52.0,At Risk,53,96,29
CUST005292,29.0,Critical,21,29,37
CUST005293,83.0,Healthy,94,81,73
CUST005294,49.4,At Risk,48,97,27
CUST005295,55.2,At Risk,66,40,52
CUST005296,88.4,Healthy,99,96,74
CUST005297,51.0,At Risk,46,73,45
CUST005298,67.2,Monitor,90,56,50
CUST005299,66.0,Monitor,37,76,90
CUST005300,38.0,Critical,20,34,58
CUST005301,66.6,Monitor,36,79,91
CUST005302,58.0,At Risk,65,72,44
CUST005303,63.8,Monitor,41,63,87
CUST005304,64.8,Monitor,26,74,99
CUST005305,48.0,At Risk,86,24,22
CUST005306,36.6,Critical,55,27,23
CUST005307,63.0,Monitor,88,83,28
CUST005308,64.2,Monitor,79,87,38
CUST005309,42.2,At Risk,28,91,32
CUST005310,44.6,At Risk,23,47,65
CUST005311,64.2,Monitor,75,57,57
CUST005312,61.6,Monitor,41,34,96
CUST005313,87.8,Healthy,97,89,78
CUST005314,72.0,Monitor,93,58,58
CUST005315,58.2,At Risk,78,53,41
CUST005316,49.8,At Risk,28,53,70
CUST005317,61.4,Monitor,50,67,70
CUST005318,69.4,Monitor,50,89,79
CUST005319,70.6,Monitor,97,81,39
CUST005320,74.0,Monitor,72,66,80
CUST005321,74.6,Monitor,79,67,74
CUST005322,80.0,Healthy,84,78,77
CUST005323,83.6,Healthy,96,38,94
CUST005324,87.8,Healthy,94,61,95
CUST005325,53.2,At Risk,43,62,59
CUST005326,50.2,At Risk,65,53,34
CUST005327,62.2,Monitor,58,91,52
CUST005328,55.8,At Risk,21,85,76
CUST005329,77.2,Monitor,94,58,70
CUST005330,63.2,Monitor,75,58,54
CUST005331,58.0,At Risk,46,40,79
CUST005332,62.6,Monitor,53,43,82
CUST005333,73.2,Monitor,65,48,94
CUST005334,53.0,At Risk,38,59,65
CUST005335,71.8,Monitor,59,93,74
CUST005336,84.2,Healthy,99,31,96
CUST005337,53.2,At Risk,66,80,27
CUST005338,65.0,Monitor,90,69,38
CUST005339,28.2,Critical,33,23,26
CUST005340,70.6,Monitor,84,51,67
CUST005341,39.8,Critical,32,47,44
CUST005342,57.6,At Risk,64,44,58
CUST005343,65.0,Monitor,64,51,73
CUST005344,50.8,At Risk,53,22,63
CUST005345,84.0,Healthy,94,40,96
CUST005346,58.6,At Risk,74,49,48
CUST005347,64.2,Monitor,52,35,91
CUST005348,33.8,Critical,34,53,24
CUST005349,54.6,At Risk,30,93,60
CUST005350,34.4,Critical,26,28,46
CUST005351,67.6,Monitor,37,84,90
CUST005352,80.0,Healthy,79,72,85
CUST005353,59.8,At Risk,82,93,21
CUST005354,86.2,Healthy,88,57,99
CUST005355,46.8,At Risk,65,52,26
CUST005356,45.6,At Risk,25,64,57
CUST005357,75.4,Monitor,87,71,66
CUST005358,45.0,At Risk,27,57,57
CUST005359,59.2,At Risk,94,54,27
CUST005360,58.4,At Risk,48,96,50
CUST005361,54.0,At Risk,69,34,49
CUST005362,60.4,Monitor,69,26,69
CUST005363,61.4,Monitor,37,53,90
CUST005364,71.0,Monitor,53,53,98
CUST005365,78.6,Monitor,68,69,94
CUST005366,38.6,Critical,23,27,60
CUST005367,82.2,Healthy,89,51,91
CUST005368,68.2,Monitor,77,75,56
CUST005369,38.6,Critical,40,49,32
CUST005370,52.8,At Risk,91,22,30
CUST005371,50.8,At Risk,84,20,33
CUST005372,39.2,Critical,34,60,34
CUST005373,35.8,Critical,55,27,21
CUST005374,50.8,At Risk,20,58,78
CUST005375,75.4,Monitor,83,63,74
CUST005376,66.4,Monitor,92,70,39
CUST005377,76.6,Monitor,63,97,80
CUST005378,92.4,Healthy,91,86,97
CUST005379,74.2,Monitor,71,75,77
CUST005380,66.4,Monitor,26,90,95
CUST005381,61.8,Monitor,72,99,33
CUST005382,51.0,At Risk,33,85,52
CUST005383,71.2,Monitor,86,54,65
CUST005384,52.8,At Risk,25,28,93
CUST005385,45.6,At Risk,52,82,21
CUST005386,47.2,At Risk,27,92,45
CUST005387,64.2,Monitor,31,79,90
CUST005388,35.2,Critical,22,88,22
CUST005389,65.2,Monitor,90,82,32
CUST005390,49.2,At Risk,49,68,40
CUST005391,65.2,Monitor,97,66,33
CUST005392,64.8,Monitor,90,54,45
CUST005393,55.4,At Risk,42,81,56
CUST005394,54.6,At Risk,59,69,43
CUST005395,86.2,Healthy,98,93,71
CUST005396,81.8,Healthy,74,81,90
CUST005397,63.4,Monitor,94,69,30
CUST005398,45.0,At Risk,40,83,31
CUST005399,82.2,Healthy,82,67,90
CUST005400,50.6,At Risk,60,43,45
CUST005401,39.0,Critical,47,21,40
CUST005402,50.6,At Risk,52,93,28
CUST005403,39.8,Critical,25,29,60
CUST005404,38.6,Critical,38,75,21
CUST005405,67.4,Monitor,88,35,63
CUST005406,94.8,Healthy,97,84,98
CUST005407,53.4,At Risk,55,81,38
CUST005408,85.0,Healthy,82,69,96
CUST005409,79.0,Monitor,71,87,83
CUST005410,80.6,Healthy,63,89,94
CUST005411,79.8,Monitor,83,97,68
CUST005412,48.8,At Risk,56,70,31
CUST005413,39.4,Critical,39,63,28
CUST005414,47.4,At Risk,76,41,22
CUST005415,34.4,Critical,42,40,24
CUST005416,63.2,Monitor,98,64,28
CUST005417,51.8,At Risk,57,85,30
CUST005418,69.4,Monitor,56,49,93
CUST005419,42.2,At Risk,24,75,44
CUST005420,46.8,At Risk,47,88,26
CUST005421,75.6,Monitor,82,98,58
CUST005422,64.8,Monitor,62,24,88
CUST005423,80.6,Healthy,95,81,66
CUST005424,53.8,At Risk,76,65,26
CUST005425,51.8,At Risk,81,27,35
CUST005426,64.8,Monitor,95,46,44
CUST005427,61.2,Monitor,60,76,55
CUST005428,78.2,Monitor,85,79,71
CUST005429,40.0,At Risk,54,40,26
CUST005430,64.2,Monitor,72,75,51
CUST005431,55.8,At Risk,69,51,45
CUST005432,41.4,At Risk,33,89,26
CUST005433,41.4,At Risk,30,53,47
CUST005434,57.4,At Risk,63,61,50
CUST005435,65.2,Monitor,89,44,52
CUST005436,69.4,Monitor,81,63,61
CUST005437,68.0,Monitor,66,90,59
CUST005438,39.0,Critical,29,45,46
CUST005439,57.8,At Risk,32,33,96
CUST005440,79.6,Monitor,81,86,75
CUST005441,73.2,Monitor,80,56,75
CUST005442,37.6,Critical,26,40,48
CUST005443,57.8,At Risk,57,85,45
CUST005444,82.8,Healthy,96,24,99
CUST005445,86.8,Healthy,85,84,90
CUST005446,64.8,Monitor,57,72,69
CUST005447,74.8,Monitor,95,84,50
CUST005448,44.4,At Risk,45,88,22
CUST005449,84.0,Healthy,99,48,87
CUST005450,50.4,At Risk,36,26,77
CUST005451,50.0,At Risk,56,60,39
CUST005452,64.2,Monitor,86,75,37
CUST005453,59.0,At Risk,36,33,95
CUST005454,42.2,At Risk,40,61,35
CUST005455,53.0,At Risk,72,65,28
CUST005456,59.4,At Risk,29,91,74
CUST005457,66.6,Monitor,78,49,64
CUST005458,54.2,At Risk,80,65,23
CUST005459,58.2,At Risk,62,65,51
CUST005460,64.4,Monitor,57,34,87
CUST005461,57.0,At Risk,90,55,25
CUST005462,55.2,At Risk,42,66,63
CUST005463,66.6,Monitor,49,71,82
CUST005464,65.2,Monitor,87,68,42
CUST005465,37.2,Critical,21,90,27
CUST005466,72.8,Monitor,51,96,83
CUST005467,73.0,Monitor,79,49,79
CUST005468,70.6,Monitor,93,53,57
CUST005469,71.8,Monitor,76,75,66
CUST005470,47.2,At Risk,24,96,46
CUST005471,64.4,Monitor,88,56,45
CUST005472,87.2,Healthy,88,78,91
CUST005473,54.8,At Risk,25,82,71
CUST005474,43.4,At Risk,37,27,58
CUST005475,61.2,Monitor,59,72,58
CUST005476,59.2,At Risk,45,20,93
CUST005477,70.8,Monitor,82,84,53
CUST005478,53.6,At Risk,23,80,71
CUST005479,80.6,Healthy,86,83,74
CUST005480,80.4,Healthy,81,44,98
CUST005481,65.2,Monitor,60,56,75
CUST005482,61.6,Monitor,44,30,95
CUST005483,31.6,Critical,22,52,31
CUST005484,81.4,Healthy,67,97,88
CUST005485,75.0,Monitor,98,53,63
CUST005486,49.2,At Risk,65,48,34
CUST005487,42.6,At Risk,27,73,43
CUST005488,53.4,At Risk,20,71,78
CUST005489,59.6,At Risk,93,56,28
CUST005490,76.2,Monitor,97,59,64
CUST005491,84.6,Healthy,92,51,94
CUST005492,46.6,At Risk,69,47,24
CUST005493,78.0,Monitor,84,78,72
CUST005494,37.0,Critical,22,89,26
CUST005495,58.2,At Risk,62,45,61
CUST005496,55.4,At Risk,84,63,23
CUST005497,64.6,Monitor,78,61,53
CUST005498,64.2,Monitor,34,89,82
CUST005499,65.8,Monitor,70,25,82
CUST005500,57.4,At Risk,64,91,34
CUST005501,76.0,Monitor,56,84,92
CUST005502,84.4,Healthy,96,40,95
CUST005503,50.6,At Risk,76,33,34
CUST005504,85.8,Healthy,98,59,87
CUST005505,76.2,Monitor,91,59,70
CUST005506,66.0,Monitor,96,88,25
CUST005507,52.6,At Risk,52,31,64
CUST005508,69.6,Monitor,94,52,54
CUST005509,67.0,Monitor,72,25,83
CUST005510,52.4,At Risk,29,66,69
CUST005511,66.6,Monitor,34,69,98
CUST005512,42.2,At Risk,45,53,34
CUST005513,71.2,Monitor,88,40,70
CUST005514,86.0,Healthy,82,90,88
CUST005515,61.4,Monitor,72,39,62
CUST005516,77.6,Monitor,86,42,87
CUST005517,67.0,Monitor,95,43,51
CUST005518,63.0,Monitor,46,25,99
CUST005519,67.8,Monitor,75,89,50
CUST005520,48.2,At Risk,23,27,84
CUST005521,51.4,At Risk,47,27,68
CUST005522,58.2,At Risk,45,69,66
CUST005523,83.8,Healthy,91,53,92
CUST005524,49.8,At Risk,20,37,86
CUST005525,60.8,Monitor,38,60,84
CUST005526,60.6,Monitor,68,69,49
CUST005527,44.8,At Risk,44,90,23
CUST005528,45.6,At Risk,20,30,79
CUST005529,77.2,Monitor,92,96,53
CUST005530,56.2,At Risk,46,83,53
CUST005531,45.0,At Risk,35,87,34
CUST005532,61.0,Monitor,52,49,76
CUST005533,36.4,Critical,30,68,27
CUST005534,72.8,Monitor,59,88,79
CUST005535,65.0,Monitor,99,55,36
CUST005536,72.6,Monitor,80,35,84
CUST005537,71.4,Monitor,60,49,94
CUST005538,57.4,At Risk,77,81,26
CUST005539,46.2,At Risk,43,51,47
CUST005540,71.6,Monitor,77,60,72
CUST005541,66.6,Monitor,74,41,72
CUST005542,86.2,Healthy,82,91,88
CUST005543,52.4,At Risk,71,78,21
CUST005544,75.2,Monitor,66,66,89
CUST005545,52.4,At Risk,25,30,91
CUST005546,55.2,At Risk,58,28,66
CUST005547,58.2,At Risk,24,71,86
CUST005548,61.8,Monitor,57,87,54
CUST005549,59.0,At Risk,30,59,88
CUST005550,49.6,At Risk,52,26,59
CUST005551,50.0,At Risk,76,40,29
CUST005552,52.4,At Risk,24,70,72
CUST005553,77.4,Monitor,92,71,66
CUST005554,68.8,Monitor,62,94,63
CUST005555,78.6,Monitor,99,83,56
CUST005556,77.4,Monitor,68,75,88
CUST005557,66.2,Monitor,73,45,70
CUST005558,66.0,Monitor,49,64,84
CUST005559,54.2,At Risk,57,87,35
CUST005560,32.8,Critical,29,28,39
CUST005561,82.6,Healthy,96,23,99
CUST005562,58.8,At Risk,59,38,69
CUST005563,73.6,Monitor,52,76,94
CUST005564,64.6,Monitor,30,89,87
CUST005565,58.8,At Risk,30,78,78
CUST005566,36.2,Critical,30,35,43
CUST005567,66.6,Monitor,95,73,35
CUST005568,78.6,Monitor,60,91,91
CUST005569,74.2,Monitor,88,27,84
CUST005570,75.8,Monitor,95,65,62
CUST005571,67.4,Monitor,66,57,74
CUST005572,60.4,Monitor,95,56,28
CUST005573,67.4,Monitor,59,91,64
CUST005574,54.4,At Risk,53,46,60
CUST005575,83.8,Healthy,88,53,95
CUST005576,61.2,Monitor,49,96,56
CUST005577,56.4,At Risk,68,32,57
CUST005578,74.0,Monitor,93,90,47
CUST005579,82.0,Healthy,96,48,85
CUST005580,70.6,Monitor,75,75,64
CUST005581,79.8,Monitor,98,83,60
CUST005582,71.6,Monitor,84,36,77
CUST005583,74.8,Monitor,88,66,66
CUST005584,79.4,Monitor,92,85,64
CUST005585,60.0,Monitor,64,90,41
CUST005586,65.2,Monitor,62,88,57
CUST005587,51.0,At Risk,50,59,48
CUST005588,55.4,At Risk,67,69,37
CUST005589,78.2,Monitor,69,55,99
CUST005590,48.2,At Risk,64,43,35
CUST005591,61.2,Monitor,95,26,45
CUST005592,75.8,Monitor,70,87,76
CUST005593,29.6,Critical,27,48,23
CUST005594,30.4,Critical,21,40,35
CUST005595,53.2,At Risk,50,70,48
CUST005596,70.0,Monitor,95,44,58
CUST005597,77.8,Monitor,84,51,85
CUST005598,48.0,At Risk,28,24,80
CUST005599,56.2,At Risk,50,47,67
CUST005600,50.0,At Risk,34,50,66
CUST005601,48.0,At Risk,63,66,24
CUST005602,67.6,Monitor,70,48,75
CUST005603,72.6,Monitor,69,63,81
CUST005604,43.8,At Risk,43,59,37
CUST005605,45.0,At Risk,37,51,50
CUST005606,67.0,Monitor,44,55,96
CUST005607,65.6,Monitor,80,48,60
CUST005608,58.0,At Risk,75,78,31
CUST005609,75.6,Monitor,78,64,79
CUST005610,59.4,At Risk,60,91,43
CUST005611,62.2,Monitor,35,69,86
CUST005612,43.8,At Risk,57,45,30
CUST005613,40.6,At Risk,32,51,44
CUST005614,65.0,Monitor,82,35,63
CUST005615,72.6,Monitor,90,23,80
CUST005616,60.4,Monitor,58,72,57
CUST005617,72.0,Monitor,44,82,95
CUST005618,86.6,Healthy,97,63,88
CUST005619,81.0,Healthy,88,55,87
CUST005620,68.2,Monitor,80,55,63
CUST005621,86.0,Healthy,84,66,98
CUST005622,54.4,At Risk,21,48,91
CUST005623,81.8,Healthy,98,61,76
CUST005624,56.6,At Risk,53,27,75
CUST005625,56.6,At Risk,31,61,80
CUST005626,36.6,Critical,39,47,29
CUST005627,56.8,At Risk,54,24,76
CUST005628,77.2,Monitor,74,78,80
CUST005629,88.8,Healthy,85,84,95
CUST005630,60.2,Monitor,30,91,75
CUST005631,50.8,At Risk,63,70,29
CUST005632,49.2,At Risk,59,32,48
CUST005633,83.0,Healthy,62,95,98
CUST005634,51.0,At Risk,67,65,28
CUST005635,69.8,Monitor,51,61,93
CUST005636,57.8,At Risk,52,85,50
CUST005637,80.2,Healthy,65,75,98
CUST005638,79.2,Monitor,82,46,93
CUST005639,47.6,At Risk,33,34,69
CUST005640,57.4,At Risk,57,89,42
CUST005641,59.8,At Risk,53,55,69
CUST005642,61.8,Monitor,91,31,48
CUST005643,63.0,Monitor,76,79,42
CUST005644,49.4,At Risk,63,71,25
CUST005645,49.6,At Risk,59,30,50
CUST005646,54.2,At Risk,72,23,52
CUST005647,61.2,Monitor,94,60,29
CUST005648,51.8,At Risk,30,67,66
CUST005649,62.8,Monitor,63,74,57
CUST005650,60.2,Monitor,55,25,83
CUST005651,43.0,At Risk,45,41,42
CUST005652,42.4,At Risk,34,88,28
CUST005653,35.6,Critical,27,32,46
CUST005654,57.0,At Risk,59,49,59
CUST005655,60.2,Monitor,61,95,42
CUST005656,64.4,Monitor,77,42,63
CUST005657,79.4,Monitor,79,65,87
CUST005658,50.8,At Risk,61,22,55
CUST005659,55.6,At Risk,50,94,42
CUST005660,76.0,Monitor,77,96,65
CUST005661,79.8,Monitor,71,67,95
CUST005662,64.4,Monitor,63,20,88
CUST005663,71.0,Monitor,92,21,75
CUST005664,63.6,Monitor,59,68,66
CUST005665,72.4,Monitor,85,76,58
CUST005666,64.6,Monitor,88,43,52
CUST005667,74.6,Monitor,95,41,71
CUST005668,47.0,At Risk,41,83,35
CUST005669,43.0,At Risk,34,69,39
CUST005670,65.6,Monitor,60,92,58
CUST005671,61.6,Monitor,45,36,91
CUST005672,65.2,Monitor,52,60,81
CUST005673,80.8,Healthy,81,48,97
CUST005674,61.2,Monitor,49,84,62
CUST005675,75.8,Monitor,81,21,98
CUST005676,68.2,Monitor,77,57,65
CUST005677,61.6,Monitor,48,22,95
CUST005678,38.4,Critical,30,90,21
CUST005679,70.2,Monitor,99,31,61
CUST005680,44.0,At Risk,43,26,54
CUST005681,67.8,Monitor,51,61,88
CUST005682,79.6,Monitor,72,94,80
CUST005683,57.4,At Risk,51,69,58
CUST005684,38.6,Critical,23,27,60
CUST005685,71.4,Monitor,92,69,52
CUST005686,84.6,Healthy,84,95,80
CUST005687,79.8,Monitor,84,95,68
CUST005688,28.4,Critical,21,54,23
CUST005689,44.2,At Risk,36,93,28
CUST005690,36.4,Critical,53,24,26
CUST005691,51.4,At Risk,41,73,51
CUST005692,50.2,At Risk,64,61,31
CUST005693,59.8,At Risk,98,37,33
CUST005694,57.8,At Risk,68,33,60
CUST005695,45.8,At Risk,48,59,37
CUST005696,50.8,At Risk,43,98,35
CUST005697,50.8,At Risk,36,50,66
CUST005698,53.2,At Risk,84,44,27
CUST005699,55.4,At Risk,34,57,76
CUST005700,72.4,Monitor,55,58,97
CUST005701,63.6,Monitor,99,20,50
CUST005702,47.8,At Risk,20,39,80
CUST005703,47.4,At Risk,32,45,64
CUST005704,30.6,Critical,23,61,23
CUST005705,70.4,Monitor,60,96,68
CUST005706,67.0,Monitor,84,43,62
CUST005707,74.0,Monitor,61,50,99
CUST005708,37.4,Critical,21,33,56
CUST005709,52.2,At Risk,29,43,80
CUST005710,42.8,At Risk,64,46,20
CUST005711,36.6,Critical,48,41,23
CUST005712,62.6,Monitor,32,91,79
CUST005713,61.2,Monitor,71,60,52
CUST005714,84.0,Healthy,66,90,99
CUST005715,30.6,Critical,20,59,27
CUST005716,61.2,Monitor,80,78,34
CUST005717,71.8,Monitor,74,67,72
CUST005718,62.6,Monitor,82,91,29
CUST005719,71.4,Monitor,93,61,55
CUST005720,35.0,Critical,23,71,29
CUST005721,63.8,Monitor,73,23,75
CUST005722,52.2,At Risk,57,85,31
CUST005723,37.4,Critical,22,45,49
CUST005724,57.8,At Risk,25,65,87
CUST005725,46.2,At Risk,45,23,59
CUST005726,48.8,At Risk,45,44,55
CUST005727,48.6,At Risk,27,99,45
CUST005728,63.2,Monitor,59,52,73
CUST005729,60.0,Monitor,41,86,66
CUST005730,67.4,Monitor,37,69,97
CUST005731,64.4,Monitor,95,70,31
CUST005732,68.8,Monitor,76,30,81
CUST005733,64.4,Monitor,87,86,31
CUST005734,85.6,Healthy,96,62,87
CUST005735,53.6,At Risk,34,38,81
CUST005736,80.6,Healthy,89,93,66
CUST005737,79.2,Monitor,74,88,80
CUST005738,35.6,Critical,24,88,21
CUST005739,38.0,Critical,51,26,31
CUST005740,53.8,At Risk,41,47,70
CUST005741,59.6,At Risk,66,70,48
CUST005742,58.6,At Risk,53,91,48
CUST005743,46.2,At Risk,59,71,21
CUST005744,64.8,Monitor,43,44,97
CUST005745,73.2,Monitor,72,60,81
CUST005746,72.6,Monitor,76,31,90
CUST005747,36.8,Critical,47,46,22
CUST005748,54.0,At Risk,96,24,27
CUST005749,72.6,Monitor,56,97,77
CUST005750,86.6,Healthy,99,57,89
CUST005751,59.6,At Risk,91,58,29
CUST005752,55.4,At Risk,59,47,56
CUST005753,63.6,Monitor,78,72,45
CUST005754,38.8,Critical,59,36,20
CUST005755,80.8,Healthy,96,34,89
CUST005756,51.4,At Risk,22,47,83
CUST005757,64.4,Monitor,44,36,99
CUST005758,67.6,Monitor,49,92,74
CUST005759,52.2,At Risk,59,47,48
CUST005760,87.4,Healthy,96,81,82
CUST005761,76.2,Monitor,76,61,84
CUST005762,81.4,Healthy,87,83,75
CUST005763,75.0,Monitor,80,47,84
CUST005764,35.0,Critical,21,89,22
CUST005765,92.4,Healthy,98,78,94
CUST005766,80.6,Healthy,95,49,82
CUST005767,57.8,At Risk,55,47,66
CUST005768,76.8,Monitor,68,84,82
CUST005769,81.2,Healthy,80,72,87
CUST005770,53.8,At Risk,29,23,94
CUST005771,68.8,Monitor,87,78,46
CUST005772,58.8,At Risk,89,44,36
CUST005773,50.6,At Risk,32,77,56
CUST005774,85.4,Healthy,99,69,80
CUST005775,65.4,Monitor,85,23,67
CUST005776,28.6,Critical,21,21,40
CUST005777,62.2,Monitor,73,43,61
CUST005778,75.8,Monitor,70,63,88
CUST005779,38.2,Critical,22,23,62
CUST005780,64.0,Monitor,96,68,30
CUST005781,55.8,At Risk,26,65,81
CUST005782,67.8,Monitor,80,45,67
CUST005783,67.0,Monitor,39,87,85
CUST005784,83.0,Healthy,70,93,91
CUST005785,55.0,At Risk,35,81,62
CUST005786,64.0,Monitor,31,66,96
CUST005787,72.0,Monitor,55,90,80
CUST005788,41.8,At Risk,29,73,39
CUST005789,66.6,Monitor,59,41,87
CUST005790,63.0,Monitor,57,63,69
CUST005791,71.4,Monitor,87,89,47
CUST005792,63.6,Monitor,98,66,28
CUST005793,92.6,Healthy,98,89,89
CUST005794,52.2,At Risk,61,53,43
CUST005795,67.0,Monitor,42,63,94
CUST005796,76.2,Monitor,87,65,71
CUST005797,52.0,At Risk,45,30,70
CUST005798,63.4,Monitor,29,67,96
CUST005799,59.8,At Risk,20,87,86
CUST005800,87.2,Healthy,71,98,98
CUST005801,63.2,Monitor,96,32,46
CUST005802,65.2,Monitor,93,54,43
CUST005803,76.0,Monitor,78,82,71
CUST005804,42.6,At Risk,34,97,24
CUST005805,63.0,Monitor,61,43,75
CUST005806,52.6,At Risk,40,95,44
CUST005807,69.8,Monitor,75,65,67
CUST005808,68.4,Monitor,75,24,84
CUST005809,72.4,Monitor,66,92,69
CUST005810,66.6,Monitor,82,91,39
CUST005811,74.4,Monitor,95,54,64
CUST005812,50.8,At Risk,88,30,24
CUST005813,47.6,At Risk,53,68,32
CUST005814,58.0,At Risk,38,60,77
CUST005815,54.0,At Risk,41,68,60
CUST005816,64.8,Monitor,79,24,71
CUST005817,40.2,At Risk,56,21,34
CUST005818,77.2,Monitor,69,58,95
CUST005819,41.6,At Risk,24,46,57
CUST005820,47.0,At Risk,60,47,34
CUST005821,54.4,At Risk,68,80,28
CUST005822,41.0,At Risk,28,47,51
CUST005823,71.8,Monitor,43,93,90
CUST005824,53.8,At Risk,51,41,63
CUST005825,59.8,At Risk,75,69,40
CUST005826,91.4,Healthy,85,99,94
CUST005827,40.4,At Risk,34,62,36
CUST005828,84.6,Healthy,94,59,88
CUST005829,72.2,Monitor,53,65,95
CUST005830,46.4,At Risk,53,54,36
CUST005831,66.4,Monitor,81,76,47
CUST005832,57.6,At Risk,84,70,25
CUST005833,68.2,Monitor,86,61,54
CUST005834,48.8,At Risk,34,92,42
CUST005835,66.0,Monitor,58,34,90
CUST005836,51.6,At Risk,64,42,44
CUST005837,66.8,Monitor,82,82,44
CUST005838,66.8,Monitor,98,90,24
CUST005839,46.4,At Risk,29,36,69
CUST005840,65.0,Monitor,68,77,56
CUST005841,75.2,Monitor,99,34,72
CUST005842,69.8,Monitor,82,31,77
CUST005843,48.4,At Risk,82,38,20
CUST005844,52.8,At Risk,30,36,84
CUST005845,50.4,At Risk,61,60,35
CUST005846,59.0,At Risk,87,49,36
CUST005847,92.2,Healthy,98,95,85
CUST005848,77.4,Monitor,67,89,82
CUST005849,45.0,At Risk,44,29,54
CUST005850,73.8,Monitor,86,31,83
CUST005851,51.0,At Risk,67,39,41
CUST005852,72.4,Monitor,85,40,76
CUST005853,60.4,Monitor,43,36,90
CUST005854,62.0,Monitor,71,82,43
CUST005855,79.2,Monitor,73,84,83
CUST005856,73.6,Monitor,65,72,83
CUST005857,42.2,At Risk,36,43,48
CUST005858,78.0,Monitor,94,22,90
CUST005859,69.2,Monitor,77,94,49
CUST005860,68.0,Monitor,84,38,67
CUST005861,55.8,At Risk,46,57,65
CUST005862,49.4,At Risk,54,35,52
CUST005863,66.4,Monitor,59,20,97
CUST005864,59.4,At Risk,65,99,34
CUST005865,58.8,At Risk,80,70,32
CUST005866,60.6,Monitor,51,87,57
CUST005867,71.0,Monitor,99,69,44
CUST005868,51.6,At Risk,50,80,39
CUST005869,57.4,At Risk,96,53,21
CUST005870,82.2,Healthy,84,63,90
CUST005871,52.2,At Risk,46,67,51
CUST005872,67.6,Monitor,65,34,87
CUST005873,44.2,At Risk,62,57,20
CUST005874,90.4,Healthy,93,86,90
CUST005875,53.0,At Risk,44,89,44
CUST005876,67.8,Monitor,45,87,81
CUST005877,54.6,At Risk,58,27,65
CUST005878,59.8,At Risk,63,77,48
CUST005879,82.6,Healthy,78,87,85
CUST005880,50.0,At Risk,61,76,26
CUST005881,38.0,Critical,35,32,44
CUST005882,70.8,Monitor,61,38,97
CUST005883,41.0,At Risk,46,29,42
CUST005884,68.0,Monitor,34,78,97
CUST005885,50.8,At Risk,85,38,23
CUST005886,64.2,Monitor,33,79,88
CUST005887,38.6,Critical,22,95,27
CUST005888,66.0,Monitor,50,88,71
CUST005889,55.4,At Risk,90,47,25
CUST005890,77.4,Monitor,58,85,93
CUST005891,47.4,At Risk,55,67,30
CUST005892,56.0,At Risk,74,86,23
CUST005893,62.2,Monitor,70,99,36
CUST005894,46.0,At Risk,63,58,23
CUST005895,69.0,Monitor,36,79,97
CUST005896,34.0,Critical,24,62,30
CUST005897,42.4,At Risk,30,20,66
CUST005898,63.6,Monitor,55,80,64
CUST005899,84.8,Healthy,86,72,90
CUST005900,48.8,At Risk,33,74,52
CUST005901,55.2,At Risk,32,64,74
CUST005902,56.2,At Risk,38,89,58
CUST005903,39.8,Critical,22,73,41
CUST005904,30.4,Critical,44,24,20
CUST005905,40.4,At Risk,36,66,32
CUST005906,63.6,Monitor,69,76,52
CUST005907,65.8,Monitor,62,87,59
CUST005908,58.0,At Risk,95,30,35
CUST005909,60.0,Monitor,82,28,54
CUST005910,52.0,At Risk,70,76,22
CUST005911,77.2,Monitor,89,80,64
CUST005912,52.4,At Risk,51,26,67
CUST005913,29.2,Critical,24,30,34
CUST005914,30.8,Critical,45,20,22
CUST005915,52.6,At Risk,25,75,69
CUST005916,90.2,Healthy,94,69,97
CUST005917,35.6,Critical,26,34,46
CUST005918,64.4,Monitor,87,28,60
CUST005919,72.4,Monitor,93,24,76
CUST005920,67.4,Monitor,48,87,77
CUST005921,57.8,At Risk,36,65,76
CUST005922,67.6,Monitor,88,74,44
CUST005923,68.6,Monitor,40,67,98
CUST005924,71.8,Monitor,92,39,68
CUST005925,46.0,At Risk,28,60,57
CUST005926,59.4,At Risk,69,27,66
CUST005927,60.0,Monitor,43,46,84
CUST005928,70.4,Monitor,82,56,66
CUST005929,70.4,Monitor,98,80,38
CUST005930,43.8,At Risk,25,21,74
CUST005931,35.4,Critical,31,25,45
CUST005932,44.0,At Risk,24,58,57
CUST005933,52.4,At Risk,64,92,21
CUST005934,66.4,Monitor,36,66,97
CUST005935,54.8,At Risk,52,44,63
CUST005936,44.8,At Risk,22,92,44
CUST005937,54.0,At Risk,60,90,30
CUST005938,60.2,Monitor,73,97,29
CUST005939,46.6,At Risk,25,57,63
CUST005940,31.8,Critical,26,57,25
CUST005941,48.4,At Risk,31,36,72
CUST005942,73.8,Monitor,84,31,85
CUST005943,57.4,At Risk,52,43,70
CUST005944,61.6,Monitor,33,84,79
CUST005945,59.0,At Risk,94,61,23
CUST005946,45.2,At Risk,30,30,68
CUST005947,54.4,At Risk,27,78,70
CUST005948,79.2,Monitor,89,22,98
CUST005949,78.0,Monitor,83,76,74
CUST005950,40.4,At Risk,36,74,28
CUST005951,75.6,Monitor,97,84,50
CUST005952,63.0,Monitor,58,81,59
CUST005953,73.4,Monitor,51,93,86
CUST005954,69.4,Monitor,84,57,61
CUST005955,53.8,At Risk,45,79,50
CUST005956,79.8,Monitor,75,83,83
CUST005957,75.4,Monitor,70,45,96
CUST005958,68.6,Monitor,85,33,70
CUST005959,46.0,At Risk,74,38,22
CUST005960,56.2,At Risk,37,71,68
CUST005961,49.6,At Risk,20,52,78
CUST005962,77.4,Monitor,97,37,78
CUST005963,67.8,Monitor,50,49,95
CUST005964,82.6,Healthy,91,83,74
CUST005965,43.4,At Risk,27,31,66
CUST005966,72.2,Monitor,82,47,75
CUST005967,68.2,Monitor,97,47,50
CUST005968,66.2,Monitor,58,23,96
CUST005969,80.6,Healthy,92,83,68
CUST005970,34.2,Critical,51,27,21
CUST005971,69.4,Monitor,58,97,67
CUST005972,67.6,Monitor,58,88,67
CUST005973,55.2,At Risk,78,70,25
CUST005974,81.8,Healthy,81,85,81
CUST005975,41.2,At Risk,38,30,50
CUST005976,69.4,Monitor,84,25,77
CUST005977,67.0,Monitor,99,69,34
CUST005978,33.8,Critical,39,27,32
CUST005979,76.6,Monitor,93,95,51
CUST005980,50.8,At Risk,27,54,73
CUST005981,82.0,Healthy,78,84,85
CUST005982,49.0,At Risk,76,37,28
CUST005983,52.8,At Risk,22,86,67
CUST005984,76.0,Monitor,74,74,79
CUST005985,81.0,Healthy,91,81,71
CUST005986,65.6,Monitor,96,70,33
CUST005987,52.2,At Risk,31,63,68
CUST005988,32.6,Critical,26,21,45
CUST005989,65.2,Monitor,27,92,90
CUST005990,66.0,Monitor,29,76,98
CUST005991,75.6,Monitor,80,44,87
CUST005992,37.2,Critical,20,38,54
CUST005993,63.2,Monitor,62,54,69
CUST005994,66.2,Monitor,69,51,71
CUST005995,67.6,Monitor,96,96,25
CUST005996,52.0,At Risk,66,66,31
CUST005997,70.4,Monitor,83,68,59
CUST005998,87.8,Healthy,97,93,76
CUST005999,56.0,At Risk,40,50,75
CUST006000,51.6,At Risk,34,44,73
CUST006001,40.4,At Risk,29,40,52
CUST006002,60.0,Monitor,84,24,54
CUST006003,40.2,At Risk,24,29,62
CUST006004,39.2,Critical,41,56,29
CUST006005,46.4,At Risk,32,40,64
CUST006006,83.4,Healthy,93,59,86
CUST006007,58.6,At Risk,63,55,56
CUST006008,35.8,Critical,30,23,48
CUST006009,59.4,At Risk,56,25,80
CUST006010,92.2,Healthy,98,69,98
CUST006011,56.0,At Risk,21,64,87
CUST006012,74.0,Monitor,75,24,98
CUST006013,80.2,Healthy,89,73,75
CUST006014,69.0,Monitor,79,79,54
CUST006015,36.2,Critical,40,31,35
CUST006016,74.2,Monitor,70,67,82
CUST006017,64.8,Monitor,84,38,59
CUST006018,42.0,At Risk,24,68,47
CUST006019,59.6,At Risk,57,84,50
CUST006020,52.0,At Risk,53,48,53
CUST006021,61.4,Monitor,70,39,64
CUST006022,57.6,At Risk,55,78,50
CUST006023,69.8,Monitor,78,31,81
CUST006024,59.6,At Risk,99,52,24
CUST006025,66.8,Monitor,62,78,66
CUST006026,52.8,At Risk,76,58,27
CUST006027,47.4,At Risk,69,37,31
CUST006028,38.8,Critical,33,70,29
CUST006029,41.0,At Risk,40,45,40
CUST006030,58.0,At Risk,44,32,85
CUST006031,65.6,Monitor,71,72,57
CUST006032,46.0,At Risk,77,30,23
CUST006033,35.6,Critical,54,20,25
CUST006034,48.0,At Risk,43,68,43
CUST006035,51.4,At Risk,24,73,68
CUST006036,40.4,At Risk,33,54,41
CUST006037,56.4,At Risk,78,40,43
CUST006038,69.6,Monitor,80,90,49
CUST006039,59.2,At Risk,74,86,31
CUST006040,42.8,At Risk,39,44,46
CUST006041,44.2,At Risk,43,85,25
CUST006042,49.6,At Risk,76,48,24
CUST006043,61.0,Monitor,32,81,80
CUST006044,86.4,Healthy,87,86,86
CUST006045,39.8,Critical,49,23,39
CUST006046,53.2,At Risk,49,24,72
CUST006047,66.2,Monitor,83,39,63
CUST006048,61.0,Monitor,79,55,46
CUST006049,72.2,Monitor,78,83,61
CUST006050,83.0,Healthy,76,97,83
CUST006051,57.2,At Risk,59,38,65
CUST006052,60.6,Monitor,22,91,84
CUST006053,81.6,Healthy,87,40,97
CUST006054,44.2,At Risk,55,21,45
CUST006055,68.6,Monitor,83,99,39
CUST006056,74.4,Monitor,50,80,96
CUST006057,64.0,Monitor,99,20,51
CUST006058,56.2,At Risk,51,57,61
CUST006059,79.6,Monitor,77,60,92
CUST006060,53.6,At Risk,43,30,76
CUST006061,65.6,Monitor,85,56,51
CUST006062,84.8,Healthy,82,90,85
CUST006063,60.0,Monitor,82,92,22
CUST006064,48.6,At Risk,55,23,55
CUST006065,54.0,At Risk,50,44,63
CUST006066,46.2,At Risk,76,33,23
CUST006067,67.0,Monitor,56,47,88
CUST006068,69.8,Monitor,83,25,79
CUST006069,60.4,Monitor,52,36,81
CUST006070,43.8,At Risk,34,35,58
CUST006071,48.6,At Risk,55,27,53
CUST006072,41.4,At Risk,39,61,34
CUST006073,57.0,At Risk,75,91,22
CUST006074,50.0,At Risk,37,82,47
CUST006075,39.6,Critical,28,46,48
CUST006076,66.8,Monitor,58,72,73
CUST006077,49.8,At Risk,63,29,47
CUST006078,67.4,Monitor,82,79,47
CUST006079,68.8,Monitor,28,98,95
CUST006080,55.0,At Risk,99,37,20
CUST006081,51.6,At Risk,70,64,27
CUST006082,56.0,At Risk,36,52,78
CUST006083,61.6,Monitor,73,74,44
CUST006084,51.0,At Risk,22,53,79
CUST006085,44.0,At Risk,27,64,51
CUST006086,66.0,Monitor,78,44,65
CUST006087,40.0,At Risk,40,46,37
CUST006088,45.0,At Risk,49,53,37
CUST006089,40.6,At Risk,29,27,59
CUST006090,47.6,At Risk,49,92,24
CUST006091,49.4,At Risk,57,77,28
CUST006092,52.2,At Risk,76,45,32
CUST006093,56.2,At Risk,64,61,46
CUST006094,82.2,Healthy,96,91,64
CUST006095,47.6,At Risk,53,48,42
CUST006096,58.2,At Risk,39,97,58
CUST006097,77.6,Monitor,92,84,60
CUST006098,58.4,At Risk,94,62,21
CUST006099,64.4,Monitor,50,86,68
CUST006100,46.2,At Risk,76,25,27
CUST006101,57.2,At Risk,53,50,65
CUST006102,64.6,Monitor,86,49,51
CUST006103,43.0,At Risk,50,57,29
CUST006104,61.0,Monitor,69,87,40
CUST006105,50.6,At Risk,26,43,79
CUST006106,54.4,At Risk,44,44,70
CUST006107,36.4,Critical,22,94,22
CUST006108,50.0,At Risk,39,22,75
CUST006109,63.6,Monitor,57,76,64
CUST006110,51.6,At Risk,50,56,51
CUST006111,58.4,At Risk,74,76,34
CUST006112,82.2,Healthy,65,89,96
CUST006113,81.2,Healthy,85,74,81
CUST006114,77.4,Monitor,87,21,96
CUST006115,35.4,Critical,25,71,28
CUST006116,59.8,At Risk,54,87,52
CUST006117,61.0,Monitor,63,41,69
CUST006118,69.6,Monitor,50,80,84
CUST006119,65.6,Monitor,90,70,39
CUST006120,69.8,Monitor,89,55,58
CUST006121,52.2,At Risk,25,33,89
CUST006122,79.8,Monitor,84,95,68
CUST006123,71.6,Monitor,82,88,53
CUST006124,75.8,Monitor,74,77,77
CUST006125,38.6,Critical,35,73,25
CUST006126,55.4,At Risk,73,21,55
CUST006127,46.2,At Risk,60,57,27
CUST006128,62.0,Monitor,73,66,49
CUST006129,57.4,At Risk,23,81,80
CUST006130,49.8,At Risk,74,61,20
CUST006131,60.6,Monitor,63,21,78
CUST006132,39.8,Critical,21,29,64
CUST006133,58.4,At Risk,99,54,20
CUST006134,77.8,Monitor,91,43,82
CUST006135,64.6,Monitor,92,53,43
CUST006136,63.0,Monitor,31,63,95
CUST006137,71.0,Monitor,91,83,45
CUST006138,58.2,At Risk,24,81,81
CUST006139,66.6,Monitor,56,51,85
CUST006140,48.8,At Risk,45,50,52
CUST006141,65.6,Monitor,75,64,57
CUST006142,63.6,Monitor,66,24,81
CUST006143,62.6,Monitor,93,69,29
CUST006144,56.6,At Risk,74,47,44
CUST006145,32.2,Critical,28,61,22
CUST006146,65.6,Monitor,74,66,57
CUST006147,59.4,At Risk,71,29,63
CUST006148,73.8,Monitor,98,69,52
CUST006149,48.8,At Risk,36,20,76
CUST006150,55.2,At Risk,84,24,42
CUST006151,56.0,At Risk,50,50,65
CUST006152,53.0,At Risk,65,81,27
CUST006153,97.0,Healthy,97,95,98
CUST006154,44.6,At Risk,21,75,53
CUST006155,58.8,At Risk,24,84,81
CUST006156,75.6,Monitor,63,82,85
CUST006157,58.4,At Risk,50,36,78
CUST006158,55.4,At Risk,28,67,77
CUST006159,54.2,At Risk,30,35,88
CUST006160,51.6,At Risk,54,94,28
CUST006161,83.0,Healthy,74,87,90
CUST006162,43.8,At Risk,40,23,58
CUST006163,39.4,Critical,24,83,33
CUST006164,63.4,Monitor,84,63,43
CUST006165,50.8,At Risk,46,44,59
CUST006166,58.4,At Risk,38,20,98
CUST006167,49.4,At Risk,29,63,63
CUST006168,75.0,Monitor,86,93,55
CUST006169,58.0,At Risk,85,20,50
CUST006170,52.8,At Risk,20,72,76
CUST006171,57.8,At Risk,71,87,30
CUST006172,63.4,Monitor,32,71,91
CUST006173,39.8,Critical,27,83,31
CUST006174,47.8,At Risk,52,43,46
CUST006175,83.2,Healthy,92,76,78
CUST006176,61.6,Monitor,36,82,77
CUST006177,71.4,Monitor,72,31,91
CUST006178,71.6,Monitor,88,62,60
CUST006179,32.2,Critical,20,61,30
CUST006180,66.8,Monitor,76,80,51
CUST006181,63.0,Monitor,41,67,83
CUST006182,29.2,Critical,24,36,31
CUST006183,59.4,At Risk,71,85,35
CUST006184,62.6,Monitor,80,29,62
CUST006185,57.2,At Risk,34,60,79
CUST006186,43.2,At Risk,36,70,37
CUST006187,44.4,At Risk,26,58,56
CUST006188,54.6,At Risk,69,69,33
CUST006189,60.8,Monitor,64,76,50
CUST006190,66.6,Monitor,92,91,29
CUST006191,44.0,At Risk,59,58,22
CUST006192,73.4,Monitor,83,81,60
CUST006193,68.4,Monitor,79,44,70
CUST006194,59.0,At Risk,47,47,77
CUST006195,54.2,At Risk,91,49,20
CUST006196,41.0,At Risk,65,21,27
CUST006197,60.6,Monitor,25,93,80
CUST006198,46.6,At Risk,26,75,53
CUST006199,47.2,At Risk,40,66,45
CUST006200,67.6,Monitor,56,36,95
CUST006201,54.8,At Risk,30,44,85
CUST006202,58.0,At Risk,36,36,91
CUST006203,71.6,Monitor,73,32,90
CUST006204,43.8,At Risk,37,53,46
CUST006205,34.8,Critical,30,38,38
CUST006206,63.8,Monitor,53,93,60
CUST006207,70.4,Monitor,63,36,95
CUST006208,57.6,At Risk,59,36,67
CUST006209,59.4,At Risk,53,31,80
CUST006210,39.6,Critical,23,48,52
CUST006211,37.6,Critical,25,82,28
CUST006212,55.0,At Risk,97,41,20
CUST006213,64.4,Monitor,63,44,76
CUST006214,51.8,At Risk,23,83,65
CUST006215,58.4,At Risk,98,30,33
CUST006216,68.4,Monitor,54,42,96
CUST006217,46.0,At Risk,51,80,24
CUST006218,54.4,At Risk,33,78,64
CUST006219,69.4,Monitor,64,81,69
CUST006220,38.6,Critical,43,37,35
CUST006221,51.2,At Risk,38,82,49
CUST006222,58.0,At Risk,83,52,36
CUST006223,61.0,Monitor,84,27,55
CUST006224,82.6,Healthy,96,29,96
CUST006225,76.4,Monitor,91,26,87
CUST006226,45.0,At Risk,29,71,48
CUST006227,83.0,Healthy,70,87,94
CUST006228,51.0,At Risk,69,71,23
CUST006229,53.0,At Risk,54,43,57
CUST006230,73.4,Monitor,45,87,95
CUST006231,32.0,Critical,26,50,29
CUST006232,54.8,At Risk,84,22,42
CUST006233,56.8,At Risk,52,98,41
CUST006234,54.6,At Risk,88,35,31
CUST006235,66.2,Monitor,49,93,70
CUST006236,55.6,At Risk,71,88,24
CUST006237,81.2,Healthy,95,96,60
CUST006238,50.6,At Risk,56,49,46
CUST006239,71.6,Monitor,75,32,88
CUST006240,60.2,Monitor,41,41,89
CUST006241,42.4,At Risk,61,40,25
CUST006242,62.8,Monitor,47,86,67
CUST006243,68.0,Monitor,96,72,38
CUST006244,77.0,Monitor,87,61,75
CUST006245,85.8,Healthy,85,79,90
CUST006246,42.6,At Risk,38,59,39
CUST006247,71.0,Monitor,99,35,61
CUST006248,70.8,Monitor,63,98,65
CUST006249,49.6,At Risk,50,82,33
CUST006250,42.4,At Risk,36,70,35
CUST006251,56.8,At Risk,63,20,69
CUST006252,41.6,At Risk,39,80,25
CUST006253,87.8,Healthy,79,87,97
CUST006254,67.2,Monitor,58,56,82
CUST006255,68.0,Monitor,78,52,66
CUST006256,86.6,Healthy,98,55,91
CUST006257,68.6,Monitor,64,23,96
CUST006258,43.0,At Risk,21,23,75
CUST006259,64.4,Monitor,35,84,84
CUST006260,61.8,Monitor,53,83,60
CUST006261,80.2,Healthy,98,73,66
CUST006262,78.6,Monitor,95,87,58
CUST006263,79.4,Monitor,58,83,99
CUST006264,58.8,At Risk,42,94,58
CUST006265,31.6,Critical,44,24,23
CUST006266,74.6,Monitor,77,67,76
CUST006267,62.2,Monitor,73,91,37
CUST006268,57.4,At Risk,53,67,57
CUST006269,59.8,At Risk,81,31,53
CUST006270,51.0,At Risk,24,69,69
CUST006271,45.6,At Risk,57,42,36
CUST006272,80.6,Healthy,83,71,83
CUST006273,68.0,Monitor,96,22,63
CUST006274,33.8,Critical,32,23,41
CUST006275,39.2,Critical,26,38,53
CUST006276,44.8,At Risk,67,28,31
CUST006277,88.4,Healthy,84,80,97
CUST006278,47.4,At Risk,32,43,65
CUST006279,72.0,Monitor,74,44,84
CUST006280,77.8,Monitor,89,85,63
CUST006281,65.6,Monitor,34,98,81
CUST006282,48.8,At Risk,61,44,39
CUST006283,37.4,Critical,33,49,36
CUST006284,68.6,Monitor,58,65,81
CUST006285,52.2,At Risk,27,77,65
CUST006286,49.0,At Risk,68,59,25
CUST006287,75.8,Monitor,77,51,87
CUST006288,81.6,Healthy,82,48,98
CUST006289,44.8,At Risk,35,26,64
CUST006290,48.4,At Risk,63,66,25
CUST006291,65.6,Monitor,68,32,80
CUST006292,73.4,Monitor,90,63,62
CUST006293,59.0,At Risk,41,85,64
CUST006294,55.6,At Risk,72,76,29
CUST006295,68.0,Monitor,70,60,70
CUST006296,61.6,Monitor,73,28,67
CUST006297,78.6,Monitor,83,75,76
CUST006298,50.4,At Risk,51,52,49
CUST006299,62.0,Monitor,87,40,48
CUST006300,48.0,At Risk,47,58,44
CUST006301,54.8,At Risk,70,90,22
CUST006302,55.6,At Risk,62,64,45
CUST006303,50.6,At Risk,20,43,85
CUST006304,42.2,At Risk,38,27,54
CUST006305,51.8,At Risk,33,53,70
CUST006306,54.8,At Risk,40,46,74
CUST006307,59.0,At Risk,23,59,95
CUST006308,78.8,Monitor,71,72,90
CUST006309,51.4,At Risk,28,29,86
CUST006310,72.6,Monitor,95,65,54
CUST006311,60.0,Monitor,48,60,72
CUST006312,48.8,At Risk,59,54,36
CUST006313,36.0,Critical,26,88,20
CUST006314,69.2,Monitor,43,90,85
CUST006315,49.6,At Risk,55,58,40
CUST006316,46.8,At Risk,35,26,69
CUST006317,82.0,Healthy,88,56,89
CUST006318,67.6,Monitor,59,82,69
CUST006319,38.6,Critical,20,39,57
CUST006320,60.0,Monitor,70,56,52
CUST006321,57.6,At Risk,74,94,23
CUST006322,54.4,At Risk,29,22,96
CUST006323,40.6,At Risk,37,37,46
CUST006324,79.8,Monitor,83,59,87
CUST006325,69.6,Monitor,61,84,71
CUST006326,49.4,At Risk,60,41,43
CUST006327,75.0,Monitor,67,83,79
CUST006328,93.0,Healthy,92,95,93
CUST006329,41.2,At Risk,60,42,22
CUST006330,62.4,Monitor,59,98,48
CUST006331,72.6,Monitor,41,99,91
CUST006332,69.0,Monitor,88,75,47
CUST006333,58.0,At Risk,27,82,77
CUST006334,48.4,At Risk,36,68,51
CUST006335,80.2,Healthy,69,93,85
CUST006336,61.6,Monitor,53,76,63
CUST006337,43.0,At Risk,39,21,58
CUST006338,48.4,At Risk,41,56,52
CUST006339,85.6,Healthy,87,70,92
CUST006340,64.2,Monitor,68,89,48
CUST006341,31.6,Critical,20,64,27
CUST006342,71.2,Monitor,64,48,90
CUST006343,54.8,At Risk,28,94,62
CUST006344,51.0,At Risk,34,91,48
CUST006345,68.8,Monitor,92,82,39
CUST006346,72.2,Monitor,96,69,50
CUST006347,77.4,Monitor,81,81,72
CUST006348,69.0,Monitor,64,23,97
CUST006349,59.2,At Risk,42,52,80
CUST006350,66.0,Monitor,75,34,73
CUST006351,81.4,Healthy,86,51,92
CUST006352,51.6,At Risk,55,34,57
CUST006353,54.4,At Risk,38,74,61
CUST006354,49.4,At Risk,59,87,21
CUST006355,78.8,Monitor,83,62,83
CUST006356,55.0,At Risk,83,65,22
CUST006357,72.0,Monitor,55,52,99
CUST006358,32.8,Critical,26,36,38
CUST006359,54.2,At Risk,31,49,80
CUST006360,62.6,Monitor,60,31,81
CUST006361,67.6,Monitor,50,56,91
CUST006362,75.8,Monitor,72,97,69
CUST006363,66.6,Monitor,67,79,60
CUST006364,33.2,Critical,27,44,34
CUST006365,59.6,At Risk,68,94,34
CUST006366,80.2,Healthy,67,85,91
CUST006367,62.2,Monitor,45,69,76
CUST006368,64.6,Monitor,68,95,46
CUST006369,38.8,Critical,45,30,37
CUST006370,37.2,Critical,21,72,36
CUST006371,57.4,At Risk,54,83,48
CUST006372,50.8,At Risk,20,74,70
CUST006373,50.6,At Risk,89,23,26
CUST006374,45.6,At Risk,53,62,30
CUST006375,35.6,Critical,45,38,25
CUST006376,42.0,At Risk,43,24,50
CUST006377,39.4,Critical,25,95,26
CUST006378,42.8,At Risk,35,66,39
CUST006379,65.8,Monitor,58,65,74
CUST006380,72.2,Monitor,80,53,74
CUST006381,57.6,At Risk,75,28,55
CUST006382,63.0,Monitor,27,93,84
CUST006383,41.6,At Risk,50,50,29
CUST006384,88.2,Healthy,96,71,89
CUST006385,51.8,At Risk,87,35,25
CUST006386,41.2,At Risk,31,26,59
CUST006387,62.0,Monitor,66,56,61
CUST006388,60.4,Monitor,69,58,53
CUST006389,64.6,Monitor,86,79,36
CUST006390,73.0,Monitor,92,73,54
CUST006391,67.0,Monitor,88,21,69
CUST006392,40.2,At Risk,23,75,40
CUST006393,55.8,At Risk,62,99,28
CUST006394,48.4,At Risk,39,78,43
CUST006395,38.6,Critical,33,35,46
CUST006396,36.6,Critical,33,49,34
CUST006397,50.2,At Risk,41,25,72
CUST006398,47.8,At Risk,35,21,74
CUST006399,61.2,Monitor,56,70,62
CUST006400,90.6,Healthy,99,93,81
CUST006401,62.8,Monitor,96,22,50
CUST006402,65.6,Monitor,42,54,95
CUST006403,75.0,Monitor,74,67,80
CUST006404,56.6,At Risk,27,47,91
CUST006405,47.0,At Risk,45,77,34
CUST006406,65.0,Monitor,59,65,71
CUST006407,56.8,At Risk,73,52,43
CUST006408,53.2,At Risk,30,82,62
CUST006409,63.0,Monitor,77,25,68
CUST006410,83.2,Healthy,94,54,87
CUST006411,24.4,Critical,22,38,20
CUST006412,44.8,At Risk,27,20,75
CUST006413,65.6,Monitor,28,96,88
CUST006414,67.0,Monitor,69,45,76
CUST006415,84.6,Healthy,79,91,87
CUST006416,84.2,Healthy,94,65,84
CUST006417,55.0,At Risk,84,37,35
CUST006418,72.4,Monitor,89,32,76
CUST006419,74.0,Monitor,98,64,55
CUST006420,56.2,At Risk,70,75,33
CUST006421,57.8,At Risk,27,51,92
CUST006422,33.6,Critical,22,60,32
CUST006423,79.0,Monitor,57,93,94
CUST006424,45.6,At Risk,60,56,26
CUST006425,48.8,At Risk,62,34,43
CUST006426,38.6,Critical,22,31,59
CUST006427,75.6,Monitor,64,74,88
CUST006428,84.6,Healthy,81,93,84
CUST006429,60.4,Monitor,58,86,50
CUST006430,58.2,At Risk,56,73,53
CUST006431,87.8,Healthy,97,73,86
CUST006432,53.0,At Risk,77,49,31
CUST006433,55.8,At Risk,61,41,58
CUST006434,78.8,Monitor,89,24,96
CUST006435,64.4,Monitor,37,50,99
CUST006436,57.4,At Risk,23,51,95
CUST006437,51.6,At Risk,56,66,40
CUST006438,74.2,Monitor,91,83,53
CUST006439,55.4,At Risk,29,51,84
CUST006440,37.6,Critical,53,40,21
CUST006441,63.2,Monitor,51,78,68
CUST006442,36.8,Critical,27,34,48
CUST006443,63.2,Monitor,56,96,54
CUST006444,44.8,At Risk,31,96,33
CUST006445,73.4,Monitor,90,63,62
CUST006446,36.6,Critical,37,65,22
CUST006447,59.4,At Risk,80,25,56
CUST006448,58.6,At Risk,75,23,60
CUST006449,76.2,Monitor,76,31,99
CUST006450,81.2,Healthy,92,70,76
CUST006451,38.2,Critical,24,69,37
CUST006452,55.2,At Risk,26,54,85
CUST006453,67.4,Monitor,61,75,70
CUST006454,59.2,At Risk,82,30,51
CUST006455,59.8,At Risk,78,91,26
CUST006456,68.6,Monitor,92,73,43
CUST006457,59.0,At Risk,52,27,82
CUST006458,60.4,Monitor,47,70,69
CUST006459,65.0,Monitor,72,99,41
CUST006460,62.8,Monitor,90,38,48
CUST006461,62.6,Monitor,56,71,65
CUST006462,46.6,At Risk,50,59,37
CUST006463,42.6,At Risk,41,67,32
CUST006464,55.4,At Risk,53,43,64
CUST006465,70.0,Monitor,66,72,73
CUST006466,59.8,At Risk,87,77,24
CUST006467,36.8,Critical,20,78,33
CUST006468,78.4,Monitor,62,70,99
CUST006469,50.0,At Risk,46,26,66
CUST006470,56.4,At Risk,82,70,24
CUST006471,41.8,At Risk,34,35,53
CUST006472,74.4,Monitor,84,70,67
CUST006473,51.0,At Risk,32,33,79
CUST006474,49.2,At Risk,26,84,55
CUST006475,52.6,At Risk,88,41,23
CUST006476,43.0,At Risk,39,49,44
CUST006477,57.4,At Risk,53,41,70
CUST006478,51.8,At Risk,45,45,62
CUST006479,66.4,Monitor,60,66,73
CUST006480,50.8,At Risk,36,36,73
CUST006481,56.8,At Risk,49,44,71
CUST006482,58.0,At Risk,24,66,88
CUST006483,82.6,Healthy,81,71,90
CUST006484,47.4,At Risk,41,87,34
CUST006485,47.8,At Risk,58,23,50
CUST006486,51.2,At Risk,43,60,55
CUST006487,58.4,At Risk,28,48,94
CUST006488,74.2,Monitor,85,61,70
CUST006489,68.0,Monitor,70,58,71
CUST006490,83.4,Healthy,96,45,90
CUST006491,54.0,At Risk,64,62,40
CUST006492,44.6,At Risk,23,99,39
CUST006493,60.2,Monitor,40,89,66
CUST006494,82.4,Healthy,72,76,96
CUST006495,49.2,At Risk,45,46,55
CUST006496,55.4,At Risk,77,27,48
CUST006497,76.4,Monitor,75,96,68
CUST006498,59.6,At Risk,30,76,81
CUST006499,59.2,At Risk,89,48,35
CUST006500,64.0,Monitor,76,62,53
CUST006501,61.0,Monitor,80,89,28
CUST006502,64.8,Monitor,50,36,94
CUST006503,36.8,Critical,36,66,23
CUST006504,45.6,At Risk,46,86,25
CUST006505,44.0,At Risk,31,60,49
CUST006506,67.8,Monitor,74,61,65
CUST006507,41.0,At Risk,35,55,40
CUST006508,56.0,At Risk,26,34,97
CUST006509,63.2,Monitor,79,28,65
CUST006510,71.6,Monitor,96,34,66
CUST006511,32.6,Critical,33,23,37
CUST006512,38.6,Critical,21,37,57
CUST006513,29.8,Critical,29,27,32
CUST006514,66.8,Monitor,66,36,83
CUST006515,74.0,Monitor,55,68,96
CUST006516,44.8,At Risk,56,62,25
CUST006517,37.0,Critical,23,81,29
CUST006518,68.0,Monitor,80,86,47
CUST006519,64.4,Monitor,54,68,73
CUST006520,40.8,At Risk,27,70,40
CUST006521,87.4,Healthy,79,87,96
CUST006522,44.4,At Risk,50,60,31
CUST006523,82.4,Healthy,65,98,92
CUST006524,50.2,At Risk,48,27,64
CUST006525,36.4,Critical,37,64,22
CUST006526,58.4,At Risk,21,66,92
CUST006527,73.0,Monitor,62,83,79
CUST006528,46.2,At Risk,61,29,40
CUST006529,37.2,Critical,33,70,25
CUST006530,74.2,Monitor,93,51,67
CUST006531,24.6,Critical,20,27,28
CUST006532,69.8,Monitor,66,23,97
CUST006533,62.4,Monitor,65,86,48
CUST006534,42.2,At Risk,31,97,26
CUST006535,49.2,At Risk,28,98,46
CUST006536,60.4,Monitor,50,80,61
CUST006537,46.2,At Risk,21,69,60
CUST006538,27.6,Critical,24,28,31
CUST006539,73.0,Monitor,86,41,76
CUST006540,47.2,At Risk,60,60,28
CUST006541,65.0,Monitor,50,55,85
CUST006542,53.2,At Risk,24,30,94
CUST006543,59.4,At Risk,43,43,84
CUST006544,69.8,Monitor,99,85,33
CUST006545,68.2,Monitor,94,37,58
CUST006546,89.4,Healthy,83,97,92
CUST006547,52.6,At Risk,84,43,26
CUST006548,55.6,At Risk,30,94,62
CUST006549,60.4,Monitor,71,78,41
CUST006550,47.2,At Risk,52,76,28
CUST006551,72.6,Monitor,87,31,79
CUST006552,47.0,At Risk,49,71,33
CUST006553,61.4,Monitor,66,53,61
CUST006554,41.8,At Risk,22,75,45
CUST006555,54.0,At Risk,99,30,21
CUST006556,71.2,Monitor,89,66,56
CUST006557,52.4,At Risk,43,30,73
CUST006558,79.2,Monitor,68,88,86
CUST006559,54.2,At Risk,31,87,61
CUST006560,67.8,Monitor,46,71,88
CUST006561,37.6,Critical,26,88,24
CUST006562,38.8,Critical,32,66,32
CUST006563,40.8,At Risk,22,36,62
CUST006564,46.4,At Risk,29,92,41
CUST006565,53.4,At Risk,91,39,23
CUST006566,63.8,Monitor,60,21,89
CUST006567,50.8,At Risk,73,46,31
CUST006568,51.4,At Risk,74,39,35
CUST006569,43.0,At Risk,50,57,29
CUST006570,65.0,Monitor,58,89,60
CUST006571,44.0,At Risk,34,32,60
CUST006572,62.6,Monitor,78,35,61
CUST006573,70.0,Monitor,63,98,63
CUST006574,47.4,At Risk,61,35,40
CUST006575,68.0,Monitor,58,94,65
CUST006576,54.2,At Risk,71,21,54
CUST006577,39.2,Critical,23,24,63
CUST006578,53.0,At Risk,64,71,33
CUST006579,42.0,At Risk,32,92,27
CUST006580,70.8,Monitor,76,26,88
CUST006581,68.4,Monitor,75,34,79
CUST006582,91.8,Healthy,98,79,92
CUST006583,68.0,Monitor,87,64,51
CUST006584,34.2,Critical,34,51,26
CUST006585,65.8,Monitor,88,97,28
CUST006586,40.0,At Risk,39,36,43
CUST006587,62.8,Monitor,92,72,29
CUST006588,65.8,Monitor,83,27,68
CUST006589,60.4,Monitor,76,92,29
CUST006590,47.2,At Risk,44,52,48
CUST006591,46.4,At Risk,66,22,39
CUST006592,71.0,Monitor,90,75,50
CUST006593,44.8,At Risk,63,44,27
CUST006594,54.8,At Risk,81,46,33
CUST006595,57.8,At Risk,71,85,31
CUST006596,68.8,Monitor,88,82,43
CUST006597,48.4,At Risk,31,66,57
CUST006598,60.4,Monitor,90,26,48
CUST006599,67.0,Monitor,92,53,49
CUST006600,58.0,At Risk,42,38,84
CUST006601,43.6,At Risk,20,96,41
CUST006602,34.0,Critical,41,36,26
CUST006603,67.2,Monitor,91,88,33
CUST006604,73.2,Monitor,97,62,55
CUST006605,79.4,Monitor,97,21,91
CUST006606,57.8,At Risk,45,33,83
CUST006607,49.2,At Risk,51,48,48
CUST006608,54.4,At Risk,49,54,60
CUST006609,62.0,Monitor,70,80,45
CUST006610,46.8,At Risk,64,46,30
CUST006611,79.0,Monitor,95,89,58
CUST006612,46.6,At Risk,64,57,24
CUST006613,45.6,At Risk,28,26,73
CUST006614,61.8,Monitor,80,89,30
CUST006615,50.0,At Risk,44,48,57
CUST006616,58.0,At Risk,36,64,77
CUST006617,44.8,At Risk,52,22,49
CUST006618,45.4,At Risk,37,57,48
CUST006619,67.8,Monitor,64,91,60
CUST006620,52.4,At Risk,69,28,48
CUST006621,77.4,Monitor,92,47,78
CUST006622,55.4,At Risk,77,41,41
CUST006623,45.4,At Risk,33,77,42
CUST006624,67.0,Monitor,85,81,42
CUST006625,63.6,Monitor,86,46,50
CUST006626,69.8,Monitor,51,51,98
CUST006627,82.2,Healthy,92,93,67
CUST006628,68.0,Monitor,98,38,53
CUST006629,63.0,Monitor,71,59,57
CUST006630,57.0,At Risk,29,53,87
CUST006631,59.4,At Risk,85,35,46
CUST006632,42.4,At Risk,59,48,23
CUST006633,87.6,Healthy,91,76,90
CUST006634,66.6,Monitor,40,93,80
CUST006635,48.2,At Risk,62,71,23
CUST006636,30.6,Critical,30,29,32
CUST006637,77.0,Monitor,92,59,71
CUST006638,63.0,Monitor,50,71,72
CUST006639,50.4,At Risk,70,68,22
CUST006640,47.0,At Risk,36,97,33
CUST006641,39.2,Critical,26,88,28
CUST006642,83.2,Healthy,96,34,95
CUST006643,47.0,At Risk,72,29,31
CUST006644,72.4,Monitor,74,84,65
CUST006645,53.4,At Risk,47,25,74
CUST006646,48.0,At Risk,52,96,20
CUST006647,37.0,Critical,46,47,23
CUST006648,56.6,At Risk,57,97,36
CUST006649,82.4,Healthy,88,46,95
CUST006650,75.8,Monitor,84,45,83
CUST006651,65.2,Monitor,51,70,77
CUST006652,68.8,Monitor,79,84,51
CUST006653,66.6,Monitor,85,59,52
CUST006654,47.0,At Risk,44,21,63
CUST006655,48.0,At Risk,24,68,62
CUST006656,62.4,Monitor,68,20,78
CUST006657,65.6,Monitor,71,20,83
CUST006658,60.2,Monitor,42,73,72
CUST006659,25.4,Critical,26,35,20
CUST006660,41.2,At Risk,45,60,28
CUST006661,22.8,Critical,21,20,26
CUST006662,67.6,Monitor,79,82,49
CUST006663,39.4,Critical,40,23,47
CUST006664,33.8,Critical,23,75,24
CUST006665,61.4,Monitor,30,79,84
CUST006666,32.2,Critical,25,59,26
CUST006667,38.6,Critical,20,39,57
CUST006668,68.0,Monitor,77,64,61
CUST006669,75.6,Monitor,78,72,75
CUST006670,56.4,At Risk,52,78,50
CUST006671,66.4,Monitor,38,60,98
CUST006672,69.0,Monitor,45,75,90
CUST006673,67.8,Monitor,99,89,26
CUST006674,55.0,At Risk,93,21,34
CUST006675,56.2,At Risk,49,87,48
CUST006676,54.2,At Risk,46,51,64
CUST006677,62.8,Monitor,74,42,62
CUST006678,62.6,Monitor,91,83,24
CUST006679,63.0,Monitor,58,83,58
CUST006680,46.4,At Risk,54,60,32
CUST006681,61.4,Monitor,73,99,31
CUST006682,48.0,At Risk,35,34,68
CUST006683,69.2,Monitor,59,90,69
CUST006684,60.8,Monitor,95,24,45
CUST006685,49.6,At Risk,64,50,35
CUST006686,55.8,At Risk,30,51,84
CUST006687,73.2,Monitor,75,92,62
CUST006688,59.6,At Risk,81,50,43
CUST006689,68.2,Monitor,94,37,58
CUST006690,73.6,Monitor,65,68,85
CUST006691,54.4,At Risk,52,32,68
CUST006692,56.8,At Risk,82,76,22
CUST006693,49.6,At Risk,73,34,34
CUST006694,63.6,Monitor,55,58,75
CUST006695,62.2,Monitor,65,55,63
CUST006696,60.8,Monitor,54,90,53
CUST006697,68.4,Monitor,54,46,94
CUST006698,70.8,Monitor,90,96,39
CUST006699,74.6,Monitor,73,77,75
CUST006700,62.4,Monitor,28,84,86
CUST006701,51.8,At Risk,76,55,26
CUST006702,49.4,At Risk,80,45,21
CUST006703,56.0,At Risk,40,64,68
CUST006704,86.2,Healthy,87,95,81
CUST006705,49.2,At Risk,20,76,65
CUST006706,75.6,Monitor,96,90,48
CUST006707,51.4,At Risk,67,69,27
CUST006708,56.2,At Risk,68,67,39
CUST006709,63.6,Monitor,33,98,77
CUST006710,28.6,Critical,31,37,22
CUST006711,36.8,Critical,57,20,25
CUST006712,70.6,Monitor,72,97,56
CUST006713,58.4,At Risk,27,86,76
CUST006714,69.2,Monitor,71,60,72
CUST006715,55.8,At Risk,50,69,55
CUST006716,43.2,At Risk,43,38,46
CUST006717,56.4,At Risk,77,58,35
CUST006718,73.8,Monitor,58,71,91
CUST006719,50.2,At Risk,31,67,61
CUST006720,75.2,Monitor,62,88,82
CUST006721,70.6,Monitor,96,99,31
CUST006722,52.6,At Risk,56,23,64
CUST006723,58.0,At Risk,73,96,24
CUST006724,50.6,At Risk,21,47,82
CUST006725,59.0,At Risk,39,77,70
CUST006726,38.4,Critical,49,50,22
CUST006727,36.6,Critical,23,87,25
CUST006728,56.0,At Risk,57,20,73
CUST006729,51.6,At Risk,62,86,24
CUST006730,48.0,At Risk,25,38,76
CUST006731,48.8,At Risk,32,22,79
CUST006732,43.0,At Risk,41,69,32
CUST006733,76.0,Monitor,77,80,73
CUST006734,49.0,At Risk,45,91,32
CUST006735,69.0,Monitor,57,43,94
CUST006736,39.4,Critical,40,37,40
CUST006737,67.2,Monitor,94,38,55
CUST006738,65.4,Monitor,38,63,94
CUST006739,75.4,Monitor,60,69,94
CUST006740,61.2,Monitor,64,26,76
CUST006741,73.8,Monitor,46,97,90
CUST006742,66.4,Monitor,34,66,99
CUST006743,54.2,At Risk,74,59,32
CUST006744,54.2,At Risk,51,63,53
CUST006745,55.8,At Risk,79,67,27
CUST006746,63.6,Monitor,33,78,87
CUST006747,53.0,At Risk,75,41,37
CUST006748,41.0,At Risk,26,57,48
CUST006749,75.0,Monitor,66,67,88
CUST006750,47.8,At Risk,44,99,26
CUST006751,93.6,Healthy,94,84,98
CUST006752,61.2,Monitor,95,60,28
CUST006753,33.0,Critical,40,29,28
CUST006754,43.2,At Risk,28,58,51
CUST006755,81.6,Healthy,98,68,72
CUST006756,49.6,At Risk,49,40,55
CUST006757,34.6,Critical,35,61,21
CUST006758,82.6,Healthy,95,31,96
CUST006759,79.0,Monitor,95,29,88
CUST006760,49.0,At Risk,25,59,68
CUST006761,46.2,At Risk,46,71,34
CUST006762,53.6,At Risk,41,54,66
CUST006763,56.0,At Risk,69,72,35
CUST006764,38.0,Critical,49,26,33
CUST006765,84.4,Healthy,95,98,67
CUST006766,42.2,At Risk,24,87,38
CUST006767,55.2,At Risk,80,54,31
CUST006768,61.8,Monitor,55,51,74
CUST006769,78.4,Monitor,80,66,83
CUST006770,51.8,At Risk,38,45,69
CUST006771,48.0,At Risk,37,82,42
CUST006772,53.6,At Risk,52,28,68
CUST006773,34.8,Critical,44,28,29
CUST006774,42.6,At Risk,51,39,36
CUST006775,56.8,At Risk,63,32,63
CUST006776,46.8,At Risk,31,88,42
CUST006777,56.8,At Risk,42,96,52
CUST006778,39.2,Critical,32,42,45
CUST006779,53.4,At Risk,41,87,49
CUST006780,38.0,Critical,31,72,28
CUST006781,37.2,Critical,32,68,27
CUST006782,47.8,At Risk,22,49,73
CUST006783,68.0,Monitor,28,96,94
CUST006784,55.8,At Risk,35,41,84
CUST006785,67.2,Monitor,49,98,70
CUST006786,41.6,At Risk,30,94,27
CUST006787,36.4,Critical,26,82,24
CUST006788,60.0,Monitor,89,70,26
CUST006789,54.4,At Risk,56,48,56
CUST006790,44.6,At Risk,29,55,55
CUST006791,43.6,At Risk,71,24,26
CUST006792,68.8,Monitor,51,98,72
CUST006793,34.2,Critical,22,59,34
CUST006794,39.0,Critical,39,33,42
CUST006795,62.6,Monitor,40,77,78
CUST006796,70.4,Monitor,73,44,81
CUST006797,32.6,Critical,30,57,23
CUST006798,69.4,Monitor,88,73,49
CUST006799,65.0,Monitor,91,93,25
CUST006800,58.4,At Risk,90,68,22
CUST006801,72.8,Monitor,64,60,88
CUST006802,61.6,Monitor,62,64,60
CUST006803,70.6,Monitor,86,87,47
CUST006804,61.4,Monitor,71,73,46
CUST006805,85.4,Healthy,97,39,97
CUST006806,47.2,At Risk,30,78,49
CUST006807,52.8,At Risk,24,22,97
CUST006808,49.2,At Risk,84,32,23
CUST006809,29.0,Critical,35,21,27
CUST006810,63.2,Monitor,79,68,45
CUST006811,90.6,Healthy,94,73,96
CUST006812,49.2,At Risk,28,80,55
CUST006813,43.8,At Risk,24,55,58
CUST006814,49.0,At Risk,54,95,21
CUST006815,43.6,At Risk,63,20,36
CUST006816,57.4,At Risk,84,25,47
CUST006817,50.6,At Risk,38,51,63
CUST006818,79.6,Monitor,85,52,88
CUST006819,63.4,Monitor,71,87,44
CUST006820,58.8,At Risk,76,54,44
CUST006821,64.4,Monitor,62,48,75
CUST006822,52.8,At Risk,32,68,66
CUST006823,29.0,Critical,29,25,31
CUST006824,44.0,At Risk,42,22,57
CUST006825,64.8,Monitor,67,88,51
CUST006826,58.2,At Risk,82,77,25
CUST006827,53.6,At Risk,71,36,45
CUST006828,70.6,Monitor,46,85,88
CUST006829,73.6,Monitor,72,46,89
CUST006830,63.2,Monitor,79,52,53
CUST006831,46.8,At Risk,51,72,30
CUST006832,46.0,At Risk,49,72,30
CUST006833,66.8,Monitor,43,50,99
CUST006834,44.2,At Risk,44,55,39
CUST006835,63.6,Monitor,96,28,49
CUST006836,36.4,Critical,32,76,21
CUST006837,53.4,At Risk,34,25,87
CUST006838,79.2,Monitor,81,66,84
CUST006839,44.0,At Risk,38,74,35
CUST006840,53.6,At Risk,22,70,77
CUST006841,48.2,At Risk,22,67,65
CUST006842,70.6,Monitor,66,45,88
CUST006843,47.0,At Risk,32,39,66
CUST006844,74.6,Monitor,52,71,99
CUST006845,58.4,At Risk,84,80,22
CUST006846,71.4,Monitor,66,99,63
CUST006847,64.4,Monitor,85,22,65
CUST006848,59.6,At Risk,85,46,41
CUST006849,72.8,Monitor,57,68,91
CUST006850,69.0,Monitor,89,79,44
CUST006851,63.6,Monitor,70,78,50
CUST006852,69.0,Monitor,80,75,55
CUST006853,35.2,Critical,20,50,43
CUST006854,64.6,Monitor,92,71,34
CUST006855,83.0,Healthy,99,35,91
CUST006856,63.4,Monitor,66,85,50
CUST006857,44.6,At Risk,47,81,24
CUST006858,62.0,Monitor,37,92,72
CUST006859,57.2,At Risk,73,74,33
CUST006860,50.2,At Risk,56,21,59
CUST006861,30.0,Critical,27,28,34
CUST006862,71.0,Monitor,68,33,93
CUST006863,48.0,At Risk,39,38,62
CUST006864,31.4,Critical,26,21,42
CUST006865,63.4,Monitor,60,95,51
CUST006866,48.4,At Risk,87,24,22
CUST006867,29.8,Critical,34,21,30
CUST006868,67.6,Monitor,98,42,50
CUST006869,62.6,Monitor,36,51,95
CUST006870,64.2,Monitor,73,79,48
CUST006871,56.0,At Risk,76,84,22
CUST006872,70.4,Monitor,67,28,95
CUST006873,50.4,At Risk,74,54,25
CUST006874,52.2,At Risk,73,75,20
CUST006875,44.2,At Risk,40,99,21
CUST006876,45.0,At Risk,75,31,22
CUST006877,58.0,At Risk,38,82,66
CUST006878,72.0,Monitor,58,78,83
CUST006879,53.4,At Risk,73,67,27
CUST006880,46.4,At Risk,22,46,71
CUST006881,67.4,Monitor,89,79,40
CUST006882,57.8,At Risk,68,21,66
CUST006883,44.8,At Risk,31,52,55
CUST006884,51.6,At Risk,55,46,51
CUST006885,38.8,Critical,47,60,20
CUST006886,71.0,Monitor,81,37,78
CUST006887,46.4,At Risk,61,54,28
CUST006888,34.2,Critical,23,77,24
CUST006889,63.2,Monitor,56,56,74
CUST006890,80.0,Healthy,53,96,99
CUST006891,35.8,Critical,22,85,25
CUST006892,85.4,Healthy,95,61,88
CUST006893,52.0,At Risk,21,66,76
CUST006894,38.6,Critical,44,63,21
CUST006895,69.0,Monitor,64,93,62
CUST006896,64.8,Monitor,73,60,59
CUST006897,45.4,At Risk,25,21,78
CUST006898,58.8,At Risk,42,26,92
CUST006899,61.2,Monitor,75,38,59
CUST006900,71.0,Monitor,56,93,75
CUST006901,41.0,At Risk,25,47,54
CUST006902,43.6,At Risk,46,56,35
CUST006903,68.8,Monitor,79,70,58
CUST006904,48.0,At Risk,28,46,69
CUST006905,43.4,At Risk,23,61,55
CUST006906,60.8,Monitor,43,70,74
CUST006907,43.2,At Risk,41,32,51
CUST006908,60.0,Monitor,35,94,68
CUST006909,41.4,At Risk,50,25,41
CUST006910,61.8,Monitor,49,57,77
CUST006911,41.2,At Risk,66,34,20
CUST006912,36.8,Critical,47,40,25
CUST006913,44.0,At Risk,40,88,26
CUST006914,67.6,Monitor,54,42,94
CUST006915,34.4,Critical,34,62,21
CUST006916,56.0,At Risk,31,66,76
CUST006917,75.8,Monitor,57,73,96
CUST006918,68.0,Monitor,68,72,66
CUST006919,64.8,Monitor,94,84,26
CUST006920,65.8,Monitor,40,73,88
CUST006921,58.8,At Risk,35,74,75
CUST006922,74.4,Monitor,98,30,73
CUST006923,57.8,At Risk,70,97,26
CUST006924,82.4,Healthy,84,90,77
CUST006925,53.6,At Risk,75,20,49
CUST006926,41.4,At Risk,29,61,44
CUST006927,75.0,Monitor,69,85,76
CUST006928,45.6,At Risk,30,32,68
CUST006929,62.4,Monitor,84,28,58
CUST006930,75.8,Monitor,46,99,94
CUST006931,73.2,Monitor,70,76,75
CUST006932,53.0,At Risk,71,63,30
CUST006933,71.8,Monitor,69,73,74
CUST006934,34.6,Critical,21,89,21
CUST006935,83.2,Healthy,89,52,93
CUST006936,71.0,Monitor,33,93,98
CUST006937,49.4,At Risk,65,57,30
CUST006938,71.0,Monitor,83,25,82
CUST006939,51.8,At Risk,47,79,43
CUST006940,64.4,Monitor,29,70,97
CUST006941,70.0,Monitor,63,84,70
CUST006942,80.0,Healthy,97,50,78
CUST006943,44.2,At Risk,24,45,64
CUST006944,48.4,At Risk,48,72,37
CUST006945,36.4,Critical,46,46,22
CUST006946,49.8,At Risk,40,99,35
CUST006947,34.0,Critical,32,52,27
CUST006948,63.8,Monitor,75,39,65
CUST006949,57.0,At Risk,75,91,22
CUST006950,52.8,At Risk,60,34,55
CUST006951,57.4,At Risk,38,85,63
CUST006952,45.4,At Risk,73,23,29
CUST006953,90.2,Healthy,83,97,94
CUST006954,76.2,Monitor,80,95,63
CUST006955,48.6,At Risk,39,39,63
CUST006956,85.8,Healthy,96,63,87
CUST006957,43.6,At Risk,48,44,39
CUST006958,44.4,At Risk,46,24,53
CUST006959,77.6,Monitor,78,82,75
CUST006960,79.8,Monitor,70,95,82
CUST006961,51.2,At Risk,46,90,37
CUST006962,69.6,Monitor,88,58,57
CUST006963,57.4,At Risk,63,27,67
CUST006964,47.2,At Risk,47,86,28
CUST006965,63.2,Monitor,57,34,84
CUST006966,46.8,At Risk,39,74,41
CUST006967,38.6,Critical,59,31,22
CUST006968,77.4,Monitor,53,99,91
CUST006969,47.0,At Risk,48,23,58
CUST006970,75.0,Monitor,86,59,72
CUST006971,73.0,Monitor,85,39,78
CUST006972,90.0,Healthy,85,96,92
CUST006973,70.8,Monitor,97,56,52
CUST006974,71.2,Monitor,80,96,50
CUST006975,67.2,Monitor,40,84,86
CUST006976,69.2,Monitor,50,78,84
CUST006977,80.8,Healthy,96,34,89
CUST006978,62.6,Monitor,67,83,48
CUST006979,65.0,Monitor,22,93,94
CUST006980,46.0,At Risk,21,96,46
CUST006981,78.6,Monitor,99,99,48
CUST006982,73.0,Monitor,94,25,76
CUST006983,66.0,Monitor,72,28,79
CUST006984,57.2,At Risk,72,80,31
CUST006985,59.4,At Risk,69,69,45
CUST006986,40.0,At Risk,27,22,62
CUST006987,54.0,At Risk,20,60,85
CUST006988,47.2,At Risk,40,76,40
CUST006989,73.6,Monitor,65,40,99
CUST006990,65.8,Monitor,92,83,31
CUST006991,49.6,At Risk,76,20,38
CUST006992,89.0,Healthy,99,97,75
CUST006993,53.8,At Risk,56,33,62
CUST006994,43.6,At Risk,50,38,40
CUST006995,55.0,At Risk,30,47,84
CUST006996,75.0,Monitor,88,43,78
CUST006997,58.4,At Risk,88,72,22
CUST006998,49.0,At Risk,66,69,22
CUST006999,62.6,Monitor,66,33,74
CUST007000,66.8,Monitor,93,22,63
CUST007001,61.2,Monitor,39,40,94
CUST007002,71.6,Monitor,69,82,69
CUST007003,49.4,At Risk,28,85,53
CUST007004,68.6,Monitor,56,89,71
CUST007005,53.4,At Risk,28,77,67
CUST007006,55.4,At Risk,62,33,60
CUST007007,44.0,At Risk,21,74,52
CUST007008,78.0,Monitor,89,68,72
CUST007009,92.0,Healthy,92,94,91
CUST007010,40.8,At Risk,56,40,26
CUST007011,39.4,Critical,40,33,42
CUST007012,63.6,Monitor,59,76,62
CUST007013,83.0,Healthy,90,99,68
CUST007014,85.6,Healthy,96,70,83
CUST007015,64.2,Monitor,62,79,59
CUST007016,62.6,Monitor,71,81,45
CUST007017,71.0,Monitor,66,67,78
CUST007018,61.6,Monitor,92,62,31
CUST007019,57.8,At Risk,61,61,53
CUST007020,76.4,Monitor,58,84,91
CUST007021,51.0,At Risk,56,29,57
CUST007022,65.4,Monitor,33,91,85
CUST007023,57.6,At Risk,83,32,45
CUST007024,84.4,Healthy,92,96,71
CUST007025,58.4,At Risk,43,90,58
CUST007026,36.4,Critical,41,40,30
CUST007027,57.6,At Risk,48,46,73
CUST007028,56.4,At Risk,65,82,35
CUST007029,61.8,Monitor,75,21,69
CUST007030,56.4,At Risk,39,38,83
CUST007031,86.8,Healthy,97,88,76
CUST007032,77.4,Monitor,67,85,84
CUST007033,56.6,At Risk,89,41,32
CUST007034,80.8,Healthy,97,68,71
CUST007035,53.8,At Risk,61,69,39
CUST007036,72.6,Monitor,88,97,45
CUST007037,67.4,Monitor,65,73,67
CUST007038,58.0,At Risk,90,52,29
CUST007039,67.4,Monitor,36,69,98
CUST007040,58.2,At Risk,94,31,36
CUST007041,71.8,Monitor,47,79,93
CUST007042,54.2,At Risk,46,29,75
CUST007043,57.6,At Risk,51,66,60
CUST007044,53.4,At Risk,54,41,59
CUST007045,52.2,At Risk,48,89,38
CUST007046,45.2,At Risk,21,68,58
CUST007047,58.4,At Risk,46,60,70
CUST007048,57.0,At Risk,38,59,75
CUST007049,75.2,Monitor,83,52,79
CUST007050,77.0,Monitor,73,63,88
CUST007051,67.6,Monitor,92,84,35
CUST007052,56.0,At Risk,57,32,67
CUST007053,36.2,Critical,47,41,23
CUST007054,73.8,Monitor,81,81,63
CUST007055,51.6,At Risk,58,60,41
CUST007056,53.6,At Risk,30,40,84
CUST007057,65.0,Monitor,47,93,69
CUST007058,53.6,At Risk,62,28,58
CUST007059,42.0,At Risk,20,70,50
CUST007060,36.0,Critical,24,42,45
CUST007061,30.4,Critical,30,50,21
CUST007062,45.0,At Risk,32,47,57
CUST007063,55.6,At Risk,39,62,69
CUST007064,43.4,At Risk,27,53,55
CUST007065,44.0,At Risk,20,32,74
CUST007066,33.2,Critical,33,44,28
CUST007067,44.6,At Risk,38,35,56
CUST007068,84.8,Healthy,80,98,83
CUST007069,61.6,Monitor,51,80,63
CUST007070,59.6,At Risk,40,66,76
CUST007071,57.4,At Risk,96,31,32
CUST007072,77.6,Monitor,77,56,89
CUST007073,64.6,Monitor,53,85,66
CUST007074,54.0,At Risk,58,82,36
CUST007075,67.2,Monitor,53,70,80
CUST007076,47.6,At Risk,32,44,65
CUST007077,66.6,Monitor,64,77,64
CUST007078,33.4,Critical,25,35,41
CUST007079,54.0,At Risk,49,86,43
CUST007080,46.4,At Risk,22,92,48
CUST007081,50.4,At Risk,80,50,21
CUST007082,60.8,Monitor,34,98,69
CUST007083,69.8,Monitor,60,85,72
CUST007084,82.6,Healthy,82,71,89
CUST007085,73.2,Monitor,74,70,74
CUST007086,59.6,At Risk,80,96,21
CUST007087,65.4,Monitor,96,27,54
CUST007088,62.6,Monitor,42,59,85
CUST007089,63.6,Monitor,94,64,33
CUST007090,77.8,Monitor,90,67,71
CUST007091,78.0,Monitor,56,82,98
CUST007092,64.2,Monitor,51,69,75
CUST007093,48.8,At Risk,70,22,41
CUST007094,75.4,Monitor,80,31,93
CUST007095,73.6,Monitor,69,34,98
CUST007096,39.0,Critical,30,25,55
CUST007097,56.6,At Risk,43,95,51
CUST007098,47.4,At Risk,21,51,72
CUST007099,53.2,At Risk,41,58,63
CUST007100,34.6,Critical,30,61,26
CUST007101,64.0,Monitor,29,88,87
CUST007102,56.8,At Risk,62,72,44
CUST007103,77.6,Monitor,99,90,50
CUST007104,69.0,Monitor,65,39,88
CUST007105,58.8,At Risk,54,50,68
CUST007106,81.2,Healthy,94,28,95
CUST007107,47.0,At Risk,31,95,39
CUST007108,43.0,At Risk,25,33,66
CUST007109,67.0,Monitor,90,97,29
CUST007110,55.6,At Risk,67,26,59
CUST007111,62.4,Monitor,26,94,83
CUST007112,57.2,At Risk,39,48,80
CUST007113,79.0,Monitor,97,75,63
CUST007114,89.2,Healthy,97,60,96
CUST007115,67.4,Monitor,77,89,47
CUST007116,51.0,At Risk,26,77,63
CUST007117,50.0,At Risk,33,42,71
CUST007118,63.8,Monitor,95,85,22
CUST007119,57.4,At Risk,57,91,41
CUST007120,72.2,Monitor,69,49,87
CUST007121,51.0,At Risk,23,43,83
CUST007122,68.4,Monitor,43,60,98
CUST007123,61.0,Monitor,75,69,43
CUST007124,60.6,Monitor,73,87,35
CUST007125,34.8,Critical,32,30,40
CUST007126,61.0,Monitor,51,33,85
CUST007127,61.2,Monitor,45,50,83
CUST007128,56.2,At Risk,27,57,85
CUST007129,65.6,Monitor,45,94,72
CUST007130,57.2,At Risk,81,70,27
CUST007131,50.0,At Risk,37,32,72
CUST007132,60.0,Monitor,72,78,39
CUST007133,36.0,Critical,43,40,27
CUST007134,63.0,Monitor,51,49,82
CUST007135,73.0,Monitor,90,59,63
CUST007136,60.2,Monitor,58,91,47
CUST007137,61.6,Monitor,78,92,30
CUST007138,52.6,At Risk,77,47,31
CUST007139,57.0,At Risk,57,73,49
CUST007140,72.2,Monitor,60,45,98
CUST007141,48.0,At Risk,50,28,56
CUST007142,52.2,At Risk,56,43,53
CUST007143,59.6,At Risk,52,24,85
CUST007144,76.8,Monitor,99,82,52
CUST007145,50.0,At Risk,39,38,67
CUST007146,67.8,Monitor,61,43,87
CUST007147,62.8,Monitor,65,92,46
CUST007148,57.6,At Risk,91,40,33
CUST007149,81.6,Healthy,89,36,97
CUST007150,75.0,Monitor,84,23,92
CUST007151,65.8,Monitor,58,25,94
CUST007152,47.0,At Risk,62,53,29
CUST007153,31.8,Critical,43,23,25
CUST007154,71.0,Monitor,64,77,75
CUST007155,56.0,At Risk,35,66,72
CUST007156,49.2,At Risk,41,86,39
CUST007157,68.4,Monitor,61,42,89
CUST007158,80.0,Healthy,87,98,64
CUST007159,49.2,At Risk,51,52,46
CUST007160,61.4,Monitor,63,87,47
CUST007161,55.2,At Risk,72,50,41
CUST007162,86.4,Healthy,99,36,99
CUST007163,60.6,Monitor,48,55,76
CUST007164,61.6,Monitor,55,66,66
CUST007165,41.0,At Risk,41,27,48
CUST007166,37.0,Critical,20,71,37
CUST007167,64.6,Monitor,82,89,35
CUST007168,56.0,At Risk,93,38,28
CUST007169,64.0,Monitor,99,34,44
CUST007170,72.4,Monitor,66,72,79
CUST007171,45.0,At Risk,20,53,66
CUST007172,64.4,Monitor,70,60,61
CUST007173,69.8,Monitor,35,87,96
CUST007174,46.6,At Risk,36,47,57
CUST007175,72.8,Monitor,84,52,72
CUST007176,64.2,Monitor,99,83,20
CUST007177,70.2,Monitor,66,27,96
CUST007178,48.0,At Risk,71,48,25
CUST007179,60.4,Monitor,97,66,21
CUST007180,67.6,Monitor,68,20,91
CUST007181,48.4,At Risk,73,32,32
CUST007182,52.0,At Risk,59,60,41
CUST007183,67.6,Monitor,33,74,99
CUST007184,96.6,Healthy,96,95,98
CUST007185,68.8,Monitor,85,66,54
CUST007186,53.6,At Risk,32,78,63
CUST007187,52.2,At Risk,71,31,44
CUST007188,80.2,Healthy,77,63,92
CUST007189,49.0,At Risk,44,33,62
CUST007190,63.8,Monitor,87,25,60
CUST007191,68.6,Monitor,73,63,67
CUST007192,91.4,Healthy,96,87,89
CUST007193,46.8,At Risk,39,50,53
CUST007194,50.8,At Risk,70,60,27
CUST007195,74.2,Monitor,85,81,60
CUST007196,66.2,Monitor,98,87,24
CUST007197,79.4,Monitor,67,85,89
CUST007198,57.2,At Risk,66,70,42
CUST007199,54.2,At Risk,33,37,84
CUST007200,75.2,Monitor,95,32,77
CUST007201,70.2,Monitor,46,65,97
CUST007202,83.8,Healthy,99,43,89
CUST007203,62.8,Monitor,47,32,94
CUST007204,63.8,Monitor,84,27,62
CUST007205,47.4,At Risk,79,31,24
CUST007206,59.2,At Risk,36,90,67
CUST007207,57.4,At Risk,34,75,72
CUST007208,39.2,Critical,62,26,23
CUST007209,86.2,Healthy,97,87,75
CUST007210,61.6,Monitor,56,84,56
CUST007211,73.4,Monitor,70,41,93
CUST007212,86.2,Healthy,90,89,81
CUST007213,66.6,Monitor,62,35,87
CUST007214,52.4,At Risk,69,54,35
CUST007215,54.6,At Risk,64,37,54
CUST007216,77.8,Monitor,76,75,81
CUST007217,56.8,At Risk,24,58,89
CUST007218,41.0,At Risk,35,89,23
CUST007219,73.6,Monitor,85,80,59
CUST007220,76.0,Monitor,60,80,90
CUST007221,48.8,At Risk,34,48,64
CUST007222,39.6,Critical,64,26,22
CUST007223,63.2,Monitor,47,50,86
CUST007224,64.8,Monitor,83,50,54
CUST007225,81.4,Healthy,89,55,87
CUST007226,82.2,Healthy,89,85,74
CUST007227,51.6,At Risk,73,54,29
CUST007228,53.6,At Risk,73,56,33
CUST007229,47.4,At Risk,32,97,38
CUST007230,85.4,Healthy,95,93,72
CUST007231,42.0,At Risk,25,52,54
CUST007232,76.4,Monitor,96,62,64
CUST007233,50.8,At Risk,65,52,36
CUST007234,58.4,At Risk,43,32,87
CUST007235,54.6,At Risk,53,97,35
CUST007236,63.4,Monitor,48,95,63
CUST007237,67.0,Monitor,58,79,70
CUST007238,72.2,Monitor,48,77,94
CUST007239,60.8,Monitor,81,74,34
CUST007240,39.8,Critical,31,77,30
CUST007241,41.4,At Risk,43,69,26
CUST007242,56.6,At Risk,56,45,63
CUST007243,40.4,At Risk,39,24,50
CUST007244,70.2,Monitor,53,61,92
CUST007245,42.4,At Risk,25,36,63
CUST007246,63.0,Monitor,26,81,91
CUST007247,71.6,Monitor,97,82,41
CUST007248,81.4,Healthy,70,83,92
CUST007249,63.6,Monitor,35,98,75
CUST007250,47.6,At Risk,50,52,43
CUST007251,55.6,At Risk,25,40,94
CUST007252,75.6,Monitor,64,66,92
CUST007253,79.2,Monitor,82,94,69
CUST007254,65.4,Monitor,44,67,86
CUST007255,71.2,Monitor,42,84,94
CUST007256,49.6,At Risk,36,32,72
CUST007257,61.4,Monitor,32,67,88
CUST007258,47.8,At Risk,26,49,69
CUST007259,46.8,At Risk,59,70,23
CUST007260,59.0,At Risk,38,55,82
CUST007261,67.8,Monitor,75,51,69
CUST007262,36.6,Critical,24,35,50
CUST007263,73.8,Monitor,71,95,66
CUST007264,56.8,At Risk,42,56,72
CUST007265,68.0,Monitor,89,52,55
CUST007266,81.6,Healthy,88,68,82
CUST007267,39.6,Critical,25,84,32
CUST007268,68.2,Monitor,67,49,79
CUST007269,59.6,At Risk,22,96,79
CUST007270,76.4,Monitor,82,42,88
CUST007271,72.6,Monitor,84,63,66
CUST007272,62.6,Monitor,77,87,36
CUST007273,55.4,At Risk,88,53,24
CUST007274,55.4,At Risk,43,81,55
CUST007275,70.0,Monitor,69,24,94
CUST007276,53.4,At Risk,31,39,83
CUST007277,60.6,Monitor,32,95,72
CUST007278,74.0,Monitor,53,68,98
CUST007279,62.8,Monitor,44,36,95
CUST007280,52.2,At Risk,66,49,40
CUST007281,55.8,At Risk,95,27,31
CUST007282,57.2,At Risk,34,22,98
CUST007283,66.8,Monitor,66,34,84
CUST007284,83.4,Healthy,96,27,99
CUST007285,75.4,Monitor,72,45,94
CUST007286,37.8,Critical,56,37,20
CUST007287,70.0,Monitor,74,48,77
CUST007288,77.0,Monitor,71,53,95
CUST007289,59.0,At Risk,82,35,48
CUST007290,73.0,Monitor,78,27,91
CUST007291,70.8,Monitor,92,78,46
CUST007292,41.4,At Risk,30,75,36
CUST007293,64.4,Monitor,44,56,89
CUST007294,47.2,At Risk,27,48,67
CUST007295,69.8,Monitor,69,71,70
CUST007296,60.8,Monitor,80,50,47
CUST007297,45.6,At Risk,78,22,25
CUST007298,44.2,At Risk,35,21,65
CUST007299,57.0,At Risk,67,67,42
CUST007300,66.2,Monitor,96,85,27
CUST007301,67.0,Monitor,88,37,61
CUST007302,71.4,Monitor,77,45,79
CUST007303,63.4,Monitor,66,33,76
CUST007304,49.2,At Risk,30,34,76
CUST007305,51.0,At Risk,45,97,34
CUST007306,54.8,At Risk,34,40,83
CUST007307,84.6,Healthy,82,67,96
CUST007308,28.0,Critical,24,34,29
CUST007309,64.4,Monitor,59,86,59
CUST007310,56.2,At Risk,45,35,78
CUST007311,64.8,Monitor,80,66,49
CUST007312,73.6,Monitor,82,34,85
CUST007313,34.4,Critical,53,22,22
CUST007314,57.4,At Risk,38,67,72
CUST007315,46.8,At Risk,59,22,47
CUST007316,63.6,Monitor,70,96,41
CUST007317,55.8,At Risk,65,89,30
CUST007318,64.6,Monitor,75,49,62
CUST007319,51.4,At Risk,30,29,84
CUST007320,65.2,Monitor,87,34,59
CUST007321,35.2,Critical,54,26,21
CUST007322,53.4,At Risk,48,43,64
CUST007323,45.6,At Risk,27,34,70
CUST007324,78.2,Monitor,81,57,86
CUST007325,67.4,Monitor,92,53,50
CUST007326,51.0,At Risk,63,63,33
CUST007327,59.4,At Risk,48,25,88
CUST007328,58.0,At Risk,32,80,73
CUST007329,70.0,Monitor,41,88,90
CUST007330,67.0,Monitor,75,49,68
CUST007331,76.0,Monitor,75,94,68
CUST007332,61.2,Monitor,74,72,43
CUST007333,60.4,Monitor,35,40,96
CUST007334,80.2,Healthy,77,91,78
CUST007335,52.2,At Risk,53,89,33
CUST007336,38.0,Critical,23,48,48
CUST007337,60.6,Monitor,72,59,50
CUST007338,60.6,Monitor,75,41,56
CUST007339,66.6,Monitor,60,31,91
CUST007340,84.2,Healthy,98,65,80
CUST007341,51.0,At Risk,60,81,27
CUST007342,62.4,Monitor,68,28,74
CUST007343,37.4,Critical,58,23,24
CUST007344,64.8,Monitor,75,86,44
CUST007345,63.6,Monitor,85,48,50
CUST007346,59.4,At Risk,55,59,64
CUST007347,58.2,At Risk,68,81,37
CUST007348,47.8,At Risk,47,57,44
CUST007349,88.4,Healthy,92,78,90
CUST007350,51.8,At Risk,85,29,30
CUST007351,56.2,At Risk,32,27,95
CUST007352,67.4,Monitor,60,75,71
CUST007353,70.2,Monitor,92,99,34
CUST007354,35.6,Critical,45,44,22
CUST007355,82.8,Healthy,90,94,70
CUST007356,51.8,At Risk,46,79,44
CUST007357,73.6,Monitor,90,86,51
CUST007358,66.8,Monitor,68,82,58
CUST007359,41.6,At Risk,34,92,24
CUST007360,43.8,At Risk,48,83,20
CUST007361,71.0,Monitor,77,67,67
CUST007362,70.2,Monitor,95,75,43
CUST007363,69.4,Monitor,89,43,63
CUST007364,53.4,At Risk,34,63,68
CUST007365,63.0,Monitor,55,65,70
CUST007366,37.2,Critical,34,36,41
CUST007367,66.6,Monitor,67,47,76
CUST007368,54.6,At Risk,95,39,22
CUST007369,70.4,Monitor,63,30,98
CUST007370,60.0,Monitor,47,78,64
CUST007371,85.8,Healthy,82,73,96
CUST007372,77.2,Monitor,69,50,99
CUST007373,82.0,Healthy,97,96,60
CUST007374,77.4,Monitor,54,85,97
CUST007375,69.2,Monitor,95,56,50
CUST007376,74.4,Monitor,92,58,65
CUST007377,49.2,At Risk,43,62,49
CUST007378,67.8,Monitor,49,45,98
CUST007379,64.0,Monitor,83,26,64
CUST007380,46.4,At Risk,56,50,35
CUST007381,49.0,At Risk,55,29,53
CUST007382,46.2,At Risk,46,91,24
CUST007383,37.0,Critical,53,21,29
CUST007384,63.6,Monitor,30,82,88
CUST007385,39.6,Critical,33,74,29
CUST007386,94.4,Healthy,94,88,98
CUST007387,72.8,Monitor,61,82,80
CUST007388,74.6,Monitor,87,65,67
CUST007389,67.0,Monitor,84,79,44
CUST007390,52.8,At Risk,21,28,97
CUST007391,49.0,At Risk,24,57,70
CUST007392,61.4,Monitor,41,27,99
CUST007393,40.2,At Risk,32,91,23
CUST007394,42.0,At Risk,48,34,40
CUST007395,58.4,At Risk,23,76,85
CUST007396,73.0,Monitor,79,27,90
CUST007397,87.6,Healthy,88,96,83
CUST007398,57.0,At Risk,60,35,65
CUST007399,68.0,Monitor,59,68,77
CUST007400,67.6,Monitor,63,50,81
CUST007401,88.4,Healthy,87,72,98
CUST007402,47.8,At Risk,20,25,87
CUST007403,64.4,Monitor,59,50,77
CUST007404,59.4,At Risk,33,93,69
CUST007405,59.2,At Risk,99,34,32
CUST007406,39.0,Critical,59,37,20
CUST007407,61.4,Monitor,50,91,58
CUST007408,76.6,Monitor,82,37,91
CUST007409,58.2,At Risk,53,21,82
CUST007410,80.6,Healthy,98,93,57
CUST007411,50.4,At Risk,42,84,42
CUST007412,41.0,At Risk,37,31,50
CUST007413,63.8,Monitor,87,85,30
CUST007414,52.4,At Risk,60,64,39
CUST007415,63.0,Monitor,25,95,85
CUST007416,66.8,Monitor,62,68,71
CUST007417,44.8,At Risk,46,86,23
CUST007418,60.6,Monitor,72,71,44
CUST007419,49.6,At Risk,22,32,86
CUST007420,61.8,Monitor,82,25,60
CUST007421,66.8,Monitor,74,94,46
CUST007422,60.8,Monitor,21,98,82
CUST007423,56.4,At Risk,56,76,47
CUST007424,60.0,Monitor,44,70,71
CUST007425,47.0,At Risk,60,65,25
CUST007426,55.2,At Risk,27,48,87
CUST007427,69.6,Monitor,64,32,94
CUST007428,66.0,Monitor,71,50,69
CUST007429,49.0,At Risk,58,77,26
CUST007430,42.4,At Risk,38,70,33
CUST007431,53.0,At Risk,52,73,44
CUST007432,38.2,Critical,30,53,39
CUST007433,71.0,Monitor,52,87,82
CUST007434,44.4,At Risk,51,48,36
CUST007435,53.4,At Risk,78,35,38
CUST007436,51.6,At Risk,38,82,50
CUST007437,65.2,Monitor,71,88,48
CUST007438,44.2,At Risk,53,71,22
CUST007439,57.4,At Risk,50,71,58
CUST007440,65.6,Monitor,97,66,34
CUST007441,62.8,Monitor,83,42,53
CUST007442,81.8,Healthy,88,67,83
CUST007443,66.8,Monitor,82,76,47
CUST007444,74.2,Monitor,73,95,65
CUST007445,57.2,At Risk,55,74,51
CUST007446,58.8,At Risk,34,38,94
CUST007447,69.4,Monitor,72,99,52
CUST007448,76.2,Monitor,96,83,53
CUST007449,75.8,Monitor,84,77,67
CUST007450,65.2,Monitor,47,74,79
CUST007451,80.0,Healthy,87,30,98
CUST007452,54.2,At Risk,48,53,61
CUST007453,48.8,At Risk,39,48,59
CUST007454,64.0,Monitor,72,78,49
CUST007455,69.6,Monitor,61,96,65
CUST007456,60.8,Monitor,47,72,69
CUST007457,62.4,Monitor,71,36,67
CUST007458,43.4,At Risk,24,87,41
CUST007459,56.0,At Risk,59,48,57
CUST007460,77.0,Monitor,86,83,65
CUST007461,41.2,At Risk,35,56,40
CUST007462,63.0,Monitor,79,33,62
CUST007463,74.6,Monitor,97,57,61
CUST007464,49.6,At Risk,59,50,40
CUST007465,62.6,Monitor,95,23,50
CUST007466,53.8,At Risk,55,69,45
CUST007467,50.2,At Risk,59,39,47
CUST007468,43.0,At Risk,25,87,39
CUST007469,79.2,Monitor,91,22,96
CUST007470,58.0,At Risk,24,62,90
CUST007471,54.8,At Risk,94,36,25
CUST007472,64.4,Monitor,76,24,73
CUST007473,55.8,At Risk,37,39,83
CUST007474,46.6,At Risk,58,23,47
CUST007475,52.2,At Risk,38,33,76
CUST007476,51.8,At Risk,53,77,38
CUST007477,48.4,At Risk,62,58,30
CUST007478,68.2,Monitor,77,91,48
CUST007479,58.4,At Risk,35,76,73
CUST007480,49.2,At Risk,47,58,47
CUST007481,67.4,Monitor,81,97,39
CUST007482,43.0,At Risk,21,83,45
CUST007483,75.0,Monitor,83,45,82
CUST007484,62.2,Monitor,95,37,42
CUST007485,49.4,At Risk,40,93,37
CUST007486,62.8,Monitor,49,82,67
CUST007487,47.6,At Risk,64,30,40
CUST007488,46.8,At Risk,30,40,67
CUST007489,36.4,Critical,34,36,39
CUST007490,50.8,At Risk,63,28,50
CUST007491,53.2,At Risk,76,54,30
CUST007492,59.2,At Risk,57,90,46
CUST007493,46.6,At Risk,65,61,21
CUST007494,48.0,At Risk,36,54,57
CUST007495,43.0,At Risk,44,79,24
CUST007496,52.4,At Risk,76,62,24
CUST007497,65.6,Monitor,76,96,40
CUST007498,47.8,At Risk,48,39,52
CUST007499,37.8,Critical,58,25,24
CUST007500,68.4,Monitor,82,48,65
CUST007501,67.2,Monitor,74,42,73
CUST007502,39.4,Critical,45,23,42
CUST007503,58.6,At Risk,88,59,29
CUST007504,56.6,At Risk,52,47,66
CUST007505,68.8,Monitor,63,88,65
CUST007506,54.6,At Risk,29,41,87
CUST007507,68.6,Monitor,59,89,68
CUST007508,81.0,Healthy,89,69,79
CUST007509,56.0,At Risk,48,46,69
CUST007510,64.0,Monitor,74,86,43
CUST007511,51.6,At Risk,55,40,54
CUST007512,48.6,At Risk,21,37,82
CUST007513,38.4,Critical,58,26,25
CUST007514,51.0,At Risk,64,53,37
CUST007515,64.2,Monitor,44,51,91
CUST007516,68.6,Monitor,74,45,75
CUST007517,68.2,Monitor,63,33,91
CUST007518,78.6,Monitor,81,77,77
CUST007519,71.6,Monitor,84,44,73
CUST007520,76.4,Monitor,80,64,79
CUST007521,59.8,At Risk,66,51,58
CUST007522,84.6,Healthy,89,87,79
CUST007523,70.0,Monitor,44,88,87
CUST007524,45.0,At Risk,55,31,42
CUST007525,53.8,At Risk,38,49,72
CUST007526,39.2,Critical,44,64,22
CUST007527,76.4,Monitor,73,70,83
CUST007528,53.2,At Risk,96,20,27
CUST007529,67.8,Monitor,76,21,83
CUST007530,57.6,At Risk,63,98,32
CUST007531,30.2,Critical,39,21,26
CUST007532,71.4,Monitor,96,43,61
CUST007533,58.2,At Risk,67,23,67
CUST007534,66.2,Monitor,27,99,89
CUST007535,44.2,At Risk,26,47,61
CUST007536,54.8,At Risk,70,32,51
CUST007537,51.2,At Risk,56,92,26
CUST007538,56.8,At Risk,37,52,79
CUST007539,62.2,Monitor,99,23,45
CUST007540,41.0,At Risk,27,27,62
CUST007541,50.0,At Risk,33,60,62
CUST007542,77.6,Monitor,65,72,93
CUST007543,48.4,At Risk,54,72,31
CUST007544,61.2,Monitor,40,44,91
CUST007545,78.8,Monitor,85,42,91
CUST007546,40.6,At Risk,21,77,42
CUST007547,71.0,Monitor,96,23,70
CUST007548,44.6,At Risk,52,63,28
CUST007549,55.8,At Risk,78,83,20
CUST007550,60.2,Monitor,72,79,39
CUST007551,81.8,Healthy,98,49,82
CUST007552,39.2,Critical,27,78,32
CUST007553,93.2,Healthy,91,88,98
CUST007554,48.0,At Risk,59,34,44
CUST007555,50.8,At Risk,27,96,52
CUST007556,47.8,At Risk,37,93,36
CUST007557,79.0,Monitor,87,97,62
CUST007558,56.6,At Risk,30,79,72
CUST007559,51.0,At Risk,31,43,75
CUST007560,56.8,At Risk,54,80,48
CUST007561,57.8,At Risk,90,63,23
CUST007562,44.4,At Risk,28,34,66
CUST007563,42.2,At Risk,35,37,52
CUST007564,54.4,At Risk,54,96,34
CUST007565,49.6,At Risk,48,90,31
CUST007566,54.0,At Risk,54,96,33
CUST007567,62.2,Monitor,64,93,45
CUST007568,51.8,At Risk,62,69,33
CUST007569,51.0,At Risk,49,63,47
CUST007570,61.2,Monitor,36,66,84
CUST007571,59.6,At Risk,79,56,42
CUST007572,47.2,At Risk,48,38,51
CUST007573,85.8,Healthy,89,75,88
CUST007574,54.4,At Risk,79,50,32
CUST007575,79.6,Monitor,73,84,84
CUST007576,57.8,At Risk,55,45,67
CUST007577,49.8,At Risk,62,45,40
CUST007578,38.8,Critical,33,80,24
CUST007579,23.2,Critical,23,28,21
CUST007580,72.8,Monitor,82,24,88
CUST007581,62.6,Monitor,32,97,76
CUST007582,63.2,Monitor,67,50,66
CUST007583,43.2,At Risk,20,42,67
CUST007584,42.4,At Risk,66,26,27
CUST007585,67.4,Monitor,38,69,96
CUST007586,64.8,Monitor,92,52,44
CUST007587,28.6,Critical,27,33,28
CUST007588,52.8,At Risk,48,94,37
CUST007589,74.2,Monitor,76,51,84
CUST007590,72.2,Monitor,98,69,48
CUST007591,60.0,Monitor,68,94,35
CUST007592,48.4,At Risk,50,48,47
CUST007593,70.4,Monitor,79,28,83
CUST007594,85.0,Healthy,85,99,78
CUST007595,36.8,Critical,27,88,21
CUST007596,68.6,Monitor,96,41,55
CUST007597,56.8,At Risk,55,64,55
CUST007598,65.8,Monitor,71,75,56
CUST007599,41.8,At Risk,46,47,35
CUST007600,52.6,At Risk,40,81,51
CUST007601,85.2,Healthy,90,74,86
CUST007602,77.2,Monitor,72,82,80
CUST007603,71.0,Monitor,92,87,42
CUST007604,83.2,Healthy,96,86,69
CUST007605,54.6,At Risk,92,29,30
CUST007606,71.0,Monitor,86,67,58
CUST007607,43.2,At Risk,48,46,37
CUST007608,64.6,Monitor,96,79,26
CUST007609,75.6,Monitor,80,66,76
CUST007610,58.2,At Risk,64,53,55
CUST007611,63.8,Monitor,60,47,76
CUST007612,64.4,Monitor,34,70,92
CUST007613,85.4,Healthy,92,85,79
CUST007614,42.8,At Risk,40,52,41
CUST007615,41.0,At Risk,21,33,65
CUST007616,68.2,Monitor,99,41,51
CUST007617,54.8,At Risk,35,86,59
CUST007618,57.2,At Risk,79,74,27
CUST007619,51.2,At Risk,24,46,81
CUST007620,86.6,Healthy,85,89,87
CUST007621,57.2,At Risk,41,52,76
CUST007622,39.4,Critical,34,69,30
CUST007623,58.4,At Risk,71,50,50
CUST007624,38.2,Critical,46,21,39
CUST007625,50.2,At Risk,52,29,59
CUST007626,51.8,At Risk,67,45,40
CUST007627,55.2,At Risk,74,20,54
CUST007628,77.2,Monitor,92,62,70
CUST007629,37.4,Critical,41,53,26
CUST007630,55.8,At Risk,40,65,67
CUST007631,51.2,At Risk,26,36,84
CUST007632,66.8,Monitor,48,74,82
CUST007633,34.4,Critical,22,24,52
CUST007634,46.4,At Risk,60,54,29
CUST007635,60.2,Monitor,24,73,90
CUST007636,69.4,Monitor,53,87,77
CUST007637,72.2,Monitor,80,49,76
CUST007638,39.2,Critical,41,50,32
CUST007639,49.6,At Risk,57,22,56
CUST007640,69.2,Monitor,94,44,57
CUST007641,56.8,At Risk,68,52,48
CUST007642,50.6,At Risk,34,35,75
CUST007643,66.4,Monitor,59,68,73
CUST007644,51.6,At Risk,46,86,40
CUST007645,85.8,Healthy,92,79,83
CUST007646,40.2,At Risk,21,99,30
CUST007647,61.8,Monitor,57,97,49
CUST007648,54.2,At Risk,87,39,29
CUST007649,54.4,At Risk,75,76,23
CUST007650,61.4,Monitor,87,89,22
CUST007651,61.2,Monitor,27,68,92
CUST007652,72.0,Monitor,67,96,65
CUST007653,36.2,Critical,46,49,20
CUST007654,65.6,Monitor,99,48,41
CUST007655,58.2,At Risk,35,55,83
CUST007656,42.6,At Risk,39,41,47
CUST007657,77.4,Monitor,81,47,89
CUST007658,46.0,At Risk,25,94,43
CUST007659,49.0,At Risk,26,61,66
CUST007660,82.6,Healthy,94,43,91
CUST007661,33.6,Critical,33,38,32
CUST007662,61.8,Monitor,82,39,53
CUST007663,55.6,At Risk,64,46,52
CUST007664,48.6,At Risk,35,41,66
CUST007665,63.8,Monitor,98,39,42
CUST007666,71.8,Monitor,60,41,99
CUST007667,70.6,Monitor,94,37,64
CUST007668,66.2,Monitor,36,73,93
CUST007669,44.6,At Risk,35,95,29
CUST007670,76.2,Monitor,92,31,83
CUST007671,92.2,Healthy,87,91,98
CUST007672,64.6,Monitor,92,71,34
CUST007673,61.4,Monitor,64,77,51
CUST007674,43.0,At Risk,38,65,37
CUST007675,67.2,Monitor,86,50,57
CUST007676,75.6,Monitor,66,66,90
CUST007677,40.6,At Risk,41,49,36
CUST007678,59.8,At Risk,31,91,73
CUST007679,66.4,Monitor,89,68,43
CUST007680,73.6,Monitor,78,20,96
CUST007681,58.8,At Risk,88,60,29
CUST007682,51.8,At Risk,29,95,53
CUST007683,57.0,At Risk,57,39,66
CUST007684,65.4,Monitor,35,79,89
CUST007685,46.4,At Risk,45,96,23
CUST007686,73.8,Monitor,51,99,84
CUST007687,60.8,Monitor,92,54,33
CUST007688,69.4,Monitor,31,91,97
CUST007689,56.4,At Risk,59,94,35
CUST007690,79.8,Monitor,94,99,56
CUST007691,45.8,At Risk,32,89,38
CUST007692,79.0,Monitor,72,93,79
CUST007693,51.8,At Risk,36,77,55
CUST007694,87.6,Healthy,89,76,92
CUST007695,66.2,Monitor,36,63,98
CUST007696,48.0,At Risk,39,54,54
CUST007697,67.8,Monitor,67,59,73
CUST007698,85.4,Healthy,83,69,96
CUST007699,81.2,Healthy,96,78,68
CUST007700,62.8,Monitor,54,52,77
CUST007701,50.0,At Risk,30,56,67
CUST007702,64.4,Monitor,80,72,45
CUST007703,40.0,At Risk,64,20,26
CUST007704,39.4,Critical,20,93,32
CUST007705,66.6,Monitor,98,55,41
CUST007706,33.2,Critical,47,30,21
CUST007707,66.2,Monitor,28,91,92
CUST007708,76.0,Monitor,69,76,83
CUST007709,65.4,Monitor,98,75,28
CUST007710,40.4,At Risk,54,20,37
CUST007711,69.2,Monitor,89,48,60
CUST007712,45.0,At Risk,57,53,29
CUST007713,43.8,At Risk,43,61,36
CUST007714,66.4,Monitor,68,72,62
CUST007715,70.6,Monitor,91,41,65
CUST007716,55.6,At Risk,30,98,60
CUST007717,63.4,Monitor,65,81,53
CUST007718,63.8,Monitor,39,43,99
CUST007719,80.8,Healthy,75,92,81
CUST007720,49.0,At Risk,40,83,41
CUST007721,68.2,Monitor,52,39,99
CUST007722,45.4,At Risk,71,33,26
CUST007723,41.2,At Risk,40,78,24
CUST007724,58.6,At Risk,78,73,32
CUST007725,72.8,Monitor,78,32,88
CUST007726,68.4,Monitor,49,80,82
CUST007727,82.6,Healthy,84,89,78
CUST007728,77.8,Monitor,89,67,72
CUST007729,79.8,Monitor,76,51,98
CUST007730,69.8,Monitor,92,25,70
CUST007731,79.8,Monitor,91,65,76
CUST007732,60.0,Monitor,59,72,55
CUST007733,74.8,Monitor,82,24,93
CUST007734,73.0,Monitor,75,37,89
CUST007735,83.6,Healthy,81,84,86
CUST007736,79.2,Monitor,89,92,63
CUST007737,62.4,Monitor,84,44,50
CUST007738,54.8,At Risk,84,62,22
CUST007739,59.4,At Risk,56,33,76
CUST007740,58.0,At Risk,46,86,56
CUST007741,44.8,At Risk,29,22,72
CUST007742,79.2,Monitor,92,30,91
CUST007743,61.0,Monitor,61,45,69
CUST007744,77.0,Monitor,96,61,66
CUST007745,48.2,At Risk,36,61,54
CUST007746,66.0,Monitor,80,84,43
CUST007747,82.2,Healthy,95,79,71
CUST007748,62.2,Monitor,49,33,90
CUST007749,59.0,At Risk,72,95,28
CUST007750,43.8,At Risk,25,63,53
CUST007751,64.6,Monitor,55,23,95
CUST007752,61.8,Monitor,96,53,32
CUST007753,64.8,Monitor,94,48,44
CUST007754,64.8,Monitor,69,90,48
CUST007755,72.2,Monitor,44,85,94
CUST007756,59.8,At Risk,31,59,89
CUST007757,48.6,At Risk,72,35,32
CUST007758,73.4,Monitor,73,47,87
CUST007759,70.4,Monitor,78,62,67
CUST007760,52.6,At Risk,53,39,59
CUST007761,53.0,At Risk,28,41,84
CUST007762,54.6,At Risk,39,53,71
CUST007763,61.2,Monitor,93,30,45
CUST007764,49.0,At Risk,75,31,32
CUST007765,60.2,Monitor,66,35,67
CUST007766,35.4,Critical,31,27,44
CUST007767,75.6,Monitor,61,60,98
CUST007768,44.4,At Risk,42,38,50
CUST007769,75.6,Monitor,97,42,71
CUST007770,53.8,At Risk,48,59,57
CUST007771,42.8,At Risk,51,38,37
CUST007772,51.2,At Risk,30,22,87
CUST007773,33.8,Critical,39,45,23
CUST007774,67.8,Monitor,86,87,40
CUST007775,28.6,Critical,25,45,24
CUST007776,47.2,At Risk,76,20,32
CUST007777,42.2,At Risk,47,55,31
CUST007778,73.2,Monitor,94,94,42
CUST007779,61.6,Monitor,34,50,95
CUST007780,60.0,Monitor,63,74,50
CUST007781,47.6,At Risk,74,44,23
CUST007782,43.0,At Risk,24,97,35
CUST007783,80.4,Healthy,86,88,71
CUST007784,65.2,Monitor,73,82,49
CUST007785,61.2,Monitor,56,84,55
CUST007786,53.8,At Risk,86,57,20
CUST007787,52.8,At Risk,40,70,57
CUST007788,74.0,Monitor,77,86,65
CUST007789,67.8,Monitor,59,49,86
CUST007790,67.2,Monitor,58,34,93
CUST007791,52.4,At Risk,27,46,81
CUST007792,66.2,Monitor,61,75,67
CUST007793,69.6,Monitor,97,28,63
CUST007794,70.8,Monitor,69,74,71
CUST007795,75.2,Monitor,84,88,60
CUST007796,74.0,Monitor,61,82,83
CUST007797,35.2,Critical,28,72,24
CUST007798,48.4,At Risk,39,48,58
CUST007799,52.8,At Risk,42,82,49
CUST007800,70.2,Monitor,74,35,84
CUST007801,66.0,Monitor,51,66,81
CUST007802,34.4,Critical,31,26,42
CUST007803,51.4,At Risk,21,55,80
CUST007804,83.2,Healthy,97,84,69
CUST007805,58.0,At Risk,72,24,61
CUST007806,64.2,Monitor,64,55,69
CUST007807,29.8,Critical,25,39,30
CUST007808,63.8,Monitor,79,47,57
CUST007809,34.0,Critical,43,40,22
CUST007810,82.4,Healthy,70,80,96
CUST007811,46.0,At Risk,33,78,43
CUST007812,52.8,At Risk,93,22,28
CUST007813,49.8,At Risk,69,57,27
CUST007814,37.6,Critical,52,40,22
CUST007815,65.8,Monitor,76,99,39
CUST007816,67.6,Monitor,63,58,77
CUST007817,39.8,Critical,30,95,22
CUST007818,60.6,Monitor,23,79,89
CUST007819,64.0,Monitor,48,48,88
CUST007820,59.6,At Risk,49,84,58
CUST007821,78.0,Monitor,61,94,87
CUST007822,61.0,Monitor,66,77,48
CUST007823,88.6,Healthy,85,83,95
CUST007824,70.0,Monitor,42,78,94
CUST007825,45.2,At Risk,36,76,39
CUST007826,48.0,At Risk,51,66,36
CUST007827,69.6,Monitor,97,86,34
CUST007828,68.6,Monitor,86,69,51
CUST007829,78.2,Monitor,68,63,96
CUST007830,67.6,Monitor,51,70,83
CUST007831,59.2,At Risk,78,26,57
CUST007832,43.2,At Risk,65,20,33
CUST007833,62.0,Monitor,61,48,70
CUST007834,65.0,Monitor,92,45,48
CUST007835,31.4,Critical,21,49,33
CUST007836,78.8,Monitor,76,74,84
CUST007837,57.2,At Risk,85,62,27
CUST007838,60.6,Monitor,80,81,31
CUST007839,64.6,Monitor,41,69,86
CUST007840,54.6,At Risk,43,27,80
CUST007841,34.4,Critical,39,32,31
CUST007842,49.2,At Risk,65,44,36
CUST007843,40.4,At Risk,26,60,45
CUST007844,56.4,At Risk,66,24,63
CUST007845,50.2,At Risk,44,75,44
CUST007846,38.4,Critical,37,78,20
CUST007847,72.8,Monitor,61,58,92
CUST007848,75.6,Monitor,99,54,63
CUST007849,36.8,Critical,35,20,47
CUST007850,71.6,Monitor,58,44,99
CUST007851,73.0,Monitor,56,67,93
CUST007852,62.0,Monitor,55,70,65
CUST007853,60.0,Monitor,37,52,87
CUST007854,56.2,At Risk,26,83,73
CUST007855,46.4,At Risk,50,68,32
CUST007856,65.6,Monitor,99,70,30
CUST007857,51.6,At Risk,35,82,53
CUST007858,68.0,Monitor,98,56,44
CUST007859,50.6,At Risk,89,21,27
CUST007860,76.6,Monitor,82,57,81
CUST007861,49.0,At Risk,73,41,29
CUST007862,35.8,Critical,30,59,30
CUST007863,26.6,Critical,23,23,32
CUST007864,36.8,Critical,35,52,31
CUST007865,50.0,At Risk,27,28,84
CUST007866,49.2,At Risk,32,72,55
CUST007867,70.6,Monitor,70,53,80
CUST007868,72.6,Monitor,90,75,54
CUST007869,53.8,At Risk,47,63,56
CUST007870,65.0,Monitor,46,69,82
CUST007871,58.4,At Risk,81,62,34
CUST007872,68.8,Monitor,59,50,88
CUST007873,69.6,Monitor,66,36,90
CUST007874,63.0,Monitor,39,91,73
CUST007875,69.0,Monitor,79,49,69
CUST007876,46.8,At Risk,62,54,28
CUST007877,39.4,Critical,40,59,29
CUST007878,66.8,Monitor,95,70,37
CUST007879,83.6,Healthy,98,48,87
CUST007880,80.6,Healthy,86,61,85
CUST007881,81.6,Healthy,93,50,86
CUST007882,56.4,At Risk,50,78,52
CUST007883,64.8,Monitor,62,28,86
CUST007884,53.2,At Risk,35,66,65
CUST007885,60.0,Monitor,92,76,20
CUST007886,50.6,At Risk,76,25,38
CUST007887,77.2,Monitor,89,68,70
CUST007888,65.0,Monitor,62,99,51
CUST007889,67.0,Monitor,63,53,78
CUST007890,76.6,Monitor,60,71,96
CUST007891,62.2,Monitor,48,21,97
CUST007892,43.2,At Risk,25,58,54
CUST007893,87.0,Healthy,89,81,88
CUST007894,48.0,At Risk,43,24,65
CUST007895,72.4,Monitor,55,86,83
CUST007896,60.6,Monitor,67,23,73
CUST007897,70.0,Monitor,76,86,56
CUST007898,49.0,At Risk,69,57,25
CUST007899,64.2,Monitor,91,55,42
CUST007900,60.4,Monitor,43,38,89
CUST007901,57.4,At Risk,57,29,72
CUST007902,58.8,At Risk,36,34,94
CUST007903,50.8,At Risk,29,94,51
CUST007904,51.6,At Risk,26,46,80
CUST007905,32.4,Critical,28,52,27
CUST007906,44.2,At Risk,22,21,78
CUST007907,43.8,At Risk,49,23,49
CUST007908,59.2,At Risk,87,76,23
CUST007909,88.0,Healthy,94,56,98
CUST007910,70.0,Monitor,91,44,62
CUST007911,37.8,Critical,24,77,32
CUST007912,81.8,Healthy,79,99,76
CUST007913,39.2,Critical,20,70,43
CUST007914,56.6,At Risk,34,39,88
CUST007915,50.2,At Risk,28,55,70
CUST007916,58.8,At Risk,30,44,95
CUST007917,59.6,At Risk,39,32,94
CUST007918,56.6,At Risk,45,81,56
CUST007919,53.2,At Risk,59,78,35
CUST007920,80.6,Healthy,91,39,91
CUST007921,74.6,Monitor,66,59,91
CUST007922,52.8,At Risk,35,56,69
CUST007923,51.8,At Risk,71,47,35
CUST007924,59.6,At Risk,45,84,62
CUST007925,89.4,Healthy,81,95,95
CUST007926,62.0,Monitor,86,84,27
CUST007927,47.0,At Risk,26,31,76
CUST007928,81.2,Healthy,75,58,99
CUST007929,50.2,At Risk,33,99,43
CUST007930,54.0,At Risk,66,72,33
CUST007931,49.0,At Risk,72,51,25
CUST007932,61.0,Monitor,82,27,57
CUST007933,62.8,Monitor,91,42,45
CUST007934,31.8,Critical,23,59,27
CUST007935,51.8,At Risk,67,71,27
CUST007936,77.6,Monitor,79,84,73
CUST007937,28.0,Critical,30,34,23
CUST007938,73.2,Monitor,80,74,66
CUST007939,63.0,Monitor,47,39,91
CUST007940,91.4,Healthy,86,97,94
CUST007941,55.0,At Risk,54,87,40
CUST007942,46.2,At Risk,23,47,69
CUST007943,63.4,Monitor,88,41,50
CUST007944,83.0,Healthy,81,55,99
CUST007945,69.4,Monitor,89,39,65
CUST007946,65.2,Monitor,78,92,39
CUST007947,50.6,At Risk,30,63,65
CUST007948,86.0,Healthy,95,84,78
CUST007949,60.6,Monitor,54,45,75
CUST007950,37.6,Critical,25,80,29
CUST007951,62.8,Monitor,38,74,82
CUST007952,63.6,Monitor,48,72,75
CUST007953,69.0,Monitor,67,57,77
CUST007954,45.4,At Risk,73,29,26
CUST007955,80.2,Healthy,79,57,93
CUST007956,67.0,Monitor,64,65,71
CUST007957,58.6,At Risk,29,65,85
CUST007958,72.0,Monitor,96,64,52
CUST007959,53.4,At Risk,71,37,44
CUST007960,60.6,Monitor,40,87,68
CUST007961,58.8,At Risk,53,32,78
CUST007962,60.8,Monitor,73,94,32
CUST007963,47.4,At Risk,53,45,43
CUST007964,65.2,Monitor,90,82,32
CUST007965,70.4,Monitor,78,98,49
CUST007966,53.2,At Risk,55,92,32
CUST007967,67.2,Monitor,25,96,95
CUST007968,30.0,Critical,22,66,20
CUST007969,45.4,At Risk,53,31,45
CUST007970,63.2,Monitor,91,94,20
CUST007971,43.6,At Risk,26,24,71
CUST007972,57.8,At Risk,85,75,22
CUST007973,47.2,At Risk,66,60,22
CUST007974,34.2,Critical,29,45,34
CUST007975,68.2,Monitor,73,69,63
CUST007976,62.2,Monitor,58,43,76
CUST007977,74.2,Monitor,55,81,90
CUST007978,81.4,Healthy,90,45,91
CUST007979,76.4,Monitor,67,58,95
CUST007980,72.0,Monitor,55,60,95
CUST007981,51.2,At Risk,62,82,25
CUST007982,69.2,Monitor,64,38,90
CUST007983,45.6,At Risk,43,60,41
CUST007984,47.8,At Risk,48,81,31
CUST007985,47.0,At Risk,47,45,48
CUST007986,75.0,Monitor,54,99,84
CUST007987,66.6,Monitor,74,65,60
CUST007988,52.0,At Risk,51,28,65
CUST007989,52.0,At Risk,50,38,61
CUST007990,47.8,At Risk,66,43,32
CUST007991,59.6,At Risk,31,46,95
CUST007992,57.2,At Risk,63,86,37
CUST007993,88.4,Healthy,90,90,86
CUST007994,50.0,At Risk,80,20,35
CUST007995,44.2,At Risk,25,93,39
CUST007996,57.4,At Risk,53,85,48
CUST007997,79.2,Monitor,79,66,86
CUST007998,74.0,Monitor,62,92,77
CUST007999,39.4,Critical,24,77,36
CUST008000,59.0,At Risk,22,75,88
CUST008001,84.6,Healthy,87,79,85
CUST008002,55.2,At Risk,72,30,51
CUST008003,42.2,At Risk,25,67,47
CUST008004,72.6,Monitor,83,81,58
CUST008005,69.6,Monitor,99,36,57
CUST008006,49.8,At Risk,44,41,60
CUST008007,50.4,At Risk,37,38,70
CUST008008,68.6,Monitor,98,77,35
CUST008009,52.8,At Risk,56,24,64
CUST008010,60.4,Monitor,67,46,61
CUST008011,55.4,At Risk,70,69,34
CUST008012,34.2,Critical,20,41,45
CUST008013,52.8,At Risk,38,86,51
CUST008014,42.0,At Risk,39,76,28
CUST008015,30.8,Critical,32,42,24
CUST008016,73.0,Monitor,90,35,75
CUST008017,67.6,Monitor,93,36,58
CUST008018,60.2,Monitor,46,63,73
CUST008019,30.2,Critical,24,37,33
CUST008020,54.4,At Risk,65,96,23
CUST008021,37.2,Critical,24,76,31
CUST008022,65.8,Monitor,94,27,57
CUST008023,62.6,Monitor,98,29,44
CUST008024,54.8,At Risk,51,80,46
CUST008025,51.2,At Risk,24,94,57
CUST008026,64.8,Monitor,48,68,80
CUST008027,49.0,At Risk,33,35,72
CUST008028,52.0,At Risk,68,34,45
CUST008029,49.4,At Risk,26,25,85
CUST008030,83.2,Healthy,91,58,88
CUST008031,80.8,Healthy,89,44,91
CUST008032,67.6,Monitor,48,66,88
CUST008033,58.8,At Risk,34,78,74
CUST008034,50.0,At Risk,29,66,63
CUST008035,51.6,At Risk,46,46,60
CUST008036,48.2,At Risk,31,63,58
CUST008037,42.6,At Risk,45,57,33
CUST008038,66.8,Monitor,40,96,79
CUST008039,64.6,Monitor,90,61,41
CUST008040,63.6,Monitor,39,46,97
CUST008041,72.8,Monitor,64,60,88
CUST008042,47.4,At Risk,45,91,28
CUST008043,59.0,At Risk,60,69,53
CUST008044,76.8,Monitor,92,60,70
CUST008045,32.2,Critical,23,31,42
CUST008046,65.8,Monitor,81,37,65
CUST008047,50.8,At Risk,30,36,79
CUST008048,47.8,At Risk,66,67,20
CUST008049,54.6,At Risk,20,41,96
CUST008050,80.6,Healthy,69,69,98
CUST008051,69.0,Monitor,88,63,53
CUST008052,48.4,At Risk,62,32,43
CUST008053,65.6,Monitor,99,50,40
CUST008054,55.4,At Risk,46,53,66
CUST008055,44.2,At Risk,24,33,70
CUST008056,75.4,Monitor,64,85,82
CUST008057,51.8,At Risk,33,27,83
CUST008058,60.2,Monitor,68,63,51
CUST008059,82.0,Healthy,72,78,94
CUST008060,55.2,At Risk,33,30,90
CUST008061,59.6,At Risk,52,22,86
CUST008062,69.2,Monitor,47,66,93
CUST008063,59.0,At Risk,57,73,54
CUST008064,31.2,Critical,36,20,32
CUST008065,70.8,Monitor,62,52,89
CUST008066,67.2,Monitor,41,74,90
CUST008067,55.0,At Risk,64,41,53
CUST008068,47.4,At Risk,22,69,62
CUST008069,56.6,At Risk,74,59,38
CUST008070,48.4,At Risk,76,40,25
CUST008071,72.6,Monitor,66,93,69
CUST008072,48.4,At Risk,52,62,38
CUST008073,63.2,Monitor,88,46,47
CUST008074,58.0,At Risk,43,48,78
CUST008075,69.2,Monitor,78,76,57
CUST008076,53.2,At Risk,42,20,81
CUST008077,64.4,Monitor,55,66,73
CUST008078,81.6,Healthy,60,94,97
CUST008079,64.2,Monitor,88,59,43
CUST008080,55.6,At Risk,23,82,75
CUST008081,76.0,Monitor,89,50,76
CUST008082,52.8,At Risk,81,46,28
CUST008083,56.2,At Risk,74,41,46
CUST008084,77.6,Monitor,66,94,81
CUST008085,60.8,Monitor,59,62,62
CUST008086,67.8,Monitor,84,49,61
CUST008087,38.2,Critical,25,67,37
CUST008088,43.2,At Risk,27,48,57
CUST008089,71.4,Monitor,78,81,60
CUST008090,55.6,At Risk,69,26,57
CUST008091,51.6,At Risk,69,42,39
CUST008092,55.6,At Risk,88,58,22
CUST008093,81.6,Healthy,93,62,80
CUST008094,46.6,At Risk,42,85,32
CUST008095,61.8,Monitor,47,61,77
CUST008096,57.4,At Risk,27,55,89
CUST008097,66.8,Monitor,27,86,97
CUST008098,71.2,Monitor,44,96,86
CUST008099,58.8,At Risk,53,72,58
CUST008100,47.6,At Risk,44,54,48
CUST008101,68.0,Monitor,50,76,82
CUST008102,47.2,At Risk,73,40,25
CUST008103,45.4,At Risk,29,31,69
CUST008104,77.2,Monitor,88,38,86
CUST008105,59.0,At Risk,33,89,70
CUST008106,49.6,At Risk,41,94,36
CUST008107,51.8,At Risk,23,53,80
CUST008108,52.6,At Risk,47,29,70
CUST008109,41.6,At Risk,59,44,23
CUST008110,51.6,At Risk,43,32,70
CUST008111,70.2,Monitor,70,47,82
CUST008112,72.0,Monitor,49,72,95
CUST008113,58.6,At Risk,60,85,44
CUST008114,54.8,At Risk,90,42,26
CUST008115,64.6,Monitor,84,47,54
CUST008116,53.6,At Risk,20,32,98
CUST008117,44.2,At Risk,68,21,32
CUST008118,54.0,At Risk,40,90,50
CUST008119,48.0,At Risk,26,84,52
CUST008120,66.6,Monitor,70,63,65
CUST008121,68.6,Monitor,31,85,98
CUST008122,63.6,Monitor,49,68,76
CUST008123,50.0,At Risk,26,94,52
CUST008124,47.4,At Risk,38,55,53
CUST008125,73.0,Monitor,89,71,58
CUST008126,63.2,Monitor,51,28,93
CUST008127,70.8,Monitor,53,94,77
CUST008128,62.2,Monitor,33,67,89
CUST008129,47.2,At Risk,22,34,79
CUST008130,67.2,Monitor,46,88,78
CUST008131,63.8,Monitor,77,41,62
CUST008132,65.2,Monitor,82,64,49
CUST008133,58.8,At Risk,45,38,83
CUST008134,57.8,At Risk,41,77,65
CUST008135,61.8,Monitor,91,87,20
CUST008136,60.0,Monitor,21,60,99
CUST008137,63.6,Monitor,48,82,70
CUST008138,56.8,At Risk,70,56,44
CUST008139,67.4,Monitor,72,35,79
CUST008140,52.0,At Risk,81,38,30
CUST008141,75.2,Monitor,83,28,91
CUST008142,26.0,Critical,28,26,24
CUST008143,52.4,At Risk,54,64,45
CUST008144,68.6,Monitor,63,63,77
CUST008145,52.4,At Risk,22,52,83
CUST008146,37.0,Critical,34,73,22
CUST008147,58.6,At Risk,23,55,96
CUST008148,78.2,Monitor,67,67,95
CUST008149,87.0,Healthy,95,63,91
CUST008150,73.4,Monitor,80,41,83
CUST008151,67.6,Monitor,98,80,31
CUST008152,46.6,At Risk,20,49,72
CUST008153,70.4,Monitor,71,74,68
CUST008154,56.6,At Risk,58,69,49
CUST008155,92.4,Healthy,87,98,95
CUST008156,65.4,Monitor,79,75,47
CUST008157,41.2,At Risk,50,48,29
CUST008158,67.4,Monitor,81,69,53
CUST008159,57.8,At Risk,33,67,78
CUST008160,83.8,Healthy,93,85,74
CUST008161,44.0,At Risk,21,92,43
CUST008162,78.0,Monitor,73,68,88
CUST008163,57.2,At Risk,35,96,60
CUST008164,61.2,Monitor,31,64,90
CUST008165,67.0,Monitor,37,79,91
CUST008166,40.0,At Risk,32,52,42
CUST008167,64.6,Monitor,93,27,55
CUST008168,66.4,Monitor,77,60,59
CUST008169,50.6,At Risk,61,77,27
CUST008170,81.2,Healthy,90,50,88
CUST008171,47.0,At Risk,30,51,62
CUST008172,64.6,Monitor,28,87,90
CUST008173,58.2,At Risk,24,75,84
CUST008174,54.8,At Risk,28,56,81
CUST008175,61.2,Monitor,48,52,79
CUST008176,62.2,Monitor,90,87,22
CUST008177,53.6,At Risk,28,98,57
CUST008178,42.2,At Risk,22,35,66
CUST008179,26.2,Critical,28,31,22
CUST008180,54.8,At Risk,35,54,75
CUST008181,55.8,At Risk,28,43,90
CUST008182,55.2,At Risk,86,64,20
CUST008183,39.6,Critical,55,44,22
CUST008184,63.2,Monitor,92,34,49
CUST008185,62.0,Monitor,32,82,82
CUST008186,80.2,Healthy,99,59,72
CUST008187,65.8,Monitor,52,39,93
CUST008188,59.2,At Risk,90,68,24
CUST008189,64.6,Monitor,29,99,83
CUST008190,63.4,Monitor,33,79,86
CUST008191,52.6,At Risk,69,75,25
CUST008192,56.4,At Risk,31,68,76
CUST008193,58.0,At Risk,80,44,43
CUST008194,64.8,Monitor,68,96,46
CUST008195,52.8,At Risk,23,72,73
CUST008196,71.2,Monitor,35,96,95
CUST008197,56.8,At Risk,37,64,73
CUST008198,65.0,Monitor,36,99,77
CUST008199,74.0,Monitor,64,96,73
CUST008200,47.8,At Risk,66,51,28
CUST008201,54.0,At Risk,63,84,30
CUST008202,40.4,At Risk,20,40,61
CUST008203,63.4,Monitor,31,87,84
CUST008204,47.8,At Risk,61,77,20
CUST008205,57.6,At Risk,60,36,66
CUST008206,51.6,At Risk,90,26,26
CUST008207,66.4,Monitor,57,24,97
CUST008208,60.2,Monitor,34,83,75
CUST008209,69.2,Monitor,90,70,48
CUST008210,79.2,Monitor,98,50,75
CUST008211,43.6,At Risk,30,78,40
CUST008212,62.8,Monitor,66,80,51
CUST008213,63.8,Monitor,46,33,97
CUST008214,34.6,Critical,22,79,25
CUST008215,34.0,Critical,25,74,23
CUST008216,64.6,Monitor,49,35,95
CUST008217,50.6,At Risk,64,75,25
CUST008218,77.4,Monitor,91,63,71
CUST008219,82.2,Healthy,84,55,94
CUST008220,77.6,Monitor,87,48,83
CUST008221,80.2,Healthy,75,91,80
CUST008222,60.6,Monitor,82,45,47
CUST008223,55.2,At Risk,64,54,47
CUST008224,84.8,Healthy,83,92,83
CUST008225,57.2,At Risk,34,84,67
CUST008226,46.2,At Risk,39,23,65
CUST008227,44.4,At Risk,47,34,47
CUST008228,73.6,Monitor,56,88,84
CUST008229,44.8,At Risk,20,50,67
CUST008230,45.8,At Risk,54,57,32
CUST008231,54.8,At Risk,62,46,52
CUST008232,38.4,Critical,28,74,31
CUST008233,48.2,At Risk,50,77,32
CUST008234,78.6,Monitor,97,43,78
CUST008235,67.0,Monitor,77,29,76
CUST008236,53.0,At Risk,60,65,40
CUST008237,44.4,At Risk,35,32,60
CUST008238,41.6,At Risk,30,76,36
CUST008239,50.4,At Risk,66,54,33
CUST008240,57.6,At Risk,42,46,79
CUST008241,35.0,Critical,20,87,24
CUST008242,59.0,At Risk,25,53,96
CUST008243,62.0,Monitor,94,60,31
CUST008244,79.2,Monitor,94,74,67
CUST008245,44.2,At Risk,29,37,63
CUST008246,70.6,Monitor,80,61,66
CUST008247,46.4,At Risk,72,44,22
CUST008248,69.4,Monitor,84,53,63
CUST008249,75.8,Monitor,90,31,84
CUST008250,36.0,Critical,23,88,23
CUST008251,52.6,At Risk,82,35,32
CUST008252,75.4,Monitor,62,93,80
CUST008253,71.8,Monitor,64,39,96
CUST008254,55.4,At Risk,77,37,43
CUST008255,36.8,Critical,31,76,23
CUST008256,32.2,Critical,20,43,39
CUST008257,52.4,At Risk,23,46,85
CUST008258,84.2,Healthy,79,95,84
CUST008259,86.8,Healthy,80,80,97
CUST008260,70.8,Monitor,76,96,53
CUST008261,66.2,Monitor,48,63,86
CUST008262,66.2,Monitor,85,69,46
CUST008263,59.0,At Risk,80,91,22
CUST008264,73.0,Monitor,99,27,70
CUST008265,74.2,Monitor,71,79,75
CUST008266,80.0,Healthy,85,96,67
CUST008267,62.0,Monitor,81,24,62
CUST008268,83.6,Healthy,73,82,95
CUST008269,72.0,Monitor,71,40,89
CUST008270,76.2,Monitor,80,83,69
CUST008271,41.8,At Risk,20,85,42
CUST008272,65.2,Monitor,73,52,64
CUST008273,46.0,At Risk,60,64,23
CUST008274,60.8,Monitor,86,92,20
CUST008275,53.8,At Risk,28,87,63
CUST008276,53.0,At Risk,55,91,32
CUST008277,57.8,At Risk,36,51,83
CUST008278,68.0,Monitor,90,66,47
CUST008279,61.8,Monitor,64,51,65
CUST008280,47.2,At Risk,62,48,32
CUST008281,61.8,Monitor,31,67,90
CUST008282,59.8,At Risk,92,43,36
CUST008283,62.2,Monitor,36,55,92
CUST008284,40.6,At Risk,45,25,44
CUST008285,63.4,Monitor,21,97,89
CUST008286,39.2,Critical,50,22,37
CUST008287,42.4,At Risk,45,36,43
CUST008288,42.0,At Risk,23,66,49
CUST008289,50.4,At Risk,23,68,69
CUST008290,59.0,At Risk,90,57,29
CUST008291,36.8,Critical,50,30,27
CUST008292,63.0,Monitor,63,45,72
CUST008293,47.2,At Risk,34,22,73
CUST008294,47.8,At Risk,50,23,58
CUST008295,39.0,Critical,62,23,24
CUST008296,64.0,Monitor,52,74,71
CUST008297,46.2,At Risk,46,21,59
CUST008298,41.4,At Risk,20,67,50
CUST008299,48.4,At Risk,32,76,51
CUST008300,63.8,Monitor,90,71,34
CUST008301,78.2,Monitor,68,97,79
CUST008302,43.0,At Risk,28,85,37
CUST008303,78.8,Monitor,88,48,85
CUST008304,41.4,At Risk,27,21,66
CUST008305,51.6,At Risk,56,78,34
CUST008306,61.2,Monitor,93,28,46
CUST008307,39.4,Critical,27,61,41
CUST008308,56.8,At Risk,33,26,96
CUST008309,73.6,Monitor,72,38,93
CUST008310,76.6,Monitor,90,23,90
CUST008311,59.8,At Risk,81,31,53
CUST008312,53.8,At Risk,59,61,45
CUST008313,35.2,Critical,26,40,42
CUST008314,47.2,At Risk,36,60,52
CUST008315,64.8,Monitor,40,74,85
CUST008316,57.8,At Risk,24,81,80
CUST008317,56.6,At Risk,97,21,34
CUST008318,58.4,At Risk,63,58,54
CUST008319,68.6,Monitor,51,61,90
CUST008320,36.2,Critical,24,75,29
CUST008321,45.4,At Risk,50,35,46
CUST008322,63.2,Monitor,81,58,48
CUST008323,68.2,Monitor,79,97,43
CUST008324,39.2,Critical,32,88,22
CUST008325,73.2,Monitor,92,80,51
CUST008326,66.8,Monitor,53,80,74
CUST008327,73.4,Monitor,62,63,90
CUST008328,58.0,At Risk,50,76,57
CUST008329,63.6,Monitor,91,42,47
CUST008330,80.0,Healthy,90,84,68
CUST008331,50.0,At Risk,66,78,20
CUST008332,57.0,At Risk,83,25,47
CUST008333,65.8,Monitor,70,87,51
CUST008334,56.4,At Risk,32,66,76
CUST008335,74.8,Monitor,84,50,78
CUST008336,64.8,Monitor,50,74,75
CUST008337,37.4,Critical,38,69,21
CUST008338,71.2,Monitor,89,72,53
CUST008339,91.0,Healthy,98,87,86
CUST008340,56.4,At Risk,31,70,75
CUST008341,59.8,At Risk,49,91,55
CUST008342,82.2,Healthy,82,79,84
CUST008343,55.2,At Risk,55,28,69
CUST008344,45.2,At Risk,42,24,59
CUST008345,72.8,Monitor,81,94,54
CUST008346,51.2,At Risk,66,54,35
CUST008347,28.8,Critical,36,28,22
CUST008348,58.0,At Risk,58,64,55
CUST008349,60.8,Monitor,49,74,66
CUST008350,39.0,Critical,28,83,28
CUST008351,52.0,At Risk,38,88,48
CUST008352,65.2,Monitor,87,60,46
CUST008353,58.8,At Risk,46,58,72
CUST008354,67.2,Monitor,81,44,65
CUST008355,79.6,Monitor,68,82,90
CUST008356,31.2,Critical,26,36,34
CUST008357,82.6,Healthy,83,97,75
CUST008358,57.6,At Risk,64,76,42
CUST008359,64.8,Monitor,49,78,74
CUST008360,79.0,Monitor,60,89,93
CUST008361,79.0,Monitor,84,85,71
CUST008362,34.6,Critical,26,37,42
CUST008363,51.4,At Risk,87,39,22
CUST008364,45.4,At Risk,41,23,61
CUST008365,45.6,At Risk,58,58,27
CUST008366,79.6,Monitor,87,98,63
CUST008367,56.6,At Risk,49,61,62
CUST008368,31.4,Critical,26,31,37
CUST008369,41.0,At Risk,22,77,42
CUST008370,56.0,At Risk,20,42,99
CUST008371,73.8,Monitor,89,27,82
CUST008372,59.4,At Risk,86,45,40
CUST008373,50.8,At Risk,59,58,39
CUST008374,71.6,Monitor,93,36,68
CUST008375,89.0,Healthy,74,99,99
CUST008376,76.6,Monitor,98,27,80
CUST008377,60.8,Monitor,70,58,53
CUST008378,28.0,Critical,24,36,28
CUST008379,61.4,Monitor,38,83,74
CUST008380,67.0,Monitor,51,49,92
CUST008381,59.4,At Risk,23,71,90
CUST008382,35.0,Critical,23,63,33
CUST008383,59.0,At Risk,41,97,58
CUST008384,37.0,Critical,52,39,21
CUST008385,76.6,Monitor,90,25,89
CUST008386,57.4,At Risk,71,77,34
CUST008387,41.8,At Risk,62,33,26
CUST008388,62.0,Monitor,57,58,69
CUST008389,57.4,At Risk,29,87,71
CUST008390,66.0,Monitor,80,92,39
CUST008391,30.8,Critical,25,28,38
CUST008392,74.4,Monitor,73,64,81
CUST008393,72.2,Monitor,88,73,56
CUST008394,50.2,At Risk,52,79,34
CUST008395,58.8,At Risk,84,76,25
CUST008396,58.6,At Risk,92,69,20
CUST008397,41.2,At Risk,35,56,40
CUST008398,45.4,At Risk,22,81,51
CUST008399,60.8,Monitor,65,40,67
CUST008400,52.8,At Risk,36,84,54
CUST008401,39.8,Critical,25,77,36
CUST008402,34.4,Critical,28,38,39
CUST008403,44.8,At Risk,43,82,28
CUST008404,52.2,At Risk,23,81,67
CUST008405,88.6,Healthy,94,91,82
CUST008406,66.0,Monitor,95,90,25
CUST008407,26.0,Critical,28,24,25
CUST008408,35.8,Critical,43,39,27
CUST008409,64.0,Monitor,88,30,57
CUST008410,89.0,Healthy,90,97,84
CUST008411,67.0,Monitor,63,27,91
CUST008412,48.6,At Risk,60,29,47
CUST008413,72.6,Monitor,92,95,42
CUST008414,68.8,Monitor,61,34,94
CUST008415,47.2,At Risk,46,88,28
CUST008416,49.2,At Risk,75,24,36
CUST008417,29.0,Critical,24,51,23
CUST008418,56.0,At Risk,32,74,71
CUST008419,45.8,At Risk,43,47,48
CUST008420,47.8,At Risk,24,39,76
CUST008421,55.4,At Risk,24,85,72
CUST008422,62.2,Monitor,20,75,98
CUST008423,69.0,Monitor,31,99,92
CUST008424,82.6,Healthy,89,95,70
CUST008425,67.2,Monitor,59,66,76
CUST008426,81.6,Healthy,92,82,71
CUST008427,68.8,Monitor,95,96,29
CUST008428,81.6,Healthy,96,32,92
CUST008429,64.2,Monitor,98,49,38
CUST008430,28.6,Critical,31,25,28
CUST008431,34.6,Critical,26,77,22
CUST008432,65.2,Monitor,52,44,89
CUST008433,64.4,Monitor,57,84,62
CUST008434,59.8,At Risk,58,97,43
CUST008435,52.0,At Risk,78,40,32
CUST008436,58.0,At Risk,88,64,25
CUST008437,69.2,Monitor,68,22,94
CUST008438,40.6,At Risk,43,21,48
CUST008439,66.2,Monitor,50,87,72
CUST008440,57.6,At Risk,59,56,57
CUST008441,50.6,At Risk,24,21,92
CUST008442,73.2,Monitor,93,56,62
CUST008443,68.0,Monitor,56,86,71
CUST008444,90.0,Healthy,89,96,88
CUST008445,41.2,At Risk,55,32,32
CUST008446,35.8,Critical,31,73,22
CUST008447,38.8,Critical,26,44,49
CUST008448,64.6,Monitor,87,29,60
CUST008449,72.4,Monitor,92,68,55
CUST008450,66.2,Monitor,79,59,57
CUST008451,63.8,Monitor,48,87,68
CUST008452,41.0,At Risk,45,61,27
CUST008453,50.2,At Risk,40,91,40
CUST008454,57.6,At Risk,42,62,71
CUST008455,64.8,Monitor,44,38,99
CUST008456,70.8,Monitor,81,56,68
CUST008457,50.0,At Risk,35,46,67
CUST008458,58.0,At Risk,81,72,28
CUST008459,66.6,Monitor,86,29,66
CUST008460,83.0,Healthy,73,81,94
CUST008461,60.2,Monitor,99,53,25
CUST008462,46.2,At Risk,39,71,41
CUST008463,63.4,Monitor,38,99,71
CUST008464,59.6,At Risk,36,34,96
CUST008465,81.2,Healthy,63,96,92
CUST008466,55.8,At Risk,67,33,56
CUST008467,79.4,Monitor,60,87,95
CUST008468,56.2,At Risk,88,21,42
CUST008469,63.0,Monitor,49,73,72
CUST008470,69.0,Monitor,79,39,74
CUST008471,90.4,Healthy,96,86,87
CUST008472,56.6,At Risk,64,81,37
CUST008473,49.2,At Risk,80,20,33
CUST008474,66.8,Monitor,52,88,71
CUST008475,78.8,Monitor,92,52,79
CUST008476,53.6,At Risk,46,84,46
CUST008477,60.4,Monitor,35,64,84
CUST008478,71.8,Monitor,95,95,37
CUST008479,29.6,Critical,26,22,37
CUST008480,63.4,Monitor,98,29,46
CUST008481,63.0,Monitor,88,31,54
CUST008482,72.4,Monitor,88,90,48
CUST008483,72.8,Monitor,73,66,76
CUST008484,50.2,At Risk,33,47,69
CUST008485,50.4,At Risk,41,78,46
CUST008486,33.0,Critical,44,37,20
CUST008487,84.4,Healthy,88,58,94
CUST008488,57.2,At Risk,74,88,25
CUST008489,55.0,At Risk,56,45,59
CUST008490,52.4,At Risk,59,62,41
CUST008491,84.4,Healthy,89,96,74
CUST008492,57.6,At Risk,56,32,72
CUST008493,66.6,Monitor,61,77,67
CUST008494,50.4,At Risk,77,22,38
CUST008495,52.6,At Risk,67,39,45
CUST008496,47.6,At Risk,71,22,37
CUST008497,46.0,At Risk,48,36,49
CUST008498,83.6,Healthy,81,68,94
CUST008499,29.6,Critical,38,28,22
CUST008500,79.6,Monitor,90,76,71
CUST008501,67.4,Monitor,79,75,52
CUST008502,68.6,Monitor,60,37,93
CUST008503,37.0,Critical,39,55,26
CUST008504,75.0,Monitor,80,73,71
CUST008505,45.0,At Risk,31,33,65
CUST008506,62.8,Monitor,28,62,98
CUST008507,72.0,Monitor,93,28,73
CUST008508,73.8,Monitor,62,79,83
CUST008509,55.2,At Risk,55,92,37
CUST008510,62.8,Monitor,40,98,68
CUST008511,52.2,At Risk,66,23,53
CUST008512,69.8,Monitor,92,21,72
CUST008513,66.2,Monitor,61,41,84
CUST008514,67.4,Monitor,76,25,80
CUST008515,49.2,At Risk,60,86,20
CUST008516,63.6,Monitor,62,56,69
CUST008517,61.2,Monitor,92,80,21
CUST008518,42.8,At Risk,34,68,39
CUST008519,26.6,Critical,20,33,30
CUST008520,47.2,At Risk,42,62,45
CUST008521,61.2,Monitor,84,76,31
CUST008522,72.2,Monitor,55,99,76
CUST008523,66.2,Monitor,48,65,85
CUST008524,74.4,Monitor,93,40,73
CUST008525,39.8,Critical,46,33,37
CUST008526,31.6,Critical,29,28,36
CUST008527,66.2,Monitor,97,33,52
CUST008528,74.4,Monitor,78,74,71
CUST008529,93.6,Healthy,89,96,97
CUST008530,30.4,Critical,28,24,36
CUST008531,67.6,Monitor,59,88,66
CUST008532,44.6,At Risk,48,23,52
CUST008533,50.6,At Risk,52,29,60
CUST008534,41.2,At Risk,35,64,36
CUST008535,39.0,Critical,36,31,46
CUST008536,70.6,Monitor,59,49,93
CUST008537,56.0,At Risk,97,26,30
CUST008538,57.4,At Risk,34,33,93
CUST008539,50.8,At Risk,73,30,39
CUST008540,60.6,Monitor,90,63,30
CUST008541,65.6,Monitor,50,96,66
CUST008542,83.8,Healthy,89,93,74
CUST008543,71.0,Monitor,31,97,98
CUST008544,46.2,At Risk,44,43,50
CUST008545,73.2,Monitor,69,52,88
CUST008546,66.6,Monitor,84,81,42
CUST008547,58.6,At Risk,97,59,20
CUST008548,64.4,Monitor,83,42,57
CUST008549,78.4,Monitor,98,30,83
CUST008550,61.4,Monitor,63,77,52
CUST008551,65.8,Monitor,60,81,64
CUST008552,69.4,Monitor,61,87,69
CUST008553,59.6,At Risk,45,88,60
CUST008554,64.0,Monitor,62,50,73
CUST008555,60.6,Monitor,78,41,53
CUST008556,53.2,At Risk,74,50,34
CUST008557,70.0,Monitor,35,88,96
CUST008558,43.2,At Risk,25,88,39
CUST008559,56.8,At Risk,36,52,80
CUST008560,44.0,At Risk,40,30,55
CUST008561,58.6,At Risk,49,73,61
CUST008562,66.4,Monitor,99,32,51
CUST008563,91.2,Healthy,91,98,88
CUST008564,78.2,Monitor,61,89,90
CUST008565,56.8,At Risk,43,80,59
CUST008566,67.2,Monitor,93,48,51
CUST008567,42.0,At Risk,21,78,45
CUST008568,46.2,At Risk,32,23,72
CUST008569,74.4,Monitor,64,78,83
CUST008570,69.0,Monitor,66,51,81
CUST008571,55.0,At Risk,70,21,57
CUST008572,57.8,At Risk,64,35,63
CUST008573,69.4,Monitor,87,33,70
CUST008574,59.0,At Risk,41,71,71
CUST008575,80.4,Healthy,96,46,82
CUST008576,55.6,At Risk,44,26,82
CUST008577,89.2,Healthy,91,86,89
CUST008578,77.2,Monitor,62,82,90
CUST008579,50.8,At Risk,80,44,25
CUST008580,38.0,Critical,32,26,50
CUST008581,73.8,Monitor,79,45,83
CUST008582,41.0,At Risk,30,29,58
CUST008583,47.0,At Risk,51,27,53
CUST008584,57.6,At Risk,55,38,70
CUST008585,83.2,Healthy,76,90,87
CUST008586,91.6,Healthy,97,92,86
CUST008587,44.4,At Risk,48,68,29
CUST008588,46.2,At Risk,47,23,57
CUST008589,68.2,Monitor,75,69,61
CUST008590,61.6,Monitor,86,80,28
CUST008591,59.4,At Risk,46,67,69
CUST008592,72.6,Monitor,52,79,90
CUST008593,62.2,Monitor,55,93,54
CUST008594,54.0,At Risk,76,48,35
CUST008595,49.6,At Risk,27,88,53
CUST008596,71.0,Monitor,50,75,90
CUST008597,44.4,At Risk,29,32,66
CUST008598,77.4,Monitor,89,57,76
CUST008599,37.4,Critical,40,21,43
CUST008600,69.8,Monitor,67,91,62
CUST008601,76.4,Monitor,83,42,87
CUST008602,55.2,At Risk,68,92,24
CUST008603,53.8,At Risk,64,29,56
CUST008604,62.6,Monitor,53,85,61
CUST008605,47.2,At Risk,21,82,56
CUST008606,49.6,At Risk,68,56,28
CUST008607,69.2,Monitor,58,74,78
CUST008608,43.8,At Risk,63,37,28
CUST008609,71.2,Monitor,94,98,35
CUST008610,36.2,Critical,24,69,32
CUST008611,69.4,Monitor,91,71,47
CUST008612,45.6,At Risk,66,30,33
CUST008613,58.4,At Risk,39,64,75
CUST008614,76.0,Monitor,72,90,73
CUST008615,34.8,Critical,29,54,31
CUST008616,42.0,At Risk,54,30,36
CUST008617,62.4,Monitor,55,82,60
CUST008618,73.4,Monitor,97,37,68
CUST008619,79.4,Monitor,73,81,85
CUST008620,70.0,Monitor,64,68,77
CUST008621,69.2,Monitor,95,50,53
CUST008622,69.4,Monitor,52,59,92
CUST008623,50.0,At Risk,45,42,59
CUST008624,59.2,At Risk,81,26,54
CUST008625,89.4,Healthy,97,71,91
CUST008626,32.8,Critical,30,40,32
CUST008627,52.2,At Risk,34,97,48
CUST008628,79.4,Monitor,65,85,91
CUST008629,57.2,At Risk,59,62,53
CUST008630,50.0,At Risk,21,74,67
CUST008631,59.4,At Risk,68,27,67
CUST008632,60.6,Monitor,28,99,74
CUST008633,73.4,Monitor,88,93,49
CUST008634,34.6,Critical,35,39,32
CUST008635,68.0,Monitor,63,76,69
CUST008636,54.8,At Risk,35,34,85
CUST008637,56.8,At Risk,52,72,54
CUST008638,57.4,At Risk,45,63,67
CUST008639,70.0,Monitor,65,78,71
CUST008640,70.2,Monitor,58,47,94
CUST008641,63.4,Monitor,44,83,73
CUST008642,72.0,Monitor,82,40,78
CUST008643,37.6,Critical,22,88,28
CUST008644,75.6,Monitor,90,22,88
CUST008645,83.8,Healthy,95,67,81
CUST008646,70.2,Monitor,34,93,95
CUST008647,80.6,Healthy,75,95,79
CUST008648,81.6,Healthy,77,94,80
CUST008649,68.2,Monitor,68,47,79
CUST008650,71.6,Monitor,52,72,91
CUST008651,53.0,At Risk,60,65,40
CUST008652,65.6,Monitor,93,80,31
CUST008653,32.4,Critical,31,32,34
CUST008654,66.2,Monitor,94,63,40
CUST008655,75.4,Monitor,44,97,96
CUST008656,64.0,Monitor,99,26,48
CUST008657,49.8,At Risk,54,67,37
CUST008658,69.6,Monitor,78,58,67
CUST008659,61.8,Monitor,80,37,56
CUST008660,55.0,At Risk,68,63,38
CUST008661,58.0,At Risk,87,68,24
CUST008662,64.4,Monitor,70,52,65
CUST008663,68.2,Monitor,96,51,49
CUST008664,73.4,Monitor,74,59,80
CUST008665,69.4,Monitor,34,89,95
CUST008666,39.2,Critical,34,28,50
CUST008667,68.4,Monitor,42,72,93
CUST008668,76.6,Monitor,91,87,57
CUST008669,70.4,Monitor,85,78,52
CUST008670,57.8,At Risk,46,99,49
CUST008671,73.4,Monitor,63,55,93
CUST008672,48.8,At Risk,55,26,54
CUST008673,67.8,Monitor,60,57,81
CUST008674,42.4,At Risk,24,38,63
CUST008675,75.2,Monitor,64,96,76
CUST008676,61.4,Monitor,40,45,91
CUST008677,42.6,At Risk,29,55,50
CUST008678,50.6,At Risk,72,49,30
CUST008679,47.6,At Risk,72,22,36
CUST008680,33.4,Critical,29,61,24
CUST008681,59.0,At Risk,78,37,51
CUST008682,55.0,At Risk,47,29,76
CUST008683,82.0,Healthy,81,68,90
CUST008684,61.2,Monitor,50,42,82
CUST008685,70.0,Monitor,90,30,70
CUST008686,54.4,At Risk,22,98,65
CUST008687,60.6,Monitor,35,77,78
CUST008688,60.2,Monitor,41,69,75
CUST008689,87.0,Healthy,99,55,91
CUST008690,74.2,Monitor,95,89,46
CUST008691,65.8,Monitor,69,27,82
CUST008692,64.4,Monitor,53,70,73
CUST008693,58.4,At Risk,75,62,40
CUST008694,62.0,Monitor,43,80,72
CUST008695,49.2,At Risk,58,60,35
CUST008696,77.2,Monitor,90,50,78
CUST008697,46.0,At Risk,23,50,67
CUST008698,47.6,At Risk,23,78,57
CUST008699,42.8,At Risk,36,64,39
CUST008700,67.0,Monitor,50,57,89
CUST008701,42.6,At Risk,64,29,28
CUST008702,42.2,At Risk,55,21,40
CUST008703,60.0,Monitor,50,28,86
CUST008704,59.0,At Risk,58,95,42
CUST008705,79.2,Monitor,92,88,62
CUST008706,25.8,Critical,21,29,29
CUST008707,36.4,Critical,22,80,29
CUST008708,61.2,Monitor,91,56,34
CUST008709,42.2,At Risk,58,21,37
CUST008710,60.8,Monitor,56,94,49
CUST008711,75.8,Monitor,93,89,52
CUST008712,63.2,Monitor,42,82,75
CUST008713,74.0,Monitor,52,86,90
CUST008714,58.0,At Risk,78,52,41
CUST008715,61.8,Monitor,20,81,94
CUST008716,86.4,Healthy,89,90,82
CUST008717,96.4,Healthy,98,98,94
CUST008718,54.0,At Risk,41,90,49
CUST008719,74.2,Monitor,77,75,71
CUST008720,36.4,Critical,34,60,27
CUST008721,71.6,Monitor,81,80,58
CUST008722,49.2,At Risk,83,24,28
CUST008723,51.8,At Risk,52,75,40
CUST008724,50.2,At Risk,62,47,40
CUST008725,50.2,At Risk,70,37,37
CUST008726,61.8,Monitor,62,49,68
CUST008727,48.2,At Risk,73,49,23
CUST008728,55.4,At Risk,26,55,85
CUST008729,48.6,At Risk,31,33,74
CUST008730,62.0,Monitor,32,84,81
CUST008731,24.2,Critical,22,21,28
CUST008732,51.2,At Risk,59,52,43
CUST008733,67.8,Monitor,94,75,38
CUST008734,68.2,Monitor,83,59,58
CUST008735,65.2,Monitor,68,86,52
CUST008736,34.2,Critical,32,37,35
CUST008737,53.4,At Risk,75,27,45
CUST008738,77.2,Monitor,45,98,99
CUST008739,62.0,Monitor,90,54,38
CUST008740,37.8,Critical,27,41,47
CUST008741,31.2,Critical,22,54,29
CUST008742,37.4,Critical,33,73,24
CUST008743,77.6,Monitor,66,64,96
CUST008744,70.0,Monitor,85,54,63
CUST008745,61.8,Monitor,95,49,35
CUST008746,35.4,Critical,27,77,23
CUST008747,43.6,At Risk,37,68,38
CUST008748,74.8,Monitor,96,60,61
CUST008749,53.8,At Risk,37,79,58
CUST008750,50.4,At Risk,48,46,55
CUST008751,38.6,Critical,23,69,39
CUST008752,60.2,Monitor,98,45,30
CUST008753,53.8,At Risk,64,53,44
CUST008754,67.4,Monitor,58,99,61
CUST008755,45.8,At Risk,73,35,24
CUST008756,54.6,At Risk,58,41,58
CUST008757,56.6,At Risk,53,89,44
CUST008758,75.6,Monitor,83,24,94
CUST008759,71.4,Monitor,78,49,76
CUST008760,82.8,Healthy,81,82,85
CUST008761,49.0,At Risk,45,83,36
CUST008762,78.4,Monitor,73,80,83
CUST008763,66.2,Monitor,58,91,62
CUST008764,67.6,Monitor,29,84,98
CUST008765,51.0,At Risk,58,29,55
CUST008766,77.8,Monitor,92,99,53
CUST008767,53.6,At Risk,32,62,71
CUST008768,43.2,At Risk,36,70,37
CUST008769,45.2,At Risk,28,84,43
CUST008770,58.0,At Risk,95,60,20
CUST008771,53.4,At Risk,34,31,84
CUST008772,61.4,Monitor,56,79,58
CUST008773,55.0,At Risk,60,61,47
CUST008774,38.8,Critical,59,22,27
CUST008775,36.2,Critical,36,63,23
CUST008776,43.0,At Risk,49,59,29
CUST008777,44.6,At Risk,55,73,20
CUST008778,51.2,At Risk,52,50,51
CUST008779,77.8,Monitor,75,65,87
CUST008780,60.8,Monitor,44,70,73
CUST008781,59.2,At Risk,96,28,38
CUST008782,92.4,Healthy,89,94,95
CUST008783,76.2,Monitor,95,45,73
CUST008784,64.6,Monitor,77,23,73
CUST008785,55.8,At Risk,65,99,25
CUST008786,88.2,Healthy,94,97,78
CUST008787,56.8,At Risk,57,34,68
CUST008788,38.4,Critical,44,20,42
CUST008789,65.2,Monitor,86,24,65
CUST008790,47.0,At Risk,55,67,29
CUST008791,63.6,Monitor,66,20,83
CUST008792,65.0,Monitor,55,59,78
CUST008793,53.6,At Risk,63,88,27
CUST008794,37.0,Critical,40,59,23
CUST008795,58.4,At Risk,36,64,78
CUST008796,59.0,At Risk,49,25,86
CUST008797,73.0,Monitor,65,63,86
CUST008798,62.4,Monitor,55,86,58
CUST008799,42.4,At Risk,45,32,45
CUST008800,81.6,Healthy,86,86,75
CUST008801,55.0,At Risk,24,47,90
CUST008802,36.6,Critical,28,47,40
CUST008803,64.4,Monitor,80,24,69
CUST008804,33.4,Critical,46,29,23
CUST008805,69.8,Monitor,99,49,51
CUST008806,59.4,At Risk,98,33,34
CUST008807,23.2,Critical,22,30,21
CUST008808,63.8,Monitor,42,65,85
CUST008809,45.8,At Risk,28,95,39
CUST008810,49.6,At Risk,53,58,42
CUST008811,56.2,At Risk,89,47,28
CUST008812,68.0,Monitor,85,64,53
CUST008813,56.6,At Risk,54,27,74
CUST008814,56.4,At Risk,31,38,91
CUST008815,50.0,At Risk,68,34,40
CUST008816,28.6,Critical,28,25,31
CUST008817,72.8,Monitor,65,84,75
CUST008818,65.8,Monitor,79,31,70
CUST008819,58.0,At Risk,86,40,39
CUST008820,66.2,Monitor,65,27,87
CUST008821,45.8,At Risk,20,25,82
CUST008822,60.2,Monitor,77,95,26
CUST008823,67.8,Monitor,55,45,92
CUST008824,52.2,At Risk,28,43,81
CUST008825,48.4,At Risk,51,82,29
CUST008826,53.4,At Risk,87,41,26
CUST008827,71.6,Monitor,91,40,68
CUST008828,59.8,At Risk,35,83,73
CUST008829,69.6,Monitor,62,42,91
CUST008830,63.6,Monitor,78,28,67
CUST008831,55.6,At Risk,68,84,29
CUST008832,41.8,At Risk,30,75,37
CUST008833,56.4,At Risk,86,30,40
CUST008834,72.2,Monitor,44,77,98
CUST008835,61.2,Monitor,44,82,68
CUST008836,26.0,Critical,26,26,26
CUST008837,80.4,Healthy,87,58,85
CUST008838,54.4,At Risk,59,30,62
CUST008839,38.8,Critical,23,76,36
CUST008840,69.4,Monitor,82,29,77
CUST008841,71.6,Monitor,47,68,98
CUST008842,70.6,Monitor,93,93,37
CUST008843,48.8,At Risk,53,52,43
CUST008844,65.8,Monitor,66,41,78
CUST008845,50.8,At Risk,60,46,44
CUST008846,32.6,Critical,22,47,36
CUST008847,44.2,At Risk,21,55,62
CUST008848,83.4,Healthy,81,61,97
CUST008849,74.8,Monitor,96,68,57
CUST008850,65.8,Monitor,62,53,76
CUST008851,85.0,Healthy,88,63,93
CUST008852,50.8,At Risk,79,38,29
CUST008853,52.8,At Risk,38,78,55
CUST008854,50.2,At Risk,39,81,46
CUST008855,48.4,At Risk,25,90,51
CUST008856,46.8,At Risk,39,98,29
CUST008857,54.6,At Risk,31,43,84
CUST008858,63.6,Monitor,57,74,65
CUST008859,78.8,Monitor,88,96,61
CUST008860,61.8,Monitor,36,93,72
CUST008861,72.8,Monitor,99,62,52
CUST008862,81.6,Healthy,79,84,83
CUST008863,48.6,At Risk,48,47,50
CUST008864,71.2,Monitor,67,24,99
CUST008865,60.6,Monitor,90,55,34
CUST008866,73.0,Monitor,98,83,43
CUST008867,53.4,At Risk,88,27,32
CUST008868,88.0,Healthy,97,78,84
CUST008869,55.4,At Risk,32,95,59
CUST008870,68.6,Monitor,87,93,38
CUST008871,52.8,At Risk,62,40,50
CUST008872,62.0,Monitor,39,58,87
CUST008873,63.8,Monitor,69,47,67
CUST008874,45.8,At Risk,39,83,34
CUST008875,74.4,Monitor,87,76,61
CUST008876,51.8,At Risk,85,41,24
CUST008877,33.0,Critical,24,33,42
CUST008878,82.0,Healthy,61,96,96
CUST008879,74.0,Monitor,86,64,67
CUST008880,43.0,At Risk,28,77,41
CUST008881,82.2,Healthy,82,97,75
CUST008882,65.6,Monitor,55,30,94
CUST008883,52.6,At Risk,38,23,82
CUST008884,32.4,Critical,46,30,20
CUST008885,64.4,Monitor,38,80,83
CUST008886,54.2,At Risk,49,69,52
CUST008887,62.6,Monitor,46,75,73
CUST008888,80.4,Healthy,95,24,94
CUST008889,50.6,At Risk,82,41,24
CUST008890,62.8,Monitor,75,54,55
CUST008891,63.0,Monitor,64,29,79
CUST008892,43.6,At Risk,52,60,27
CUST008893,86.2,Healthy,84,93,85
CUST008894,49.2,At Risk,66,52,31
CUST008895,83.4,Healthy,88,75,83
CUST008896,44.2,At Risk,40,41,50
CUST008897,57.8,At Risk,77,31,52
CUST008898,62.8,Monitor,49,48,84
CUST008899,61.8,Monitor,44,91,65
CUST008900,52.0,At Risk,67,42,42
CUST008901,69.4,Monitor,66,49,83
CUST008902,78.0,Monitor,80,80,75
CUST008903,58.4,At Risk,38,98,59
CUST008904,56.6,At Risk,34,77,69
CUST008905,80.0,Healthy,86,34,97
CUST008906,67.4,Monitor,99,45,47
CUST008907,72.6,Monitor,58,63,92
CUST008908,49.8,At Risk,64,73,24
CUST008909,51.2,At Risk,44,74,47
CUST008910,66.8,Monitor,96,82,30
CUST008911,39.0,Critical,36,45,39
CUST008912,75.4,Monitor,75,59,84
CUST008913,75.0,Monitor,91,29,82
CUST008914,60.8,Monitor,47,94,58
CUST008915,58.6,At Risk,70,77,38
CUST008916,48.6,At Risk,28,89,49
CUST008917,64.8,Monitor,74,26,75
CUST008918,64.8,Monitor,26,88,92
CUST008919,54.4,At Risk,26,64,78
CUST008920,45.6,At Risk,43,26,58
CUST008921,50.8,At Risk,74,66,20
CUST008922,55.8,At Risk,77,83,21
CUST008923,51.8,At Risk,53,85,34
CUST008924,74.4,Monitor,54,70,97
CUST008925,37.4,Critical,36,41,37
CUST008926,41.4,At Risk,52,59,22
CUST008927,68.0,Monitor,56,82,73
CUST008928,55.2,At Risk,23,36,97
CUST008929,65.0,Monitor,87,55,48
CUST008930,61.2,Monitor,40,42,92
CUST008931,50.4,At Risk,65,22,50
CUST008932,38.2,Critical,47,51,23
CUST008933,55.8,At Risk,73,47,43
CUST008934,62.2,Monitor,51,47,81
CUST008935,49.0,At Risk,36,43,65
CUST008936,69.8,Monitor,73,47,78
CUST008937,72.6,Monitor,72,67,76
CUST008938,57.8,At Risk,59,57,57
CUST008939,40.4,At Risk,43,68,24
CUST008940,68.8,Monitor,95,76,39
CUST008941,61.2,Monitor,49,64,72
CUST008942,72.4,Monitor,85,84,54
CUST008943,40.2,At Risk,44,69,22
CUST008944,51.2,At Risk,74,30,39
CUST008945,67.6,Monitor,47,86,79
CUST008946,58.6,At Risk,45,57,73
CUST008947,71.8,Monitor,84,93,49
CUST008948,51.8,At Risk,63,71,31
CUST008949,50.4,At Risk,53,64,41
CUST008950,49.2,At Risk,35,98,39
CUST008951,78.0,Monitor,87,54,81
CUST008952,51.4,At Risk,61,43,46
CUST008953,67.0,Monitor,66,43,80
CUST008954,56.4,At Risk,35,86,63
CUST008955,75.8,Monitor,61,59,99
CUST008956,51.2,At Risk,34,46,71
CUST008957,45.8,At Risk,45,61,39
CUST008958,83.4,Healthy,80,65,96
CUST008959,30.0,Critical,22,20,43
CUST008960,58.4,At Risk,45,74,64
CUST008961,61.2,Monitor,33,54,93
CUST008962,71.6,Monitor,63,60,86
CUST008963,66.4,Monitor,61,68,71
CUST008964,48.2,At Risk,61,59,30
CUST008965,61.2,Monitor,43,48,86
CUST008966,43.0,At Risk,21,25,74
CUST008967,65.8,Monitor,89,37,57
CUST008968,63.2,Monitor,62,48,72
CUST008969,52.0,At Risk,61,50,44
CUST008970,75.8,Monitor,85,47,81
CUST008971,71.0,Monitor,58,41,99
CUST008972,78.4,Monitor,67,94,82
CUST008973,57.2,At Risk,35,40,88
CUST008974,71.4,Monitor,76,83,61
CUST008975,80.6,Healthy,95,87,63
CUST008976,59.4,At Risk,76,67,39
CUST008977,50.0,At Risk,42,76,45
CUST008978,57.2,At Risk,52,56,63
CUST008979,74.0,Monitor,94,88,47
CUST008980,46.4,At Risk,55,74,24
CUST008981,32.8,Critical,29,38,34
CUST008982,39.4,Critical,45,23,42
CUST008983,76.2,Monitor,85,31,90
CUST008984,65.4,Monitor,94,85,27
CUST008985,46.2,At Risk,52,87,20
CUST008986,44.8,At Risk,61,44,29
CUST008987,66.0,Monitor,61,82,63
CUST008988,52.2,At Risk,80,43,29
CUST008989,79.2,Monitor,92,80,66
CUST008990,60.8,Monitor,88,76,26
CUST008991,52.6,At Risk,28,69,69
CUST008992,57.0,At Risk,64,23,67
CUST008993,43.4,At Risk,52,39,37
CUST008994,50.0,At Risk,59,64,34
CUST008995,73.2,Monitor,92,82,50
CUST008996,42.8,At Risk,25,68,48
CUST008997,53.6,At Risk,37,86,54
CUST008998,37.2,Critical,31,78,23
CUST008999,74.0,Monitor,68,86,74
CUST009000,46.4,At Risk,39,70,42
CUST009001,36.2,Critical,24,63,35
CUST009002,45.6,At Risk,43,24,59
CUST009003,58.6,At Risk,63,39,64
CUST009004,83.8,Healthy,94,33,99
CUST009005,65.8,Monitor,94,99,21
CUST009006,68.2,Monitor,30,89,96
CUST009007,45.4,At Risk,37,57,48
CUST009008,56.4,At Risk,37,94,57
CUST009009,89.2,Healthy,93,94,83
CUST009010,76.2,Monitor,87,27,90
CUST009011,64.0,Monitor,26,78,95
CUST009012,65.0,Monitor,59,49,79
CUST009013,45.2,At Risk,63,38,31
CUST009014,65.4,Monitor,74,37,71
CUST009015,72.6,Monitor,61,91,75
CUST009016,55.6,At Risk,27,84,70
CUST009017,68.8,Monitor,69,74,66
CUST009018,51.4,At Risk,58,81,30
CUST009019,37.6,Critical,56,20,28
CUST009020,77.4,Monitor,95,27,85
CUST009021,67.2,Monitor,61,80,67
CUST009022,44.6,At Risk,69,35,25
CUST009023,67.6,Monitor,77,44,70
CUST009024,53.4,At Risk,35,35,81
CUST009025,71.4,Monitor,99,37,61
CUST009026,51.6,At Risk,56,72,37
CUST009027,68.6,Monitor,50,77,83
CUST009028,49.4,At Risk,48,65,43
CUST009029,76.4,Monitor,60,66,98
CUST009030,71.6,Monitor,41,78,99
CUST009031,66.8,Monitor,88,54,52
CUST009032,46.4,At Risk,65,30,36
CUST009033,76.6,Monitor,98,25,81
CUST009034,88.2,Healthy,83,89,93
CUST009035,61.4,Monitor,46,59,78
CUST009036,72.2,Monitor,81,33,83
CUST009037,39.2,Critical,44,46,31
CUST009038,60.2,Monitor,77,71,38
CUST009039,53.6,At Risk,65,28,55
CUST009040,81.6,Healthy,78,82,85
CUST009041,47.8,At Risk,59,71,25
CUST009042,73.2,Monitor,99,24,72
CUST009043,36.0,Critical,26,44,42
CUST009044,57.6,At Risk,98,44,24
CUST009045,43.6,At Risk,30,36,61
CUST009046,45.6,At Risk,46,42,47
CUST009047,81.2,Healthy,71,66,99
CUST009048,66.0,Monitor,49,98,67
CUST009049,65.8,Monitor,76,43,67
CUST009050,38.2,Critical,28,23,56
CUST009051,63.0,Monitor,39,53,92
CUST009052,35.0,Critical,21,31,51
CUST009053,25.0,Critical,22,21,30
CUST009054,85.2,Healthy,93,88,76
CUST009055,81.2,Healthy,96,20,97
CUST009056,44.6,At Risk,38,39,54
CUST009057,53.0,At Risk,90,23,31
CUST009058,69.6,Monitor,43,92,85
CUST009059,81.8,Healthy,84,65,88
CUST009060,33.8,Critical,49,27,22
CUST009061,53.4,At Risk,23,25,98
CUST009062,64.0,Monitor,57,36,85
CUST009063,42.4,At Risk,25,86,38
CUST009064,40.0,At Risk,40,60,30
CUST009065,46.0,At Risk,38,22,66
CUST009066,56.0,At Risk,83,56,29
CUST009067,56.2,At Risk,38,21,92
CUST009068,59.6,At Risk,47,78,63
CUST009069,83.6,Healthy,99,56,82
CUST009070,38.0,Critical,48,26,34
CUST009071,82.4,Healthy,99,46,84
CUST009072,44.8,At Risk,46,58,37
CUST009073,47.8,At Risk,24,63,64
CUST009074,54.8,At Risk,64,78,34
CUST009075,71.6,Monitor,54,78,86
CUST009076,41.8,At Risk,25,87,36
CUST009077,66.2,Monitor,88,61,47
CUST009078,68.8,Monitor,80,50,67
CUST009079,37.6,Critical,24,50,45
CUST009080,49.6,At Risk,49,36,57
CUST009081,80.0,Healthy,93,72,71
CUST009082,50.6,At Risk,44,95,35
CUST009083,61.6,Monitor,54,28,86
CUST009084,46.2,At Risk,21,61,64
CUST009085,81.0,Healthy,61,87,98
CUST009086,60.6,Monitor,38,41,93
CUST009087,68.8,Monitor,99,20,63
CUST009088,59.0,At Risk,68,85,37
CUST009089,57.6,At Risk,58,32,70
CUST009090,53.8,At Risk,30,41,84
CUST009091,52.0,At Risk,87,34,26
CUST009092,51.0,At Risk,49,61,48
CUST009093,62.8,Monitor,84,64,41
CUST009094,48.4,At Risk,24,50,72
CUST009095,78.6,Monitor,84,45,90
CUST009096,31.2,Critical,34,28,30
CUST009097,42.4,At Risk,57,26,36
CUST009098,51.6,At Risk,26,46,80
CUST009099,29.8,Critical,27,39,28
CUST009100,48.4,At Risk,48,46,50
CUST009101,55.6,At Risk,67,38,53
CUST009102,53.2,At Risk,74,58,30
CUST009103,58.8,At Risk,46,70,66
CUST009104,54.4,At Risk,37,88,55
CUST009105,60.6,Monitor,99,29,38
CUST009106,47.8,At Risk,68,45,29
CUST009107,33.6,Critical,42,42,21
CUST009108,67.0,Monitor,52,47,92
CUST009109,39.4,Critical,25,67,40
CUST009110,62.6,Monitor,64,85,50
CUST009111,66.4,Monitor,27,82,98
CUST009112,63.2,Monitor,38,60,90
CUST009113,72.0,Monitor,77,22,92
CUST009114,63.8,Monitor,93,65,34
CUST009115,55.8,At Risk,66,97,25
CUST009116,66.2,Monitor,36,97,81
CUST009117,34.0,Critical,26,64,27
CUST009118,76.0,Monitor,54,86,93
CUST009119,73.4,Monitor,78,21,95
CUST009120,68.6,Monitor,58,59,84
CUST009121,35.2,Critical,52,26,23
CUST009122,59.0,At Risk,53,79,55
CUST009123,46.4,At Risk,33,94,36
CUST009124,51.6,At Risk,72,34,40
CUST009125,81.4,Healthy,91,67,79
CUST009126,62.6,Monitor,64,45,70
CUST009127,62.0,Monitor,85,88,26
CUST009128,57.8,At Risk,38,73,70
CUST009129,68.8,Monitor,43,62,98
CUST009130,51.6,At Risk,70,56,31
CUST009131,57.4,At Risk,74,41,49
CUST009132,49.6,At Risk,40,32,68
CUST009133,59.2,At Risk,64,78,45
CUST009134,63.0,Monitor,77,23,69
CUST009135,69.2,Monitor,64,54,82
CUST009136,61.6,Monitor,24,72,94
CUST009137,74.4,Monitor,98,42,67
CUST009138,57.4,At Risk,68,69,41
CUST009139,71.2,Monitor,83,70,60
CUST009140,64.6,Monitor,23,83,97
CUST009141,36.0,Critical,38,28,38
CUST009142,33.0,Critical,23,37,41
CUST009143,70.0,Monitor,50,78,86
CUST009144,48.2,At Risk,20,97,52
CUST009145,35.2,Critical,21,24,55
CUST009146,62.4,Monitor,39,84,75
CUST009147,58.4,At Risk,74,46,49
CUST009148,55.2,At Risk,95,22,32
CUST009149,41.8,At Risk,30,93,28
CUST009150,71.2,Monitor,74,30,89
CUST009151,65.4,Monitor,47,39,97
CUST009152,49.4,At Risk,33,31,75
CUST009153,61.4,Monitor,55,23,87
CUST009154,56.6,At Risk,65,21,66
CUST009155,54.2,At Risk,43,57,64
CUST009156,47.2,At Risk,36,46,59
CUST009157,67.4,Monitor,55,67,80
CUST009158,43.6,At Risk,72,30,22
CUST009159,33.6,Critical,20,38,45
CUST009160,49.2,At Risk,24,58,70
CUST009161,47.2,At Risk,50,82,27
CUST009162,76.6,Monitor,68,95,76
CUST009163,58.8,At Risk,76,52,45
CUST009164,83.4,Healthy,81,99,78
CUST009165,84.4,Healthy,98,34,96
CUST009166,62.0,Monitor,72,82,42
CUST009167,68.4,Monitor,82,24,77
CUST009168,69.2,Monitor,87,22,75
CUST009169,86.4,Healthy,81,78,96
CUST009170,64.2,Monitor,53,85,65
CUST009171,70.6,Monitor,28,99,99
CUST009172,49.0,At Risk,47,61,45
CUST009173,41.2,At Risk,65,28,24
CUST009174,46.6,At Risk,44,89,28
CUST009175,67.6,Monitor,48,80,81
CUST009176,79.6,Monitor,73,74,89
CUST009177,43.6,At Risk,24,54,58
CUST009178,74.2,Monitor,44,97,93
CUST009179,47.0,At Risk,51,25,54
CUST009180,40.6,At Risk,27,79,35
CUST009181,48.2,At Risk,31,81,49
CUST009182,78.2,Monitor,88,93,61
CUST009183,44.4,At Risk,67,22,33
CUST009184,84.2,Healthy,92,87,75
CUST009185,92.6,Healthy,93,93,92
CUST009186,64.4,Monitor,96,78,26
CUST009187,53.0,At Risk,70,41,42
CUST009188,72.8,Monitor,57,88,81
CUST009189,60.8,Monitor,96,72,20
CUST009190,90.0,Healthy,84,96,93
CUST009191,56.6,At Risk,30,57,83
CUST009192,73.8,Monitor,74,23,99
CUST009193,67.2,Monitor,70,78,59
CUST009194,45.8,At Risk,45,87,26
CUST009195,62.4,Monitor,54,78,63
CUST009196,54.8,At Risk,65,58,43
CUST009197,79.0,Monitor,96,97,53
CUST009198,51.8,At Risk,81,39,29
CUST009199,73.2,Monitor,72,80,71
CUST009200,48.6,At Risk,21,79,61
CUST009201,66.6,Monitor,51,55,88
CUST009202,77.6,Monitor,96,22,87
CUST009203,91.8,Healthy,98,69,97
CUST009204,40.0,At Risk,25,74,38
CUST009205,56.8,At Risk,72,48,46
CUST009206,66.0,Monitor,51,38,95
CUST009207,35.8,Critical,21,87,25
CUST009208,83.6,Healthy,99,66,77
CUST009209,47.0,At Risk,46,95,24
CUST009210,66.6,Monitor,66,37,82
CUST009211,72.2,Monitor,40,97,92
CUST009212,54.6,At Risk,33,63,72
CUST009213,59.8,At Risk,56,93,47
CUST009214,83.4,Healthy,96,39,93
CUST009215,82.8,Healthy,75,94,85
CUST009216,67.4,Monitor,81,41,67
CUST009217,67.8,Monitor,55,99,65
CUST009218,75.6,Monitor,98,90,46
CUST009219,68.2,Monitor,78,87,49
CUST009220,67.0,Monitor,46,73,85
CUST009221,64.6,Monitor,88,65,41
CUST009222,60.6,Monitor,72,65,47
CUST009223,33.8,Critical,26,61,28
CUST009224,48.4,At Risk,48,66,40
CUST009225,85.0,Healthy,93,45,97
CUST009226,42.8,At Risk,43,22,53
CUST009227,61.2,Monitor,70,34,66
CUST009228,57.2,At Risk,63,88,36
CUST009229,50.2,At Risk,48,35,60
CUST009230,74.2,Monitor,93,71,57
CUST009231,80.2,Healthy,87,73,77
CUST009232,65.4,Monitor,76,97,39
CUST009233,61.4,Monitor,88,23,54
CUST009234,51.2,At Risk,44,78,45
CUST009235,33.8,Critical,22,77,24
CUST009236,56.4,At Risk,40,30,86
CUST009237,44.6,At Risk,24,67,54
CUST009238,60.4,Monitor,77,82,33
CUST009239,50.0,At Risk,43,44,60
CUST009240,64.4,Monitor,97,24,52
CUST009241,66.8,Monitor,60,44,85
CUST009242,83.2,Healthy,86,48,98
CUST009243,62.4,Monitor,48,68,74
CUST009244,77.0,Monitor,82,61,80
CUST009245,74.2,Monitor,84,35,84
CUST009246,53.0,At Risk,92,37,22
CUST009247,42.8,At Risk,29,86,35
CUST009248,75.4,Monitor,61,85,85
CUST009249,64.0,Monitor,49,96,63
CUST009250,88.0,Healthy,74,96,98
CUST009251,45.0,At Risk,49,41,43
CUST009252,35.2,Critical,24,56,36
CUST009253,66.4,Monitor,95,94,24
CUST009254,51.2,At Risk,79,24,37
CUST009255,68.2,Monitor,72,97,50
CUST009256,48.2,At Risk,57,37,45
CUST009257,94.0,Healthy,98,82,96
CUST009258,79.8,Monitor,86,65,81
CUST009259,43.6,At Risk,45,50,39
CUST009260,84.0,Healthy,85,84,83
CUST009261,52.6,At Risk,78,25,41
CUST009262,67.8,Monitor,82,27,74
CUST009263,43.2,At Risk,31,22,66
CUST009264,74.4,Monitor,72,80,74
CUST009265,74.4,Monitor,94,50,67
CUST009266,64.0,Monitor,39,78,82
CUST009267,55.4,At Risk,36,53,76
CUST009268,52.4,At Risk,77,36,36
CUST009269,76.8,Monitor,90,48,78
CUST009270,28.4,Critical,34,32,21
CUST009271,39.6,Critical,37,34,45
CUST009272,64.6,Monitor,35,97,78
CUST009273,64.8,Monitor,48,52,88
CUST009274,82.2,Healthy,79,61,96
CUST009275,28.4,Critical,22,26,36
CUST009276,29.8,Critical,28,43,25
CUST009277,81.8,Healthy,93,63,80
CUST009278,38.8,Critical,35,72,26
CUST009279,67.4,Monitor,44,71,89
CUST009280,48.2,At Risk,64,41,36
CUST009281,57.6,At Risk,93,44,29
CUST009282,69.6,Monitor,99,30,60
CUST009283,24.8,Critical,23,34,22
CUST009284,73.4,Monitor,95,99,39
CUST009285,50.6,At Risk,30,45,74
CUST009286,69.2,Monitor,53,88,76
CUST009287,77.6,Monitor,75,86,76
CUST009288,66.6,Monitor,55,99,62
CUST009289,51.8,At Risk,54,89,31
CUST009290,73.0,Monitor,91,45,69
CUST009291,64.8,Monitor,39,64,91
CUST009292,43.2,At Risk,28,74,43
CUST009293,50.0,At Risk,39,62,55
CUST009294,49.8,At Risk,39,59,56
CUST009295,61.0,Monitor,41,67,78
CUST009296,63.8,Monitor,80,35,62
CUST009297,61.0,Monitor,86,93,20
CUST009298,76.2,Monitor,68,95,75
CUST009299,48.4,At Risk,25,88,52
CUST009300,71.0,Monitor,89,83,47
CUST009301,52.2,At Risk,28,35,85
CUST009302,63.4,Monitor,73,23,74
CUST009303,45.2,At Risk,22,52,65
CUST009304,68.4,Monitor,62,26,96
CUST009305,60.6,Monitor,66,69,51
CUST009306,73.8,Monitor,78,23,95
CUST009307,68.6,Monitor,92,29,65
CUST009308,32.2,Critical,39,39,22
CUST009309,71.4,Monitor,57,59,92
CUST009310,39.8,Critical,39,25,48
CUST009311,60.2,Monitor,60,41,70
CUST009312,81.2,Healthy,73,76,92
CUST009313,67.6,Monitor,56,56,85
CUST009314,60.6,Monitor,71,93,34
CUST009315,49.2,At Risk,81,34,25
CUST009316,57.4,At Risk,58,69,51
CUST009317,44.4,At Risk,23,64,56
CUST009318,36.4,Critical,58,20,23
CUST009319,92.0,Healthy,99,84,89
CUST009320,57.8,At Risk,66,69,44
CUST009321,70.2,Monitor,94,83,40
CUST009322,74.4,Monitor,68,80,78
CUST009323,73.6,Monitor,66,86,75
CUST009324,63.6,Monitor,72,84,45
CUST009325,53.6,At Risk,47,70,52
CUST009326,57.2,At Risk,94,32,33
CUST009327,26.6,Critical,26,33,24
CUST009328,60.6,Monitor,62,23,78
CUST009329,71.4,Monitor,69,29,95
CUST009330,55.0,At Risk,85,59,23
CUST009331,67.4,Monitor,79,55,62
CUST009332,54.2,At Risk,41,53,68
CUST009333,77.0,Monitor,85,91,62
CUST009334,74.0,Monitor,69,68,82
CUST009335,95.2,Healthy,92,96,98
CUST009336,27.0,Critical,24,23,32
CUST009337,39.0,Critical,27,97,22
CUST009338,68.8,Monitor,79,22,82
CUST009339,71.2,Monitor,65,36,95
CUST009340,77.4,Monitor,80,75,76
CUST009341,39.0,Critical,51,33,30
CUST009342,58.2,At Risk,47,71,63
CUST009343,47.8,At Risk,78,35,24
CUST009344,64.8,Monitor,45,64,85
CUST009345,54.0,At Risk,72,34,46
CUST009346,70.6,Monitor,97,77,41
CUST009347,69.6,Monitor,56,78,79
CUST009348,55.0,At Risk,37,93,54
CUST009349,67.8,Monitor,46,79,84
CUST009350,78.8,Monitor,90,28,93
CUST009351,49.2,At Risk,29,42,73
CUST009352,49.8,At Risk,72,45,30
CUST009353,63.6,Monitor,80,26,66
CUST009354,51.8,At Risk,40,59,60
CUST009355,53.0,At Risk,97,31,20
CUST009356,47.0,At Risk,64,25,41
CUST009357,40.6,At Risk,26,37,57
CUST009358,35.8,Critical,49,37,22
CUST009359,53.0,At Risk,64,37,50
CUST009360,44.6,At Risk,23,97,40
CUST009361,47.2,At Risk,29,76,51
CUST009362,63.6,Monitor,84,36,57
CUST009363,66.0,Monitor,67,20,88
CUST009364,50.8,At Risk,58,52,43
CUST009365,44.2,At Risk,23,95,40
CUST009366,65.8,Monitor,72,37,74
CUST009367,42.2,At Risk,22,35,66
CUST009368,42.8,At Risk,47,36,42
CUST009369,41.2,At Risk,34,32,53
CUST009370,64.6,Monitor,24,89,93
CUST009371,73.2,Monitor,57,82,85
CUST009372,62.6,Monitor,45,91,66
CUST009373,80.6,Healthy,89,75,75
CUST009374,49.0,At Risk,52,79,31
CUST009375,60.2,Monitor,46,21,94
CUST009376,37.6,Critical,36,40,38
CUST009377,60.4,Monitor,63,32,72
CUST009378,74.4,Monitor,73,36,95
CUST009379,56.8,At Risk,39,80,63
CUST009380,47.8,At Risk,21,23,87
CUST009381,70.6,Monitor,74,21,92
CUST009382,45.4,At Risk,47,39,47
CUST009383,56.6,At Risk,40,47,78
CUST009384,64.8,Monitor,33,68,95
CUST009385,43.2,At Risk,39,78,30
CUST009386,71.4,Monitor,91,97,39
CUST009387,54.0,At Risk,77,30,43
CUST009388,55.2,At Risk,23,44,93
CUST009389,57.0,At Risk,72,85,28
CUST009390,52.8,At Risk,32,20,90
CUST009391,60.8,Monitor,69,36,65
CUST009392,61.8,Monitor,30,69,90
CUST009393,66.4,Monitor,24,94,95
CUST009394,78.4,Monitor,98,56,70
CUST009395,49.2,At Risk,30,20,83
CUST009396,54.6,At Risk,37,93,53
CUST009397,51.2,At Risk,23,20,95
CUST009398,66.0,Monitor,86,40,59
CUST009399,69.4,Monitor,73,71,65
CUST009400,72.8,Monitor,71,66,78
CUST009401,61.0,Monitor,45,47,84
CUST009402,56.0,At Risk,36,50,79
CUST009403,70.2,Monitor,90,47,62
CUST009404,56.4,At Risk,55,32,70
CUST009405,50.4,At Risk,63,72,27
CUST009406,60.2,Monitor,37,89,69
CUST009407,62.4,Monitor,87,48,45
CUST009408,45.6,At Risk,23,36,73
CUST009409,52.0,At Risk,73,72,21
CUST009410,53.8,At Risk,26,43,87
CUST009411,52.4,At Risk,41,84,48
CUST009412,76.6,Monitor,98,27,80
CUST009413,51.2,At Risk,34,34,77
CUST009414,55.4,At Risk,50,63,57
CUST009415,87.0,Healthy,93,99,75
CUST009416,64.8,Monitor,59,80,63
CUST009417,32.4,Critical,26,52,29
CUST009418,88.4,Healthy,86,74,98
CUST009419,45.8,At Risk,44,23,59
CUST009420,58.6,At Risk,42,77,66
CUST009421,76.0,Monitor,85,42,84
CUST009422,68.4,Monitor,96,40,55
CUST009423,48.0,At Risk,69,28,37
CUST009424,64.0,Monitor,54,36,88
CUST009425,82.2,Healthy,82,65,91
CUST009426,56.0,At Risk,62,98,29
CUST009427,51.0,At Risk,90,27,24
CUST009428,57.8,At Risk,87,71,22
CUST009429,40.8,At Risk,21,80,41
CUST009430,73.6,Monitor,69,50,90
CUST009431,47.2,At Risk,33,58,56
CUST009432,70.6,Monitor,80,61,66
CUST009433,35.2,Critical,20,72,32
CUST009434,65.8,Monitor,66,23,87
CUST009435,62.8,Monitor,58,88,55
CUST009436,74.2,Monitor,94,21,81
CUST009437,47.6,At Risk,38,84,39
CUST009438,34.6,Critical,54,23,21
CUST009439,54.2,At Risk,25,51,85
CUST009440,52.6,At Risk,24,21,97
CUST009441,58.8,At Risk,53,80,54
CUST009442,67.0,Monitor,70,29,83
CUST009443,55.6,At Risk,66,86,30
CUST009444,70.2,Monitor,82,47,70
CUST009445,36.4,Critical,37,62,23
CUST009446,73.4,Monitor,74,59,80
CUST009447,65.2,Monitor,42,78,82
CUST009448,67.4,Monitor,88,83,39
CUST009449,45.4,At Risk,24,31,74
CUST009450,66.2,Monitor,62,69,69
CUST009451,71.6,Monitor,51,72,92
CUST009452,51.0,At Risk,61,33,50
CUST009453,71.0,Monitor,82,51,70
CUST009454,34.2,Critical,30,49,31
CUST009455,67.2,Monitor,67,88,57
CUST009456,72.4,Monitor,75,82,65
CUST009457,54.4,At Risk,37,62,68
CUST009458,36.6,Critical,25,39,47
CUST009459,77.2,Monitor,75,82,77
CUST009460,63.4,Monitor,95,41,43
CUST009461,52.6,At Risk,32,41,79
CUST009462,79.4,Monitor,93,33,89
CUST009463,42.0,At Risk,32,32,57
CUST009464,49.8,At Risk,56,35,51
CUST009465,70.2,Monitor,66,85,67
CUST009466,73.0,Monitor,79,87,60
CUST009467,66.4,Monitor,81,24,73
CUST009468,44.6,At Risk,23,87,45
CUST009469,48.8,At Risk,37,92,39
CUST009470,60.8,Monitor,92,40,40
CUST009471,65.8,Monitor,90,43,53
CUST009472,53.8,At Risk,31,61,73
CUST009473,50.6,At Risk,44,45,60
CUST009474,56.6,At Risk,60,93,35
CUST009475,38.0,Critical,21,82,33
CUST009476,50.2,At Risk,48,91,32
CUST009477,58.2,At Risk,59,99,37
CUST009478,68.4,Monitor,92,78,40
CUST009479,38.8,Critical,21,82,35
CUST009480,47.2,At Risk,57,64,29
CUST009481,43.0,At Risk,40,81,27
CUST009482,71.2,Monitor,88,78,51
CUST009483,51.2,At Risk,20,28,94
CUST009484,39.6,Critical,24,22,64
CUST009485,76.4,Monitor,68,72,87
CUST009486,73.0,Monitor,94,53,62
CUST009487,67.0,Monitor,91,71,41
CUST009488,41.2,At Risk,54,44,27
CUST009489,70.8,Monitor,73,98,55
CUST009490,54.0,At Risk,35,42,79
CUST009491,41.8,At Risk,32,73,36
CUST009492,46.8,At Risk,41,34,59
CUST009493,48.4,At Risk,37,44,62
CUST009494,70.6,Monitor,59,99,68
CUST009495,81.2,Healthy,96,64,75
CUST009496,60.0,Monitor,40,60,80
CUST009497,54.0,At Risk,83,52,26
CUST009498,64.6,Monitor,99,59,33
CUST009499,80.6,Healthy,82,87,76
CUST009500,66.2,Monitor,75,31,75
CUST009501,64.8,Monitor,43,58,90
CUST009502,41.0,At Risk,34,87,25
CUST009503,48.6,At Risk,57,47,41
CUST009504,30.2,Critical,26,37,31
CUST009505,72.0,Monitor,40,88,96
CUST009506,60.6,Monitor,44,41,87
CUST009507,62.8,Monitor,83,94,27
CUST009508,65.6,Monitor,42,74,85
CUST009509,81.4,Healthy,99,65,72
CUST009510,60.0,Monitor,24,82,85
CUST009511,46.8,At Risk,39,54,51
CUST009512,48.6,At Risk,21,63,69
CUST009513,52.2,At Risk,61,55,42
CUST009514,55.2,At Risk,72,68,32
CUST009515,66.0,Monitor,94,32,55
CUST009516,53.4,At Risk,21,69,78
CUST009517,59.6,At Risk,51,88,54
CUST009518,62.0,Monitor,85,46,47
CUST009519,70.4,Monitor,96,62,49
CUST009520,32.0,Critical,22,22,47
CUST009521,79.8,Monitor,92,55,80
CUST009522,71.8,Monitor,93,83,45
CUST009523,56.4,At Risk,30,86,68
CUST009524,65.0,Monitor,76,57,58
CUST009525,49.8,At Risk,53,93,25
CUST009526,69.4,Monitor,55,79,79
CUST009527,82.4,Healthy,92,48,90
CUST009528,91.4,Healthy,91,79,98
CUST009529,62.2,Monitor,94,69,27
CUST009530,70.6,Monitor,83,35,76
CUST009531,43.8,At Risk,50,67,26
CUST009532,49.8,At Risk,59,41,45
CUST009533,54.8,At Risk,48,90,44
CUST009534,43.4,At Risk,45,79,24
CUST009535,76.4,Monitor,72,40,99
CUST009536,54.2,At Risk,72,87,20
CUST009537,56.4,At Risk,75,42,45
CUST009538,67.8,Monitor,53,43,95
CUST009539,54.8,At Risk,20,38,98
CUST009540,52.0,At Risk,20,70,75
CUST009541,43.6,At Risk,29,94,33
CUST009542,83.8,Healthy,79,87,87
CUST009543,71.8,Monitor,68,69,77
CUST009544,56.8,At Risk,24,80,78
CUST009545,64.4,Monitor,30,66,98
CUST009546,76.2,Monitor,85,79,66
CUST009547,48.6,At Risk,50,71,36
CUST009548,45.6,At Risk,51,66,30
CUST009549,73.8,Monitor,45,91,94
CUST009550,54.6,At Risk,45,37,73
CUST009551,79.2,Monitor,60,94,91
CUST009552,66.8,Monitor,92,82,34
CUST009553,53.6,At Risk,32,44,80
CUST009554,62.2,Monitor,62,69,59
CUST009555,77.2,Monitor,94,24,87
CUST009556,49.4,At Risk,21,89,58
CUST009557,49.8,At Risk,38,23,75
CUST009558,54.4,At Risk,56,44,58
CUST009559,64.2,Monitor,89,87,28
CUST009560,83.0,Healthy,65,97,94
CUST009561,59.6,At Risk,38,86,68
CUST009562,73.0,Monitor,47,99,86
CUST009563,52.8,At Risk,55,90,32
CUST009564,50.2,At Risk,54,39,52
CUST009565,45.2,At Risk,62,20,41
CUST009566,53.6,At Risk,89,26,32
CUST009567,43.6,At Risk,24,82,44
CUST009568,74.8,Monitor,78,90,64
CUST009569,73.0,Monitor,84,57,70
CUST009570,88.4,Healthy,90,80,91
CUST009571,59.6,At Risk,95,34,37
CUST009572,47.4,At Risk,21,91,52
CUST009573,86.0,Healthy,87,64,96
CUST009574,56.4,At Risk,62,98,30
CUST009575,39.0,Critical,46,21,41
CUST009576,56.2,At Risk,60,55,53
CUST009577,53.0,At Risk,49,79,44
CUST009578,43.6,At Risk,33,84,34
CUST009579,86.2,Healthy,98,91,72
CUST009580,56.2,At Risk,86,33,38
CUST009581,61.0,Monitor,52,35,83
CUST009582,54.2,At Risk,82,63,22
CUST009583,72.2,Monitor,51,87,86
CUST009584,76.0,Monitor,74,36,98
CUST009585,58.0,At Risk,61,26,71
CUST009586,54.8,At Risk,57,32,64
CUST009587,80.4,Healthy,87,82,73
CUST009588,58.8,At Risk,20,74,90
CUST009589,47.2,At Risk,53,32,49
CUST009590,59.0,At Risk,92,65,23
CUST009591,60.0,Monitor,77,96,25
CUST009592,70.4,Monitor,46,72,94
CUST009593,62.8,Monitor,90,78,28
CUST009594,42.6,At Risk,29,59,48
CUST009595,72.8,Monitor,88,22,83
CUST009596,33.6,Critical,31,42,32
CUST009597,65.8,Monitor,33,89,87
CUST009598,48.2,At Risk,59,25,49
CUST009599,52.6,At Risk,56,47,52
CUST009600,63.2,Monitor,45,44,91
CUST009601,66.4,Monitor,93,94,26
CUST009602,71.4,Monitor,74,71,69
CUST009603,65.2,Monitor,66,66,64
CUST009604,66.6,Monitor,92,65,42
CUST009605,72.8,Monitor,83,34,82
CUST009606,44.8,At Risk,50,44,40
CUST009607,49.6,At Risk,69,50,30
CUST009608,45.4,At Risk,49,23,53
CUST009609,76.2,Monitor,77,59,84
CUST009610,39.2,Critical,28,26,57
CUST009611,41.0,At Risk,21,69,47
CUST009612,75.0,Monitor,94,75,56
CUST009613,77.2,Monitor,88,40,85
CUST009614,43.0,At Risk,52,49,31
CUST009615,60.4,Monitor,92,32,43
CUST009616,55.6,At Risk,67,20,62
CUST009617,82.6,Healthy,99,77,69
CUST009618,62.0,Monitor,61,56,66
CUST009619,69.2,Monitor,62,98,62
CUST009620,71.4,Monitor,81,67,64
CUST009621,38.2,Critical,40,67,22
CUST009622,79.0,Monitor,77,45,98
CUST009623,62.6,Monitor,84,77,34
CUST009624,74.6,Monitor,60,91,81
CUST009625,67.6,Monitor,93,82,35
CUST009626,59.8,At Risk,51,53,72
CUST009627,78.0,Monitor,86,66,76
CUST009628,46.2,At Risk,30,23,74
CUST009629,63.2,Monitor,49,50,84
CUST009630,69.8,Monitor,44,85,88
CUST009631,69.4,Monitor,79,99,45
CUST009632,57.4,At Risk,46,99,48
CUST009633,79.2,Monitor,97,60,71
CUST009634,66.6,Monitor,96,55,43
CUST009635,29.6,Critical,24,42,29
CUST009636,61.8,Monitor,61,35,76
CUST009637,71.8,Monitor,72,55,80
CUST009638,77.2,Monitor,62,68,97
CUST009639,62.4,Monitor,95,82,20
CUST009640,61.8,Monitor,89,57,37
CUST009641,56.6,At Risk,55,35,69
CUST009642,53.0,At Risk,81,53,25
CUST009643,67.8,Monitor,92,85,35
CUST009644,66.6,Monitor,40,65,94
CUST009645,54.6,At Risk,53,85,41
CUST009646,51.8,At Risk,21,75,71
CUST009647,46.8,At Risk,30,80,47
CUST009648,59.6,At Risk,61,24,76
CUST009649,44.6,At Risk,30,43,60
CUST009650,59.0,At Risk,41,25,94
CUST009651,77.0,Monitor,71,89,77
CUST009652,85.4,Healthy,77,91,91
CUST009653,41.4,At Risk,42,51,36
CUST009654,70.0,Monitor,77,64,66
CUST009655,48.0,At Risk,55,34,48
CUST009656,57.8,At Risk,62,61,52
CUST009657,70.2,Monitor,58,51,92
CUST009658,53.2,At Risk,57,72,40
CUST009659,52.8,At Risk,60,98,23
CUST009660,66.2,Monitor,66,81,59
CUST009661,61.2,Monitor,96,68,23
CUST009662,47.6,At Risk,80,22,28
CUST009663,38.6,Critical,45,25,39
CUST009664,48.2,At Risk,30,85,48
CUST009665,48.8,At Risk,49,72,37
CUST009666,50.2,At Risk,86,33,23
CUST009667,56.2,At Risk,58,33,66
CUST009668,47.2,At Risk,58,36,42
CUST009669,79.4,Monitor,98,63,69
CUST009670,76.0,Monitor,72,68,84
CUST009671,77.8,Monitor,85,59,80
CUST009672,72.4,Monitor,57,50,99
CUST009673,70.2,Monitor,74,51,76
CUST009674,52.0,At Risk,64,64,34
CUST009675,64.2,Monitor,91,97,21
CUST009676,84.8,Healthy,76,80,96
CUST009677,35.8,Critical,28,63,30
CUST009678,42.4,At Risk,33,92,27
CUST009679,70.2,Monitor,79,93,50
CUST009680,61.2,Monitor,73,78,41
CUST009681,65.0,Monitor,53,43,88
CUST009682,51.6,At Risk,50,46,56
CUST009683,43.8,At Risk,35,31,59
CUST009684,72.4,Monitor,72,50,84
CUST009685,37.0,Critical,28,59,35
CUST009686,62.0,Monitor,26,68,95
CUST009687,66.8,Monitor,98,26,56
CUST009688,54.6,At Risk,54,69,48
CUST009689,43.2,At Risk,41,38,48
CUST009690,30.4,Critical,20,34,39
CUST009691,71.4,Monitor,37,93,95
CUST009692,61.6,Monitor,90,60,34
CUST009693,42.8,At Risk,72,22,24
CUST009694,47.2,At Risk,32,68,52
CUST009695,53.6,At Risk,49,54,58
CUST009696,75.2,Monitor,99,86,46
CUST009697,53.8,At Risk,82,55,25
CUST009698,53.4,At Risk,68,33,49
CUST009699,57.2,At Risk,24,94,72
CUST009700,63.2,Monitor,67,46,68
CUST009701,63.0,Monitor,86,65,39
CUST009702,83.6,Healthy,79,82,89
CUST009703,55.0,At Risk,69,79,29
CUST009704,49.4,At Risk,88,31,20
CUST009705,48.2,At Risk,60,43,39
CUST009706,45.0,At Risk,51,45,39
CUST009707,74.2,Monitor,95,49,66
CUST009708,93.2,Healthy,96,90,92
CUST009709,32.6,Critical,42,23,28
CUST009710,71.2,Monitor,55,48,99
CUST009711,64.8,Monitor,78,80,44
CUST009712,66.0,Monitor,62,80,63
CUST009713,63.0,Monitor,66,55,64
CUST009714,58.6,At Risk,47,95,52
CUST009715,51.4,At Risk,66,25,50
CUST009716,35.4,Critical,20,69,34
CUST009717,50.8,At Risk,83,48,20
CUST009718,78.0,Monitor,64,80,91
CUST009719,89.2,Healthy,89,96,86
CUST009720,70.2,Monitor,73,97,54
CUST009721,62.4,Monitor,49,88,63
CUST009722,41.2,At Risk,35,48,44
CUST009723,68.4,Monitor,53,42,97
CUST009724,43.6,At Risk,20,58,60
CUST009725,54.8,At Risk,60,74,40
CUST009726,69.8,Monitor,91,59,54
CUST009727,65.4,Monitor,53,25,98
CUST009728,68.4,Monitor,77,94,47
CUST009729,69.6,Monitor,55,68,85
CUST009730,66.8,Monitor,58,48,85
CUST009731,56.8,At Risk,95,48,23
CUST009732,62.4,Monitor,35,70,86
CUST009733,69.0,Monitor,86,87,43
CUST009734,56.6,At Risk,47,47,71
CUST009735,78.6,Monitor,76,99,71
CUST009736,45.2,At Risk,58,48,31
CUST009737,41.6,At Risk,27,72,41
CUST009738,54.4,At Risk,36,84,58
CUST009739,72.6,Monitor,90,21,81
CUST009740,45.0,At Risk,62,57,22
CUST009741,70.6,Monitor,95,97,33
CUST009742,35.2,Critical,31,24,45
CUST009743,45.2,At Risk,56,70,22
CUST009744,63.0,Monitor,25,93,86
CUST009745,33.2,Critical,24,68,25
CUST009746,32.4,Critical,24,20,47
CUST009747,61.4,Monitor,83,69,36
CUST009748,59.2,At Risk,76,94,25
CUST009749,84.8,Healthy,68,98,95
CUST009750,71.0,Monitor,53,53,98
CUST009751,74.6,Monitor,95,71,56
CUST009752,72.8,Monitor,53,72,93
CUST009753,62.4,Monitor,95,54,34
CUST009754,26.0,Critical,21,24,32
CUST009755,85.6,Healthy,89,62,94
CUST009756,41.6,At Risk,21,52,57
CUST009757,59.6,At Risk,50,38,80
CUST009758,46.0,At Risk,25,62,59
CUST009759,53.6,At Risk,27,74,70
CUST009760,61.0,Monitor,81,61,41
CUST009761,80.6,Healthy,85,43,95
CUST009762,70.4,Monitor,81,84,53
CUST009763,67.6,Monitor,87,66,49
CUST009764,56.6,At Risk,23,77,80
CUST009765,58.0,At Risk,78,22,56
CUST009766,40.4,At Risk,23,52,52
CUST009767,54.0,At Risk,24,96,63
CUST009768,62.0,Monitor,83,64,40
CUST009769,90.4,Healthy,82,92,98
CUST009770,61.4,Monitor,39,45,92
CUST009771,59.4,At Risk,98,41,30
CUST009772,48.6,At Risk,74,37,29
CUST009773,81.6,Healthy,98,74,69
CUST009774,60.8,Monitor,96,24,44
CUST009775,58.2,At Risk,56,91,44
CUST009776,42.4,At Risk,34,76,34
CUST009777,46.4,At Risk,43,56,45
CUST009778,53.0,At Risk,50,57,54
CUST009779,60.2,Monitor,90,25,48
CUST009780,78.8,Monitor,99,90,53
CUST009781,52.6,At Risk,29,81,62
CUST009782,81.6,Healthy,91,56,85
CUST009783,71.8,Monitor,51,61,98
CUST009784,52.2,At Risk,85,37,27
CUST009785,72.2,Monitor,48,93,86
CUST009786,68.4,Monitor,96,22,64
CUST009787,77.8,Monitor,89,61,75
CUST009788,68.8,Monitor,73,78,60
CUST009789,36.0,Critical,37,60,23
CUST009790,57.6,At Risk,80,36,46
CUST009791,40.8,At Risk,43,38,40
CUST009792,54.8,At Risk,42,62,64
CUST009793,53.6,At Risk,49,96,37
CUST009794,61.4,Monitor,58,89,51
CUST009795,52.6,At Risk,89,23,31
CUST009796,61.4,Monitor,85,57,40
CUST009797,54.4,At Risk,93,38,24
CUST009798,77.6,Monitor,96,20,88
CUST009799,42.0,At Risk,54,38,32
CUST009800,85.8,Healthy,81,93,87
CUST009801,61.2,Monitor,29,74,87
CUST009802,75.8,Monitor,95,33,78
CUST009803,69.8,Monitor,80,65,62
CUST009804,42.8,At Risk,35,20,62
CUST009805,44.6,At Risk,49,61,32
CUST009806,56.6,At Risk,41,75,63
CUST009807,68.4,Monitor,42,74,92
CUST009808,42.8,At Risk,56,58,22
CUST009809,51.6,At Risk,56,78,34
CUST009810,58.2,At Risk,52,85,51
CUST009811,34.2,Critical,33,53,26
CUST009812,44.8,At Risk,69,30,28
CUST009813,41.4,At Risk,40,61,33
CUST009814,48.6,At Risk,46,39,56
CUST009815,77.4,Monitor,54,89,95
CUST009816,57.8,At Risk,24,55,93
CUST009817,70.6,Monitor,62,87,71
CUST009818,36.0,Critical,24,56,38
CUST009819,74.4,Monitor,52,88,90
CUST009820,63.6,Monitor,70,54,62
CUST009821,63.4,Monitor,87,51,46
CUST009822,51.2,At Risk,61,32,51
CUST009823,47.0,At Risk,58,75,22
CUST009824,54.2,At Risk,77,39,39
CUST009825,59.4,At Risk,88,61,30
CUST009826,52.8,At Risk,56,54,49
CUST009827,65.8,Monitor,60,51,79
CUST009828,40.0,At Risk,32,26,55
CUST009829,64.0,Monitor,59,52,75
CUST009830,58.4,At Risk,47,50,74
CUST009831,37.2,Critical,26,92,21
CUST009832,76.4,Monitor,53,88,94
CUST009833,53.8,At Risk,44,39,71
CUST009834,58.4,At Risk,48,42,77
CUST009835,42.6,At Risk,24,61,52
CUST009836,82.2,Healthy,67,93,92
CUST009837,57.0,At Risk,45,57,69
CUST009838,38.8,Critical,21,82,35
CUST009839,60.4,Monitor,62,58,60
CUST009840,79.4,Monitor,78,51,95
CUST009841,82.8,Healthy,94,84,71
CUST009842,63.2,Monitor,57,40,81
CUST009843,72.0,Monitor,63,44,95
CUST009844,75.4,Monitor,94,81,54
CUST009845,54.8,At Risk,82,68,21
CUST009846,64.8,Monitor,38,78,85
CUST009847,76.8,Monitor,64,86,85
CUST009848,67.4,Monitor,80,57,60
CUST009849,52.2,At Risk,32,59,69
CUST009850,55.0,At Risk,70,69,33
CUST009851,46.2,At Risk,35,75,43
CUST009852,54.0,At Risk,35,42,79
CUST009853,48.8,At Risk,88,24,22
CUST009854,44.2,At Risk,50,81,20
CUST009855,68.8,Monitor,76,98,47
CUST009856,58.2,At Risk,51,87,51
CUST009857,62.8,Monitor,41,84,74
CUST009858,54.0,At Risk,78,62,26
CUST009859,38.8,Critical,57,34,23
CUST009860,85.0,Healthy,97,61,85
CUST009861,64.6,Monitor,72,43,68
CUST009862,73.6,Monitor,97,52,61
CUST009863,62.2,Monitor,74,71,46
CUST009864,76.0,Monitor,51,96,91
CUST009865,40.2,At Risk,49,37,33
CUST009866,65.4,Monitor,57,21,96
CUST009867,65.2,Monitor,89,20,64
CUST009868,93.8,Healthy,93,87,98
CUST009869,51.0,At Risk,46,81,41
CUST009870,42.6,At Risk,21,35,68
CUST009871,66.4,Monitor,47,56,91
CUST009872,61.8,Monitor,82,99,23
CUST009873,57.6,At Risk,63,94,34
CUST009874,45.2,At Risk,21,22,81
CUST009875,85.2,Healthy,89,88,80
CUST009876,45.8,At Risk,51,27,50
CUST009877,64.8,Monitor,84,98,29
CUST009878,44.2,At Risk,56,41,34
CUST009879,57.2,At Risk,20,88,79
CUST009880,48.4,At Risk,73,44,26
CUST009881,54.4,At Risk,81,56,27
CUST009882,52.6,At Risk,64,67,34
CUST009883,39.4,Critical,32,59,37
CUST009884,70.2,Monitor,56,61,89
CUST009885,59.4,At Risk,46,95,55
CUST009886,85.0,Healthy,78,83,93
CUST009887,58.6,At Risk,43,83,62
CUST009888,44.6,At Risk,46,27,52
CUST009889,48.4,At Risk,68,20,43
CUST009890,46.4,At Risk,57,70,24
CUST009891,78.6,Monitor,66,87,87
CUST009892,58.4,At Risk,41,74,68
CUST009893,62.2,Monitor,65,89,46
CUST009894,35.8,Critical,46,37,25
CUST009895,70.2,Monitor,70,53,79
CUST009896,63.8,Monitor,90,95,22
CUST009897,63.0,Monitor,22,87,92
CUST009898,57.2,At Risk,89,34,37
CUST009899,41.6,At Risk,70,22,23
CUST009900,61.8,Monitor,37,51,92
CUST009901,73.8,Monitor,64,89,76
CUST009902,62.4,Monitor,36,82,79
CUST009903,80.0,Healthy,95,58,76
CUST009904,52.0,At Risk,71,28,45
CUST009905,48.6,At Risk,69,23,41
CUST009906,52.0,At Risk,44,26,73
CUST009907,60.0,Monitor,25,86,82
CUST009908,80.0,Healthy,98,58,73
CUST009909,56.2,At Risk,79,53,35
CUST009910,63.2,Monitor,24,94,87
CUST009911,60.8,Monitor,92,56,32
CUST009912,45.4,At Risk,65,31,33
CUST009913,55.0,At Risk,93,41,24
CUST009914,62.4,Monitor,26,70,95
CUST009915,44.0,At Risk,26,64,52
CUST009916,52.8,At Risk,24,84,66
CUST009917,44.8,At Risk,28,32,68
CUST009918,61.0,Monitor,62,91,45
CUST009919,69.0,Monitor,92,65,48
CUST009920,76.8,Monitor,76,66,83
CUST009921,55.6,At Risk,86,44,31
CUST009922,62.4,Monitor,68,98,39
CUST009923,74.6,Monitor,77,75,72
CUST009924,42.2,At Risk,53,31,37
CUST009925,58.2,At Risk,83,67,29
CUST009926,34.0,Critical,54,20,21
CUST009927,61.6,Monitor,53,78,62
CUST009928,38.6,Critical,22,27,61
CUST009929,65.0,Monitor,60,79,63
CUST009930,62.6,Monitor,56,77,62
CUST009931,62.2,Monitor,64,75,54
CUST009932,58.2,At Risk,51,63,63
CUST009933,45.2,At Risk,25,64,56
CUST009934,77.8,Monitor,87,97,59
CUST009935,45.8,At Risk,51,41,43
CUST009936,55.6,At Risk,75,70,29
CUST009937,53.0,At Risk,38,29,80
CUST009938,65.2,Monitor,86,66,44
CUST009939,75.6,Monitor,96,66,60
CUST009940,58.6,At Risk,52,49,70
CUST009941,58.0,At Risk,63,44,60
CUST009942,67.6,Monitor,94,28,61
CUST009943,31.0,Critical,32,43,24
CUST009944,58.4,At Risk,43,40,83
CUST009945,53.2,At Risk,57,80,36
CUST009946,67.0,Monitor,61,93,60
CUST009947,71.6,Monitor,58,84,79
CUST009948,36.6,Critical,39,21,42
CUST009949,64.4,Monitor,49,86,69
CUST009950,75.8,Monitor,95,77,56
CUST009951,63.6,Monitor,52,90,62
CUST009952,30.0,Critical,32,26,30
CUST009953,81.6,Healthy,92,48,88
CUST009954,61.0,Monitor,55,77,59
CUST009955,76.4,Monitor,80,96,63
CUST009956,34.8,Critical,38,26,36
CUST009957,39.0,Critical,22,87,32
CUST009958,48.6,At Risk,37,63,53
CUST009959,36.6,Critical,51,29,26
CUST009960,64.0,Monitor,60,96,52
CUST009961,56.2,At Risk,46,49,70
CUST009962,51.2,At Risk,46,42,61
CUST009963,65.6,Monitor,55,78,70
CUST009964,77.0,Monitor,83,67,76
CUST009965,49.0,At Risk,59,59,34
CUST009966,52.6,At Risk,82,23,38
CUST009967,68.2,Monitor,89,85,39
CUST009968,69.4,Monitor,64,25,97
CUST009969,85.8,Healthy,89,57,97
CUST009970,25.4,Critical,21,35,25
CUST009971,74.8,Monitor,82,42,84
CUST009972,52.2,At Risk,36,67,61
CUST009973,53.6,At Risk,25,24,97
CUST009974,65.0,Monitor,58,21,94
CUST009975,42.8,At Risk,38,30,54
CUST009976,74.4,Monitor,78,96,60
CUST009977,75.0,Monitor,57,83,89
CUST009978,68.2,Monitor,61,45,87
CUST009979,68.4,Monitor,35,80,96
CUST009980,61.2,Monitor,40,30,98
CUST009981,58.8,At Risk,56,30,76
CUST009982,42.4,At Risk,30,80,36
CUST009983,58.0,At Risk,93,38,33
CUST009984,84.2,Healthy,95,71,80
CUST009985,62.6,Monitor,27,77,91
CUST009986,56.8,At Risk,57,48,61
CUST009987,58.0,At Risk,65,50,55
CUST009988,77.0,Monitor,86,73,70
CUST009989,60.8,Monitor,52,42,79
CUST009990,57.2,At Risk,22,66,88
CUST009991,92.6,Healthy,85,99,97
CUST009992,64.4,Monitor,72,26,76
CUST009993,55.6,At Risk,82,64,25
CUST009994,61.4,Monitor,63,77,52
CUST009995,90.0,Healthy,97,98,79
CUST009996,51.0,At Risk,59,47,45
CUST009997,56.8,At Risk,21,72,85
CUST009998,47.0,At Risk,70,35,30
CUST009999,71.6,Monitor,66,64,81
CUST010000,48.0,At Risk,22,36,80
CUST010001,44.4,At Risk,22,56,61
CUST010002,47.6,At Risk,21,68,64
CUST010003,74.6,Monitor,40,97,98
CUST010004,61.6,Monitor,90,56,36
CUST010005,78.4,Monitor,68,98,79
CUST010006,44.4,At Risk,22,66,56
CUST010007,68.8,Monitor,58,50,89
CUST010008,65.8,Monitor,99,21,55
CUST010009,86.4,Healthy,88,76,90
CUST010010,76.4,Monitor,86,28,91
CUST010011,36.8,Critical,47,44,23
CUST010012,74.0,Monitor,57,96,80
CUST010013,79.8,Monitor,87,73,76
CUST010014,64.6,Monitor,63,29,84
CUST010015,57.6,At Risk,94,60,20
CUST010016,52.6,At Risk,30,47,78
CUST010017,59.8,At Risk,35,91,69
CUST010018,58.2,At Risk,71,71,39
CUST010019,61.6,Monitor,24,74,93
CUST010020,62.4,Monitor,51,84,63
CUST010021,56.0,At Risk,76,26,51
CUST010022,70.4,Monitor,74,60,72
CUST010023,54.6,At Risk,70,21,56
CUST010024,39.6,Critical,37,42,41
CUST010025,86.8,Healthy,92,70,90
CUST010026,41.8,At Risk,27,57,49
CUST010027,63.4,Monitor,45,55,86
CUST010028,67.2,Monitor,76,22,81
CUST010029,70.8,Monitor,77,90,55
CUST010030,40.8,At Risk,33,26,56
CUST010031,58.4,At Risk,26,70,85
CUST010032,65.6,Monitor,40,98,75
CUST010033,75.8,Monitor,59,89,86
CUST010034,78.2,Monitor,79,59,87
CUST010035,83.0,Healthy,93,55,87
CUST010036,52.8,At Risk,34,34,81
CUST010037,33.4,Critical,30,65,21
CUST010038,50.4,At Risk,71,70,20
CUST010039,81.0,Healthy,88,99,65
CUST010040,60.8,Monitor,57,98,46
CUST010041,38.8,Critical,29,80,28
CUST010042,48.8,At Risk,24,94,51
CUST010043,60.4,Monitor,62,80,49
CUST010044,68.2,Monitor,74,25,84
CUST010045,47.0,At Risk,32,79,46
CUST010046,72.0,Monitor,66,68,80
CUST010047,64.8,Monitor,95,84,25
CUST010048,78.0,Monitor,57,88,94
CUST010049,48.6,At Risk,80,25,29
CUST010050,61.8,Monitor,54,47,77
CUST010051,51.4,At Risk,22,35,89
CUST010052,42.2,At Risk,22,43,62
CUST010053,29.4,Critical,30,37,25
CUST010054,53.0,At Risk,76,47,33
CUST010055,67.4,Monitor,74,55,67
CUST010056,53.8,At Risk,83,49,27
CUST010057,54.0,At Risk,50,82,44
CUST010058,47.4,At Risk,39,31,64
CUST010059,44.0,At Risk,32,74,41
CUST010060,73.4,Monitor,76,37,89
CUST010061,60.4,Monitor,39,50,87
CUST010062,51.6,At Risk,61,72,32
CUST010063,51.8,At Risk,29,67,67
CUST010064,83.6,Healthy,94,46,92
CUST010065,57.4,At Risk,71,31,57
CUST010066,55.0,At Risk,59,31,63
CUST010067,43.4,At Risk,20,51,63
CUST010068,67.2,Monitor,60,36,90
CUST010069,57.8,At Risk,85,31,44
CUST010070,50.2,At Risk,29,67,63
CUST010071,55.0,At Risk,31,21,96
CUST010072,58.0,At Risk,80,34,48
CUST010073,35.8,Critical,26,65,31
CUST010074,71.0,Monitor,93,39,65
CUST010075,69.8,Monitor,29,99,96
CUST010076,66.6,Monitor,78,85,46
CUST010077,80.0,Healthy,72,62,97
CUST010078,77.8,Monitor,93,35,84
CUST010079,71.8,Monitor,84,63,64
CUST010080,51.4,At Risk,54,39,55
CUST010081,53.8,At Risk,35,89,55
CUST010082,55.2,At Risk,72,78,27
CUST010083,79.8,Monitor,86,87,70
CUST010084,61.0,Monitor,47,63,74
CUST010085,80.0,Healthy,91,96,61
CUST010086,72.2,Monitor,85,21,85
CUST010087,66.4,Monitor,98,54,41
CUST010088,63.4,Monitor,58,55,73
CUST010089,63.6,Monitor,65,24,82
CUST010090,37.6,Critical,27,52,41
CUST010091,61.0,Monitor,54,53,72
CUST010092,62.4,Monitor,76,94,33
CUST010093,41.8,At Risk,38,25,54
CUST010094,83.8,Healthy,71,91,93
CUST010095,55.2,At Risk,54,46,61
CUST010096,72.0,Monitor,97,48,59
CUST010097,68.2,Monitor,47,81,83
CUST010098,73.2,Monitor,94,84,47
CUST010099,48.6,At Risk,45,29,62
CUST010100,44.6,At Risk,31,97,32
CUST010101,49.0,At Risk,41,69,47
CUST010102,54.6,At Risk,84,29,38
CUST010103,58.4,At Risk,29,68,83
CUST010104,61.2,Monitor,38,96,67
CUST010105,71.2,Monitor,87,42,70
CUST010106,68.8,Monitor,52,88,76
CUST010107,51.0,At Risk,80,33,31
CUST010108,63.2,Monitor,89,98,20
CUST010109,55.0,At Risk,24,29,99
CUST010110,62.2,Monitor,82,95,26
CUST010111,46.0,At Risk,54,76,23
CUST010112,68.8,Monitor,65,54,80
CUST010113,57.2,At Risk,46,60,67
CUST010114,69.0,Monitor,78,75,57
CUST010115,81.4,Healthy,98,21,95
CUST010116,63.6,Monitor,64,62,64
CUST010117,65.6,Monitor,86,98,29
CUST010118,57.2,At Risk,75,38,49
CUST010119,54.0,At Risk,28,46,84
CUST010120,85.6,Healthy,81,92,87
CUST010121,34.2,Critical,24,69,27
CUST010122,65.6,Monitor,22,88,98
CUST010123,44.8,At Risk,22,58,61
CUST010124,36.6,Critical,29,25,50
CUST010125,60.6,Monitor,96,47,32
CUST010126,53.8,At Risk,57,97,29
CUST010127,37.4,Critical,33,21,50
CUST010128,42.0,At Risk,27,86,35
CUST010129,87.4,Healthy,77,97,93
CUST010130,45.2,At Risk,34,86,36
CUST010131,69.2,Monitor,96,54,50
CUST010132,50.0,At Risk,26,70,64
CUST010133,65.2,Monitor,48,46,92
CUST010134,56.2,At Risk,64,63,45
CUST010135,31.0,Critical,20,31,42
CUST010136,76.6,Monitor,93,27,85
CUST010137,48.4,At Risk,32,74,52
CUST010138,61.6,Monitor,57,36,79
CUST010139,43.2,At Risk,30,96,30
CUST010140,41.0,At Risk,29,21,63
CUST010141,35.4,Critical,22,71,31
CUST010142,95.0,Healthy,91,97,98
CUST010143,71.4,Monitor,50,87,85
CUST010144,58.0,At Risk,25,64,88
CUST010145,40.8,At Risk,52,44,28
CUST010146,52.8,At Risk,64,36,50
CUST010147,63.6,Monitor,33,90,81
CUST010148,69.0,Monitor,38,83,93
CUST010149,59.6,At Risk,89,64,28
CUST010150,63.0,Monitor,31,97,78
CUST010151,39.6,Critical,24,84,33
CUST010152,80.0,Healthy,98,46,79
CUST010153,87.0,Healthy,84,97,85
CUST010154,55.0,At Risk,57,91,35
CUST010155,39.8,Critical,28,91,26
CUST010156,79.0,Monitor,89,59,79
CUST010157,38.2,Critical,28,53,41
CUST010158,69.2,Monitor,70,52,77
CUST010159,55.6,At Risk,35,58,75
CUST010160,44.4,At Risk,25,74,49
CUST010161,70.0,Monitor,75,22,89
CUST010162,86.0,Healthy,90,60,95
CUST010163,55.4,At Risk,68,99,21
CUST010164,51.6,At Risk,20,62,78
CUST010165,44.4,At Risk,21,80,50
CUST010166,57.4,At Risk,69,93,28
CUST010167,67.4,Monitor,90,49,54
CUST010168,61.4,Monitor,68,61,55
CUST010169,55.2,At Risk,26,92,66
CUST010170,64.0,Monitor,72,28,74
CUST010171,57.6,At Risk,33,80,71
CUST010172,45.0,At Risk,41,67,38
CUST010173,51.6,At Risk,20,34,92
CUST010174,42.0,At Risk,41,76,26
CUST010175,39.2,Critical,28,34,53
CUST010176,56.8,At Risk,51,52,65
CUST010177,33.8,Critical,24,67,27
CUST010178,60.6,Monitor,74,37,59
CUST010179,41.2,At Risk,56,40,27
CUST010180,43.8,At Risk,34,69,41
CUST010181,37.8,Critical,21,97,25
CUST010182,57.4,At Risk,74,23,58
CUST010183,36.0,Critical,37,64,21
CUST010184,65.4,Monitor,34,99,80
CUST010185,65.2,Monitor,46,84,75
CUST010186,48.4,At Risk,29,60,62
CUST010187,29.2,Critical,28,42,24
CUST010188,62.8,Monitor,68,20,79
CUST010189,58.6,At Risk,67,23,68
CUST010190,81.0,Healthy,92,55,83
CUST010191,67.0,Monitor,66,35,84
CUST010192,72.2,Monitor,81,37,81
CUST010193,40.6,At Risk,39,27,49
CUST010194,70.0,Monitor,83,44,70
CUST010195,58.0,At Risk,95,32,34
CUST010196,75.6,Monitor,93,46,73
CUST010197,81.8,Healthy,86,99,69
CUST010198,69.2,Monitor,51,52,96
CUST010199,69.2,Monitor,72,28,87
CUST010200,50.6,At Risk,49,85,35
CUST010201,65.6,Monitor,85,84,37
CUST010202,43.4,At Risk,67,29,27
CUST010203,75.0,Monitor,67,85,78
CUST010204,40.6,At Risk,25,63,45
CUST010205,74.2,Monitor,88,37,79
CUST010206,75.2,Monitor,62,76,88
CUST010207,33.4,Critical,26,41,37
CUST010208,54.6,At Risk,28,45,86
CUST010209,44.0,At Risk,58,52,26
CUST010210,58.4,At Risk,73,40,53
CUST010211,40.8,At Risk,32,94,23
CUST010212,56.6,At Risk,54,77,49
CUST010213,90.0,Healthy,96,66,96
CUST010214,42.0,At Risk,55,40,30
CUST010215,73.6,Monitor,51,88,89
CUST010216,61.2,Monitor,87,40,46
CUST010217,54.6,At Risk,34,79,63
CUST010218,79.0,Monitor,73,51,99
CUST010219,49.6,At Risk,47,24,65
CUST010220,82.8,Healthy,86,70,86
CUST010221,52.2,At Risk,21,47,86
CUST010222,56.8,At Risk,60,30,67
CUST010223,71.0,Monitor,67,35,93
CUST010224,57.8,At Risk,26,95,71
CUST010225,53.8,At Risk,47,53,61
CUST010226,39.0,Critical,46,27,38
CUST010227,63.2,Monitor,71,50,62
CUST010228,47.0,At Risk,66,59,22
CUST010229,41.4,At Risk,46,41,37
CUST010230,49.4,At Risk,46,77,39
CUST010231,65.2,Monitor,35,66,95
CUST010232,64.0,Monitor,91,94,22
CUST010233,61.0,Monitor,84,69,34
CUST010234,86.2,Healthy,89,95,79
CUST010235,78.6,Monitor,69,77,89
CUST010236,57.2,At Risk,42,86,58
CUST010237,85.8,Healthy,91,53,97
CUST010238,69.8,Monitor,43,65,99
CUST010239,67.6,Monitor,87,96,34
CUST010240,63.6,Monitor,82,36,59
CUST010241,53.6,At Risk,31,28,89
CUST010242,79.2,Monitor,93,78,66
CUST010243,72.6,Monitor,81,45,78
CUST010244,55.2,At Risk,94,46,21
CUST010245,70.2,Monitor,72,45,81
CUST010246,56.6,At Risk,50,63,60
CUST010247,82.6,Healthy,61,99,96
CUST010248,81.8,Healthy,97,95,60
CUST010249,86.8,Healthy,94,88,79
CUST010250,62.4,Monitor,94,52,36
CUST010251,83.4,Healthy,87,47,98
CUST010252,52.6,At Risk,58,97,25
CUST010253,77.0,Monitor,68,93,78
CUST010254,40.2,At Risk,27,53,47
CUST010255,72.2,Monitor,92,25,76
CUST010256,63.8,Monitor,87,87,29
CUST010257,41.6,At Risk,46,34,41
CUST010258,53.4,At Risk,24,27,96
CUST010259,45.4,At Risk,35,37,60
CUST010260,60.6,Monitor,34,81,77
CUST010261,45.8,At Risk,62,45,30
CUST010262,76.4,Monitor,93,94,51
CUST010263,30.4,Critical,39,34,20
CUST010264,54.0,At Risk,59,58,47
CUST010265,65.2,Monitor,31,82,91
CUST010266,58.0,At Risk,78,62,36
CUST010267,45.2,At Risk,21,78,53
CUST010268,50.2,At Risk,31,33,78
CUST010269,54.8,At Risk,70,70,32
CUST010270,65.4,Monitor,36,83,86
CUST010271,59.4,At Risk,62,95,39
CUST010272,64.2,Monitor,59,49,77
CUST010273,52.2,At Risk,28,85,60
CUST010274,53.6,At Risk,37,34,80
CUST010275,48.6,At Risk,40,73,45
CUST010276,67.0,Monitor,59,97,60
CUST010277,72.8,Monitor,67,36,97
CUST010278,67.4,Monitor,84,73,48
CUST010279,57.2,At Risk,46,40,77
CUST010280,76.8,Monitor,77,60,85
CUST010281,63.8,Monitor,59,65,68
CUST010282,77.6,Monitor,91,86,60
CUST010283,61.2,Monitor,98,28,41
CUST010284,51.6,At Risk,27,40,82
CUST010285,36.6,Critical,24,35,50
CUST010286,51.0,At Risk,83,29,30
CUST010287,56.8,At Risk,22,60,90
CUST010288,68.4,Monitor,80,50,66
CUST010289,69.0,Monitor,61,35,94
CUST010290,64.4,Monitor,36,74,88
CUST010291,58.4,At Risk,29,98,68
CUST010292,75.6,Monitor,69,74,83
CUST010293,47.8,At Risk,21,95,51
CUST010294,48.2,At Risk,69,31,36
CUST010295,41.2,At Risk,26,22,66
CUST010296,66.2,Monitor,71,93,48
CUST010297,49.2,At Risk,24,42,78
CUST010298,54.2,At Risk,21,71,79
CUST010299,40.8,At Risk,25,86,34
CUST010300,38.4,Critical,43,42,32
CUST010301,31.8,Critical,35,27,31
CUST010302,50.6,At Risk,45,25,69
CUST010303,66.0,Monitor,72,58,64
CUST010304,66.4,Monitor,41,94,78
CUST010305,56.2,At Risk,43,95,50
CUST010306,37.6,Critical,33,72,25
CUST010307,59.6,At Risk,91,34,41
CUST010308,73.6,Monitor,80,68,70
CUST010309,73.2,Monitor,73,44,88
CUST010310,48.6,At Risk,66,33,39
CUST010311,57.8,At Risk,41,97,55
CUST010312,64.8,Monitor,70,46,69
CUST010313,28.2,Critical,21,25,37
CUST010314,64.0,Monitor,71,84,47
CUST010315,53.2,At Risk,65,54,41
CUST010316,76.0,Monitor,75,86,72
CUST010317,51.8,At Risk,66,45,41
CUST010318,60.0,Monitor,92,56,30
CUST010319,63.8,Monitor,34,87,82
CUST010320,66.6,Monitor,34,97,84
CUST010321,48.8,At Risk,50,62,41
CUST010322,57.2,At Risk,80,34,46
CUST010323,74.8,Monitor,63,88,80
CUST010324,33.4,Critical,28,31,40
CUST010325,64.8,Monitor,47,48,91
CUST010326,48.0,At Risk,29,22,80
CUST010327,61.4,Monitor,70,57,55
CUST010328,27.8,Critical,25,33,28
CUST010329,43.0,At Risk,48,63,28
CUST010330,77.8,Monitor,75,99,70
CUST010331,74.2,Monitor,57,87,85
CUST010332,72.0,Monitor,81,50,74
CUST010333,71.4,Monitor,85,89,49
CUST010334,26.2,Critical,26,33,23
CUST010335,57.2,At Risk,85,68,24
CUST010336,55.2,At Risk,30,40,88
CUST010337,34.2,Critical,42,43,22
CUST010338,42.4,At Risk,27,92,33
CUST010339,66.8,Monitor,67,98,51
CUST010340,78.8,Monitor,72,88,81
CUST010341,40.0,At Risk,26,58,45
CUST010342,73.4,Monitor,85,83,57
CUST010343,66.6,Monitor,91,55,48
CUST010344,40.8,At Risk,24,22,67
CUST010345,51.8,At Risk,67,75,25
CUST010346,67.4,Monitor,83,79,46
CUST010347,58.8,At Risk,56,70,56
CUST010348,53.4,At Risk,22,29,97
CUST010349,51.0,At Risk,63,87,21
CUST010350,66.0,Monitor,54,62,80
CUST010351,59.6,At Risk,81,40,48
CUST010352,49.4,At Risk,46,55,50
CUST010353,64.6,Monitor,86,77,37
CUST010354,74.8,Monitor,43,94,97
CUST010355,31.2,Critical,20,32,42
CUST010356,34.6,Critical,34,29,38
CUST010357,67.2,Monitor,57,46,88
CUST010358,61.4,Monitor,66,31,72
CUST010359,50.0,At Risk,22,74,66
CUST010360,59.4,At Risk,44,23,93
CUST010361,60.2,Monitor,33,71,82
CUST010362,51.8,At Risk,24,37,87
CUST010363,31.8,Critical,24,57,27
CUST010364,58.0,At Risk,74,22,60
CUST010365,80.0,Healthy,65,86,92
CUST010366,74.0,Monitor,70,98,66
CUST010367,39.0,Critical,40,33,41
CUST010368,40.4,At Risk,51,34,33
CUST010369,59.4,At Risk,72,89,32
CUST010370,49.2,At Risk,71,54,25
CUST010371,47.2,At Risk,54,28,50
CUST010372,40.6,At Risk,41,31,45
CUST010373,79.6,Monitor,95,86,61
CUST010374,71.2,Monitor,65,28,99
CUST010375,40.4,At Risk,30,54,44
CUST010376,44.2,At Risk,48,23,51
CUST010377,36.0,Critical,38,22,41
CUST010378,50.0,At Risk,21,54,77
CUST010379,59.0,At Risk,46,47,78
CUST010380,49.6,At Risk,68,20,46
CUST010381,64.8,Monitor,78,38,65
CUST010382,80.0,Healthy,80,64,88
CUST010383,78.8,Monitor,83,86,71
CUST010384,73.8,Monitor,99,93,39
CUST010385,63.8,Monitor,61,61,68
CUST010386,73.0,Monitor,45,89,93
CUST010387,36.0,Critical,35,44,33
CUST010388,63.6,Monitor,21,94,91
CUST010389,64.8,Monitor,33,84,87
CUST010390,60.6,Monitor,83,63,37
CUST010391,46.2,At Risk,53,29,48
CUST010392,73.2,Monitor,71,98,63
CUST010393,65.0,Monitor,63,99,50
CUST010394,56.8,At Risk,49,30,78
CUST010395,34.2,Critical,31,43,33
CUST010396,67.0,Monitor,79,99,39
CUST010397,58.0,At Risk,30,80,75
CUST010398,55.2,At Risk,42,90,51
CUST010399,47.2,At Risk,57,30,46
CUST010400,59.2,At Risk,50,54,71
CUST010401,68.0,Monitor,95,60,45
CUST010402,81.4,Healthy,70,89,89
CUST010403,47.6,At Risk,36,38,64
CUST010404,60.6,Monitor,54,75,60
CUST010405,52.6,At Risk,22,89,65
CUST010406,62.4,Monitor,24,84,90
CUST010407,75.2,Monitor,53,94,88
CUST010408,63.6,Monitor,90,68,35
CUST010409,72.0,Monitor,68,68,78
CUST010410,36.4,Critical,43,54,21
CUST010411,62.0,Monitor,96,46,36
CUST010412,53.0,At Risk,47,85,43
CUST010413,60.8,Monitor,87,66,32
CUST010414,75.0,Monitor,97,63,59
CUST010415,44.4,At Risk,56,62,24
CUST010416,47.8,At Risk,23,87,53
CUST010417,49.2,At Risk,29,64,62
CUST010418,78.0,Monitor,65,98,81
CUST010419,47.4,At Risk,33,81,45
CUST010420,64.6,Monitor,57,63,73
CUST010421,62.0,Monitor,91,80,24
CUST010422,30.8,Critical,29,52,22
CUST010423,64.2,Monitor,83,49,53
CUST010424,69.0,Monitor,73,79,60
CUST010425,37.8,Critical,47,43,26
CUST010426,45.6,At Risk,23,28,77
CUST010427,54.4,At Risk,66,20,60
CUST010428,61.4,Monitor,43,47,87
CUST010429,33.8,Critical,22,25,50
CUST010430,58.4,At Risk,96,40,30
CUST010431,52.6,At Risk,60,51,46
CUST010432,50.6,At Risk,71,37,37
CUST010433,32.0,Critical,38,36,24
CUST010434,60.4,Monitor,55,48,72
CUST010435,38.0,Critical,42,38,34
CUST010436,69.0,Monitor,61,35,94
CUST010437,43.4,At Risk,38,87,27
CUST010438,29.2,Critical,30,44,21
CUST010439,67.2,Monitor,86,84,40
CUST010440,81.4,Healthy,80,77,85
CUST010441,40.8,At Risk,35,36,49
CUST010442,85.2,Healthy,97,82,75
CUST010443,79.8,Monitor,88,87,68
CUST010444,79.2,Monitor,98,78,61
CUST010445,65.6,Monitor,36,80,88
CUST010446,73.0,Monitor,69,81,73
CUST010447,50.4,At Risk,70,54,29
CUST010448,43.6,At Risk,44,32,49
CUST010449,84.8,Healthy,97,62,84
CUST010450,82.6,Healthy,90,41,96
CUST010451,55.2,At Risk,22,42,95
CUST010452,39.8,Critical,47,27,39
CUST010453,47.6,At Risk,32,72,51
CUST010454,76.0,Monitor,94,50,71
CUST010455,40.4,At Risk,52,26,36
CUST010456,28.0,Critical,25,22,34
CUST010457,49.2,At Risk,44,76,41
CUST010458,59.8,At Risk,72,91,32
CUST010459,60.2,Monitor,65,95,38
CUST010460,66.2,Monitor,80,49,61
CUST010461,61.8,Monitor,79,81,35
CUST010462,52.2,At Risk,52,53,52
CUST010463,53.6,At Risk,64,22,59
CUST010464,32.8,Critical,27,50,30
CUST010465,53.2,At Risk,40,68,59
CUST010466,40.0,At Risk,39,82,20
CUST010467,91.2,Healthy,96,66,99
CUST010468,61.0,Monitor,83,75,32
CUST010469,50.8,At Risk,63,64,32
CUST010470,68.2,Monitor,45,79,86
CUST010471,40.6,At Risk,55,51,21
CUST010472,55.4,At Risk,41,45,75
CUST010473,46.2,At Risk,32,21,73
CUST010474,70.2,Monitor,91,21,74
CUST010475,77.8,Monitor,56,97,90
CUST010476,65.4,Monitor,54,61,79
CUST010477,70.8,Monitor,45,80,92
CUST010478,69.6,Monitor,64,68,76
CUST010479,69.0,Monitor,81,63,60
CUST010480,74.8,Monitor,90,66,64
CUST010481,75.0,Monitor,89,83,57
CUST010482,74.8,Monitor,92,64,63
CUST010483,68.6,Monitor,71,35,83
CUST010484,68.4,Monitor,57,62,83
CUST010485,90.6,Healthy,92,97,86
CUST010486,61.4,Monitor,66,71,52
CUST010487,75.0,Monitor,76,83,70
CUST010488,63.8,Monitor,28,93,85
CUST010489,66.2,Monitor,75,25,78
CUST010490,64.4,Monitor,65,46,73
CUST010491,59.6,At Risk,63,76,48
CUST010492,50.4,At Risk,77,22,38
CUST010493,50.4,At Risk,64,40,42
CUST010494,66.2,Monitor,89,91,31
CUST010495,32.6,Critical,36,39,26
CUST010496,32.2,Critical,40,39,21
CUST010497,45.8,At Risk,31,91,38
CUST010498,44.2,At Risk,37,23,62
CUST010499,83.6,Healthy,77,98,83
CUST010500,55.4,At Risk,26,85,70
CUST010501,51.4,At Risk,34,27,81
CUST010502,47.8,At Risk,71,27,35
CUST010503,45.0,At Risk,43,87,26
CUST010504,58.4,At Risk,53,98,44
CUST010505,80.4,Healthy,81,52,94
CUST010506,54.0,At Risk,58,50,52
CUST010507,60.2,Monitor,65,49,61
CUST010508,80.6,Healthy,70,67,98
CUST010509,56.0,At Risk,34,26,93
CUST010510,63.0,Monitor,73,25,72
CUST010511,55.8,At Risk,29,75,73
CUST010512,57.2,At Risk,98,30,30
CUST010513,76.6,Monitor,67,55,97
CUST010514,51.6,At Risk,25,44,82
CUST010515,48.0,At Risk,20,84,58
CUST010516,77.2,Monitor,62,74,94
CUST010517,47.6,At Risk,26,56,65
CUST010518,58.0,At Risk,77,50,43
CUST010519,76.6,Monitor,82,89,65
CUST010520,63.6,Monitor,84,76,37
CUST010521,61.2,Monitor,31,50,97
CUST010522,61.4,Monitor,96,45,35
CUST010523,62.4,Monitor,25,70,96
CUST010524,59.2,At Risk,23,80,85
CUST010525,37.0,Critical,37,47,32
CUST010526,59.0,At Risk,67,97,32
CUST010527,65.2,Monitor,65,48,74
CUST010528,49.4,At Risk,22,47,78
CUST010529,67.4,Monitor,98,67,37
CUST010530,56.4,At Risk,68,82,32
CUST010531,94.0,Healthy,94,90,96
CUST010532,36.6,Critical,36,29,41
CUST010533,70.2,Monitor,90,27,72
CUST010534,76.4,Monitor,76,92,69
CUST010535,62.4,Monitor,63,62,62
CUST010536,48.2,At Risk,51,37,51
CUST010537,36.2,Critical,22,85,26
CUST010538,79.2,Monitor,75,86,80
CUST010539,68.0,Monitor,71,44,77
CUST010540,80.4,Healthy,96,50,80
CUST010541,48.0,At Risk,40,84,38
CUST010542,58.4,At Risk,67,34,62
CUST010543,40.2,At Risk,41,63,28
CUST010544,44.2,At Risk,40,85,28
CUST010545,66.8,Monitor,85,74,45
CUST010546,63.2,Monitor,26,74,95
CUST010547,58.8,At Risk,23,62,93
CUST010548,74.6,Monitor,77,27,96
CUST010549,65.6,Monitor,87,26,64
CUST010550,63.2,Monitor,59,26,86
CUST010551,50.8,At Risk,46,20,71
CUST010552,42.4,At Risk,29,24,65
CUST010553,50.6,At Risk,60,69,32
CUST010554,58.2,At Risk,80,63,34
CUST010555,62.2,Monitor,47,71,73
CUST010556,63.6,Monitor,61,52,72
CUST010557,56.0,At Risk,26,42,93
CUST010558,36.0,Critical,27,56,35
CUST010559,43.2,At Risk,54,52,28
CUST010560,72.0,Monitor,73,38,88
CUST010561,72.4,Monitor,62,52,93
CUST010562,76.4,Monitor,91,80,60
CUST010563,48.0,At Risk,25,88,51
CUST010564,63.6,Monitor,57,22,91
CUST010565,50.0,At Risk,34,98,42
CUST010566,64.4,Monitor,89,58,43
CUST010567,48.2,At Risk,49,77,33
CUST010568,72.4,Monitor,79,30,87
CUST010569,50.6,At Risk,20,39,87
CUST010570,73.4,Monitor,57,95,79
CUST010571,88.6,Healthy,91,67,97
CUST010572,56.2,At Risk,40,51,75
CUST010573,37.6,Critical,52,40,22
CUST010574,59.6,At Risk,97,60,22
CUST010575,80.8,Healthy,76,98,77
CUST010576,61.2,Monitor,45,26,95
CUST010577,61.2,Monitor,83,72,34
CUST010578,58.8,At Risk,72,54,48
CUST010579,48.2,At Risk,46,79,35
CUST010580,46.4,At Risk,75,36,23
CUST010581,53.2,At Risk,61,30,57
CUST010582,51.0,At Risk,64,79,24
CUST010583,50.4,At Risk,60,24,54
CUST010584,53.2,At Risk,34,80,59
CUST010585,68.2,Monitor,98,63,41
CUST010586,64.4,Monitor,73,44,66
CUST010587,56.8,At Risk,54,28,74
CUST010588,57.6,At Risk,29,38,96
CUST010589,33.4,Critical,37,37,28
CUST010590,69.4,Monitor,72,71,66
CUST010591,37.6,Critical,24,28,56
CUST010592,47.0,At Risk,48,39,50
CUST010593,49.0,At Risk,48,23,63
CUST010594,74.8,Monitor,93,30,79
CUST010595,86.4,Healthy,92,78,85
CUST010596,65.2,Monitor,81,28,68
CUST010597,73.6,Monitor,57,58,98
CUST010598,49.6,At Risk,51,36,55
CUST010599,46.8,At Risk,43,32,58
CUST010600,46.0,At Risk,66,34,32
CUST010601,57.2,At Risk,40,88,59
CUST010602,66.2,Monitor,53,63,81
CUST010603,93.2,Healthy,89,90,99
CUST010604,50.8,At Risk,31,82,55
CUST010605,62.4,Monitor,60,62,65
CUST010606,61.0,Monitor,49,51,78
CUST010607,78.2,Monitor,87,95,61
CUST010608,55.4,At Risk,96,25,30
CUST010609,70.4,Monitor,84,94,45
CUST010610,81.4,Healthy,96,27,94
CUST010611,59.8,At Risk,93,49,32
CUST010612,67.2,Monitor,38,62,99
CUST010613,42.0,At Risk,33,36,54
CUST010614,45.6,At Risk,49,54,38
CUST010615,72.0,Monitor,65,52,89
CUST010616,42.0,At Risk,23,96,34
CUST010617,57.2,At Risk,53,86,47
CUST010618,69.4,Monitor,72,25,89
CUST010619,62.8,Monitor,40,68,83
CUST010620,82.0,Healthy,72,90,88
CUST010621,50.8,At Risk,80,44,25
CUST010622,82.2,Healthy,81,57,96
CUST010623,38.6,Critical,49,53,21
CUST010624,40.6,At Risk,30,25,59
CUST010625,84.6,Healthy,77,75,97
CUST010626,64.6,Monitor,80,31,66
CUST010627,78.8,Monitor,81,42,95
CUST010628,46.6,At Risk,42,47,51
CUST010629,49.8,At Risk,27,89,53
CUST010630,45.8,At Risk,49,57,37
CUST010631,71.6,Monitor,78,38,82
CUST010632,58.8,At Risk,52,78,56
CUST010633,56.4,At Risk,49,24,80
CUST010634,63.0,Monitor,82,29,61
CUST010635,48.6,At Risk,65,55,29
CUST010636,67.6,Monitor,48,60,91
CUST010637,57.4,At Risk,45,87,55
CUST010638,54.8,At Risk,66,60,41
CUST010639,40.6,At Risk,23,29,64
CUST010640,30.6,Critical,39,21,27
CUST010641,73.2,Monitor,75,32,92
CUST010642,63.0,Monitor,81,33,60
CUST010643,66.6,Monitor,80,69,52
CUST010644,76.2,Monitor,51,93,93
CUST010645,56.6,At Risk,51,21,80
CUST010646,58.4,At Risk,36,78,71
CUST010647,52.4,At Risk,40,90,46
CUST010648,54.8,At Risk,67,46,47
CUST010649,85.2,Healthy,94,80,79
CUST010650,50.2,At Risk,38,53,61
CUST010651,43.2,At Risk,31,66,44
CUST010652,57.4,At Risk,80,51,38
CUST010653,76.4,Monitor,82,88,65
CUST010654,48.0,At Risk,48,34,55
CUST010655,31.8,Critical,29,31,35
CUST010656,72.2,Monitor,55,87,82
CUST010657,46.6,At Risk,45,81,31
CUST010658,82.8,Healthy,91,52,90
CUST010659,47.4,At Risk,45,59,44
CUST010660,35.6,Critical,49,38,21
CUST010661,64.6,Monitor,45,65,84
CUST010662,49.0,At Risk,42,93,34
CUST010663,64.8,Monitor,46,74,79
CUST010664,41.0,At Risk,45,33,41
CUST010665,71.6,Monitor,93,82,45
CUST010666,40.2,At Risk,23,21,67
CUST010667,61.0,Monitor,43,59,80
CUST010668,67.8,Monitor,69,95,53
CUST010669,57.2,At Risk,92,58,22
CUST010670,68.0,Monitor,93,84,35
CUST010671,51.2,At Risk,39,74,52
CUST010672,66.2,Monitor,99,79,27
CUST010673,57.2,At Risk,82,26,48
CUST010674,68.6,Monitor,74,87,54
CUST010675,56.2,At Risk,64,75,39
CUST010676,56.6,At Risk,84,65,25
CUST010677,65.0,Monitor,45,51,92
CUST010678,65.4,Monitor,35,87,85
CUST010679,84.6,Healthy,99,27,99
CUST010680,56.0,At Risk,47,90,48
CUST010681,81.0,Healthy,60,93,96
CUST010682,33.6,Critical,21,78,24
CUST010683,57.4,At Risk,33,33,94
CUST010684,50.2,At Risk,52,61,43
CUST010685,56.6,At Risk,39,35,85
CUST010686,38.4,Critical,51,50,20
CUST010687,51.0,At Risk,22,61,75
CUST010688,63.8,Monitor,56,95,56
CUST010689,76.6,Monitor,73,65,86
CUST010690,56.8,At Risk,65,88,33
CUST010691,57.4,At Risk,58,33,69
CUST010692,38.8,Critical,28,92,23
CUST010693,54.4,At Risk,36,64,68
CUST010694,79.4,Monitor,66,69,98
CUST010695,68.6,Monitor,71,69,66
CUST010696,45.6,At Risk,52,54,35
CUST010697,34.8,Critical,27,72,24
CUST010698,53.2,At Risk,34,86,56
CUST010699,55.0,At Risk,51,35,69
CUST010700,51.6,At Risk,72,20,47
CUST010701,74.8,Monitor,77,24,98
CUST010702,55.4,At Risk,62,67,43
CUST010703,42.4,At Risk,43,64,31
CUST010704,69.8,Monitor,42,81,92
CUST010705,60.0,Monitor,38,34,95
CUST010706,54.2,At Risk,31,45,82
CUST010707,52.4,At Risk,80,22,40
CUST010708,57.8,At Risk,39,99,56
CUST010709,48.4,At Risk,39,54,55
CUST010710,52.0,At Risk,20,74,73
CUST010711,72.2,Monitor,83,43,76
CUST010712,41.8,At Risk,59,39,26
CUST010713,37.8,Critical,23,65,39
CUST010714,58.4,At Risk,48,34,81
CUST010715,55.0,At Risk,30,27,94
CUST010716,58.2,At Risk,93,41,32
CUST010717,41.6,At Risk,54,20,40
CUST010718,49.6,At Risk,24,98,51
CUST010719,52.6,At Risk,35,35,79
CUST010720,53.0,At Risk,64,67,35
CUST010721,59.2,At Risk,62,90,41
CUST010722,55.6,At Risk,26,58,84
CUST010723,34.0,Critical,28,50,32
CUST010724,46.6,At Risk,34,25,70
CUST010725,40.2,At Risk,60,33,24
CUST010726,73.8,Monitor,76,89,64
CUST010727,67.2,Monitor,41,94,80
CUST010728,35.0,Critical,29,51,33
CUST010729,45.6,At Risk,38,74,39
CUST010730,72.4,Monitor,83,26,85
CUST010731,25.6,Critical,28,26,23
CUST010732,51.8,At Risk,79,57,22
CUST010733,40.6,At Risk,68,21,23
CUST010734,60.2,Monitor,66,37,66
CUST010735,71.6,Monitor,98,62,50
CUST010736,63.4,Monitor,48,81,70
CUST010737,80.2,Healthy,90,97,62
CUST010738,66.8,Monitor,93,88,30
CUST010739,80.4,Healthy,63,78,99
CUST010740,82.6,Healthy,71,81,95
CUST010741,91.8,Healthy,91,99,89
CUST010742,45.0,At Risk,31,37,63
CUST010743,79.8,Monitor,79,47,97
CUST010744,70.6,Monitor,86,97,42
CUST010745,57.0,At Risk,59,57,55
CUST010746,47.8,At Risk,46,93,27
CUST010747,49.4,At Risk,41,27,69
CUST010748,38.4,Critical,21,42,54
CUST010749,40.2,At Risk,46,21,44
CUST010750,57.2,At Risk,37,94,59
CUST010751,74.4,Monitor,72,30,99
CUST010752,69.6,Monitor,56,62,87
CUST010753,50.8,At Risk,38,80,49
CUST010754,89.8,Healthy,95,89,85
CUST010755,58.2,At Risk,70,31,60
CUST010756,55.0,At Risk,71,73,30
CUST010757,75.0,Monitor,47,97,92
CUST010758,57.8,At Risk,40,77,66
CUST010759,80.8,Healthy,91,52,85
CUST010760,55.8,At Risk,39,21,90
CUST010761,70.2,Monitor,92,99,34
CUST010762,63.6,Monitor,69,56,62
CUST010763,74.8,Monitor,62,90,80
CUST010764,55.8,At Risk,81,29,44
CUST010765,76.6,Monitor,87,29,90
CUST010766,67.8,Monitor,51,53,92
CUST010767,59.4,At Risk,90,57,30
CUST010768,69.0,Monitor,50,89,78
CUST010769,79.6,Monitor,88,86,68
CUST010770,73.2,Monitor,70,80,73
CUST010771,63.2,Monitor,43,80,75
CUST010772,40.6,At Risk,29,35,55
CUST010773,83.6,Healthy,90,94,72
CUST010774,47.4,At Risk,53,23,54
CUST010775,57.2,At Risk,37,58,77
CUST010776,67.6,Monitor,63,34,89
CUST010777,52.4,At Risk,20,46,88
CUST010778,60.8,Monitor,90,58,33
CUST010779,62.6,Monitor,49,79,68
CUST010780,51.0,At Risk,30,67,64
CUST010781,44.2,At Risk,42,69,34
CUST010782,53.6,At Risk,62,64,40
CUST010783,73.2,Monitor,72,68,77
CUST010784,53.2,At Risk,72,54,34
CUST010785,67.8,Monitor,51,53,92
CUST010786,69.2,Monitor,97,96,28
CUST010787,68.4,Monitor,84,22,76
CUST010788,54.8,At Risk,40,98,48
CUST010789,55.6,At Risk,55,98,35
CUST010790,44.2,At Risk,53,51,32
CUST010791,48.2,At Risk,42,29,64
CUST010792,57.6,At Risk,47,28,83
CUST010793,40.2,At Risk,20,29,66
CUST010794,52.6,At Risk,39,87,49
CUST010795,58.0,At Risk,42,48,79
CUST010796,57.4,At Risk,46,23,86
CUST010797,51.2,At Risk,36,72,56
CUST010798,38.6,Critical,27,61,39
CUST010799,63.8,Monitor,80,91,34
CUST010800,46.4,At Risk,43,26,60
CUST010801,48.4,At Risk,44,34,60
CUST010802,65.6,Monitor,58,22,95
CUST010803,37.8,Critical,41,31,38
CUST010804,41.4,At Risk,39,71,29
CUST010805,48.4,At Risk,25,84,54
CUST010806,39.0,Critical,25,65,40
CUST010807,43.4,At Risk,51,43,36
CUST010808,71.8,Monitor,66,91,68
CUST010809,77.6,Monitor,86,98,59
CUST010810,55.8,At Risk,29,87,67
CUST010811,54.4,At Risk,55,20,71
CUST010812,40.0,At Risk,44,58,27
CUST010813,67.6,Monitor,24,98,96
CUST010814,53.6,At Risk,56,80,38
CUST010815,71.0,Monitor,70,67,74
CUST010816,66.8,Monitor,29,92,92
CUST010817,34.2,Critical,31,57,26
CUST010818,61.2,Monitor,58,30,80
CUST010819,72.4,Monitor,69,46,89
CUST010820,42.2,At Risk,20,55,58
CUST010821,48.4,At Risk,72,32,33
CUST010822,60.8,Monitor,52,72,64
CUST010823,40.8,At Risk,32,92,24
CUST010824,43.2,At Risk,50,30,43
CUST010825,54.4,At Risk,66,90,25
CUST010826,51.0,At Risk,60,49,43
CUST010827,72.8,Monitor,99,24,71
CUST010828,52.6,At Risk,77,51,29
CUST010829,29.6,Critical,29,50,20
CUST010830,43.4,At Risk,63,41,25
CUST010831,84.0,Healthy,93,88,73
CUST010832,75.0,Monitor,51,91,91
CUST010833,56.8,At Risk,61,72,45
CUST010834,50.8,At Risk,73,46,31
CUST010835,64.8,Monitor,94,34,51
CUST010836,77.8,Monitor,71,71,88
CUST010837,31.2,Critical,29,24,37
CUST010838,40.8,At Risk,32,72,34
CUST010839,85.6,Healthy,97,40,97
CUST010840,61.4,Monitor,34,49,95
CUST010841,54.6,At Risk,23,75,76
CUST010842,42.2,At Risk,49,65,24
CUST010843,69.6,Monitor,66,32,92
CUST010844,72.6,Monitor,61,75,83
CUST010845,66.0,Monitor,67,30,83
CUST010846,78.4,Monitor,62,92,88
CUST010847,73.2,Monitor,71,28,98
CUST010848,28.8,Critical,24,32,32
CUST010849,40.8,At Risk,36,70,31
CUST010850,44.6,At Risk,53,45,36
CUST010851,72.2,Monitor,75,99,56
CUST010852,52.4,At Risk,26,82,64
CUST010853,48.4,At Risk,66,28,41
CUST010854,80.4,Healthy,68,96,85
CUST010855,43.0,At Risk,26,47,58
CUST010856,62.4,Monitor,60,86,53
CUST010857,67.8,Monitor,68,69,67
CUST010858,52.2,At Risk,23,63,76
CUST010859,76.0,Monitor,65,78,86
CUST010860,93.0,Healthy,98,81,94
CUST010861,57.6,At Risk,53,24,79
CUST010862,59.0,At Risk,52,27,82
CUST010863,52.6,At Risk,37,55,67
CUST010864,71.8,Monitor,72,47,84
CUST010865,40.2,At Risk,37,59,34
CUST010866,49.0,At Risk,69,49,29
CUST010867,44.0,At Risk,37,52,47
CUST010868,67.4,Monitor,31,79,98
CUST010869,61.6,Monitor,36,82,77
CUST010870,46.2,At Risk,58,59,28
CUST010871,58.0,At Risk,67,98,29
CUST010872,56.2,At Risk,85,37,37
CUST010873,32.6,Critical,30,29,37
CUST010874,79.4,Monitor,82,55,89
CUST010875,71.6,Monitor,39,94,93
CUST010876,62.8,Monitor,94,56,35
CUST010877,57.2,At Risk,30,70,78
CUST010878,48.6,At Risk,25,55,69
CUST010879,60.6,Monitor,76,99,26
CUST010880,63.8,Monitor,68,53,65
CUST010881,70.6,Monitor,92,95,37
CUST010882,60.4,Monitor,55,92,50
CUST010883,56.2,At Risk,24,61,86
CUST010884,51.2,At Risk,25,70,68
CUST010885,66.6,Monitor,63,81,63
CUST010886,77.2,Monitor,85,28,94
CUST010887,68.2,Monitor,59,87,68
CUST010888,62.8,Monitor,53,70,69
CUST010889,75.8,Monitor,95,77,56
CUST010890,44.6,At Risk,44,33,51
CUST010891,69.2,Monitor,97,88,32
CUST010892,38.6,Critical,20,67,43
CUST010893,57.2,At Risk,55,40,68
CUST010894,64.4,Monitor,53,88,64
CUST010895,44.8,At Risk,53,64,27
CUST010896,52.2,At Risk,81,47,26
CUST010897,67.2,Monitor,66,54,75
CUST010898,61.0,Monitor,36,89,72
CUST010899,53.2,At Risk,71,22,51
CUST010900,62.8,Monitor,56,24,89
CUST010901,58.6,At Risk,87,33,43
CUST010902,51.0,At Risk,77,37,32
CUST010903,77.4,Monitor,76,87,74
CUST010904,54.0,At Risk,71,50,39
CUST010905,71.0,Monitor,87,83,49
CUST010906,76.0,Monitor,98,82,51
CUST010907,47.6,At Risk,43,76,38
CUST010908,57.2,At Risk,59,48,60
CUST010909,68.0,Monitor,96,92,28
CUST010910,28.8,Critical,27,30,30
CUST010911,65.6,Monitor,82,96,34
CUST010912,64.4,Monitor,60,90,56
CUST010913,59.2,At Risk,59,80,49
CUST010914,67.8,Monitor,47,67,89
CUST010915,79.8,Monitor,71,97,80
CUST010916,53.8,At Risk,59,67,42
CUST010917,64.0,Monitor,94,20,56
CUST010918,31.6,Critical,29,52,24
CUST010919,36.0,Critical,33,34,40
CUST010920,57.8,At Risk,33,71,76
CUST010921,76.6,Monitor,98,87,50
CUST010922,37.6,Critical,44,34,33
CUST010923,67.6,Monitor,92,40,57
CUST010924,49.2,At Risk,45,98,29
CUST010925,60.6,Monitor,77,49,50
CUST010926,69.4,Monitor,36,79,98
CUST010927,68.2,Monitor,75,75,58
CUST010928,55.0,At Risk,35,65,70
CUST010929,38.0,Critical,55,34,23
CUST010930,60.8,Monitor,61,36,73
CUST010931,85.4,Healthy,73,89,96
CUST010932,44.8,At Risk,59,50,28
CUST010933,58.0,At Risk,57,64,56
CUST010934,76.6,Monitor,87,55,77
CUST010935,47.4,At Risk,82,31,21
CUST010936,34.2,Critical,33,21,42
CUST010937,45.4,At Risk,38,37,57
CUST010938,61.4,Monitor,48,59,76
CUST010939,54.0,At Risk,48,24,75
CUST010940,73.8,Monitor,59,61,95
CUST010941,78.0,Monitor,63,74,95
CUST010942,69.4,Monitor,91,61,52
CUST010943,63.2,Monitor,45,34,96
CUST010944,46.4,At Risk,39,94,30
CUST010945,59.6,At Risk,60,74,52
CUST010946,78.2,Monitor,91,65,72
CUST010947,68.8,Monitor,57,92,69
CUST010948,52.4,At Risk,52,24,67
CUST010949,79.4,Monitor,77,89,77
CUST010950,62.0,Monitor,49,22,95
CUST010951,64.4,Monitor,59,80,62
CUST010952,58.4,At Risk,48,32,82
CUST010953,64.0,Monitor,87,70,38
CUST010954,57.0,At Risk,42,85,58
CUST010955,61.4,Monitor,70,47,60
CUST010956,66.6,Monitor,24,95,95
CUST010957,76.0,Monitor,62,92,82
CUST010958,46.4,At Risk,59,54,30
CUST010959,38.6,Critical,45,37,33
CUST010960,71.0,Monitor,93,83,43
CUST010961,57.6,At Risk,49,78,56
CUST010962,44.6,At Risk,41,47,47
CUST010963,51.8,At Risk,37,95,45
CUST010964,34.4,Critical,30,44,34
CUST010965,55.6,At Risk,43,36,78
CUST010966,37.2,Critical,47,46,23
CUST010967,73.2,Monitor,78,86,62
CUST010968,47.0,At Risk,36,77,43
CUST010969,78.6,Monitor,83,87,70
CUST010970,80.2,Healthy,95,73,69
CUST010971,47.0,At Risk,58,67,26
CUST010972,66.8,Monitor,38,60,99
CUST010973,48.0,At Risk,20,66,67
CUST010974,55.4,At Risk,34,61,74
CUST010975,46.0,At Risk,52,74,26
CUST010976,63.2,Monitor,60,24,86
CUST010977,54.4,At Risk,34,92,56
CUST010978,80.6,Healthy,90,37,93
CUST010979,59.2,At Risk,52,32,80
CUST010980,58.0,At Risk,82,64,31
CUST010981,35.2,Critical,44,26,31
CUST010982,69.2,Monitor,94,96,31
CUST010983,86.2,Healthy,78,85,95
CUST010984,59.6,At Risk,82,92,21
CUST010985,43.0,At Risk,53,67,21
CUST010986,53.0,At Risk,34,95,51
CUST010987,65.8,Monitor,91,41,53
CUST010988,65.4,Monitor,64,97,51
CUST010989,50.4,At Risk,57,20,59
CUST010990,95.4,Healthy,99,85,97
CUST010991,63.2,Monitor,70,36,70
CUST010992,79.0,Monitor,86,43,90
CUST010993,67.8,Monitor,86,83,42
CUST010994,88.0,Healthy,92,84,86
CUST010995,61.8,Monitor,90,27,51
CUST010996,59.8,At Risk,56,61,63
CUST010997,63.4,Monitor,62,63,65
CUST010998,66.2,Monitor,95,27,57
CUST010999,77.2,Monitor,67,96,78
CUST011000,46.0,At Risk,24,74,54
CUST011001,80.8,Healthy,84,88,74
CUST011002,60.4,Monitor,52,70,64
CUST011003,55.0,At Risk,32,23,94
CUST011004,76.2,Monitor,68,91,77
CUST011005,61.8,Monitor,81,93,27
CUST011006,60.2,Monitor,54,73,60
CUST011007,63.4,Monitor,65,71,58
CUST011008,64.4,Monitor,89,24,60
CUST011009,74.4,Monitor,60,96,78
CUST011010,60.4,Monitor,89,30,47
CUST011011,53.0,At Risk,29,93,57
CUST011012,53.8,At Risk,58,95,29
CUST011013,74.8,Monitor,92,60,65
CUST011014,55.2,At Risk,84,36,36
CUST011015,47.2,At Risk,45,46,50
CUST011016,58.0,At Risk,39,62,75
CUST011017,64.6,Monitor,70,93,45
CUST011018,37.0,Critical,55,29,23
CUST011019,75.4,Monitor,78,67,77
CUST011020,70.6,Monitor,93,97,35
CUST011021,59.2,At Risk,67,54,54
CUST011022,48.6,At Risk,20,75,64
CUST011023,35.6,Critical,33,40,36
CUST011024,69.2,Monitor,40,68,99
CUST011025,52.6,At Risk,71,75,23
CUST011026,95.2,Healthy,98,92,94
CUST011027,48.8,At Risk,28,34,77
CUST011028,43.6,At Risk,20,22,78
CUST011029,70.2,Monitor,76,43,78
CUST011030,79.8,Monitor,69,81,90
CUST011031,38.0,Critical,41,52,28
CUST011032,81.8,Healthy,77,77,89
CUST011033,54.2,At Risk,92,47,20
CUST011034,33.2,Critical,47,26,23
CUST011035,47.0,At Risk,49,95,21
CUST011036,65.0,Monitor,31,79,92
CUST011037,85.4,Healthy,93,99,71
CUST011038,62.4,Monitor,70,88,42
CUST011039,48.0,At Risk,53,72,31
CUST011040,69.0,Monitor,36,99,87
CUST011041,57.8,At Risk,51,27,80
CUST011042,62.6,Monitor,64,65,60
CUST011043,54.6,At Risk,85,21,41
CUST011044,43.0,At Risk,25,61,52
CUST011045,29.4,Critical,22,61,21
CUST011046,80.6,Healthy,97,61,74
CUST011047,75.8,Monitor,77,39,93
CUST011048,67.6,Monitor,93,32,60
CUST011049,72.4,Monitor,83,58,69
CUST011050,62.2,Monitor,58,71,62
CUST011051,64.0,Monitor,57,42,82
CUST011052,51.2,At Risk,81,46,24
CUST011053,51.8,At Risk,33,41,76
CUST011054,78.6,Monitor,99,55,70
CUST011055,61.4,Monitor,43,67,77
CUST011056,56.4,At Risk,30,74,74
CUST011057,48.6,At Risk,29,49,68
CUST011058,80.2,Healthy,80,73,84
CUST011059,59.0,At Risk,73,75,37
CUST011060,34.2,Critical,35,43,29
CUST011061,54.2,At Risk,54,57,53
CUST011062,61.8,Monitor,46,51,83
CUST011063,38.0,Critical,23,94,25
CUST011064,67.4,Monitor,87,63,50
CUST011065,48.0,At Risk,30,42,69
CUST011066,46.0,At Risk,51,64,32
CUST011067,51.6,At Risk,44,94,38
CUST011068,28.6,Critical,39,25,20
CUST011069,78.0,Monitor,93,28,88
CUST011070,51.2,At Risk,55,86,30
CUST011071,73.8,Monitor,36,99,99
CUST011072,57.0,At Risk,49,97,45
CUST011073,43.2,At Risk,28,86,37
CUST011074,65.2,Monitor,82,64,49
CUST011075,61.6,Monitor,33,84,79
CUST011076,48.4,At Risk,53,86,25
CUST011077,69.2,Monitor,36,78,98
CUST011078,55.6,At Risk,65,36,56
CUST011079,66.6,Monitor,42,93,78
CUST011080,77.8,Monitor,52,87,99
CUST011081,76.4,Monitor,99,96,44
CUST011082,43.6,At Risk,20,52,63
CUST011083,68.0,Monitor,48,54,95
CUST011084,80.6,Healthy,61,97,92
CUST011085,59.4,At Risk,61,89,43
CUST011086,52.8,At Risk,33,78,60
CUST011087,58.0,At Risk,37,40,88
CUST011088,60.8,Monitor,59,40,73
CUST011089,61.2,Monitor,71,58,53
CUST011090,61.2,Monitor,71,30,67
CUST011091,77.2,Monitor,78,60,85
CUST011092,80.8,Healthy,75,68,93
CUST011093,57.0,At Risk,42,67,67
CUST011094,61.6,Monitor,43,28,97
CUST011095,59.0,At Risk,99,39,29
CUST011096,49.6,At Risk,34,72,54
CUST011097,62.8,Monitor,29,62,97
CUST011098,88.6,Healthy,95,97,78
CUST011099,64.2,Monitor,73,29,73
CUST011100,81.8,Healthy,96,85,66
CUST011101,56.4,At Risk,27,64,82
CUST011102,61.8,Monitor,54,87,57
CUST011103,55.2,At Risk,57,26,68
CUST011104,51.6,At Risk,26,42,82
CUST011105,50.6,At Risk,32,53,68
CUST011106,57.4,At Risk,71,93,26
CUST011107,65.2,Monitor,50,94,66
CUST011108,68.0,Monitor,92,60,48
CUST011109,56.4,At Risk,36,88,61
CUST011110,66.8,Monitor,69,52,72
CUST011111,34.4,Critical,21,80,25
CUST011112,55.4,At Risk,61,83,36
CUST011113,78.2,Monitor,82,93,67
CUST011114,67.6,Monitor,91,52,52
CUST011115,40.8,At Risk,46,36,38
CUST011116,57.4,At Risk,22,69,87
CUST011117,65.2,Monitor,96,78,28
CUST011118,90.6,Healthy,99,67,94
CUST011119,68.0,Monitor,57,54,86
CUST011120,84.4,Healthy,98,76,75
CUST011121,73.4,Monitor,65,63,87
CUST011122,52.6,At Risk,85,51,21
CUST011123,54.6,At Risk,60,23,65
CUST011124,54.8,At Risk,28,64,77
CUST011125,37.4,Critical,45,43,27
CUST011126,49.2,At Risk,52,62,40
CUST011127,41.6,At Risk,26,50,53
CUST011128,62.2,Monitor,34,51,96
CUST011129,60.2,Monitor,74,37,58
CUST011130,76.4,Monitor,70,58,92
CUST011131,74.0,Monitor,89,90,51
CUST011132,60.2,Monitor,51,93,53
CUST011133,63.4,Monitor,46,83,71
CUST011134,55.2,At Risk,61,24,65
CUST011135,52.8,At Risk,28,22,93
CUST011136,56.0,At Risk,54,70,51
CUST011137,82.4,Healthy,74,76,94
CUST011138,60.4,Monitor,94,46,34
CUST011139,58.8,At Risk,21,80,86
CUST011140,67.4,Monitor,74,73,58
CUST011141,65.0,Monitor,75,47,64
CUST011142,56.4,At Risk,75,88,22
CUST011143,81.8,Healthy,73,83,90
CUST011144,55.0,At Risk,67,49,46
CUST011145,65.8,Monitor,53,33,95
CUST011146,42.0,At Risk,42,42,42
CUST011147,64.4,Monitor,42,72,83
CUST011148,78.4,Monitor,78,72,82
CUST011149,83.0,Healthy,81,63,95
CUST011150,60.2,Monitor,79,93,25
CUST011151,40.4,At Risk,35,64,34
CUST011152,78.8,Monitor,97,74,63
CUST011153,55.8,At Risk,92,53,21
CUST011154,38.6,Critical,23,87,30
CUST011155,65.8,Monitor,84,33,64
CUST011156,81.2,Healthy,99,50,79
CUST011157,49.8,At Risk,32,45,70
CUST011158,34.6,Critical,38,37,30
CUST011159,91.6,Healthy,99,96,82
CUST011160,70.6,Monitor,38,97,90
CUST011161,53.8,At Risk,55,79,40
CUST011162,60.0,Monitor,87,82,22
CUST011163,62.2,Monitor,38,79,78
CUST011164,63.6,Monitor,62,74,60
CUST011165,74.4,Monitor,85,46,78
CUST011166,33.8,Critical,25,61,29
CUST011167,62.8,Monitor,37,74,83
CUST011168,59.0,At Risk,74,75,36
CUST011169,41.4,At Risk,38,47,42
CUST011170,28.0,Critical,21,30,34
CUST011171,71.8,Monitor,73,77,68
CUST011172,77.0,Monitor,80,31,97
CUST011173,53.2,At Risk,59,50,49
CUST011174,66.8,Monitor,57,64,78
CUST011175,60.0,Monitor,36,88,70
CUST011176,81.6,Healthy,95,58,80
CUST011177,54.0,At Risk,97,22,27
CUST011178,56.6,At Risk,23,73,82
CUST011179,82.6,Healthy,86,43,99
CUST011180,52.6,At Risk,47,45,62
CUST011181,71.4,Monitor,95,97,35
CUST011182,77.4,Monitor,81,35,95
CUST011183,57.4,At Risk,54,71,54
CUST011184,61.0,Monitor,29,73,87
CUST011185,38.0,Critical,38,54,30
CUST011186,75.6,Monitor,59,62,99
CUST011187,52.0,At Risk,79,26,38
CUST011188,59.4,At Risk,31,73,81
CUST011189,47.8,At Risk,66,35,36
CUST011190,51.8,At Risk,27,73,66
CUST011191,60.8,Monitor,94,48,34
CUST011192,75.0,Monitor,77,37,92
CUST011193,55.6,At Risk,60,32,63
CUST011194,53.2,At Risk,61,98,23
CUST011195,56.0,At Risk,60,70,45
CUST011196,53.0,At Risk,41,49,67
CUST011197,56.6,At Risk,62,35,62
CUST011198,60.2,Monitor,24,69,92
CUST011199,61.4,Monitor,31,59,93
CUST011200,38.0,Critical,33,36,44
CUST011201,70.6,Monitor,69,69,73
CUST011202,30.0,Critical,21,68,20
CUST011203,59.0,At Risk,38,57,81
CUST011204,70.0,Monitor,72,26,90
CUST011205,55.4,At Risk,22,53,90
CUST011206,66.4,Monitor,40,70,91
CUST011207,73.8,Monitor,99,65,53
CUST011208,69.4,Monitor,59,73,78
CUST011209,58.0,At Risk,96,28,35
CUST011210,65.0,Monitor,59,25,91
CUST011211,47.6,At Risk,26,52,67
CUST011212,37.8,Critical,54,39,21
CUST011213,44.8,At Risk,29,24,71
CUST011214,86.0,Healthy,76,96,91
CUST011215,36.6,Critical,49,25,30
CUST011216,72.4,Monitor,90,30,76
CUST011217,64.8,Monitor,48,78,75
CUST011218,81.8,Healthy,89,33,99
CUST011219,34.6,Critical,37,47,26
CUST011220,47.4,At Risk,22,37,78
CUST011221,57.8,At Risk,68,79,37
CUST011222,41.0,At Risk,48,21,44
CUST011223,63.0,Monitor,74,43,62
CUST011224,79.8,Monitor,86,37,95
CUST011225,85.0,Healthy,98,67,81
CUST011226,61.0,Monitor,59,93,47
CUST011227,41.6,At Risk,45,72,23
CUST011228,43.8,At Risk,56,27,40
CUST011229,65.8,Monitor,67,75,60
CUST011230,80.0,Healthy,79,68,87
CUST011231,65.2,Monitor,76,96,39
CUST011232,70.8,Monitor,96,60,51
CUST011233,56.6,At Risk,39,95,55
CUST011234,47.4,At Risk,47,67,38
CUST011235,70.2,Monitor,82,33,77
CUST011236,67.8,Monitor,59,39,91
CUST011237,65.6,Monitor,80,50,59
CUST011238,52.2,At Risk,29,61,71
CUST011239,65.8,Monitor,85,29,65
CUST011240,66.4,Monitor,70,98,47
CUST011241,33.2,Critical,24,62,28
CUST011242,67.6,Monitor,61,90,63
CUST011243,48.8,At Risk,84,20,28
CUST011244,49.8,At Risk,70,57,26
CUST011245,68.0,Monitor,84,46,63
CUST011246,63.4,Monitor,90,97,20
CUST011247,71.6,Monitor,83,38,77
CUST011248,67.4,Monitor,82,47,63
CUST011249,51.0,At Risk,46,39,62
CUST011250,70.0,Monitor,68,44,85
CUST011251,44.8,At Risk,61,52,25
CUST011252,55.2,At Risk,52,52,60
CUST011253,66.4,Monitor,60,68,72
CUST011254,52.4,At Risk,28,96,55
CUST011255,69.0,Monitor,84,41,68
CUST011256,63.2,Monitor,32,90,81
CUST011257,67.6,Monitor,96,96,25
CUST011258,67.8,Monitor,75,67,61
CUST011259,64.8,Monitor,82,70,45
CUST011260,76.2,Monitor,84,65,74
CUST011261,84.8,Healthy,97,98,66
CUST011262,47.8,At Risk,43,73,40
CUST011263,49.2,At Risk,65,74,21
CUST011264,62.6,Monitor,89,83,26
CUST011265,51.8,At Risk,44,63,54
CUST011266,48.2,At Risk,72,21,38
CUST011267,55.4,At Risk,81,29,43
CUST011268,80.0,Healthy,64,94,89
CUST011269,54.8,At Risk,51,32,70
CUST011270,72.2,Monitor,68,83,71
CUST011271,85.8,Healthy,96,95,71
CUST011272,34.4,Critical,31,62,24
CUST011273,53.8,At Risk,26,89,64
CUST011274,77.4,Monitor,58,79,96
CUST011275,29.0,Critical,20,27,39
CUST011276,55.8,At Risk,90,37,31
CUST011277,74.8,Monitor,61,66,93
CUST011278,70.0,Monitor,57,98,69
CUST011279,50.0,At Risk,39,64,54
CUST011280,60.8,Monitor,83,42,48
CUST011281,60.6,Monitor,32,61,89
CUST011282,40.4,At Risk,31,88,26
CUST011283,69.8,Monitor,86,33,72
CUST011284,63.0,Monitor,97,47,37
CUST011285,47.6,At Risk,60,30,44
CUST011286,57.0,At Risk,23,77,81
CUST011287,56.8,At Risk,28,66,81
CUST011288,54.4,At Risk,79,64,25
CUST011289,63.6,Monitor,41,46,95
CUST011290,35.2,Critical,41,48,23
CUST011291,47.6,At Risk,42,76,39
CUST011292,56.4,At Risk,70,86,28
CUST011293,50.4,At Risk,40,36,68
CUST011294,72.8,Monitor,74,94,61
CUST011295,71.6,Monitor,86,82,52
CUST011296,70.4,Monitor,66,98,61
CUST011297,65.0,Monitor,38,77,86
CUST011298,78.0,Monitor,88,92,61
CUST011299,73.6,Monitor,44,88,96
CUST011300,66.8,Monitor,63,22,93
CUST011301,31.0,Critical,31,49,22
CUST011302,54.2,At Risk,42,77,55
CUST011303,49.2,At Risk,46,98,28
CUST011304,70.6,Monitor,83,81,53
CUST011305,58.6,At Risk,70,71,41
CUST011306,57.6,At Risk,82,40,42
CUST011307,42.8,At Risk,66,36,23
CUST011308,73.4,Monitor,55,95,81
CUST011309,54.2,At Risk,25,97,62
CUST011310,71.4,Monitor,62,99,67
CUST011311,41.6,At Risk,40,60,34
CUST011312,73.0,Monitor,83,99,50
CUST011313,49.0,At Risk,42,31,65
CUST011314,50.6,At Risk,20,95,59
CUST011315,62.2,Monitor,73,69,48
CUST011316,88.4,Healthy,88,92,87
CUST011317,71.8,Monitor,70,79,70
CUST011318,70.6,Monitor,78,21,88
CUST011319,58.6,At Risk,82,67,31
CUST011320,80.0,Healthy,89,74,74
CUST011321,42.2,At Risk,26,73,43
CUST011322,71.0,Monitor,65,39,93
CUST011323,77.4,Monitor,56,97,89
CUST011324,58.0,At Risk,55,48,66
CUST011325,52.6,At Risk,48,95,36
CUST011326,77.4,Monitor,81,77,74
CUST011327,49.6,At Risk,28,26,83
CUST011328,67.2,Monitor,72,76,58
CUST011329,79.6,Monitor,96,52,77
CUST011330,54.8,At Risk,70,30,52
CUST011331,84.4,Healthy,97,82,73
CUST011332,50.8,At Risk,87,20,30
CUST011333,53.2,At Risk,98,28,21
CUST011334,46.8,At Risk,30,52,61
CUST011335,53.6,At Risk,22,32,96
CUST011336,42.4,At Risk,25,40,61
CUST011337,62.4,Monitor,62,46,71
CUST011338,39.2,Critical,21,28,63
CUST011339,45.6,At Risk,67,40,27
CUST011340,59.4,At Risk,43,49,81
CUST011341,62.0,Monitor,76,80,39
CUST011342,42.6,At Risk,21,37,67
CUST011343,62.6,Monitor,72,97,36
CUST011344,60.4,Monitor,56,88,51
CUST011345,57.4,At Risk,67,77,38
CUST011346,56.6,At Risk,62,89,35
CUST011347,87.0,Healthy,80,81,97
CUST011348,69.4,Monitor,77,57,68
CUST011349,63.4,Monitor,92,73,30
CUST011350,48.4,At Risk,44,96,29
CUST011351,68.0,Monitor,42,64,96
CUST011352,69.4,Monitor,66,63,76
CUST011353,60.6,Monitor,69,21,72
CUST011354,64.0,Monitor,55,76,67
CUST011355,60.2,Monitor,73,49,53
CUST011356,56.8,At Risk,65,76,39
CUST011357,79.4,Monitor,67,71,96
CUST011358,79.4,Monitor,95,41,83
CUST011359,76.0,Monitor,79,64,79
CUST011360,56.0,At Risk,37,64,71
CUST011361,53.8,At Risk,52,33,66
CUST011362,56.6,At Risk,94,25,35
CUST011363,54.4,At Risk,48,40,68
CUST011364,81.2,Healthy,77,66,93
CUST011365,66.6,Monitor,90,73,40
CUST011366,41.2,At Risk,38,22,54
CUST011367,55.0,At Risk,79,23,47
CUST011368,57.4,At Risk,21,61,92
CUST011369,69.8,Monitor,78,27,83
CUST011370,75.0,Monitor,76,65,79
CUST011371,49.8,At Risk,75,31,34
CUST011372,58.2,At Risk,85,21,50
CUST011373,61.6,Monitor,64,94,43
CUST011374,69.2,Monitor,50,58,94
CUST011375,66.0,Monitor,71,80,54
CUST011376,61.8,Monitor,46,47,85
CUST011377,56.0,At Risk,92,26,35
CUST011378,50.6,At Risk,81,39,26
CUST011379,64.8,Monitor,38,80,84
CUST011380,47.2,At Risk,32,98,37
CUST011381,43.8,At Risk,42,69,33
CUST011382,89.0,Healthy,95,61,97
CUST011383,85.6,Healthy,97,76,79
CUST011384,75.6,Monitor,82,82,66
CUST011385,55.2,At Risk,27,56,83
CUST011386,53.2,At Risk,62,70,36
CUST011387,58.6,At Risk,75,83,30
CUST011388,45.4,At Risk,35,85,36
CUST011389,56.8,At Risk,68,68,40
CUST011390,85.8,Healthy,89,67,92
CUST011391,38.6,Critical,24,37,54
CUST011392,71.0,Monitor,87,23,79
CUST011393,94.2,Healthy,96,81,99
CUST011394,62.0,Monitor,79,30,61
CUST011395,54.6,At Risk,27,41,89
CUST011396,80.6,Healthy,94,35,90
CUST011397,74.2,Monitor,90,39,76
CUST011398,49.8,At Risk,64,47,37
CUST011399,65.6,Monitor,56,80,68
CUST011400,59.2,At Risk,74,70,39
CUST011401,43.8,At Risk,23,85,44
CUST011402,43.4,At Risk,23,29,71
CUST011403,47.2,At Risk,33,60,55
CUST011404,57.8,At Risk,50,69,60
CUST011405,74.0,Monitor,95,88,46
CUST011406,58.4,At Risk,63,66,50
CUST011407,37.6,Critical,39,60,25
CUST011408,45.4,At Risk,47,33,50
CUST011409,72.4,Monitor,77,90,59
CUST011410,87.4,Healthy,86,69,98
CUST011411,57.0,At Risk,91,33,35
CUST011412,69.6,Monitor,78,20,86
CUST011413,78.6,Monitor,69,81,87
CUST011414,56.4,At Risk,46,24,83
CUST011415,85.8,Healthy,85,75,92
CUST011416,56.4,At Risk,55,48,62
CUST011417,41.6,At Risk,42,20,52
CUST011418,71.0,Monitor,75,31,87
CUST011419,50.0,At Risk,27,90,53
CUST011420,72.2,Monitor,45,91,90
CUST011421,65.2,Monitor,59,40,84
CUST011422,30.4,Critical,28,26,35
CUST011423,78.2,Monitor,94,29,87
CUST011424,64.6,Monitor,36,59,96
CUST011425,64.0,Monitor,96,46,41
CUST011426,57.4,At Risk,59,61,54
CUST011427,37.8,Critical,22,79,33
CUST011428,65.8,Monitor,92,51,47
CUST011429,42.6,At Risk,54,33,36
CUST011430,48.2,At Risk,34,43,65
CUST011431,59.8,At Risk,47,45,80
CUST011432,36.6,Critical,29,55,35
CUST011433,95.8,Healthy,93,99,97
CUST011434,41.4,At Risk,65,27,25
CUST011435,42.2,At Risk,22,89,39
CUST011436,35.6,Critical,42,38,28
CUST011437,38.0,Critical,36,68,25
CUST011438,44.8,At Risk,36,66,43
CUST011439,60.6,Monitor,68,53,57
CUST011440,56.8,At Risk,92,32,34
CUST011441,60.4,Monitor,91,70,25
CUST011442,69.2,Monitor,69,48,80
CUST011443,75.6,Monitor,81,88,64
CUST011444,59.6,At Risk,20,60,99
CUST011445,45.4,At Risk,32,31,66
CUST011446,60.8,Monitor,93,48,35
CUST011447,33.2,Critical,25,52,32
CUST011448,65.0,Monitor,95,85,25
CUST011449,69.6,Monitor,29,92,99
CUST011450,41.8,At Risk,50,29,40
CUST011451,59.0,At Risk,27,85,78
CUST011452,43.4,At Risk,53,23,44
CUST011453,51.0,At Risk,35,67,59
CUST011454,73.0,Monitor,85,49,73
CUST011455,87.4,Healthy,95,71,88
CUST011456,82.2,Healthy,67,91,93
CUST011457,66.2,Monitor,91,73,38
CUST011458,61.8,Monitor,21,79,94
CUST011459,95.4,Healthy,96,91,97
CUST011460,70.2,Monitor,71,41,84
CUST011461,69.4,Monitor,65,49,84
CUST011462,63.8,Monitor,94,59,36
CUST011463,27.0,Critical,23,47,21
CUST011464,52.8,At Risk,45,26,74
CUST011465,53.0,At Risk,23,39,90
CUST011466,67.0,Monitor,87,27,67
CUST011467,68.2,Monitor,51,61,89
CUST011468,52.0,At Risk,47,86,40
CUST011469,66.6,Monitor,93,47,50
CUST011470,67.0,Monitor,74,75,56
CUST011471,72.8,Monitor,86,54,69
CUST011472,61.2,Monitor,63,34,73
CUST011473,57.8,At Risk,44,73,64
CUST011474,41.4,At Risk,34,67,36
CUST011475,57.6,At Risk,77,58,38
CUST011476,62.8,Monitor,71,24,74
CUST011477,63.2,Monitor,43,88,71
CUST011478,65.6,Monitor,34,62,99
CUST011479,81.8,Healthy,93,29,97
CUST011480,34.4,Critical,21,48,41
CUST011481,42.2,At Risk,44,71,26
CUST011482,56.8,At Risk,50,54,65
CUST011483,70.8,Monitor,66,44,89
CUST011484,38.2,Critical,31,57,36
CUST011485,41.0,At Risk,47,29,41
CUST011486,64.4,Monitor,55,32,90
CUST011487,62.4,Monitor,62,86,51
CUST011488,65.6,Monitor,47,96,69
CUST011489,58.2,At Risk,97,41,28
CUST011490,43.2,At Risk,21,54,60
CUST011491,85.0,Healthy,82,63,99
CUST011492,35.2,Critical,47,22,30
CUST011493,56.6,At Risk,44,87,54
CUST011494,53.2,At Risk,54,20,69
CUST011495,52.8,At Risk,47,82,44
CUST011496,43.8,At Risk,27,97,34
CUST011497,46.6,At Risk,40,21,66
CUST011498,53.0,At Risk,62,57,42
CUST011499,34.8,Critical,23,42,43
CUST011500,46.8,At Risk,49,58,39
CUST011501,54.8,At Risk,55,94,35
CUST011502,33.4,Critical,41,33,26
CUST011503,77.0,Monitor,77,77,77
CUST011504,63.2,Monitor,53,34,88
CUST011505,48.4,At Risk,42,22,68
CUST011506,61.4,Monitor,35,67,85
CUST011507,82.8,Healthy,74,96,85
CUST011508,49.4,At Risk,46,93,31
CUST011509,68.0,Monitor,82,58,59
CUST011510,67.8,Monitor,98,97,23
CUST011511,59.4,At Risk,65,95,36
CUST011512,81.8,Healthy,91,61,83
CUST011513,70.4,Monitor,94,24,70
CUST011514,66.6,Monitor,85,79,42
CUST011515,72.0,Monitor,42,90,93
CUST011516,64.4,Monitor,80,38,62
CUST011517,49.4,At Risk,43,51,55
CUST011518,65.6,Monitor,52,64,80
CUST011519,30.0,Critical,21,58,25
CUST011520,54.6,At Risk,66,95,23
CUST011521,66.4,Monitor,80,60,56
CUST011522,67.2,Monitor,50,82,77
CUST011523,49.2,At Risk,40,74,46
CUST011524,71.8,Monitor,78,21,91
CUST011525,36.4,Critical,36,60,25
CUST011526,58.8,At Risk,54,80,53
CUST011527,80.2,Healthy,77,55,96
CUST011528,44.4,At Risk,55,54,29
CUST011529,56.2,At Risk,66,81,34
CUST011530,63.2,Monitor,73,26,72
CUST011531,56.6,At Risk,30,83,70
CUST011532,43.0,At Risk,70,31,22
CUST011533,59.4,At Risk,77,43,50
CUST011534,78.0,Monitor,74,58,92
CUST011535,55.6,At Risk,50,88,45
CUST011536,55.0,At Risk,47,31,75
CUST011537,74.4,Monitor,66,56,92
CUST011538,40.4,At Risk,46,42,34
CUST011539,71.0,Monitor,82,65,63
CUST011540,49.4,At Risk,60,27,50
CUST011541,69.6,Monitor,50,94,77
CUST011542,52.8,At Risk,47,76,47
CUST011543,40.8,At Risk,40,20,52
CUST011544,71.2,Monitor,78,90,55
CUST011545,78.6,Monitor,78,39,99
CUST011546,48.6,At Risk,70,29,37
CUST011547,89.6,Healthy,96,70,93
CUST011548,61.4,Monitor,90,87,20
CUST011549,70.2,Monitor,73,67,69
CUST011550,47.2,At Risk,21,76,59
CUST011551,53.0,At Risk,97,31,20
CUST011552,50.8,At Risk,35,22,81
CUST011553,30.2,Critical,22,63,22
CUST011554,62.2,Monitor,90,81,25
CUST011555,55.6,At Risk,69,80,30
CUST011556,76.6,Monitor,50,95,94
CUST011557,77.2,Monitor,90,22,92
CUST011558,71.8,Monitor,70,29,95
CUST011559,35.6,Critical,28,40,41
CUST011560,84.8,Healthy,98,76,76
CUST011561,53.4,At Risk,41,61,62
CUST011562,46.8,At Risk,54,28,49
CUST011563,69.0,Monitor,49,85,81
CUST011564,65.2,Monitor,42,68,87
CUST011565,58.4,At Risk,25,52,95
CUST011566,48.6,At Risk,47,93,28
CUST011567,70.2,Monitor,67,83,67
CUST011568,57.8,At Risk,79,65,33
CUST011569,60.0,Monitor,50,78,61
CUST011570,62.2,Monitor,98,71,22
CUST011571,61.6,Monitor,96,74,21
CUST011572,28.4,Critical,31,28,26
CUST011573,70.4,Monitor,79,74,60
CUST011574,49.8,At Risk,34,29,76
CUST011575,74.0,Monitor,50,94,88
CUST011576,77.6,Monitor,59,98,86
CUST011577,36.0,Critical,26,86,21
CUST011578,61.0,Monitor,41,49,87
CUST011579,58.8,At Risk,65,40,62
CUST011580,51.2,At Risk,60,40,48
CUST011581,58.0,At Risk,63,38,63
CUST011582,44.6,At Risk,68,25,31
CUST011583,49.4,At Risk,22,29,87
CUST011584,65.8,Monitor,71,53,67
CUST011585,41.4,At Risk,28,37,57
CUST011586,57.6,At Risk,23,46,98
CUST011587,50.6,At Risk,45,61,51
CUST011588,53.8,At Risk,28,71,71
CUST011589,29.4,Critical,21,63,21
CUST011590,56.6,At Risk,65,85,34
CUST011591,69.0,Monitor,52,61,90
CUST011592,67.2,Monitor,97,40,51
CUST011593,39.0,Critical,27,61,40
CUST011594,56.4,At Risk,67,70,39
CUST011595,78.0,Monitor,62,96,85
CUST011596,55.0,At Risk,43,29,80
CUST011597,67.6,Monitor,99,80,30
CUST011598,56.0,At Risk,25,86,72
CUST011599,50.8,At Risk,64,28,49
CUST011600,43.0,At Risk,32,89,31
CUST011601,31.0,Critical,21,23,45
CUST011602,70.4,Monitor,33,92,97
CUST011603,50.2,At Risk,49,83,35
CUST011604,60.2,Monitor,96,65,22
CUST011605,52.0,At Risk,42,84,46
CUST011606,71.6,Monitor,61,48,94
CUST011607,57.6,At Risk,49,40,75
CUST011608,66.4,Monitor,32,98,85
CUST011609,41.6,At Risk,24,98,31
CUST011610,55.6,At Risk,81,68,24
CUST011611,54.4,At Risk,57,62,48
CUST011612,67.2,Monitor,54,84,72
CUST011613,69.8,Monitor,56,45,96
CUST011614,54.4,At Risk,69,32,51
CUST011615,71.2,Monitor,83,92,49
CUST011616,54.2,At Risk,76,49,35
CUST011617,77.0,Monitor,87,53,79
CUST011618,42.6,At Risk,30,99,27
CUST011619,67.4,Monitor,61,41,87
CUST011620,43.0,At Risk,47,25,48
CUST011621,56.0,At Risk,30,38,91
CUST011622,54.2,At Risk,51,95,37
CUST011623,51.8,At Risk,29,93,54
CUST011624,51.2,At Risk,31,78,58
CUST011625,53.2,At Risk,99,28,20
CUST011626,71.4,Monitor,79,47,76
CUST011627,70.8,Monitor,75,68,68
CUST011628,49.6,At Risk,53,32,55
CUST011629,54.8,At Risk,84,26,40
CUST011630,38.0,Critical,51,42,23
CUST011631,55.6,At Risk,31,84,66
CUST011632,53.4,At Risk,76,33,41
CUST011633,50.6,At Risk,41,27,72
CUST011634,60.2,Monitor,31,79,80
CUST011635,42.4,At Risk,61,34,28
CUST011636,58.0,At Risk,85,56,32
CUST011637,84.6,Healthy,97,65,82
CUST011638,55.8,At Risk,75,77,26
CUST011639,68.0,Monitor,54,36,98
CUST011640,42.4,At Risk,33,80,33
CUST011641,60.4,Monitor,48,76,65
CUST011642,57.2,At Risk,30,48,89
CUST011643,68.6,Monitor,60,69,77
CUST011644,57.0,At Risk,66,39,57
CUST011645,61.0,Monitor,83,45,47
CUST011646,62.4,Monitor,62,30,79
CUST011647,48.4,At Risk,51,34,53
CUST011648,67.0,Monitor,77,87,47
CUST011649,37.6,Critical,47,54,20
CUST011650,51.2,At Risk,53,30,60
CUST011651,66.8,Monitor,85,32,66
CUST011652,45.8,At Risk,39,79,36
CUST011653,56.0,At Risk,55,38,66
CUST011654,62.2,Monitor,52,65,71
CUST011655,53.8,At Risk,99,23,24
CUST011656,60.6,Monitor,79,41,52
CUST011657,85.6,Healthy,89,58,96
CUST011658,52.4,At Risk,22,48,85
CUST011659,71.6,Monitor,79,58,71
CUST011660,54.6,At Risk,37,91,54
CUST011661,39.4,Critical,41,37,39
CUST011662,35.4,Critical,29,61,29
CUST011663,35.6,Critical,28,82,20
CUST011664,61.8,Monitor,45,47,86
CUST011665,67.8,Monitor,68,79,62
CUST011666,55.2,At Risk,48,70,55
CUST011667,43.4,At Risk,46,73,26
CUST011668,64.2,Monitor,73,33,71
CUST011669,70.2,Monitor,64,59,82
CUST011670,55.4,At Risk,29,27,96
CUST011671,46.2,At Risk,33,35,65
CUST011672,80.0,Healthy,99,50,76
CUST011673,60.0,Monitor,22,98,79
CUST011674,44.6,At Risk,55,29,42
CUST011675,85.8,Healthy,74,97,92
CUST011676,53.8,At Risk,43,43,70
CUST011677,84.0,Healthy,97,50,88
CUST011678,62.6,Monitor,83,33,57
CUST011679,47.0,At Risk,59,75,21
CUST011680,52.6,At Risk,58,61,43
CUST011681,45.8,At Risk,29,75,48
CUST011682,40.6,At Risk,50,43,30
CUST011683,53.8,At Risk,60,51,49
CUST011684,57.0,At Risk,79,37,45
CUST011685,53.8,At Risk,22,37,94
CUST011686,47.6,At Risk,44,78,36
CUST011687,37.4,Critical,39,39,35
CUST011688,49.8,At Risk,46,31,63
CUST011689,55.4,At Risk,55,73,47
CUST011690,80.0,Healthy,88,78,73
CUST011691,56.4,At Risk,43,78,59
CUST011692,53.2,At Risk,87,22,35
CUST011693,47.6,At Risk,36,32,67
CUST011694,70.0,Monitor,96,80,39
CUST011695,60.2,Monitor,22,69,94
CUST011696,89.4,Healthy,96,77,89
CUST011697,50.2,At Risk,90,29,21
CUST011698,51.6,At Risk,20,32,93
CUST011699,60.6,Monitor,28,93,77
CUST011700,96.2,Healthy,99,89,97
CUST011701,57.0,At Risk,66,69,42
CUST011702,44.6,At Risk,21,27,77
CUST011703,45.8,At Risk,54,75,23
CUST011704,44.2,At Risk,46,25,52
CUST011705,57.4,At Risk,73,67,37
CUST011706,62.0,Monitor,81,34,57
CUST011707,69.0,Monitor,64,45,86
CUST011708,35.8,Critical,23,67,33
CUST011709,92.6,Healthy,97,85,92
CUST011710,42.2,At Risk,35,39,51
CUST011711,49.2,At Risk,34,34,72
CUST011712,57.0,At Risk,46,25,84
CUST011713,81.8,Healthy,86,81,78
CUST011714,73.2,Monitor,63,84,78
CUST011715,52.2,At Risk,74,45,34
CUST011716,70.0,Monitor,85,50,65
CUST011717,65.4,Monitor,62,79,62
CUST011718,73.0,Monitor,88,73,58
CUST011719,51.2,At Risk,39,30,74
CUST011720,69.8,Monitor,36,89,94
CUST011721,54.0,At Risk,51,36,66
CUST011722,62.8,Monitor,51,68,72
CUST011723,69.8,Monitor,89,47,62
CUST011724,63.0,Monitor,50,27,94
CUST011725,75.8,Monitor,47,91,97
CUST011726,58.2,At Risk,77,45,46
CUST011727,76.8,Monitor,66,86,83
CUST011728,65.2,Monitor,31,96,84
CUST011729,63.6,Monitor,62,46,74
CUST011730,62.2,Monitor,69,59,57
CUST011731,63.2,Monitor,50,68,74
CUST011732,85.8,Healthy,81,79,94
CUST011733,55.2,At Risk,93,24,33
CUST011734,73.4,Monitor,67,99,67
CUST011735,78.4,Monitor,96,52,74
CUST011736,70.0,Monitor,62,80,73
CUST011737,38.0,Critical,20,70,40
CUST011738,37.4,Critical,36,23,46
CUST011739,78.2,Monitor,85,25,98
CUST011740,50.8,At Risk,64,54,36
CUST011741,44.0,At Risk,27,56,55
CUST011742,72.8,Monitor,62,54,93
CUST011743,50.2,At Risk,43,23,71
CUST011744,57.8,At Risk,54,97,42
CUST011745,44.6,At Risk,42,79,30
CUST011746,77.4,Monitor,88,63,74
CUST011747,53.2,At Risk,52,28,67
CUST011748,74.4,Monitor,57,72,93
CUST011749,76.2,Monitor,72,89,74
CUST011750,71.0,Monitor,60,55,90
CUST011751,53.4,At Risk,75,73,22
CUST011752,57.4,At Risk,51,77,54
CUST011753,49.2,At Risk,23,48,76
CUST011754,76.6,Monitor,88,79,64
CUST011755,65.4,Monitor,97,67,33
CUST011756,82.4,Healthy,80,80,86
CUST011757,71.2,Monitor,74,76,66
CUST011758,82.2,Healthy,85,69,86
CUST011759,67.8,Monitor,68,37,83
CUST011760,58.2,At Risk,72,57,45
CUST011761,58.8,At Risk,55,74,55
CUST011762,87.4,Healthy,83,97,87
CUST011763,35.8,Critical,33,25,44
CUST011764,59.0,At Risk,61,69,52
CUST011765,35.6,Critical,42,22,36
CUST011766,66.4,Monitor,91,72,39
CUST011767,76.4,Monitor,73,52,92
CUST011768,69.0,Monitor,88,79,45
CUST011769,51.8,At Risk,48,83,40
CUST011770,33.8,Critical,22,43,41
CUST011771,64.2,Monitor,58,69,68
CUST011772,59.4,At Risk,54,89,50
CUST011773,37.8,Critical,37,61,27
CUST011774,83.8,Healthy,74,95,88
CUST011775,78.8,Monitor,85,60,82
CUST011776,68.0,Monitor,64,32,90
CUST011777,81.4,Healthy,85,63,87
CUST011778,51.8,At Risk,84,23,34
CUST011779,83.0,Healthy,91,83,75
CUST011780,56.0,At Risk,21,96,71
CUST011781,61.2,Monitor,51,24,90
CUST011782,66.8,Monitor,98,64,37
CUST011783,47.0,At Risk,23,25,82
CUST011784,52.6,At Risk,63,43,47
CUST011785,78.0,Monitor,90,52,79
CUST011786,73.4,Monitor,99,53,58
CUST011787,64.8,Monitor,64,40,78
CUST011788,57.6,At Risk,77,34,50
CUST011789,54.8,At Risk,29,68,74
CUST011790,59.0,At Risk,86,49,37
CUST011791,67.0,Monitor,82,33,69
CUST011792,63.6,Monitor,56,96,55
CUST011793,43.8,At Risk,61,55,21
CUST011794,61.4,Monitor,49,67,71
CUST011795,66.6,Monitor,98,47,45
CUST011796,42.8,At Risk,24,36,65
CUST011797,66.2,Monitor,36,75,92
CUST011798,84.6,Healthy,99,79,73
CUST011799,65.6,Monitor,53,58,82
CUST011800,57.2,At Risk,42,64,69
CUST011801,57.4,At Risk,42,97,53
CUST011802,57.0,At Risk,65,25,65
CUST011803,66.2,Monitor,83,27,69
CUST011804,47.2,At Risk,63,44,33
CUST011805,69.6,Monitor,94,80,40
CUST011806,58.8,At Risk,76,28,57
CUST011807,72.2,Monitor,44,99,87
CUST011808,73.4,Monitor,54,69,95
CUST011809,47.6,At Risk,80,26,26
CUST011810,81.0,Healthy,90,65,80
CUST011811,37.2,Critical,29,46,41
CUST011812,61.2,Monitor,34,88,75
CUST011813,66.4,Monitor,39,56,99
CUST011814,44.0,At Risk,73,32,21
CUST011815,55.2,At Risk,93,22,34
CUST011816,58.2,At Risk,31,43,93
CUST011817,71.2,Monitor,42,74,99
CUST011818,57.6,At Risk,44,76,62
CUST011819,46.2,At Risk,49,79,27
CUST011820,76.0,Monitor,98,68,58
CUST011821,57.6,At Risk,44,56,72
CUST011822,43.4,At Risk,24,29,70
CUST011823,76.8,Monitor,85,92,61
CUST011824,73.2,Monitor,63,90,75
CUST011825,83.6,Healthy,68,84,99
CUST011826,53.2,At Risk,28,20,95
CUST011827,76.2,Monitor,76,67,81
CUST011828,54.6,At Risk,80,23,45
CUST011829,49.2,At Risk,48,32,59
CUST011830,37.2,Critical,28,70,30
CUST011831,71.2,Monitor,91,30,72
CUST011832,65.8,Monitor,96,51,43
CUST011833,45.2,At Risk,31,48,58
CUST011834,69.8,Monitor,39,81,95
CUST011835,66.2,Monitor,89,57,48
CUST011836,81.8,Healthy,88,95,69
CUST011837,73.8,Monitor,80,57,76
CUST011838,74.4,Monitor,73,38,94
CUST011839,75.6,Monitor,89,92,54
CUST011840,65.8,Monitor,45,43,98
CUST011841,41.6,At Risk,29,94,28
CUST011842,58.4,At Risk,71,54,48
CUST011843,63.2,Monitor,98,22,49
CUST011844,60.0,Monitor,97,54,26
CUST011845,51.2,At Risk,43,72,49
CUST011846,94.2,Healthy,97,87,95
CUST011847,64.4,Monitor,50,92,65
CUST011848,53.8,At Risk,45,87,46
CUST011849,75.4,Monitor,81,69,73
CUST011850,62.8,Monitor,41,48,92
CUST011851,65.2,Monitor,52,92,65
CUST011852,82.4,Healthy,70,90,91
CUST011853,46.6,At Risk,68,55,21
CUST011854,77.2,Monitor,88,22,94
CUST011855,61.6,Monitor,84,26,57
CUST011856,70.0,Monitor,56,50,94
CUST011857,47.4,At Risk,49,75,32
CUST011858,52.0,At Risk,50,30,65
CUST011859,67.4,Monitor,92,73,40
CUST011860,37.6,Critical,42,30,37
CUST011861,74.4,Monitor,61,72,89
CUST011862,32.0,Critical,29,44,29
CUST011863,63.2,Monitor,29,64,97
CUST011864,65.6,Monitor,52,86,69
CUST011865,22.2,Critical,20,31,20
CUST011866,56.2,At Risk,52,69,54
CUST011867,60.2,Monitor,71,21,69
CUST011868,53.8,At Risk,53,47,58
CUST011869,64.0,Monitor,58,78,63
CUST011870,56.2,At Risk,68,23,61
CUST011871,60.8,Monitor,83,56,41
CUST011872,69.8,Monitor,55,49,95
CUST011873,47.8,At Risk,80,29,25
CUST011874,80.0,Healthy,62,90,93
CUST011875,69.2,Monitor,78,56,67
CUST011876,85.8,Healthy,83,65,99
CUST011877,28.6,Critical,24,21,37
CUST011878,53.8,At Risk,53,99,32
CUST011879,51.6,At Risk,32,40,77
CUST011880,43.0,At Risk,35,83,31
CUST011881,69.8,Monitor,60,63,83
CUST011882,60.0,Monitor,82,82,27
CUST011883,62.6,Monitor,67,21,79
CUST011884,80.8,Healthy,59,98,94
CUST011885,64.8,Monitor,79,96,35
CUST011886,32.8,Critical,28,64,22
CUST011887,64.2,Monitor,28,85,90
CUST011888,38.0,Critical,26,30,54
CUST011889,45.2,At Risk,67,36,28
CUST011890,57.8,At Risk,69,63,44
CUST011891,48.8,At Risk,48,80,34
CUST011892,31.2,Critical,37,20,31
CUST011893,61.4,Monitor,42,85,69
CUST011894,64.2,Monitor,51,93,63
CUST011895,59.4,At Risk,93,37,37
CUST011896,55.4,At Risk,51,67,54
CUST011897,55.0,At Risk,86,49,27
CUST011898,61.8,Monitor,67,51,62
CUST011899,37.8,Critical,21,97,25
CUST011900,56.4,At Risk,25,82,75
CUST011901,58.2,At Risk,55,73,54
CUST011902,53.2,At Risk,27,44,84
CUST011903,52.6,At Risk,56,85,33
CUST011904,63.0,Monitor,86,37,53
CUST011905,73.2,Monitor,96,74,50
CUST011906,81.8,Healthy,81,61,93
CUST011907,61.0,Monitor,61,39,72
CUST011908,60.4,Monitor,60,40,71
CUST011909,61.6,Monitor,95,38,40
CUST011910,64.8,Monitor,40,56,94
CUST011911,48.0,At Risk,51,68,35
CUST011912,56.8,At Risk,75,30,52
CUST011913,61.6,Monitor,99,38,36
CUST011914,56.8,At Risk,51,86,48
CUST011915,68.8,Monitor,64,82,67
CUST011916,64.8,Monitor,83,92,33
CUST011917,51.0,At Risk,26,43,80
CUST011918,50.0,At Risk,26,48,75
CUST011919,55.4,At Risk,52,79,47
CUST011920,44.0,At Risk,24,50,61
CUST011921,44.4,At Risk,72,20,29
CUST011922,68.4,Monitor,79,46,69
CUST011923,76.0,Monitor,77,50,88
CUST011924,67.4,Monitor,98,97,22
CUST011925,63.4,Monitor,83,77,37
CUST011926,68.0,Monitor,95,50,50
CUST011927,45.6,At Risk,45,86,26
CUST011928,70.4,Monitor,93,84,41
CUST011929,84.4,Healthy,99,42,91
CUST011930,46.6,At Risk,53,81,23
CUST011931,37.4,Critical,42,37,33
CUST011932,78.2,Monitor,53,99,93
CUST011933,59.6,At Risk,58,46,68
CUST011934,62.4,Monitor,34,80,82
CUST011935,69.8,Monitor,68,65,74
CUST011936,70.6,Monitor,60,35,99
CUST011937,37.4,Critical,22,97,23
CUST011938,72.4,Monitor,68,38,94
CUST011939,58.8,At Risk,40,36,89
CUST011940,57.2,At Risk,57,94,39
CUST011941,49.2,At Risk,64,40,39
CUST011942,53.6,At Risk,55,82,38
CUST011943,52.6,At Risk,51,93,34
CUST011944,45.2,At Risk,31,34,65
CUST011945,59.2,At Risk,75,52,47
CUST011946,53.4,At Risk,49,91,39
CUST011947,68.4,Monitor,49,88,78
CUST011948,63.4,Monitor,41,61,87
CUST011949,48.2,At Risk,36,37,66
CUST011950,60.4,Monitor,41,92,64
CUST011951,76.2,Monitor,69,95,74
CUST011952,55.8,At Risk,54,39,66
CUST011953,47.0,At Risk,72,33,29
CUST011954,52.2,At Risk,58,55,45
CUST011955,61.6,Monitor,67,44,65
CUST011956,60.2,Monitor,91,33,43
CUST011957,61.2,Monitor,93,54,33
CUST011958,62.0,Monitor,69,54,59
CUST011959,59.8,At Risk,54,97,47
CUST011960,46.2,At Risk,40,21,65
CUST011961,69.4,Monitor,95,79,39
CUST011962,83.2,Healthy,73,84,93
CUST011963,74.8,Monitor,99,50,63
CUST011964,74.4,Monitor,80,42,85
CUST011965,64.0,Monitor,52,94,61
CUST011966,33.8,Critical,23,25,49
CUST011967,75.0,Monitor,74,71,78
CUST011968,50.2,At Risk,40,33,69
CUST011969,44.6,At Risk,32,37,61
CUST011970,69.8,Monitor,93,75,44
CUST011971,61.6,Monitor,43,96,63
CUST011972,67.4,Monitor,43,85,83
CUST011973,55.2,At Risk,59,78,40
CUST011974,48.6,At Risk,32,33,73
CUST011975,78.2,Monitor,96,93,53
CUST011976,67.2,Monitor,82,30,71
CUST011977,31.2,Critical,21,70,22
CUST011978,54.2,At Risk,21,39,95
CUST011979,39.8,Critical,60,23,28
CUST011980,55.8,At Risk,50,37,71
CUST011981,80.2,Healthy,69,87,88
CUST011982,49.2,At Risk,57,90,21
CUST011983,71.2,Monitor,51,76,89
CUST011984,56.0,At Risk,54,92,40
CUST011985,54.6,At Risk,57,23,68
CUST011986,52.4,At Risk,23,50,83
CUST011987,61.2,Monitor,40,32,97
CUST011988,65.4,Monitor,62,69,67
CUST011989,39.2,Critical,29,76,31
CUST011990,40.4,At Risk,45,28,42
CUST011991,28.8,Critical,25,48,23
CUST011992,75.8,Monitor,97,95,45
CUST011993,67.0,Monitor,72,37,77
CUST011994,60.2,Monitor,95,27,42
CUST011995,56.2,At Risk,85,65,23
CUST011996,55.6,At Risk,70,52,43
CUST011997,82.6,Healthy,88,97,70
CUST011998,25.8,Critical,21,29,29
CUST011999,66.8,Monitor,66,92,55
CUST012000,71.0,Monitor,35,87,99
CUST012001,51.6,At Risk,71,20,48
CUST012002,61.6,Monitor,77,60,47
CUST012003,49.6,At Risk,22,60,72
CUST012004,47.8,At Risk,73,45,24
CUST012005,67.6,Monitor,85,90,39
CUST012006,37.0,Critical,45,29,33
CUST012007,39.8,Critical,69,21,20
CUST012008,38.8,Critical,31,24,54
CUST012009,61.4,Monitor,73,87,37
CUST012010,79.8,Monitor,72,87,84
CUST012011,55.6,At Risk,78,62,30
CUST012012,67.8,Monitor,79,75,53
CUST012013,56.0,At Risk,57,70,48
CUST012014,59.2,At Risk,41,42,86
CUST012015,56.2,At Risk,22,59,89
CUST012016,68.0,Monitor,45,82,84
CUST012017,28.4,Critical,26,38,26
CUST012018,67.4,Monitor,94,27,61
CUST012019,43.8,At Risk,26,69,49
CUST012020,55.0,At Risk,82,55,28
CUST012021,75.4,Monitor,85,75,66
CUST012022,59.0,At Risk,53,33,78
CUST012023,55.0,At Risk,58,43,58
CUST012024,70.0,Monitor,41,78,95
CUST012025,44.2,At Risk,54,37,38
CUST012026,78.8,Monitor,64,72,97
CUST012027,58.2,At Risk,46,81,59
CUST012028,75.8,Monitor,86,91,58
CUST012029,52.8,At Risk,36,32,80
CUST012030,57.0,At Risk,54,51,63
CUST012031,81.8,Healthy,66,81,98
CUST012032,43.0,At Risk,24,83,42
CUST012033,34.2,Critical,27,21,48
CUST012034,80.2,Healthy,67,97,85
CUST012035,79.8,Monitor,86,73,77
CUST012036,66.6,Monitor,66,77,62
CUST012037,68.2,Monitor,99,59,42
CUST012038,74.6,Monitor,94,61,62
CUST012039,45.8,At Risk,29,69,51
CUST012040,52.2,At Risk,38,87,49
CUST012041,59.6,At Risk,48,48,77
CUST012042,51.8,At Risk,77,51,27
CUST012043,55.2,At Risk,63,84,33
CUST012044,39.6,Critical,26,52,47
CUST012045,56.2,At Risk,65,99,26
CUST012046,59.8,At Risk,63,41,66
CUST012047,73.2,Monitor,74,28,95
CUST012048,64.4,Monitor,63,64,66
CUST012049,61.8,Monitor,85,29,55
CUST012050,57.0,At Risk,36,29,92
CUST012051,81.6,Healthy,80,94,77
CUST012052,90.2,Healthy,95,81,90
CUST012053,44.6,At Risk,47,63,33
CUST012054,67.2,Monitor,61,80,67
CUST012055,72.4,Monitor,97,82,43
CUST012056,66.6,Monitor,65,25,89
CUST012057,79.2,Monitor,81,60,87
CUST012058,63.2,Monitor,83,62,44
CUST012059,55.8,At Risk,59,75,43
CUST012060,77.2,Monitor,84,22,98
CUST012061,65.8,Monitor,53,41,91
CUST012062,69.8,Monitor,72,53,76
CUST012063,39.0,Critical,28,73,33
CUST012064,41.0,At Risk,31,23,60
CUST012065,62.0,Monitor,28,88,83
CUST012066,25.4,Critical,28,21,25
CUST012067,92.8,Healthy,94,96,90
CUST012068,63.2,Monitor,76,50,57
CUST012069,49.0,At Risk,22,55,73
CUST012070,45.0,At Risk,20,75,55
CUST012071,55.4,At Risk,65,31,58
CUST012072,30.8,Critical,30,28,33
CUST012073,65.2,Monitor,60,30,88
CUST012074,77.8,Monitor,77,69,83
CUST012075,82.0,Healthy,83,98,73
CUST012076,53.2,At Risk,43,88,46
CUST012077,53.6,At Risk,58,94,29
CUST012078,61.4,Monitor,93,79,21
CUST012079,72.6,Monitor,78,55,76
CUST012080,56.6,At Risk,48,25,81
CUST012081,80.6,Healthy,77,77,86
CUST012082,38.0,Critical,46,24,37
CUST012083,69.0,Monitor,90,25,70
CUST012084,44.2,At Risk,30,77,42
CUST012085,50.6,At Risk,46,63,49
CUST012086,54.4,At Risk,69,62,36
CUST012087,50.4,At Risk,60,66,33
CUST012088,73.4,Monitor,77,59,77
CUST012089,32.2,Critical,39,31,26
CUST012090,61.8,Monitor,58,93,50
CUST012091,78.8,Monitor,61,84,94
CUST012092,36.4,Critical,43,54,21
CUST012093,67.4,Monitor,27,85,99
CUST012094,70.2,Monitor,49,63,95
CUST012095,57.4,At Risk,33,67,77
CUST012096,63.8,Monitor,80,63,48
CUST012097,75.2,Monitor,95,58,64
CUST012098,45.2,At Risk,60,52,27
CUST012099,81.0,Healthy,61,89,97
CUST012100,49.4,At Risk,76,53,21
CUST012101,50.6,At Risk,55,71,36
CUST012102,80.2,Healthy,98,39,83
CUST012103,54.2,At Risk,50,91,40
CUST012104,72.2,Monitor,83,79,58
CUST012105,50.2,At Risk,26,83,58
CUST012106,63.6,Monitor,64,58,66
CUST012107,61.0,Monitor,39,65,81
CUST012108,57.8,At Risk,37,25,95
CUST012109,57.0,At Risk,50,67,59
CUST012110,57.8,At Risk,45,91,54
CUST012111,65.6,Monitor,45,64,87
CUST012112,49.0,At Risk,63,77,21
CUST012113,53.0,At Risk,21,85,69
CUST012114,42.2,At Risk,28,57,49
CUST012115,75.2,Monitor,50,92,92
CUST012116,79.8,Monitor,61,91,93
CUST012117,47.2,At Risk,36,70,47
CUST012118,45.8,At Risk,42,89,28
CUST012119,75.0,Monitor,67,55,93
CUST012120,54.6,At Risk,64,51,47
CUST012121,71.8,Monitor,46,83,92
CUST012122,64.4,Monitor,74,28,73
CUST012123,63.6,Monitor,59,40,80
CUST012124,66.0,Monitor,99,80,26
CUST012125,69.0,Monitor,51,69,87
CUST012126,56.0,At Risk,34,52,80
CUST012127,44.4,At Risk,24,36,69
CUST012128,55.0,At Risk,98,35,22
CUST012129,41.4,At Risk,70,23,22
CUST012130,38.0,Critical,44,50,26
CUST012131,62.4,Monitor,66,32,74
CUST012132,48.8,At Risk,50,90,27
CUST012133,56.0,At Risk,71,74,32
CUST012134,78.8,Monitor,94,56,75
CUST012135,52.4,At Risk,74,20,47
CUST012136,77.2,Monitor,79,78,75
CUST012137,76.6,Monitor,78,29,99
CUST012138,61.6,Monitor,87,76,29
CUST012139,94.8,Healthy,94,96,95
CUST012140,38.4,Critical,35,62,30
CUST012141,38.6,Critical,33,43,42
CUST012142,70.6,Monitor,81,41,75
CUST012143,68.8,Monitor,58,54,87
CUST012144,48.8,At Risk,40,68,48
CUST012145,56.6,At Risk,77,75,27
CUST012146,72.6,Monitor,65,91,71
CUST012147,74.0,Monitor,96,44,67
CUST012148,47.4,At Risk,28,35,73
CUST012149,56.4,At Risk,76,90,20
CUST012150,68.4,Monitor,81,68,56
CUST012151,59.4,At Risk,72,31,61
CUST012152,56.2,At Risk,23,95,70
CUST012153,64.8,Monitor,82,36,62
CUST012154,32.8,Critical,45,32,21
CUST012155,75.8,Monitor,81,99,59
CUST012156,86.6,Healthy,87,93,83
CUST012157,76.6,Monitor,90,37,83
CUST012158,44.4,At Risk,74,26,24
CUST012159,63.0,Monitor,92,33,49
CUST012160,54.4,At Risk,68,50,43
CUST012161,48.6,At Risk,70,63,20
CUST012162,52.0,At Risk,39,84,49
CUST012163,65.2,Monitor,78,62,54
CUST012164,79.6,Monitor,94,26,92
CUST012165,56.4,At Risk,98,38,24
CUST012166,65.4,Monitor,81,57,54
CUST012167,51.0,At Risk,34,89,49
CUST012168,57.6,At Risk,68,74,39
CUST012169,54.8,At Risk,85,34,35
CUST012170,55.6,At Risk,78,80,21
CUST012171,62.0,Monitor,80,82,34
CUST012172,74.0,Monitor,93,76,54
CUST012173,38.0,Critical,38,26,44
CUST012174,48.6,At Risk,52,37,51
CUST012175,85.6,Healthy,71,96,95
CUST012176,54.2,At Risk,66,21,59
CUST012177,62.6,Monitor,49,65,75
CUST012178,56.8,At Risk,86,58,27
CUST012179,64.2,Monitor,33,75,90
CUST012180,48.2,At Risk,73,33,31
CUST012181,44.2,At Risk,59,37,33
CUST012182,39.2,Critical,28,54,43
CUST012183,70.0,Monitor,45,72,94
CUST012184,72.4,Monitor,73,44,86
CUST012185,43.8,At Risk,46,21,53
CUST012186,36.6,Critical,41,41,30
CUST012187,71.8,Monitor,57,67,89
CUST012188,71.8,Monitor,81,83,57
CUST012189,75.2,Monitor,86,26,89
CUST012190,58.6,At Risk,27,47,96
CUST012191,68.6,Monitor,61,25,98
CUST012192,75.8,Monitor,93,73,60
CUST012193,52.4,At Risk,64,86,24
CUST012194,68.4,Monitor,69,90,57
CUST012195,63.2,Monitor,50,48,84
CUST012196,70.0,Monitor,29,96,98
CUST012197,71.8,Monitor,48,71,96
CUST012198,57.2,At Risk,28,40,95
CUST012199,65.8,Monitor,97,37,49
CUST012200,55.6,At Risk,65,92,28
CUST012201,57.2,At Risk,80,46,40
CUST012202,38.4,Critical,40,26,43
CUST012203,59.4,At Risk,89,73,23
CUST012204,69.4,Monitor,70,55,76
CUST012205,75.2,Monitor,96,74,55
CUST012206,31.6,Critical,36,46,20
CUST012207,69.2,Monitor,88,90,40
CUST012208,71.8,Monitor,48,99,82
CUST012209,66.8,Monitor,54,68,79
CUST012210,39.2,Critical,26,52,46
CUST012211,51.0,At Risk,35,37,74
CUST012212,87.0,Healthy,89,73,92
CUST012213,70.0,Monitor,64,96,63
CUST012214,73.6,Monitor,46,96,90
CUST012215,63.6,Monitor,64,30,80
CUST012216,37.0,Critical,24,51,43
CUST012217,45.8,At Risk,23,67,58
CUST012218,54.0,At Risk,35,36,82
CUST012219,65.8,Monitor,96,59,39
CUST012220,59.0,At Risk,66,69,47
CUST012221,73.4,Monitor,91,71,57
CUST012222,59.0,At Risk,62,41,65
CUST012223,57.0,At Risk,76,31,51
CUST012224,52.0,At Risk,53,70,42
CUST012225,58.0,At Risk,45,76,62
CUST012226,44.0,At Risk,22,34,71
CUST012227,66.0,Monitor,66,36,81
CUST012228,43.6,At Risk,46,48,39
CUST012229,50.4,At Risk,49,48,53
CUST012230,52.6,At Risk,36,39,76
CUST012231,43.2,At Risk,47,48,37
CUST012232,47.8,At Risk,78,25,29
CUST012233,59.4,At Risk,68,41,60
CUST012234,45.2,At Risk,46,34,50
CUST012235,67.4,Monitor,61,31,92
CUST012236,67.8,Monitor,59,67,77
CUST012237,73.0,Monitor,78,57,76
CUST012238,57.8,At Risk,80,29,50
CUST012239,61.0,Monitor,58,93,48
CUST012240,64.2,Monitor,86,59,45
CUST012241,64.0,Monitor,64,92,50
CUST012242,68.0,Monitor,74,94,49
CUST012243,67.4,Monitor,62,55,79
CUST012244,61.8,Monitor,34,65,88
CUST012245,86.4,Healthy,93,54,96
CUST012246,50.6,At Risk,55,77,33
CUST012247,64.2,Monitor,58,67,69
CUST012248,56.2,At Risk,55,25,73
CUST012249,37.8,Critical,20,95,27
CUST012250,57.6,At Risk,49,38,76
CUST012251,59.6,At Risk,96,26,40
CUST012252,50.0,At Risk,43,44,60
CUST012253,46.2,At Risk,49,93,20
CUST012254,76.0,Monitor,87,46,80
CUST012255,57.2,At Risk,61,32,66
CUST012256,66.8,Monitor,94,68,39
CUST012257,67.4,Monitor,68,67,67
CUST012258,67.6,Monitor,91,32,62
CUST012259,53.0,At Risk,87,35,28
CUST012260,87.6,Healthy,71,98,99
CUST012261,53.4,At Risk,81,39,33
CUST012262,54.8,At Risk,84,20,43
CUST012263,43.6,At Risk,56,22,42
CUST012264,59.0,At Risk,91,39,37
CUST012265,53.8,At Risk,47,61,57
CUST012266,55.4,At Risk,32,45,84
CUST012267,66.8,Monitor,42,76,87
CUST012268,69.2,Monitor,50,50,98
CUST012269,67.2,Monitor,86,24,70
CUST012270,32.2,Critical,22,27,45
CUST012271,47.6,At Risk,23,84,54
CUST012272,73.4,Monitor,72,77,73
CUST012273,75.2,Monitor,70,86,75
CUST012274,86.2,Healthy,99,35,99
CUST012275,60.8,Monitor,94,72,22
CUST012276,85.4,Healthy,80,95,86
CUST012277,60.2,Monitor,29,87,78
CUST012278,63.6,Monitor,78,52,55
CUST012279,80.0,Healthy,81,48,95
CUST012280,49.4,At Risk,27,41,76
CUST012281,52.4,At Risk,37,62,63
CUST012282,38.0,Critical,20,80,35
CUST012283,66.2,Monitor,85,95,33
CUST012284,53.8,At Risk,20,49,90
CUST012285,56.6,At Risk,75,39,47
CUST012286,62.2,Monitor,42,31,98
CUST012287,48.6,At Risk,64,35,40
CUST012288,70.6,Monitor,90,63,55
CUST012289,57.4,At Risk,38,59,76
CUST012290,67.8,Monitor,42,99,78
CUST012291,74.4,Monitor,60,88,82
CUST012292,45.8,At Risk,26,63,57
CUST012293,45.0,At Risk,55,61,27
CUST012294,50.2,At Risk,33,49,68
CUST012295,54.2,At Risk,34,21,91
CUST012296,55.8,At Risk,25,31,99
CUST012297,43.6,At Risk,35,60,44
CUST012298,55.4,At Risk,52,91,41
CUST012299,43.4,At Risk,26,55,55
CUST012300,36.0,Critical,28,48,38
CUST012301,58.8,At Risk,87,54,33
CUST012302,46.2,At Risk,71,35,27
CUST012303,53.0,At Risk,54,41,58
CUST012304,49.4,At Risk,36,77,49
CUST012305,41.6,At Risk,32,46,49
CUST012306,50.4,At Risk,62,20,54
CUST012307,50.2,At Risk,53,99,23
CUST012308,37.4,Critical,51,31,27
CUST012309,57.8,At Risk,26,57,90
CUST012310,52.4,At Risk,71,36,42
CUST012311,55.0,At Risk,31,61,76
CUST012312,80.2,Healthy,96,39,85
CUST012313,48.4,At Risk,72,34,32
CUST012314,46.6,At Risk,40,99,27
CUST012315,66.8,Monitor,58,32,93
CUST012316,33.4,Critical,43,33,24
CUST012317,44.8,At Risk,43,42,48
CUST012318,84.8,Healthy,82,78,91
CUST012319,83.4,Healthy,87,95,74
CUST012320,38.4,Critical,20,24,64
CUST012321,79.2,Monitor,69,70,94
CUST012322,44.8,At Risk,45,78,28
CUST012323,61.6,Monitor,71,44,61
CUST012324,39.8,Critical,56,43,22
CUST012325,67.2,Monitor,59,38,90
CUST012326,39.2,Critical,27,58,42
CUST012327,46.0,At Risk,78,32,21
CUST012328,52.8,At Risk,59,80,33
CUST012329,61.8,Monitor,66,21,78
CUST012330,71.4,Monitor,55,75,86
CUST012331,89.0,Healthy,99,65,91
CUST012332,61.2,Monitor,85,72,32
CUST012333,54.8,At Risk,68,40,49
CUST012334,63.0,Monitor,91,69,32
CUST012335,66.4,Monitor,68,98,49
CUST012336,48.8,At Risk,37,78,46
CUST012337,71.4,Monitor,60,75,81
CUST012338,53.0,At Risk,80,21,42
CUST012339,65.0,Monitor,81,75,44
CUST012340,60.2,Monitor,82,39,49
CUST012341,41.2,At Risk,25,72,42
CUST012342,67.0,Monitor,46,83,80
CUST012343,62.6,Monitor,21,85,93
CUST012344,49.8,At Risk,23,29,87
CUST012345,60.4,Monitor,36,90,70
CUST012346,50.0,At Risk,34,84,49
CUST012347,82.2,Healthy,94,41,91
CUST012348,76.0,Monitor,85,86,62
CUST012349,74.4,Monitor,45,86,98
CUST012350,71.0,Monitor,75,45,80
CUST012351,31.4,Critical,24,47,31
CUST012352,36.2,Critical,30,65,28
CUST012353,40.6,At Risk,58,21,33
CUST012354,93.2,Healthy,92,86,98
CUST012355,86.0,Healthy,84,98,82
CUST012356,54.2,At Risk,80,57,27
CUST012357,48.0,At Risk,46,74,37
CUST012358,55.4,At Risk,82,55,29
CUST012359,60.8,Monitor,62,60,60
CUST012360,68.8,Monitor,36,88,92
CUST012361,50.4,At Risk,60,28,52
CUST012362,55.4,At Risk,42,25,84
CUST012363,44.8,At Risk,52,36,42
CUST012364,70.0,Monitor,48,94,80
CUST012365,62.8,Monitor,59,42,77
CUST012366,82.4,Healthy,97,20,99
CUST012367,48.0,At Risk,44,94,29
CUST012368,67.2,Monitor,44,76,86
CUST012369,57.8,At Risk,33,37,93
CUST012370,56.6,At Risk,68,43,52
CUST012371,65.2,Monitor,40,54,96
CUST012372,49.0,At Risk,57,35,48
CUST012373,47.0,At Risk,36,93,35
CUST012374,69.6,Monitor,85,80,49
CUST012375,54.4,At Risk,66,70,35
CUST012376,63.2,Monitor,96,38,43
CUST012377,49.6,At Risk,81,26,30
CUST012378,77.2,Monitor,80,48,89
CUST012379,82.2,Healthy,96,69,75
CUST012380,52.8,At Risk,36,84,54
CUST012381,56.2,At Risk,81,69,25
CUST012382,45.8,At Risk,46,45,46
CUST012383,53.2,At Risk,60,88,29
CUST012384,84.0,Healthy,99,86,68
CUST012385,73.8,Monitor,48,79,97
CUST012386,46.2,At Risk,35,97,32
CUST012387,64.2,Monitor,63,49,73
CUST012388,68.4,Monitor,96,74,38
CUST012389,63.8,Monitor,84,45,53
CUST012390,49.0,At Risk,22,83,59
CUST012391,76.2,Monitor,93,99,48
CUST012392,61.4,Monitor,85,53,42
CUST012393,64.4,Monitor,79,58,53
CUST012394,72.2,Monitor,96,89,40
CUST012395,56.8,At Risk,46,26,83
CUST012396,51.2,At Risk,72,28,42
CUST012397,71.4,Monitor,57,51,96
CUST012398,73.6,Monitor,65,66,86
CUST012399,57.8,At Risk,74,93,24
CUST012400,34.4,Critical,34,40,32
CUST012401,59.0,At Risk,81,39,47
CUST012402,60.4,Monitor,32,72,83
CUST012403,68.0,Monitor,79,86,48
CUST012404,50.0,At Risk,64,66,28
CUST012405,44.2,At Risk,30,87,37
CUST012406,27.8,Critical,27,33,26
CUST012407,68.6,Monitor,96,97,27
CUST012408,79.4,Monitor,81,79,78
CUST012409,51.6,At Risk,34,22,84
CUST012410,61.2,Monitor,78,40,55
CUST012411,59.6,At Risk,71,80,38
CUST012412,49.2,At Risk,34,24,77
CUST012413,61.2,Monitor,20,84,91
CUST012414,51.2,At Risk,40,98,39
CUST012415,62.6,Monitor,35,85,79
CUST012416,57.0,At Risk,57,93,39
CUST012417,81.8,Healthy,76,85,86
CUST012418,64.6,Monitor,56,65,73
CUST012419,58.6,At Risk,37,61,79
CUST012420,54.2,At Risk,22,31,98
CUST012421,93.8,Healthy,97,85,95
CUST012422,39.0,Critical,23,31,59
CUST012423,47.6,At Risk,52,92,21
CUST012424,36.8,Critical,38,38,35
CUST012425,33.2,Critical,32,22,40
CUST012426,38.0,Critical,28,50,42
CUST012427,66.6,Monitor,31,99,86
CUST012428,64.8,Monitor,84,62,47
CUST012429,69.8,Monitor,63,57,83
CUST012430,44.4,At Risk,57,44,32
CUST012431,55.6,At Risk,52,44,65
CUST012432,78.2,Monitor,98,81,57
CUST012433,54.4,At Risk,36,44,78
CUST012434,43.8,At Risk,26,23,72
CUST012435,51.2,At Risk,56,44,50
CUST012436,33.4,Critical,37,43,25
CUST012437,61.0,Monitor,89,39,44
CUST012438,70.0,Monitor,86,42,68
CUST012439,39.2,Critical,38,26,47
CUST012440,83.4,Healthy,91,95,70
CUST012441,64.8,Monitor,96,52,40
CUST012442,73.0,Monitor,69,33,97
CUST012443,39.0,Critical,30,57,39
CUST012444,69.0,Monitor,94,41,58
CUST012445,59.4,At Risk,24,69,90
CUST012446,59.8,At Risk,62,79,48
CUST012447,67.6,Monitor,79,80,50
CUST012448,34.4,Critical,20,58,37
CUST012449,40.8,At Risk,58,26,31
CUST012450,79.8,Monitor,86,93,67
CUST012451,66.4,Monitor,40,56,98
CUST012452,51.0,At Risk,59,97,20
CUST012453,82.2,Healthy,99,83,65
CUST012454,41.2,At Risk,24,64,47
CUST012455,62.4,Monitor,60,94,49
CUST012456,36.0,Critical,31,66,26
CUST012457,41.2,At Risk,27,64,44
CUST012458,45.2,At Risk,44,78,30
CUST012459,66.6,Monitor,42,55,97
CUST012460,82.6,Healthy,84,75,85
CUST012461,58.8,At Risk,93,62,23
CUST012462,38.0,Critical,28,90,22
CUST012463,62.8,Monitor,49,36,90
CUST012464,45.8,At Risk,34,93,34
CUST012465,70.2,Monitor,90,31,70
CUST012466,62.0,Monitor,65,78,51
CUST012467,59.2,At Risk,56,48,68
CUST012468,44.4,At Risk,73,32,22
CUST012469,76.6,Monitor,78,67,80
CUST012470,38.0,Critical,36,68,25
CUST012471,69.0,Monitor,87,27,72
CUST012472,71.0,Monitor,87,75,53
CUST012473,56.6,At Risk,42,25,87
CUST012474,74.0,Monitor,50,78,96
CUST012475,43.8,At Risk,42,89,23
CUST012476,56.8,At Risk,48,30,79
CUST012477,47.0,At Risk,28,45,67
CUST012478,47.0,At Risk,54,31,48
CUST012479,27.2,Critical,23,24,33
CUST012480,91.4,Healthy,89,95,92
CUST012481,87.4,Healthy,96,57,94
CUST012482,48.4,At Risk,38,50,58
CUST012483,67.2,Monitor,65,76,65
CUST012484,62.0,Monitor,78,22,66
CUST012485,81.4,Healthy,87,65,84
CUST012486,66.2,Monitor,66,77,61
CUST012487,57.6,At Risk,56,46,65
CUST012488,50.4,At Risk,24,64,70
CUST012489,43.4,At Risk,53,63,24
CUST012490,45.0,At Risk,31,89,37
CUST012491,57.4,At Risk,75,27,55
CUST012492,38.8,Critical,28,28,55
CUST012493,69.8,Monitor,33,95,94
CUST012494,88.8,Healthy,87,94,88
CUST012495,84.0,Healthy,89,46,98
CUST012496,49.6,At Risk,43,78,42
CUST012497,69.8,Monitor,83,37,73
CUST012498,54.2,At Risk,48,81,47
CUST012499,56.4,At Risk,73,44,46
CUST012500,64.8,Monitor,95,92,21
CUST012501,42.2,At Risk,25,21,70
CUST012502,36.8,Critical,42,40,30
CUST012503,69.0,Monitor,92,47,57
CUST012504,40.2,At Risk,45,67,22
CUST012505,53.2,At Risk,40,26,80
CUST012506,64.0,Monitor,48,92,66
CUST012507,40.0,At Risk,45,34,38
CUST012508,46.4,At Risk,23,40,73
CUST012509,56.4,At Risk,43,70,63
CUST012510,55.2,At Risk,76,50,37
CUST012511,51.8,At Risk,64,57,37
CUST012512,40.0,At Risk,47,40,33
CUST012513,36.6,Critical,28,31,48
CUST012514,69.8,Monitor,81,43,72
CUST012515,30.8,Critical,23,46,31
CUST012516,64.6,Monitor,94,75,30
CUST012517,77.0,Monitor,91,39,82
CUST012518,36.2,Critical,27,53,37
CUST012519,58.6,At Risk,72,45,52
CUST012520,67.4,Monitor,79,45,67
CUST012521,66.6,Monitor,55,99,62
CUST012522,55.8,At Risk,25,83,73
CUST012523,49.2,At Risk,55,86,25
CUST012524,49.6,At Risk,42,30,67
CUST012525,77.0,Monitor,92,99,51
CUST012526,61.8,Monitor,52,35,85
CUST012527,55.8,At Risk,36,61,73
CUST012528,69.4,Monitor,65,67,75
CUST012529,48.6,At Risk,42,31,64
CUST012530,52.0,At Risk,49,32,65
CUST012531,55.6,At Risk,79,30,45
CUST012532,78.4,Monitor,73,70,88
CUST012533,63.6,Monitor,66,52,67
CUST012534,66.4,Monitor,74,30,77
CUST012535,47.2,At Risk,23,38,76
CUST012536,46.2,At Risk,49,77,28
CUST012537,66.8,Monitor,71,44,74
CUST012538,54.2,At Risk,75,81,20
CUST012539,51.2,At Risk,66,30,47
CUST012540,64.2,Monitor,49,27,98
CUST012541,66.6,Monitor,55,53,85
CUST012542,44.0,At Risk,20,50,65
CUST012543,86.4,Healthy,88,86,85
CUST012544,62.4,Monitor,46,32,94
CUST012545,51.0,At Risk,71,23,45
CUST012546,64.8,Monitor,23,82,98
CUST012547,48.4,At Risk,24,56,69
CUST012548,64.2,Monitor,54,65,74
CUST012549,56.0,At Risk,61,90,34
CUST012550,67.8,Monitor,63,85,64
CUST012551,60.2,Monitor,63,49,63
CUST012552,61.0,Monitor,65,53,61
CUST012553,79.4,Monitor,86,41,92
CUST012554,63.4,Monitor,22,89,92
CUST012555,58.6,At Risk,74,71,37
CUST012556,68.6,Monitor,87,55,57
CUST012557,44.2,At Risk,21,91,44
CUST012558,70.2,Monitor,80,51,70
CUST012559,63.2,Monitor,62,76,58
CUST012560,64.0,Monitor,67,74,56
CUST012561,69.2,Monitor,32,98,92
CUST012562,68.6,Monitor,47,55,97
CUST012563,46.4,At Risk,24,68,58
CUST012564,77.4,Monitor,95,45,76
CUST012565,70.0,Monitor,56,42,98
CUST012566,56.8,At Risk,87,20,45
CUST012567,60.8,Monitor,68,22,73
CUST012568,55.8,At Risk,20,71,84
CUST012569,37.6,Critical,32,32,46
CUST012570,87.4,Healthy,87,83,90
CUST012571,82.0,Healthy,84,48,97
CUST012572,42.0,At Risk,57,42,27
CUST012573,38.2,Critical,32,83,22
CUST012574,65.0,Monitor,83,73,43
CUST012575,60.6,Monitor,74,57,49
CUST012576,67.8,Monitor,65,29,90
CUST012577,74.4,Monitor,50,90,91
CUST012578,41.8,At Risk,53,45,29
CUST012579,44.0,At Risk,75,28,21
CUST012580,76.4,Monitor,47,96,96
CUST012581,75.6,Monitor,72,86,74
CUST012582,58.6,At Risk,63,47,60
CUST012583,80.4,Healthy,73,96,80
CUST012584,58.2,At Risk,75,25,58
CUST012585,55.8,At Risk,40,83,58
CUST012586,51.0,At Risk,30,85,55
CUST012587,74.0,Monitor,52,74,96
CUST012588,80.6,Healthy,77,57,96
CUST012589,60.2,Monitor,69,93,35
CUST012590,54.6,At Risk,63,41,53
CUST012591,40.4,At Risk,29,56,44
CUST012592,84.0,Healthy,88,92,76
CUST012593,57.2,At Risk,68,70,40
CUST012594,86.4,Healthy,88,82,87
CUST012595,79.2,Monitor,84,44,92
CUST012596,53.2,At Risk,74,32,43
CUST012597,62.8,Monitor,60,26,84
CUST012598,53.8,At Risk,36,63,67
CUST012599,76.8,Monitor,82,64,78
CUST012600,89.8,Healthy,94,85,88
CUST012601,48.8,At Risk,67,48,31
CUST012602,47.6,At Risk,56,84,21
CUST012603,47.6,At Risk,42,28,63
CUST012604,70.6,Monitor,82,95,47
CUST012605,56.6,At Risk,72,75,32
CUST012606,64.4,Monitor,95,78,27
CUST012607,52.4,At Risk,60,94,24
CUST012608,56.2,At Risk,76,77,26
CUST012609,48.4,At Risk,66,48,31
CUST012610,56.0,At Risk,36,20,94
CUST012611,54.4,At Risk,81,52,29
CUST012612,46.2,At Risk,59,29,42
CUST012613,33.8,Critical,32,57,24
CUST012614,56.0,At Risk,80,40,40
CUST012615,45.2,At Risk,44,62,38
CUST012616,38.6,Critical,56,39,21
CUST012617,42.6,At Risk,44,45,40
CUST012618,46.4,At Risk,51,68,31
CUST012619,59.2,At Risk,97,34,34
CUST012620,59.2,At Risk,52,58,67
CUST012621,55.4,At Risk,37,65,69
CUST012622,88.2,Healthy,92,73,92
CUST012623,65.4,Monitor,73,29,76
CUST012624,61.6,Monitor,62,98,43
CUST012625,53.4,At Risk,92,37,23
CUST012626,68.0,Monitor,73,26,84
CUST012627,68.6,Monitor,78,21,83
CUST012628,61.4,Monitor,66,97,39
CUST012629,49.2,At Risk,30,32,77
CUST012630,60.4,Monitor,70,44,59
CUST012631,26.2,Critical,22,23,32
CUST012632,51.4,At Risk,44,77,46
CUST012633,66.2,Monitor,78,85,45
CUST012634,79.2,Monitor,89,24,97
CUST012635,77.6,Monitor,60,74,97
CUST012636,39.2,Critical,27,92,25
CUST012637,37.4,Critical,37,45,34
CUST012638,63.0,Monitor,50,23,96
CUST012639,51.6,At Risk,20,46,86
CUST012640,46.6,At Risk,80,27,23
CUST012641,54.4,At Risk,35,28,87
CUST012642,73.2,Monitor,95,80,48
CUST012643,50.6,At Risk,47,69,45
CUST012644,61.4,Monitor,75,91,33
CUST012645,59.2,At Risk,55,96,45
CUST012646,56.2,At Risk,76,77,26
CUST012647,72.4,Monitor,82,48,75
CUST012648,93.2,Healthy,94,80,99
CUST012649,68.0,Monitor,60,84,68
CUST012650,48.6,At Risk,41,85,38
CUST012651,68.8,Monitor,82,98,41
CUST012652,62.8,Monitor,51,72,70
CUST012653,69.6,Monitor,66,30,93
CUST012654,39.2,Critical,44,30,39
CUST012655,33.2,Critical,31,52,26
CUST012656,49.4,At Risk,64,69,25
CUST012657,44.0,At Risk,50,46,37
CUST012658,84.6,Healthy,81,99,81
CUST012659,83.0,Healthy,92,33,99
CUST012660,80.8,Healthy,94,96,60
CUST012661,53.4,At Risk,76,53,31
CUST012662,69.6,Monitor,60,64,82
CUST012663,49.4,At Risk,34,31,74
CUST012664,61.8,Monitor,60,71,59
CUST012665,65.2,Monitor,98,72,29
CUST012666,60.2,Monitor,87,69,29
CUST012667,65.6,Monitor,86,90,33
CUST012668,61.8,Monitor,89,69,31
CUST012669,52.8,At Risk,52,24,68
CUST012670,56.2,At Risk,78,63,31
CUST012671,70.6,Monitor,87,79,50
CUST012672,77.6,Monitor,49,92,99
CUST012673,87.0,Healthy,98,47,96
CUST012674,64.2,Monitor,79,83,40
CUST012675,29.6,Critical,26,50,23
CUST012676,68.4,Monitor,79,94,45
CUST012677,34.6,Critical,23,63,32
CUST012678,65.8,Monitor,69,95,48
CUST012679,59.2,At Risk,37,86,68
CUST012680,87.4,Healthy,90,59,99
CUST012681,71.8,Monitor,60,63,88
CUST012682,46.8,At Risk,49,78,29
CUST012683,69.4,Monitor,86,75,50
CUST012684,69.2,Monitor,88,58,56
CUST012685,56.8,At Risk,72,58,41
CUST012686,62.4,Monitor,37,48,95
CUST012687,92.0,Healthy,96,74,97
CUST012688,38.4,Critical,41,34,38
CUST012689,57.0,At Risk,67,63,44
CUST012690,40.0,At Risk,43,74,20
CUST012691,37.8,Critical,39,69,21
CUST012692,41.2,At Risk,24,46,56
CUST012693,52.4,At Risk,45,54,59
CUST012694,56.6,At Risk,49,47,69
CUST012695,52.6,At Risk,62,21,59
CUST012696,70.6,Monitor,92,79,45
CUST012697,73.4,Monitor,91,77,54
CUST012698,77.4,Monitor,90,57,75
CUST012699,53.2,At Risk,49,98,35
CUST012700,73.8,Monitor,89,85,53
CUST012701,51.2,At Risk,94,22,23
CUST012702,67.0,Monitor,89,69,44
CUST012703,62.4,Monitor,69,98,38
CUST012704,85.8,Healthy,95,75,82
CUST012705,57.4,At Risk,80,45,41
CUST012706,67.0,Monitor,98,95,22
CUST012707,76.8,Monitor,96,98,47
CUST012708,26.6,Critical,21,45,23
CUST012709,59.8,At Risk,59,89,46
CUST012710,61.8,Monitor,69,83,44
CUST012711,48.2,At Risk,27,29,79
CUST012712,80.0,Healthy,99,74,64
CUST012713,52.0,At Risk,64,62,35
CUST012714,82.0,Healthy,98,94,60
CUST012715,81.6,Healthy,88,90,71
CUST012716,51.2,At Risk,30,90,53
CUST012717,59.4,At Risk,47,51,76
CUST012718,45.8,At Risk,45,93,23
CUST012719,57.6,At Risk,83,80,21
CUST012720,78.8,Monitor,94,82,62
CUST012721,73.0,Monitor,56,55,99
CUST012722,53.2,At Risk,46,52,61
CUST012723,80.0,Healthy,81,74,82
CUST012724,45.4,At Risk,34,53,53
CUST012725,60.0,Monitor,81,82,28
CUST012726,39.6,Critical,46,46,30
CUST012727,49.0,At Risk,45,99,28
CUST012728,63.2,Monitor,88,68,36
CUST012729,59.8,At Risk,79,55,43
CUST012730,78.4,Monitor,92,42,83
CUST012731,61.4,Monitor,47,59,77
CUST012732,38.6,Critical,24,43,51
CUST012733,70.4,Monitor,72,82,63
CUST012734,59.8,At Risk,93,69,22
CUST012735,63.4,Monitor,66,47,69
CUST012736,71.6,Monitor,91,72,52
CUST012737,55.0,At Risk,52,45,63
CUST012738,62.0,Monitor,70,68,51
CUST012739,64.2,Monitor,84,93,30
CUST012740,69.6,Monitor,96,48,54
CUST012741,68.8,Monitor,45,92,81
CUST012742,74.0,Monitor,91,26,81
CUST012743,56.4,At Risk,56,26,72
CUST012744,73.2,Monitor,53,96,82
CUST012745,48.2,At Risk,46,75,37
CUST012746,49.6,At Risk,22,54,75
CUST012747,49.4,At Risk,37,69,52
CUST012748,59.4,At Risk,28,47,97
CUST012749,51.6,At Risk,36,88,49
CUST012750,51.4,At Risk,61,81,27
CUST012751,70.8,Monitor,68,78,70
CUST012752,48.0,At Risk,34,44,64
CUST012753,69.6,Monitor,72,52,76
CUST012754,53.2,At Risk,44,84,47
CUST012755,63.2,Monitor,88,38,51
CUST012756,65.2,Monitor,92,92,25
CUST012757,68.2,Monitor,92,91,33
CUST012758,62.8,Monitor,76,72,45
CUST012759,58.4,At Risk,68,36,60
CUST012760,77.2,Monitor,78,68,81
CUST012761,49.4,At Risk,42,61,51
CUST012762,53.4,At Risk,31,27,89
CUST012763,74.4,Monitor,70,62,85
CUST012764,73.8,Monitor,91,41,73
CUST012765,71.8,Monitor,61,61,88
CUST012766,64.4,Monitor,93,80,28
CUST012767,69.4,Monitor,44,93,83
CUST012768,59.8,At Risk,62,63,56
CUST012769,52.8,At Risk,72,58,31
CUST012770,65.4,Monitor,53,47,87
CUST012771,67.4,Monitor,37,77,93
CUST012772,63.2,Monitor,29,96,81
CUST012773,57.8,At Risk,26,81,78
CUST012774,41.8,At Risk,62,39,23
CUST012775,52.0,At Risk,49,56,53
CUST012776,71.6,Monitor,87,78,53
CUST012777,68.4,Monitor,38,72,97
CUST012778,54.4,At Risk,26,28,96
CUST012779,74.0,Monitor,51,72,98
CUST012780,59.6,At Risk,61,42,67
CUST012781,68.2,Monitor,62,65,76
CUST012782,57.2,At Risk,57,22,75
CUST012783,31.4,Critical,37,29,27
CUST012784,65.8,Monitor,50,91,69
CUST012785,63.4,Monitor,40,89,74
CUST012786,58.2,At Risk,54,39,72
CUST012787,74.2,Monitor,71,79,75
CUST012788,49.0,At Risk,51,33,55
CUST012789,35.2,Critical,44,34,27
CUST012790,60.6,Monitor,78,83,32
CUST012791,56.6,At Risk,88,67,20
CUST012792,69.8,Monitor,31,89,99
CUST012793,59.2,At Risk,41,80,67
CUST012794,83.2,Healthy,99,98,60
CUST012795,70.0,Monitor,76,32,83
CUST012796,54.4,At Risk,81,38,36
CUST012797,45.8,At Risk,69,33,29
CUST012798,41.0,At Risk,56,23,35
CUST012799,64.6,Monitor,54,35,90
CUST012800,45.6,At Risk,34,64,48
CUST012801,55.4,At Risk,23,79,76
CUST012802,64.0,Monitor,60,72,64
CUST012803,64.0,Monitor,54,22,95
CUST012804,28.4,Critical,31,22,29
CUST012805,27.8,Critical,20,31,34
CUST012806,76.8,Monitor,67,80,85
CUST012807,75.0,Monitor,94,93,47
CUST012808,54.2,At Risk,57,63,47
CUST012809,58.6,At Risk,75,25,59
CUST012810,38.6,Critical,34,21,52
CUST012811,82.2,Healthy,84,81,81
CUST012812,51.6,At Risk,79,34,33
CUST012813,87.8,Healthy,92,69,93
CUST012814,54.6,At Risk,86,45,28
CUST012815,52.0,At Risk,92,24,26
CUST012816,33.8,Critical,25,55,32
CUST012817,91.6,Healthy,96,94,86
CUST012818,67.0,Monitor,95,89,28
CUST012819,71.6,Monitor,62,80,77
CUST012820,55.6,At Risk,40,66,66
CUST012821,57.6,At Risk,86,32,42
CUST012822,41.0,At Risk,53,55,22
CUST012823,41.6,At Risk,63,42,20
CUST012824,65.8,Monitor,57,73,71
CUST012825,79.8,Monitor,95,31,89
CUST012826,79.2,Monitor,86,28,98
CUST012827,77.4,Monitor,80,85,71
CUST012828,60.8,Monitor,56,36,78
CUST012829,69.2,Monitor,52,62,90
CUST012830,61.0,Monitor,34,87,75
CUST012831,57.2,At Risk,91,50,27
CUST012832,52.4,At Risk,55,70,41
CUST012833,60.0,Monitor,89,72,25
CUST012834,60.8,Monitor,54,56,70
CUST012835,53.8,At Risk,38,91,51
CUST012836,32.6,Critical,44,23,26
CUST012837,61.4,Monitor,44,89,65
CUST012838,45.0,At Risk,36,51,51
CUST012839,55.0,At Risk,95,27,29
CUST012840,71.6,Monitor,69,22,99
CUST012841,39.4,Critical,49,41,29
CUST012842,37.8,Critical,49,27,32
CUST012843,38.6,Critical,29,95,20
CUST012844,40.0,At Risk,27,58,44
CUST012845,54.4,At Risk,45,68,57
CUST012846,56.2,At Risk,71,81,29
CUST012847,69.0,Monitor,40,71,97
CUST012848,61.0,Monitor,46,57,78
CUST012849,56.4,At Risk,65,40,56
CUST012850,34.4,Critical,42,36,26
CUST012851,61.6,Monitor,70,62,53
CUST012852,59.6,At Risk,57,24,80
CUST012853,73.6,Monitor,66,84,76
CUST012854,46.0,At Risk,30,88,41
CUST012855,71.4,Monitor,55,53,97
CUST012856,47.6,At Risk,42,86,34
CUST012857,57.4,At Risk,72,53,45
CUST012858,68.6,Monitor,72,99,50
CUST012859,55.0,At Risk,90,21,37
CUST012860,52.4,At Risk,54,72,41
CUST012861,56.0,At Risk,38,86,59
CUST012862,63.4,Monitor,38,83,79
CUST012863,73.2,Monitor,78,68,71
CUST012864,62.2,Monitor,79,63,45
CUST012865,35.0,Critical,23,27,51
CUST012866,59.4,At Risk,76,53,46
CUST012867,29.4,Critical,36,23,26
CUST012868,53.2,At Risk,29,72,68
CUST012869,56.6,At Risk,58,25,71
CUST012870,83.2,Healthy,88,96,72
CUST012871,63.8,Monitor,76,43,62
CUST012872,45.6,At Risk,34,44,58
CUST012873,74.2,Monitor,77,57,80
CUST012874,45.6,At Risk,69,26,32
CUST012875,57.8,At Risk,51,21,83
CUST012876,54.8,At Risk,55,98,33
CUST012877,39.2,Critical,49,44,27
CUST012878,48.0,At Risk,33,88,43
CUST012879,28.6,Critical,21,31,35
CUST012880,30.4,Critical,34,24,30
CUST012881,54.6,At Risk,33,95,56
CUST012882,77.2,Monitor,70,80,83
CUST012883,55.8,At Risk,59,93,34
CUST012884,70.4,Monitor,89,42,66
CUST012885,48.6,At Risk,55,79,27
CUST012886,66.2,Monitor,66,43,78
CUST012887,56.8,At Risk,57,74,48
CUST012888,40.8,At Risk,38,24,52
CUST012889,44.2,At Risk,25,81,45
CUST012890,82.8,Healthy,77,74,93
CUST012891,61.8,Monitor,43,87,68
CUST012892,65.8,Monitor,27,83,96
CUST012893,49.2,At Risk,47,84,34
CUST012894,53.8,At Risk,76,55,31
CUST012895,34.6,Critical,37,37,31
CUST012896,83.6,Healthy,81,64,96
CUST012897,45.2,At Risk,74,28,25
CUST012898,53.6,At Risk,75,24,47
CUST012899,62.4,Monitor,69,32,71
CUST012900,48.2,At Risk,26,65,62
CUST012901,66.8,Monitor,93,74,37
CUST012902,42.2,At Risk,34,21,61
CUST012903,28.8,Critical,28,42,23
CUST012904,65.8,Monitor,76,55,61
CUST012905,81.8,Healthy,74,99,81
CUST012906,75.8,Monitor,99,87,47
CUST012907,41.8,At Risk,61,25,31
CUST012908,55.8,At Risk,42,37,79
CUST012909,43.4,At Risk,51,37,39
CUST012910,60.4,Monitor,21,88,86
CUST012911,66.4,Monitor,99,62,36
CUST012912,57.6,At Risk,38,22,95
CUST012913,41.2,At Risk,46,52,31
CUST012914,86.2,Healthy,98,69,83
CUST012915,55.8,At Risk,73,35,49
CUST012916,80.0,Healthy,96,82,63
CUST012917,60.0,Monitor,40,58,81
CUST012918,64.6,Monitor,58,91,58
CUST012919,43.6,At Risk,36,72,37
CUST012920,85.2,Healthy,98,84,73
CUST012921,49.2,At Risk,29,22,83
CUST012922,45.8,At Risk,41,51,48
CUST012923,54.0,At Risk,35,24,88
CUST012924,49.6,At Risk,45,30,64
CUST012925,65.2,Monitor,39,86,81
CUST012926,55.8,At Risk,59,59,51
CUST012927,75.0,Monitor,78,99,60
CUST012928,58.8,At Risk,86,66,28
CUST012929,44.0,At Risk,45,62,34
CUST012930,57.6,At Risk,60,92,38
CUST012931,50.6,At Risk,31,67,62
CUST012932,61.2,Monitor,61,30,77
CUST012933,66.6,Monitor,53,75,76
CUST012934,73.0,Monitor,44,93,92
CUST012935,59.2,At Risk,59,26,76
CUST012936,66.4,Monitor,38,72,92
CUST012937,72.4,Monitor,46,72,99
CUST012938,54.6,At Risk,30,53,80
CUST012939,67.2,Monitor,71,32,81
CUST012940,37.6,Critical,43,62,20
CUST012941,43.8,At Risk,23,33,70
CUST012942,78.6,Monitor,95,89,57
CUST012943,58.0,At Risk,46,60,69
CUST012944,60.8,Monitor,40,70,77
CUST012945,44.2,At Risk,26,71,49
CUST012946,79.6,Monitor,96,76,65
CUST012947,68.6,Monitor,86,45,63
CUST012948,49.6,At Risk,62,32,46
CUST012949,51.8,At Risk,62,41,47
CUST012950,74.6,Monitor,94,83,51
CUST012951,50.8,At Risk,43,42,63
CUST012952,49.8,At Risk,83,21,31
CUST012953,69.8,Monitor,60,53,88
CUST012954,63.4,Monitor,46,59,83
CUST012955,84.8,Healthy,90,74,85
CUST012956,71.0,Monitor,80,37,79
CUST012957,47.6,At Risk,56,52,37
CUST012958,31.2,Critical,36,36,24
CUST012959,78.6,Monitor,74,61,92
CUST012960,62.8,Monitor,69,26,75
CUST012961,53.8,At Risk,58,75,39
CUST012962,92.4,Healthy,99,74,95
CUST012963,40.2,At Risk,49,55,24
CUST012964,51.4,At Risk,38,31,75
CUST012965,52.0,At Risk,60,32,54
CUST012966,67.2,Monitor,76,26,79
CUST012967,58.0,At Risk,68,72,41
CUST012968,55.6,At Risk,75,86,21
CUST012969,64.6,Monitor,67,51,69
CUST012970,72.4,Monitor,44,80,97
CUST012971,64.0,Monitor,95,64,33
CUST012972,69.4,Monitor,85,77,50
CUST012973,77.4,Monitor,84,49,85
CUST012974,54.0,At Risk,32,34,86
CUST012975,60.2,Monitor,24,95,79
CUST012976,70.8,Monitor,89,86,45
CUST012977,85.2,Healthy,91,78,83
CUST012978,43.8,At Risk,48,47,38
CUST012979,54.4,At Risk,92,24,32
CUST012980,58.2,At Risk,59,67,53
CUST012981,63.6,Monitor,68,56,63
CUST012982,70.4,Monitor,81,58,66
CUST012983,64.4,Monitor,68,70,58
CUST012984,66.6,Monitor,66,41,80
CUST012985,66.0,Monitor,64,52,75
CUST012986,55.4,At Risk,85,63,22
CUST012987,84.8,Healthy,81,96,83
CUST012988,72.2,Monitor,97,43,62
CUST012989,70.2,Monitor,86,29,75
CUST012990,79.8,Monitor,63,77,98
CUST012991,49.0,At Risk,38,85,42
CUST012992,80.2,Healthy,83,61,87
CUST012993,40.8,At Risk,31,98,22
CUST012994,43.2,At Risk,64,36,26
CUST012995,57.2,At Risk,31,58,83
CUST012996,64.2,Monitor,98,47,39
CUST012997,68.4,Monitor,61,82,69
CUST012998,43.4,At Risk,42,57,38
CUST012999,32.2,Critical,32,25,36
CUST013000,84.8,Healthy,97,92,69
CUST013001,47.2,At Risk,72,28,32
CUST013002,62.0,Monitor,65,76,52
CUST013003,47.2,At Risk,48,64,38
CUST013004,76.4,Monitor,74,46,94
CUST013005,67.6,Monitor,83,32,70
CUST013006,44.6,At Risk,59,23,41
CUST013007,28.0,Critical,23,50,22
CUST013008,81.6,Healthy,89,64,83
CUST013009,93.2,Healthy,96,88,93
CUST013010,58.4,At Risk,38,44,86
CUST013011,55.0,At Risk,47,47,67
CUST013012,75.6,Monitor,51,80,98
CUST013013,44.0,At Risk,25,94,38
CUST013014,40.8,At Risk,24,84,36
CUST013015,48.2,At Risk,60,69,26
CUST013016,35.0,Critical,23,59,35
CUST013017,77.2,Monitor,85,38,89
CUST013018,64.2,Monitor,80,95,33
CUST013019,60.6,Monitor,47,97,56
CUST013020,47.6,At Risk,28,46,68
CUST013021,58.8,At Risk,38,76,71
CUST013022,56.2,At Risk,82,77,20
CUST013023,53.0,At Risk,46,87,43
CUST013024,83.8,Healthy,89,83,79
CUST013025,66.0,Monitor,78,20,77
CUST013026,61.2,Monitor,45,26,95
CUST013027,67.4,Monitor,74,33,78
CUST013028,44.4,At Risk,58,38,34
CUST013029,53.2,At Risk,67,36,48
CUST013030,79.0,Monitor,72,95,78
CUST013031,69.0,Monitor,84,99,39
CUST013032,61.6,Monitor,89,86,22
CUST013033,55.0,At Risk,83,23,43
CUST013034,46.2,At Risk,58,53,31
CUST013035,64.2,Monitor,42,89,74
CUST013036,36.4,Critical,33,60,28
CUST013037,87.2,Healthy,97,54,94
CUST013038,83.6,Healthy,87,70,87
CUST013039,57.0,At Risk,93,51,24
CUST013040,32.4,Critical,34,36,29
CUST013041,51.8,At Risk,23,65,74
CUST013042,70.2,Monitor,88,63,56
CUST013043,38.4,Critical,50,26,33
CUST013044,76.6,Monitor,81,49,86
CUST013045,72.0,Monitor,88,94,45
CUST013046,62.0,Monitor,96,74,22
CUST013047,51.0,At Risk,28,33,83
CUST013048,77.8,Monitor,79,85,73
CUST013049,66.4,Monitor,55,38,92
CUST013050,54.0,At Risk,25,84,68
CUST013051,66.6,Monitor,27,95,92
CUST013052,45.4,At Risk,38,99,26
CUST013053,55.2,At Risk,65,78,34
CUST013054,66.2,Monitor,91,63,43
CUST013055,58.2,At Risk,99,33,30
CUST013056,38.0,Critical,29,48,42
CUST013057,52.2,At Risk,34,49,72
CUST013058,74.2,Monitor,95,37,72
CUST013059,76.0,Monitor,98,84,50
CUST013060,34.0,Critical,21,60,34
CUST013061,75.2,Monitor,81,38,88
CUST013062,43.6,At Risk,73,28,22
CUST013063,71.6,Monitor,68,36,93
CUST013064,45.2,At Risk,23,64,58
CUST013065,82.6,Healthy,99,99,58
CUST013066,64.6,Monitor,95,75,29
CUST013067,33.6,Critical,47,20,27
CUST013068,84.2,Healthy,76,79,95
CUST013069,54.0,At Risk,76,22,48
CUST013070,62.4,Monitor,27,68,95
CUST013071,59.6,At Risk,94,64,23
CUST013072,73.8,Monitor,88,91,51
CUST013073,57.4,At Risk,29,81,74
CUST013074,75.8,Monitor,93,53,70
CUST013075,57.8,At Risk,28,47,93
CUST013076,52.4,At Risk,36,78,56
CUST013077,95.0,Healthy,97,97,92
CUST013078,39.6,Critical,34,86,22
CUST013079,58.8,At Risk,75,20,62
CUST013080,60.4,Monitor,84,42,46
CUST013081,59.6,At Risk,40,64,77
CUST013082,57.0,At Risk,53,21,79
CUST013083,55.0,At Risk,45,87,49
CUST013084,57.2,At Risk,77,24,54
CUST013085,62.6,Monitor,84,65,40
CUST013086,67.2,Monitor,67,70,66
CUST013087,60.0,Monitor,90,22,49
CUST013088,73.4,Monitor,99,53,58
CUST013089,59.4,At Risk,58,47,67
CUST013090,33.4,Critical,34,27,36
CUST013091,88.2,Healthy,98,53,96
CUST013092,56.8,At Risk,51,60,61
CUST013093,65.4,Monitor,38,87,82
CUST013094,56.6,At Risk,62,23,68
CUST013095,63.2,Monitor,29,68,95
CUST013096,72.4,Monitor,76,38,86
CUST013097,61.6,Monitor,47,40,87
CUST013098,65.4,Monitor,97,63,35
CUST013099,32.4,Critical,36,32,29
CUST013100,69.6,Monitor,63,72,75
CUST013101,67.0,Monitor,59,67,75
CUST013102,50.2,At Risk,41,21,74
CUST013103,39.4,Critical,42,41,36
CUST013104,31.2,Critical,32,30,31
CUST013105,40.2,At Risk,58,27,29
CUST013106,49.0,At Risk,31,45,69
CUST013107,65.6,Monitor,78,40,66
CUST013108,59.4,At Risk,71,85,35
CUST013109,26.0,Critical,21,44,22
CUST013110,59.0,At Risk,69,97,30
CUST013111,50.4,At Risk,83,20,33
CUST013112,59.4,At Risk,98,33,34
CUST013113,58.8,At Risk,41,20,96
CUST013114,65.8,Monitor,92,65,40
CUST013115,47.8,At Risk,26,37,75
CUST013116,84.2,Healthy,86,55,97
CUST013117,52.4,At Risk,59,72,36
CUST013118,60.8,Monitor,76,72,40
CUST013119,36.4,Critical,40,34,34
CUST013120,80.0,Healthy,83,54,90
CUST013121,55.6,At Risk,95,32,28
CUST013122,63.8,Monitor,59,99,51
CUST013123,39.4,Critical,42,27,43
CUST013124,42.8,At Risk,55,30,37
CUST013125,30.6,Critical,20,61,26
CUST013126,63.2,Monitor,61,42,76
CUST013127,79.2,Monitor,77,88,77
CUST013128,60.2,Monitor,36,79,75
CUST013129,54.8,At Risk,29,96,60
CUST013130,77.0,Monitor,83,45,87
CUST013131,72.2,Monitor,93,95,40
CUST013132,61.0,Monitor,72,21,70
CUST013133,62.6,Monitor,42,37,96
CUST013134,56.6,At Risk,26,49,91
CUST013135,45.2,At Risk,51,46,39
CUST013136,42.8,At Risk,33,38,55
CUST013137,82.2,Healthy,59,95,99
CUST013138,78.8,Monitor,99,64,66
CUST013139,63.6,Monitor,22,94,90
CUST013140,72.2,Monitor,71,57,81
CUST013141,73.8,Monitor,65,99,70
CUST013142,75.4,Monitor,80,75,71
CUST013143,74.4,Monitor,61,64,93
CUST013144,73.2,Monitor,61,50,97
CUST013145,58.4,At Risk,47,96,51
CUST013146,33.8,Critical,44,31,25
CUST013147,68.2,Monitor,77,61,63
CUST013148,40.4,At Risk,69,20,22
CUST013149,52.6,At Risk,38,65,61
CUST013150,28.2,Critical,28,35,25
CUST013151,52.0,At Risk,49,90,36
CUST013152,62.2,Monitor,30,77,87
CUST013153,29.6,Critical,30,26,31
CUST013154,55.4,At Risk,64,81,34
CUST013155,59.8,At Risk,21,77,90
CUST013156,40.8,At Risk,24,30,63
CUST013157,65.6,Monitor,64,66,67
CUST013158,64.4,Monitor,85,46,53
CUST013159,44.8,At Risk,36,24,64
CUST013160,41.6,At Risk,41,28,49
CUST013161,43.2,At Risk,38,36,52
CUST013162,64.6,Monitor,33,87,85
CUST013163,75.2,Monitor,68,46,97
CUST013164,81.6,Healthy,73,74,94
CUST013165,62.6,Monitor,58,71,63
CUST013166,64.8,Monitor,93,96,21
CUST013167,62.8,Monitor,62,36,77
CUST013168,68.8,Monitor,94,42,57
CUST013169,41.2,At Risk,65,30,23
CUST013170,73.0,Monitor,87,71,60
CUST013171,59.4,At Risk,74,49,50
CUST013172,38.4,Critical,21,54,48
CUST013173,63.6,Monitor,86,62,42
CUST013174,42.4,At Risk,63,28,29
CUST013175,42.2,At Risk,21,37,66
CUST013176,71.2,Monitor,79,22,88
CUST013177,54.2,At Risk,20,75,78
CUST013178,83.2,Healthy,69,86,96
CUST013179,57.6,At Risk,31,62,82
CUST013180,62.0,Monitor,83,96,24
CUST013181,45.2,At Risk,31,72,46
CUST013182,43.2,At Risk,69,26,26
CUST013183,74.6,Monitor,77,25,97
CUST013184,51.8,At Risk,93,27,23
CUST013185,65.8,Monitor,94,27,57
CUST013186,39.4,Critical,21,93,31
CUST013187,62.2,Monitor,27,63,97
CUST013188,52.2,At Risk,29,45,79
CUST013189,71.2,Monitor,74,28,90
CUST013190,84.6,Healthy,99,47,89
CUST013191,46.4,At Risk,51,38,46
CUST013192,46.2,At Risk,66,47,26
CUST013193,54.0,At Risk,55,94,33
CUST013194,77.4,Monitor,99,81,54
CUST013195,59.2,At Risk,42,44,84
CUST013196,50.6,At Risk,46,93,34
CUST013197,61.0,Monitor,90,23,51
CUST013198,42.0,At Risk,28,44,55
CUST013199,41.4,At Risk,26,25,65
CUST013200,58.4,At Risk,63,66,50
CUST013201,64.4,Monitor,54,86,64
CUST013202,72.0,Monitor,73,84,65
CUST013203,41.8,At Risk,27,65,45
CUST013204,51.4,At Risk,44,25,72
CUST013205,66.6,Monitor,54,49,88
CUST013206,53.6,At Risk,65,84,27
CUST013207,42.4,At Risk,45,64,29
CUST013208,30.6,Critical,20,37,38
CUST013209,50.0,At Risk,31,76,56
CUST013210,57.0,At Risk,44,29,84
CUST013211,48.8,At Risk,81,28,27
CUST013212,51.2,At Risk,27,52,75
CUST013213,52.4,At Risk,31,88,56
CUST013214,30.8,Critical,32,28,31
CUST013215,65.8,Monitor,52,39,93
CUST013216,78.2,Monitor,97,33,82
CUST013217,69.4,Monitor,62,65,79
CUST013218,41.6,At Risk,62,36,24
CUST013219,68.2,Monitor,84,83,45
CUST013220,39.6,Critical,24,84,33
CUST013221,61.4,Monitor,24,73,93
CUST013222,51.0,At Risk,83,23,33
CUST013223,46.4,At Risk,26,44,68
CUST013224,54.6,At Risk,72,73,28
CUST013225,60.8,Monitor,33,74,82
CUST013226,71.0,Monitor,74,39,84
CUST013227,52.2,At Risk,35,51,70
CUST013228,71.4,Monitor,76,69,68
CUST013229,73.0,Monitor,78,69,70
CUST013230,53.2,At Risk,71,30,47
CUST013231,74.6,Monitor,80,55,79
CUST013232,63.4,Monitor,43,53,89
CUST013233,78.6,Monitor,54,99,93
CUST013234,59.6,At Risk,88,60,31
CUST013235,53.0,At Risk,90,35,25
CUST013236,46.6,At Risk,20,87,53
CUST013237,38.2,Critical,21,51,49
CUST013238,68.6,Monitor,99,43,51
CUST013239,54.8,At Risk,89,42,27
CUST013240,63.4,Monitor,31,59,98
CUST013241,72.2,Monitor,99,93,35
CUST013242,52.2,At Risk,46,79,45
CUST013243,66.2,Monitor,93,59,43
CUST013244,40.0,At Risk,51,52,23
CUST013245,55.6,At Risk,64,76,37
CUST013246,86.8,Healthy,97,42,99
CUST013247,53.0,At Risk,25,41,87
CUST013248,39.0,Critical,59,29,24
CUST013249,61.8,Monitor,43,97,63
CUST013250,43.6,At Risk,35,44,52
CUST013251,65.4,Monitor,73,61,60
CUST013252,27.2,Critical,24,32,28
CUST013253,54.0,At Risk,33,32,86
CUST013254,60.0,Monitor,23,74,90
CUST013255,44.8,At Risk,26,56,58
CUST013256,64.6,Monitor,77,85,42
CUST013257,43.8,At Risk,26,73,47
CUST013258,68.4,Monitor,66,40,85
CUST013259,60.4,Monitor,68,26,70
CUST013260,76.2,Monitor,75,87,72
CUST013261,51.0,At Risk,53,29,60
CUST013262,39.4,Critical,31,25,55
CUST013263,39.6,Critical,33,92,20
CUST013264,58.8,At Risk,58,96,41
CUST013265,59.0,At Risk,59,63,57
CUST013266,59.0,At Risk,45,31,87
CUST013267,42.8,At Risk,56,58,22
CUST013268,48.8,At Risk,40,22,71
CUST013269,59.8,At Risk,29,47,97
CUST013270,58.2,At Risk,31,89,70
CUST013271,81.2,Healthy,98,78,66
CUST013272,63.0,Monitor,74,47,60
CUST013273,86.4,Healthy,81,74,98
CUST013274,64.0,Monitor,67,50,68
CUST013275,80.2,Healthy,99,51,76
CUST013276,67.0,Monitor,72,61,65
CUST013277,47.0,At Risk,25,81,52
CUST013278,64.4,Monitor,96,32,49
CUST013279,50.0,At Risk,90,20,25
CUST013280,67.2,Monitor,60,60,78
CUST013281,88.0,Healthy,80,84,98
CUST013282,77.4,Monitor,53,93,94
CUST013283,52.8,At Risk,57,56,47
CUST013284,59.6,At Risk,80,58,40
CUST013285,72.4,Monitor,90,60,61
CUST013286,63.6,Monitor,67,82,51
CUST013287,58.0,At Risk,60,74,48
CUST013288,56.2,At Risk,75,47,42
CUST013289,63.8,Monitor,83,35,59
CUST013290,57.6,At Risk,29,90,70
CUST013291,41.6,At Risk,20,24,72
CUST013292,61.4,Monitor,87,27,53
CUST013293,78.4,Monitor,51,98,96
CUST013294,62.4,Monitor,41,58,86
CUST013295,37.6,Critical,23,20,61
CUST013296,68.2,Monitor,74,69,62
CUST013297,24.2,Critical,26,21,24
CUST013298,70.2,Monitor,87,43,67
CUST013299,50.8,At Risk,55,56,44
CUST013300,49.4,At Risk,47,57,48
CUST013301,34.8,Critical,43,48,20
CUST013302,62.0,Monitor,44,50,86
CUST013303,64.6,Monitor,23,85,96
CUST013304,74.8,Monitor,85,58,73
CUST013305,62.0,Monitor,81,84,32
CUST013306,66.2,Monitor,73,75,55
CUST013307,70.6,Monitor,97,41,59
CUST013308,31.6,Critical,39,28,26
CUST013309,69.4,Monitor,98,81,35
CUST013310,71.0,Monitor,74,55,76
CUST013311,66.8,Monitor,68,56,71
CUST013312,56.0,At Risk,65,70,40
CUST013313,47.4,At Risk,48,57,42
CUST013314,63.4,Monitor,99,61,29
CUST013315,73.8,Monitor,83,49,77
CUST013316,72.2,Monitor,84,73,60
CUST013317,78.8,Monitor,82,88,71
CUST013318,45.6,At Risk,50,68,30
CUST013319,39.2,Critical,35,74,26
CUST013320,62.8,Monitor,78,28,65
CUST013321,48.6,At Risk,85,29,22
CUST013322,64.0,Monitor,82,56,50
CUST013323,53.8,At Risk,45,77,51
CUST013324,48.2,At Risk,42,41,58
CUST013325,83.2,Healthy,92,94,69
CUST013326,57.6,At Risk,61,44,61
CUST013327,72.8,Monitor,84,66,65
CUST013328,56.8,At Risk,40,58,73
CUST013329,79.6,Monitor,90,60,79
CUST013330,72.0,Monitor,69,82,70
CUST013331,47.6,At Risk,53,40,46
CUST013332,30.0,Critical,25,58,21
CUST013333,51.6,At Risk,88,32,25
CUST013334,90.0,Healthy,99,58,97
CUST013335,40.0,At Risk,47,66,20
CUST013336,58.0,At Risk,67,74,41
CUST013337,40.4,At Risk,55,44,24
CUST013338,50.8,At Risk,56,84,29
CUST013339,32.8,Critical,20,72,26
CUST013340,48.6,At Risk,58,55,36
CUST013341,49.2,At Risk,28,94,48
CUST013342,88.8,Healthy,82,98,91
CUST013343,69.6,Monitor,54,76,82
CUST013344,45.4,At Risk,51,81,22
CUST013345,61.8,Monitor,57,49,73
CUST013346,45.8,At Risk,36,73,42
CUST013347,66.8,Monitor,93,20,64
CUST013348,77.0,Monitor,69,71,88
CUST013349,43.6,At Risk,54,32,39
CUST013350,56.4,At Risk,51,76,52
CUST013351,48.0,At Risk,49,26,58
CUST013352,63.4,Monitor,82,91,31
CUST013353,69.8,Monitor,83,95,44
CUST013354,71.8,Monitor,73,99,57
CUST013355,56.6,At Risk,67,67,41
CUST013356,53.6,At Risk,27,22,96
CUST013357,68.6,Monitor,38,75,96
CUST013358,75.0,Monitor,89,25,86
CUST013359,53.6,At Risk,55,54,52
CUST013360,59.2,At Risk,65,80,43
CUST013361,63.2,Monitor,93,26,52
CUST013362,46.6,At Risk,45,41,51
CUST013363,45.0,At Risk,37,37,57
CUST013364,80.4,Healthy,90,70,76
CUST013365,57.0,At Risk,41,63,70
CUST013366,53.2,At Risk,68,64,33
CUST013367,48.6,At Risk,46,31,60
CUST013368,31.4,Critical,25,51,28
CUST013369,39.6,Critical,37,48,38
CUST013370,55.2,At Risk,63,96,27
CUST013371,62.6,Monitor,73,97,35
CUST013372,37.0,Critical,23,51,44
CUST013373,57.6,At Risk,61,48,59
CUST013374,35.2,Critical,25,76,25
CUST013375,72.4,Monitor,76,32,89
CUST013376,65.2,Monitor,93,64,38
CUST013377,42.4,At Risk,42,86,21
CUST013378,39.8,Critical,25,73,38
CUST013379,60.6,Monitor,50,21,91
CUST013380,55.4,At Risk,62,53,50
CUST013381,36.6,Critical,50,37,23
CUST013382,78.2,Monitor,88,63,76
CUST013383,83.0,Healthy,79,99,79
CUST013384,43.4,At Risk,55,67,20
CUST013385,77.2,Monitor,93,78,61
CUST013386,57.4,At Risk,73,79,31
CUST013387,47.2,At Risk,26,72,56
CUST013388,63.0,Monitor,42,99,66
CUST013389,53.2,At Risk,71,80,22
CUST013390,47.4,At Risk,27,95,44
CUST013391,65.6,Monitor,88,54,49
CUST013392,61.2,Monitor,38,32,99
CUST013393,64.2,Monitor,82,53,52
CUST013394,59.8,At Risk,83,33,50
CUST013395,41.6,At Risk,25,98,30
CUST013396,61.6,Monitor,76,54,51
CUST013397,80.4,Healthy,87,32,98
CUST013398,36.6,Critical,27,49,40
CUST013399,60.8,Monitor,87,56,37
CUST013400,71.0,Monitor,69,41,88
CUST013401,60.4,Monitor,37,96,66
CUST013402,83.0,Healthy,81,97,78
CUST013403,42.4,At Risk,37,58,40
CUST013404,61.8,Monitor,69,87,42
CUST013405,56.6,At Risk,87,59,25
CUST013406,60.0,Monitor,36,98,65
CUST013407,75.8,Monitor,80,57,81
CUST013408,67.6,Monitor,68,90,56
CUST013409,52.4,At Risk,68,28,49
CUST013410,83.6,Healthy,85,54,97
CUST013411,74.0,Monitor,69,84,74
CUST013412,62.6,Monitor,50,71,71
CUST013413,52.6,At Risk,85,31,31
CUST013414,74.0,Monitor,91,92,48
CUST013415,45.4,At Risk,26,43,66
CUST013416,74.8,Monitor,64,66,90
CUST013417,96.4,Healthy,97,98,95
CUST013418,77.8,Monitor,58,83,95
CUST013419,61.6,Monitor,48,60,76
CUST013420,65.0,Monitor,58,51,79
CUST013421,60.2,Monitor,93,73,21
CUST013422,41.6,At Risk,41,72,27
CUST013423,59.2,At Risk,87,34,44
CUST013424,40.4,At Risk,27,62,43
CUST013425,84.8,Healthy,81,88,87
CUST013426,64.2,Monitor,92,41,48
CUST013427,56.0,At Risk,74,74,29
CUST013428,49.6,At Risk,36,72,52
CUST013429,44.6,At Risk,41,53,44
CUST013430,44.6,At Risk,76,23,24
CUST013431,46.2,At Risk,41,93,28
CUST013432,39.2,Critical,56,28,28
CUST013433,72.8,Monitor,70,46,89
CUST013434,44.0,At Risk,39,54,44
CUST013435,71.6,Monitor,86,92,47
CUST013436,65.0,Monitor,98,45,42
CUST013437,46.4,At Risk,38,50,53
CUST013438,56.0,At Risk,36,86,61
CUST013439,60.2,Monitor,72,41,58
CUST013440,59.0,At Risk,35,33,96
CUST013441,66.8,Monitor,56,88,67
CUST013442,86.6,Healthy,94,89,78
CUST013443,45.8,At Risk,45,65,37
CUST013444,27.2,Critical,29,20,29
CUST013445,54.8,At Risk,39,28,84
CUST013446,66.8,Monitor,98,40,49
CUST013447,54.4,At Risk,69,38,48
CUST013448,74.0,Monitor,80,90,60
CUST013449,56.2,At Risk,84,31,41
CUST013450,55.2,At Risk,76,74,25
CUST013451,82.0,Healthy,70,86,92
CUST013452,40.6,At Risk,33,91,23
CUST013453,38.2,Critical,34,23,50
CUST013454,44.6,At Risk,42,93,23
CUST013455,49.8,At Risk,59,83,24
CUST013456,46.8,At Risk,34,96,35
CUST013457,50.4,At Risk,61,26,52
CUST013458,73.2,Monitor,88,68,61
CUST013459,80.4,Healthy,70,82,90
CUST013460,56.8,At Risk,33,54,82
CUST013461,63.0,Monitor,58,95,52
CUST013462,67.2,Monitor,69,70,64
CUST013463,43.8,At Risk,32,97,29
CUST013464,86.8,Healthy,75,96,94
CUST013465,50.0,At Risk,60,24,53
CUST013466,59.6,At Risk,56,62,62
CUST013467,66.6,Monitor,40,71,91
CUST013468,79.6,Monitor,62,88,93
CUST013469,74.8,Monitor,78,96,61
CUST013470,55.6,At Risk,20,82,78
CUST013471,45.6,At Risk,73,30,26
CUST013472,61.4,Monitor,86,75,30
CUST013473,52.2,At Risk,26,55,77
CUST013474,72.4,Monitor,62,96,71
CUST013475,73.2,Monitor,66,70,82
CUST013476,63.6,Monitor,91,30,53
CUST013477,69.8,Monitor,91,61,53
CUST013478,58.2,At Risk,35,45,88
CUST013479,56.2,At Risk,56,65,52
CUST013480,44.2,At Risk,57,35,36
CUST013481,44.4,At Risk,32,90,34
CUST013482,56.0,At Risk,75,84,23
CUST013483,53.2,At Risk,68,72,29
CUST013484,71.4,Monitor,41,93,91
CUST013485,66.6,Monitor,90,39,57
CUST013486,75.0,Monitor,81,75,69
CUST013487,48.6,At Risk,34,49,63
CUST013488,36.6,Critical,23,95,21
CUST013489,80.4,Healthy,92,64,77
CUST013490,51.6,At Risk,77,46,29
CUST013491,74.6,Monitor,90,43,75
CUST013492,59.4,At Risk,70,43,57
CUST013493,53.8,At Risk,27,35,90
CUST013494,69.0,Monitor,61,45,89
CUST013495,70.8,Monitor,61,60,86
CUST013496,33.0,Critical,35,53,21
CUST013497,62.4,Monitor,61,48,71
CUST013498,67.4,Monitor,84,61,54
CUST013499,75.8,Monitor,49,99,91
CUST013500,58.6,At Risk,52,57,66
CUST013501,58.2,At Risk,92,45,31
CUST013502,39.0,Critical,50,29,33
CUST013503,70.8,Monitor,71,82,65
CUST013504,39.8,Critical,31,57,40
CUST013505,74.6,Monitor,54,97,84
CUST013506,67.0,Monitor,65,53,76
CUST013507,75.0,Monitor,94,93,47
CUST013508,85.8,Healthy,87,71,92
CUST013509,76.6,Monitor,93,37,80
CUST013510,71.4,Monitor,58,67,87
CUST013511,45.4,At Risk,46,51,42
CUST013512,61.4,Monitor,61,27,79
CUST013513,79.8,Monitor,92,35,90
CUST013514,60.4,Monitor,41,76,72
CUST013515,56.0,At Risk,68,20,62
CUST013516,84.4,Healthy,85,82,85
CUST013517,90.0,Healthy,91,76,96
CUST013518,53.0,At Risk,29,27,90
CUST013519,52.2,At Risk,30,83,59
CUST013520,80.2,Healthy,97,89,59
CUST013521,64.8,Monitor,66,22,85
CUST013522,50.8,At Risk,31,72,60
CUST013523,74.4,Monitor,67,44,97
CUST013524,86.8,Healthy,93,72,88
CUST013525,51.2,At Risk,88,32,24
CUST013526,54.8,At Risk,35,38,83
CUST013527,71.0,Monitor,86,67,58
CUST013528,57.0,At Risk,26,77,78
CUST013529,75.0,Monitor,99,57,60
CUST013530,49.6,At Risk,70,20,44
CUST013531,53.4,At Risk,24,93,63
CUST013532,58.6,At Risk,41,51,80
CUST013533,65.8,Monitor,67,95,50
CUST013534,58.2,At Risk,96,35,32
CUST013535,67.0,Monitor,53,69,80
CUST013536,58.4,At Risk,78,56,40
CUST013537,55.8,At Risk,56,29,69
CUST013538,63.6,Monitor,61,26,85
CUST013539,61.4,Monitor,41,37,94
CUST013540,49.8,At Risk,58,43,45
CUST013541,65.8,Monitor,39,67,92
CUST013542,32.2,Critical,31,35,32
CUST013543,66.2,Monitor,44,47,98
CUST013544,87.4,Healthy,82,85,94
CUST013545,37.4,Critical,41,41,32
CUST013546,32.6,Critical,31,33,34
CUST013547,67.2,Monitor,73,76,57
CUST013548,42.6,At Risk,22,39,65
CUST013549,66.2,Monitor,54,27,98
CUST013550,51.2,At Risk,34,72,58
CUST013551,58.4,At Risk,62,90,39
CUST013552,50.6,At Risk,82,49,20
CUST013553,80.0,Healthy,75,62,94
CUST013554,69.0,Monitor,64,35,91
CUST013555,46.8,At Risk,54,44,41
CUST013556,89.6,Healthy,95,98,80
CUST013557,61.8,Monitor,41,63,82
CUST013558,59.6,At Risk,74,72,39
CUST013559,79.6,Monitor,96,88,59
CUST013560,67.2,Monitor,84,86,41
CUST013561,46.6,At Risk,59,59,28
CUST013562,50.8,At Risk,92,30,20
CUST013563,71.2,Monitor,77,32,85
CUST013564,33.0,Critical,45,21,27
CUST013565,41.4,At Risk,34,91,24
CUST013566,67.4,Monitor,34,71,99
CUST013567,84.8,Healthy,73,90,94
CUST013568,53.4,At Risk,76,59,28
CUST013569,42.6,At Risk,25,35,64
CUST013570,76.0,Monitor,77,84,71
CUST013571,47.8,At Risk,24,71,60
CUST013572,79.4,Monitor,66,83,91
CUST013573,41.2,At Risk,33,82,29
CUST013574,53.8,At Risk,59,77,37
CUST013575,61.6,Monitor,51,82,62
CUST013576,37.8,Critical,55,21,29
CUST013577,46.8,At Risk,23,60,64
CUST013578,32.6,Critical,36,25,33
CUST013579,63.4,Monitor,97,61,31
CUST013580,57.4,At Risk,60,27,70
CUST013581,39.0,Critical,53,21,34
CUST013582,60.8,Monitor,47,28,91
CUST013583,67.0,Monitor,56,29,97
CUST013584,51.6,At Risk,50,42,58
CUST013585,73.2,Monitor,65,96,70
CUST013586,69.4,Monitor,44,91,84
CUST013587,51.8,At Risk,37,95,45
CUST013588,52.6,At Risk,93,35,21
CUST013589,56.2,At Risk,58,91,37
CUST013590,45.0,At Risk,73,27,26
CUST013591,60.6,Monitor,47,67,71
CUST013592,77.4,Monitor,93,97,52
CUST013593,61.8,Monitor,66,77,50
CUST013594,52.2,At Risk,42,93,42
CUST013595,62.6,Monitor,50,67,73
CUST013596,65.6,Monitor,84,74,43
CUST013597,59.4,At Risk,87,33,45
CUST013598,36.4,Critical,48,38,24
CUST013599,38.6,Critical,32,49,40
CUST013600,66.0,Monitor,64,36,83
CUST013601,83.2,Healthy,93,54,88
CUST013602,62.6,Monitor,67,67,56
CUST013603,61.6,Monitor,71,92,37
CUST013604,69.2,Monitor,63,24,98
CUST013605,56.0,At Risk,79,82,20
CUST013606,36.6,Critical,21,47,47
CUST013607,64.8,Monitor,84,78,39
CUST013608,81.6,Healthy,82,46,99
CUST013609,53.8,At Risk,91,35,26
CUST013610,27.8,Critical,26,41,23
CUST013611,63.0,Monitor,80,93,31
CUST013612,67.4,Monitor,86,37,64
CUST013613,51.2,At Risk,81,44,25
CUST013614,68.6,Monitor,85,91,41
CUST013615,71.0,Monitor,70,35,90
CUST013616,44.2,At Risk,58,33,36
CUST013617,47.6,At Risk,33,94,39
CUST013618,49.0,At Risk,52,61,40
CUST013619,65.0,Monitor,45,89,73
CUST013620,65.2,Monitor,41,72,86
CUST013621,82.0,Healthy,98,64,75
CUST013622,67.0,Monitor,65,83,61
CUST013623,26.2,Critical,24,27,28
CUST013624,55.4,At Risk,74,83,23
CUST013625,78.2,Monitor,79,67,83
CUST013626,61.0,Monitor,34,53,92
CUST013627,67.8,Monitor,76,67,60
CUST013628,57.6,At Risk,52,26,79
CUST013629,42.2,At Risk,43,47,39
CUST013630,75.4,Monitor,72,41,96
CUST013631,57.2,At Risk,68,42,54
CUST013632,42.2,At Risk,42,55,36
CUST013633,60.8,Monitor,76,78,37
CUST013634,70.0,Monitor,75,96,52
CUST013635,39.2,Critical,21,70,42
CUST013636,56.0,At Risk,35,66,72
CUST013637,72.8,Monitor,65,70,82
CUST013638,57.8,At Risk,29,97,67
CUST013639,72.4,Monitor,68,94,66
CUST013640,73.8,Monitor,81,97,55
CUST013641,39.0,Critical,33,27,51
CUST013642,37.0,Critical,57,21,25
CUST013643,57.8,At Risk,77,65,35
CUST013644,64.0,Monitor,74,24,74
CUST013645,55.2,At Risk,58,28,66
CUST013646,63.4,Monitor,86,45,50
CUST013647,51.0,At Risk,23,57,76
CUST013648,66.4,Monitor,80,66,53
CUST013649,60.6,Monitor,81,91,25
CUST013650,46.4,At Risk,49,70,32
CUST013651,46.2,At Risk,52,41,43
CUST013652,47.6,At Risk,61,42,37
CUST013653,37.6,Critical,30,82,23
CUST013654,50.4,At Risk,55,48,47
CUST013655,47.6,At Risk,71,20,38
CUST013656,60.2,Monitor,60,43,69
CUST013657,87.6,Healthy,89,92,84
CUST013658,85.0,Healthy,81,73,95
CUST013659,43.2,At Risk,48,28,46
CUST013660,39.0,Critical,52,37,27
CUST013661,58.8,At Risk,74,70,38
CUST013662,46.4,At Risk,26,36,72
CUST013663,64.8,Monitor,61,48,77
CUST013664,62.0,Monitor,38,84,75
CUST013665,38.8,Critical,32,82,24
CUST013666,74.8,Monitor,89,54,71
CUST013667,48.6,At Risk,26,35,78
CUST013668,44.2,At Risk,23,93,41
CUST013669,45.0,At Risk,53,67,26
CUST013670,61.2,Monitor,33,48,96
CUST013671,80.6,Healthy,81,71,85
CUST013672,77.2,Monitor,58,96,87
CUST013673,60.4,Monitor,29,86,79
CUST013674,72.0,Monitor,71,28,95
CUST013675,52.4,At Risk,66,46,42
CUST013676,40.4,At Risk,68,26,20
CUST013677,55.2,At Risk,89,58,20
CUST013678,33.4,Critical,34,41,29
CUST013679,50.8,At Risk,25,50,77
CUST013680,60.4,Monitor,84,92,21
CUST013681,71.0,Monitor,94,91,38
CUST013682,70.4,Monitor,81,56,67
CUST013683,57.8,At Risk,84,21,50
CUST013684,71.2,Monitor,92,68,52
CUST013685,66.4,Monitor,75,68,57
CUST013686,63.8,Monitor,43,43,95
CUST013687,31.6,Critical,45,26,21
CUST013688,40.8,At Risk,65,30,22
CUST013689,48.0,At Risk,76,20,34
CUST013690,55.4,At Risk,93,51,20
CUST013691,68.0,Monitor,59,74,74
CUST013692,60.8,Monitor,88,78,25
CUST013693,56.2,At Risk,72,31,53
CUST013694,50.2,At Risk,70,49,31
CUST013695,42.4,At Risk,27,20,69
CUST013696,76.2,Monitor,79,39,92
CUST013697,84.8,Healthy,69,88,99
CUST013698,71.6,Monitor,90,44,67
CUST013699,52.8,At Risk,93,38,20
CUST013700,66.2,Monitor,62,21,93
CUST013701,74.0,Monitor,66,62,88
CUST013702,61.8,Monitor,57,27,84
CUST013703,47.4,At Risk,31,45,65
CUST013704,67.8,Monitor,55,63,83
CUST013705,71.2,Monitor,41,94,90
CUST013706,48.2,At Risk,25,75,58
CUST013707,59.2,At Risk,62,52,60
CUST013708,67.8,Monitor,94,71,40
CUST013709,47.0,At Risk,63,67,21
CUST013710,71.2,Monitor,68,42,89
CUST013711,77.4,Monitor,64,67,96
CUST013712,61.4,Monitor,96,67,24
CUST013713,60.6,Monitor,34,53,91
CUST013714,61.4,Monitor,65,27,75
CUST013715,50.0,At Risk,55,58,41
CUST013716,59.0,At Risk,89,71,23
CUST013717,68.6,Monitor,47,53,98
CUST013718,34.6,Critical,23,55,36
CUST013719,57.0,At Risk,31,71,76
CUST013720,67.4,Monitor,88,67,47
CUST013721,72.8,Monitor,95,36,69
CUST013722,82.6,Healthy,68,83,97
CUST013723,46.6,At Risk,72,31,29
CUST013724,55.6,At Risk,25,74,77
CUST013725,65.8,Monitor,78,63,55
CUST013726,82.4,Healthy,75,74,94
CUST013727,67.0,Monitor,63,23,93
CUST013728,59.0,At Risk,91,49,32
CUST013729,45.2,At Risk,25,32,72
CUST013730,76.4,Monitor,87,86,61
CUST013731,65.6,Monitor,82,56,54
CUST013732,56.8,At Risk,77,76,27
CUST013733,71.2,Monitor,87,36,73
CUST013734,60.4,Monitor,84,72,31
CUST013735,35.2,Critical,35,50,28
CUST013736,73.8,Monitor,58,75,89
CUST013737,55.0,At Risk,37,77,62
CUST013738,74.6,Monitor,50,89,92
CUST013739,65.2,Monitor,27,82,95
CUST013740,43.6,At Risk,47,64,30
CUST013741,55.4,At Risk,59,43,58
CUST013742,33.0,Critical,41,41,21
CUST013743,83.4,Healthy,98,59,81
CUST013744,58.8,At Risk,85,32,46
CUST013745,56.6,At Risk,30,77,73
CUST013746,79.8,Monitor,87,53,86
CUST013747,47.0,At Risk,59,23,47
CUST013748,73.2,Monitor,94,80,49
CUST013749,39.8,Critical,48,51,26
CUST013750,71.8,Monitor,64,99,66
CUST013751,63.2,Monitor,50,66,75
CUST013752,55.4,At Risk,85,35,36
CUST013753,52.2,At Risk,81,23,38
CUST013754,68.0,Monitor,53,88,73
CUST013755,81.8,Healthy,89,83,74
CUST013756,84.6,Healthy,94,45,95
CUST013757,52.4,At Risk,88,36,25
CUST013758,52.8,At Risk,79,36,35
CUST013759,68.8,Monitor,62,52,84
CUST013760,77.0,Monitor,92,79,61
CUST013761,71.2,Monitor,91,44,65
CUST013762,61.2,Monitor,30,94,76
CUST013763,71.2,Monitor,50,72,92
CUST013764,55.6,At Risk,56,52,57
CUST013765,59.2,At Risk,73,52,49
CUST013766,75.4,Monitor,60,65,96
CUST013767,62.6,Monitor,92,63,33
CUST013768,66.8,Monitor,34,84,91
CUST013769,64.4,Monitor,48,68,79
CUST013770,51.4,At Risk,71,75,20
CUST013771,67.0,Monitor,64,25,91
CUST013772,52.0,At Risk,76,44,32
CUST013773,61.8,Monitor,84,57,42
CUST013774,43.0,At Risk,33,43,53
CUST013775,59.8,At Risk,53,37,78
CUST013776,65.0,Monitor,96,79,27
CUST013777,79.6,Monitor,79,64,88
CUST013778,68.8,Monitor,50,48,98
CUST013779,58.6,At Risk,75,25,59
CUST013780,61.8,Monitor,35,81,79
CUST013781,58.8,At Risk,98,52,23
CUST013782,62.6,Monitor,43,63,82
CUST013783,60.2,Monitor,28,81,82
CUST013784,72.2,Monitor,45,93,89
CUST013785,34.4,Critical,25,22,50
CUST013786,65.6,Monitor,30,88,90
CUST013787,53.8,At Risk,69,77,27
CUST013788,72.4,Monitor,86,46,72
CUST013789,42.6,At Risk,24,93,36
CUST013790,65.4,Monitor,91,65,40
CUST013791,39.8,Critical,37,85,20
CUST013792,56.6,At Risk,49,59,63
CUST013793,50.2,At Risk,63,81,22
CUST013794,89.4,Healthy,81,89,98
CUST013795,68.2,Monitor,58,73,76
CUST013796,64.6,Monitor,44,81,77
CUST013797,65.2,Monitor,39,62,93
CUST013798,52.0,At Risk,84,32,30
CUST013799,47.4,At Risk,33,59,56
CUST013800,82.6,Healthy,99,45,85
CUST013801,52.4,At Risk,22,92,63
CUST013802,46.6,At Risk,35,87,38
CUST013803,47.8,At Risk,82,25,25
CUST013804,62.0,Monitor,38,84,75
CUST013805,82.2,Healthy,91,63,83
CUST013806,56.0,At Risk,40,94,53
CUST013807,78.6,Monitor,94,67,69
CUST013808,67.2,Monitor,98,70,35
CUST013809,46.8,At Risk,38,86,36
CUST013810,51.8,At Risk,24,63,74
CUST013811,84.4,Healthy,81,70,95
CUST013812,42.8,At Risk,28,46,56
CUST013813,42.0,At Risk,60,38,26
CUST013814,36.2,Critical,26,33,48
CUST013815,75.8,Monitor,62,81,87
CUST013816,72.0,Monitor,57,48,99
CUST013817,43.2,At Risk,27,76,43
CUST013818,65.4,Monitor,91,83,31
CUST013819,43.2,At Risk,26,38,63
CUST013820,52.0,At Risk,36,40,74
CUST013821,67.4,Monitor,75,89,49
CUST013822,49.2,At Risk,84,26,26
CUST013823,70.0,Monitor,85,84,48
CUST013824,42.4,At Risk,60,44,24
CUST013825,36.2,Critical,49,35,24
CUST013826,75.2,Monitor,75,88,69
CUST013827,56.6,At Risk,40,33,85
CUST013828,66.0,Monitor,89,38,57
CUST013829,50.4,At Risk,21,94,58
CUST013830,59.0,At Risk,53,25,82
CUST013831,53.4,At Risk,82,25,39
CUST013832,82.6,Healthy,88,91,73
CUST013833,69.0,Monitor,63,23,98
CUST013834,61.0,Monitor,74,45,56
CUST013835,56.0,At Risk,63,74,40
CUST013836,61.8,Monitor,98,35,39
CUST013837,71.8,Monitor,81,69,64
CUST013838,87.0,Healthy,97,95,73
CUST013839,63.6,Monitor,44,36,97
CUST013840,56.0,At Risk,61,72,43
CUST013841,64.0,Monitor,82,58,49
CUST013842,67.0,Monitor,58,59,80
CUST013843,42.2,At Risk,72,21,23
CUST013844,48.6,At Risk,87,29,20
CUST013845,41.8,At Risk,46,31,43
CUST013846,61.0,Monitor,72,59,51
CUST013847,69.2,Monitor,30,88,99
CUST013848,61.4,Monitor,89,51,39
CUST013849,70.2,Monitor,80,79,56
CUST013850,39.0,Critical,35,63,31
CUST013851,73.4,Monitor,50,75,96
CUST013852,61.8,Monitor,94,47,37
CUST013853,46.2,At Risk,30,99,36
CUST013854,51.0,At Risk,61,57,38
CUST013855,55.0,At Risk,87,43,29
CUST013856,56.4,At Risk,52,24,77
CUST013857,55.0,At Risk,47,81,50
CUST013858,49.4,At Risk,74,21,39
CUST013859,61.8,Monitor,54,77,62
CUST013860,53.4,At Risk,32,39,82
CUST013861,65.6,Monitor,79,30,70
CUST013862,84.0,Healthy,71,84,97
CUST013863,38.6,Critical,36,33,44
CUST013864,44.2,At Risk,40,57,42
CUST013865,70.4,Monitor,72,98,55
CUST013866,54.4,At Risk,78,54,31
CUST013867,88.8,Healthy,82,94,93
CUST013868,52.0,At Risk,34,28,82
CUST013869,51.4,At Risk,20,67,75
CUST013870,77.6,Monitor,67,66,94
CUST013871,81.8,Healthy,94,63,79
CUST013872,46.2,At Risk,54,81,21
CUST013873,53.2,At Risk,41,46,69
CUST013874,61.6,Monitor,71,96,35
CUST013875,34.2,Critical,33,49,28
CUST013876,91.6,Healthy,94,78,96
CUST013877,83.4,Healthy,88,61,90
CUST013878,69.4,Monitor,51,81,82
CUST013879,51.8,At Risk,77,59,23
CUST013880,58.6,At Risk,40,89,62
CUST013881,92.6,Healthy,96,75,98
CUST013882,45.2,At Risk,66,52,21
CUST013883,66.6,Monitor,54,37,94
CUST013884,46.8,At Risk,46,20,61
CUST013885,65.6,Monitor,99,68,31
CUST013886,47.4,At Risk,62,63,25
CUST013887,62.4,Monitor,41,40,95
CUST013888,55.6,At Risk,32,80,67
CUST013889,39.2,Critical,21,62,46
CUST013890,44.8,At Risk,65,32,31
CUST013891,34.6,Critical,34,43,31
CUST013892,47.2,At Risk,27,84,49
CUST013893,60.4,Monitor,71,82,39
CUST013894,54.4,At Risk,94,28,28
CUST013895,51.6,At Risk,32,72,61
CUST013896,55.8,At Risk,47,89,48
CUST013897,89.4,Healthy,94,67,96
CUST013898,50.4,At Risk,40,86,43
CUST013899,52.2,At Risk,47,45,61
CUST013900,53.0,At Risk,65,47,44
CUST013901,50.2,At Risk,29,67,63
CUST013902,59.2,At Risk,22,70,91
CUST013903,48.4,At Risk,31,78,51
CUST013904,71.4,Monitor,64,95,67
CUST013905,53.6,At Risk,95,34,22
CUST013906,43.4,At Risk,60,47,25
CUST013907,61.2,Monitor,20,70,98
CUST013908,44.6,At Risk,21,77,52
CUST013909,49.4,At Risk,25,75,61
CUST013910,82.4,Healthy,68,84,96
CUST013911,47.4,At Risk,37,21,71
CUST013912,79.8,Monitor,96,89,59
CUST013913,69.2,Monitor,68,68,71
CUST013914,61.4,Monitor,44,23,98
CUST013915,58.8,At Risk,58,48,65
CUST013916,51.0,At Risk,47,81,40
CUST013917,64.4,Monitor,37,60,94
CUST013918,55.8,At Risk,41,57,70
CUST013919,66.0,Monitor,96,68,35
CUST013920,71.0,Monitor,87,73,54
CUST013921,57.0,At Risk,30,81,72
CUST013922,53.2,At Risk,38,64,63
CUST013923,56.0,At Risk,44,48,72
CUST013924,57.8,At Risk,73,71,36
CUST013925,70.2,Monitor,98,81,37
CUST013926,75.2,Monitor,99,40,69
CUST013927,80.2,Healthy,78,73,86
CUST013928,63.8,Monitor,64,77,57
CUST013929,72.6,Monitor,54,89,83
CUST013930,59.4,At Risk,41,37,89
CUST013931,51.0,At Risk,69,45,36
CUST013932,77.4,Monitor,63,79,91
CUST013933,75.6,Monitor,62,70,92
CUST013934,54.0,At Risk,56,98,30
CUST013935,75.0,Monitor,57,69,96
CUST013936,88.6,Healthy,79,95,95
CUST013937,89.6,Healthy,90,70,99
CUST013938,67.2,Monitor,32,92,90
CUST013939,62.6,Monitor,26,69,96
CUST013940,57.6,At Risk,57,80,47
CUST013941,53.0,At Risk,71,73,25
CUST013942,41.0,At Risk,23,63,48
CUST013943,49.6,At Risk,30,92,48
CUST013944,26.2,Critical,26,27,26
CUST013945,52.2,At Risk,39,85,49
CUST013946,73.0,Monitor,73,55,82
CUST013947,42.8,At Risk,50,22,46
CUST013948,56.4,At Risk,84,22,46
CUST013949,43.2,At Risk,39,36,51
CUST013950,41.6,At Risk,64,28,26
CUST013951,66.4,Monitor,90,70,41
CUST013952,77.6,Monitor,92,84,60
CUST013953,63.4,Monitor,38,71,85
CUST013954,70.0,Monitor,93,48,58
CUST013955,85.0,Healthy,86,77,88
CUST013956,68.8,Monitor,54,72,82
CUST013957,54.8,At Risk,28,46,86
CUST013958,67.6,Monitor,45,84,82
CUST013959,57.6,At Risk,80,36,46
CUST013960,47.2,At Risk,63,34,38
CUST013961,51.6,At Risk,46,42,62
CUST013962,52.0,At Risk,30,94,53
CUST013963,33.0,Critical,24,25,46
CUST013964,53.2,At Risk,26,98,58
CUST013965,67.0,Monitor,34,73,97
CUST013966,72.0,Monitor,65,56,87
CUST013967,62.4,Monitor,26,90,85
CUST013968,47.2,At Risk,25,64,61
CUST013969,29.8,Critical,25,27,36
CUST013970,49.0,At Risk,42,31,65
CUST013971,52.0,At Risk,26,98,55
CUST013972,91.4,Healthy,97,93,85
CUST013973,50.8,At Risk,26,30,86
CUST013974,69.2,Monitor,69,22,93
CUST013975,41.8,At Risk,28,47,53
CUST013976,67.4,Monitor,48,83,79
CUST013977,54.6,At Risk,28,73,72
CUST013978,50.4,At Risk,43,76,45
CUST013979,50.0,At Risk,25,80,60
CUST013980,41.0,At Risk,23,27,66
CUST013981,71.4,Monitor,78,35,83
CUST013982,35.2,Critical,30,54,31
CUST013983,76.2,Monitor,83,55,80
CUST013984,35.0,Critical,25,83,21
CUST013985,65.6,Monitor,55,98,60
CUST013986,23.6,Critical,23,30,21
CUST013987,52.0,At Risk,55,28,61
CUST013988,67.2,Monitor,63,86,62
CUST013989,62.6,Monitor,41,87,72
CUST013990,60.8,Monitor,38,90,69
CUST013991,48.0,At Risk,64,62,25
CUST013992,61.8,Monitor,67,83,46
CUST013993,76.6,Monitor,98,93,47
CUST013994,50.6,At Risk,60,69,32
CUST013995,58.8,At Risk,37,98,61
CUST013996,68.6,Monitor,48,89,79
CUST013997,66.2,Monitor,84,67,48
CUST013998,53.4,At Risk,48,85,43
CUST013999,35.8,Critical,48,27,28
CUST014000,83.0,Healthy,94,97,65
CUST014001,49.2,At Risk,34,82,48
CUST014002,45.8,At Risk,29,43,64
CUST014003,82.0,Healthy,89,34,99
CUST014004,63.4,Monitor,66,49,68
CUST014005,71.6,Monitor,97,88,38
CUST014006,79.6,Monitor,96,72,67
CUST014007,47.2,At Risk,77,30,26
CUST014008,62.4,Monitor,57,36,81
CUST014009,55.2,At Risk,40,58,69
CUST014010,82.2,Healthy,92,55,86
CUST014011,71.0,Monitor,66,89,67
CUST014012,58.2,At Risk,68,85,35
CUST014013,63.4,Monitor,58,35,83
CUST014014,62.2,Monitor,64,67,58
CUST014015,82.4,Healthy,72,84,92
CUST014016,34.0,Critical,25,32,44
CUST014017,64.6,Monitor,97,71,29
CUST014018,57.8,At Risk,29,69,81
CUST014019,45.4,At Risk,54,59,30
CUST014020,66.6,Monitor,77,85,47
CUST014021,81.2,Healthy,85,74,81
CUST014022,68.4,Monitor,46,54,98
CUST014023,60.2,Monitor,57,87,50
CUST014024,52.0,At Risk,77,64,21
CUST014025,70.0,Monitor,57,92,72
CUST014026,52.2,At Risk,48,37,64
CUST014027,62.2,Monitor,46,73,73
CUST014028,69.8,Monitor,54,43,99
CUST014029,77.2,Monitor,83,64,78
CUST014030,80.6,Healthy,76,85,83
CUST014031,42.0,At Risk,49,62,25
CUST014032,65.6,Monitor,80,42,63
CUST014033,59.4,At Risk,45,31,88
CUST014034,64.0,Monitor,98,28,48
CUST014035,42.0,At Risk,21,30,69
CUST014036,64.2,Monitor,66,69,60
CUST014037,32.6,Critical,25,29,42
CUST014038,73.0,Monitor,72,45,88
CUST014039,54.4,At Risk,89,40,27
CUST014040,64.2,Monitor,67,33,77
CUST014041,43.8,At Risk,62,33,31
CUST014042,56.0,At Risk,41,24,87
CUST014043,64.6,Monitor,29,83,91
CUST014044,80.8,Healthy,74,70,93
CUST014045,60.6,Monitor,28,95,76
CUST014046,37.6,Critical,28,66,33
CUST014047,68.0,Monitor,52,82,77
CUST014048,63.2,Monitor,70,82,47
CUST014049,66.2,Monitor,72,41,73
CUST014050,41.4,At Risk,68,23,24
CUST014051,46.6,At Risk,65,41,31
CUST014052,42.0,At Risk,20,56,57
CUST014053,29.4,Critical,30,39,24
CUST014054,64.0,Monitor,95,88,21
CUST014055,71.2,Monitor,77,46,78
CUST014056,45.4,At Risk,32,29,67
CUST014057,58.2,At Risk,64,93,35
CUST014058,65.4,Monitor,60,73,67
CUST014059,65.6,Monitor,81,20,73
CUST014060,55.4,At Risk,71,53,41
CUST014061,53.0,At Risk,53,89,35
CUST014062,72.8,Monitor,70,54,85
CUST014063,61.0,Monitor,82,97,22
CUST014064,79.8,Monitor,94,45,83
CUST014065,77.6,Monitor,96,92,52
CUST014066,56.0,At Risk,47,42,72
CUST014067,73.8,Monitor,67,91,72
CUST014068,44.8,At Risk,55,36,39
CUST014069,81.2,Healthy,86,48,93
CUST014070,44.0,At Risk,51,46,36
CUST014071,58.2,At Risk,36,55,82
CUST014072,62.2,Monitor,56,69,65
CUST014073,73.2,Monitor,60,90,78
CUST014074,67.4,Monitor,86,35,65
CUST014075,63.0,Monitor,86,91,26
CUST014076,37.8,Critical,23,75,34
CUST014077,37.2,Critical,40,38,34
CUST014078,76.0,Monitor,95,48,71
CUST014079,64.4,Monitor,47,46,91
CUST014080,32.4,Critical,31,46,27
CUST014081,52.4,At Risk,33,66,65
CUST014082,60.6,Monitor,83,41,48
CUST014083,57.8,At Risk,70,43,53
CUST014084,46.6,At Risk,23,55,66
CUST014085,56.4,At Risk,82,28,45
CUST014086,41.2,At Risk,34,90,24
CUST014087,62.2,Monitor,76,49,55
CUST014088,44.6,At Risk,36,87,32
CUST014089,74.6,Monitor,79,39,88
CUST014090,60.6,Monitor,27,51,99
CUST014091,65.8,Monitor,87,55,50
CUST014092,50.4,At Risk,43,52,57
CUST014093,68.4,Monitor,55,48,92
CUST014094,81.8,Healthy,90,61,84
CUST014095,49.6,At Risk,49,92,29
CUST014096,59.4,At Risk,41,39,88
CUST014097,76.6,Monitor,96,37,77
CUST014098,28.4,Critical,21,24,38
CUST014099,39.0,Critical,23,85,32
CUST014100,65.8,Monitor,50,69,80
CUST014101,64.4,Monitor,78,56,55
CUST014102,75.0,Monitor,57,87,87
CUST014103,66.8,Monitor,43,76,86
CUST014104,69.0,Monitor,94,37,60
CUST014105,61.4,Monitor,56,69,63
CUST014106,41.8,At Risk,34,91,25
CUST014107,40.8,At Risk,21,98,32
CUST014108,70.0,Monitor,55,98,71
CUST014109,67.2,Monitor,82,84,44
CUST014110,68.8,Monitor,81,32,75
CUST014111,42.6,At Risk,36,75,33
CUST014112,69.8,Monitor,95,97,31
CUST014113,26.6,Critical,23,21,33
CUST014114,54.8,At Risk,31,68,72
CUST014115,25.0,Critical,28,21,24
CUST014116,64.0,Monitor,80,36,62
CUST014117,50.2,At Risk,46,49,55
CUST014118,61.6,Monitor,68,30,71
CUST014119,61.0,Monitor,45,57,79
CUST014120,43.0,At Risk,46,43,40
CUST014121,43.8,At Risk,54,31,40
CUST014122,70.8,Monitor,50,76,89
CUST014123,52.6,At Risk,85,27,33
CUST014124,58.8,At Risk,37,70,75
CUST014125,73.6,Monitor,94,50,65
CUST014126,53.6,At Risk,56,76,40
CUST014127,54.4,At Risk,71,62,34
CUST014128,55.8,At Risk,32,41,87
CUST014129,68.0,Monitor,66,34,87
CUST014130,63.2,Monitor,64,34,77
CUST014131,61.2,Monitor,64,70,54
CUST014132,61.6,Monitor,95,24,47
CUST014133,68.8,Monitor,66,26,93
CUST014134,34.8,Critical,25,60,32
CUST014135,50.0,At Risk,52,98,24
CUST014136,39.8,Critical,27,71,37
CUST014137,62.6,Monitor,44,29,98
CUST014138,88.0,Healthy,99,66,88
CUST014139,58.6,At Risk,79,89,23
CUST014140,72.2,Monitor,70,61,80
CUST014141,88.8,Healthy,84,78,99
CUST014142,63.2,Monitor,78,48,56
CUST014143,66.0,Monitor,98,64,35
CUST014144,40.6,At Risk,45,43,35
CUST014145,74.4,Monitor,72,96,66
CUST014146,49.2,At Risk,50,88,29
CUST014147,57.4,At Risk,29,55,87
CUST014148,82.2,Healthy,66,97,91
CUST014149,66.8,Monitor,83,20,74
CUST014150,51.8,At Risk,29,83,59
CUST014151,57.4,At Risk,56,81,47
CUST014152,80.6,Healthy,97,21,94
CUST014153,90.2,Healthy,90,87,92
CUST014154,67.4,Monitor,54,83,73
CUST014155,62.4,Monitor,26,76,92
CUST014156,62.0,Monitor,45,72,74
CUST014157,80.8,Healthy,64,80,98
CUST014158,54.4,At Risk,28,94,61
CUST014159,26.0,Critical,21,32,28
CUST014160,51.8,At Risk,50,85,37
CUST014161,47.0,At Risk,57,41,40
CUST014162,56.2,At Risk,36,55,77
CUST014163,48.6,At Risk,51,97,22
CUST014164,53.2,At Risk,39,66,61
CUST014165,47.8,At Risk,52,67,34
CUST014166,60.6,Monitor,46,41,85
CUST014167,46.6,At Risk,56,79,21
CUST014168,72.0,Monitor,96,88,40
CUST014169,59.0,At Risk,75,87,29
CUST014170,47.4,At Risk,29,73,53
CUST014171,60.8,Monitor,28,50,99
CUST014172,49.8,At Risk,23,83,60
CUST014173,52.2,At Risk,38,99,43
CUST014174,47.0,At Risk,38,73,43
CUST014175,56.4,At Risk,66,42,54
CUST014176,43.2,At Risk,70,28,24
CUST014177,58.0,At Risk,60,60,55
CUST014178,51.8,At Risk,63,39,47
CUST014179,84.4,Healthy,99,74,75
CUST014180,48.6,At Risk,31,77,52
CUST014181,62.2,Monitor,33,97,74
CUST014182,36.6,Critical,44,21,37
CUST014183,46.0,At Risk,77,20,28
CUST014184,46.4,At Risk,50,32,50
CUST014185,55.6,At Risk,43,40,76
CUST014186,72.4,Monitor,83,64,66
CUST014187,58.4,At Risk,58,38,69
CUST014188,43.4,At Risk,23,27,72
CUST014189,61.0,Monitor,49,61,73
CUST014190,53.6,At Risk,20,92,68
CUST014191,67.8,Monitor,84,85,43
CUST014192,48.2,At Risk,22,35,81
CUST014193,56.0,At Risk,67,36,55
CUST014194,53.0,At Risk,37,97,47
CUST014195,72.2,Monitor,58,61,92
CUST014196,64.4,Monitor,82,98,30
CUST014197,59.8,At Risk,89,43,39
CUST014198,45.6,At Risk,50,46,41
CUST014199,80.4,Healthy,83,70,83
CUST014200,58.0,At Risk,57,40,68
CUST014201,74.0,Monitor,70,42,94
CUST014202,46.0,At Risk,25,72,54
CUST014203,89.2,Healthy,88,84,93
CUST014204,61.4,Monitor,65,59,59
CUST014205,45.0,At Risk,28,95,37
CUST014206,42.2,At Risk,38,89,23
CUST014207,33.4,Critical,47,31,21
CUST014208,55.2,At Risk,45,44,71
CUST014209,56.0,At Risk,36,42,83
CUST014210,48.0,At Risk,53,68,33
CUST014211,61.8,Monitor,39,45,93
CUST014212,72.6,Monitor,66,67,82
CUST014213,86.6,Healthy,91,89,81
CUST014214,55.6,At Risk,27,82,71
CUST014215,51.2,At Risk,72,66,23
CUST014216,45.8,At Risk,71,29,29
CUST014217,77.2,Monitor,77,64,84
CUST014218,60.8,Monitor,83,34,52
CUST014219,55.2,At Risk,68,92,24
CUST014220,78.2,Monitor,97,63,67
CUST014221,52.2,At Risk,41,39,70
CUST014222,57.6,At Risk,81,58,34
CUST014223,51.2,At Risk,32,96,48
CUST014224,83.6,Healthy,93,84,74
CUST014225,90.4,Healthy,94,76,94
CUST014226,48.0,At Risk,42,84,36
CUST014227,41.4,At Risk,25,99,29
CUST014228,60.2,Monitor,64,91,41
CUST014229,49.2,At Risk,49,64,42
CUST014230,75.6,Monitor,96,28,79
CUST014231,74.4,Monitor,93,58,64
CUST014232,60.2,Monitor,86,35,47
CUST014233,61.2,Monitor,82,62,40
CUST014234,72.2,Monitor,56,75,87
CUST014235,48.2,At Risk,77,31,28
CUST014236,67.0,Monitor,82,83,44
CUST014237,50.2,At Risk,52,25,61
CUST014238,64.2,Monitor,65,73,59
CUST014239,70.2,Monitor,37,93,92
CUST014240,39.4,Critical,41,45,35
CUST014241,45.0,At Risk,58,57,26
CUST014242,47.4,At Risk,20,51,73
CUST014243,48.8,At Risk,37,70,50
CUST014244,63.2,Monitor,83,76,37
CUST014245,43.6,At Risk,50,64,27
CUST014246,59.2,At Risk,73,46,52
CUST014247,62.6,Monitor,65,73,55
CUST014248,38.6,Critical,40,47,33
CUST014249,68.6,Monitor,57,75,77
CUST014250,63.8,Monitor,99,47,37
CUST014251,64.4,Monitor,79,74,45
CUST014252,42.4,At Risk,33,46,50
CUST014253,75.0,Monitor,68,59,90
CUST014254,42.4,At Risk,35,46,48
CUST014255,45.0,At Risk,48,61,34
CUST014256,62.4,Monitor,64,64,60
CUST014257,55.8,At Risk,20,81,79
CUST014258,64.2,Monitor,52,33,92
CUST014259,53.6,At Risk,36,56,70
CUST014260,49.4,At Risk,73,21,40
CUST014261,33.8,Critical,26,43,37
CUST014262,54.8,At Risk,80,62,26
CUST014263,39.6,Critical,23,94,29
CUST014264,75.0,Monitor,89,59,69
CUST014265,77.6,Monitor,64,78,91
CUST014266,38.8,Critical,34,74,26
CUST014267,49.0,At Risk,22,31,85
CUST014268,45.4,At Risk,30,51,58
CUST014269,58.4,At Risk,37,44,87
CUST014270,70.6,Monitor,84,87,49
CUST014271,62.2,Monitor,58,79,58
CUST014272,76.0,Monitor,65,54,98
CUST014273,55.0,At Risk,42,65,63
CUST014274,49.0,At Risk,44,61,48
CUST014275,83.6,Healthy,86,50,98
CUST014276,54.6,At Risk,76,75,23
CUST014277,77.0,Monitor,89,45,81
CUST014278,43.6,At Risk,49,50,35
CUST014279,75.2,Monitor,78,60,80
CUST014280,28.2,Critical,29,35,24
CUST014281,73.4,Monitor,96,25,75
CUST014282,34.6,Critical,43,31,28
CUST014283,57.0,At Risk,92,41,30
CUST014284,55.6,At Risk,45,38,75
CUST014285,34.4,Critical,35,36,33
CUST014286,70.2,Monitor,87,29,74
CUST014287,55.0,At Risk,61,99,27
CUST014288,82.6,Healthy,73,93,87
CUST014289,54.2,At Risk,80,23,44
CUST014290,71.0,Monitor,63,55,87
CUST014291,40.4,At Risk,56,38,26
CUST014292,60.0,Monitor,22,92,82
CUST014293,85.4,Healthy,83,87,87
CUST014294,57.4,At Risk,61,81,42
CUST014295,44.0,At Risk,47,56,35
CUST014296,57.6,At Risk,62,30,67
CUST014297,74.6,Monitor,75,41,91
CUST014298,83.2,Healthy,94,44,92
CUST014299,73.2,Monitor,73,30,95
CUST014300,64.0,Monitor,83,60,47
CUST014301,42.6,At Risk,54,45,30
CUST014302,79.6,Monitor,89,98,61
CUST014303,63.8,Monitor,96,61,33
CUST014304,66.2,Monitor,98,31,52
CUST014305,91.0,Healthy,97,79,91
CUST014306,40.2,At Risk,25,57,47
CUST014307,51.0,At Risk,46,87,38
CUST014308,65.0,Monitor,96,23,55
CUST014309,63.2,Monitor,39,68,85
CUST014310,81.2,Healthy,91,92,66
CUST014311,76.0,Monitor,76,88,70
CUST014312,66.0,Monitor,79,86,43
CUST014313,57.2,At Risk,37,78,67
CUST014314,81.8,Healthy,68,77,98
CUST014315,77.8,Monitor,64,91,85
CUST014316,51.4,At Risk,50,71,43
CUST014317,53.8,At Risk,42,69,58
CUST014318,63.2,Monitor,44,62,83
CUST014319,55.8,At Risk,33,27,93
CUST014320,29.2,Critical,27,28,32
CUST014321,38.4,Critical,49,46,24
CUST014322,53.8,At Risk,57,41,57
CUST014323,46.2,At Risk,79,31,21
CUST014324,61.0,Monitor,67,55,58
CUST014325,60.4,Monitor,82,56,41
CUST014326,70.6,Monitor,57,67,86
CUST014327,55.2,At Risk,79,54,32
CUST014328,63.6,Monitor,95,24,52
CUST014329,61.2,Monitor,27,66,93
CUST014330,53.0,At Risk,22,79,71
CUST014331,65.0,Monitor,76,65,54
CUST014332,54.6,At Risk,84,35,35
CUST014333,63.0,Monitor,21,83,95
CUST014334,64.2,Monitor,34,63,95
CUST014335,46.2,At Risk,57,27,45
CUST014336,57.2,At Risk,70,40,53
CUST014337,54.2,At Risk,65,23,59
CUST014338,41.2,At Risk,22,32,65
CUST014339,54.6,At Risk,25,31,96
CUST014340,40.8,At Risk,28,20,64
CUST014341,47.2,At Risk,70,26,35
CUST014342,86.6,Healthy,97,99,70
CUST014343,79.8,Monitor,82,77,79
CUST014344,61.8,Monitor,43,55,84
CUST014345,65.8,Monitor,69,99,46
CUST014346,48.2,At Risk,21,89,55
CUST014347,74.8,Monitor,69,58,89
CUST014348,78.0,Monitor,65,64,98
CUST014349,56.8,At Risk,79,80,23
CUST014350,41.4,At Risk,46,25,45
CUST014351,57.8,At Risk,89,65,23
CUST014352,67.8,Monitor,62,91,62
CUST014353,86.8,Healthy,90,90,82
CUST014354,74.4,Monitor,81,82,64
CUST014355,37.4,Critical,20,49,49
CUST014356,59.0,At Risk,62,29,71
CUST014357,71.8,Monitor,66,71,78
CUST014358,46.4,At Risk,49,32,51
CUST014359,59.4,At Risk,67,39,62
CUST014360,57.8,At Risk,75,53,43
CUST014361,61.4,Monitor,56,75,60
CUST014362,65.0,Monitor,49,37,95
CUST014363,58.2,At Risk,50,33,79
CUST014364,35.4,Critical,21,61,37
CUST014365,61.4,Monitor,30,71,88
CUST014366,42.0,At Risk,25,58,51
CUST014367,47.0,At Risk,50,31,52
CUST014368,68.4,Monitor,63,24,96
CUST014369,39.2,Critical,32,58,37
CUST014370,54.0,At Risk,31,26,91
CUST014371,62.2,Monitor,26,63,98
CUST014372,44.2,At Risk,29,27,68
CUST014373,58.0,At Risk,50,34,78
CUST014374,40.0,At Risk,46,46,31
CUST014375,50.2,At Risk,80,31,30
CUST014376,58.6,At Risk,95,33,35
CUST014377,68.8,Monitor,86,22,75
CUST014378,52.0,At Risk,20,52,84
CUST014379,72.0,Monitor,64,78,77
CUST014380,60.8,Monitor,27,80,85
CUST014381,62.8,Monitor,28,84,87
CUST014382,82.4,Healthy,69,86,94
CUST014383,65.0,Monitor,99,51,38
CUST014384,73.0,Monitor,79,51,78
CUST014385,55.4,At Risk,78,33,44
CUST014386,75.0,Monitor,86,33,85
CUST014387,66.0,Monitor,83,34,65
CUST014388,61.8,Monitor,31,95,76
CUST014389,57.4,At Risk,37,47,83
CUST014390,56.0,At Risk,75,70,30
CUST014391,54.0,At Risk,74,20,51
CUST014392,42.6,At Risk,23,23,72
CUST014393,48.4,At Risk,20,24,89
CUST014394,52.2,At Risk,20,23,99
CUST014395,77.2,Monitor,89,58,75
CUST014396,81.0,Healthy,89,65,81
CUST014397,61.2,Monitor,88,64,33
CUST014398,34.6,Critical,56,21,20
CUST014399,54.2,At Risk,44,23,80
CUST014400,54.8,At Risk,71,20,56
CUST014401,58.2,At Risk,99,29,32
CUST014402,70.8,Monitor,90,68,53
CUST014403,66.8,Monitor,91,26,63
CUST014404,49.8,At Risk,61,61,33
CUST014405,54.4,At Risk,45,86,48
CUST014406,68.0,Monitor,57,42,92
CUST014407,55.0,At Risk,50,71,52
CUST014408,64.2,Monitor,43,85,75
CUST014409,53.2,At Risk,45,58,59
CUST014410,63.2,Monitor,57,96,53
CUST014411,73.8,Monitor,82,25,90
CUST014412,49.4,At Risk,49,55,47
CUST014413,36.0,Critical,41,38,30
CUST014414,52.4,At Risk,65,36,48
CUST014415,65.4,Monitor,44,77,81
CUST014416,66.0,Monitor,69,60,66
CUST014417,78.2,Monitor,77,77,80
CUST014418,95.8,Healthy,97,93,96
CUST014419,80.8,Healthy,90,94,65
CUST014420,58.0,At Risk,70,22,64
CUST014421,54.8,At Risk,25,98,63
CUST014422,45.4,At Risk,31,49,58
CUST014423,69.4,Monitor,73,85,58
CUST014424,80.0,Healthy,85,80,75
CUST014425,58.0,At Risk,57,24,76
CUST014426,66.8,Monitor,63,24,92
CUST014427,70.4,Monitor,70,56,78
CUST014428,61.6,Monitor,75,24,67
CUST014429,44.6,At Risk,37,61,44
CUST014430,65.6,Monitor,96,28,54
CUST014431,42.8,At Risk,51,50,31
CUST014432,79.2,Monitor,58,82,99
CUST014433,46.0,At Risk,70,46,22
CUST014434,58.0,At Risk,30,36,97
CUST014435,57.8,At Risk,75,51,44
CUST014436,61.2,Monitor,24,68,95
CUST014437,43.6,At Risk,28,28,67
CUST014438,54.2,At Risk,92,35,26
CUST014439,56.6,At Risk,25,65,84
CUST014440,52.6,At Risk,50,97,33
CUST014441,94.0,Healthy,95,84,98
CUST014442,80.4,Healthy,81,84,78
CUST014443,82.6,Healthy,98,49,84
CUST014444,44.6,At Risk,27,85,42
CUST014445,44.0,At Risk,55,70,20
CUST014446,55.2,At Risk,97,30,26
CUST014447,76.0,Monitor,76,56,86
CUST014448,54.8,At Risk,96,22,30
CUST014449,60.6,Monitor,91,49,36
CUST014450,73.0,Monitor,67,47,92
CUST014451,61.2,Monitor,36,74,80
CUST014452,73.2,Monitor,74,90,64
CUST014453,70.4,Monitor,67,90,64
CUST014454,51.4,At Risk,83,43,24
CUST014455,49.6,At Risk,63,56,33
CUST014456,68.4,Monitor,91,28,66
CUST014457,74.8,Monitor,59,80,88
CUST014458,73.2,Monitor,90,42,72
CUST014459,69.6,Monitor,45,80,89
CUST014460,52.2,At Risk,22,53,82
CUST014461,72.8,Monitor,78,26,91
CUST014462,43.2,At Risk,32,52,50
CUST014463,71.8,Monitor,70,85,67
CUST014464,54.8,At Risk,28,50,84
CUST014465,41.6,At Risk,32,66,39
CUST014466,54.6,At Risk,44,27,79
CUST014467,52.4,At Risk,58,84,31
CUST014468,82.4,Healthy,76,66,97
CUST014469,87.2,Healthy,86,94,85
CUST014470,78.4,Monitor,83,92,67
CUST014471,70.0,Monitor,81,58,65
CUST014472,41.0,At Risk,25,61,47
CUST014473,42.2,At Risk,26,63,48
CUST014474,38.8,Critical,22,80,35
CUST014475,50.8,At Risk,24,48,79
CUST014476,55.6,At Risk,30,90,64
CUST014477,72.0,Monitor,87,44,71
CUST014478,47.6,At Risk,64,54,28
CUST014479,63.2,Monitor,60,46,75
CUST014480,53.4,At Risk,48,59,56
CUST014481,86.0,Healthy,97,98,69
CUST014482,66.0,Monitor,80,56,57
CUST014483,51.6,At Risk,36,74,56
CUST014484,52.2,At Risk,37,97,45
CUST014485,48.8,At Risk,24,42,77
CUST014486,55.8,At Risk,27,43,91
CUST014487,34.6,Critical,27,23,48
CUST014488,68.2,Monitor,24,99,97
CUST014489,75.6,Monitor,81,74,71
CUST014490,28.2,Critical,26,23,33
CUST014491,27.2,Critical,23,38,26
CUST014492,40.8,At Risk,47,24,43
CUST014493,32.2,Critical,34,51,21
CUST014494,52.0,At Risk,72,34,41
CUST014495,70.2,Monitor,57,79,79
CUST014496,63.6,Monitor,75,72,48
CUST014497,54.0,At Risk,60,50,50
CUST014498,42.6,At Risk,56,41,30
CUST014499,40.8,At Risk,21,72,45
CUST014500,56.0,At Risk,76,80,24
CUST014501,48.4,At Risk,57,82,23
CUST014502,46.8,At Risk,26,58,62
CUST014503,81.2,Healthy,67,94,89
CUST014504,59.0,At Risk,77,39,51
CUST014505,57.2,At Risk,24,56,91
CUST014506,60.4,Monitor,28,62,92
CUST014507,78.2,Monitor,95,57,72
CUST014508,63.2,Monitor,82,32,60
CUST014509,44.8,At Risk,63,38,30
CUST014510,56.4,At Risk,81,76,22
CUST014511,70.4,Monitor,86,70,55
CUST014512,61.0,Monitor,69,25,71
CUST014513,56.8,At Risk,75,46,44
CUST014514,48.0,At Risk,45,26,62
CUST014515,47.2,At Risk,24,86,51
CUST014516,69.4,Monitor,98,67,42
CUST014517,54.8,At Risk,47,76,52
CUST014518,60.6,Monitor,41,91,65
CUST014519,45.6,At Risk,49,34,48
CUST014520,77.0,Monitor,98,65,62
CUST014521,59.6,At Risk,88,30,46
CUST014522,62.4,Monitor,22,90,89
CUST014523,57.8,At Risk,54,49,66
CUST014524,56.0,At Risk,55,96,37
CUST014525,52.6,At Risk,79,35,35
CUST014526,57.8,At Risk,66,29,64
CUST014527,67.4,Monitor,80,41,68
CUST014528,49.0,At Risk,62,81,20
CUST014529,49.8,At Risk,87,33,21
CUST014530,53.8,At Risk,34,25,88
CUST014531,72.0,Monitor,90,36,72
CUST014532,69.8,Monitor,61,51,88
CUST014533,76.2,Monitor,89,61,71
CUST014534,86.6,Healthy,90,83,85
CUST014535,63.4,Monitor,52,73,70
CUST014536,68.0,Monitor,77,28,79
CUST014537,82.6,Healthy,90,89,72
CUST014538,60.6,Monitor,81,39,51
CUST014539,52.2,At Risk,59,61,41
CUST014540,52.2,At Risk,20,71,75
CUST014541,41.6,At Risk,57,46,24
CUST014542,79.0,Monitor,65,89,88
CUST014543,58.4,At Risk,55,98,42
CUST014544,28.0,Critical,30,32,24
CUST014545,47.4,At Risk,35,99,34
CUST014546,76.8,Monitor,95,62,66
CUST014547,55.8,At Risk,32,47,84
CUST014548,55.8,At Risk,58,93,35
CUST014549,70.4,Monitor,93,22,72
CUST014550,49.2,At Risk,50,60,43
CUST014551,50.2,At Risk,26,73,63
CUST014552,73.4,Monitor,74,43,88
CUST014553,94.8,Healthy,96,96,93
CUST014554,53.8,At Risk,34,55,73
CUST014555,70.2,Monitor,85,45,68
CUST014556,76.0,Monitor,93,40,77
CUST014557,52.2,At Risk,28,45,80
CUST014558,47.8,At Risk,48,35,54
CUST014559,64.6,Monitor,28,83,92
CUST014560,59.6,At Risk,23,88,82
CUST014561,61.2,Monitor,39,96,66
CUST014562,51.4,At Risk,51,29,63
CUST014563,32.0,Critical,28,36,34
CUST014564,65.4,Monitor,99,83,23
CUST014565,54.6,At Risk,65,69,37
CUST014566,46.2,At Risk,55,45,38
CUST014567,57.6,At Risk,72,94,25
CUST014568,63.6,Monitor,44,96,67
CUST014569,60.4,Monitor,81,54,43
CUST014570,70.6,Monitor,67,95,62
CUST014571,81.6,Healthy,99,80,65
CUST014572,62.2,Monitor,75,27,67
CUST014573,80.0,Healthy,80,58,91
CUST014574,37.6,Critical,23,98,22
CUST014575,58.6,At Risk,23,89,79
CUST014576,85.4,Healthy,78,89,91
CUST014577,54.6,At Risk,30,93,60
CUST014578,43.0,At Risk,33,41,54
CUST014579,47.8,At Risk,28,37,73
CUST014580,72.0,Monitor,90,78,51
CUST014581,37.6,Critical,46,48,24
CUST014582,83.8,Healthy,70,87,96
CUST014583,62.4,Monitor,84,72,36
CUST014584,51.2,At Risk,86,32,26
CUST014585,49.0,At Risk,59,85,21
CUST014586,75.8,Monitor,87,79,63
CUST014587,47.4,At Risk,29,99,40
CUST014588,52.0,At Risk,45,82,44
CUST014589,57.4,At Risk,93,59,21
CUST014590,44.4,At Risk,48,52,37
CUST014591,56.0,At Risk,83,48,33
CUST014592,40.2,At Risk,69,21,21
CUST014593,48.6,At Risk,72,31,34
CUST014594,49.6,At Risk,67,30,42
CUST014595,53.0,At Risk,96,29,22
CUST014596,68.4,Monitor,61,38,91
CUST014597,84.2,Healthy,85,91,80
CUST014598,48.8,At Risk,70,30,37
CUST014599,55.8,At Risk,79,49,36
CUST014600,45.6,At Risk,31,56,55
CUST014601,78.4,Monitor,80,98,67
CUST014602,65.4,Monitor,21,99,93
CUST014603,78.0,Monitor,79,90,71
CUST014604,69.8,Monitor,99,33,59
CUST014605,54.0,At Risk,20,60,85
CUST014606,53.6,At Risk,41,88,49
CUST014607,64.0,Monitor,46,74,77
CUST014608,69.2,Monitor,71,54,75
CUST014609,36.2,Critical,41,45,27
CUST014610,74.6,Monitor,89,95,50
CUST014611,77.8,Monitor,60,87,91
CUST014612,56.2,At Risk,63,33,61
CUST014613,50.0,At Risk,44,90,36
CUST014614,39.6,Critical,29,68,36
CUST014615,74.8,Monitor,93,96,46
CUST014616,39.2,Critical,50,44,26
CUST014617,38.2,Critical,29,71,31
CUST014618,70.0,Monitor,93,62,51
CUST014619,60.0,Monitor,45,92,59
CUST014620,67.6,Monitor,92,30,62
CUST014621,41.0,At Risk,56,27,33
CUST014622,86.8,Healthy,86,90,86
CUST014623,42.4,At Risk,27,90,34
CUST014624,67.6,Monitor,76,82,52
CUST014625,52.0,At Risk,81,20,39
CUST014626,69.0,Monitor,67,39,86
CUST014627,45.0,At Risk,55,41,37
CUST014628,63.6,Monitor,77,90,37
CUST014629,51.2,At Risk,34,70,59
CUST014630,75.2,Monitor,81,82,66
CUST014631,73.4,Monitor,89,87,51
CUST014632,63.2,Monitor,37,74,84
CUST014633,49.8,At Risk,41,87,40
CUST014634,77.2,Monitor,74,46,96
CUST014635,50.2,At Risk,43,55,55
CUST014636,69.8,Monitor,57,63,86
CUST014637,61.6,Monitor,77,30,62
CUST014638,60.6,Monitor,24,99,78
CUST014639,65.0,Monitor,72,67,57
CUST014640,75.0,Monitor,99,39,69
CUST014641,81.8,Healthy,88,57,88
CUST014642,40.0,At Risk,33,24,55
CUST014643,91.4,Healthy,93,85,93
CUST014644,83.2,Healthy,64,96,96
CUST014645,79.2,Monitor,89,26,96
CUST014646,65.6,Monitor,72,30,77
CUST014647,54.4,At Risk,26,98,61
CUST014648,77.6,Monitor,86,80,68
CUST014649,61.6,Monitor,88,38,47
CUST014650,65.0,Monitor,80,97,34
CUST014651,65.8,Monitor,78,91,41
CUST014652,80.4,Healthy,61,92,94
CUST014653,44.0,At Risk,58,28,38
CUST014654,45.4,At Risk,37,25,64
CUST014655,64.2,Monitor,54,35,89
CUST014656,40.6,At Risk,54,47,24
CUST014657,85.4,Healthy,89,81,84
CUST014658,56.6,At Risk,62,63,48
CUST014659,40.4,At Risk,43,62,27
CUST014660,51.8,At Risk,40,93,43
CUST014661,50.8,At Risk,21,38,87
CUST014662,67.6,Monitor,86,86,40
CUST014663,75.2,Monitor,50,96,90
CUST014664,81.8,Healthy,77,73,91
CUST014665,45.2,At Risk,28,74,48
CUST014666,94.6,Healthy,99,83,96
CUST014667,42.8,At Risk,41,68,32
CUST014668,48.4,At Risk,42,56,51
CUST014669,77.2,Monitor,63,96,82
CUST014670,43.8,At Risk,44,57,37
CUST014671,74.4,Monitor,67,76,81
CUST014672,71.4,Monitor,46,89,88
CUST014673,64.8,Monitor,66,40,76
CUST014674,44.4,At Risk,23,34,71
CUST014675,69.0,Monitor,61,75,74
CUST014676,76.4,Monitor,88,20,93
CUST014677,73.2,Monitor,73,78,71
CUST014678,48.4,At Risk,86,30,20
CUST014679,71.0,Monitor,80,45,75
CUST014680,71.0,Monitor,74,69,69
CUST014681,71.2,Monitor,68,88,66
CUST014682,64.6,Monitor,35,61,96
CUST014683,58.0,At Risk,82,82,22
CUST014684,84.8,Healthy,92,42,99
CUST014685,46.0,At Risk,30,44,63
CUST014686,80.0,Healthy,92,52,82
CUST014687,50.2,At Risk,85,29,26
CUST014688,63.0,Monitor,45,33,96
CUST014689,72.2,Monitor,79,43,80
CUST014690,51.0,At Risk,34,77,55
CUST014691,53.0,At Risk,20,83,71
CUST014692,36.8,Critical,39,64,21
CUST014693,78.2,Monitor,64,99,82
CUST014694,83.4,Healthy,93,81,75
CUST014695,55.6,At Risk,70,72,33
CUST014696,74.0,Monitor,91,34,77
CUST014697,77.4,Monitor,81,37,94
CUST014698,56.4,At Risk,51,52,64
CUST014699,55.8,At Risk,56,43,62
CUST014700,60.6,Monitor,53,67,65
CUST014701,57.2,At Risk,77,38,47
CUST014702,70.0,Monitor,68,30,92
CUST014703,58.2,At Risk,79,65,34
CUST014704,81.2,Healthy,67,88,92
CUST014705,56.8,At Risk,71,42,50
CUST014706,61.4,Monitor,62,25,79
CUST014707,74.0,Monitor,71,44,92
CUST014708,82.2,Healthy,95,87,67
CUST014709,58.4,At Risk,20,70,91
CUST014710,34.6,Critical,28,25,46
CUST014711,39.8,Critical,27,37,54
CUST014712,54.8,At Risk,37,42,79
CUST014713,74.8,Monitor,81,48,82
CUST014714,67.6,Monitor,65,56,76
CUST014715,78.0,Monitor,68,72,91
CUST014716,76.2,Monitor,68,51,97
CUST014717,59.0,At Risk,66,83,40
CUST014718,75.2,Monitor,64,62,93
CUST014719,54.4,At Risk,67,90,24
CUST014720,59.8,At Risk,61,79,49
CUST014721,67.8,Monitor,43,57,98
CUST014722,48.8,At Risk,52,24,58
CUST014723,74.2,Monitor,71,49,90
CUST014724,42.8,At Risk,26,96,33
CUST014725,68.4,Monitor,48,88,79
CUST014726,56.2,At Risk,86,67,21
CUST014727,77.6,Monitor,85,68,75
CUST014728,73.2,Monitor,88,20,85
CUST014729,69.4,Monitor,56,87,74
CUST014730,54.6,At Risk,49,73,51
CUST014731,83.8,Healthy,68,93,95
CUST014732,68.2,Monitor,78,97,44
CUST014733,56.2,At Risk,50,85,48
CUST014734,72.4,Monitor,70,34,94
CUST014735,41.0,At Risk,56,33,30
CUST014736,63.2,Monitor,27,86,88
CUST014737,62.2,Monitor,82,47,50
CUST014738,57.6,At Risk,54,38,71
CUST014739,74.4,Monitor,63,54,96
CUST014740,40.6,At Risk,59,21,32
CUST014741,37.8,Critical,34,79,21
CUST014742,31.8,Critical,23,33,40
CUST014743,86.6,Healthy,78,99,89
CUST014744,53.8,At Risk,87,39,28
CUST014745,54.2,At Risk,61,29,60
CUST014746,37.6,Critical,44,20,40
CUST014747,40.2,At Risk,23,87,34
CUST014748,48.8,At Risk,23,42,78
CUST014749,38.2,Critical,33,35,45
CUST014750,71.4,Monitor,51,85,85
CUST014751,78.2,Monitor,99,51,71
CUST014752,58.4,At Risk,61,34,68
CUST014753,68.8,Monitor,90,70,47
CUST014754,69.6,Monitor,60,78,75
CUST014755,86.8,Healthy,99,90,73
CUST014756,71.0,Monitor,88,35,72
CUST014757,61.6,Monitor,71,26,70
CUST014758,40.8,At Risk,39,36,45
CUST014759,65.8,Monitor,81,97,35
CUST014760,65.2,Monitor,69,38,75
CUST014761,48.6,At Risk,77,21,34
CUST014762,52.8,At Risk,82,48,26
CUST014763,54.8,At Risk,47,70,55
CUST014764,55.6,At Risk,60,94,32
CUST014765,63.6,Monitor,59,64,68
CUST014766,48.2,At Risk,58,59,33
CUST014767,57.8,At Risk,50,61,64
CUST014768,58.2,At Risk,47,59,69
CUST014769,41.6,At Risk,20,98,35
CUST014770,49.2,At Risk,52,62,40
CUST014771,72.0,Monitor,65,88,71
CUST014772,70.4,Monitor,76,52,74
CUST014773,53.4,At Risk,67,77,28
CUST014774,52.8,At Risk,66,46,43
CUST014775,80.0,Healthy,70,74,93
CUST014776,45.6,At Risk,27,62,56
CUST014777,68.4,Monitor,73,82,57
CUST014778,39.2,Critical,35,44,41
CUST014779,53.2,At Risk,84,58,20
CUST014780,77.0,Monitor,94,45,76
CUST014781,49.8,At Risk,69,41,35
CUST014782,59.6,At Risk,42,20,97
CUST014783,68.2,Monitor,50,53,94
CUST014784,74.2,Monitor,62,87,80
CUST014785,72.4,Monitor,70,96,63
CUST014786,59.8,At Risk,39,95,63
CUST014787,68.0,Monitor,88,54,55
CUST014788,77.6,Monitor,87,68,73
CUST014789,45.6,At Risk,40,20,64
CUST014790,66.2,Monitor,47,61,88
CUST014791,48.6,At Risk,37,49,60
CUST014792,59.4,At Risk,73,85,33
CUST014793,60.6,Monitor,40,83,70
CUST014794,44.2,At Risk,44,43,45
CUST014795,70.0,Monitor,68,98,58
CUST014796,54.4,At Risk,29,52,81
CUST014797,73.2,Monitor,74,42,88
CUST014798,85.8,Healthy,93,87,78
CUST014799,66.6,Monitor,80,91,41
CUST014800,55.4,At Risk,85,59,24
CUST014801,34.2,Critical,20,63,34
CUST014802,62.8,Monitor,51,60,76
CUST014803,69.4,Monitor,98,59,46
CUST014804,82.4,Healthy,72,76,96
CUST014805,46.4,At Risk,30,44,64
CUST014806,36.8,Critical,20,54,45
CUST014807,64.4,Monitor,53,92,62
CUST014808,84.4,Healthy,93,78,79
CUST014809,50.4,At Risk,43,98,34
CUST014810,75.2,Monitor,84,78,65
CUST014811,50.0,At Risk,59,64,34
CUST014812,67.0,Monitor,64,33,87
CUST014813,46.2,At Risk,54,45,39
CUST014814,56.4,At Risk,83,76,20
CUST014815,49.8,At Risk,25,33,83
CUST014816,39.6,Critical,29,26,57
CUST014817,70.6,Monitor,84,35,75
CUST014818,51.8,At Risk,25,71,69
CUST014819,58.2,At Risk,42,33,87
CUST014820,59.6,At Risk,73,58,47
CUST014821,51.6,At Risk,69,20,50
CUST014822,51.0,At Risk,30,21,87
CUST014823,57.0,At Risk,57,55,58
CUST014824,43.0,At Risk,35,95,25
CUST014825,73.4,Monitor,95,65,56
CUST014826,65.2,Monitor,66,78,58
CUST014827,44.0,At Risk,43,74,30
CUST014828,59.8,At Risk,62,37,69
CUST014829,59.0,At Risk,66,63,50
CUST014830,60.8,Monitor,54,22,87
CUST014831,57.6,At Risk,72,68,38
CUST014832,48.8,At Risk,33,72,53
CUST014833,34.2,Critical,28,55,30
CUST014834,76.6,Monitor,66,87,82
CUST014835,53.8,At Risk,46,25,76
CUST014836,52.2,At Risk,33,89,53
CUST014837,61.8,Monitor,83,95,24
CUST014838,44.2,At Risk,24,71,51
CUST014839,50.6,At Risk,28,27,85
CUST014840,63.4,Monitor,62,65,64
CUST014841,72.6,Monitor,91,55,63
CUST014842,74.4,Monitor,55,66,98
CUST014843,63.8,Monitor,60,81,59
CUST014844,22.4,Critical,20,32,20
CUST014845,83.0,Healthy,97,77,72
CUST014846,73.8,Monitor,69,37,97
CUST014847,71.0,Monitor,69,33,92
CUST014848,66.2,Monitor,82,73,47
CUST014849,40.4,At Risk,23,98,29
CUST014850,36.8,Critical,40,22,41
CUST014851,69.2,Monitor,53,70,85
CUST014852,62.0,Monitor,61,40,74
CUST014853,52.0,At Risk,69,56,33
CUST014854,64.8,Monitor,75,34,70
CUST014855,74.4,Monitor,85,82,60
CUST014856,73.4,Monitor,70,71,78
CUST014857,48.4,At Risk,77,24,32
CUST014858,54.4,At Risk,41,20,85
CUST014859,36.2,Critical,47,37,25
CUST014860,72.4,Monitor,48,76,95
CUST014861,54.4,At Risk,21,56,87
CUST014862,79.0,Monitor,81,37,98
CUST014863,55.8,At Risk,66,53,47
CUST014864,63.2,Monitor,60,82,57
CUST014865,54.0,At Risk,48,62,56
CUST014866,32.6,Critical,26,31,40
CUST014867,63.0,Monitor,66,65,59
CUST014868,75.8,Monitor,99,41,70
CUST014869,50.8,At Risk,57,82,29
CUST014870,71.8,Monitor,54,55,98
CUST014871,48.4,At Risk,52,36,51
CUST014872,65.4,Monitor,98,51,40
CUST014873,70.8,Monitor,37,86,97
CUST014874,80.4,Healthy,94,92,61
CUST014875,45.0,At Risk,78,29,20
CUST014876,58.4,At Risk,60,74,49
CUST014877,76.4,Monitor,64,98,78
CUST014878,48.2,At Risk,23,93,51
CUST014879,54.2,At Risk,57,63,47
CUST014880,81.0,Healthy,72,87,87
CUST014881,52.8,At Risk,77,28,41
CUST014882,51.0,At Risk,39,75,51
CUST014883,83.8,Healthy,93,83,75
CUST014884,63.0,Monitor,72,37,67
CUST014885,76.8,Monitor,53,94,92
CUST014886,72.8,Monitor,64,40,98
CUST014887,83.2,Healthy,83,88,81
CUST014888,44.8,At Risk,36,32,60
CUST014889,72.0,Monitor,67,90,68
CUST014890,49.8,At Risk,35,81,49
CUST014891,53.6,At Risk,67,82,26
CUST014892,31.2,Critical,28,40,30
CUST014893,57.2,At Risk,52,36,73
CUST014894,43.0,At Risk,50,67,24
CUST014895,47.2,At Risk,39,44,57
CUST014896,56.2,At Risk,53,97,39
CUST014897,38.8,Critical,27,78,31
CUST014898,41.0,At Risk,66,23,25
CUST014899,58.4,At Risk,74,72,36
CUST014900,62.0,Monitor,59,26,83
CUST014901,67.8,Monitor,60,33,93
CUST014902,60.0,Monitor,66,42,63
CUST014903,32.6,Critical,25,51,31
CUST014904,81.4,Healthy,98,71,70
CUST014905,75.0,Monitor,81,33,90
CUST014906,41.6,At Risk,24,46,57
CUST014907,72.6,Monitor,72,91,64
CUST014908,82.0,Healthy,59,98,97
CUST014909,63.6,Monitor,62,96,49
CUST014910,65.6,Monitor,48,96,68
CUST014911,75.8,Monitor,74,69,81
CUST014912,42.2,At Risk,31,53,48
CUST014913,46.4,At Risk,47,26,56
CUST014914,81.4,Healthy,78,63,94
CUST014915,65.6,Monitor,85,50,54
CUST014916,45.2,At Risk,35,80,38
CUST014917,89.4,Healthy,90,97,85
CUST014918,38.2,Critical,22,47,50
CUST014919,56.6,At Risk,86,27,42
CUST014920,81.0,Healthy,83,41,99
CUST014921,37.4,Critical,21,71,37
CUST014922,72.0,Monitor,65,40,95
CUST014923,55.4,At Risk,28,73,74
CUST014924,52.2,At Risk,65,59,36
CUST014925,58.0,At Risk,27,88,74
CUST014926,54.8,At Risk,33,78,65
CUST014927,78.6,Monitor,73,61,93
CUST014928,89.4,Healthy,92,87,88
CUST014929,67.0,Monitor,51,37,98
CUST014930,54.2,At Risk,53,27,69
CUST014931,58.8,At Risk,63,88,40
CUST014932,68.2,Monitor,84,83,45
CUST014933,87.0,Healthy,96,79,82
CUST014934,70.4,Monitor,64,30,97
CUST014935,55.8,At Risk,89,37,32
CUST014936,76.8,Monitor,97,38,76
CUST014937,53.2,At Risk,67,44,44
CUST014938,67.4,Monitor,78,79,51
CUST014939,47.6,At Risk,56,56,35
CUST014940,51.4,At Risk,38,29,76
CUST014941,88.2,Healthy,89,87,88
CUST014942,67.8,Monitor,43,69,92
CUST014943,76.8,Monitor,82,24,98
CUST014944,74.0,Monitor,88,34,80
CUST014945,45.2,At Risk,24,56,61
CUST014946,89.0,Healthy,82,97,92
CUST014947,70.4,Monitor,86,88,46
CUST014948,75.2,Monitor,66,66,89
CUST014949,82.2,Healthy,99,27,93
CUST014950,71.4,Monitor,84,67,61
CUST014951,73.0,Monitor,70,59,83
CUST014952,65.2,Monitor,75,70,53
CUST014953,40.6,At Risk,50,41,31
CUST014954,51.2,At Risk,20,58,79
CUST014955,85.2,Healthy,77,90,91
CUST014956,73.4,Monitor,56,95,80
CUST014957,56.4,At Risk,88,52,27
CUST014958,64.2,Monitor,89,47,48
CUST014959,59.2,At Risk,35,88,69
CUST014960,61.0,Monitor,80,77,34
CUST014961,85.8,Healthy,97,79,78
CUST014962,53.6,At Risk,31,50,78
CUST014963,45.0,At Risk,51,81,21
CUST014964,47.2,At Risk,57,66,28
CUST014965,30.2,Critical,26,59,20
CUST014966,46.4,At Risk,54,66,29
CUST014967,49.2,At Risk,84,32,23
CUST014968,60.8,Monitor,88,68,30
CUST014969,51.6,At Risk,92,34,20
CUST014970,65.8,Monitor,63,99,52
CUST014971,91.2,Healthy,89,80,99
CUST014972,54.8,At Risk,66,32,55
CUST014973,52.4,At Risk,51,54,53
CUST014974,71.6,Monitor,66,62,82
CUST014975,43.4,At Risk,38,65,38
CUST014976,59.0,At Risk,56,67,58
CUST014977,55.6,At Risk,37,64,70
CUST014978,62.4,Monitor,58,28,84
CUST014979,78.6,Monitor,83,81,73
CUST014980,83.0,Healthy,78,93,83
CUST014981,76.8,Monitor,86,58,77
CUST014982,53.2,At Risk,69,66,31
CUST014983,59.0,At Risk,62,69,51
CUST014984,52.6,At Risk,42,77,51
CUST014985,64.0,Monitor,58,92,56
CUST014986,81.2,Healthy,98,62,74
CUST014987,49.8,At Risk,58,77,28
CUST014988,67.2,Monitor,58,80,70
CUST014989,60.8,Monitor,26,58,97
CUST014990,54.2,At Risk,95,25,28
CUST014991,74.8,Monitor,94,70,58
CUST014992,50.0,At Risk,24,26,88
CUST014993,39.0,Critical,21,69,42
CUST014994,64.8,Monitor,71,30,76
CUST014995,56.4,At Risk,75,36,48
CUST014996,77.4,Monitor,78,93,69
CUST014997,30.0,Critical,24,30,36
CUST014998,47.6,At Risk,55,58,35
CUST014999,45.4,At Risk,52,23,50
CUST015000,53.2,At Risk,35,64,66
