customer_id,current_arr,risk_percentage,revenue_at_risk
CUST000001,27336,0.7436,20327.05
CUST000002,183492,0.0719,13193.07
CUST000003,2352,0.1719,404.31
CUST000004,32124,0.4182,13434.26
CUST000005,40500,0.7594,30755.7
CUST000006,198024,0.2976,58931.94
CUST000007,7464,0.6138,4581.4
CUST000008,208776,0.8684,181301.08
CUST000009,85788,0.5255,45081.59
CUST000010,217524,0.3846,83659.73
CUST000011,142848,0.5194,74195.25
CUST000012,196680,0.7432,146172.58
CUST000013,18828,0.0761,1432.81
CUST000014,29184,0.5086,14842.98
CUST000015,20280,0.427,8659.56
CUST000016,15888,0.8935,14195.93
CUST000017,285336,0.1314,37493.15
CUST000018,19896,0.4359,8672.67
CUST000019,22968,0.1547,3553.15
CUST000020,10908,0.5241,5716.88
CUST000021,70944,0.1867,13245.24
CUST000022,51240,0.7446,38153.3
CUST000023,84096,0.0777,6534.26
CUST000024,93912,0.1014,9522.68
CUST000025,6816,0.7984,5441.89
CUST000026,18084,0.4485,8110.67
CUST000027,1548,0.0472,73.07
CUST000028,5844,0.3153,1842.61
CUST000029,30348,0.517,15689.92
CUST000030,88020,0.5874,51702.95
CUST000031,29604,0.9325,27605.73
CUST000032,9420,0.0306,288.25
CUST000033,29736,0.2768,8230.92
CUST000034,295464,0.2698,79716.19
CUST000035,20472,0.494,10113.17
CUST000036,55716,0.8352,46534.0
CUST000037,86880,0.1356,11780.93
CUST000038,22332,0.4463,9966.77
CUST000039,201168,0.0382,7684.62
CUST000040,187164,0.7764,145314.13
CUST000041,60012,0.7568,45417.08
CUST000042,4836,0.1997,965.75
CUST000043,23376,0.7371,17230.45
CUST000044,78444,0.6521,51153.33
CUST000045,10968,0.4302,4718.43
CUST000046,5484,0.4708,2581.87
CUST000047,101292,0.3893,39432.98
CUST000048,82644,0.9436,77982.88
CUST000049,234660,0.1454,34119.56
CUST000050,66144,0.4982,32952.94
CUST000051,14076,0.0625,879.75
CUST000052,22056,0.2278,5024.36
CUST000053,28776,0.6505,18718.79
CUST000054,62772,0.3156,19810.84
CUST000055,48444,0.4434,21480.07
CUST000056,17652,0.1735,3062.62
CUST000057,142488,0.0517,7366.63
CUST000058,6492,0.8668,5627.27
CUST000059,28980,0.1862,5396.08
CUST000060,11988,0.2444,2929.87
CUST000061,50532,0.9487,47939.71
CUST000062,21648,0.5274,11417.16
CUST000063,42072,0.6914,29088.58
CUST000064,4704,0.3028,1424.37
CUST000065,75180,0.1587,11931.07
CUST000066,22428,0.0882,1978.15
CUST000067,127260,0.6084,77424.98
CUST000068,23532,0.6056,14250.98
CUST000069,12288,0.3402,4180.38
CUST000070,146400,0.6757,98922.48
CUST000071,16488,0.4464,7360.24
CUST000072,135444,0.8327,112784.22
CUST000073,22704,0.0366,830.97
CUST000074,21288,0.574,12219.31
CUST000075,9252,0.4541,4201.33
CUST000076,21708,0.4897,10630.41
CUST000077,36024,0.8514,30670.83
CUST000078,22272,0.8307,18501.35
CUST000079,13368,0.2853,3813.89
CUST000080,91152,0.5681,51783.45
CUST000081,12984,0.0234,303.83
CUST000082,190188,0.8082,153709.94
CUST000083,35688,0.6363,22708.27
CUST000084,12000,0.6895,8274.0
CUST000085,78312,0.105,8222.76
CUST000086,8640,0.7049,6090.34
CUST000087,91080,0.8943,81452.84
CUST000088,22788,0.4329,9864.93
CUST000089,18588,0.6308,11725.31
CUST000090,12696,0.8411,10678.61
CUST000091,16716,0.6689,11181.33
CUST000092,13584,0.7697,10455.6
CUST000093,3132,0.4599,1440.41
CUST000094,157584,0.3087,48646.18
CUST000095,15216,0.4981,7579.09
CUST000096,35412,0.1457,5159.53
CUST000097,20844,0.4659,9711.22
CUST000098,22008,0.8775,19312.02
CUST000099,241872,0.2095,50672.18
CUST000100,21192,0.8598,18220.88
CUST000101,14160,0.0194,274.7
CUST000102,26172,0.084,2198.45
CUST000103,12192,0.0398,485.24
CUST000104,23472,0.5584,13106.76
CUST000105,116412,0.4964,57786.92
CUST000106,8244,0.184,1516.9
CUST000107,6060,0.518,3139.08
CUST000108,42024,0.7189,30211.05
CUST000109,21240,0.2535,5384.34
CUST000110,46680,0.6932,32358.58
CUST000111,44868,0.6476,29056.52
CUST000112,263004,0.0666,17516.07
CUST000113,256608,0.3764,96587.25
CUST000114,110172,0.9294,102393.86
CUST000115,41436,0.0197,816.29
CUST000116,39660,0.9465,37538.19
CUST000117,4056,0.5077,2059.23
CUST000118,14940,0.7308,10918.15
CUST000119,35928,0.131,4706.57
CUST000120,91128,0.9149,83373.01
CUST000121,18324,0.4886,8953.11
CUST000122,4620,0.394,1820.28
CUST000123,88068,0.8852,77957.79
CUST000124,87252,0.052,4537.1
CUST000125,57132,0.1289,7364.31
CUST000126,14604,0.0724,1057.33
CUST000127,71832,0.4435,31857.49
CUST000128,18012,0.4113,7408.34
CUST000129,19884,0.4709,9363.38
CUST000130,213120,0.0592,12616.7
CUST000131,23268,0.8191,19058.82
CUST000132,12072,0.1726,2083.63
CUST000133,81504,0.8645,70460.21
CUST000134,78960,0.1183,9340.97
CUST000135,74772,0.1737,12987.9
CUST000136,37692,0.4003,15088.11
CUST000137,17796,0.0646,1149.62
CUST000138,60444,0.3455,20883.4
CUST000139,69636,0.8778,61126.48
CUST000140,92904,0.069,6410.38
CUST000141,5340,0.1466,782.84
CUST000142,183516,0.2918,53549.97
CUST000143,15096,0.5891,8893.05
CUST000144,170736,0.1284,21922.5
CUST000145,193308,0.2577,49815.47
CUST000146,93684,0.064,5995.78
CUST000147,5532,0.4055,2243.23
CUST000148,15936,0.0828,1319.5
CUST000149,101484,0.1507,15293.64
CUST000150,197616,0.935,184770.96
CUST000151,16788,0.9031,15161.24
CUST000152,287568,0.2191,63006.15
CUST000153,282960,0.6857,194025.67
CUST000154,55536,0.4141,22997.46
CUST000155,7680,0.5645,4335.36
CUST000156,208440,0.3197,66638.27
CUST000157,1368,0.8286,1133.52
CUST000158,4332,0.6253,2708.8
CUST000159,13932,0.2424,3377.12
CUST000160,86160,0.315,27140.4
CUST000161,221292,0.7115,157449.26
CUST000162,137196,0.2339,32090.14
CUST000163,11136,0.8642,9623.73
CUST000164,7632,0.2365,1804.97
CUST000165,91620,0.0281,2574.52
CUST000166,215724,0.6296,135819.83
CUST000167,86628,0.1729,14977.98
CUST000168,20460,0.1786,3654.16
CUST000169,47052,0.7558,35561.9
CUST000170,34176,0.2897,9900.79
CUST000171,74124,0.0864,6404.31
CUST000172,14832,0.4832,7166.82
CUST000173,6120,0.8483,5191.6
CUST000174,246756,0.9001,222105.08
CUST000175,141240,0.0803,11341.57
CUST000176,32184,0.2023,6510.82
CUST000177,68160,0.9142,62311.87
CUST000178,6384,0.0749,478.16
CUST000179,10476,0.3485,3650.89
CUST000180,21252,0.199,4229.15
CUST000181,2268,0.7935,1799.66
CUST000182,17016,0.1372,2334.6
CUST000183,23544,0.6218,14639.66
CUST000184,19872,0.0143,284.17
CUST000185,34020,0.1439,4895.48
CUST000186,209520,0.3558,74547.22
CUST000187,7740,0.1367,1058.06
CUST000188,6408,0.6532,4185.71
CUST000189,15036,0.267,4014.61
CUST000190,6576,0.8353,5492.93
CUST000191,12816,0.8465,10848.74
CUST000192,16236,0.323,5244.23
CUST000193,199620,0.4382,87473.48
CUST000194,138528,0.5158,71452.74
CUST000195,43524,0.6063,26388.6
CUST000196,29004,0.7539,21866.12
CUST000197,1260,0.6243,786.62
CUST000198,89952,0.179,16101.41
CUST000199,219000,0.2497,54684.3
CUST000200,86232,0.5091,43900.71
CUST000201,243144,0.686,166796.78
CUST000202,10428,0.184,1918.75
CUST000203,25380,0.0293,743.63
CUST000204,2952,0.068,200.74
CUST000205,63792,0.9422,60104.82
CUST000206,85560,0.3229,27627.32
CUST000207,23076,0.1451,3348.33
CUST000208,2268,0.9051,2052.77
CUST000209,13356,0.4874,6509.71
CUST000210,291444,0.567,165248.75
CUST000211,214464,0.0711,15248.39
CUST000212,22608,0.3119,7051.44
CUST000213,68472,0.9002,61638.49
CUST000214,5880,0.9068,5331.98
CUST000215,263592,0.317,83558.66
CUST000216,220812,0.6105,134805.73
CUST000217,10188,0.8752,8916.54
CUST000218,8832,0.1724,1522.64
CUST000219,71328,0.8059,57483.24
CUST000220,10728,0.3955,4242.92
CUST000221,12672,0.7792,9874.02
CUST000222,63096,0.838,52874.45
CUST000223,78936,0.5978,47187.94
CUST000224,7176,0.4106,2946.47
CUST000225,76128,0.4973,37858.45
CUST000226,2100,0.3415,717.15
CUST000227,198144,0.8791,174188.39
CUST000228,280044,0.4693,131424.65
CUST000229,19452,0.0611,1188.52
CUST000230,4812,0.3168,1524.44
CUST000231,21000,0.3374,7085.4
CUST000232,20100,0.3823,7684.23
CUST000233,18516,0.4184,7747.09
CUST000234,12156,0.6628,8057.0
CUST000235,241272,0.7889,190339.48
CUST000236,22512,0.6433,14481.97
CUST000237,19032,0.8124,15461.6
CUST000238,22020,0.7906,17409.01
CUST000239,18864,0.2642,4983.87
CUST000240,74868,0.8965,67119.16
CUST000241,12324,0.9249,11398.47
CUST000242,78984,0.653,51576.55
CUST000243,66576,0.3331,22176.47
CUST000244,245052,0.7318,179329.05
CUST000245,262824,0.086,22602.86
CUST000246,23784,0.4713,11209.4
CUST000247,41208,0.6246,25738.52
CUST000248,16152,0.9343,15090.81
CUST000249,7416,0.7372,5467.08
CUST000250,247248,0.8863,219135.9
CUST000251,112536,0.5479,61658.47
CUST000252,11628,0.9176,10669.85
CUST000253,22260,0.2332,5191.03
CUST000254,30684,0.942,28904.33
CUST000255,65604,0.6769,44407.35
CUST000256,8916,0.9453,8428.29
CUST000257,23400,0.235,5499.0
CUST000258,19656,0.7627,14991.63
CUST000259,73272,0.3989,29228.2
CUST000260,66264,0.789,52282.3
CUST000261,225084,0.3888,87512.66
CUST000262,14052,0.3054,4291.48
CUST000263,1428,0.4227,603.62
CUST000264,81072,0.5238,42465.51
CUST000265,12612,0.4806,6061.33
CUST000266,229428,0.4249,97483.96
CUST000267,17196,0.7475,12854.01
CUST000268,26364,0.228,6010.99
CUST000269,233976,0.2608,61020.94
CUST000270,75984,0.1509,11465.99
CUST000271,37308,0.1804,6730.36
CUST000272,206328,0.7693,158728.13
CUST000273,20556,0.6876,14134.31
CUST000274,151344,0.7456,112842.09
CUST000275,5256,0.0433,227.58
CUST000276,23916,0.8399,20087.05
CUST000277,17088,0.8792,15023.77
CUST000278,251964,0.0747,18821.71
CUST000279,1476,0.2966,437.78
CUST000280,14904,0.4326,6447.47
CUST000281,8436,0.631,5323.12
CUST000282,28488,0.2966,8449.54
CUST000283,1800,0.1748,314.64
CUST000284,118464,0.6172,73115.98
CUST000285,22428,0.0775,1738.17
CUST000286,16008,0.0346,553.88
CUST000287,267396,0.6426,171828.67
CUST000288,91932,0.7827,71955.18
CUST000289,13356,0.684,9135.5
CUST000290,59760,0.6551,39148.78
CUST000291,10392,0.4996,5191.84
CUST000292,9060,0.0874,791.84
CUST000293,288156,0.1569,45211.68
CUST000294,2340,0.0402,94.07
CUST000295,219168,0.7369,161504.9
CUST000296,6372,0.3252,2072.17
CUST000297,233004,0.7783,181347.01
CUST000298,123636,0.9004,111321.85
CUST000299,18468,0.1491,2753.58
CUST000300,10944,0.9061,9916.36
CUST000301,7044,0.0737,519.14
CUST000302,113496,0.7657,86903.89
CUST000303,55068,0.1702,9372.57
CUST000304,81708,0.4219,34472.61
CUST000305,10212,0.2973,3036.03
CUST000306,2040,0.4293,875.77
CUST000307,7908,0.9168,7250.05
CUST000308,14856,0.4555,6766.91
CUST000309,86928,0.1102,9579.47
CUST000310,23328,0.1535,3580.85
CUST000311,10044,0.7912,7946.81
CUST000312,5760,0.3636,2094.34
CUST000313,21624,0.4411,9538.35
CUST000314,174504,0.3974,69347.89
CUST000315,7980,0.2213,1765.97
CUST000316,17484,0.4888,8546.18
CUST000317,64032,0.6187,39616.6
CUST000318,54792,0.5247,28749.36
CUST000319,12000,0.9311,11173.2
CUST000320,18360,0.558,10244.88
CUST000321,18732,0.2769,5186.89
CUST000322,6996,0.5478,3832.41
CUST000323,92916,0.5926,55062.02
CUST000324,20136,0.2461,4955.47
CUST000325,247908,0.4847,120161.01
CUST000326,21168,0.1696,3590.09
CUST000327,7836,0.8073,6326.0
CUST000328,56496,0.4841,27349.71
CUST000329,22164,0.7571,16780.36
CUST000330,291600,0.2264,66018.24
CUST000331,17988,0.468,8418.38
CUST000332,7008,0.0559,391.75
CUST000333,12576,0.4133,5197.66
CUST000334,3768,0.9485,3573.95
CUST000335,24804,0.9462,23469.54
CUST000336,52932,0.9032,47808.18
CUST000337,16500,0.3939,6499.35
CUST000338,107016,0.2788,29836.06
CUST000339,6900,0.336,2318.4
CUST000340,5460,0.1597,871.96
CUST000341,13692,0.9241,12652.78
CUST000342,80532,0.5986,48206.46
CUST000343,13680,0.6623,9060.26
CUST000344,87156,0.7075,61662.87
CUST000345,4500,0.3032,1364.4
CUST000346,10068,0.8298,8354.43
CUST000347,115188,0.2997,34521.84
CUST000348,22272,0.8818,19639.45
CUST000349,264024,0.1087,28699.41
CUST000350,20232,0.846,17116.27
CUST000351,23904,0.3303,7895.49
CUST000352,77340,0.1815,14037.21
CUST000353,18804,0.1051,1976.3
CUST000354,3852,0.9179,3535.75
CUST000355,57636,0.7091,40869.69
CUST000356,3144,0.0472,148.4
CUST000357,60996,0.4847,29564.76
CUST000358,23988,0.3652,8760.42
CUST000359,18972,0.7079,13430.28
CUST000360,296520,0.7356,218120.11
CUST000361,67392,0.6552,44155.24
CUST000362,41340,0.6959,28768.51
CUST000363,92508,0.9214,85236.87
CUST000364,290892,0.7386,214852.83
CUST000365,147276,0.8058,118675.0
CUST000366,17064,0.135,2303.64
CUST000367,17424,0.5317,9264.34
CUST000368,22560,0.4812,10855.87
CUST000369,73008,0.9406,68671.32
CUST000370,43104,0.8724,37603.93
CUST000371,165972,0.1371,22754.76
CUST000372,244020,0.4624,112834.85
CUST000373,22272,0.5847,13022.44
CUST000374,115404,0.5722,66034.17
CUST000375,272352,0.4199,114360.6
CUST000376,17940,0.5243,9405.94
CUST000377,194124,0.8423,163510.65
CUST000378,9120,0.3604,3286.85
CUST000379,9828,0.6915,6796.06
CUST000380,11304,0.0823,930.32
CUST000381,38268,0.0628,2403.23
CUST000382,23640,0.8709,20588.08
CUST000383,7488,0.4395,3290.98
CUST000384,18084,0.4257,7698.36
CUST000385,7284,0.5248,3822.64
CUST000386,16020,0.3604,5773.61
CUST000387,84444,0.7056,59583.69
CUST000388,20616,0.1402,2890.36
CUST000389,22332,0.0563,1257.29
CUST000390,1596,0.4247,677.82
CUST000391,11760,0.8018,9429.17
CUST000392,84864,0.1379,11702.75
CUST000393,14208,0.0486,690.51
CUST000394,56916,0.4871,27723.78
CUST000395,126816,0.1271,16118.31
CUST000396,90588,0.8881,80451.2
CUST000397,53592,0.8428,45167.34
CUST000398,13932,0.2448,3410.55
CUST000399,232248,0.7067,164129.66
CUST000400,118812,0.0648,7699.02
CUST000401,81684,0.3551,29005.99
CUST000402,22860,0.2031,4642.87
CUST000403,22824,0.5171,11802.29
CUST000404,91380,0.9434,86207.89
CUST000405,12864,0.3045,3917.09
CUST000406,6816,0.4623,3151.04
CUST000407,18996,0.7206,13688.52
CUST000408,18912,0.1519,2872.73
CUST000409,5784,0.8626,4989.28
CUST000410,293100,0.309,90567.9
CUST000411,4980,0.761,3789.78
CUST000412,48324,0.8889,42955.2
CUST000413,139788,0.6154,86025.54
CUST000414,13344,0.4473,5968.77
CUST000415,19584,0.5723,11207.92
CUST000416,233700,0.6035,141037.95
CUST000417,13008,0.8153,10605.42
CUST000418,16704,0.3428,5726.13
CUST000419,105192,0.6926,72855.98
CUST000420,14880,0.6533,9721.1
CUST000421,6864,0.4676,3209.61
CUST000422,15588,0.5429,8462.73
CUST000423,2508,0.0692,173.55
CUST000424,7404,0.5607,4151.42
CUST000425,5436,0.2219,1206.25
CUST000426,21600,0.0818,1766.88
CUST000427,69708,0.773,53884.28
CUST000428,97656,0.5568,54374.86
CUST000429,13344,0.8719,11634.63
CUST000430,5556,0.8476,4709.27
CUST000431,23532,0.8618,20279.88
CUST000432,2388,0.3583,855.62
CUST000433,5436,0.5527,3004.48
CUST000434,90684,0.4108,37252.99
CUST000435,18024,0.0208,374.9
CUST000436,180876,0.6928,125310.89
CUST000437,7788,0.8919,6946.12
CUST000438,277356,0.5752,159535.17
CUST000439,249612,0.8554,213518.1
CUST000440,77052,0.5428,41823.83
CUST000441,7248,0.3364,2438.23
CUST000442,10368,0.1234,1279.41
CUST000443,12888,0.2196,2830.2
CUST000444,90360,0.2949,26647.16
CUST000445,221940,0.5917,131321.9
CUST000446,4728,0.1069,505.42
CUST000447,19644,0.7314,14367.62
CUST000448,43944,0.7718,33915.98
CUST000449,16080,0.8462,13606.9
CUST000450,43056,0.5714,24602.2
CUST000451,23364,0.4998,11677.33
CUST000452,22656,0.2162,4898.23
CUST000453,145920,0.1681,24529.15
CUST000454,125196,0.5093,63762.32
CUST000455,12888,0.6929,8930.1
CUST000456,95208,0.0896,8530.64
CUST000457,20556,0.478,9825.77
CUST000458,169476,0.9426,159748.08
CUST000459,22044,0.6949,15318.38
CUST000460,73992,0.947,70070.42
CUST000461,13380,0.8932,11951.02
CUST000462,64776,0.7651,49560.12
CUST000463,73068,0.7531,55027.51
CUST000464,20484,0.8634,17685.89
CUST000465,42036,0.1298,5456.27
CUST000466,49032,0.1735,8507.05
CUST000467,259416,0.3024,78447.4
CUST000468,61860,0.7823,48393.08
CUST000469,12000,0.6782,8138.4
CUST000470,20376,0.6253,12741.11
CUST000471,11436,0.5533,6327.54
CUST000472,36924,0.1694,6254.93
CUST000473,18120,0.0807,1462.28
CUST000474,100416,0.7915,79479.26
CUST000475,10524,0.4731,4978.9
CUST000476,30888,0.5181,16003.07
CUST000477,18624,0.9201,17135.94
CUST000478,174480,0.5427,94690.3
CUST000479,81888,0.9225,75541.68
CUST000480,13512,0.1035,1398.49
CUST000481,15984,0.7589,12130.26
CUST000482,81720,0.891,72812.52
CUST000483,4884,0.7871,3844.2
CUST000484,1332,0.0218,29.04
CUST000485,18228,0.7087,12918.18
CUST000486,151224,0.7771,117516.17
CUST000487,17688,0.0415,734.05
CUST000488,4200,0.71,2982.0
CUST000489,89220,0.3199,28541.48
CUST000490,26052,0.3424,8920.2
CUST000491,11340,0.3274,3712.72
CUST000492,7452,0.3415,2544.86
CUST000493,36264,0.0352,1276.49
CUST000494,9624,0.2336,2248.17
CUST000495,40344,0.2312,9327.53
CUST000496,20352,0.5242,10668.52
CUST000497,48312,0.2584,12483.82
CUST000498,104292,0.8654,90254.3
CUST000499,47388,0.7824,37076.37
CUST000500,6744,0.2681,1808.07
CUST000501,79224,0.792,62745.41
CUST000502,16956,0.6653,11280.83
CUST000503,61500,0.0263,1617.45
CUST000504,93240,0.7454,69501.1
CUST000505,167652,0.675,113165.1
CUST000506,25668,0.1043,2677.17
CUST000507,125592,0.7674,96379.3
CUST000508,23256,0.8803,20472.26
CUST000509,245808,0.9145,224791.42
CUST000510,11436,0.7962,9105.34
CUST000511,14304,0.4985,7130.54
CUST000512,21816,0.3812,8316.26
CUST000513,171768,0.5712,98113.88
CUST000514,262716,0.4799,126077.41
CUST000515,87624,0.1787,15658.41
CUST000516,71700,0.1047,7506.99
CUST000517,4896,0.7924,3879.59
CUST000518,17508,0.6172,10805.94
CUST000519,19776,0.4646,9187.93
CUST000520,76548,0.9025,69084.57
CUST000521,162276,0.7087,115005.0
CUST000522,76932,0.5416,41666.37
CUST000523,27948,0.677,18920.8
CUST000524,81132,0.3247,26343.56
CUST000525,11340,0.8726,9895.28
CUST000526,22152,0.2527,5597.81
CUST000527,75504,0.6656,50255.46
CUST000528,20304,0.5455,11075.83
CUST000529,110736,0.2555,28293.05
CUST000530,7260,0.4802,3486.25
CUST000531,8412,0.1735,1459.48
CUST000532,27180,0.1807,4911.43
CUST000533,8220,0.6985,5741.67
CUST000534,19140,0.1928,3690.19
CUST000535,76008,0.1731,13156.98
CUST000536,8976,0.6086,5462.79
CUST000537,23700,0.575,13627.5
CUST000538,228768,0.4712,107795.48
CUST000539,4152,0.9364,3887.93
CUST000540,213192,0.9063,193215.91
CUST000541,58956,0.3932,23181.5
CUST000542,87168,0.5034,43880.37
CUST000543,83004,0.3878,32188.95
CUST000544,19188,0.0456,874.97
CUST000545,22836,0.2327,5313.94
CUST000546,3780,0.096,362.88
CUST000547,276372,0.8053,222562.37
CUST000548,7788,0.3875,3017.85
CUST000549,13200,0.5703,7527.96
CUST000550,34752,0.4797,16670.53
CUST000551,39924,0.9478,37839.97
CUST000552,40896,0.8509,34798.41
CUST000553,195756,0.8205,160617.8
CUST000554,30096,0.1216,3659.67
CUST000555,46128,0.9496,43803.15
CUST000556,296328,0.6383,189146.16
CUST000557,95412,0.2677,25541.79
CUST000558,192540,0.9458,182104.33
CUST000559,23352,0.5552,12965.03
CUST000560,15420,0.4126,6362.29
CUST000561,204408,0.6465,132149.77
CUST000562,77868,0.5536,43107.72
CUST000563,63696,0.8042,51224.32
CUST000564,191220,0.5467,104539.97
CUST000565,100944,0.8949,90334.79
CUST000566,21576,0.6938,14969.43
CUST000567,23976,0.7269,17428.15
CUST000568,1500,0.1158,173.7
CUST000569,44412,0.6122,27189.03
CUST000570,15252,0.2628,4008.23
CUST000571,68676,0.7905,54288.38
CUST000572,28764,0.847,24363.11
CUST000573,33564,0.1456,4886.92
CUST000574,23340,0.6844,15973.9
CUST000575,15672,0.1949,3054.47
CUST000576,18012,0.0753,1356.3
CUST000577,8148,0.8021,6535.51
CUST000578,7332,0.2036,1492.8
CUST000579,2508,0.7376,1849.9
CUST000580,20100,0.0926,1861.26
CUST000581,23304,0.2417,5632.58
CUST000582,78216,0.3389,26507.4
CUST000583,19104,0.222,4241.09
CUST000584,172428,0.2897,49952.39
CUST000585,126552,0.5861,74172.13
CUST000586,167004,0.5664,94591.07
CUST000587,17604,0.1943,3420.46
CUST000588,269184,0.2195,59085.89
CUST000589,58176,0.5322,30961.27
CUST000590,7680,0.5471,4201.73
CUST000591,21444,0.2576,5523.97
CUST000592,91836,0.5269,48388.39
CUST000593,4524,0.7647,3459.5
CUST000594,42072,0.6773,28495.37
CUST000595,12888,0.7321,9435.3
CUST000596,138420,0.0855,11834.91
CUST000597,12084,0.0749,905.09
CUST000598,84900,0.0233,1978.17
CUST000599,8940,0.3396,3036.02
CUST000600,57132,0.2821,16116.94
CUST000601,239268,0.0141,3373.68
CUST000602,19848,0.8413,16698.12
CUST000603,158760,0.1874,29751.62
CUST000604,85092,0.4948,42103.52
CUST000605,193260,0.0762,14726.41
CUST000606,95292,0.4626,44082.08
CUST000607,22260,0.9176,20425.78
CUST000608,69072,0.7727,53371.93
CUST000609,5856,0.8765,5132.78
CUST000610,20592,0.7552,15551.08
CUST000611,14004,0.5364,7511.75
CUST000612,75324,0.9341,70360.15
CUST000613,71388,0.4876,34808.79
CUST000614,143280,0.2397,34344.22
CUST000615,38604,0.2542,9813.14
CUST000616,76032,0.6995,53184.38
CUST000617,52440,0.2115,11091.06
CUST000618,20748,0.1398,2900.57
CUST000619,58380,0.019,1109.22
CUST000620,36276,0.9383,34037.77
CUST000621,10224,0.2305,2356.63
CUST000622,4572,0.3003,1372.97
CUST000623,12192,0.332,4047.74
CUST000624,95448,0.6443,61497.15
CUST000625,21468,0.9495,20383.87
CUST000626,23232,0.8594,19965.58
CUST000627,2868,0.8542,2449.85
CUST000628,86064,0.6895,59341.13
CUST000629,141936,0.7221,102491.99
CUST000630,38604,0.6918,26706.25
CUST000631,288552,0.0494,14254.47
CUST000632,293064,0.071,20807.54
CUST000633,13296,0.1348,1792.3
CUST000634,76848,0.593,45570.86
CUST000635,33372,0.0627,2092.42
CUST000636,12288,0.5109,6277.94
CUST000637,156564,0.2505,39219.28
CUST000638,23316,0.7979,18603.84
CUST000639,130260,0.1113,14497.94
CUST000640,4356,0.2034,886.01
CUST000641,80760,0.5973,48237.95
CUST000642,68736,0.2791,19184.22
CUST000643,18684,0.2201,4112.35
CUST000644,241368,0.5729,138279.73
CUST000645,97908,0.1706,16703.1
CUST000646,4080,0.1076,439.01
CUST000647,13260,0.1558,2065.91
CUST000648,5736,0.2015,1155.8
CUST000649,74688,0.3064,22884.4
CUST000650,71364,0.889,63442.6
CUST000651,10512,0.6102,6414.42
CUST000652,5328,0.1839,979.82
CUST000653,23340,0.8531,19911.35
CUST000654,250656,0.1408,35292.36
CUST000655,5916,0.1369,809.9
CUST000656,12528,0.9246,11583.39
CUST000657,16500,0.8383,13831.95
CUST000658,35784,0.4029,14417.37
CUST000659,15432,0.8233,12705.17
CUST000660,12720,0.1186,1508.59
CUST000661,8244,0.7436,6130.24
CUST000662,10776,0.8745,9423.61
CUST000663,172068,0.3256,56025.34
CUST000664,143328,0.8345,119607.22
CUST000665,64140,0.6366,40831.52
CUST000666,2280,0.3386,772.01
CUST000667,7572,0.1262,955.59
CUST000668,87000,0.4225,36757.5
CUST000669,17760,0.7394,13131.74
CUST000670,18156,0.3711,6737.69
CUST000671,89592,0.5197,46560.96
CUST000672,36984,0.038,1405.39
CUST000673,10752,0.1168,1255.83
CUST000674,12036,0.3041,3660.15
CUST000675,149220,0.0935,13952.07
CUST000676,143928,0.3481,50101.34
CUST000677,152676,0.8878,135545.75
CUST000678,66372,0.7657,50821.04
CUST000679,28080,0.1217,3417.34
CUST000680,19080,0.8949,17074.69
CUST000681,41976,0.6202,26033.52
CUST000682,52332,0.4738,24794.9
CUST000683,8976,0.4284,3845.32
CUST000684,289548,0.7712,223299.42
CUST000685,25908,0.728,18861.02
CUST000686,28056,0.3484,9774.71
CUST000687,4284,0.3758,1609.93
CUST000688,228216,0.3091,70541.57
CUST000689,52080,0.0689,3588.31
CUST000690,36912,0.0896,3307.32
CUST000691,20724,0.757,15688.07
CUST000692,250368,0.4736,118574.28
CUST000693,67692,0.6837,46281.02
CUST000694,151896,0.6772,102863.97
CUST000695,7740,0.295,2283.3
CUST000696,95700,0.5298,50701.86
CUST000697,61308,0.6778,41554.56
CUST000698,14724,0.4975,7325.19
CUST000699,121080,0.5763,69778.4
CUST000700,44292,0.3744,16582.92
CUST000701,17148,0.1783,3057.49
CUST000702,70056,0.764,53522.78
CUST000703,90864,0.7338,66676.0
CUST000704,83796,0.9041,75759.96
CUST000705,21888,0.6158,13478.63
CUST000706,21792,0.1335,2909.23
CUST000707,11148,0.8038,8960.76
CUST000708,54264,0.094,5100.82
CUST000709,35856,0.2117,7590.72
CUST000710,10248,0.6813,6981.96
CUST000711,6348,0.2153,1366.72
CUST000712,15012,0.3568,5356.28
CUST000713,112800,0.9315,105073.2
CUST000714,51624,0.5614,28981.71
CUST000715,11400,0.3992,4550.88
CUST000716,66756,0.7204,48091.02
CUST000717,20484,0.4029,8253.0
CUST000718,11772,0.6485,7634.14
CUST000719,2196,0.5258,1154.66
CUST000720,4920,0.6,2952.0
CUST000721,76536,0.6704,51309.73
CUST000722,95004,0.809,76858.24
CUST000723,77880,0.0756,5887.73
CUST000724,3684,0.9284,3420.23
CUST000725,137064,0.1582,21683.52
CUST000726,3864,0.0402,155.33
CUST000727,41820,0.8342,34886.24
CUST000728,52200,0.7231,37745.82
CUST000729,5184,0.5189,2689.98
CUST000730,75756,0.0626,4742.33
CUST000731,77388,0.3066,23727.16
CUST000732,5856,0.1212,709.75
CUST000733,74112,0.72,53360.64
CUST000734,78492,0.4398,34520.78
CUST000735,14844,0.7959,11814.34
CUST000736,284604,0.2114,60165.29
CUST000737,19680,0.7964,15673.15
CUST000738,38712,0.7881,30508.93
CUST000739,35196,0.9216,32436.63
CUST000740,23496,0.3241,7615.05
CUST000741,21360,0.864,18455.04
CUST000742,12552,0.7212,9052.5
CUST000743,85932,0.6501,55864.39
CUST000744,78600,0.7715,60639.9
CUST000745,4668,0.3117,1455.02
CUST000746,27300,0.0332,906.36
CUST000747,3024,0.1189,359.55
CUST000748,20940,0.0791,1656.35
CUST000749,25668,0.1411,3621.75
CUST000750,73332,0.0543,3981.93
CUST000751,66948,0.4059,27174.19
CUST000752,84612,0.8517,72064.04
CUST000753,163476,0.1677,27414.93
CUST000754,7992,0.8108,6479.91
CUST000755,2100,0.7688,1614.48
CUST000756,12012,0.6258,7517.11
CUST000757,17196,0.4295,7385.68
CUST000758,60972,0.3665,22346.24
CUST000759,61968,0.2228,13806.47
CUST000760,2508,0.3997,1002.45
CUST000761,38856,0.8035,31220.8
CUST000762,21396,0.1341,2869.2
CUST000763,51708,0.4643,24008.02
CUST000764,13116,0.7253,9513.03
CUST000765,2496,0.4478,1117.71
CUST000766,78876,0.4168,32875.52
CUST000767,22080,0.0556,1227.65
CUST000768,41856,0.9474,39654.37
CUST000769,66876,0.0705,4714.76
CUST000770,14172,0.2018,2859.91
CUST000771,4860,0.4982,2421.25
CUST000772,35796,0.6697,23972.58
CUST000773,14904,0.702,10462.61
CUST000774,4212,0.7115,2996.84
CUST000775,245544,0.6766,166135.07
CUST000776,8856,0.5041,4464.31
CUST000777,4008,0.4627,1854.5
CUST000778,61236,0.6375,39037.95
CUST000779,19836,0.5636,11179.57
CUST000780,246516,0.5187,127867.85
CUST000781,168804,0.1585,26755.43
CUST000782,14976,0.2783,4167.82
CUST000783,17580,0.8173,14368.13
CUST000784,6696,0.7128,4772.91
CUST000785,15012,0.1358,2038.63
CUST000786,12972,0.6348,8234.63
CUST000787,38424,0.6202,23830.56
CUST000788,87276,0.7721,67385.8
CUST000789,19692,0.7757,15275.08
CUST000790,1596,0.8763,1398.57
CUST000791,13020,0.496,6457.92
CUST000792,181656,0.4985,90555.52
CUST000793,13152,0.2212,2909.22
CUST000794,14232,0.6156,8761.22
CUST000795,7344,0.5973,4386.57
CUST000796,102180,0.1936,19782.05
CUST000797,21948,0.8859,19443.73
CUST000798,2052,0.0275,56.43
CUST000799,20436,0.3588,7332.44
CUST000800,7692,0.3726,2866.04
CUST000801,44940,0.4673,21000.46
CUST000802,22248,0.6245,13893.88
CUST000803,44304,0.8822,39084.99
CUST000804,295656,0.9248,273422.67
CUST000805,111912,0.3883,43455.43
CUST000806,83244,0.8636,71889.52
CUST000807,22200,0.3472,7707.84
CUST000808,2748,0.2284,627.64
CUST000809,18144,0.189,3429.22
CUST000810,16656,0.1048,1745.55
CUST000811,108576,0.7491,81334.28
CUST000812,29976,0.5136,15395.67
CUST000813,34152,0.923,31522.3
CUST000814,18648,0.028,522.14
CUST000815,130776,0.8276,108230.22
CUST000816,59928,0.828,49620.38
CUST000817,18312,0.1029,1884.3
CUST000818,235800,0.7399,174468.42
CUST000819,5268,0.3609,1901.22
CUST000820,22068,0.4974,10976.62
CUST000821,20748,0.3617,7504.55
CUST000822,9432,0.1191,1123.35
CUST000823,12768,0.1089,1390.44
CUST000824,52356,0.893,46753.91
CUST000825,53436,0.6193,33092.91
CUST000826,206952,0.0197,4076.95
CUST000827,13788,0.505,6962.94
CUST000828,91740,0.6178,56676.97
CUST000829,247044,0.6804,168088.74
CUST000830,10164,0.547,5559.71
CUST000831,5196,0.8319,4322.55
CUST000832,47220,0.5076,23968.87
CUST000833,19080,0.4921,9389.27
CUST000834,17880,0.9333,16687.4
CUST000835,22512,0.1541,3469.1
CUST000836,17544,0.1556,2729.85
CUST000837,2304,0.257,592.13
CUST000838,19404,0.4267,8279.69
CUST000839,1608,0.3018,485.29
CUST000840,13704,0.5399,7398.79
CUST000841,14472,0.2605,3769.96
CUST000842,2292,0.4234,970.43
CUST000843,59724,0.1544,9221.39
CUST000844,153900,0.5347,82290.33
CUST000845,65568,0.674,44192.83
CUST000846,12672,0.0405,513.22
CUST000847,60624,0.7669,46492.55
CUST000848,14208,0.2793,3968.29
CUST000849,24900,0.1955,4867.95
CUST000850,1932,0.7361,1422.15
CUST000851,150372,0.9234,138853.5
CUST000852,19560,0.4966,9713.5
CUST000853,24516,0.2794,6849.77
CUST000854,7344,0.553,4061.23
CUST000855,258252,0.8462,218532.84
CUST000856,74064,0.8868,65679.96
CUST000857,47460,0.7728,36677.09
CUST000858,92940,0.2543,23634.64
CUST000859,87372,0.7521,65712.48
CUST000860,64020,0.7439,47624.48
CUST000861,230904,0.3119,72018.96
CUST000862,20556,0.7896,16231.02
CUST000863,11916,0.3085,3676.09
CUST000864,59484,0.4187,24905.95
CUST000865,82860,0.2061,17077.45
CUST000866,12288,0.2009,2468.66
CUST000867,13944,0.3285,4580.6
CUST000868,9900,0.4537,4491.63
CUST000869,25560,0.0666,1702.3
CUST000870,92544,0.3227,29863.95
CUST000871,82956,0.5742,47633.34
CUST000872,9744,0.8192,7982.28
CUST000873,54336,0.9274,50391.21
CUST000874,281280,0.1421,39969.89
CUST000875,54492,0.3959,21573.38
CUST000876,47916,0.1598,7656.98
CUST000877,19176,0.9335,17900.8
CUST000878,48336,0.7081,34226.72
CUST000879,18876,0.9486,17905.77
CUST000880,64260,0.2605,16739.73
CUST000881,27276,0.5907,16111.93
CUST000882,48756,0.8164,39804.4
CUST000883,51480,0.6005,30913.74
CUST000884,103344,0.1713,17702.83
CUST000885,17100,0.5509,9420.39
CUST000886,20400,0.0336,685.44
CUST000887,10248,0.0838,858.78
CUST000888,14988,0.1831,2744.3
CUST000889,4584,0.2862,1311.94
CUST000890,17448,0.8198,14303.87
CUST000891,5076,0.2529,1283.72
CUST000892,17964,0.6851,12307.14
CUST000893,13104,0.2234,2927.43
CUST000894,1620,0.7199,1166.24
CUST000895,12552,0.6035,7575.13
CUST000896,119244,0.7505,89492.62
CUST000897,192648,0.0495,9536.08
CUST000898,194556,0.3065,59631.41
CUST000899,35088,0.6679,23435.28
CUST000900,185616,0.2897,53772.96
CUST000901,39852,0.063,2510.68
CUST000902,65208,0.7573,49382.02
CUST000903,8472,0.9173,7771.37
CUST000904,61824,0.7473,46201.08
CUST000905,156876,0.2981,46764.74
CUST000906,10968,0.2774,3042.52
CUST000907,14328,0.0329,471.39
CUST000908,4164,0.4121,1715.98
CUST000909,12012,0.1265,1519.52
CUST000910,87324,0.6201,54149.61
CUST000911,10548,0.1139,1201.42
CUST000912,86556,0.016,1384.9
CUST000913,102480,0.884,90592.32
CUST000914,86316,0.2802,24185.74
CUST000915,21504,0.1179,2535.32
CUST000916,15360,0.5806,8918.02
CUST000917,67932,0.4046,27485.29
CUST000918,19188,0.0287,550.7
CUST000919,9636,0.174,1676.66
CUST000920,54288,0.1629,8843.52
CUST000921,14316,0.4396,6293.31
CUST000922,17964,0.391,7023.92
CUST000923,13860,0.6361,8816.35
CUST000924,10044,0.5932,5958.1
CUST000925,37824,0.1133,4285.46
CUST000926,92160,0.921,84879.36
CUST000927,38544,0.555,21391.92
CUST000928,2508,0.5618,1408.99
CUST000929,12012,0.4261,5118.31
CUST000930,2196,0.7261,1594.52
CUST000931,42132,0.6141,25873.26
CUST000932,66096,0.6107,40364.83
CUST000933,18396,0.5217,9597.19
CUST000934,191676,0.33,63253.08
CUST000935,13536,0.7789,10543.19
CUST000936,22308,0.3652,8146.88
CUST000937,64308,0.0538,3459.77
CUST000938,14952,0.5512,8241.54
CUST000939,22596,0.321,7253.32
CUST000940,9360,0.7737,7241.83
CUST000941,7056,0.9421,6647.46
CUST000942,19248,0.3162,6086.22
CUST000943,18204,0.2861,5208.16
CUST000944,17460,0.1094,1910.12
CUST000945,6300,0.1725,1086.75
CUST000946,229560,0.5841,134086.0
CUST000947,15708,0.1253,1968.21
CUST000948,96036,0.924,88737.26
CUST000949,137472,0.1995,27425.66
CUST000950,21612,0.2534,5476.48
CUST000951,11484,0.9299,10678.97
CUST000952,31860,0.2679,8535.29
CUST000953,275028,0.1592,43784.46
CUST000954,84540,0.1141,9646.01
CUST000955,1896,0.4148,786.46
CUST000956,282888,0.5233,148035.29
CUST000957,4836,0.7626,3687.93
CUST000958,14208,0.2129,3024.88
CUST000959,9960,0.5703,5680.19
CUST000960,79092,0.0103,814.65
CUST000961,6660,0.1887,1256.74
CUST000962,34656,0.854,29596.22
CUST000963,72660,0.3577,25990.48
CUST000964,16032,0.3486,5588.76
CUST000965,203100,0.4474,90866.94
CUST000966,19932,0.2355,4693.99
CUST000967,77892,0.6552,51034.84
CUST000968,8064,0.9399,7579.35
CUST000969,23328,0.4852,11318.75
CUST000970,138492,0.3807,52723.9
CUST000971,43836,0.6214,27239.69
CUST000972,275256,0.5875,161712.9
CUST000973,24540,0.6842,16790.27
CUST000974,13476,0.703,9473.63
CUST000975,19488,0.0716,1395.34
CUST000976,63384,0.0273,1730.38
CUST000977,16548,0.3534,5848.06
CUST000978,10296,0.7686,7913.51
CUST000979,35364,0.0389,1375.66
CUST000980,64044,0.0768,4918.58
CUST000981,120204,0.7033,84539.47
CUST000982,77400,0.5765,44621.1
CUST000983,94368,0.9011,85035.0
CUST000984,15780,0.711,11219.58
CUST000985,13440,0.2536,3408.38
CUST000986,19368,0.5408,10474.21
CUST000987,268044,0.8916,238988.03
CUST000988,4848,0.2046,991.9
CUST000989,28440,0.2663,7573.57
CUST000990,230604,0.5239,120813.44
CUST000991,14508,0.5186,7523.85
CUST000992,73620,0.8735,64307.07
CUST000993,68280,0.7799,53251.57
CUST000994,13764,0.2782,3829.14
CUST000995,232188,0.2308,53588.99
CUST000996,1728,0.3831,662.0
CUST000997,37848,0.3402,12875.89
CUST000998,12420,0.4619,5736.8
CUST000999,1536,0.9207,1414.2
CUST001000,188916,0.643,121472.99
CUST001001,12756,0.0384,489.83
CUST001002,179016,0.3851,68939.06
CUST001003,21192,0.4474,9481.3
CUST001004,5004,0.3685,1843.97
CUST001005,3372,0.5554,1872.81
CUST001006,17448,0.7596,13253.5
CUST001007,18120,0.9323,16893.28
CUST001008,4932,0.4789,2361.93
CUST001009,34008,0.0395,1343.32
CUST001010,4200,0.1293,543.06
CUST001011,177480,0.7445,132133.86
CUST001012,2028,0.9298,1885.63
CUST001013,7884,0.8981,7080.62
CUST001014,16620,0.3161,5253.58
CUST001015,6324,0.5291,3346.03
CUST001016,11220,0.4456,4999.63
CUST001017,2484,0.7564,1878.9
CUST001018,276132,0.4984,137624.19
CUST001019,206952,0.5303,109746.65
CUST001020,260736,0.2058,53659.47
CUST001021,68220,0.1199,8179.58
CUST001022,11436,0.4031,4609.85
CUST001023,217992,0.6342,138250.53
CUST001024,49872,0.9035,45059.35
CUST001025,94476,0.4986,47105.73
CUST001026,68964,0.4781,32971.69
CUST001027,81276,0.5889,47863.44
CUST001028,241728,0.1072,25913.24
CUST001029,141660,0.3342,47342.77
CUST001030,107400,0.7441,79916.34
CUST001031,60144,0.582,35003.81
CUST001032,12228,0.8656,10584.56
CUST001033,23016,0.1696,3903.51
CUST001034,87420,0.0951,8313.64
CUST001035,11040,0.3231,3567.02
CUST001036,202164,0.1079,21813.5
CUST001037,41628,0.9175,38193.69
CUST001038,140100,0.2311,32377.11
CUST001039,3528,0.9372,3306.44
CUST001040,24312,0.5167,12562.01
CUST001041,8724,0.7314,6380.73
CUST001042,7212,0.8196,5910.96
CUST001043,85128,0.4101,34910.99
CUST001044,29376,0.3345,9826.27
CUST001045,14568,0.3891,5668.41
CUST001046,67308,0.1436,9665.43
CUST001047,5016,0.1709,857.23
CUST001048,15816,0.8224,13007.08
CUST001049,27276,0.3496,9535.69
CUST001050,43620,0.8959,39079.16
CUST001051,19020,0.5644,10734.89
CUST001052,11256,0.4274,4810.81
CUST001053,34800,0.4248,14783.04
CUST001054,181884,0.3747,68151.93
CUST001055,7296,0.3886,2835.23
CUST001056,34236,0.5315,18196.43
CUST001057,258000,0.3152,81321.6
CUST001058,55176,0.2702,14908.56
CUST001059,38604,0.547,21116.39
CUST001060,20280,0.8871,17990.39
CUST001061,13920,0.9343,13005.46
CUST001062,5208,0.3079,1603.54
CUST001063,84180,0.7656,64448.21
CUST001064,8124,0.9225,7494.39
CUST001065,56112,0.1785,10015.99
CUST001066,16104,0.4987,8031.06
CUST001067,6984,0.4127,2882.3
CUST001068,255660,0.1217,31113.82
CUST001069,31284,0.5782,18088.41
CUST001070,15204,0.2787,4237.35
CUST001071,9396,0.674,6332.9
CUST001072,127116,0.7138,90735.4
CUST001073,34332,0.2733,9382.94
CUST001074,48924,0.878,42955.27
CUST001075,31248,0.2697,8427.59
CUST001076,9504,0.7337,6973.08
CUST001077,62304,0.9191,57263.61
CUST001078,11304,0.9437,10667.58
CUST001079,222036,0.6591,146343.93
CUST001080,224088,0.2352,52705.5
CUST001081,15180,0.6353,9643.85
CUST001082,76704,0.5466,41926.41
CUST001083,78348,0.5222,40913.33
CUST001084,198408,0.1155,22916.12
CUST001085,76836,0.4561,35044.9
CUST001086,2820,0.2448,690.34
CUST001087,19044,0.1717,3269.85
CUST001088,47376,0.5665,26838.5
CUST001089,12588,0.0366,460.72
CUST001090,14304,0.7217,10323.2
CUST001091,76380,0.2875,21959.25
CUST001092,16308,0.0327,533.27
CUST001093,88608,0.397,35177.38
CUST001094,30384,0.8147,24753.84
CUST001095,23124,0.7965,18418.27
CUST001096,90900,0.2105,19134.45
CUST001097,21504,0.9289,19975.07
CUST001098,207168,0.0245,5075.62
CUST001099,58320,0.9431,55001.59
CUST001100,94416,0.7943,74994.63
CUST001101,269760,0.9319,251389.34
CUST001102,54852,0.7353,40332.68
CUST001103,294048,0.0441,12967.52
CUST001104,32160,0.4778,15366.05
CUST001105,101760,0.8456,86048.26
CUST001106,73740,0.6929,51094.45
CUST001107,75780,0.0276,2091.53
CUST001108,15432,0.3557,5489.16
CUST001109,86352,0.6199,53529.6
CUST001110,16200,0.1195,1935.9
CUST001111,5328,0.9387,5001.39
CUST001112,15852,0.5421,8593.37
CUST001113,13980,0.5538,7742.12
CUST001114,22668,0.6668,15115.02
CUST001115,75720,0.0798,6042.46
CUST001116,37452,0.0968,3625.35
CUST001117,149652,0.4376,65487.72
CUST001118,12768,0.7102,9067.83
CUST001119,94116,0.8427,79311.55
CUST001120,57804,0.0559,3231.24
CUST001121,147660,0.4642,68543.77
CUST001122,87252,0.2918,25460.13
CUST001123,241440,0.9036,218165.18
CUST001124,17700,0.1028,1819.56
CUST001125,14784,0.2737,4046.38
CUST001126,20940,0.5966,12492.8
CUST001127,14232,0.39,5550.48
CUST001128,30456,0.3001,9139.85
CUST001129,6696,0.5303,3550.89
CUST001130,15108,0.8961,13538.28
CUST001131,5928,0.7035,4170.35
CUST001132,124500,0.3082,38370.9
CUST001133,26700,0.772,20612.4
CUST001134,76716,0.2189,16793.13
CUST001135,64980,0.2842,18467.32
CUST001136,11700,0.5719,6691.23
CUST001137,14952,0.4798,7173.97
CUST001138,12144,0.2039,2476.16
CUST001139,53172,0.5223,27771.74
CUST001140,12468,0.5707,7115.49
CUST001141,6252,0.1943,1214.76
CUST001142,52824,0.8461,44694.39
CUST001143,18792,0.7077,13299.1
CUST001144,48780,0.6785,33097.23
CUST001145,7560,0.64,4838.4
CUST001146,12192,0.4694,5722.92
CUST001147,22920,0.5764,13211.09
CUST001148,20100,0.5998,12055.98
CUST001149,222588,0.2031,45207.62
CUST001150,274212,0.3524,96632.31
CUST001151,16812,0.6663,11201.84
CUST001152,7320,0.9419,6894.71
CUST001153,205128,0.8576,175917.77
CUST001154,95124,0.7116,67690.24
CUST001155,22380,0.4603,10301.51
CUST001156,68868,0.9154,63041.77
CUST001157,25764,0.0456,1174.84
CUST001158,45744,0.4083,18677.28
CUST001159,15732,0.4831,7600.13
CUST001160,41160,0.1444,5943.5
CUST001161,64812,0.3805,24660.97
CUST001162,92004,0.1078,9918.03
CUST001163,15156,0.2019,3060.0
CUST001164,21084,0.1833,3864.7
CUST001165,22200,0.2481,5507.82
CUST001166,8988,0.0869,781.06
CUST001167,9936,0.6334,6293.46
CUST001168,9348,0.7592,7097.0
CUST001169,59604,0.2877,17148.07
CUST001170,60360,0.9087,54849.13
CUST001171,13224,0.3702,4895.52
CUST001172,20880,0.3035,6337.08
CUST001173,50040,0.4477,22402.91
CUST001174,31620,0.8046,25441.45
CUST001175,22860,0.4321,9877.81
CUST001176,16104,0.371,5974.58
CUST001177,19872,0.2504,4975.95
CUST001178,3060,0.6927,2119.66
CUST001179,150888,0.2232,33678.2
CUST001180,13632,0.5623,7665.27
CUST001181,24852,0.0153,380.24
CUST001182,6780,0.567,3844.26
CUST001183,52524,0.2609,13703.51
CUST001184,15600,0.5009,7814.04
CUST001185,3420,0.8629,2951.12
CUST001186,75276,0.5858,44096.68
CUST001187,7764,0.8307,6449.55
CUST001188,82596,0.7878,65069.13
CUST001189,90276,0.3347,30215.38
CUST001190,7524,0.4374,3291.0
CUST001191,22968,0.7901,18147.02
CUST001192,37212,0.6781,25233.46
CUST001193,2748,0.0128,35.17
CUST001194,71268,0.4756,33895.06
CUST001195,200724,0.1961,39361.98
CUST001196,20820,0.8437,17565.83
CUST001197,8448,0.0775,654.72
CUST001198,22932,0.8543,19590.81
CUST001199,78528,0.5548,43567.33
CUST001200,13632,0.0221,301.27
CUST001201,69252,0.6487,44923.77
CUST001202,13956,0.1394,1945.47
CUST001203,4740,0.2207,1046.12
CUST001204,83544,0.6966,58196.75
CUST001205,30312,0.6986,21175.96
CUST001206,16164,0.5819,9405.83
CUST001207,171684,0.6417,110169.62
CUST001208,81180,0.2312,18768.82
CUST001209,47508,0.2615,12423.34
CUST001210,5328,0.6111,3255.94
CUST001211,20232,0.0301,608.98
CUST001212,24840,0.4336,10770.62
CUST001213,9660,0.6574,6350.48
CUST001214,47256,0.7408,35007.24
CUST001215,21648,0.4242,9183.08
CUST001216,17676,0.5859,10356.37
CUST001217,19716,0.7439,14666.73
CUST001218,11844,0.0659,780.52
CUST001219,51804,0.7048,36511.46
CUST001220,58884,0.814,47931.58
CUST001221,23436,0.2285,5355.13
CUST001222,238332,0.3213,76576.07
CUST001223,240120,0.7445,178769.34
CUST001224,13200,0.1058,1396.56
CUST001225,29592,0.2473,7318.1
CUST001226,23928,0.3224,7714.39
CUST001227,12636,0.4008,5064.51
CUST001228,16236,0.4233,6872.7
CUST001229,248988,0.9397,233974.02
CUST001230,70800,0.8458,59882.64
CUST001231,59004,0.4846,28593.34
CUST001232,4116,0.5107,2102.04
CUST001233,18984,0.4382,8318.79
CUST001234,22032,0.1826,4023.04
CUST001235,15768,0.4626,7294.28
CUST001236,34080,0.78,26582.4
CUST001237,20340,0.549,11166.66
CUST001238,7752,0.219,1697.69
CUST001239,19908,0.529,10531.33
CUST001240,272796,0.5236,142835.99
CUST001241,28596,0.0122,348.87
CUST001242,22800,0.0363,827.64
CUST001243,18312,0.9153,16760.97
CUST001244,20532,0.6116,12557.37
CUST001245,25200,0.0808,2036.16
CUST001246,111084,0.4748,52742.68
CUST001247,15936,0.5466,8710.62
CUST001248,18672,0.2499,4666.13
CUST001249,34188,0.6213,21241.0
CUST001250,76800,0.8677,66639.36
CUST001251,30924,0.7388,22846.65
CUST001252,38940,0.7201,28040.69
CUST001253,72984,0.3562,25996.9
CUST001254,29088,0.1671,4860.6
CUST001255,20592,0.2544,5238.6
CUST001256,19620,0.3849,7551.74
CUST001257,16764,0.1959,3284.07
CUST001258,3144,0.8428,2649.76
CUST001259,56880,0.8486,48268.37
CUST001260,52284,0.5574,29143.1
CUST001261,49920,0.3691,18425.47
CUST001262,150588,0.6155,92686.91
CUST001263,7932,0.2913,2310.59
CUST001264,14316,0.6032,8635.41
CUST001265,20964,0.8844,18540.56
CUST001266,34980,0.1621,5670.26
CUST001267,27576,0.6773,18677.22
CUST001268,22572,0.1332,3006.59
CUST001269,4284,0.626,2681.78
CUST001270,102672,0.4032,41397.35
CUST001271,36192,0.1593,5765.39
CUST001272,19368,0.5433,10522.63
CUST001273,9984,0.5598,5589.04
CUST001274,71856,0.4954,35597.46
CUST001275,18480,0.7302,13494.1
CUST001276,276996,0.7971,220793.51
CUST001277,36396,0.9154,33316.9
CUST001278,82860,0.2377,19695.82
CUST001279,194016,0.3133,60785.21
CUST001280,17904,0.1506,2696.34
CUST001281,90432,0.4207,38044.74
CUST001282,20340,0.7627,15513.32
CUST001283,13992,0.1963,2746.63
CUST001284,21168,0.3093,6547.26
CUST001285,9792,0.1084,1061.45
CUST001286,16764,0.2373,3978.1
CUST001287,69492,0.8285,57574.12
CUST001288,7980,0.1164,928.87
CUST001289,18396,0.8549,15726.74
CUST001290,190752,0.1669,31836.51
CUST001291,288492,0.8966,258661.93
CUST001292,93756,0.0447,4190.89
CUST001293,18912,0.623,11782.18
CUST001294,46788,0.9259,43321.01
CUST001295,15036,0.6723,10108.7
CUST001296,54900,0.8354,45863.46
CUST001297,9816,0.3509,3444.43
CUST001298,10740,0.3882,4169.27
CUST001299,120876,0.1738,21008.25
CUST001300,78192,0.3092,24176.97
CUST001301,9276,0.9058,8402.2
CUST001302,11772,0.3175,3737.61
CUST001303,27624,0.111,3066.26
CUST001304,11664,0.2777,3239.09
CUST001305,226824,0.1497,33955.55
CUST001306,2100,0.2112,443.52
CUST001307,12036,0.4016,4833.66
CUST001308,67044,0.0316,2118.59
CUST001309,224856,0.8657,194657.84
CUST001310,61692,0.9054,55855.94
CUST001311,141600,0.5207,73731.12
CUST001312,85356,0.1663,14194.7
CUST001313,46884,0.3252,15246.68
CUST001314,87096,0.1164,10137.97
CUST001315,76848,0.6389,49098.19
CUST001316,224892,0.9089,204404.34
CUST001317,227220,0.1846,41944.81
CUST001318,11004,0.5069,5577.93
CUST001319,62340,0.5597,34891.7
CUST001320,61824,0.0819,5063.39
CUST001321,16452,0.2749,4522.65
CUST001322,296808,0.1856,55087.56
CUST001323,18324,0.1366,2503.06
CUST001324,6708,0.6619,4440.03
CUST001325,169056,0.506,85542.34
CUST001326,13320,0.5183,6903.76
CUST001327,11916,0.8637,10291.85
CUST001328,15192,0.692,10512.86
CUST001329,92604,0.8604,79676.48
CUST001330,59928,0.5874,35201.71
CUST001331,9216,0.5327,4909.36
CUST001332,55884,0.6995,39090.86
CUST001333,85416,0.6916,59073.71
CUST001334,20496,0.8952,18348.02
CUST001335,51840,0.4092,21212.93
CUST001336,16704,0.2579,4307.96
CUST001337,6240,0.3711,2315.66
CUST001338,15756,0.5843,9206.23
CUST001339,120348,0.8606,103571.49
CUST001340,12372,0.1086,1343.6
CUST001341,17904,0.084,1503.94
CUST001342,101868,0.5849,59582.59
CUST001343,48672,0.2302,11204.29
CUST001344,18504,0.9005,16662.85
CUST001345,14940,0.4144,6191.14
CUST001346,18084,0.8603,15557.67
CUST001347,6288,0.559,3514.99
CUST001348,28908,0.1821,5264.15
CUST001349,29484,0.3355,9891.88
CUST001350,73656,0.0614,4522.48
CUST001351,86880,0.8982,78035.62
CUST001352,60516,0.3075,18608.67
CUST001353,286344,0.4132,118317.34
CUST001354,90276,0.5355,48342.8
CUST001355,78888,0.3192,25181.05
CUST001356,43224,0.6542,28277.14
CUST001357,16992,0.8236,13994.61
CUST001358,15432,0.8255,12739.12
CUST001359,247128,0.5021,124082.97
CUST001360,281952,0.8428,237629.15
CUST001361,13860,0.599,8302.14
CUST001362,52536,0.5358,28148.79
CUST001363,14052,0.1293,1816.92
CUST001364,115104,0.0632,7274.57
CUST001365,11988,0.8145,9764.23
CUST001366,19536,0.1253,2447.86
CUST001367,68136,0.4638,31601.48
CUST001368,37248,0.8404,31303.22
CUST001369,19068,0.0926,1765.7
CUST001370,18240,0.1032,1882.37
CUST001371,264900,0.2688,71205.12
CUST001372,6096,0.9397,5728.41
CUST001373,298500,0.903,269545.5
CUST001374,17448,0.4911,8568.71
CUST001375,68424,0.8816,60322.6
CUST001376,19272,0.4035,7776.25
CUST001377,13428,0.8601,11549.42
CUST001378,101916,0.4182,42621.27
CUST001379,21132,0.2982,6301.56
CUST001380,46956,0.6338,29760.71
CUST001381,17268,0.5081,8773.87
CUST001382,213828,0.108,23093.42
CUST001383,17004,0.6484,11025.39
CUST001384,134652,0.8994,121106.01
CUST001385,63180,0.7942,50177.56
CUST001386,284892,0.5509,156947.0
CUST001387,71112,0.9011,64079.02
CUST001388,24132,0.2088,5038.76
CUST001389,19848,0.827,16414.3
CUST001390,1992,0.6007,1196.59
CUST001391,31644,0.6233,19723.71
CUST001392,18072,0.3392,6130.02
CUST001393,2100,0.8061,1692.81
CUST001394,6600,0.7304,4820.64
CUST001395,72324,0.6012,43481.19
CUST001396,83664,0.1905,15937.99
CUST001397,4416,0.7165,3164.06
CUST001398,21204,0.6004,12730.88
CUST001399,14292,0.4803,6864.45
CUST001400,252048,0.2841,71606.84
CUST001401,15744,0.3204,5044.38
CUST001402,8460,0.3551,3004.15
CUST001403,103956,0.6426,66802.13
CUST001404,12996,0.3075,3996.27
CUST001405,28200,0.1351,3809.82
CUST001406,74448,0.5247,39062.87
CUST001407,14388,0.8992,12937.69
CUST001408,14772,0.5587,8253.12
CUST001409,71448,0.6833,48820.42
CUST001410,8568,0.129,1105.27
CUST001411,72264,0.6103,44102.72
CUST001412,242664,0.3751,91023.27
CUST001413,53436,0.624,33344.06
CUST001414,6756,0.0979,661.41
CUST001415,250512,0.3254,81516.6
CUST001416,250584,0.1149,28792.1
CUST001417,65352,0.1663,10868.04
CUST001418,8796,0.7645,6724.54
CUST001419,104784,0.8079,84654.99
CUST001420,20760,0.3104,6443.9
CUST001421,19488,0.0328,639.21
CUST001422,42408,0.0477,2022.86
CUST001423,79584,0.4587,36505.18
CUST001424,3576,0.1971,704.83
CUST001425,238860,0.862,205897.32
CUST001426,269772,0.5821,157034.28
CUST001427,73824,0.657,48502.37
CUST001428,22008,0.401,8825.21
CUST001429,10596,0.2843,3012.44
CUST001430,22920,0.8,18336.0
CUST001431,5808,0.3236,1879.47
CUST001432,8616,0.8172,7041.0
CUST001433,123072,0.6508,80095.26
CUST001434,145716,0.4741,69083.96
CUST001435,12024,0.2153,2588.77
CUST001436,106416,0.1952,20772.4
CUST001437,3132,0.3044,953.38
CUST001438,91512,0.6802,62246.46
CUST001439,4368,0.1869,816.38
CUST001440,75432,0.6098,45998.43
CUST001441,17316,0.3814,6604.32
CUST001442,4644,0.2648,1229.73
CUST001443,16932,0.0768,1300.38
CUST001444,124632,0.7526,93798.04
CUST001445,133860,0.1071,14336.41
CUST001446,23748,0.8335,19793.96
CUST001447,27768,0.5533,15364.03
CUST001448,17952,0.3822,6861.25
CUST001449,8760,0.3891,3408.52
CUST001450,180504,0.6406,115630.86
CUST001451,141312,0.8145,115098.62
CUST001452,85416,0.3115,26607.08
CUST001453,51204,0.5573,28535.99
CUST001454,1548,0.6674,1033.14
CUST001455,22860,0.7652,17492.47
CUST001456,3060,0.1386,424.12
CUST001457,95844,0.5832,55896.22
CUST001458,23676,0.0288,681.87
CUST001459,92880,0.0787,7309.66
CUST001460,156804,0.4895,76755.56
CUST001461,5688,0.3347,1903.77
CUST001462,10032,0.8762,8790.04
CUST001463,16680,0.0646,1077.53
CUST001464,13704,0.5871,8045.62
CUST001465,96420,0.6586,63502.21
CUST001466,4104,0.7378,3027.93
CUST001467,1692,0.2372,401.34
CUST001468,12252,0.7842,9608.02
CUST001469,83028,0.1884,15642.48
CUST001470,59112,0.3142,18572.99
CUST001471,65616,0.3949,25911.76
CUST001472,91404,0.5261,48087.64
CUST001473,17892,0.5706,10209.18
CUST001474,29280,0.7303,21383.18
CUST001475,276072,0.1139,31444.6
CUST001476,6540,0.1457,952.88
CUST001477,24024,0.6176,14837.22
CUST001478,11904,0.6552,7799.5
CUST001479,284220,0.8906,253126.33
CUST001480,15288,0.8553,13075.83
CUST001481,70056,0.6001,42040.61
CUST001482,20148,0.5773,11631.44
CUST001483,173172,0.0858,14858.16
CUST001484,16068,0.2688,4319.08
CUST001485,9912,0.4891,4847.96
CUST001486,266988,0.3894,103965.13
CUST001487,218508,0.3472,75865.98
CUST001488,86892,0.1622,14093.88
CUST001489,54132,0.5629,30470.9
CUST001490,189936,0.5149,97798.05
CUST001491,20160,0.8432,16998.91
CUST001492,245460,0.5723,140476.76
CUST001493,85476,0.8927,76304.43
CUST001494,6960,0.7313,5089.85
CUST001495,11184,0.0784,876.83
CUST001496,15012,0.7712,11577.25
CUST001497,215640,0.28,60379.2
CUST001498,47832,0.2188,10465.64
CUST001499,20688,0.2375,4913.4
CUST001500,12552,0.8054,10109.38
CUST001501,228288,0.309,70540.99
CUST001502,35376,0.6144,21735.01
CUST001503,39660,0.4004,15879.86
CUST001504,171588,0.6987,119888.54
CUST001505,8592,0.071,610.03
CUST001506,9264,0.1054,976.43
CUST001507,65892,0.341,22469.17
CUST001508,107472,0.0419,4503.08
CUST001509,17664,0.2072,3659.98
CUST001510,15396,0.2183,3360.95
CUST001511,68268,0.7903,53952.2
CUST001512,3132,0.4995,1564.43
CUST001513,10236,0.8372,8569.58
CUST001514,18168,0.1209,2196.51
CUST001515,41208,0.8928,36790.5
CUST001516,2952,0.467,1378.58
CUST001517,16524,0.7728,12769.75
CUST001518,3252,0.3866,1257.22
CUST001519,244944,0.113,27678.67
CUST001520,11292,0.5884,6644.21
CUST001521,13044,0.2842,3707.1
CUST001522,12216,0.9182,11216.73
CUST001523,12480,0.7624,9514.75
CUST001524,20076,0.5897,11838.82
CUST001525,12216,0.1953,2385.78
CUST001526,15648,0.3565,5578.51
CUST001527,295212,0.6665,196758.8
CUST001528,61056,0.2296,14018.46
CUST001529,19212,0.1406,2701.21
CUST001530,19476,0.1263,2459.82
CUST001531,46932,0.0632,2966.1
CUST001532,35664,0.6742,24044.67
CUST001533,4692,0.695,3260.94
CUST001534,248244,0.8336,206936.2
CUST001535,253968,0.3429,87085.63
CUST001536,70452,0.6416,45202.0
CUST001537,1824,0.567,1034.21
CUST001538,285180,0.2092,59659.66
CUST001539,3036,0.2538,770.54
CUST001540,200652,0.3346,67138.16
CUST001541,18360,0.6427,11799.97
CUST001542,18396,0.6337,11657.55
CUST001543,10656,0.6522,6949.84
CUST001544,20844,0.0624,1300.67
CUST001545,85632,0.2495,21365.18
CUST001546,76704,0.0626,4801.67
CUST001547,13116,0.7381,9680.92
CUST001548,4704,0.5669,2666.7
CUST001549,173628,0.1728,30002.92
CUST001550,17676,0.6195,10950.28
CUST001551,59328,0.1213,7196.49
CUST001552,265920,0.2693,71612.26
CUST001553,22188,0.0179,397.17
CUST001554,19908,0.1978,3937.8
CUST001555,253944,0.52,132050.88
CUST001556,55056,0.2377,13086.81
CUST001557,8568,0.0512,438.68
CUST001558,23592,0.0199,469.48
CUST001559,18432,0.1541,2840.37
CUST001560,149016,0.2416,36002.27
CUST001561,56364,0.7963,44882.65
CUST001562,1440,0.2715,390.96
CUST001563,216444,0.6501,140710.24
CUST001564,73764,0.6796,50130.01
CUST001565,84396,0.5263,44417.61
CUST001566,51780,0.552,28582.56
CUST001567,13332,0.4612,6148.72
CUST001568,9444,0.8915,8419.33
CUST001569,32280,0.9385,30294.78
CUST001570,20016,0.4036,8078.46
CUST001571,92004,0.725,66702.9
CUST001572,68424,0.199,13616.38
CUST001573,41868,0.5964,24970.08
CUST001574,32604,0.5415,17655.07
CUST001575,15552,0.9343,14530.23
CUST001576,75780,0.3596,27250.49
CUST001577,1896,0.0939,178.03
CUST001578,17832,0.2842,5067.85
CUST001579,33732,0.9465,31927.34
CUST001580,95064,0.3084,29317.74
CUST001581,31428,0.5507,17307.4
CUST001582,13740,0.5162,7092.59
CUST001583,7200,0.5046,3633.12
CUST001584,20988,0.773,16223.72
CUST001585,14772,0.4925,7275.21
CUST001586,84252,0.8394,70721.13
CUST001587,235536,0.6327,149023.63
CUST001588,16944,0.8902,15083.55
CUST001589,8268,0.8794,7270.88
CUST001590,40488,0.2879,11656.5
CUST001591,19380,0.9486,18383.87
CUST001592,9120,0.6106,5568.67
CUST001593,2112,0.4096,865.08
CUST001594,5124,0.261,1337.36
CUST001595,10680,0.166,1772.88
CUST001596,16908,0.837,14152.0
CUST001597,6300,0.3243,2043.09
CUST001598,11772,0.6995,8234.51
CUST001599,229476,0.0551,12644.13
CUST001600,9492,0.5129,4868.45
CUST001601,260916,0.4838,126231.16
CUST001602,21720,0.5765,12521.58
CUST001603,7920,0.7086,5612.11
CUST001604,85056,0.2513,21374.57
CUST001605,63228,0.4714,29805.68
CUST001606,2196,0.2778,610.05
CUST001607,78768,0.4718,37162.74
CUST001608,19656,0.7933,15593.1
CUST001609,76968,0.7426,57156.44
CUST001610,49008,0.2166,10615.13
CUST001611,27684,0.613,16970.29
CUST001612,169080,0.2262,38245.9
CUST001613,8064,0.3403,2744.18
CUST001614,1200,0.313,375.6
CUST001615,51828,0.664,34413.79
CUST001616,22104,0.4154,9182.0
CUST001617,17484,0.0867,1515.86
CUST001618,64008,0.7999,51200.0
CUST001619,92004,0.3197,29413.68
CUST001620,16860,0.498,8396.28
CUST001621,45852,0.5778,26493.29
CUST001622,277332,0.6365,176521.82
CUST001623,297696,0.7848,233631.82
CUST001624,71544,0.7505,53693.77
CUST001625,91752,0.5532,50757.21
CUST001626,123288,0.8786,108320.84
CUST001627,79656,0.4405,35088.47
CUST001628,14568,0.8716,12697.47
CUST001629,21528,0.3792,8163.42
CUST001630,64140,0.807,51760.98
CUST001631,202404,0.9447,191211.06
CUST001632,30336,0.6147,18647.54
CUST001633,177924,0.9426,167711.16
CUST001634,77724,0.1737,13500.66
CUST001635,15552,0.8886,13819.51
CUST001636,13848,0.184,2548.03
CUST001637,15756,0.7238,11404.19
CUST001638,38880,0.3644,14167.87
CUST001639,3780,0.1866,705.35
CUST001640,13848,0.5905,8177.24
CUST001641,2784,0.4978,1385.88
CUST001642,21504,0.7767,16702.16
CUST001643,72288,0.7657,55350.92
CUST001644,14712,0.8407,12368.38
CUST001645,1776,0.9437,1676.01
CUST001646,4344,0.4634,2013.01
CUST001647,55704,0.0304,1693.4
CUST001648,190368,0.4447,84656.65
CUST001649,252048,0.7922,199672.43
CUST001650,18636,0.0813,1515.11
CUST001651,38436,0.4558,17519.13
CUST001652,22020,0.8404,18505.61
CUST001653,37356,0.6055,22619.06
CUST001654,58524,0.8656,50658.37
CUST001655,8748,0.3881,3395.1
CUST001656,15264,0.6679,10194.83
CUST001657,51348,0.3263,16754.85
CUST001658,22908,0.786,18005.69
CUST001659,57180,0.5123,29293.31
CUST001660,7548,0.8856,6684.51
CUST001661,82392,0.4549,37480.12
CUST001662,178896,0.3755,67175.45
CUST001663,9384,0.0524,491.72
CUST001664,4452,0.3803,1693.1
CUST001665,18288,0.4798,8774.58
CUST001666,243588,0.3883,94585.22
CUST001667,23412,0.8005,18741.31
CUST001668,75600,0.333,25174.8
CUST001669,2280,0.794,1810.32
CUST001670,8136,0.8497,6913.16
CUST001671,10776,0.6372,6866.47
CUST001672,19416,0.6744,13094.15
CUST001673,22056,0.7683,16945.62
CUST001674,54720,0.3528,19305.22
CUST001675,19632,0.743,14586.58
CUST001676,122952,0.7729,95029.6
CUST001677,107136,0.0514,5506.79
CUST001678,39192,0.3042,11922.21
CUST001679,78600,0.7065,55530.9
CUST001680,8880,0.9402,8348.98
CUST001681,15420,0.3885,5990.67
CUST001682,69828,0.612,42734.74
CUST001683,27996,0.3297,9230.28
CUST001684,51348,0.5457,28020.6
CUST001685,22848,0.291,6648.77
CUST001686,31344,0.1994,6249.99
CUST001687,19836,0.9113,18076.55
CUST001688,36996,0.4234,15664.11
CUST001689,91920,0.8644,79455.65
CUST001690,91500,0.1473,13477.95
CUST001691,24264,0.179,4343.26
CUST001692,171720,0.4405,75642.66
CUST001693,23316,0.0521,1214.76
CUST001694,7308,0.2511,1835.04
CUST001695,224124,0.3946,88439.33
CUST001696,216456,0.3097,67036.42
CUST001697,63492,0.4157,26393.62
CUST001698,95064,0.4967,47218.29
CUST001699,86676,0.81,70207.56
CUST001700,53820,0.8044,43292.81
CUST001701,22692,0.5668,12861.83
CUST001702,76068,0.2843,21626.13
CUST001703,45084,0.0903,4071.09
CUST001704,46908,0.3349,15709.49
CUST001705,8868,0.1954,1732.81
CUST001706,23712,0.7836,18580.72
CUST001707,148452,0.3112,46198.26
CUST001708,88656,0.1536,13617.56
CUST001709,14028,0.3549,4978.54
CUST001710,22980,0.6915,15890.67
CUST001711,4440,0.4139,1837.72
CUST001712,48096,0.27,12985.92
CUST001713,37056,0.0906,3357.27
CUST001714,272736,0.4095,111685.39
CUST001715,10548,0.1298,1369.13
CUST001716,11568,0.2395,2770.54
CUST001717,25920,0.5733,14859.94
CUST001718,21456,0.2482,5325.38
CUST001719,94308,0.5441,51312.98
CUST001720,29484,0.1392,4104.17
CUST001721,75468,0.8997,67898.56
CUST001722,81396,0.1849,15050.12
CUST001723,6684,0.3521,2353.44
CUST001724,8976,0.9217,8273.18
CUST001725,93816,0.6793,63729.21
CUST001726,88608,0.9452,83752.28
CUST001727,21960,0.0497,1091.41
CUST001728,7728,0.1969,1521.64
CUST001729,14844,0.3163,4695.16
CUST001730,22500,0.3289,7400.25
CUST001731,33168,0.8009,26564.25
CUST001732,21252,0.2508,5330.0
CUST001733,59136,0.391,23122.18
CUST001734,19500,0.1999,3898.05
CUST001735,175980,0.2268,39912.26
CUST001736,91416,0.0129,1179.27
CUST001737,14724,0.2969,4371.56
CUST001738,30864,0.4646,14339.41
CUST001739,254724,0.4771,121528.82
CUST001740,270048,0.7418,200321.61
CUST001741,9048,0.2917,2639.3
CUST001742,44616,0.5455,24338.03
CUST001743,3684,0.8056,2967.83
CUST001744,93828,0.144,13511.23
CUST001745,3636,0.458,1665.29
CUST001746,257832,0.4531,116823.68
CUST001747,13668,0.3662,5005.22
CUST001748,15648,0.6874,10756.44
CUST001749,51828,0.6968,36113.75
CUST001750,180828,0.111,20071.91
CUST001751,11112,0.2892,3213.59
CUST001752,18300,0.8669,15864.27
CUST001753,1608,0.4188,673.43
CUST001754,12528,0.6344,7947.76
CUST001755,19716,0.1624,3201.88
CUST001756,2484,0.5503,1366.95
CUST001757,9276,0.8865,8223.17
CUST001758,208140,0.9129,190011.01
CUST001759,16176,0.0805,1302.17
CUST001760,23688,0.4577,10842.0
CUST001761,159300,0.0582,9271.26
CUST001762,20664,0.5989,12375.67
CUST001763,4308,0.7694,3314.58
CUST001764,8112,0.8011,6498.52
CUST001765,263304,0.8803,231786.51
CUST001766,8304,0.2648,2198.9
CUST001767,102576,0.057,5846.83
CUST001768,3348,0.1997,668.6
CUST001769,185844,0.1376,25572.13
CUST001770,187308,0.8138,152431.25
CUST001771,76764,0.9427,72365.42
CUST001772,64872,0.5223,33882.65
CUST001773,12804,0.842,10780.97
CUST001774,226740,0.1124,25485.58
CUST001775,63852,0.0529,3377.77
CUST001776,162468,0.785,127537.38
CUST001777,68952,0.4077,28111.73
CUST001778,18828,0.3406,6412.82
CUST001779,9792,0.5819,5697.96
CUST001780,14076,0.5347,7526.44
CUST001781,22344,0.3809,8510.83
CUST001782,15348,0.2379,3651.29
CUST001783,59208,0.3942,23339.79
CUST001784,5436,0.2618,1423.14
CUST001785,296352,0.0757,22433.85
CUST001786,27912,0.288,8038.66
CUST001787,15624,0.5297,8276.03
CUST001788,15000,0.51,7650.0
CUST001789,3612,0.4341,1567.97
CUST001790,12492,0.1595,1992.47
CUST001791,35556,0.3983,14161.95
CUST001792,263820,0.4009,105765.44
CUST001793,86760,0.8279,71828.6
CUST001794,11556,0.7871,9095.73
CUST001795,247440,0.8435,208715.64
CUST001796,10164,0.4484,4557.54
CUST001797,9276,0.1675,1553.73
CUST001798,207768,0.5758,119632.81
CUST001799,4656,0.5736,2670.68
CUST001800,20376,0.2206,4494.95
CUST001801,54660,0.9445,51626.37
CUST001802,41904,0.5971,25020.88
CUST001803,239580,0.5325,127576.35
CUST001804,11532,0.3493,4028.13
CUST001805,9840,0.6093,5995.51
CUST001806,83016,0.7401,61440.14
CUST001807,56328,0.4736,26676.94
CUST001808,187728,0.7145,134131.66
CUST001809,9228,0.4149,3828.7
CUST001810,13188,0.2677,3530.43
CUST001811,158640,0.5023,79684.87
CUST001812,63288,0.2134,13505.66
CUST001813,282804,0.9014,254919.53
CUST001814,49044,0.4963,24340.54
CUST001815,18252,0.7797,14231.08
CUST001816,23496,0.1005,2361.35
CUST001817,10644,0.7663,8156.5
CUST001818,86316,0.6618,57123.93
CUST001819,81624,0.8987,73355.49
CUST001820,14352,0.0142,203.8
CUST001821,1392,0.6529,908.84
CUST001822,16992,0.5238,8900.41
CUST001823,15660,0.1063,1664.66
CUST001824,8292,0.2725,2259.57
CUST001825,220224,0.3003,66133.27
CUST001826,16632,0.2684,4464.03
CUST001827,2916,0.2693,785.28
CUST001828,17004,0.6865,11673.25
CUST001829,24552,0.4788,11755.5
CUST001830,95940,0.5683,54522.7
CUST001831,26040,0.6476,16863.5
CUST001832,86004,0.6874,59119.15
CUST001833,14736,0.8205,12090.89
CUST001834,45756,0.2755,12605.78
CUST001835,14448,0.0905,1307.54
CUST001836,92268,0.0293,2703.45
CUST001837,93696,0.5178,48515.79
CUST001838,80868,0.6461,52248.81
CUST001839,8328,0.2852,2375.15
CUST001840,23328,0.3607,8414.41
CUST001841,41592,0.4285,17822.17
CUST001842,77160,0.1757,13557.01
CUST001843,17148,0.7492,12847.28
CUST001844,85128,0.357,30390.7
CUST001845,21648,0.9437,20429.22
CUST001846,1560,0.1259,196.4
CUST001847,20004,0.8227,16457.29
CUST001848,2412,0.0601,144.96
CUST001849,16968,0.2703,4586.45
CUST001850,18912,0.7018,13272.44
CUST001851,64656,0.509,32909.9
CUST001852,90120,0.2694,24278.33
CUST001853,52152,0.7877,41080.13
CUST001854,191172,0.23,43969.56
CUST001855,86004,0.1623,13958.45
CUST001856,11028,0.7545,8320.63
CUST001857,235764,0.196,46209.74
CUST001858,17976,0.025,449.4
CUST001859,13872,0.2582,3581.75
CUST001860,13068,0.8692,11358.71
CUST001861,58704,0.7016,41186.73
CUST001862,127488,0.0771,9829.32
CUST001863,15036,0.8066,12128.04
CUST001864,10332,0.8898,9193.41
CUST001865,17952,0.1684,3023.12
CUST001866,148512,0.4773,70884.78
CUST001867,66348,0.604,40074.19
CUST001868,278868,0.6786,189239.82
CUST001869,91788,0.8468,77726.08
CUST001870,14436,0.9356,13506.32
CUST001871,96900,0.2339,22664.91
CUST001872,7776,0.6999,5442.42
CUST001873,23352,0.219,5114.09
CUST001874,260436,0.2659,69249.93
CUST001875,175512,0.4337,76119.55
CUST001876,61512,0.6207,38180.5
CUST001877,54780,0.8647,47368.27
CUST001878,48408,0.7987,38663.47
CUST001879,174960,0.4006,70088.98
CUST001880,88356,0.177,15639.01
CUST001881,7968,0.5163,4113.88
CUST001882,16812,0.8702,14629.8
CUST001883,17160,0.5785,9927.06
CUST001884,21564,0.5003,10788.47
CUST001885,12852,0.2005,2576.83
CUST001886,91008,0.85,77356.8
CUST001887,185412,0.2799,51896.82
CUST001888,22224,0.1814,4031.43
CUST001889,95808,0.011,1053.89
CUST001890,8616,0.4204,3622.17
CUST001891,8184,0.8786,7190.46
CUST001892,7200,0.4529,3260.88
CUST001893,196944,0.2178,42894.4
CUST001894,14556,0.547,7962.13
CUST001895,105252,0.6768,71234.55
CUST001896,16572,0.608,10075.78
CUST001897,86796,0.1061,9209.06
CUST001898,1788,0.3111,556.25
CUST001899,45672,0.8558,39086.1
CUST001900,164964,0.109,17981.08
CUST001901,5304,0.9016,4782.09
CUST001902,70728,0.0518,3663.71
CUST001903,13044,0.6171,8049.45
CUST001904,20292,0.4857,9855.82
CUST001905,23928,0.6234,14916.72
CUST001906,14112,0.2821,3981.0
CUST001907,1380,0.8417,1161.55
CUST001908,6960,0.5275,3671.4
CUST001909,57276,0.6314,36164.07
CUST001910,72072,0.3176,22890.07
CUST001911,240852,0.7941,191260.57
CUST001912,88584,0.6514,57703.62
CUST001913,46500,0.2936,13652.4
CUST001914,21060,0.6238,13137.23
CUST001915,267864,0.0311,8330.57
CUST001916,92004,0.3411,31382.56
CUST001917,7812,0.5487,4286.44
CUST001918,57576,0.9365,53919.92
CUST001919,69984,0.3201,22401.88
CUST001920,89484,0.1566,14013.19
CUST001921,23640,0.1782,4212.65
CUST001922,58176,0.3077,17900.76
CUST001923,19488,0.6748,13150.5
CUST001924,5232,0.7809,4085.67
CUST001925,23580,0.7988,18835.7
CUST001926,210972,0.0744,15696.32
CUST001927,70416,0.6534,46009.81
CUST001928,9732,0.5053,4917.58
CUST001929,21804,0.9324,20330.05
CUST001930,5952,0.062,369.02
CUST001931,6936,0.0829,574.99
CUST001932,3636,0.308,1119.89
CUST001933,27216,0.7018,19100.19
CUST001934,92676,0.7243,67125.23
CUST001935,249732,0.4188,104587.76
CUST001936,11604,0.3852,4469.86
CUST001937,32604,0.2392,7798.88
CUST001938,22440,0.9207,20660.51
CUST001939,33024,0.3302,10904.52
CUST001940,73596,0.7739,56955.94
CUST001941,37608,0.1353,5088.36
CUST001942,258336,0.358,92484.29
CUST001943,108480,0.5053,54814.94
CUST001944,2964,0.5619,1665.47
CUST001945,59868,0.9279,55551.52
CUST001946,88692,0.7643,67787.3
CUST001947,9600,0.3649,3503.04
CUST001948,93828,0.8183,76779.45
CUST001949,4764,0.4999,2381.52
CUST001950,43140,0.6957,30012.5
CUST001951,2688,0.2303,619.05
CUST001952,15120,0.1221,1846.15
CUST001953,72144,0.7172,51741.68
CUST001954,46236,0.5612,25947.64
CUST001955,266292,0.7776,207068.66
CUST001956,87204,0.6958,60676.54
CUST001957,9420,0.3542,3336.56
CUST001958,8148,0.3111,2534.84
CUST001959,80580,0.6985,56285.13
CUST001960,202452,0.5395,109222.85
CUST001961,42276,0.4933,20854.75
CUST001962,9084,0.0535,485.99
CUST001963,39984,0.7202,28796.48
CUST001964,54216,0.3249,17614.78
CUST001965,29760,0.3059,9103.58
CUST001966,16692,0.5334,8903.51
CUST001967,1332,0.6268,834.9
CUST001968,19776,0.218,4311.17
CUST001969,7860,0.1839,1445.45
CUST001970,88320,0.6763,59730.82
CUST001971,8928,0.8797,7853.96
CUST001972,11868,0.8127,9645.12
CUST001973,95640,0.5519,52783.72
CUST001974,50196,0.2573,12915.43
CUST001975,131580,0.6591,86724.38
CUST001976,16476,0.2077,3422.07
CUST001977,17568,0.0483,848.53
CUST001978,74424,0.5989,44572.53
CUST001979,13476,0.6115,8240.57
CUST001980,13620,0.6517,8876.15
CUST001981,61740,0.6448,39809.95
CUST001982,14160,0.7907,11196.31
CUST001983,49428,0.9109,45023.97
CUST001984,82560,0.484,39959.04
CUST001985,13716,0.377,5170.93
CUST001986,94656,0.5947,56291.92
CUST001987,279552,0.3156,88226.61
CUST001988,80388,0.9304,74793.0
CUST001989,96984,0.4289,41596.44
CUST001990,16968,0.8513,14444.86
CUST001991,20556,0.2959,6082.52
CUST001992,46680,0.8822,41181.1
CUST001993,93816,0.1053,9878.82
CUST001994,25584,0.4534,11599.79
CUST001995,88476,0.7266,64286.66
CUST001996,9108,0.6706,6107.82
CUST001997,58812,0.4377,25742.01
CUST001998,56676,0.7118,40341.98
CUST001999,15444,0.4785,7389.95
CUST002000,2100,0.815,1711.5
CUST002001,34380,0.4028,13848.26
CUST002002,61500,0.4334,26654.1
CUST002003,54912,0.9305,51095.62
CUST002004,61152,0.4422,27041.41
CUST002005,13392,0.2783,3726.99
CUST002006,66048,0.7992,52785.56
CUST002007,54048,0.4152,22440.73
CUST002008,202968,0.1972,40025.29
CUST002009,81984,0.4541,37228.93
CUST002010,18492,0.3855,7128.67
CUST002011,209664,0.6288,131836.72
CUST002012,14628,0.6504,9514.05
CUST002013,53448,0.3402,18183.01
CUST002014,8328,0.8009,6669.9
CUST002015,46536,0.8508,39592.83
CUST002016,3852,0.7728,2976.83
CUST002017,1452,0.2896,420.5
CUST002018,56076,0.3998,22419.18
CUST002019,267960,0.2682,71866.87
CUST002020,78348,0.3224,25259.4
CUST002021,24264,0.888,21546.43
CUST002022,22980,0.0734,1686.73
CUST002023,256584,0.8175,209757.42
CUST002024,9240,0.1631,1507.04
CUST002025,185904,0.1706,31715.22
CUST002026,6816,0.2065,1407.5
CUST002027,6216,0.0865,537.68
CUST002028,85500,0.1887,16133.85
CUST002029,12312,0.0699,860.61
CUST002030,95076,0.3355,31898.0
CUST002031,263376,0.2516,66265.4
CUST002032,6684,0.7167,4790.42
CUST002033,8664,0.9431,8171.02
CUST002034,22788,0.4334,9876.32
CUST002035,76644,0.9028,69194.2
CUST002036,189048,0.4523,85506.41
CUST002037,54360,0.4182,22733.35
CUST002038,77280,0.1768,13663.1
CUST002039,87228,0.025,2180.7
CUST002040,12792,0.4779,6113.3
CUST002041,11544,0.4935,5696.96
CUST002042,49104,0.8356,41031.3
CUST002043,4548,0.1408,640.36
CUST002044,7584,0.3039,2304.78
CUST002045,59124,0.7178,42439.21
CUST002046,121980,0.3673,44803.25
CUST002047,57264,0.5171,29611.21
CUST002048,13488,0.0669,902.35
CUST002049,3660,0.7291,2668.51
CUST002050,29616,0.0162,479.78
CUST002051,12612,0.5576,7032.45
CUST002052,70704,0.8611,60883.21
CUST002053,15720,0.2799,4400.03
CUST002054,22164,0.0317,702.6
CUST002055,88884,0.2553,22692.09
CUST002056,19620,0.5736,11254.03
CUST002057,6528,0.0803,524.2
CUST002058,2304,0.1757,404.81
CUST002059,65388,0.1219,7970.8
CUST002060,59196,0.7333,43408.43
CUST002061,53292,0.2292,12214.53
CUST002062,3780,0.2273,859.19
CUST002063,68940,0.9431,65017.31
CUST002064,17844,0.8477,15126.36
CUST002065,146556,0.2857,41871.05
CUST002066,50076,0.6879,34447.28
CUST002067,85740,0.1136,9740.06
CUST002068,12564,0.5713,7177.81
CUST002069,92544,0.06,5552.64
CUST002070,287556,0.4057,116661.47
CUST002071,55824,0.5769,32204.87
CUST002072,85224,0.0854,7278.13
CUST002073,13884,0.4086,5673.0
CUST002074,22392,0.5608,12557.43
CUST002075,72372,0.2858,20683.92
CUST002076,11160,0.4309,4808.84
CUST002077,79248,0.3116,24693.68
CUST002078,19848,0.9264,18387.19
CUST002079,9792,0.3164,3098.19
CUST002080,4932,0.3005,1482.07
CUST002081,82224,0.8318,68393.92
CUST002082,147012,0.8833,129855.7
CUST002083,18624,0.9419,17541.95
CUST002084,13056,0.9158,11956.68
CUST002085,62232,0.1788,11127.08
CUST002086,73404,0.4341,31864.68
CUST002087,19440,0.0417,810.65
CUST002088,19584,0.3177,6221.84
CUST002089,21720,0.6,13032.0
CUST002090,94680,0.0122,1155.1
CUST002091,16932,0.2048,3467.67
CUST002092,19032,0.6099,11607.62
CUST002093,72924,0.8577,62546.91
CUST002094,23064,0.837,19304.57
CUST002095,20028,0.8234,16491.06
CUST002096,55752,0.4025,22440.18
CUST002097,8724,0.7559,6594.47
CUST002098,86880,0.0208,1807.1
CUST002099,17604,0.477,8397.11
CUST002100,89100,0.8554,76216.14
CUST002101,230976,0.1251,28895.1
CUST002102,20520,0.506,10383.12
CUST002103,155376,0.9489,147436.29
CUST002104,17460,0.6115,10676.79
CUST002105,71580,0.9238,66125.6
CUST002106,55524,0.9183,50987.69
CUST002107,14568,0.0843,1228.08
CUST002108,18432,0.7309,13471.95
CUST002109,20172,0.0799,1611.74
CUST002110,6780,0.0346,234.59
CUST002111,68340,0.1918,13107.61
CUST002112,4380,0.5902,2585.08
CUST002113,19824,0.5825,11547.48
CUST002114,23964,0.4476,10726.29
CUST002115,20820,0.5452,11351.06
CUST002116,269592,0.6028,162510.06
CUST002117,50232,0.0233,1170.41
CUST002118,56952,0.1562,8895.9
CUST002119,23388,0.5748,13443.42
CUST002120,14628,0.0552,807.47
CUST002121,235740,0.7416,174824.78
CUST002122,272796,0.7022,191557.35
CUST002123,4680,0.4316,2019.89
CUST002124,22800,0.86,19608.0
CUST002125,38484,0.5935,22840.25
CUST002126,23352,0.3198,7467.97
CUST002127,9192,0.6098,5605.28
CUST002128,1428,0.0131,18.71
CUST002129,22332,0.3473,7755.9
CUST002130,252324,0.7482,188788.82
CUST002131,93312,0.7151,66727.41
CUST002132,161988,0.4392,71145.13
CUST002133,3840,0.4367,1676.93
CUST002134,3348,0.0373,124.88
CUST002135,14172,0.2986,4231.76
CUST002136,11220,0.4542,5096.12
CUST002137,13848,0.5559,7698.1
CUST002138,239952,0.0652,15644.87
CUST002139,12612,0.6335,7989.7
CUST002140,16908,0.7283,12314.1
CUST002141,5592,0.2884,1612.73
CUST002142,12984,0.6986,9070.62
CUST002143,48552,0.3233,15696.86
CUST002144,181320,0.334,60560.88
CUST002145,193896,0.2923,56675.8
CUST002146,15576,0.8992,14005.94
CUST002147,18396,0.6417,11804.71
CUST002148,85368,0.7721,65912.63
CUST002149,42996,0.3912,16820.04
CUST002150,2364,0.8697,2055.97
CUST002151,3276,0.8733,2860.93
CUST002152,75864,0.4295,32583.59
CUST002153,35688,0.9245,32993.56
CUST002154,15852,0.6922,10972.75
CUST002155,40572,0.0529,2146.26
CUST002156,13272,0.6745,8951.96
CUST002157,108516,0.1485,16114.63
CUST002158,13356,0.232,3098.59
CUST002159,19980,0.9147,18275.71
CUST002160,13872,0.48,6658.56
CUST002161,19584,0.2287,4478.86
CUST002162,81156,0.243,19720.91
CUST002163,212160,0.4544,96405.5
CUST002164,175548,0.3391,59528.33
CUST002165,14544,0.2482,3609.82
CUST002166,18444,0.4611,8504.53
CUST002167,293496,0.8296,243484.28
CUST002168,9972,0.0527,525.52
CUST002169,65496,0.6017,39408.94
CUST002170,13872,0.7194,9979.52
CUST002171,17232,0.8683,14962.55
CUST002172,91848,0.899,82571.35
CUST002173,18204,0.2459,4476.36
CUST002174,237492,0.4257,101100.34
CUST002175,133212,0.3545,47223.65
CUST002176,60744,0.5577,33876.93
CUST002177,16068,0.6178,9926.81
CUST002178,111600,0.8854,98810.64
CUST002179,21336,0.6597,14075.36
CUST002180,13656,0.1391,1899.55
CUST002181,69168,0.3501,24215.72
CUST002182,202416,0.9382,189906.69
CUST002183,27096,0.8134,22039.89
CUST002184,94512,0.3483,32918.53
CUST002185,11796,0.1869,2204.67
CUST002186,47520,0.5151,24477.55
CUST002187,242532,0.632,153280.22
CUST002188,245100,0.3976,97451.76
CUST002189,4008,0.4547,1822.44
CUST002190,83808,0.3678,30824.58
CUST002191,17088,0.4345,7424.74
CUST002192,40068,0.2673,10710.18
CUST002193,8820,0.6082,5364.32
CUST002194,91092,0.3281,29887.29
CUST002195,51120,0.0133,679.9
CUST002196,186672,0.544,101549.57
CUST002197,38880,0.4188,16282.94
CUST002198,191400,0.0184,3521.76
CUST002199,23724,0.0163,386.7
CUST002200,269784,0.6674,180053.84
CUST002201,68052,0.3607,24546.36
CUST002202,298716,0.6529,195031.68
CUST002203,190788,0.2542,48498.31
CUST002204,6120,0.1779,1088.75
CUST002205,132744,0.5435,72146.36
CUST002206,3252,0.9234,3002.9
CUST002207,20976,0.8007,16795.48
CUST002208,16992,0.3986,6773.01
CUST002209,7128,0.7644,5448.64
CUST002210,4908,0.9148,4489.84
CUST002211,77256,0.5154,39817.74
CUST002212,88572,0.5894,52204.34
CUST002213,14148,0.3473,4913.6
CUST002214,1908,0.262,499.9
CUST002215,12216,0.2072,2531.16
CUST002216,67284,0.886,59613.62
CUST002217,14700,0.3808,5597.76
CUST002218,24240,0.6853,16611.67
CUST002219,19632,0.2573,5051.31
CUST002220,45384,0.924,41934.82
CUST002221,14112,0.3356,4735.99
CUST002222,8616,0.2751,2370.26
CUST002223,45216,0.2363,10684.54
CUST002224,5124,0.2566,1314.82
CUST002225,79956,0.0872,6972.16
CUST002226,15828,0.3462,5479.65
CUST002227,72924,0.7669,55925.42
CUST002228,46920,0.1973,9257.32
CUST002229,10776,0.5396,5814.73
CUST002230,13404,0.0772,1034.79
CUST002231,3732,0.9033,3371.12
CUST002232,23196,0.051,1183.0
CUST002233,38160,0.2008,7662.53
CUST002234,159432,0.5123,81677.01
CUST002235,72036,0.558,40196.09
CUST002236,76764,0.5081,39003.79
CUST002237,162024,0.5409,87638.78
CUST002238,33336,0.6049,20164.95
CUST002239,141348,0.7044,99565.53
CUST002240,30408,0.5925,18016.74
CUST002241,270480,0.2283,61750.58
CUST002242,10716,0.2246,2406.81
CUST002243,76236,0.4946,37706.33
CUST002244,20076,0.0554,1112.21
CUST002245,23820,0.2347,5590.55
CUST002246,91164,0.0587,5351.33
CUST002247,36000,0.6225,22410.0
CUST002248,1200,0.1998,239.76
CUST002249,273096,0.8738,238631.28
CUST002250,7812,0.3642,2845.13
CUST002251,21792,0.0851,1854.5
CUST002252,21108,0.8115,17129.14
CUST002253,20664,0.8085,16706.84
CUST002254,22752,0.0514,1169.45
CUST002255,10104,0.4304,4348.76
CUST002256,14124,0.0743,1049.41
CUST002257,23472,0.6657,15625.31
CUST002258,10644,0.1818,1935.08
CUST002259,23892,0.2618,6254.93
CUST002260,62784,0.2839,17824.38
CUST002261,205464,0.4509,92643.72
CUST002262,142416,0.2957,42112.41
CUST002263,217992,0.7112,155035.91
CUST002264,3756,0.7054,2649.48
CUST002265,76764,0.2732,20971.92
CUST002266,22464,0.5569,12510.2
CUST002267,117084,0.7764,90904.02
CUST002268,99588,0.2,19917.6
CUST002269,3264,0.6429,2098.43
CUST002270,6816,0.9298,6337.52
CUST002271,111336,0.6907,76899.78
CUST002272,182772,0.7236,132253.82
CUST002273,52428,0.1266,6637.38
CUST002274,4764,0.8844,4213.28
CUST002275,18216,0.7382,13447.05
CUST002276,84000,0.4052,34036.8
CUST002277,225204,0.1836,41347.45
CUST002278,20760,0.6127,12719.65
CUST002279,74148,0.0368,2728.65
CUST002280,94368,0.4723,44570.01
CUST002281,94884,0.5508,52262.11
CUST002282,21108,0.7129,15047.89
CUST002283,15132,0.7134,10795.17
CUST002284,18312,0.1295,2371.4
CUST002285,75228,0.4098,30828.43
CUST002286,52080,0.7117,37065.34
CUST002287,11748,0.7548,8867.39
CUST002288,17316,0.1764,3054.54
CUST002289,3612,0.1584,572.14
CUST002290,3804,0.918,3492.07
CUST002291,207708,0.4266,88608.23
CUST002292,23868,0.1377,3286.62
CUST002293,4488,0.3611,1620.62
CUST002294,14004,0.0865,1211.35
CUST002295,194808,0.9115,177567.49
CUST002296,18156,0.1622,2944.9
CUST002297,7008,0.6153,4312.02
CUST002298,23820,0.4119,9811.46
CUST002299,47232,0.6867,32434.21
CUST002300,12360,0.5354,6617.54
CUST002301,19512,0.7317,14276.93
CUST002302,25992,0.64,16634.88
CUST002303,66312,0.8905,59050.84
CUST002304,79560,0.5171,41140.48
CUST002305,83844,0.0933,7822.65
CUST002306,24228,0.1012,2451.87
CUST002307,77448,0.3036,23513.21
CUST002308,6168,0.6029,3718.69
CUST002309,29448,0.4686,13799.33
CUST002310,89952,0.7003,62993.39
CUST002311,17544,0.5943,10426.4
CUST002312,4416,0.4179,1845.45
CUST002313,160884,0.7831,125988.26
CUST002314,37116,0.1524,5656.48
CUST002315,295356,0.5863,173167.22
CUST002316,71976,0.0598,4304.16
CUST002317,21336,0.0591,1260.96
CUST002318,77280,0.8881,68632.37
CUST002319,6996,0.1373,960.55
CUST002320,95868,0.5887,56437.49
CUST002321,11604,0.3806,4416.48
CUST002322,6216,0.1292,803.11
CUST002323,251172,0.0295,7409.57
CUST002324,185268,0.3092,57284.87
CUST002325,22212,0.3861,8576.05
CUST002326,82500,0.2843,23454.75
CUST002327,38712,0.8119,31430.27
CUST002328,6408,0.2607,1670.57
CUST002329,48528,0.8401,40768.37
CUST002330,24840,0.3544,8803.3
CUST002331,60492,0.4643,28086.44
CUST002332,175752,0.3478,61126.55
CUST002333,9948,0.8465,8420.98
CUST002334,20340,0.0217,441.38
CUST002335,133596,0.2218,29631.59
CUST002336,235908,0.5077,119770.49
CUST002337,9468,0.1033,978.04
CUST002338,22992,0.0141,324.19
CUST002339,11808,0.6407,7565.39
CUST002340,19152,0.5947,11389.69
CUST002341,9456,0.4171,3944.1
CUST002342,15768,0.8586,13538.4
CUST002343,88452,0.9011,79704.1
CUST002344,16584,0.4801,7961.98
CUST002345,8052,0.6813,5485.83
CUST002346,187332,0.6543,122571.33
CUST002347,95832,0.3465,33205.79
CUST002348,84588,0.1406,11893.07
CUST002349,1884,0.8036,1513.98
CUST002350,294408,0.667,196370.14
CUST002351,15648,0.6346,9930.22
CUST002352,19836,0.2663,5282.33
CUST002353,198696,0.6364,126450.13
CUST002354,19416,0.8191,15903.65
CUST002355,267600,0.1313,35135.88
CUST002356,5160,0.3473,1792.07
CUST002357,21996,0.427,9392.29
CUST002358,263196,0.9003,236955.36
CUST002359,128712,0.0116,1493.06
CUST002360,11280,0.6147,6933.82
CUST002361,11628,0.3268,3800.03
CUST002362,20268,0.4934,10000.23
CUST002363,83580,0.9213,77002.25
CUST002364,5544,0.336,1862.78
CUST002365,95376,0.2362,22527.81
CUST002366,12108,0.8492,10282.11
CUST002367,14712,0.9072,13346.73
CUST002368,9492,0.6534,6202.07
CUST002369,6348,0.3427,2175.46
CUST002370,86124,0.2537,21849.66
CUST002371,2796,0.3697,1033.68
CUST002372,41964,0.4201,17629.08
CUST002373,92280,0.805,74285.4
CUST002374,3180,0.3694,1174.69
CUST002375,19968,0.5134,10251.57
CUST002376,267120,0.7804,208460.45
CUST002377,22296,0.4829,10766.74
CUST002378,86220,0.1515,13062.33
CUST002379,26016,0.4994,12992.39
CUST002380,11952,0.7807,9330.93
CUST002381,23376,0.654,15287.9
CUST002382,76428,0.938,71689.46
CUST002383,8988,0.6497,5839.5
CUST002384,79680,0.6146,48971.33
CUST002385,3936,0.0388,152.72
CUST002386,9300,0.801,7449.3
CUST002387,17256,0.2253,3887.78
CUST002388,23352,0.6019,14055.57
CUST002389,23556,0.6115,14404.49
CUST002390,45276,0.552,24992.35
CUST002391,19164,0.1476,2828.61
CUST002392,20028,0.4585,9182.84
CUST002393,218220,0.6913,150855.49
CUST002394,17364,0.4224,7334.55
CUST002395,14844,0.322,4779.77
CUST002396,64860,0.2009,13030.37
CUST002397,27024,0.4653,12574.27
CUST002398,52608,0.6599,34716.02
CUST002399,32940,0.0827,2724.14
CUST002400,171888,0.5113,87886.33
CUST002401,10536,0.0808,851.31
CUST002402,27048,0.1096,2964.46
CUST002403,32724,0.3391,11096.71
CUST002404,15984,0.6917,11056.13
CUST002405,92592,0.1964,18185.07
CUST002406,11172,0.05,558.6
CUST002407,15984,0.8648,13822.96
CUST002408,2688,0.4898,1316.58
CUST002409,62040,0.739,45847.56
CUST002410,1896,0.4467,846.94
CUST002411,50712,0.5879,29813.58
CUST002412,20712,0.2255,4670.56
CUST002413,58548,0.37,21662.76
CUST002414,21468,0.5421,11637.8
CUST002415,4224,0.4128,1743.67
CUST002416,163524,0.8974,146746.44
CUST002417,23964,0.7122,17067.16
CUST002418,67536,0.1945,13135.75
CUST002419,86400,0.4705,40651.2
CUST002420,5568,0.6585,3666.53
CUST002421,10740,0.7894,8478.16
CUST002422,298464,0.7435,221907.98
CUST002423,74796,0.5379,40232.77
CUST002424,25128,0.2999,7535.89
CUST002425,10092,0.6956,7020.0
CUST002426,298272,0.368,109764.1
CUST002427,17652,0.6852,12095.15
CUST002428,90348,0.6324,57136.08
CUST002429,89256,0.7676,68512.91
CUST002430,50148,0.7402,37119.55
CUST002431,231096,0.3707,85667.29
CUST002432,9672,0.493,4768.3
CUST002433,1308,0.386,504.89
CUST002434,20232,0.8362,16918.0
CUST002435,7164,0.1159,830.31
CUST002436,10584,0.2423,2564.5
CUST002437,200088,0.7454,149145.6
CUST002438,68052,0.0952,6478.55
CUST002439,21552,0.5242,11297.56
CUST002440,9360,0.0569,532.58
CUST002441,40692,0.3782,15389.71
CUST002442,18408,0.8336,15344.91
CUST002443,16812,0.3849,6470.94
CUST002444,54288,0.2265,12296.23
CUST002445,154704,0.671,103806.38
CUST002446,292056,0.3612,105490.63
CUST002447,287004,0.1236,35473.69
CUST002448,184800,0.8131,150260.88
CUST002449,23712,0.9472,22460.01
CUST002450,10452,0.5382,5625.27
CUST002451,49788,0.681,33905.63
CUST002452,23892,0.3378,8070.72
CUST002453,6780,0.9409,6379.3
CUST002454,15720,0.5765,9062.58
CUST002455,221832,0.5189,115108.62
CUST002456,39600,0.0303,1199.88
CUST002457,16884,0.2461,4155.15
CUST002458,262596,0.4709,123656.46
CUST002459,27720,0.4826,13377.67
CUST002460,18696,0.2336,4367.39
CUST002461,25104,0.116,2912.06
CUST002462,4332,0.1939,839.97
CUST002463,22560,0.9263,20897.33
CUST002464,105840,0.024,2540.16
CUST002465,40104,0.6495,26047.55
CUST002466,37212,0.8097,30130.56
CUST002467,18444,0.6575,12126.93
CUST002468,13380,0.5392,7214.5
CUST002469,7380,0.1797,1326.19
CUST002470,7212,0.2665,1922.0
CUST002471,3720,0.1824,678.53
CUST002472,16908,0.1891,3197.3
CUST002473,23772,0.2434,5786.1
CUST002474,11448,0.7832,8966.07
CUST002475,1728,0.255,440.64
CUST002476,20388,0.6738,13737.43
CUST002477,81912,0.1401,11475.87
CUST002478,30828,0.1062,3273.93
CUST002479,20100,0.3182,6395.82
CUST002480,19944,0.4288,8551.99
CUST002481,10392,0.2597,2698.8
CUST002482,88080,0.4269,37601.35
CUST002483,163908,0.1204,19734.52
CUST002484,10860,0.9226,10019.44
CUST002485,124968,0.3726,46563.08
CUST002486,95940,0.5212,50003.93
CUST002487,10032,0.3013,3022.64
CUST002488,18036,0.57,10280.52
CUST002489,1632,0.7257,1184.34
CUST002490,182484,0.8582,156607.77
CUST002491,299892,0.5654,169558.94
CUST002492,178020,0.3542,63054.68
CUST002493,14532,0.5093,7401.15
CUST002494,23880,0.3304,7889.95
CUST002495,79428,0.2469,19610.77
CUST002496,31776,0.3515,11169.26
CUST002497,12816,0.4831,6191.41
CUST002498,27156,0.0481,1306.2
CUST002499,225276,0.5573,125546.31
CUST002500,19500,0.3819,7447.05
CUST002501,223512,0.058,12963.7
CUST002502,262632,0.0523,13735.65
CUST002503,88788,0.1652,14667.78
CUST002504,147132,0.5229,76935.32
CUST002505,131124,0.8234,107967.5
CUST002506,20664,0.4659,9627.36
CUST002507,44064,0.4796,21133.09
CUST002508,188112,0.6854,128931.96
CUST002509,59700,0.7537,44995.89
CUST002510,161652,0.471,76138.09
CUST002511,39900,0.5604,22359.96
CUST002512,19980,0.4322,8635.36
CUST002513,13500,0.4988,6733.8
CUST002514,31620,0.0392,1239.5
CUST002515,17088,0.4716,8058.7
CUST002516,27336,0.2462,6730.12
CUST002517,7992,0.8246,6590.2
CUST002518,1980,0.0423,83.75
CUST002519,19164,0.1298,2487.49
CUST002520,20760,0.936,19431.36
CUST002521,13068,0.1659,2167.98
CUST002522,14160,0.0625,885.0
CUST002523,14196,0.1963,2786.67
CUST002524,10968,0.711,7798.25
CUST002525,66732,0.9209,61453.5
CUST002526,13632,0.5535,7545.31
CUST002527,3012,0.2016,607.22
CUST002528,12888,0.5851,7540.77
CUST002529,109296,0.6276,68594.17
CUST002530,10956,0.5179,5674.11
CUST002531,90708,0.45,40818.6
CUST002532,72120,0.4772,34415.66
CUST002533,34548,0.5998,20721.89
CUST002534,14676,0.8426,12366.0
CUST002535,13428,0.2583,3468.45
CUST002536,68508,0.0951,6515.11
CUST002537,14568,0.9366,13644.39
CUST002538,22848,0.7657,17494.71
CUST002539,21240,0.1196,2540.3
CUST002540,93228,0.814,75887.59
CUST002541,22260,0.6046,13458.4
CUST002542,10284,0.1311,1348.23
CUST002543,5544,0.2391,1325.57
CUST002544,10848,0.7994,8671.89
CUST002545,122484,0.5745,70367.06
CUST002546,59844,0.5742,34362.42
CUST002547,18300,0.3271,5985.93
CUST002548,66792,0.5057,33776.71
CUST002549,6192,0.2961,1833.45
CUST002550,81492,0.1101,8972.27
CUST002551,12924,0.0549,709.53
CUST002552,58968,0.2791,16457.97
CUST002553,30852,0.9373,28917.58
CUST002554,5088,0.5672,2885.91
CUST002555,51732,0.4232,21892.98
CUST002556,271512,0.8393,227880.02
CUST002557,8352,0.6678,5577.47
CUST002558,2568,0.6603,1695.65
CUST002559,264120,0.831,219483.72
CUST002560,24156,0.6599,15940.54
CUST002561,83160,0.5591,46494.76
CUST002562,6648,0.8118,5396.85
CUST002563,269988,0.1558,42064.13
CUST002564,23556,0.6396,15066.42
CUST002565,13140,0.7753,10187.44
CUST002566,209868,0.2321,48710.36
CUST002567,19872,0.1768,3513.37
CUST002568,9348,0.5133,4798.33
CUST002569,275304,0.4388,120803.4
CUST002570,160968,0.6151,99011.42
CUST002571,94968,0.9329,88595.65
CUST002572,232980,0.3347,77978.41
CUST002573,18720,0.5135,9612.72
CUST002574,22008,0.2088,4595.27
CUST002575,1428,0.524,748.27
CUST002576,49860,0.4816,24012.58
CUST002577,79932,0.0911,7281.81
CUST002578,69360,0.9312,64588.03
CUST002579,5196,0.1406,730.56
CUST002580,19140,0.4531,8672.33
CUST002581,216636,0.4653,100800.73
CUST002582,60420,0.3395,20512.59
CUST002583,17928,0.5413,9704.43
CUST002584,13224,0.6026,7968.78
CUST002585,27360,0.3001,8210.74
CUST002586,170196,0.2531,43076.61
CUST002587,13500,0.3175,4286.25
CUST002588,26544,0.7296,19366.5
CUST002589,59532,0.2131,12686.27
CUST002590,8184,0.273,2234.23
CUST002591,66324,0.3581,23750.62
CUST002592,146568,0.6622,97057.33
CUST002593,14544,0.8586,12487.48
CUST002594,3204,0.3004,962.48
CUST002595,12240,0.6377,7805.45
CUST002596,72360,0.596,43126.56
CUST002597,82464,0.224,18471.94
CUST002598,34032,0.9312,31690.6
CUST002599,37032,0.5676,21019.36
CUST002600,12468,0.3647,4547.08
CUST002601,13296,0.7119,9465.42
CUST002602,55860,0.6953,38839.46
CUST002603,22152,0.5599,12402.9
CUST002604,79068,0.7138,56438.74
CUST002605,2340,0.5064,1184.98
CUST002606,89016,0.4091,36416.45
CUST002607,101256,0.1945,19694.29
CUST002608,12408,0.2029,2517.58
CUST002609,166872,0.782,130493.9
CUST002610,17664,0.8119,14341.4
CUST002611,68028,0.7242,49265.88
CUST002612,3264,0.1624,530.07
CUST002613,51924,0.7831,40661.68
CUST002614,17688,0.6414,11345.08
CUST002615,16044,0.229,3674.08
CUST002616,90888,0.2875,26130.3
CUST002617,15936,0.0461,734.65
CUST002618,62292,0.4452,27732.4
CUST002619,4992,0.8763,4374.49
CUST002620,13308,0.5081,6761.79
CUST002621,83172,0.4715,39215.6
CUST002622,15732,0.4514,7101.42
CUST002623,69852,0.7706,53827.95
CUST002624,84204,0.9458,79640.14
CUST002625,46908,0.784,36775.87
CUST002626,83316,0.7116,59287.67
CUST002627,88836,0.8703,77313.97
CUST002628,209292,0.6091,127479.76
CUST002629,10032,0.2304,2311.37
CUST002630,20172,0.0707,1426.16
CUST002631,18360,0.3548,6514.13
CUST002632,93240,0.7275,67832.1
CUST002633,71976,0.5383,38744.68
CUST002634,22464,0.6402,14381.45
CUST002635,9492,0.4293,4074.92
CUST002636,58188,0.6154,35808.9
CUST002637,94824,0.8238,78116.01
CUST002638,2412,0.7275,1754.73
CUST002639,275352,0.5171,142384.52
CUST002640,9192,0.8251,7584.32
CUST002641,17256,0.9085,15677.08
CUST002642,22872,0.6631,15166.42
CUST002643,88812,0.8472,75241.53
CUST002644,133476,0.7313,97611.0
CUST002645,19008,0.6405,12174.62
CUST002646,3756,0.5085,1909.93
CUST002647,62832,0.8824,55442.96
CUST002648,11604,0.6831,7926.69
CUST002649,8472,0.8883,7525.68
CUST002650,1968,0.4592,903.71
CUST002651,46596,0.6208,28926.8
CUST002652,23340,0.7649,17852.77
CUST002653,71064,0.1848,13132.63
CUST002654,200964,0.6077,122125.82
CUST002655,15468,0.6373,9857.76
CUST002656,124788,0.6047,75459.3
CUST002657,60588,0.2053,12438.72
CUST002658,66264,0.0994,6586.64
CUST002659,1644,0.3017,495.99
CUST002660,12768,0.8741,11160.51
CUST002661,1932,0.6844,1322.26
CUST002662,114768,0.7813,89668.24
CUST002663,22776,0.4281,9750.41
CUST002664,22968,0.159,3651.91
CUST002665,23808,0.7926,18870.22
CUST002666,242928,0.7258,176317.14
CUST002667,69396,0.7739,53705.56
CUST002668,18216,0.019,346.1
CUST002669,17256,0.1469,2534.91
CUST002670,23652,0.0416,983.92
CUST002671,291456,0.3322,96821.68
CUST002672,15252,0.6236,9511.15
CUST002673,8232,0.3447,2837.57
CUST002674,94080,0.7582,71331.46
CUST002675,5292,0.0546,288.94
CUST002676,6492,0.5188,3368.05
CUST002677,94020,0.103,9684.06
CUST002678,78564,0.18,14141.52
CUST002679,267708,0.4315,115516.0
CUST002680,10572,0.0725,766.47
CUST002681,90096,0.1078,9712.35
CUST002682,4884,0.4304,2102.07
CUST002683,258684,0.3891,100653.94
CUST002684,93480,0.7303,68268.44
CUST002685,59952,0.0639,3830.93
CUST002686,78180,0.2417,18896.11
CUST002687,15084,0.9141,13788.28
CUST002688,6204,0.8906,5525.28
CUST002689,76032,0.607,46151.42
CUST002690,181752,0.4457,81006.87
CUST002691,12816,0.3622,4641.96
CUST002692,68448,0.544,37235.71
CUST002693,22344,0.1148,2565.09
CUST002694,64488,0.9061,58432.58
CUST002695,2112,0.025,52.8
CUST002696,126696,0.8156,103333.26
CUST002697,20880,0.7051,14722.49
CUST002698,9996,0.4372,4370.25
CUST002699,14928,0.3679,5492.01
CUST002700,20448,0.0413,844.5
CUST002701,281676,0.8986,253114.05
CUST002702,5916,0.5295,3132.52
CUST002703,13680,0.5559,7604.71
CUST002704,13800,0.557,7686.6
CUST002705,111048,0.0573,6363.05
CUST002706,4944,0.8942,4420.92
CUST002707,15504,0.0644,998.46
CUST002708,1932,0.4165,804.68
CUST002709,82320,0.3828,31512.1
CUST002710,25944,0.5675,14723.22
CUST002711,27108,0.5144,13944.36
CUST002712,7896,0.0187,147.66
CUST002713,284628,0.2407,68509.96
CUST002714,67092,0.7519,50446.47
CUST002715,21048,0.4023,8467.61
CUST002716,215196,0.0747,16075.14
CUST002717,22440,0.1576,3536.54
CUST002718,1896,0.916,1736.74
CUST002719,254016,0.7983,202780.97
CUST002720,18468,0.7559,13959.96
CUST002721,19644,0.3962,7782.95
CUST002722,4032,0.5182,2089.38
CUST002723,16464,0.8358,13760.61
CUST002724,22140,0.6365,14092.11
CUST002725,92868,0.3939,36580.71
CUST002726,5016,0.4701,2358.02
CUST002727,5844,0.24,1402.56
CUST002728,11028,0.5232,5769.85
CUST002729,22884,0.917,20984.63
CUST002730,10764,0.2345,2524.16
CUST002731,15096,0.6127,9249.32
CUST002732,3420,0.7817,2673.41
CUST002733,10764,0.8072,8688.7
CUST002734,77196,0.4513,34838.55
CUST002735,92292,0.3616,33372.79
CUST002736,204900,0.3222,66018.78
CUST002737,8580,0.4504,3864.43
CUST002738,22944,0.4223,9689.25
CUST002739,74136,0.8861,65691.91
CUST002740,1212,0.5037,610.48
CUST002741,15120,0.3733,5644.3
CUST002742,16020,0.1462,2342.12
CUST002743,9804,0.7997,7840.26
CUST002744,143892,0.1402,20173.66
CUST002745,161460,0.1456,23508.58
CUST002746,21528,0.6405,13788.68
CUST002747,37392,0.2024,7568.14
CUST002748,17484,0.2488,4350.02
CUST002749,28704,0.3667,10525.76
CUST002750,16512,0.6309,10417.42
CUST002751,20700,0.4115,8518.05
CUST002752,23376,0.5974,13964.82
CUST002753,12540,0.2162,2711.15
CUST002754,231060,0.9076,209710.06
CUST002755,19116,0.8342,15946.57
CUST002756,15816,0.1199,1896.34
CUST002757,21216,0.1307,2772.93
CUST002758,20628,0.1545,3187.03
CUST002759,18876,0.3094,5840.23
CUST002760,35280,0.1949,6876.07
CUST002761,69708,0.5526,38520.64
CUST002762,6108,0.152,928.42
CUST002763,14100,0.78,10998.0
CUST002764,47352,0.7603,36001.73
CUST002765,17964,0.0562,1009.58
CUST002766,142428,0.1526,21734.51
CUST002767,63876,0.7581,48424.4
CUST002768,29340,0.555,16283.7
CUST002769,84072,0.593,49854.7
CUST002770,2856,0.2475,706.86
CUST002771,8508,0.0882,750.41
CUST002772,42600,0.1075,4579.5
CUST002773,73248,0.0213,1560.18
CUST002774,246612,0.7078,174551.97
CUST002775,62700,0.5852,36692.04
CUST002776,10860,0.7289,7915.85
CUST002777,16728,0.0135,225.83
CUST002778,1416,0.443,627.29
CUST002779,93000,0.2735,25435.5
CUST002780,10884,0.2791,3037.72
CUST002781,60960,0.069,4206.24
CUST002782,9468,0.6986,6614.34
CUST002783,88788,0.1036,9198.44
CUST002784,4824,0.1077,519.54
CUST002785,14796,0.1635,2419.15
CUST002786,183876,0.4009,73715.89
CUST002787,73680,0.5209,38379.91
CUST002788,24516,0.5224,12807.16
CUST002789,296328,0.7975,236321.58
CUST002790,13788,0.5138,7084.27
CUST002791,45516,0.8152,37104.64
CUST002792,11448,0.9296,10642.06
CUST002793,85956,0.703,60427.07
CUST002794,20220,0.7914,16002.11
CUST002795,17628,0.6826,12032.87
CUST002796,67128,0.0573,3846.43
CUST002797,20820,0.671,13970.22
CUST002798,78288,0.3212,25146.11
CUST002799,268872,0.1141,30678.3
CUST002800,8544,0.0886,757.0
CUST002801,33876,0.7917,26819.63
CUST002802,14748,0.7388,10895.82
CUST002803,63876,0.4444,28386.49
CUST002804,14928,0.9168,13685.99
CUST002805,67020,0.8975,60150.45
CUST002806,132756,0.3715,49318.85
CUST002807,42924,0.1689,7249.86
CUST002808,194832,0.2583,50325.11
CUST002809,31056,0.6181,19195.71
CUST002810,8700,0.7831,6812.97
CUST002811,20388,0.852,17370.58
CUST002812,94404,0.6294,59417.88
CUST002813,70008,0.5683,39785.55
CUST002814,84948,0.251,21321.95
CUST002815,248532,0.6537,162465.37
CUST002816,72384,0.867,62756.93
CUST002817,33492,0.5459,18283.28
CUST002818,9528,0.6983,6653.4
CUST002819,60972,0.6676,40704.91
CUST002820,18432,0.2103,3876.25
CUST002821,23076,0.3819,8812.72
CUST002822,51156,0.092,4706.35
CUST002823,23220,0.5723,13288.81
CUST002824,1956,0.9034,1767.05
CUST002825,47616,0.3588,17084.62
CUST002826,27888,0.7027,19596.9
CUST002827,57336,0.2807,16094.22
CUST002828,8808,0.6296,5545.52
CUST002829,283956,0.8361,237415.61
CUST002830,25212,0.2142,5400.41
CUST002831,71820,0.543,38998.26
CUST002832,21468,0.8647,18563.38
CUST002833,189840,0.4723,89661.43
CUST002834,15744,0.05,787.2
CUST002835,9720,0.7373,7166.56
CUST002836,19788,0.6247,12361.56
CUST002837,13272,0.161,2136.79
CUST002838,26688,0.8437,22516.67
CUST002839,18348,0.6156,11295.03
CUST002840,3372,0.2238,754.65
CUST002841,22596,0.3194,7217.16
CUST002842,17916,0.0633,1134.08
CUST002843,7908,0.3009,2379.52
CUST002844,217416,0.8658,188238.77
CUST002845,51840,0.3624,18786.82
CUST002846,71916,0.5138,36950.44
CUST002847,1572,0.079,124.19
CUST002848,143052,0.5828,83370.71
CUST002849,47844,0.7679,36739.41
CUST002850,4716,0.1646,776.25
CUST002851,18336,0.1958,3590.19
CUST002852,48972,0.2546,12468.27
CUST002853,39588,0.7026,27814.53
CUST002854,9876,0.5389,5322.18
CUST002855,14448,0.8252,11922.49
CUST002856,15348,0.1652,2535.49
CUST002857,6540,0.2253,1473.46
CUST002858,2868,0.0423,121.32
CUST002859,14316,0.7399,10592.41
CUST002860,89220,0.4481,39979.48
CUST002861,63672,0.7941,50561.94
CUST002862,60732,0.3288,19968.68
CUST002863,1560,0.0691,107.8
CUST002864,89760,0.7442,66799.39
CUST002865,63732,0.0192,1223.65
CUST002866,59016,0.3913,23092.96
CUST002867,16056,0.115,1846.44
CUST002868,21096,0.3065,6465.92
CUST002869,7260,0.1916,1391.02
CUST002870,116388,0.8628,100419.57
CUST002871,53088,0.6961,36954.56
CUST002872,3648,0.4959,1809.04
CUST002873,81108,0.0331,2684.67
CUST002874,3804,0.1863,708.69
CUST002875,69492,0.0786,5462.07
CUST002876,52956,0.6633,35125.71
CUST002877,219108,0.7246,158765.66
CUST002878,4080,0.2606,1063.25
CUST002879,49680,0.6639,32982.55
CUST002880,239316,0.316,75623.86
CUST002881,1716,0.3188,547.06
CUST002882,14952,0.7954,11892.82
CUST002883,94680,0.2235,21160.98
CUST002884,21396,0.0241,515.64
CUST002885,288828,0.8739,252406.79
CUST002886,30660,0.9359,28694.69
CUST002887,55920,0.4209,23536.73
CUST002888,5340,0.1364,728.38
CUST002889,42936,0.7873,33803.51
CUST002890,157356,0.2699,42470.38
CUST002891,88644,0.4101,36352.9
CUST002892,15204,0.7896,12005.08
CUST002893,5544,0.8955,4964.65
CUST002894,14532,0.3818,5548.32
CUST002895,19836,0.1124,2229.57
CUST002896,16308,0.3931,6410.67
CUST002897,217032,0.0708,15365.87
CUST002898,72012,0.048,3456.58
CUST002899,152268,0.3784,57618.21
CUST002900,21816,0.785,17125.56
CUST002901,55284,0.0126,696.58
CUST002902,2472,0.9089,2246.8
CUST002903,222660,0.3651,81293.17
CUST002904,6696,0.3951,2645.59
CUST002905,19416,0.0178,345.6
CUST002906,106068,0.8122,86148.43
CUST002907,79260,0.6943,55030.22
CUST002908,66252,0.2727,18066.92
CUST002909,13956,0.1692,2361.36
CUST002910,52464,0.3739,19616.29
CUST002911,21624,0.2166,4683.76
CUST002912,16716,0.0845,1412.5
CUST002913,91404,0.6826,62392.37
CUST002914,22296,0.3881,8653.08
CUST002915,89244,0.3725,33243.39
CUST002916,10848,0.0319,346.05
CUST002917,148800,0.4121,61320.48
CUST002918,154284,0.9364,144471.54
CUST002919,15216,0.0963,1465.3
CUST002920,12900,0.8693,11213.97
CUST002921,20124,0.1575,3169.53
CUST002922,11592,0.5515,6392.99
CUST002923,87132,0.2355,20519.59
CUST002924,205104,0.0759,15567.39
CUST002925,19188,0.5159,9899.09
CUST002926,2832,0.881,2494.99
CUST002927,66720,0.679,45302.88
CUST002928,15672,0.0592,927.78
CUST002929,14700,0.9237,13578.39
CUST002930,288264,0.2686,77427.71
CUST002931,20712,0.0854,1768.8
CUST002932,101856,0.2922,29762.32
CUST002933,8184,0.6286,5144.46
CUST002934,285228,0.0483,13776.51
CUST002935,11136,0.755,8407.68
CUST002936,20268,0.8239,16698.81
CUST002937,144192,0.3733,53826.87
CUST002938,74892,0.4286,32098.71
CUST002939,21120,0.7896,16676.35
CUST002940,231516,0.3148,72881.24
CUST002941,29280,0.1549,4535.47
CUST002942,17916,0.0925,1657.23
CUST002943,48864,0.8044,39306.2
CUST002944,74376,0.3239,24090.39
CUST002945,19044,0.8865,16882.51
CUST002946,8904,0.8172,7276.35
CUST002947,5916,0.3397,2009.67
CUST002948,49884,0.048,2394.43
CUST002949,40176,0.4788,19236.27
CUST002950,19764,0.7975,15761.79
CUST002951,66264,0.3282,21747.84
CUST002952,62040,0.9089,56388.16
CUST002953,12312,0.7459,9183.52
CUST002954,3000,0.72,2160.0
CUST002955,72264,0.7352,53128.49
CUST002956,103368,0.8134,84079.53
CUST002957,152868,0.2666,40754.61
CUST002958,50112,0.9036,45281.2
CUST002959,7296,0.0119,86.82
CUST002960,153780,0.6532,100449.1
CUST002961,17976,0.9409,16913.62
CUST002962,19560,0.0957,1871.89
CUST002963,23748,0.3307,7853.46
CUST002964,45264,0.782,35396.45
CUST002965,22152,0.4082,9042.45
CUST002966,64464,0.7466,48128.82
CUST002967,7848,0.8281,6498.93
CUST002968,13020,0.1918,2497.24
CUST002969,76740,0.1208,9270.19
CUST002970,43464,0.811,35249.3
CUST002971,9372,0.1763,1652.28
CUST002972,11376,0.0928,1055.69
CUST002973,10596,0.622,6590.71
CUST002974,10296,0.4802,4944.14
CUST002975,1464,0.0755,110.53
CUST002976,261720,0.3494,91444.97
CUST002977,1524,0.3663,558.24
CUST002978,21960,0.1191,2615.44
CUST002979,15876,0.8553,13578.74
CUST002980,114192,0.0438,5001.61
CUST002981,62172,0.2121,13186.68
CUST002982,21000,0.2293,4815.3
CUST002983,14292,0.946,13520.23
CUST002984,83868,0.7643,64100.31
CUST002985,19848,0.3604,7153.22
CUST002986,18468,0.6612,12211.04
CUST002987,10872,0.0253,275.06
CUST002988,5736,0.5693,3265.5
CUST002989,4020,0.5486,2205.37
CUST002990,208740,0.2133,44524.24
CUST002991,96384,0.1218,11739.57
CUST002992,57096,0.0299,1707.17
CUST002993,16248,0.8135,13217.75
CUST002994,12492,0.0721,900.67
CUST002995,43212,0.1038,4485.41
CUST002996,210468,0.0793,16690.11
CUST002997,29700,0.7926,23540.22
CUST002998,278772,0.9196,256358.73
CUST002999,20196,0.6541,13210.2
CUST003000,32532,0.2145,6978.11
CUST003001,77844,0.8369,65147.64
CUST003002,77868,0.8805,68562.77
CUST003003,16752,0.8648,14487.13
CUST003004,20544,0.3151,6473.41
CUST003005,49776,0.4091,20363.36
CUST003006,62700,0.8273,51871.71
CUST003007,21816,0.5734,12509.29
CUST003008,16368,0.3626,5935.04
CUST003009,15312,0.1905,2916.94
CUST003010,78708,0.1963,15450.38
CUST003011,68868,0.781,53785.91
CUST003012,21252,0.5739,12196.52
CUST003013,13812,0.6444,8900.45
CUST003014,110256,0.7718,85095.58
CUST003015,20388,0.1807,3684.11
CUST003016,87300,0.2925,25535.25
CUST003017,40596,0.4613,18726.93
CUST003018,88152,0.1486,13099.39
CUST003019,81996,0.436,35750.26
CUST003020,17184,0.5485,9425.42
CUST003021,78696,0.1413,11119.74
CUST003022,3900,0.3043,1186.77
CUST003023,18420,0.8384,15443.33
CUST003024,56772,0.7485,42493.84
CUST003025,220572,0.4324,95375.33
CUST003026,84096,0.5382,45260.47
CUST003027,114360,0.4925,56322.3
CUST003028,6024,0.4278,2577.07
CUST003029,77616,0.7612,59081.3
CUST003030,28776,0.1453,4181.15
CUST003031,203160,0.3975,80756.1
CUST003032,15492,0.0169,261.81
CUST003033,246924,0.6601,162994.53
CUST003034,5076,0.5204,2641.55
CUST003035,48420,0.4354,21082.07
CUST003036,16584,0.7891,13086.43
CUST003037,48636,0.6263,30460.73
CUST003038,58272,0.2521,14690.37
CUST003039,183276,0.5554,101791.49
CUST003040,70572,0.3707,26161.04
CUST003041,4464,0.466,2080.22
CUST003042,7032,0.3897,2740.37
CUST003043,48660,0.1509,7342.79
CUST003044,21060,0.5977,12587.56
CUST003045,19092,0.7638,14582.47
CUST003046,139812,0.2273,31779.27
CUST003047,7620,0.499,3802.38
CUST003048,33084,0.8727,28872.41
CUST003049,4836,0.7663,3705.83
CUST003050,68064,0.7148,48652.15
CUST003051,10896,0.8274,9015.35
CUST003052,21732,0.3238,7036.82
CUST003053,25152,0.7779,19565.74
CUST003054,94524,0.8586,81158.31
CUST003055,22368,0.791,17693.09
CUST003056,5184,0.5534,2868.83
CUST003057,4824,0.5958,2874.14
CUST003058,94176,0.1897,17865.19
CUST003059,12924,0.898,11605.75
CUST003060,21732,0.2339,5083.11
CUST003061,79476,0.4448,35350.92
CUST003062,40884,0.0752,3074.48
CUST003063,2700,0.5335,1440.45
CUST003064,263292,0.5094,134120.94
CUST003065,21192,0.4852,10282.36
CUST003066,1536,0.1527,234.55
CUST003067,222612,0.3674,81787.65
CUST003068,17532,0.0513,899.39
CUST003069,9132,0.5418,4947.72
CUST003070,17676,0.4988,8816.79
CUST003071,89592,0.2845,25488.92
CUST003072,19320,0.3628,7009.3
CUST003073,6624,0.1317,872.38
CUST003074,65112,0.8447,55000.11
CUST003075,27576,0.4142,11421.98
CUST003076,14244,0.8278,11791.18
CUST003077,5208,0.8181,4260.66
CUST003078,11220,0.8374,9395.63
CUST003079,65676,0.921,60487.6
CUST003080,8568,0.24,2056.32
CUST003081,18588,0.3432,6379.4
CUST003082,72468,0.6961,50444.97
CUST003083,2088,0.479,1000.15
CUST003084,2304,0.6982,1608.65
CUST003085,12840,0.2954,3792.94
CUST003086,20652,0.6851,14148.69
CUST003087,15372,0.476,7317.07
CUST003088,23280,0.3322,7733.62
CUST003089,95016,0.487,46272.79
CUST003090,43992,0.0931,4095.66
CUST003091,17352,0.1426,2474.4
CUST003092,74784,0.4018,30048.21
CUST003093,12684,0.3437,4359.49
CUST003094,20352,0.1425,2900.16
CUST003095,2316,0.6389,1479.69
CUST003096,6168,0.7665,4727.77
CUST003097,14640,0.6616,9685.82
CUST003098,50916,0.3701,18844.01
CUST003099,4836,0.27,1305.72
CUST003100,115368,0.6374,73535.56
CUST003101,17508,0.7003,12260.85
CUST003102,21972,0.3745,8228.51
CUST003103,14496,0.5406,7836.54
CUST003104,8916,0.8576,7646.36
CUST003105,44472,0.8557,38054.69
CUST003106,19872,0.2905,5772.82
CUST003107,74280,0.085,6313.8
CUST003108,91476,0.6838,62551.29
CUST003109,70236,0.1321,9278.18
CUST003110,263340,0.2031,53484.35
CUST003111,86880,0.6289,54638.83
CUST003112,24192,0.1077,2605.48
CUST003113,22920,0.1548,3548.02
CUST003114,2472,0.496,1226.11
CUST003115,69312,0.7747,53696.01
CUST003116,274152,0.8427,231027.89
CUST003117,88284,0.9145,80735.72
CUST003118,28032,0.7094,19885.9
CUST003119,21348,0.0452,964.93
CUST003120,18264,0.2596,4741.33
CUST003121,29724,0.831,24700.64
CUST003122,21384,0.3096,6620.49
CUST003123,3348,0.7928,2654.29
CUST003124,42336,0.0636,2692.57
CUST003125,9252,0.347,3210.44
CUST003126,82128,0.6492,53317.5
CUST003127,4620,0.3606,1665.97
CUST003128,9048,0.075,678.6
CUST003129,23772,0.6279,14926.44
CUST003130,11964,0.7863,9407.29
CUST003131,14916,0.5998,8946.62
CUST003132,17712,0.1363,2414.15
CUST003133,45564,0.2457,11195.07
CUST003134,96096,0.9423,90551.26
CUST003135,46632,0.2168,10109.82
CUST003136,21660,0.3615,7830.09
CUST003137,2424,0.1877,454.98
CUST003138,22464,0.5358,12036.21
CUST003139,74628,0.3516,26239.2
CUST003140,57984,0.7002,40600.4
CUST003141,5448,0.0588,320.34
CUST003142,20124,0.1875,3773.25
CUST003143,211704,0.4266,90312.93
CUST003144,164520,0.0571,9394.09
CUST003145,21948,0.4274,9380.58
CUST003146,279732,0.1813,50715.41
CUST003147,48036,0.4173,20045.42
CUST003148,70632,0.3583,25307.45
CUST003149,12492,0.1812,2263.55
CUST003150,16404,0.4862,7975.62
CUST003151,54888,0.8133,44640.41
CUST003152,10452,0.1503,1570.94
CUST003153,20328,0.6632,13481.53
CUST003154,254508,0.8535,217222.58
CUST003155,265932,0.103,27391.0
CUST003156,12684,0.6084,7716.95
CUST003157,21600,0.0336,725.76
CUST003158,282684,0.1096,30982.17
CUST003159,19032,0.3932,7483.38
CUST003160,10368,0.3907,4050.78
CUST003161,133440,0.422,56311.68
CUST003162,90792,0.5761,52305.27
CUST003163,6492,0.8081,5246.19
CUST003164,261792,0.5399,141341.5
CUST003165,14952,0.5995,8963.72
CUST003166,10584,0.1157,1224.57
CUST003167,178800,0.4982,89078.16
CUST003168,90816,0.7986,72525.66
CUST003169,262140,0.4577,119981.48
CUST003170,5880,0.3003,1765.76
CUST003171,86520,0.2434,21058.97
CUST003172,189096,0.8178,154642.71
CUST003173,22980,0.4586,10538.63
CUST003174,14616,0.1673,2445.26
CUST003175,12864,0.5758,7407.09
CUST003176,15756,0.5254,8278.2
CUST003177,153408,0.5949,91262.42
CUST003178,86712,0.5231,45359.05
CUST003179,17568,0.7824,13745.2
CUST003180,160452,0.7848,125922.73
CUST003181,29148,0.3424,9980.28
CUST003182,242352,0.5542,134311.48
CUST003183,40728,0.3074,12519.79
CUST003184,8940,0.9058,8097.85
CUST003185,94332,0.3975,37496.97
CUST003186,28368,0.9403,26674.43
CUST003187,268488,0.4217,113221.39
CUST003188,13500,0.5425,7323.75
CUST003189,19548,0.0538,1051.68
CUST003190,167388,0.7064,118242.88
CUST003191,14364,0.6714,9643.99
CUST003192,20484,0.3398,6960.46
CUST003193,21636,0.9157,19812.09
CUST003194,76032,0.6784,51580.11
CUST003195,285612,0.42,119957.04
CUST003196,9180,0.4924,4520.23
CUST003197,22932,0.851,19515.13
CUST003198,17436,0.8256,14395.16
CUST003199,156900,0.5787,90798.03
CUST003200,6348,0.1553,985.84
CUST003201,89688,0.778,69777.26
CUST003202,76152,0.6857,52217.43
CUST003203,19344,0.5011,9693.28
CUST003204,48984,0.0162,793.54
CUST003205,212460,0.3017,64099.18
CUST003206,61068,0.4648,28384.41
CUST003207,74568,0.4856,36210.22
CUST003208,53832,0.0952,5124.81
CUST003209,126504,0.132,16698.53
CUST003210,12192,0.5341,6511.75
CUST003211,34692,0.8292,28766.61
CUST003212,62580,0.8455,52911.39
CUST003213,17736,0.5611,9951.67
CUST003214,76080,0.8129,61845.43
CUST003215,26304,0.8544,22474.14
CUST003216,26640,0.157,4182.48
CUST003217,77220,0.3844,29683.37
CUST003218,156468,0.9016,141071.55
CUST003219,5520,0.102,563.04
CUST003220,76488,0.0194,1483.87
CUST003221,197508,0.0243,4799.44
CUST003222,6480,0.3145,2037.96
CUST003223,20148,0.5648,11379.59
CUST003224,256848,0.3892,99965.24
CUST003225,35760,0.0414,1480.46
CUST003226,12516,0.4667,5841.22
CUST003227,244620,0.3349,81923.24
CUST003228,12108,0.8253,9992.73
CUST003229,1956,0.413,807.83
CUST003230,148464,0.3156,46855.24
CUST003231,1392,0.4507,627.37
CUST003232,10404,0.93,9675.72
CUST003233,18996,0.4504,8555.8
CUST003234,170448,0.8597,146534.15
CUST003235,86016,0.1295,11139.07
CUST003236,9324,0.5525,5151.51
CUST003237,20748,0.7222,14984.21
CUST003238,17256,0.1801,3107.81
CUST003239,20652,0.0606,1251.51
CUST003240,48072,0.372,17882.78
CUST003241,135900,0.202,27451.8
CUST003242,23892,0.2847,6802.05
CUST003243,73224,0.7564,55386.63
CUST003244,52188,0.2983,15567.68
CUST003245,267444,0.09,24069.96
CUST003246,2592,0.4206,1090.2
CUST003247,52488,0.3491,18323.56
CUST003248,46776,0.4575,21400.02
CUST003249,87288,0.1601,13974.81
CUST003250,17796,0.4939,8789.44
CUST003251,262764,0.4261,111963.74
CUST003252,44496,0.3534,15724.89
CUST003253,26292,0.5408,14218.71
CUST003254,68880,0.8656,59622.53
CUST003255,116520,0.4892,57001.58
CUST003256,24924,0.3798,9466.14
CUST003257,5292,0.4786,2532.75
CUST003258,65220,0.0223,1454.41
CUST003259,90384,0.644,58207.3
CUST003260,88452,0.7878,69682.49
CUST003261,11580,0.6342,7344.04
CUST003262,39084,0.3555,13894.36
CUST003263,236076,0.1646,38858.11
CUST003264,17772,0.5451,9687.52
CUST003265,10608,0.1306,1385.4
CUST003266,3588,0.2615,938.26
CUST003267,2316,0.8374,1939.42
CUST003268,3972,0.5198,2064.65
CUST003269,5808,0.5838,3390.71
CUST003270,294996,0.179,52804.28
CUST003271,17856,0.3021,5394.3
CUST003272,216372,0.4285,92715.4
CUST003273,22560,0.0248,559.49
CUST003274,85944,0.5526,47492.65
CUST003275,14256,0.8641,12318.61
CUST003276,24264,0.5283,12818.67
CUST003277,44436,0.9085,40370.11
CUST003278,23736,0.061,1447.9
CUST003279,19248,0.3022,5816.75
CUST003280,74196,0.3999,29670.98
CUST003281,27492,0.2829,7777.49
CUST003282,22992,0.099,2276.21
CUST003283,110412,0.316,34890.19
CUST003284,208992,0.2036,42550.77
CUST003285,22608,0.757,17114.26
CUST003286,275376,0.2017,55543.34
CUST003287,28416,0.1569,4458.47
CUST003288,38748,0.9346,36213.88
CUST003289,15840,0.7902,12516.77
CUST003290,15120,0.2075,3137.4
CUST003291,72060,0.8291,59744.95
CUST003292,3276,0.8023,2628.33
CUST003293,15804,0.5515,8715.91
CUST003294,67728,0.3366,22797.24
CUST003295,18684,0.4552,8504.96
CUST003296,10572,0.5105,5397.01
CUST003297,30684,0.1892,5805.41
CUST003298,39552,0.7026,27789.24
CUST003299,1884,0.6801,1281.31
CUST003300,22704,0.6299,14301.25
CUST003301,257484,0.5215,134277.91
CUST003302,8424,0.6245,5260.79
CUST003303,44172,0.8071,35651.22
CUST003304,10128,0.2156,2183.6
CUST003305,34728,0.3408,11835.3
CUST003306,277548,0.292,81044.02
CUST003307,269928,0.8115,219046.57
CUST003308,295836,0.3622,107151.8
CUST003309,16944,0.6924,11732.03
CUST003310,55104,0.2017,11114.48
CUST003311,74736,0.8173,61081.73
CUST003312,1380,0.1962,270.76
CUST003313,43848,0.0348,1525.91
CUST003314,68760,0.5762,39619.51
CUST003315,60972,0.749,45668.03
CUST003316,18804,0.6575,12363.63
CUST003317,21012,0.3412,7169.29
CUST003318,13416,0.0216,289.79
CUST003319,55644,0.1602,8914.17
CUST003320,20988,0.7302,15325.44
CUST003321,20568,0.6059,12462.15
CUST003322,72984,0.8906,64999.55
CUST003323,16236,0.2316,3760.26
CUST003324,23988,0.7853,18837.78
CUST003325,4044,0.6425,2598.27
CUST003326,23712,0.7093,16818.92
CUST003327,65112,0.845,55019.64
CUST003328,18384,0.8098,14887.36
CUST003329,18828,0.2306,4341.74
CUST003330,51540,0.4799,24734.05
CUST003331,11496,0.6918,7952.93
CUST003332,7080,0.3211,2273.39
CUST003333,15312,0.1828,2799.03
CUST003334,290964,0.9101,264806.34
CUST003335,72732,0.2051,14917.33
CUST003336,65496,0.0299,1958.33
CUST003337,9720,0.0862,837.86
CUST003338,30732,0.4488,13792.52
CUST003339,140808,0.4016,56548.49
CUST003340,279864,0.1091,30533.16
CUST003341,70704,0.615,43482.96
CUST003342,293508,0.1407,41296.58
CUST003343,9516,0.0684,650.89
CUST003344,215316,0.6112,131601.14
CUST003345,10248,0.5769,5912.07
CUST003346,22332,0.3509,7836.3
CUST003347,74280,0.7384,54848.35
CUST003348,70356,0.0226,1590.05
CUST003349,16560,0.2118,3507.41
CUST003350,2856,0.3075,878.22
CUST003351,2316,0.0391,90.56
CUST003352,259428,0.1494,38758.54
CUST003353,6276,0.8207,5150.71
CUST003354,262044,0.4454,116714.4
CUST003355,39660,0.8123,32215.82
CUST003356,91548,0.5367,49133.81
CUST003357,44772,0.2367,10597.53
CUST003358,71112,0.886,63005.23
CUST003359,288864,0.6531,188657.08
CUST003360,130092,0.2922,38012.88
CUST003361,14928,0.4473,6677.29
CUST003362,20592,0.7047,14511.18
CUST003363,15852,0.5196,8236.7
CUST003364,22656,0.1015,2299.58
CUST003365,3204,0.7642,2448.5
CUST003366,189816,0.9338,177250.18
CUST003367,8664,0.6663,5772.82
CUST003368,23340,0.3583,8362.72
CUST003369,13596,0.1202,1634.24
CUST003370,89952,0.7011,63065.35
CUST003371,13704,0.5793,7938.73
CUST003372,58440,0.6273,36659.41
CUST003373,77928,0.6475,50458.38
CUST003374,83448,0.1891,15780.02
CUST003375,10584,0.1222,1293.36
CUST003376,19920,0.7049,14041.61
CUST003377,80868,0.3599,29104.39
CUST003378,102444,0.7489,76720.31
CUST003379,124824,0.8328,103953.43
CUST003380,21348,0.6387,13634.97
CUST003381,40620,0.8306,33738.97
CUST003382,232932,0.2577,60026.58
CUST003383,8580,0.5686,4878.59
CUST003384,46272,0.8203,37956.92
CUST003385,5316,0.9031,4800.88
CUST003386,23376,0.2431,5682.71
CUST003387,15708,0.4618,7253.95
CUST003388,2448,0.2829,692.54
CUST003389,131892,0.5881,77565.69
CUST003390,72288,0.2188,15816.61
CUST003391,41664,0.6184,25765.02
CUST003392,226716,0.3289,74566.89
CUST003393,15384,0.8439,12982.56
CUST003394,192744,0.7578,146061.4
CUST003395,73416,0.2167,15909.25
CUST003396,58236,0.4974,28966.59
CUST003397,46416,0.6806,31590.73
CUST003398,6120,0.5667,3468.2
CUST003399,17040,0.0661,1126.34
CUST003400,13008,0.286,3720.29
CUST003401,79812,0.5421,43266.09
CUST003402,14628,0.897,13121.32
CUST003403,12036,0.0384,462.18
CUST003404,12924,0.4686,6056.19
CUST003405,95304,0.8545,81437.27
CUST003406,26916,0.2924,7870.24
CUST003407,68016,0.1136,7726.62
CUST003408,6084,0.5978,3637.02
CUST003409,8760,0.0723,633.35
CUST003410,4332,0.8392,3635.41
CUST003411,8472,0.3145,2664.44
CUST003412,64848,0.5934,38480.8
CUST003413,90840,0.2377,21592.67
CUST003414,28380,0.2423,6876.47
CUST003415,94548,0.7994,75581.67
CUST003416,3516,0.2412,848.06
CUST003417,7824,0.8187,6405.51
CUST003418,6156,0.1052,647.61
CUST003419,83616,0.242,20235.07
CUST003420,211932,0.1995,42280.43
CUST003421,28476,0.3155,8984.18
CUST003422,18192,0.0839,1526.31
CUST003423,14532,0.1895,2753.81
CUST003424,23292,0.3457,8052.04
CUST003425,273168,0.6197,169282.21
CUST003426,20292,0.6378,12942.24
CUST003427,20844,0.8111,16906.57
CUST003428,7188,0.6334,4552.88
CUST003429,86556,0.3568,30883.18
CUST003430,18936,0.3357,6356.82
CUST003431,53904,0.7096,38250.28
CUST003432,64632,0.8409,54349.05
CUST003433,15000,0.3574,5361.0
CUST003434,57852,0.8613,49827.93
CUST003435,22920,0.6102,13985.78
CUST003436,46416,0.3612,16765.46
CUST003437,251556,0.0999,25130.44
CUST003438,22344,0.5786,12928.24
CUST003439,40692,0.9127,37139.59
CUST003440,37368,0.7105,26549.96
CUST003441,60216,0.3761,22647.24
CUST003442,19368,0.0434,840.57
CUST003443,13200,0.4519,5965.08
CUST003444,73728,0.4224,31142.71
CUST003445,92676,0.5229,48460.28
CUST003446,20364,0.3715,7565.23
CUST003447,11808,0.2873,3392.44
CUST003448,149904,0.8951,134179.07
CUST003449,23064,0.1217,2806.89
CUST003450,14772,0.7618,11253.31
CUST003451,265308,0.0501,13291.93
CUST003452,53472,0.1713,9159.75
CUST003453,82692,0.4125,34110.45
CUST003454,34920,0.6123,21381.52
CUST003455,19680,0.6918,13614.62
CUST003456,105360,0.2264,23853.5
CUST003457,21012,0.5178,10880.01
CUST003458,19044,0.2407,4583.89
CUST003459,1260,0.1182,148.93
CUST003460,3072,0.2413,741.27
CUST003461,6408,0.1551,993.88
CUST003462,2268,0.627,1422.04
CUST003463,61896,0.9024,55854.95
CUST003464,275952,0.6373,175864.21
CUST003465,75084,0.5722,42963.06
CUST003466,151956,0.6682,101537.0
CUST003467,213204,0.7289,155404.4
CUST003468,63816,0.0752,4798.96
CUST003469,14364,0.3171,4554.82
CUST003470,160728,0.828,133082.78
CUST003471,8616,0.4594,3958.19
CUST003472,8352,0.171,1428.19
CUST003473,14520,0.034,493.68
CUST003474,64056,0.3881,24860.13
CUST003475,15240,0.5727,8727.95
CUST003476,29160,0.3479,10144.76
CUST003477,176556,0.569,100460.36
CUST003478,54876,0.2837,15568.32
CUST003479,16260,0.8797,14303.92
CUST003480,8088,0.5449,4407.15
CUST003481,39564,0.2484,9827.7
CUST003482,196500,0.6298,123755.7
CUST003483,69204,0.1824,12622.81
CUST003484,8100,0.4204,3405.24
CUST003485,15600,0.8881,13854.36
CUST003486,92016,0.5191,47765.51
CUST003487,15252,0.5678,8660.09
CUST003488,25632,0.5059,12967.23
CUST003489,43140,0.7242,31241.99
CUST003490,47208,0.1573,7425.82
CUST003491,206640,0.0207,4277.45
CUST003492,23136,0.8811,20385.13
CUST003493,1260,0.7992,1006.99
CUST003494,20064,0.0155,310.99
CUST003495,22716,0.8374,19022.38
CUST003496,12972,0.2502,3245.59
CUST003497,81312,0.0954,7757.16
CUST003498,106728,0.9259,98819.46
CUST003499,19296,0.829,15996.38
CUST003500,176592,0.1426,25182.02
CUST003501,9120,0.2062,1880.54
CUST003502,38388,0.244,9366.67
CUST003503,90480,0.7742,70049.62
CUST003504,23388,0.8184,19140.74
CUST003505,25296,0.1972,4988.37
CUST003506,24300,0.4002,9724.86
CUST003507,37884,0.3268,12380.49
CUST003508,15300,0.1967,3009.51
CUST003509,238368,0.525,125143.2
CUST003510,32124,0.6525,20960.91
CUST003511,48828,0.6667,32553.63
CUST003512,48972,0.2103,10298.81
CUST003513,71472,0.6809,48665.28
CUST003514,17544,0.3639,6384.26
CUST003515,218580,0.5073,110885.63
CUST003516,58728,0.4638,27238.05
CUST003517,13716,0.8473,11621.57
CUST003518,5448,0.855,4658.04
CUST003519,22260,0.8784,19553.18
CUST003520,17064,0.0569,970.94
CUST003521,266460,0.678,180659.88
CUST003522,13344,0.8176,10910.05
CUST003523,28488,0.0707,2014.1
CUST003524,81420,0.5579,45424.22
CUST003525,22632,0.1015,2297.15
CUST003526,5976,0.2618,1564.52
CUST003527,90048,0.5513,49643.46
CUST003528,23184,0.3641,8441.29
CUST003529,65016,0.3334,21676.33
CUST003530,225600,0.5166,116544.96
CUST003531,78444,0.8354,65532.12
CUST003532,40092,0.1649,6611.17
CUST003533,238128,0.8613,205099.65
CUST003534,63084,0.2915,18388.99
CUST003535,53292,0.4608,24556.95
CUST003536,11112,0.2142,2380.19
CUST003537,14376,0.1939,2787.51
CUST003538,60468,0.784,47406.91
CUST003539,14820,0.2672,3959.9
CUST003540,48300,0.5819,28105.77
CUST003541,94152,0.3556,33480.45
CUST003542,13080,0.3014,3942.31
CUST003543,110520,0.2231,24657.01
CUST003544,4368,0.5397,2357.41
CUST003545,15264,0.4908,7491.57
CUST003546,4272,0.5302,2265.01
CUST003547,66924,0.7168,47971.12
CUST003548,26892,0.2589,6962.34
CUST003549,37728,0.3393,12801.11
CUST003550,15036,0.0869,1306.63
CUST003551,7320,0.8884,6503.09
CUST003552,12708,0.6535,8304.68
CUST003553,13236,0.8295,10979.26
CUST003554,4716,0.4218,1989.21
CUST003555,11340,0.5251,5954.63
CUST003556,17976,0.0348,625.56
CUST003557,91392,0.3907,35706.85
CUST003558,5676,0.9107,5169.13
CUST003559,84024,0.4462,37491.51
CUST003560,60204,0.6709,40390.86
CUST003561,24240,0.0115,278.76
CUST003562,30072,0.2114,6357.22
CUST003563,83880,0.7501,62918.39
CUST003564,18576,0.7566,14054.6
CUST003565,20760,0.2676,5555.38
CUST003566,23208,0.632,14667.46
CUST003567,59556,0.5884,35042.75
CUST003568,24060,0.4214,10138.88
CUST003569,283176,0.935,264769.56
CUST003570,82968,0.0326,2704.76
CUST003571,84864,0.5006,42482.92
CUST003572,6192,0.5191,3214.27
CUST003573,16272,0.6223,10126.07
CUST003574,278484,0.2051,57117.07
CUST003575,170160,0.4445,75636.12
CUST003576,3324,0.8404,2793.49
CUST003577,226716,0.5386,122109.24
CUST003578,207300,0.6716,139222.68
CUST003579,4272,0.4316,1843.8
CUST003580,14748,0.3218,4745.91
CUST003581,77496,0.8436,65375.63
CUST003582,11400,0.0932,1062.48
CUST003583,14256,0.4649,6627.61
CUST003584,22320,0.5154,11503.73
CUST003585,292008,0.0703,20528.16
CUST003586,92448,0.908,83942.78
CUST003587,17796,0.2015,3585.89
CUST003588,83784,0.9497,79569.66
CUST003589,78768,0.8296,65345.93
CUST003590,42204,0.7478,31560.15
CUST003591,16368,0.1239,2028.0
CUST003592,2340,0.8197,1918.1
CUST003593,22776,0.3829,8720.93
CUST003594,15504,0.5651,8761.31
CUST003595,23784,0.1808,4300.15
CUST003596,54588,0.0244,1331.95
CUST003597,73776,0.2064,15227.37
CUST003598,5388,0.1547,833.52
CUST003599,142560,0.2445,34855.92
CUST003600,33072,0.0831,2748.28
CUST003601,44040,0.8529,37561.72
CUST003602,31680,0.2841,9000.29
CUST003603,14400,0.8327,11990.88
CUST003604,64944,0.7532,48915.82
CUST003605,91056,0.3728,33945.68
CUST003606,94080,0.4718,44386.94
CUST003607,22848,0.7681,17549.55
CUST003608,23220,0.1854,4304.99
CUST003609,83496,0.0471,3932.66
CUST003610,7236,0.1784,1290.9
CUST003611,3948,0.9232,3644.79
CUST003612,8160,0.7115,5805.84
CUST003613,19764,0.8344,16491.08
CUST003614,16464,0.1029,1694.15
CUST003615,4260,0.7235,3082.11
CUST003616,250032,0.7188,179723.0
CUST003617,60672,0.242,14682.62
CUST003618,21972,0.0271,595.44
CUST003619,49728,0.8666,43094.28
CUST003620,18420,0.7014,12919.79
CUST003621,48252,0.5251,25337.13
CUST003622,1656,0.0109,18.05
CUST003623,81972,0.0594,4869.14
CUST003624,12768,0.0786,1003.56
CUST003625,72456,0.8467,61348.5
CUST003626,298812,0.591,176597.89
CUST003627,161016,0.0426,6859.28
CUST003628,55596,0.9385,52176.85
CUST003629,90564,0.6209,56231.19
CUST003630,7440,0.5092,3788.45
CUST003631,10740,0.119,1278.06
CUST003632,74856,0.65,48656.4
CUST003633,33420,0.7886,26355.01
CUST003634,226272,0.9174,207581.93
CUST003635,8568,0.203,1739.3
CUST003636,8880,0.9406,8352.53
CUST003637,79488,0.3948,31381.86
CUST003638,95496,0.2661,25411.49
CUST003639,13428,0.5172,6944.96
CUST003640,26364,0.2669,7036.55
CUST003641,23784,0.5794,13780.45
CUST003642,21912,0.9399,20595.09
CUST003643,91128,0.5762,52507.95
CUST003644,129240,0.0132,1705.97
CUST003645,16140,0.7983,12884.56
CUST003646,25560,0.6844,17493.26
CUST003647,16380,0.2746,4497.95
CUST003648,20352,0.314,6390.53
CUST003649,4980,0.7554,3761.89
CUST003650,10440,0.4783,4993.45
CUST003651,94116,0.0754,7096.35
CUST003652,279096,0.6416,179067.99
CUST003653,64980,0.1726,11215.55
CUST003654,84936,0.7452,63294.31
CUST003655,294504,0.3187,93858.42
CUST003656,63084,0.13,8200.92
CUST003657,92544,0.5026,46512.61
CUST003658,52524,0.5535,29072.03
CUST003659,5232,0.7229,3782.21
CUST003660,81528,0.2274,18539.47
CUST003661,21108,0.8418,17768.71
CUST003662,15960,0.5836,9314.26
CUST003663,3120,0.5872,1832.06
CUST003664,21348,0.0838,1788.96
CUST003665,4812,0.7929,3815.43
CUST003666,9972,0.1429,1425.0
CUST003667,11184,0.5619,6284.29
CUST003668,22740,0.8334,18951.52
CUST003669,79320,0.7933,62924.56
CUST003670,10776,0.512,5517.31
CUST003671,14532,0.0313,454.85
CUST003672,18504,0.3478,6435.69
CUST003673,29568,0.3026,8947.28
CUST003674,7764,0.5656,4391.32
CUST003675,76944,0.1459,11226.13
CUST003676,62868,0.1459,9172.44
CUST003677,17604,0.6295,11081.72
CUST003678,18672,0.7293,13617.49
CUST003679,18012,0.311,5601.73
CUST003680,16356,0.4223,6907.14
CUST003681,193824,0.2191,42466.84
CUST003682,76116,0.4961,37761.15
CUST003683,11784,0.3715,4377.76
CUST003684,3948,0.4489,1772.26
CUST003685,19272,0.3541,6824.22
CUST003686,20232,0.3554,7190.45
CUST003687,21756,0.19,4133.64
CUST003688,22200,0.6466,14354.52
CUST003689,15588,0.6737,10501.64
CUST003690,72432,0.8728,63218.65
CUST003691,12948,0.0466,603.38
CUST003692,8940,0.7662,6849.83
CUST003693,11700,0.8503,9948.51
CUST003694,69264,0.7755,53714.23
CUST003695,51492,0.257,13233.44
CUST003696,48972,0.0397,1944.19
CUST003697,5904,0.2696,1591.72
CUST003698,5544,0.0798,442.41
CUST003699,13140,0.9407,12360.8
CUST003700,17316,0.5488,9503.02
CUST003701,125112,0.1763,22057.25
CUST003702,15768,0.8985,14167.55
CUST003703,84612,0.2382,20154.58
CUST003704,162516,0.2678,43521.78
CUST003705,22524,0.6052,13631.52
CUST003706,5796,0.2644,1532.46
CUST003707,13860,0.5739,7954.25
CUST003708,13368,0.5803,7757.45
CUST003709,20196,0.4031,8141.01
CUST003710,27024,0.7085,19146.5
CUST003711,67488,0.8484,57256.82
CUST003712,209004,0.5804,121305.92
CUST003713,54888,0.9434,51781.34
CUST003714,8172,0.3688,3013.83
CUST003715,13080,0.5434,7107.67
CUST003716,37020,0.6383,23629.87
CUST003717,18492,0.5898,10906.58
CUST003718,66372,0.927,61526.84
CUST003719,11616,0.445,5169.12
CUST003720,17640,0.6297,11107.91
CUST003721,264816,0.4596,121709.43
CUST003722,18420,0.533,9817.86
CUST003723,3252,0.3001,975.93
CUST003724,19416,0.8947,17371.5
CUST003725,19728,0.588,11600.06
CUST003726,56448,0.5874,33157.56
CUST003727,29496,0.6795,20042.53
CUST003728,12564,0.1566,1967.52
CUST003729,12516,0.381,4768.6
CUST003730,84408,0.1552,13100.12
CUST003731,18096,0.1333,2412.2
CUST003732,235236,0.3077,72382.12
CUST003733,12612,0.3951,4983.0
CUST003734,23268,0.7653,17807.0
CUST003735,73332,0.6635,48655.78
CUST003736,58800,0.2942,17298.96
CUST003737,6852,0.6186,4238.65
CUST003738,55740,0.0283,1577.44
CUST003739,224496,0.3528,79202.19
CUST003740,12720,0.5526,7029.07
CUST003741,78372,0.5294,41490.14
CUST003742,21348,0.3101,6620.01
CUST003743,9096,0.617,5612.23
CUST003744,10476,0.931,9753.16
CUST003745,169212,0.4313,72981.14
CUST003746,9984,0.7708,7695.67
CUST003747,23868,0.1977,4718.7
CUST003748,19716,0.2062,4065.44
CUST003749,14352,0.1603,2300.63
CUST003750,15912,0.3167,5039.33
CUST003751,81504,0.1783,14532.16
CUST003752,74796,0.5503,41160.24
CUST003753,62196,0.7637,47499.09
CUST003754,169620,0.2338,39657.16
CUST003755,77472,0.6718,52045.69
CUST003756,47388,0.8072,38251.59
CUST003757,160524,0.2988,47964.57
CUST003758,258132,0.5487,141637.03
CUST003759,20712,0.4261,8825.38
CUST003760,84768,0.0794,6730.58
CUST003761,66408,0.8499,56440.16
CUST003762,16236,0.2857,4638.63
CUST003763,12672,0.6799,8615.69
CUST003764,76476,0.8009,61249.63
CUST003765,2124,0.3716,789.28
CUST003766,21744,0.1808,3931.32
CUST003767,17976,0.4686,8423.55
CUST003768,16236,0.7639,12402.68
CUST003769,202524,0.9378,189927.01
CUST003770,8460,0.9463,8005.7
CUST003771,18540,0.9154,16971.52
CUST003772,22488,0.2374,5338.65
CUST003773,251592,0.1128,28379.58
CUST003774,44028,0.8431,37120.01
CUST003775,17652,0.1736,3064.39
CUST003776,44160,0.3312,14625.79
CUST003777,74688,0.552,41227.78
CUST003778,58692,0.122,7160.42
CUST003779,52272,0.6121,31995.69
CUST003780,36792,0.1946,7159.72
CUST003781,60012,0.275,16503.3
CUST003782,82560,0.4247,35063.23
CUST003783,69240,0.2679,18549.4
CUST003784,14532,0.1679,2439.92
CUST003785,73152,0.5024,36751.56
CUST003786,27564,0.9136,25182.47
CUST003787,13128,0.8849,11616.97
CUST003788,5256,0.5096,2678.46
CUST003789,9072,0.2815,2553.77
CUST003790,64776,0.1847,11964.13
CUST003791,48012,0.3931,18873.52
CUST003792,15240,0.0894,1362.46
CUST003793,43500,0.1525,6633.75
CUST003794,18876,0.8644,16316.41
CUST003795,45336,0.5973,27079.19
CUST003796,12060,0.4721,5693.53
CUST003797,1920,0.2574,494.21
CUST003798,125880,0.6479,81557.65
CUST003799,60504,0.6092,36859.04
CUST003800,24120,0.7969,19221.23
CUST003801,9180,0.8897,8167.45
CUST003802,152016,0.5394,81997.43
CUST003803,65556,0.271,17765.68
CUST003804,17784,0.1654,2941.47
CUST003805,60564,0.4773,28907.2
CUST003806,1704,0.717,1221.77
CUST003807,18564,0.7376,13692.81
CUST003808,26820,0.453,12149.46
CUST003809,14028,0.5186,7274.92
CUST003810,45168,0.8845,39951.1
CUST003811,15876,0.3014,4785.03
CUST003812,57432,0.1202,6903.33
CUST003813,242148,0.6457,156354.96
CUST003814,5244,0.6687,3506.66
CUST003815,4236,0.1219,516.37
CUST003816,58068,0.6939,40293.39
CUST003817,22800,0.125,2850.0
CUST003818,14688,0.3672,5393.43
CUST003819,14640,0.6548,9586.27
CUST003820,23400,0.823,19258.2
CUST003821,19224,0.1806,3471.85
CUST003822,41004,0.9329,38252.63
CUST003823,10848,0.8182,8875.83
CUST003824,53760,0.2755,14810.88
CUST003825,53700,0.3582,19235.34
CUST003826,13092,0.4599,6021.01
CUST003827,1368,0.2772,379.21
CUST003828,9564,0.9472,9059.02
CUST003829,21108,0.8672,18304.86
CUST003830,63072,0.1748,11024.99
CUST003831,17976,0.0982,1765.24
CUST003832,20736,0.2227,4617.91
CUST003833,8124,0.5796,4708.67
CUST003834,57072,0.0391,2231.52
CUST003835,200964,0.036,7234.7
CUST003836,3480,0.5828,2028.14
CUST003837,70944,0.7109,50434.09
CUST003838,95268,0.8496,80939.69
CUST003839,16788,0.8284,13907.18
CUST003840,14616,0.8176,11950.04
CUST003841,16968,0.3414,5792.88
CUST003842,27072,0.4832,13081.19
CUST003843,19476,0.9026,17579.04
CUST003844,10584,0.052,550.37
CUST003845,169512,0.0989,16764.74
CUST003846,19392,0.8692,16855.53
CUST003847,74328,0.3882,28854.13
CUST003848,3540,0.4923,1742.74
CUST003849,20040,0.9238,18512.95
CUST003850,142836,0.1902,27167.41
CUST003851,9852,0.0984,969.44
CUST003852,261072,0.2981,77825.56
CUST003853,9432,0.2751,2594.74
CUST003854,50880,0.5281,26869.73
CUST003855,115836,0.1187,13749.73
CUST003856,89796,0.8194,73578.84
CUST003857,142272,0.1345,19135.58
CUST003858,5508,0.7771,4280.27
CUST003859,74328,0.8852,65795.15
CUST003860,22692,0.3291,7467.94
CUST003861,14916,0.227,3385.93
CUST003862,55260,0.6505,35946.63
CUST003863,14184,0.3332,4726.11
CUST003864,75216,0.0524,3941.32
CUST003865,23352,0.903,21086.86
CUST003866,104280,0.5434,56665.75
CUST003867,130332,0.0435,5669.44
CUST003868,174192,0.6587,114740.27
CUST003869,22224,0.2148,4773.72
CUST003870,12804,0.205,2624.82
CUST003871,35352,0.2009,7102.22
CUST003872,21840,0.8887,19409.21
CUST003873,2472,0.1692,418.26
CUST003874,95568,0.1975,18874.68
CUST003875,217788,0.5777,125816.13
CUST003876,19296,0.2814,5429.89
CUST003877,70272,0.035,2459.52
CUST003878,3684,0.0219,80.68
CUST003879,19800,0.5429,10749.42
CUST003880,133380,0.3495,46616.31
CUST003881,225708,0.44,99311.52
CUST003882,53376,0.6349,33888.42
CUST003883,16188,0.0951,1539.48
CUST003884,21084,0.7255,15296.44
CUST003885,9264,0.2316,2145.54
CUST003886,8340,0.756,6305.04
CUST003887,3096,0.1543,477.71
CUST003888,37584,0.2632,9892.11
CUST003889,48588,0.6353,30867.96
CUST003890,12060,0.2748,3314.09
CUST003891,19764,0.2766,5466.72
CUST003892,151608,0.4012,60825.13
CUST003893,15960,0.4013,6404.75
CUST003894,20460,0.1535,3140.61
CUST003895,200976,0.7491,150551.12
CUST003896,3108,0.1665,517.48
CUST003897,22068,0.6551,14456.75
CUST003898,4392,0.135,592.92
CUST003899,189732,0.7883,149565.74
CUST003900,3876,0.3302,1279.86
CUST003901,39924,0.1443,5761.03
CUST003902,11520,0.6683,7698.82
CUST003903,219372,0.2873,63025.58
CUST003904,13056,0.473,6175.49
CUST003905,15108,0.4362,6590.11
CUST003906,41544,0.1667,6925.38
CUST003907,22452,0.6311,14169.46
CUST003908,224844,0.8234,185136.55
CUST003909,9264,0.7017,6500.55
CUST003910,196176,0.178,34919.33
CUST003911,5832,0.0947,552.29
CUST003912,1344,0.1244,167.19
CUST003913,1716,0.7601,1304.33
CUST003914,27528,0.5729,15770.79
CUST003915,8964,0.1143,1024.59
CUST003916,270420,0.4151,112251.34
CUST003917,3864,0.3297,1273.96
CUST003918,81960,0.8767,71854.33
CUST003919,52068,0.9262,48225.38
CUST003920,20820,0.888,18488.16
CUST003921,10872,0.3728,4053.08
CUST003922,7524,0.7843,5901.07
CUST003923,60468,0.1055,6379.37
CUST003924,29544,0.5285,15614.0
CUST003925,2844,0.5866,1668.29
CUST003926,12708,0.5941,7549.82
CUST003927,64224,0.5139,33004.71
CUST003928,12168,0.885,10768.68
CUST003929,2916,0.8272,2412.12
CUST003930,22572,0.4312,9733.05
CUST003931,52524,0.3689,19376.1
CUST003932,13644,0.8229,11227.65
CUST003933,102372,0.3953,40467.65
CUST003934,3456,0.5643,1950.22
CUST003935,13692,0.8737,11962.7
CUST003936,250116,0.2135,53399.77
CUST003937,11772,0.172,2024.78
CUST003938,46356,0.2184,10124.15
CUST003939,59556,0.8962,53374.09
CUST003940,230916,0.4431,102318.88
CUST003941,68688,0.7523,51673.98
CUST003942,13356,0.5787,7729.12
CUST003943,63864,0.6619,42271.58
CUST003944,77940,0.2266,17661.2
CUST003945,78792,0.8229,64837.94
CUST003946,276024,0.1926,53162.22
CUST003947,71508,0.9121,65222.45
CUST003948,92136,0.6099,56193.75
CUST003949,231768,0.9252,214431.75
CUST003950,3852,0.8305,3199.09
CUST003951,20124,0.928,18675.07
CUST003952,61560,0.2317,14263.45
CUST003953,14064,0.5475,7700.04
CUST003954,36996,0.7894,29204.64
CUST003955,13836,0.3553,4915.93
CUST003956,95736,0.8648,82792.49
CUST003957,72912,0.8139,59343.08
CUST003958,35436,0.3008,10659.15
CUST003959,87528,0.8677,75948.05
CUST003960,91884,0.3558,32692.33
CUST003961,73908,0.2832,20930.75
CUST003962,60480,0.6937,41954.98
CUST003963,5796,0.6067,3516.43
CUST003964,19560,0.7072,13832.83
CUST003965,46728,0.2292,10710.06
CUST003966,181236,0.3808,69014.67
CUST003967,12984,0.8472,11000.04
CUST003968,54120,0.5661,30637.33
CUST003969,90924,0.4448,40443.0
CUST003970,17448,0.1424,2484.6
CUST003971,37692,0.6529,24609.11
CUST003972,80352,0.2747,22072.69
CUST003973,37524,0.6847,25692.68
CUST003974,158436,0.8635,136809.49
CUST003975,74292,0.8176,60741.14
CUST003976,14316,0.3934,5631.91
CUST003977,90036,0.8828,79483.78
CUST003978,8628,0.0162,139.77
CUST003979,8448,0.5415,4574.59
CUST003980,63252,0.5078,32119.37
CUST003981,43044,0.7613,32769.4
CUST003982,17556,0.0778,1365.86
CUST003983,12540,0.2731,3424.67
CUST003984,113364,0.7735,87687.05
CUST003985,59556,0.3641,21684.34
CUST003986,75600,0.6424,48565.44
CUST003987,177744,0.5807,103215.94
CUST003988,78864,0.2665,21017.26
CUST003989,23856,0.071,1693.78
CUST003990,5784,0.5789,3348.36
CUST003991,220956,0.1403,31000.13
CUST003992,17820,0.1611,2870.8
CUST003993,76704,0.3775,28955.76
CUST003994,65340,0.1794,11722.0
CUST003995,15420,0.8902,13726.88
CUST003996,52788,0.9262,48892.25
CUST003997,2292,0.1829,419.21
CUST003998,62376,0.3694,23041.69
CUST003999,48840,0.3494,17064.7
CUST004000,4812,0.7503,3610.44
CUST004001,16284,0.4782,7787.01
CUST004002,37596,0.7206,27091.68
CUST004003,14448,0.4278,6180.85
CUST004004,10032,0.0987,990.16
CUST004005,52332,0.3746,19603.57
CUST004006,20772,0.7698,15990.29
CUST004007,21876,0.5483,11994.61
CUST004008,16920,0.0495,837.54
CUST004009,106896,0.1507,16109.23
CUST004010,30744,0.5881,18080.55
CUST004011,190008,0.2728,51834.18
CUST004012,70440,0.2952,20793.89
CUST004013,68664,0.3358,23057.37
CUST004014,37320,0.151,5635.32
CUST004015,34152,0.5682,19405.17
CUST004016,11928,0.5801,6919.43
CUST004017,62400,0.8031,50113.44
CUST004018,19020,0.8518,16201.24
CUST004019,16440,0.6833,11233.45
CUST004020,88344,0.245,21644.28
CUST004021,63396,0.0967,6130.39
CUST004022,16464,0.3092,5090.67
CUST004023,51540,0.9488,48901.15
CUST004024,12072,0.8708,10512.3
CUST004025,11832,0.051,603.43
CUST004026,12552,0.8593,10785.93
CUST004027,226920,0.0311,7057.21
CUST004028,14904,0.3665,5462.32
CUST004029,23064,0.1524,3514.95
CUST004030,23436,0.575,13475.7
CUST004031,89856,0.2479,22275.3
CUST004032,52428,0.8325,43646.31
CUST004033,66492,0.1431,9515.01
CUST004034,91680,0.9053,82997.9
CUST004035,78156,0.3712,29011.51
CUST004036,17088,0.7954,13591.8
CUST004037,23340,0.1972,4602.65
CUST004038,23916,0.702,16789.03
CUST004039,17160,0.8354,14335.46
CUST004040,11016,0.2358,2597.57
CUST004041,149700,0.8647,129445.59
CUST004042,170772,0.8859,151286.91
CUST004043,278988,0.5915,165021.4
CUST004044,8760,0.5928,5192.93
CUST004045,3204,0.662,2121.05
CUST004046,22152,0.9486,21013.39
CUST004047,14364,0.1082,1554.18
CUST004048,130008,0.5089,66161.07
CUST004049,11844,0.6547,7754.27
CUST004050,121452,0.7796,94683.98
CUST004051,77460,0.1645,12742.17
CUST004052,86976,0.6153,53516.33
CUST004053,76704,0.4319,33128.46
CUST004054,13152,0.6011,7905.67
CUST004055,180672,0.7028,126976.28
CUST004056,245112,0.5729,140424.66
CUST004057,8808,0.9327,8215.22
CUST004058,83400,0.3649,30432.66
CUST004059,9648,0.3414,3293.83
CUST004060,34440,0.857,29515.08
CUST004061,5928,0.0806,477.8
CUST004062,51108,0.1258,6429.39
CUST004063,9684,0.7006,6784.61
CUST004064,17256,0.4946,8534.82
CUST004065,7824,0.8932,6988.4
CUST004066,13692,0.9303,12737.67
CUST004067,40272,0.4349,17514.29
CUST004068,20676,0.3479,7193.18
CUST004069,75624,0.9056,68485.09
CUST004070,38328,0.8126,31145.33
CUST004071,20400,0.3151,6428.04
CUST004072,77736,0.5619,43679.86
CUST004073,201912,0.1348,27217.74
CUST004074,18252,0.6094,11122.77
CUST004075,11640,0.8473,9862.57
CUST004076,6708,0.3969,2662.41
CUST004077,137052,0.2156,29548.41
CUST004078,164196,0.5591,91801.98
CUST004079,21336,0.7907,16870.38
CUST004080,141876,0.221,31354.6
CUST004081,13380,0.9301,12444.74
CUST004082,6192,0.4063,2515.81
CUST004083,60612,0.1453,8806.92
CUST004084,231972,0.9177,212880.7
CUST004085,5136,0.3423,1758.05
CUST004086,14436,0.1451,2094.66
CUST004087,5304,0.5993,3178.69
CUST004088,63972,0.8361,53486.99
CUST004089,68796,0.1064,7319.89
CUST004090,14364,0.485,6966.54
CUST004091,165756,0.022,3646.63
CUST004092,16332,0.4906,8012.48
CUST004093,113640,0.8049,91468.84
CUST004094,64752,0.5677,36759.71
CUST004095,70500,0.087,6133.5
CUST004096,66228,0.6152,40743.47
CUST004097,55980,0.3767,21087.67
CUST004098,158292,0.7205,114049.39
CUST004099,33420,0.0309,1032.68
CUST004100,15240,0.0136,207.26
CUST004101,23856,0.0867,2068.32
CUST004102,103536,0.1863,19288.76
CUST004103,58992,0.9081,53570.64
CUST004104,4572,0.5084,2324.4
CUST004105,51984,0.7393,38431.77
CUST004106,122112,0.4777,58332.9
CUST004107,56364,0.1353,7626.05
CUST004108,15324,0.2846,4361.21
CUST004109,13908,0.6278,8731.44
CUST004110,92472,0.8405,77722.72
CUST004111,31788,0.429,13637.05
CUST004112,93372,0.8043,75099.1
CUST004113,77004,0.6932,53379.17
CUST004114,229404,0.7789,178682.78
CUST004115,3948,0.474,1871.35
CUST004116,121332,0.207,25115.72
CUST004117,1812,0.0251,45.48
CUST004118,293928,0.21,61724.88
CUST004119,216108,0.0136,2939.07
CUST004120,78060,0.3681,28733.89
CUST004121,272112,0.2374,64599.39
CUST004122,5568,0.929,5172.67
CUST004123,215820,0.6683,144232.51
CUST004124,168720,0.3078,51932.02
CUST004125,23496,0.7077,16628.12
CUST004126,92016,0.1666,15329.87
CUST004127,55032,0.6776,37289.68
CUST004128,109608,0.6337,69458.59
CUST004129,19956,0.336,6705.22
CUST004130,4032,0.929,3745.73
CUST004131,61380,0.9136,56076.77
CUST004132,14244,0.7265,10348.27
CUST004133,6828,0.384,2621.95
CUST004134,51204,0.1508,7721.56
CUST004135,6948,0.3635,2525.6
CUST004136,13116,0.1139,1493.91
CUST004137,195984,0.0781,15306.35
CUST004138,14616,0.3732,5454.69
CUST004139,3864,0.0907,350.46
CUST004140,7692,0.627,4822.88
CUST004141,92832,0.1532,14221.86
CUST004142,70068,0.2592,18161.63
CUST004143,20832,0.2,4166.4
CUST004144,17004,0.1232,2094.89
CUST004145,65892,0.8179,53893.07
CUST004146,21996,0.449,9876.2
CUST004147,263640,0.5842,154018.49
CUST004148,209304,0.317,66349.37
CUST004149,82980,0.5386,44693.03
CUST004150,61956,0.8862,54905.41
CUST004151,18072,0.6462,11678.13
CUST004152,191124,0.4621,88318.4
CUST004153,23568,0.2617,6167.75
CUST004154,67344,0.5743,38675.66
CUST004155,8364,0.0425,355.47
CUST004156,53940,0.5983,32272.3
CUST004157,18744,0.4096,7677.54
CUST004158,256284,0.8815,225914.35
CUST004159,44808,0.376,16847.81
CUST004160,51012,0.2084,10630.9
CUST004161,8316,0.9216,7664.03
CUST004162,75660,0.1902,14390.53
CUST004163,37512,0.3751,14070.75
CUST004164,111012,0.6422,71291.91
CUST004165,46236,0.0186,859.99
CUST004166,110196,0.3343,36838.52
CUST004167,236928,0.3771,89345.55
CUST004168,8964,0.2,1792.8
CUST004169,16716,0.2278,3807.9
CUST004170,12444,0.5735,7136.63
CUST004171,11160,0.8068,9003.89
CUST004172,58452,0.2229,13028.95
CUST004173,24960,0.7503,18727.49
CUST004174,78684,0.5636,44346.3
CUST004175,85464,0.1992,17024.43
CUST004176,92052,0.4378,40300.37
CUST004177,32052,0.8808,28231.4
CUST004178,22296,0.5699,12706.49
CUST004179,17484,0.109,1905.76
CUST004180,3168,0.0543,172.02
CUST004181,29064,0.4674,13584.51
CUST004182,49848,0.2937,14640.36
CUST004183,17436,0.1935,3373.87
CUST004184,215268,0.3126,67292.78
CUST004185,70380,0.8823,62096.27
CUST004186,6552,0.1331,872.07
CUST004187,234480,0.4334,101623.63
CUST004188,15480,0.5293,8193.56
CUST004189,23748,0.4888,11608.02
CUST004190,67836,0.0803,5447.23
CUST004191,17160,0.6357,10908.61
CUST004192,33936,0.7598,25784.57
CUST004193,167676,0.6364,106709.01
CUST004194,9072,0.5684,5156.52
CUST004195,14832,0.3435,5094.79
CUST004196,39156,0.2897,11343.49
CUST004197,209364,0.6325,132422.73
CUST004198,21300,0.6378,13585.14
CUST004199,14028,0.0743,1042.28
CUST004200,86628,0.4702,40732.49
CUST004201,78864,0.4546,35851.57
CUST004202,15912,0.2311,3677.26
CUST004203,56712,0.4619,26195.27
CUST004204,6480,0.5727,3711.1
CUST004205,12936,0.899,11629.46
CUST004206,16992,0.2924,4968.46
CUST004207,6048,0.6771,4095.1
CUST004208,15648,0.5596,8756.62
CUST004209,80496,0.707,56910.67
CUST004210,81084,0.7276,58996.72
CUST004211,227628,0.6002,136622.33
CUST004212,8880,0.6423,5703.62
CUST004213,263844,0.4038,106540.21
CUST004214,72600,0.2466,17903.16
CUST004215,47412,0.3175,15053.31
CUST004216,248940,0.1251,31142.39
CUST004217,11172,0.2729,3048.84
CUST004218,16308,0.8378,13662.84
CUST004219,13296,0.2742,3645.76
CUST004220,85248,0.593,50552.06
CUST004221,9108,0.2206,2009.22
CUST004222,64800,0.4403,28531.44
CUST004223,2328,0.2027,471.89
CUST004224,195648,0.8742,171035.48
CUST004225,63432,0.2192,13904.29
CUST004226,18996,0.8416,15987.03
CUST004227,22320,0.0653,1457.5
CUST004228,32256,0.3102,10005.81
CUST004229,190620,0.0417,7948.85
CUST004230,196488,0.0866,17015.86
CUST004231,30000,0.2618,7854.0
CUST004232,10308,0.9249,9533.87
CUST004233,20076,0.8023,16106.97
CUST004234,10824,0.7478,8094.19
CUST004235,2076,0.3252,675.12
CUST004236,1860,0.247,459.42
CUST004237,170844,0.7991,136521.44
CUST004238,14220,0.495,7038.9
CUST004239,22548,0.1853,4178.14
CUST004240,23076,0.5587,12892.56
CUST004241,7260,0.6167,4477.24
CUST004242,4932,0.8254,4070.87
CUST004243,5472,0.2955,1616.98
CUST004244,4488,0.266,1193.81
CUST004245,127284,0.6442,81996.35
CUST004246,3768,0.3077,1159.41
CUST004247,213168,0.8825,188120.76
CUST004248,92580,0.7761,71851.34
CUST004249,19224,0.8848,17009.4
CUST004250,62988,0.3332,20987.6
CUST004251,8376,0.3969,3324.43
CUST004252,147816,0.0234,3458.89
CUST004253,49692,0.397,19727.72
CUST004254,1464,0.9314,1363.57
CUST004255,43188,0.0146,630.54
CUST004256,33972,0.0742,2520.72
CUST004257,15552,0.7789,12113.45
CUST004258,17784,0.109,1938.46
CUST004259,14556,0.5748,8366.79
CUST004260,285024,0.7377,210262.2
CUST004261,57816,0.2614,15113.1
CUST004262,5892,0.8806,5188.5
CUST004263,92388,0.5833,53889.92
CUST004264,21708,0.7069,15345.39
CUST004265,87528,0.6604,57803.49
CUST004266,56796,0.4385,24905.05
CUST004267,5736,0.2665,1528.64
CUST004268,36888,0.6485,23921.87
CUST004269,150060,0.7611,114210.67
CUST004270,11436,0.0819,936.61
CUST004271,8868,0.447,3964.0
CUST004272,7056,0.5227,3688.17
CUST004273,82320,0.879,72359.28
CUST004274,41484,0.3813,15817.85
CUST004275,18780,0.3316,6227.45
CUST004276,17448,0.0967,1687.22
CUST004277,22284,0.1152,2567.12
CUST004278,5844,0.5497,3212.45
CUST004279,19044,0.3443,6556.85
CUST004280,15564,0.4953,7708.85
CUST004281,12936,0.5503,7118.68
CUST004282,78276,0.1551,12140.61
CUST004283,14988,0.8243,12354.61
CUST004284,3288,0.6022,1980.03
CUST004285,65448,0.8278,54177.85
CUST004286,42012,0.7777,32672.73
CUST004287,15708,0.1025,1610.07
CUST004288,2304,0.9203,2120.37
CUST004289,15792,0.0164,258.99
CUST004290,13176,0.359,4730.18
CUST004291,13020,0.1583,2061.07
CUST004292,8748,0.1772,1550.15
CUST004293,4476,0.8025,3591.99
CUST004294,5664,0.0369,209.0
CUST004295,158700,0.187,29676.9
CUST004296,16212,0.8733,14157.94
CUST004297,2316,0.7033,1628.84
CUST004298,112356,0.5729,64368.75
CUST004299,74172,0.2102,15590.95
CUST004300,65088,0.2322,15113.43
CUST004301,22740,0.0798,1814.65
CUST004302,13668,0.5261,7190.73
CUST004303,6432,0.4482,2882.82
CUST004304,15420,0.6532,10072.34
CUST004305,135972,0.7866,106955.58
CUST004306,183168,0.3304,60518.71
CUST004307,2088,0.2469,515.53
CUST004308,79416,0.3683,29248.91
CUST004309,20292,0.0427,866.47
CUST004310,74568,0.5785,43137.59
CUST004311,6072,0.572,3473.18
CUST004312,95928,0.1998,19166.41
CUST004313,237204,0.5593,132668.2
CUST004314,171516,0.2648,45417.44
CUST004315,243084,0.7123,173148.73
CUST004316,4164,0.7627,3175.88
CUST004317,65364,0.8399,54899.22
CUST004318,16584,0.8697,14423.1
CUST004319,267024,0.695,185581.68
CUST004320,3876,0.6628,2569.01
CUST004321,14988,0.0721,1080.63
CUST004322,7848,0.932,7314.34
CUST004323,14112,0.6077,8575.86
CUST004324,11232,0.0422,473.99
CUST004325,5112,0.1,511.2
CUST004326,43044,0.5579,24014.25
CUST004327,12960,0.7441,9643.54
CUST004328,51372,0.24,12329.28
CUST004329,24264,0.5566,13505.34
CUST004330,14256,0.6447,9190.84
CUST004331,77604,0.2643,20510.74
CUST004332,2172,0.8486,1843.16
CUST004333,49008,0.6631,32497.2
CUST004334,13236,0.6784,8979.3
CUST004335,46032,0.9289,42759.12
CUST004336,15132,0.3543,5361.27
CUST004337,116568,0.192,22381.06
CUST004338,15804,0.4451,7034.36
CUST004339,92688,0.4605,42682.82
CUST004340,22464,0.4656,10459.24
CUST004341,23676,0.1762,4171.71
CUST004342,35700,0.7525,26864.25
CUST004343,17448,0.8356,14579.55
CUST004344,13128,0.2136,2804.14
CUST004345,6072,0.7497,4552.18
CUST004346,77964,0.8699,67820.88
CUST004347,7212,0.4588,3308.87
CUST004348,59520,0.2745,16338.24
CUST004349,72024,0.907,65325.77
CUST004350,3636,0.1144,415.96
CUST004351,45876,0.3406,15625.37
CUST004352,68160,0.8259,56293.34
CUST004353,15024,0.7566,11367.16
CUST004354,48036,0.0626,3007.05
CUST004355,15360,0.7302,11215.87
CUST004356,16572,0.6282,10410.53
CUST004357,22524,0.0476,1072.14
CUST004358,58608,0.1771,10379.48
CUST004359,7656,0.2311,1769.3
CUST004360,124284,0.1261,15672.21
CUST004361,222240,0.563,125121.12
CUST004362,19608,0.8335,16343.27
CUST004363,92472,0.7085,65516.41
CUST004364,48540,0.4223,20498.44
CUST004365,14484,0.4406,6381.65
CUST004366,125136,0.176,22023.94
CUST004367,52164,0.0815,4251.37
CUST004368,7236,0.3268,2364.72
CUST004369,8484,0.0501,425.05
CUST004370,22152,0.3958,8767.76
CUST004371,249312,0.9233,230189.77
CUST004372,17556,0.5347,9387.19
CUST004373,78816,0.1908,15038.09
CUST004374,267852,0.1497,40097.44
CUST004375,21300,0.2222,4732.86
CUST004376,70380,0.6407,45092.47
CUST004377,129072,0.378,48789.22
CUST004378,4140,0.6256,2589.98
CUST004379,48072,0.8691,41779.38
CUST004380,23964,0.8037,19259.87
CUST004381,88080,0.9205,81077.64
CUST004382,13992,0.7637,10685.69
CUST004383,30252,0.5937,17960.61
CUST004384,152028,0.8155,123978.83
CUST004385,16632,0.318,5288.98
CUST004386,18288,0.1144,2092.15
CUST004387,5844,0.4148,2424.09
CUST004388,7572,0.6338,4799.13
CUST004389,249624,0.3736,93259.53
CUST004390,87768,0.9038,79324.72
CUST004391,20136,0.7664,15432.23
CUST004392,272088,0.4254,115746.24
CUST004393,94320,0.8522,80379.5
CUST004394,12480,0.9436,11776.13
CUST004395,16404,0.5962,9780.06
CUST004396,29340,0.7634,22398.16
CUST004397,34164,0.7173,24505.84
CUST004398,9780,0.3422,3346.72
CUST004399,62652,0.8261,51756.82
CUST004400,18216,0.3021,5503.05
CUST004401,70956,0.905,64215.18
CUST004402,22884,0.1637,3746.11
CUST004403,95472,0.6292,60070.98
CUST004404,283392,0.923,261570.82
CUST004405,56316,0.3229,18184.44
CUST004406,59400,0.0118,700.92
CUST004407,78168,0.438,34237.58
CUST004408,21768,0.0727,1582.53
CUST004409,6192,0.1844,1141.8
CUST004410,46596,0.566,26373.34
CUST004411,246108,0.6059,149116.84
CUST004412,18768,0.5412,10157.24
CUST004413,15756,0.8154,12847.44
CUST004414,39336,0.085,3343.56
CUST004415,124092,0.5888,73065.37
CUST004416,229764,0.8104,186200.75
CUST004417,9048,0.5578,5046.97
CUST004418,84636,0.6604,55893.61
CUST004419,18156,0.7479,13578.87
CUST004420,73260,0.6193,45369.92
CUST004421,23424,0.7843,18371.44
CUST004422,2376,0.5704,1355.27
CUST004423,281424,0.1495,42072.89
CUST004424,22320,0.9154,20431.73
CUST004425,14148,0.1653,2338.66
CUST004426,18756,0.226,4238.86
CUST004427,90672,0.5209,47231.04
CUST004428,8172,0.3108,2539.86
CUST004429,191868,0.2091,40119.6
CUST004430,21480,0.4253,9135.44
CUST004431,15804,0.5591,8836.02
CUST004432,3648,0.4713,1719.3
CUST004433,13560,0.0957,1297.69
CUST004434,22332,0.4334,9678.69
CUST004435,28908,0.4814,13916.31
CUST004436,16824,0.0967,1626.88
CUST004437,56148,0.0687,3857.37
CUST004438,197820,0.5904,116792.93
CUST004439,8364,0.7983,6676.98
CUST004440,77568,0.0908,7043.17
CUST004441,89160,0.0212,1890.19
CUST004442,10572,0.7922,8375.14
CUST004443,3708,0.3715,1377.52
CUST004444,15408,0.5119,7887.36
CUST004445,22272,0.2633,5864.22
CUST004446,20328,0.7174,14583.31
CUST004447,257400,0.3642,93745.08
CUST004448,43188,0.3628,15668.61
CUST004449,63888,0.6373,40715.82
CUST004450,2556,0.016,40.9
CUST004451,15420,0.4694,7238.15
CUST004452,218736,0.2855,62449.13
CUST004453,8232,0.8443,6950.28
CUST004454,65448,0.5971,39079.0
CUST004455,11268,0.5524,6224.44
CUST004456,89676,0.4647,41672.44
CUST004457,29076,0.6029,17529.92
CUST004458,51792,0.1171,6064.84
CUST004459,287628,0.35,100669.8
CUST004460,21060,0.0331,697.09
CUST004461,255408,0.583,148902.86
CUST004462,67212,0.2803,18839.52
CUST004463,22332,0.8074,18030.86
CUST004464,163224,0.7961,129942.63
CUST004465,74508,0.2685,20005.4
CUST004466,82668,0.7198,59504.43
CUST004467,10908,0.3523,3842.89
CUST004468,246516,0.2798,68975.18
CUST004469,19656,0.7754,15241.26
CUST004470,80256,0.427,34269.31
CUST004471,65556,0.4644,30444.21
CUST004472,36348,0.3068,11151.57
CUST004473,74496,0.7823,58278.22
CUST004474,20400,0.1291,2633.64
CUST004475,82944,0.9477,78606.03
CUST004476,15684,0.2311,3624.57
CUST004477,22548,0.4326,9754.26
CUST004478,9828,0.5348,5256.01
CUST004479,16056,0.1476,2369.87
CUST004480,224724,0.5396,121261.07
CUST004481,11436,0.0843,964.05
CUST004482,7764,0.386,2996.9
CUST004483,296472,0.1503,44559.74
CUST004484,5712,0.2192,1252.07
CUST004485,6852,0.575,3939.9
CUST004486,38988,0.9438,36796.87
CUST004487,94788,0.9316,88304.5
CUST004488,13128,0.3107,4078.87
CUST004489,43356,0.692,30002.35
CUST004490,52488,0.5781,30343.31
CUST004491,9024,0.9316,8406.76
CUST004492,10080,0.0339,341.71
CUST004493,14352,0.6692,9604.36
CUST004494,3636,0.817,2970.61
CUST004495,57096,0.8576,48965.53
CUST004496,65328,0.0715,4670.95
CUST004497,14232,0.2047,2913.29
CUST004498,11172,0.7809,8724.21
CUST004499,15576,0.6458,10058.98
CUST004500,32568,0.4457,14515.56
CUST004501,10908,0.2709,2954.98
CUST004502,87252,0.873,76171.0
CUST004503,10680,0.2744,2930.59
CUST004504,53736,0.7387,39694.78
CUST004505,84384,0.3695,31179.89
CUST004506,74892,0.7315,54783.5
CUST004507,16668,0.4698,7830.63
CUST004508,16284,0.7163,11664.23
CUST004509,212124,0.0938,19897.23
CUST004510,16020,0.57,9131.4
CUST004511,111480,0.5057,56375.44
CUST004512,82596,0.5979,49384.15
CUST004513,15600,0.7801,12169.56
CUST004514,51612,0.7443,38414.81
CUST004515,39552,0.6887,27239.46
CUST004516,9876,0.1416,1398.44
CUST004517,16524,0.3202,5290.98
CUST004518,60048,0.8448,50728.55
CUST004519,39228,0.4972,19504.16
CUST004520,52056,0.2641,13747.99
CUST004521,2676,0.4613,1234.44
CUST004522,73116,0.0126,921.26
CUST004523,222216,0.6304,140084.97
CUST004524,1716,0.3358,576.23
CUST004525,36792,0.5927,21806.62
CUST004526,60504,0.137,8289.05
CUST004527,243528,0.5159,125636.1
CUST004528,9780,0.9146,8944.79
CUST004529,10272,0.1779,1827.39
CUST004530,64428,0.2084,13426.8
CUST004531,22896,0.1858,4254.08
CUST004532,111600,0.1001,11171.16
CUST004533,10644,0.5919,6300.18
CUST004534,200664,0.875,175581.0
CUST004535,2496,0.3083,769.52
CUST004536,12708,0.4577,5816.45
CUST004537,14340,0.5275,7564.35
CUST004538,184248,0.4785,88162.67
CUST004539,5676,0.6053,3435.68
CUST004540,17748,0.1573,2791.76
CUST004541,94608,0.1827,17284.88
CUST004542,75984,0.1518,11534.37
CUST004543,19164,0.7175,13750.17
CUST004544,6480,0.3574,2315.95
CUST004545,89472,0.3233,28926.3
CUST004546,59784,0.3615,21611.92
CUST004547,14052,0.8154,11458.0
CUST004548,18804,0.4567,8587.79
CUST004549,53352,0.8578,45765.35
CUST004550,21768,0.2769,6027.56
CUST004551,10704,0.4921,5267.44
CUST004552,51936,0.3119,16198.84
CUST004553,48204,0.4476,21576.11
CUST004554,16692,0.867,14471.96
CUST004555,54336,0.3783,20555.31
CUST004556,76332,0.9052,69095.73
CUST004557,16848,0.2498,4208.63
CUST004558,175776,0.4683,82315.9
CUST004559,2136,0.7316,1562.7
CUST004560,78816,0.8737,68861.54
CUST004561,144036,0.6401,92197.44
CUST004562,6864,0.2552,1751.69
CUST004563,37008,0.3513,13000.91
CUST004564,266232,0.6256,166554.74
CUST004565,68376,0.8072,55193.11
CUST004566,45996,0.3686,16954.13
CUST004567,179004,0.5768,103249.51
CUST004568,60420,0.22,13292.4
CUST004569,130824,0.4148,54265.8
CUST004570,10392,0.126,1309.39
CUST004571,36492,0.6269,22876.83
CUST004572,44064,0.0677,2983.13
CUST004573,26580,0.2151,5717.36
CUST004574,61488,0.5939,36517.72
CUST004575,23760,0.2147,5101.27
CUST004576,23244,0.9215,21419.35
CUST004577,43560,0.2192,9548.35
CUST004578,14976,0.8119,12159.01
CUST004579,23400,0.1143,2674.62
CUST004580,10044,0.0856,859.77
CUST004581,91668,0.7701,70593.53
CUST004582,56124,0.2067,11600.83
CUST004583,1680,0.6435,1081.08
CUST004584,3972,0.6773,2690.24
CUST004585,1668,0.1492,248.87
CUST004586,17424,0.7407,12905.96
CUST004587,38652,0.814,31462.73
CUST004588,7080,0.2711,1919.39
CUST004589,207360,0.8434,174887.42
CUST004590,15828,0.6927,10964.06
CUST004591,51732,0.3442,17806.15
CUST004592,46620,0.2644,12326.33
CUST004593,23808,0.5881,14001.48
CUST004594,186324,0.7356,137059.93
CUST004595,15132,0.6,9079.2
CUST004596,15720,0.7198,11315.26
CUST004597,269088,0.1148,30891.3
CUST004598,21060,0.1484,3125.3
CUST004599,1548,0.0335,51.86
CUST004600,9276,0.8303,7701.86
CUST004601,8880,0.2813,2497.94
CUST004602,20868,0.231,4820.51
CUST004603,232164,0.3828,88872.38
CUST004604,29880,0.4763,14231.84
CUST004605,59520,0.7867,46824.38
CUST004606,258672,0.1059,27393.36
CUST004607,17004,0.0681,1157.97
CUST004608,66528,0.0146,971.31
CUST004609,8940,0.1031,921.71
CUST004610,4368,0.392,1712.26
CUST004611,16020,0.9391,15044.38
CUST004612,13512,0.3011,4068.46
CUST004613,11988,0.1018,1220.38
CUST004614,112668,0.0919,10354.19
CUST004615,72960,0.7746,56514.82
CUST004616,112032,0.3582,40129.86
CUST004617,211176,0.0552,11656.92
CUST004618,2544,0.9344,2377.11
CUST004619,21372,0.8937,19100.16
CUST004620,222300,0.7863,174794.49
CUST004621,90864,0.8348,75853.27
CUST004622,89424,0.6092,54477.1
CUST004623,15672,0.6142,9625.74
CUST004624,80508,0.6412,51621.73
CUST004625,23916,0.8322,19902.9
CUST004626,26412,0.8701,22981.08
CUST004627,38796,0.8163,31669.17
CUST004628,177984,0.322,57310.85
CUST004629,176892,0.4667,82555.5
CUST004630,20808,0.037,769.9
CUST004631,201612,0.4584,92418.94
CUST004632,75480,0.6725,50760.3
CUST004633,210552,0.3561,74977.57
CUST004634,35364,0.8642,30561.57
CUST004635,76032,0.6184,47018.19
CUST004636,16956,0.913,15480.83
CUST004637,73500,0.647,47554.5
CUST004638,6324,0.2791,1765.03
CUST004639,35268,0.7908,27889.93
CUST004640,17652,0.882,15569.06
CUST004641,15312,0.9219,14116.13
CUST004642,41652,0.0992,4131.88
CUST004643,94488,0.9296,87836.04
CUST004644,13476,0.5414,7295.91
CUST004645,42696,0.3757,16040.89
CUST004646,21816,0.6572,14337.48
CUST004647,27192,0.1565,4255.55
CUST004648,13296,0.8656,11509.02
CUST004649,67524,0.9339,63060.66
CUST004650,234780,0.8831,207334.22
CUST004651,71208,0.0989,7042.47
CUST004652,298020,0.0572,17046.74
CUST004653,54720,0.5425,29685.6
CUST004654,11244,0.1358,1526.94
CUST004655,9828,0.2982,2930.71
CUST004656,9060,0.6809,6168.95
CUST004657,31992,0.856,27385.15
CUST004658,84480,0.0451,3810.05
CUST004659,85308,0.3299,28143.11
CUST004660,41304,0.3074,12696.85
CUST004661,66444,0.2073,13773.84
CUST004662,15240,0.4561,6950.96
CUST004663,76908,0.2047,15743.07
CUST004664,22704,0.0372,844.59
CUST004665,294888,0.4471,131844.42
CUST004666,269376,0.7469,201196.93
CUST004667,52044,0.5421,28213.05
CUST004668,66348,0.8885,58950.2
CUST004669,22584,0.7305,16497.61
CUST004670,51756,0.8673,44887.98
CUST004671,232572,0.3583,83330.55
CUST004672,227076,0.5272,119714.47
CUST004673,11016,0.7671,8450.37
CUST004674,8808,0.1849,1628.6
CUST004675,92160,0.7383,68041.73
CUST004676,14940,0.186,2778.84
CUST004677,95076,0.6617,62911.79
CUST004678,4284,0.3832,1641.63
CUST004679,20700,0.2213,4580.91
CUST004680,23460,0.5815,13641.99
CUST004681,15120,0.3622,5476.46
CUST004682,22728,0.9105,20693.84
CUST004683,75420,0.2797,21094.97
CUST004684,9216,0.2549,2349.16
CUST004685,67668,0.4745,32108.47
CUST004686,38868,0.279,10844.17
CUST004687,13020,0.4856,6322.51
CUST004688,37956,0.9145,34710.76
CUST004689,17544,0.8705,15272.05
CUST004690,21372,0.8566,18307.26
CUST004691,3360,0.0471,158.26
CUST004692,17940,0.8786,15762.08
CUST004693,12168,0.6882,8374.02
CUST004694,7356,0.1558,1146.06
CUST004695,131988,0.2134,28166.24
CUST004696,12252,0.1474,1805.94
CUST004697,95340,0.8083,77063.32
CUST004698,91740,0.3133,28742.14
CUST004699,18312,0.8303,15204.45
CUST004700,5388,0.6937,3737.66
CUST004701,23208,0.0922,2139.78
CUST004702,210948,0.7753,163547.98
CUST004703,19980,0.9271,18523.46
CUST004704,81096,0.178,14435.09
CUST004705,8508,0.4513,3839.66
CUST004706,9204,0.7851,7226.06
CUST004707,9576,0.2585,2475.4
CUST004708,20592,0.0636,1309.65
CUST004709,26232,0.1898,4978.83
CUST004710,11016,0.4975,5480.46
CUST004711,188952,0.8353,157831.61
CUST004712,181380,0.8749,158689.36
CUST004713,19176,0.2638,5058.63
CUST004714,7728,0.4356,3366.32
CUST004715,296028,0.5132,151921.57
CUST004716,19656,0.5074,9973.45
CUST004717,53688,0.441,23676.41
CUST004718,13956,0.632,8820.19
CUST004719,33960,0.1871,6353.92
CUST004720,15948,0.0433,690.55
CUST004721,110508,0.1334,14741.77
CUST004722,23772,0.0313,744.06
CUST004723,75120,0.5431,40797.67
CUST004724,73416,0.0769,5645.69
CUST004725,6168,0.1912,1179.32
CUST004726,1512,0.8068,1219.88
CUST004727,20916,0.2801,5858.57
CUST004728,21000,0.076,1596.0
CUST004729,14688,0.4033,5923.67
CUST004730,147180,0.803,118185.54
CUST004731,14460,0.2886,4173.16
CUST004732,11268,0.5962,6717.98
CUST004733,17640,0.7027,12395.63
CUST004734,132192,0.8812,116487.59
CUST004735,94596,0.7159,67721.28
CUST004736,5208,0.866,4510.13
CUST004737,9924,0.1934,1919.3
CUST004738,13620,0.6796,9256.15
CUST004739,12816,0.8192,10498.87
CUST004740,20304,0.5389,10941.83
CUST004741,18108,0.6205,11236.01
CUST004742,14016,0.5336,7478.94
CUST004743,80268,0.6079,48794.92
CUST004744,27120,0.0278,753.94
CUST004745,36492,0.7058,25756.05
CUST004746,13560,0.8448,11455.49
CUST004747,7212,0.5151,3714.9
CUST004748,72900,0.6887,50206.23
CUST004749,110340,0.8729,96315.79
CUST004750,166224,0.7146,118783.67
CUST004751,208608,0.0505,10534.7
CUST004752,46620,0.3223,15025.63
CUST004753,85764,0.0677,5806.22
CUST004754,22272,0.3966,8833.08
CUST004755,89436,0.5546,49601.21
CUST004756,22632,0.9032,20441.22
CUST004757,8352,0.6933,5790.44
CUST004758,22032,0.5792,12760.93
CUST004759,15576,0.6794,10582.33
CUST004760,5208,0.2252,1172.84
CUST004761,28548,0.6734,19224.22
CUST004762,23664,0.7515,17783.5
CUST004763,72660,0.5025,36511.65
CUST004764,76416,0.8098,61881.68
CUST004765,21216,0.6534,13862.53
CUST004766,42792,0.3713,15888.67
CUST004767,6624,0.3335,2209.1
CUST004768,3828,0.6032,2309.05
CUST004769,181440,0.6167,111894.05
CUST004770,21612,0.062,1339.94
CUST004771,185616,0.1496,27768.15
CUST004772,10224,0.1137,1162.47
CUST004773,55068,0.3833,21107.56
CUST004774,22692,0.1163,2639.08
CUST004775,18720,0.7833,14663.38
CUST004776,17664,0.259,4574.98
CUST004777,176064,0.8431,148439.56
CUST004778,14364,0.3846,5524.39
CUST004779,7248,0.2595,1880.86
CUST004780,12072,0.2045,2468.72
CUST004781,74604,0.8654,64562.3
CUST004782,1920,0.0401,76.99
CUST004783,21780,0.2062,4491.04
CUST004784,3144,0.9228,2901.28
CUST004785,230880,0.7412,171128.26
CUST004786,51504,0.4812,24783.72
CUST004787,7704,0.7467,5752.58
CUST004788,16956,0.1677,2843.52
CUST004789,12552,0.024,301.25
CUST004790,190932,0.3896,74387.11
CUST004791,155376,0.2891,44919.2
CUST004792,273132,0.1324,36162.68
CUST004793,18840,0.5323,10028.53
CUST004794,8652,0.1048,906.73
CUST004795,96576,0.1402,13539.96
CUST004796,65016,0.8002,52025.8
CUST004797,16200,0.8529,13816.98
CUST004798,50400,0.887,44704.8
CUST004799,16704,0.6706,11201.7
CUST004800,5340,0.2606,1391.6
CUST004801,251196,0.4157,104422.18
CUST004802,7512,0.5852,4396.02
CUST004803,95004,0.687,65267.75
CUST004804,1668,0.5741,957.6
CUST004805,281820,0.6189,174418.4
CUST004806,5196,0.5575,2896.77
CUST004807,7152,0.824,5893.25
CUST004808,9708,0.6126,5947.12
CUST004809,14652,0.9354,13705.48
CUST004810,95220,0.5784,55075.25
CUST004811,4452,0.3672,1634.77
CUST004812,229200,0.1082,24799.44
CUST004813,154740,0.5659,87567.37
CUST004814,82788,0.2385,19744.94
CUST004815,83364,0.0392,3267.87
CUST004816,66360,0.8285,54979.26
CUST004817,89160,0.7424,66192.38
CUST004818,8268,0.2026,1675.1
CUST004819,128268,0.3848,49357.53
CUST004820,114864,0.9231,106030.96
CUST004821,5172,0.0721,372.9
CUST004822,12888,0.4092,5273.77
CUST004823,271380,0.4766,129339.71
CUST004824,83352,0.9495,79142.72
CUST004825,41016,0.4104,16832.97
CUST004826,40608,0.5895,23938.42
CUST004827,6384,0.7503,4789.92
CUST004828,10932,0.2009,2196.24
CUST004829,14664,0.7878,11552.3
CUST004830,9528,0.6869,6544.78
CUST004831,35628,0.1221,4350.18
CUST004832,22836,0.4011,9159.52
CUST004833,12540,0.3724,4669.9
CUST004834,65316,0.2893,18895.92
CUST004835,83592,0.0754,6302.84
CUST004836,19608,0.7109,13939.33
CUST004837,28488,0.4519,12873.73
CUST004838,156456,0.1449,22670.47
CUST004839,2112,0.2864,604.88
CUST004840,49392,0.3943,19475.27
CUST004841,284856,0.2584,73606.79
CUST004842,27276,0.2328,6349.85
CUST004843,257676,0.8294,213716.47
CUST004844,3336,0.4519,1507.54
CUST004845,3540,0.4062,1437.95
CUST004846,91632,0.8697,79692.35
CUST004847,54384,0.3265,17756.38
CUST004848,19740,0.5432,10722.77
CUST004849,22392,0.6519,14597.34
CUST004850,52668,0.5057,26634.21
CUST004851,31320,0.8367,26205.44
CUST004852,8172,0.0678,554.06
CUST004853,16380,0.6458,10578.2
CUST004854,63660,0.2193,13960.64
CUST004855,122892,0.033,4055.44
CUST004856,17364,0.8027,13938.08
CUST004857,63984,0.099,6334.42
CUST004858,69600,0.5201,36198.96
CUST004859,212256,0.6688,141956.81
CUST004860,78252,0.5457,42702.12
CUST004861,20208,0.4881,9863.52
CUST004862,14724,0.1061,1562.22
CUST004863,8628,0.904,7799.71
CUST004864,210708,0.763,160770.2
CUST004865,286092,0.4522,129370.8
CUST004866,23052,0.0487,1122.63
CUST004867,4728,0.441,2085.05
CUST004868,60456,0.2906,17568.51
CUST004869,1440,0.5549,799.06
CUST004870,46536,0.7343,34171.38
CUST004871,16116,0.2431,3917.8
CUST004872,17016,0.8062,13718.3
CUST004873,18816,0.4947,9308.28
CUST004874,189324,0.6103,115544.44
CUST004875,18468,0.2202,4066.65
CUST004876,23424,0.1001,2344.74
CUST004877,74292,0.015,1114.38
CUST004878,74676,0.0126,940.92
CUST004879,20616,0.5318,10963.59
CUST004880,62760,0.2294,14397.14
CUST004881,16692,0.8046,13430.38
CUST004882,5748,0.291,1672.67
CUST004883,7104,0.2685,1907.42
CUST004884,87936,0.2758,24252.75
CUST004885,65928,0.5863,38653.59
CUST004886,28044,0.7886,22115.5
CUST004887,49596,0.9018,44725.67
CUST004888,16188,0.588,9518.54
CUST004889,7128,0.5903,4207.66
CUST004890,12828,0.4182,5364.67
CUST004891,64344,0.2079,13377.12
CUST004892,16272,0.0122,198.52
CUST004893,85920,0.0548,4708.42
CUST004894,13968,0.5975,8345.88
CUST004895,19356,0.0727,1407.18
CUST004896,19512,0.2941,5738.48
CUST004897,201336,0.471,94829.26
CUST004898,10752,0.3774,4057.8
CUST004899,62352,0.3873,24148.93
CUST004900,48768,0.1393,6793.38
CUST004901,8676,0.1121,972.58
CUST004902,66372,0.6877,45644.02
CUST004903,13380,0.6346,8490.95
CUST004904,19344,0.581,11238.86
CUST004905,4152,0.617,2561.78
CUST004906,20628,0.7248,14951.17
CUST004907,8388,0.1733,1453.64
CUST004908,22884,0.7842,17945.63
CUST004909,46848,0.048,2248.7
CUST004910,11112,0.1533,1703.47
CUST004911,10968,0.8396,9208.73
CUST004912,86664,0.4243,36771.54
CUST004913,285828,0.0494,14119.9
CUST004914,53820,0.4558,24531.16
CUST004915,19212,0.8693,16700.99
CUST004916,56364,0.7978,44967.2
CUST004917,34440,0.3403,11719.93
CUST004918,13140,0.8848,11626.27
CUST004919,24636,0.6963,17154.05
CUST004920,15768,0.7297,11505.91
CUST004921,156324,0.0417,6518.71
CUST004922,14628,0.0944,1380.88
CUST004923,4908,0.6633,3255.48
CUST004924,54852,0.8691,47671.87
CUST004925,14604,0.8123,11862.83
CUST004926,37788,0.8029,30339.99
CUST004927,58704,0.4694,27555.66
CUST004928,10524,0.226,2378.42
CUST004929,16044,0.6875,11030.25
CUST004930,4380,0.2789,1221.58
CUST004931,19128,0.6596,12616.83
CUST004932,78924,0.2449,19328.49
CUST004933,75228,0.1024,7703.35
CUST004934,40776,0.5207,21232.06
CUST004935,61176,0.3909,23913.7
CUST004936,3360,0.7126,2394.34
CUST004937,204060,0.0927,18916.36
CUST004938,14208,0.2631,3738.12
CUST004939,30864,0.4134,12759.18
CUST004940,197652,0.7651,151223.55
CUST004941,19200,0.9311,17877.12
CUST004942,12360,0.2365,2923.14
CUST004943,58980,0.3479,20519.14
CUST004944,76128,0.6609,50313.0
CUST004945,3912,0.1735,678.73
CUST004946,46104,0.6895,31788.71
CUST004947,145092,0.4591,66611.74
CUST004948,16764,0.8519,14281.25
CUST004949,70572,0.1534,10825.74
CUST004950,23952,0.1588,3803.58
CUST004951,201132,0.2106,42358.4
CUST004952,9492,0.2669,2533.41
CUST004953,5928,0.367,2175.58
CUST004954,1944,0.4652,904.35
CUST004955,89592,0.2678,23992.74
CUST004956,58824,0.4267,25100.2
CUST004957,49764,0.569,28315.72
CUST004958,2868,0.8041,2306.16
CUST004959,159120,0.5644,89807.33
CUST004960,21516,0.3441,7403.66
CUST004961,19896,0.1295,2576.53
CUST004962,16908,0.7758,13117.23
CUST004963,5316,0.3353,1782.45
CUST004964,104568,0.177,18508.54
CUST004965,20868,0.1653,3449.48
CUST004966,109968,0.3233,35552.65
CUST004967,18552,0.1562,2897.82
CUST004968,20520,0.3925,8054.1
CUST004969,94284,0.3286,30981.72
CUST004970,6744,0.6944,4683.03
CUST004971,15936,0.0613,976.88
CUST004972,8088,0.1207,976.22
CUST004973,244884,0.4324,105887.84
CUST004974,75108,0.7475,56143.23
CUST004975,68604,0.862,59136.65
CUST004976,73620,0.8887,65426.09
CUST004977,42876,0.947,40603.57
CUST004978,79500,0.606,48177.0
CUST004979,22944,0.6989,16035.56
CUST004980,16968,0.5515,9357.85
CUST004981,20892,0.1193,2492.42
CUST004982,19848,0.2137,4241.52
CUST004983,14328,0.7361,10546.84
CUST004984,18672,0.7381,13781.8
CUST004985,93384,0.3389,31647.84
CUST004986,42636,0.059,2515.52
CUST004987,81732,0.6781,55422.47
CUST004988,150024,0.1304,19563.13
CUST004989,71436,0.8843,63170.85
CUST004990,58548,0.2761,16165.1
CUST004991,64620,0.4656,30087.07
CUST004992,11556,0.747,8632.33
CUST004993,38364,0.8855,33971.32
CUST004994,14904,0.8479,12637.1
CUST004995,35220,0.1033,3638.23
CUST004996,8028,0.0768,616.55
CUST004997,247248,0.3305,81715.46
CUST004998,28440,0.8681,24688.76
CUST004999,87636,0.9413,82491.77
CUST005000,149256,0.9031,134793.09
CUST005001,15336,0.3735,5728.0
CUST005002,72108,0.7581,54665.07
CUST005003,280800,0.3598,101031.84
CUST005004,62352,0.4709,29361.56
CUST005005,44952,0.8694,39081.27
CUST005006,9384,0.1357,1273.41
CUST005007,15000,0.3421,5131.5
CUST005008,64548,0.9465,61094.68
CUST005009,24084,0.0134,322.73
CUST005010,3372,0.4228,1425.68
CUST005011,32736,0.8536,27943.45
CUST005012,13728,0.2324,3190.39
CUST005013,202728,0.774,156911.47
CUST005014,32148,0.6257,20115.0
CUST005015,13236,0.8275,10952.79
CUST005016,90336,0.198,17886.53
CUST005017,16608,0.7278,12087.3
CUST005018,27312,0.6862,18741.49
CUST005019,93060,0.9335,86871.51
CUST005020,39036,0.4621,18038.54
CUST005021,13008,0.948,12331.58
CUST005022,15600,0.7609,11870.04
CUST005023,5820,0.6759,3933.74
CUST005024,92472,0.6964,64397.5
CUST005025,245952,0.3137,77155.14
CUST005026,30900,0.5733,17714.97
CUST005027,6588,0.4371,2879.61
CUST005028,23952,0.7225,17305.32
CUST005029,91284,0.9173,83734.81
CUST005030,96372,0.6924,66727.97
CUST005031,4164,0.4771,1986.64
CUST005032,52392,0.0278,1456.5
CUST005033,52788,0.1982,10462.58
CUST005034,14016,0.8925,12509.28
CUST005035,5988,0.6697,4010.16
CUST005036,13464,0.8138,10957.0
CUST005037,17952,0.9332,16752.81
CUST005038,11988,0.3975,4765.23
CUST005039,65304,0.6523,42597.8
CUST005040,96552,0.1742,16819.36
CUST005041,7188,0.7816,5618.14
CUST005042,18480,0.1738,3211.82
CUST005043,16512,0.9038,14923.55
CUST005044,87060,0.2288,19919.33
CUST005045,12036,0.8101,9750.36
CUST005046,76848,0.7491,57566.84
CUST005047,13008,0.345,4487.76
CUST005048,208296,0.092,19163.23
CUST005049,77556,0.2511,19474.31
CUST005050,7644,0.3828,2926.12
CUST005051,22476,0.5624,12640.5
CUST005052,72996,0.5485,40038.31
CUST005053,12156,0.898,10916.09
CUST005054,15204,0.268,4074.67
CUST005055,94692,0.8504,80526.08
CUST005056,14736,0.7893,11631.12
CUST005057,36228,0.4532,16418.53
CUST005058,46332,0.8433,39071.78
CUST005059,22164,0.4396,9743.29
CUST005060,68364,0.2851,19490.58
CUST005061,84084,0.7773,65358.49
CUST005062,93264,0.2022,18857.98
CUST005063,39876,0.3059,12198.07
CUST005064,8952,0.2956,2646.21
CUST005065,19896,0.4362,8678.64
CUST005066,22548,0.1535,3461.12
CUST005067,32580,0.7101,23135.06
CUST005068,16224,0.2053,3330.79
CUST005069,30300,0.6649,20146.47
CUST005070,41172,0.9345,38475.23
CUST005071,22332,0.5458,12188.81
CUST005072,78696,0.0706,5555.94
CUST005073,171300,0.1347,23074.11
CUST005074,19884,0.0389,773.49
CUST005075,295320,0.4966,146655.91
CUST005076,77148,0.1464,11294.47
CUST005077,232560,0.9383,218211.05
CUST005078,173664,0.2335,40550.54
CUST005079,51840,0.8838,45816.19
CUST005080,88128,0.2976,26226.89
CUST005081,222300,0.2527,56175.21
CUST005082,191856,0.0304,5832.42
CUST005083,21600,0.8773,18949.68
CUST005084,16368,0.6395,10467.34
CUST005085,2868,0.0253,72.56
CUST005086,12528,0.53,6639.84
CUST005087,7512,0.3309,2485.72
CUST005088,81180,0.4989,40500.7
CUST005089,46284,0.4632,21438.75
CUST005090,23568,0.9107,21463.38
CUST005091,51156,0.4746,24278.64
CUST005092,17712,0.6881,12187.63
CUST005093,46368,0.8899,41262.88
CUST005094,59016,0.2099,12387.46
CUST005095,80784,0.6329,51128.19
CUST005096,85008,0.7423,63101.44
CUST005097,71232,0.5526,39362.8
CUST005098,105600,0.6902,72885.12
CUST005099,195912,0.3701,72507.03
CUST005100,76332,0.8297,63332.66
CUST005101,4956,0.164,812.78
CUST005102,55452,0.3148,17456.29
CUST005103,19776,0.4098,8104.2
CUST005104,10092,0.6722,6783.84
CUST005105,9168,0.1824,1672.24
CUST005106,1596,0.6594,1052.4
CUST005107,3396,0.615,2088.54
CUST005108,2316,0.8197,1898.43
CUST005109,20436,0.6797,13890.35
CUST005110,16428,0.5865,9635.02
CUST005111,73488,0.3615,26565.91
CUST005112,11172,0.2289,2557.27
CUST005113,13668,0.2596,3548.21
CUST005114,60792,0.2274,13824.1
CUST005115,24252,0.9124,22127.52
CUST005116,237492,0.7478,177596.52
CUST005117,3360,0.7317,2458.51
CUST005118,247572,0.6477,160352.38
CUST005119,11112,0.151,1677.91
CUST005120,85296,0.6789,57907.45
CUST005121,2172,0.2109,458.07
CUST005122,34164,0.8506,29059.9
CUST005123,80220,0.0499,4002.98
CUST005124,5292,0.9447,4999.35
CUST005125,17436,0.4298,7493.99
CUST005126,6564,0.5192,3408.03
CUST005127,61296,0.7242,44390.56
CUST005128,32640,0.4479,14619.46
CUST005129,187476,0.8981,168372.2
CUST005130,22248,0.3383,7526.5
CUST005131,3312,0.915,3030.48
CUST005132,11808,0.0824,972.98
CUST005133,4200,0.3383,1420.86
CUST005134,36912,0.1905,7031.74
CUST005135,88428,0.1913,16916.28
CUST005136,16776,0.7105,11919.35
CUST005137,86820,0.6906,59957.89
CUST005138,20040,0.5024,10068.1
CUST005139,153468,0.1115,17111.68
CUST005140,64656,0.9354,60479.22
CUST005141,13560,0.44,5966.4
CUST005142,86928,0.8514,74010.5
CUST005143,15516,0.6947,10778.97
CUST005144,20184,0.5269,10634.95
CUST005145,4392,0.1999,877.96
CUST005146,214068,0.6845,146529.55
CUST005147,274548,0.5772,158469.11
CUST005148,51204,0.0229,1172.57
CUST005149,92544,0.357,33038.21
CUST005150,14928,0.3286,4905.34
CUST005151,77400,0.9497,73506.78
CUST005152,32616,0.1663,5424.04
CUST005153,7860,0.702,5517.72
CUST005154,3468,0.5455,1891.79
CUST005155,3996,0.771,3080.92
CUST005156,14196,0.8639,12263.92
CUST005157,168420,0.0413,6955.75
CUST005158,2016,0.2792,562.87
CUST005159,21084,0.1832,3862.59
CUST005160,232200,0.4733,109900.26
CUST005161,22176,0.2754,6107.27
CUST005162,87468,0.6352,55559.67
CUST005163,41916,0.1056,4426.33
CUST005164,10752,0.2949,3170.76
CUST005165,204588,0.9439,193110.61
CUST005166,53544,0.4704,25187.1
CUST005167,132792,0.9279,123217.7
CUST005168,73848,0.704,51988.99
CUST005169,10872,0.7981,8676.94
CUST005170,13548,0.2932,3972.27
CUST005171,7128,0.0935,666.47
CUST005172,78084,0.8507,66426.06
CUST005173,7848,0.5245,4116.28
CUST005174,87720,0.2613,22921.24
CUST005175,21864,0.8801,19242.51
CUST005176,299580,0.92,275613.6
CUST005177,3744,0.7718,2889.62
CUST005178,52836,0.1162,6139.54
CUST005179,23724,0.5902,14001.9
CUST005180,66780,0.4276,28555.13
CUST005181,63924,0.721,46089.2
CUST005182,23328,0.6354,14822.61
CUST005183,61776,0.6162,38066.37
CUST005184,84156,0.2954,24859.68
CUST005185,135972,0.0596,8103.93
CUST005186,29232,0.7447,21769.07
CUST005187,31308,0.16,5009.28
CUST005188,10920,0.7361,8038.21
CUST005189,17472,0.4829,8437.23
CUST005190,20292,0.6278,12739.32
CUST005191,90696,0.2591,23499.33
CUST005192,99120,0.4674,46328.69
CUST005193,91560,0.9498,86963.69
CUST005194,6180,0.1045,645.81
CUST005195,3324,0.194,644.86
CUST005196,5340,0.023,122.82
CUST005197,83976,0.7065,59329.04
CUST005198,51108,0.6545,33450.19
CUST005199,4572,0.5513,2520.54
CUST005200,230928,0.8229,190030.65
CUST005201,267516,0.1019,27259.88
CUST005202,13860,0.2041,2828.83
CUST005203,2640,0.1716,453.02
CUST005204,21204,0.6008,12739.36
CUST005205,17460,0.9023,15754.16
CUST005206,39120,0.277,10836.24
CUST005207,21396,0.4555,9745.88
CUST005208,3912,0.6605,2583.88
CUST005209,85308,0.4185,35701.4
CUST005210,9588,0.229,2195.65
CUST005211,78108,0.6952,54300.68
CUST005212,3336,0.1099,366.63
CUST005213,87456,0.9276,81124.19
CUST005214,21672,0.2152,4663.81
CUST005215,11148,0.4375,4877.25
CUST005216,21948,0.0714,1567.09
CUST005217,48012,0.5063,24308.48
CUST005218,250092,0.8575,214453.89
CUST005219,40908,0.565,23113.02
CUST005220,126288,0.6297,79523.55
CUST005221,19488,0.3724,7257.33
CUST005222,77040,0.7176,55283.9
CUST005223,92064,0.0489,4501.93
CUST005224,88320,0.4625,40848.0
CUST005225,51060,0.376,19198.56
CUST005226,19716,0.669,13190.0
CUST005227,8724,0.0407,355.07
CUST005228,9588,0.0332,318.32
CUST005229,105840,0.1454,15389.14
CUST005230,6732,0.3788,2550.08
CUST005231,58548,0.1478,8653.39
CUST005232,279228,0.0274,7650.85
CUST005233,17796,0.6479,11530.03
CUST005234,68580,0.5818,39899.84
CUST005235,160140,0.6473,103658.62
CUST005236,2688,0.4052,1089.18
CUST005237,250428,0.8337,208781.82
CUST005238,18024,0.2596,4679.03
CUST005239,64884,0.1974,12808.1
CUST005240,298248,0.5864,174892.63
CUST005241,10200,0.7601,7753.02
CUST005242,22404,0.491,11000.36
CUST005243,37884,0.0605,2291.98
CUST005244,14640,0.1588,2324.83
CUST005245,74220,0.4561,33851.74
CUST005246,242892,0.8596,208789.96
CUST005247,4188,0.26,1088.88
CUST005248,22344,0.8566,19139.87
CUST005249,158772,0.0728,11558.6
CUST005250,33636,0.26,8745.36
CUST005251,18276,0.7691,14056.07
CUST005252,5808,0.9395,5456.62
CUST005253,6924,0.5991,4148.17
CUST005254,70512,0.5845,41214.26
CUST005255,10452,0.4294,4488.09
CUST005256,95568,0.2484,23739.09
CUST005257,25716,0.3533,9085.46
CUST005258,4644,0.4815,2236.09
CUST005259,16812,0.5371,9029.73
CUST005260,78984,0.3693,29168.79
CUST005261,60564,0.9332,56518.32
CUST005262,52440,0.5306,27824.66
CUST005263,22416,0.4336,9719.58
CUST005264,59820,0.6753,40396.45
CUST005265,1968,0.1005,197.78
CUST005266,84156,0.3905,32862.92
CUST005267,63492,0.0112,711.11
CUST005268,30684,0.7413,22746.05
CUST005269,9744,0.4242,4133.4
CUST005270,246408,0.5805,143039.84
CUST005271,14544,0.9082,13208.86
CUST005272,37968,0.9227,35033.07
CUST005273,84492,0.183,15462.04
CUST005274,149664,0.8337,124774.88
CUST005275,22308,0.57,12715.56
CUST005276,2964,0.1301,385.62
CUST005277,13104,0.6998,9170.18
CUST005278,62616,0.6266,39235.19
CUST005279,5892,0.6829,4023.65
CUST005280,15204,0.7022,10676.25
CUST005281,41568,0.0608,2527.33
CUST005282,16980,0.2838,4818.92
CUST005283,54672,0.2476,13536.79
CUST005284,46812,0.1848,8650.86
CUST005285,16536,0.0829,1370.83
CUST005286,11964,0.053,634.09
CUST005287,203652,0.4476,91154.64
CUST005288,17004,0.3523,5990.51
CUST005289,10476,0.1928,2019.77
CUST005290,15948,0.5679,9056.87
CUST005291,70236,0.3246,22798.61
CUST005292,36408,0.65,23665.2
CUST005293,11796,0.5595,6599.86
CUST005294,31308,0.4331,13559.49
CUST005295,9720,0.2768,2690.5
CUST005296,8076,0.3526,2847.6
CUST005297,66924,0.5604,37504.21
CUST005298,112620,0.9295,104680.29
CUST005299,51408,0.7896,40591.76
CUST005300,8472,0.2568,2175.61
CUST005301,14520,0.3839,5574.23
CUST005302,43728,0.1765,7717.99
CUST005303,158880,0.2467,39195.7
CUST005304,4824,0.721,3478.1
CUST005305,81252,0.4957,40276.62
CUST005306,50508,0.5628,28425.9
CUST005307,22116,0.815,18024.54
CUST005308,15336,0.0779,1194.67
CUST005309,20400,0.7614,15532.56
CUST005310,9372,0.4414,4136.8
CUST005311,27372,0.9417,25776.21
CUST005312,24600,0.139,3419.4
CUST005313,6324,0.8882,5616.98
CUST005314,9660,0.5099,4925.63
CUST005315,70116,0.1906,13364.11
CUST005316,245844,0.1386,34073.98
CUST005317,23700,0.7646,18121.02
CUST005318,18408,0.6557,12070.13
CUST005319,41712,0.726,30282.91
CUST005320,285720,0.1321,37743.61
CUST005321,70932,0.1217,8632.42
CUST005322,35820,0.3174,11369.27
CUST005323,96096,0.7657,73580.71
CUST005324,215664,0.6761,145810.43
CUST005325,120228,0.1231,14800.07
CUST005326,167268,0.5733,95894.74
CUST005327,11796,0.3623,4273.69
CUST005328,12804,0.8459,10830.9
CUST005329,199104,0.1981,39442.5
CUST005330,256920,0.7624,195875.81
CUST005331,77568,0.6379,49480.63
CUST005332,52440,0.2268,11893.39
CUST005333,80556,0.3831,30861.0
CUST005334,78396,0.6824,53497.43
CUST005335,11460,0.555,6360.3
CUST005336,120048,0.1522,18271.31
CUST005337,61968,0.323,20015.66
CUST005338,33288,0.5435,18092.03
CUST005339,7668,0.3813,2923.81
CUST005340,19824,0.4718,9352.96
CUST005341,6744,0.1386,934.72
CUST005342,20172,0.6403,12916.13
CUST005343,3324,0.391,1299.68
CUST005344,15912,0.6628,10546.47
CUST005345,125904,0.054,6798.82
CUST005346,80688,0.7902,63759.66
CUST005347,21084,0.5709,12036.86
CUST005348,97548,0.2488,24269.94
CUST005349,15528,0.3166,4916.16
CUST005350,11424,0.6939,7927.11
CUST005351,26124,0.1764,4608.27
CUST005352,20568,0.3593,7390.08
CUST005353,1548,0.2591,401.09
CUST005354,21456,0.8013,17192.69
CUST005355,95964,0.4648,44604.07
CUST005356,168804,0.8884,149965.47
CUST005357,6876,0.2101,1444.65
CUST005358,65088,0.5838,37998.37
CUST005359,71304,0.1375,9804.3
CUST005360,265620,0.8923,237012.73
CUST005361,299268,0.1573,47074.86
CUST005362,23100,0.2584,5969.04
CUST005363,13740,0.2322,3190.43
CUST005364,16596,0.0694,1151.76
CUST005365,4968,0.6664,3310.68
CUST005366,8364,0.3893,3256.11
CUST005367,141192,0.8482,119759.05
CUST005368,19368,0.8631,16716.52
CUST005369,11508,0.4353,5009.43
CUST005370,5160,0.1103,569.15
CUST005371,7800,0.2089,1629.42
CUST005372,94572,0.0561,5305.49
CUST005373,97476,0.8053,78497.42
CUST005374,3480,0.2921,1016.51
CUST005375,72816,0.4522,32927.4
CUST005376,14712,0.3667,5394.89
CUST005377,18276,0.4425,8087.13
CUST005378,62124,0.706,43859.54
CUST005379,12948,0.6599,8544.39
CUST005380,62844,0.9101,57194.32
CUST005381,23340,0.494,11529.96
CUST005382,26784,0.5154,13804.47
CUST005383,94068,0.104,9783.07
CUST005384,7872,0.552,4345.34
CUST005385,22464,0.0871,1956.61
CUST005386,13632,0.2369,3229.42
CUST005387,21144,0.6217,13145.22
CUST005388,60900,0.2981,18154.29
CUST005389,147072,0.458,67358.98
CUST005390,19080,0.8246,15733.37
CUST005391,12204,0.4751,5798.12
CUST005392,20220,0.7218,14594.8
CUST005393,63852,0.6464,41273.93
CUST005394,6576,0.3506,2305.55
CUST005395,18924,0.5319,10065.68
CUST005396,6504,0.2247,1461.45
CUST005397,52284,0.8318,43489.83
CUST005398,36840,0.508,18714.72
CUST005399,86760,0.4456,38660.26
CUST005400,2952,0.6675,1970.46
CUST005401,73608,0.4796,35302.4
CUST005402,16884,0.3719,6279.16
CUST005403,46380,0.2692,12485.5
CUST005404,2508,0.0898,225.22
CUST005405,22752,0.0231,525.57
CUST005406,66084,0.3665,24219.79
CUST005407,15360,0.1502,2307.07
CUST005408,10284,0.0749,770.27
CUST005409,61836,0.2221,13733.78
CUST005410,78840,0.6004,47335.54
CUST005411,94884,0.3353,31814.61
CUST005412,43224,0.6651,28748.28
CUST005413,75288,0.7688,57881.41
CUST005414,46488,0.6811,31662.98
CUST005415,47652,0.7296,34766.9
CUST005416,154548,0.9003,139139.56
CUST005417,13656,0.2041,2787.19
CUST005418,19524,0.0401,782.91
CUST005419,66780,0.2406,16067.27
CUST005420,19944,0.0132,263.26
CUST005421,5808,0.5406,3139.8
CUST005422,12936,0.8781,11359.1
CUST005423,192120,0.1648,31661.38
CUST005424,8676,0.3634,3152.86
CUST005425,2088,0.4045,844.6
CUST005426,30228,0.3366,10174.74
CUST005427,6300,0.6119,3854.97
CUST005428,35376,0.7097,25106.35
CUST005429,2988,0.4844,1447.39
CUST005430,2448,0.9302,2277.13
CUST005431,10368,0.4713,4886.44
CUST005432,16632,0.3144,5229.1
CUST005433,21192,0.6213,13166.59
CUST005434,12132,0.4359,5288.34
CUST005435,74364,0.7439,55319.38
CUST005436,4920,0.2985,1468.62
CUST005437,70980,0.1664,11811.07
CUST005438,19512,0.1078,2103.39
CUST005439,73992,0.0716,5297.83
CUST005440,14580,0.7792,11360.74
CUST005441,6744,0.3317,2236.98
CUST005442,76236,0.2399,18289.02
CUST005443,75636,0.917,69358.21
CUST005444,68340,0.2018,13791.01
CUST005445,1332,0.2374,316.22
CUST005446,21672,0.1339,2901.88
CUST005447,74472,0.7937,59108.43
CUST005448,15444,0.0798,1232.43
CUST005449,78132,0.0563,4398.83
CUST005450,115632,0.908,104993.86
CUST005451,187500,0.7696,144300.0
CUST005452,33312,0.1428,4756.95
CUST005453,27120,0.79,21424.8
CUST005454,198972,0.5727,113951.26
CUST005455,75996,0.8704,66146.92
CUST005456,23916,0.1288,3080.38
CUST005457,95448,0.6612,63110.22
CUST005458,57948,0.715,41432.82
CUST005459,7716,0.2677,2065.57
CUST005460,5268,0.2384,1255.89
CUST005461,67020,0.0901,6038.5
CUST005462,225048,0.6714,151097.23
CUST005463,15912,0.6341,10089.8
CUST005464,6612,0.781,5163.97
CUST005465,294768,0.3406,100397.98
CUST005466,19416,0.4534,8803.21
CUST005467,37152,0.5016,18635.44
CUST005468,44832,0.6292,28208.29
CUST005469,8088,0.4436,3587.84
CUST005470,126060,0.8713,109836.08
CUST005471,1848,0.5883,1087.18
CUST005472,11316,0.9043,10233.06
CUST005473,41508,0.6738,27968.09
CUST005474,283752,0.3938,111741.54
CUST005475,35820,0.1744,6247.01
CUST005476,73788,0.4538,33484.99
CUST005477,13308,0.0599,797.15
CUST005478,22524,0.7903,17800.72
CUST005479,64320,0.526,33832.32
CUST005480,15048,0.1356,2040.51
CUST005481,20952,0.0274,574.08
CUST005482,20940,0.4701,9843.89
CUST005483,34836,0.4875,16982.55
CUST005484,132108,0.468,61826.54
CUST005485,51816,0.0771,3995.01
CUST005486,16500,0.0611,1008.15
CUST005487,59736,0.3248,19402.25
CUST005488,60504,0.575,34789.8
CUST005489,291180,0.0858,24983.24
CUST005490,31464,0.6689,21046.27
CUST005491,42324,0.8808,37278.98
CUST005492,275544,0.3062,84371.57
CUST005493,12288,0.9133,11222.63
CUST005494,45120,0.2272,10251.26
CUST005495,4260,0.36,1533.6
CUST005496,6876,0.1961,1348.38
CUST005497,2580,0.0712,183.7
CUST005498,13836,0.7668,10609.44
CUST005499,57408,0.5553,31878.66
CUST005500,22152,0.451,9990.55
CUST005501,7296,0.0169,123.3
CUST005502,10404,0.6991,7273.44
CUST005503,9192,0.5769,5302.86
CUST005504,2712,0.0617,167.33
CUST005505,8004,0.4064,3252.83
CUST005506,29592,0.9433,27914.13
CUST005507,21396,0.6317,13515.85
CUST005508,24756,0.2073,5131.92
CUST005509,19920,0.8999,17926.01
CUST005510,85632,0.5284,45247.95
CUST005511,251616,0.4011,100923.18
CUST005512,117228,0.2657,31147.48
CUST005513,50076,0.7999,40055.79
CUST005514,42948,0.0423,1816.7
CUST005515,8952,0.5195,4650.56
CUST005516,109776,0.1799,19748.7
CUST005517,50364,0.7751,39037.14
CUST005518,16176,0.5099,8248.14
CUST005519,49824,0.4117,20512.54
CUST005520,1368,0.6343,867.72
CUST005521,11160,0.4941,5514.16
CUST005522,22332,0.6613,14768.15
CUST005523,15552,0.5545,8623.58
CUST005524,32832,0.1202,3946.41
CUST005525,6840,0.1376,941.18
CUST005526,33840,0.7107,24050.09
CUST005527,8640,0.2985,2579.04
CUST005528,9516,0.8777,8352.19
CUST005529,62364,0.6995,43623.62
CUST005530,4680,0.3576,1673.57
CUST005531,19536,0.15,2930.4
CUST005532,293880,0.9387,275865.16
CUST005533,18780,0.5479,10289.56
CUST005534,261948,0.246,64439.21
CUST005535,19404,0.2332,4525.01
CUST005536,17196,0.3798,6531.04
CUST005537,65592,0.6378,41834.58
CUST005538,15132,0.1068,1616.1
CUST005539,186312,0.5582,103999.36
CUST005540,71592,0.1664,11912.91
CUST005541,216312,0.0447,9669.15
CUST005542,22836,0.366,8357.98
CUST005543,57168,0.7532,43058.94
CUST005544,107832,0.5855,63135.64
CUST005545,18300,0.4548,8322.84
CUST005546,112992,0.2738,30937.21
CUST005547,19692,0.0151,297.35
CUST005548,17604,0.7315,12877.33
CUST005549,15960,0.0887,1415.65
CUST005550,9480,0.0961,911.03
CUST005551,14544,0.1102,1602.75
CUST005552,22524,0.7382,16627.22
CUST005553,140016,0.7842,109800.55
CUST005554,23448,0.6349,14887.14
CUST005555,84204,0.5536,46615.33
CUST005556,76452,0.1418,10840.89
CUST005557,28896,0.4909,14185.05
CUST005558,52740,0.6778,35747.17
CUST005559,69528,0.6378,44344.96
CUST005560,53508,0.7745,41441.95
CUST005561,6408,0.8544,5475.0
CUST005562,13296,0.8887,11816.16
CUST005563,105000,0.7866,82593.0
CUST005564,88080,0.9339,82257.91
CUST005565,14652,0.2951,4323.81
CUST005566,293064,0.3834,112360.74
CUST005567,57972,0.3335,19333.66
CUST005568,8364,0.5389,4507.36
CUST005569,50892,0.88,44784.96
CUST005570,9888,0.2432,2404.76
CUST005571,19824,0.938,18594.91
CUST005572,3540,0.4784,1693.54
CUST005573,15216,0.7063,10747.06
CUST005574,6384,0.3134,2000.75
CUST005575,16932,0.4013,6794.81
CUST005576,22248,0.2504,5570.9
CUST005577,138252,0.8642,119477.38
CUST005578,262608,0.9342,245328.39
CUST005579,18264,0.5582,10194.96
CUST005580,11904,0.1569,1867.74
CUST005581,19788,0.0399,789.54
CUST005582,256788,0.4049,103973.46
CUST005583,53532,0.489,26177.15
CUST005584,94920,0.7487,71066.6
CUST005585,3012,0.6191,1864.73
CUST005586,9072,0.2914,2643.58
CUST005587,5796,0.1853,1074.0
CUST005588,88512,0.673,59568.58
CUST005589,13164,0.3922,5162.92
CUST005590,85488,0.4813,41145.37
CUST005591,12624,0.7585,9575.3
CUST005592,20664,0.896,18514.94
CUST005593,13236,0.5297,7011.11
CUST005594,3528,0.794,2801.23
CUST005595,72228,0.4252,30711.35
CUST005596,18792,0.0305,573.16
CUST005597,4728,0.0577,272.81
CUST005598,2724,0.482,1312.97
CUST005599,111156,0.5306,58979.37
CUST005600,35988,0.5518,19858.18
CUST005601,279264,0.1618,45184.92
CUST005602,257856,0.4472,115313.2
CUST005603,18192,0.1927,3505.6
CUST005604,70836,0.4753,33668.35
CUST005605,94584,0.7672,72564.84
CUST005606,60828,0.071,4318.79
CUST005607,62364,0.3864,24097.45
CUST005608,95868,0.3404,32633.47
CUST005609,257208,0.7703,198127.32
CUST005610,15288,0.4277,6538.68
CUST005611,79368,0.2449,19437.22
CUST005612,44724,0.3915,17509.45
CUST005613,69780,0.7465,52090.77
CUST005614,87192,0.8868,77321.87
CUST005615,72756,0.5738,41747.39
CUST005616,132972,0.75,99729.0
CUST005617,18048,0.5389,9726.07
CUST005618,7272,0.332,2414.3
CUST005619,1404,0.6496,912.04
CUST005620,17676,0.8652,15293.28
CUST005621,34788,0.1776,6178.35
CUST005622,20772,0.2295,4767.17
CUST005623,7452,0.2508,1868.96
CUST005624,103716,0.1639,16999.05
CUST005625,18852,0.7021,13235.99
CUST005626,9228,0.0106,97.82
CUST005627,5760,0.0231,133.06
CUST005628,15132,0.2893,4377.69
CUST005629,86832,0.2986,25928.04
CUST005630,48276,0.8493,41000.81
CUST005631,20964,0.237,4968.47
CUST005632,84564,0.4335,36658.49
CUST005633,29244,0.4854,14195.04
CUST005634,35508,0.7415,26329.18
CUST005635,20448,0.7316,14959.76
CUST005636,48708,0.4058,19765.71
CUST005637,14268,0.2489,3551.31
CUST005638,178320,0.8839,157617.05
CUST005639,53580,0.0198,1060.88
CUST005640,23268,0.4672,10870.81
CUST005641,30864,0.133,4104.91
CUST005642,67152,0.4178,28056.11
CUST005643,30360,0.4924,14949.26
CUST005644,10764,0.1736,1868.63
CUST005645,14904,0.0728,1085.01
CUST005646,22620,0.6862,15521.84
CUST005647,16404,0.331,5429.72
CUST005648,282504,0.4156,117408.66
CUST005649,194796,0.4261,83002.58
CUST005650,243072,0.7856,190957.36
CUST005651,245040,0.3146,77089.58
CUST005652,78564,0.7368,57885.96
CUST005653,21024,0.756,15894.14
CUST005654,17628,0.8188,14433.81
CUST005655,7344,0.9072,6662.48
CUST005656,7848,0.642,5038.42
CUST005657,2856,0.2824,806.53
CUST005658,12720,0.7536,9585.79
CUST005659,20472,0.7394,15137.0
CUST005660,46800,0.3255,15233.4
CUST005661,265512,0.6228,165360.87
CUST005662,91368,0.8608,78649.57
CUST005663,4452,0.2612,1162.86
CUST005664,81096,0.0584,4736.01
CUST005665,20052,0.7535,15109.18
CUST005666,37680,0.6334,23866.51
CUST005667,4812,0.5175,2490.21
CUST005668,28680,0.9188,26351.18
CUST005669,9084,0.7975,7244.49
CUST005670,209664,0.7637,160120.4
CUST005671,195744,0.2702,52890.03
CUST005672,19716,0.3247,6401.79
CUST005673,66624,0.2611,17395.53
CUST005674,49320,0.4176,20596.03
CUST005675,58068,0.2845,16520.35
CUST005676,36888,0.4728,17440.65
CUST005677,91116,0.0425,3872.43
CUST005678,59184,0.2023,11972.92
CUST005679,3684,0.2449,902.21
CUST005680,238452,0.9252,220615.79
CUST005681,8748,0.3956,3460.71
CUST005682,7140,0.1583,1130.26
CUST005683,28728,0.0647,1858.7
CUST005684,26568,0.1191,3164.25
CUST005685,3108,0.03,93.24
CUST005686,10656,0.1869,1991.61
CUST005687,65496,0.8033,52612.94
CUST005688,4680,0.6705,3137.94
CUST005689,19236,0.9275,17841.39
CUST005690,33384,0.2225,7427.94
CUST005691,16836,0.5188,8734.52
CUST005692,22260,0.4838,10769.39
CUST005693,7908,0.2451,1938.25
CUST005694,26604,0.1801,4791.38
CUST005695,70476,0.402,28331.35
CUST005696,91620,0.094,8612.28
CUST005697,9024,0.0996,898.79
CUST005698,18816,0.7614,14326.5
CUST005699,26964,0.779,21004.96
CUST005700,214524,0.3102,66545.34
CUST005701,95052,0.5526,52525.74
CUST005702,38124,0.8765,33415.69
CUST005703,49812,0.6463,32193.5
CUST005704,32904,0.2496,8212.84
CUST005705,9012,0.2084,1878.1
CUST005706,13536,0.2942,3982.29
CUST005707,13512,0.4377,5914.2
CUST005708,50472,0.1009,5092.62
CUST005709,162768,0.7039,114572.4
CUST005710,23556,0.6075,14310.27
CUST005711,249828,0.0417,10417.83
CUST005712,63660,0.6828,43467.05
CUST005713,5280,0.7674,4051.87
CUST005714,71940,0.8127,58465.64
CUST005715,23592,0.1221,2880.58
CUST005716,155448,0.3089,48017.89
CUST005717,5052,0.5264,2659.37
CUST005718,4128,0.7927,3272.27
CUST005719,79428,0.8163,64837.08
CUST005720,7128,0.5641,4020.9
CUST005721,68676,0.3653,25087.34
CUST005722,9324,0.4981,4644.28
CUST005723,85992,0.5279,45395.18
CUST005724,66228,0.8601,56962.7
CUST005725,53268,0.9168,48836.1
CUST005726,10500,0.8089,8493.45
CUST005727,8472,0.326,2761.87
CUST005728,57840,0.037,2140.08
CUST005729,219000,0.8361,183105.9
CUST005730,72840,0.5447,39675.95
CUST005731,265824,0.4554,121056.25
CUST005732,142452,0.7576,107921.64
CUST005733,118260,0.537,63505.62
CUST005734,83160,0.4092,34029.07
CUST005735,6972,0.7229,5040.06
CUST005736,22068,0.8047,17758.12
CUST005737,31104,0.1242,3863.12
CUST005738,72744,0.8469,61606.89
CUST005739,15480,0.6289,9735.37
CUST005740,14712,0.5584,8215.18
CUST005741,10944,0.2122,2322.32
CUST005742,81168,0.5491,44569.35
CUST005743,228996,0.2788,63844.08
CUST005744,113028,0.1228,13879.84
CUST005745,22944,0.0496,1138.02
CUST005746,1836,0.5596,1027.43
CUST005747,258288,0.3494,90245.83
CUST005748,143280,0.3789,54288.79
CUST005749,88404,0.8985,79430.99
CUST005750,47976,0.5506,26415.59
CUST005751,9372,0.0178,166.82
CUST005752,10008,0.5878,5882.7
CUST005753,21624,0.4857,10502.78
CUST005754,7764,0.0799,620.34
CUST005755,23172,0.6996,16211.13
CUST005756,12756,0.1539,1963.15
CUST005757,10560,0.1552,1638.91
CUST005758,51636,0.4954,25580.47
CUST005759,81744,0.5759,47076.37
CUST005760,72180,0.6299,45466.18
CUST005761,5604,0.1082,606.35
CUST005762,243324,0.8247,200669.3
CUST005763,15540,0.1193,1853.92
CUST005764,82368,0.9168,75514.98
CUST005765,31284,0.5274,16499.18
CUST005766,15096,0.7263,10964.22
CUST005767,8688,0.3508,3047.75
CUST005768,23388,0.7754,18135.06
CUST005769,13044,0.0756,986.13
CUST005770,207912,0.524,108945.89
CUST005771,9864,0.6799,6706.53
CUST005772,148140,0.6703,99298.24
CUST005773,4176,0.0784,327.4
CUST005774,71484,0.7301,52190.47
CUST005775,19080,0.0804,1534.03
CUST005776,17748,0.642,11394.22
CUST005777,13848,0.5103,7066.63
CUST005778,68556,0.879,60260.72
CUST005779,18084,0.0958,1732.45
CUST005780,7260,0.765,5553.9
CUST005781,26028,0.3299,8586.64
CUST005782,8616,0.3029,2609.79
CUST005783,99636,0.2166,21581.16
CUST005784,63084,0.0877,5532.47
CUST005785,19308,0.4168,8047.57
CUST005786,208884,0.1388,28993.1
CUST005787,16728,0.2987,4996.65
CUST005788,73224,0.8707,63756.14
CUST005789,13716,0.0121,165.96
CUST005790,15624,0.8896,13899.11
CUST005791,48840,0.1319,6442.0
CUST005792,20148,0.7112,14329.26
CUST005793,16752,0.2508,4201.4
CUST005794,21660,0.302,6541.32
CUST005795,18756,0.764,14329.58
CUST005796,13536,0.726,9827.14
CUST005797,3708,0.0773,286.63
CUST005798,36696,0.893,32769.53
CUST005799,9432,0.8424,7945.52
CUST005800,4896,0.2943,1440.89
CUST005801,102732,0.2409,24748.14
CUST005802,22968,0.1791,4113.57
CUST005803,12624,0.7748,9781.08
CUST005804,143076,0.5442,77861.96
CUST005805,51036,0.2087,10651.21
CUST005806,251328,0.5372,135013.4
CUST005807,223596,0.7111,158999.12
CUST005808,58176,0.5588,32508.75
CUST005809,18012,0.2225,4007.67
CUST005810,21612,0.8126,17561.91
CUST005811,224412,0.6322,141873.27
CUST005812,274392,0.3966,108823.87
CUST005813,293220,0.6265,183702.33
CUST005814,19800,0.1333,2639.34
CUST005815,44292,0.0757,3352.9
CUST005816,42900,0.1365,5855.85
CUST005817,21960,0.4674,10264.1
CUST005818,16560,0.6036,9995.62
CUST005819,73608,0.9235,67976.99
CUST005820,9672,0.5991,5794.5
CUST005821,9552,0.871,8319.79
CUST005822,88416,0.7094,62722.31
CUST005823,9288,0.5172,4803.75
CUST005824,87828,0.8773,77051.5
CUST005825,6288,0.5581,3509.33
CUST005826,6720,0.5193,3489.7
CUST005827,3360,0.0764,256.7
CUST005828,10512,0.2596,2728.92
CUST005829,17436,0.4858,8470.41
CUST005830,56808,0.873,49593.38
CUST005831,13452,0.6378,8579.69
CUST005832,90804,0.5522,50141.97
CUST005833,37152,0.2447,9091.09
CUST005834,27432,0.1389,3810.3
CUST005835,117996,0.762,89912.95
CUST005836,21960,0.4816,10575.94
CUST005837,92004,0.1742,16027.1
CUST005838,4500,0.0292,131.4
CUST005839,89040,0.927,82540.08
CUST005840,174396,0.2465,42988.61
CUST005841,40740,0.8149,33199.03
CUST005842,2400,0.2621,629.04
CUST005843,201516,0.7854,158270.67
CUST005844,56508,0.0525,2966.67
CUST005845,7164,0.7051,5051.34
CUST005846,2832,0.2433,689.03
CUST005847,14244,0.7878,11221.42
CUST005848,47040,0.2867,13486.37
CUST005849,5160,0.8843,4562.99
CUST005850,28104,0.435,12225.24
CUST005851,129888,0.5468,71022.76
CUST005852,14400,0.4333,6239.52
CUST005853,9576,0.8781,8408.69
CUST005854,72396,0.2139,15485.5
CUST005855,48312,0.172,8309.66
CUST005856,74556,0.9485,70716.37
CUST005857,44400,0.5698,25299.12
CUST005858,1332,0.1226,163.3
CUST005859,18864,0.1007,1899.6
CUST005860,48612,0.5563,27042.86
CUST005861,37380,0.3115,11643.87
CUST005862,7728,0.6498,5021.65
CUST005863,288984,0.7138,206276.78
CUST005864,12432,0.7499,9322.76
CUST005865,273576,0.2635,72087.28
CUST005866,31908,0.3868,12342.01
CUST005867,1920,0.8968,1721.86
CUST005868,24696,0.1517,3746.38
CUST005869,5112,0.6593,3370.34
CUST005870,18024,0.8685,15653.84
CUST005871,61584,0.1532,9434.67
CUST005872,10812,0.0834,901.72
CUST005873,4680,0.1997,934.6
CUST005874,16980,0.0238,404.12
CUST005875,5988,0.7589,4544.29
CUST005876,60588,0.2215,13420.24
CUST005877,71808,0.6331,45461.64
CUST005878,54924,0.7142,39226.72
CUST005879,8784,0.9445,8296.49
CUST005880,56544,0.2254,12745.02
CUST005881,80016,0.6181,49457.89
CUST005882,72672,0.7825,56865.84
CUST005883,50220,0.1045,5247.99
CUST005884,19980,0.515,10289.7
CUST005885,13020,0.1878,2445.16
CUST005886,77700,0.3866,30038.82
CUST005887,66120,0.2126,14057.11
CUST005888,14784,0.5574,8240.6
CUST005889,299640,0.5067,151827.59
CUST005890,49548,0.5647,27979.76
CUST005891,23484,0.6846,16077.15
CUST005892,42660,0.1475,6292.35
CUST005893,37464,0.0708,2652.45
CUST005894,143928,0.2734,39349.92
CUST005895,12816,0.7982,10229.73
CUST005896,19236,0.3517,6765.3
CUST005897,195240,0.1595,31140.78
CUST005898,15780,0.7338,11579.36
CUST005899,23340,0.0592,1381.73
CUST005900,8556,0.2314,1979.86
CUST005901,75216,0.8405,63219.05
CUST005902,3540,0.0985,348.69
CUST005903,13020,0.6012,7827.62
CUST005904,239904,0.1579,37880.84
CUST005905,247080,0.0667,16480.24
CUST005906,49272,0.3561,17545.76
CUST005907,2916,0.492,1434.67
CUST005908,37872,0.1571,5949.69
CUST005909,11880,0.1401,1664.39
CUST005910,5832,0.9153,5338.03
CUST005911,28464,0.0874,2487.75
CUST005912,87060,0.8211,71484.97
CUST005913,32316,0.9074,29323.54
CUST005914,9924,0.1375,1364.55
CUST005915,14112,0.2142,3022.79
CUST005916,154992,0.2627,40716.4
CUST005917,1848,0.7071,1306.72
CUST005918,21408,0.0497,1063.98
CUST005919,14208,0.1219,1731.96
CUST005920,79824,0.845,67451.28
CUST005921,48288,0.3809,18392.9
CUST005922,221508,0.7424,164447.54
CUST005923,29508,0.1947,5745.21
CUST005924,19524,0.8997,17565.74
CUST005925,22620,0.7491,16944.64
CUST005926,43092,0.2394,10316.22
CUST005927,42240,0.4511,19054.46
CUST005928,42204,0.0709,2992.26
CUST005929,89328,0.5104,45593.01
CUST005930,2616,0.666,1742.26
CUST005931,106788,0.7786,83145.14
CUST005932,15144,0.7191,10890.05
CUST005933,9252,0.8714,8062.19
CUST005934,22920,0.5433,12452.44
CUST005935,46332,0.8034,37223.13
CUST005936,31020,0.2885,8949.27
CUST005937,137628,0.8951,123190.82
CUST005938,18072,0.5892,10648.02
CUST005939,20400,0.906,18482.4
CUST005940,105252,0.7607,80065.2
CUST005941,19440,0.2468,4797.79
CUST005942,77760,0.0747,5808.67
CUST005943,4980,0.7348,3659.3
CUST005944,63456,0.5813,36886.97
CUST005945,88344,0.5703,50382.58
CUST005946,36324,0.5739,20846.34
CUST005947,71592,0.5917,42360.99
CUST005948,13620,0.5715,7783.83
CUST005949,57216,0.1243,7111.95
CUST005950,20628,0.8713,17973.18
CUST005951,15636,0.0756,1182.08
CUST005952,51384,0.8147,41862.54
CUST005953,272436,0.0248,6756.41
CUST005954,18660,0.1837,3427.84
CUST005955,19908,0.2961,5894.76
CUST005956,260028,0.7647,198843.41
CUST005957,12096,0.2148,2598.22
CUST005958,22704,0.494,11215.78
CUST005959,171996,0.498,85654.01
CUST005960,20772,0.592,12297.02
CUST005961,30756,0.6633,20400.45
CUST005962,16992,0.1659,2818.97
CUST005963,161820,0.5998,97059.64
CUST005964,92076,0.3942,36296.36
CUST005965,12468,0.4224,5266.48
CUST005966,13044,0.4535,5915.45
CUST005967,14268,0.3429,4892.5
CUST005968,2040,0.3068,625.87
CUST005969,4320,0.1651,713.23
CUST005970,20448,0.1853,3789.01
CUST005971,43152,0.0776,3348.6
CUST005972,6648,0.792,5265.22
CUST005973,74472,0.7608,56658.3
CUST005974,41988,0.8136,34161.44
CUST005975,15996,0.7282,11648.29
CUST005976,16296,0.6807,11092.69
CUST005977,10356,0.1131,1171.26
CUST005978,60348,0.7833,47270.59
CUST005979,78036,0.5384,42014.58
CUST005980,44616,0.2552,11386.0
CUST005981,296172,0.3889,115181.29
CUST005982,75144,0.4278,32146.6
CUST005983,2592,0.5873,1522.28
CUST005984,18396,0.4439,8165.98
CUST005985,4428,0.3928,1739.32
CUST005986,19368,0.3071,5947.91
CUST005987,35904,0.1107,3974.57
CUST005988,160188,0.7057,113044.67
CUST005989,202284,0.3488,70556.66
CUST005990,247164,0.3365,83170.69
CUST005991,59856,0.4172,24971.92
CUST005992,267792,0.5507,147473.05
CUST005993,23664,0.9131,21607.6
CUST005994,5748,0.2312,1328.94
CUST005995,8556,0.9285,7944.25
CUST005996,4512,0.4109,1853.98
CUST005997,282696,0.2478,70052.07
CUST005998,66984,0.5167,34610.63
CUST005999,4692,0.27,1266.84
CUST006000,89292,0.8563,76460.74
CUST006001,49668,0.4978,24724.73
CUST006002,120384,0.6971,83919.69
CUST006003,4488,0.9215,4135.69
CUST006004,8352,0.7215,6025.97
CUST006005,43380,0.5435,23577.03
CUST006006,24828,0.9004,22355.13
CUST006007,14172,0.7481,10602.07
CUST006008,19956,0.331,6605.44
CUST006009,9876,0.8184,8082.52
CUST006010,24024,0.1713,4115.31
CUST006011,21228,0.0475,1008.33
CUST006012,6732,0.3333,2243.78
CUST006013,4008,0.2605,1044.08
CUST006014,16800,0.5873,9866.64
CUST006015,71616,0.0514,3681.06
CUST006016,80484,0.5221,42020.7
CUST006017,255636,0.5766,147399.72
CUST006018,256200,0.773,198042.6
CUST006019,7944,0.5443,4323.92
CUST006020,25464,0.3968,10104.12
CUST006021,19428,0.0467,907.29
CUST006022,46248,0.2647,12241.85
CUST006023,213672,0.2423,51772.73
CUST006024,25512,0.1525,3890.58
CUST006025,93636,0.8001,74918.16
CUST006026,64848,0.1249,8099.52
CUST006027,20232,0.8936,18079.32
CUST006028,41436,0.5751,23829.84
CUST006029,7356,0.3092,2274.48
CUST006030,24000,0.3888,9331.2
CUST006031,146736,0.5798,85077.53
CUST006032,20220,0.5021,10152.46
CUST006033,39312,0.2779,10924.8
CUST006034,31428,0.668,20993.9
CUST006035,56772,0.4227,23997.52
CUST006036,89892,0.0801,7200.35
CUST006037,9156,0.2076,1900.79
CUST006038,35592,0.4081,14525.1
CUST006039,13512,0.8823,11921.64
CUST006040,10980,0.0842,924.52
CUST006041,235212,0.2426,57062.43
CUST006042,5400,0.786,4244.4
CUST006043,260796,0.0248,6467.74
CUST006044,78840,0.1733,13662.97
CUST006045,73020,0.9067,66207.23
CUST006046,5268,0.5889,3102.33
CUST006047,26772,0.2544,6810.8
CUST006048,294564,0.5375,158328.15
CUST006049,166164,0.7175,119222.67
CUST006050,5208,0.0248,129.16
CUST006051,72792,0.274,19945.01
CUST006052,5244,0.0702,368.13
CUST006053,63276,0.5291,33479.33
CUST006054,30756,0.5498,16909.65
CUST006055,3576,0.8514,3044.61
CUST006056,15396,0.2005,3086.9
CUST006057,18336,0.0783,1435.71
CUST006058,70740,0.6288,44481.31
CUST006059,25524,0.6317,16123.51
CUST006060,32340,0.9369,30299.35
CUST006061,164904,0.7877,129894.88
CUST006062,15048,0.0495,744.88
CUST006063,5916,0.0194,114.77
CUST006064,7260,0.1685,1223.31
CUST006065,51096,0.8042,41091.4
CUST006066,5628,0.4299,2419.48
CUST006067,10428,0.5827,6076.4
CUST006068,89004,0.5562,49504.02
CUST006069,15000,0.2188,3282.0
CUST006070,62316,0.137,8537.29
CUST006071,43272,0.1933,8364.48
CUST006072,3444,0.9295,3201.2
CUST006073,80100,0.4808,38512.08
CUST006074,289116,0.824,238231.58
CUST006075,63936,0.4422,28272.5
CUST006076,43692,0.4797,20959.05
CUST006077,204288,0.8315,169865.47
CUST006078,5004,0.2687,1344.57
CUST006079,272784,0.5258,143429.83
CUST006080,38016,0.6875,26136.0
CUST006081,73740,0.8657,63836.72
CUST006082,292440,0.6178,180669.43
CUST006083,17712,0.4783,8471.65
CUST006084,64740,0.5127,33192.2
CUST006085,37320,0.6639,24776.75
CUST006086,8964,0.5259,4714.17
CUST006087,4800,0.6561,3149.28
CUST006088,13524,0.3669,4961.96
CUST006089,22452,0.572,12842.54
CUST006090,22908,0.5571,12762.05
CUST006091,5508,0.3701,2038.51
CUST006092,50016,0.1016,5081.63
CUST006093,21300,0.2454,5227.02
CUST006094,19836,0.1911,3790.66
CUST006095,77556,0.9487,73577.38
CUST006096,14520,0.7323,10633.0
CUST006097,100008,0.4365,43653.49
CUST006098,40716,0.5778,23525.7
CUST006099,5904,0.9428,5566.29
CUST006100,2820,0.8995,2536.59
CUST006101,10476,0.0404,423.23
CUST006102,7380,0.4904,3619.15
CUST006103,51528,0.7407,38166.79
CUST006104,96432,0.0883,8514.95
CUST006105,23352,0.919,21460.49
CUST006106,247764,0.9493,235202.37
CUST006107,16032,0.0264,423.24
CUST006108,223056,0.4569,101914.29
CUST006109,220836,0.6742,148887.63
CUST006110,5640,0.2888,1628.83
CUST006111,2760,0.6515,1798.14
CUST006112,5640,0.3047,1718.51
CUST006113,23376,0.2841,6641.12
CUST006114,3840,0.9041,3471.74
CUST006115,8280,0.1434,1187.35
CUST006116,14976,0.2557,3829.36
CUST006117,220296,0.1195,26325.37
CUST006118,14688,0.4496,6603.72
CUST006119,28536,0.933,26624.09
CUST006120,38208,0.064,2445.31
CUST006121,4116,0.1961,807.15
CUST006122,248592,0.8273,205660.16
CUST006123,75816,0.4307,32653.95
CUST006124,4332,0.6209,2689.74
CUST006125,55764,0.5054,28183.13
CUST006126,228312,0.1217,27785.57
CUST006127,88764,0.3234,28706.28
CUST006128,6912,0.1382,955.24
CUST006129,94812,0.5016,47557.7
CUST006130,14160,0.1557,2204.71
CUST006131,14388,0.6995,10064.41
CUST006132,16260,0.7137,11604.76
CUST006133,93024,0.2341,21776.92
CUST006134,81816,0.257,21026.71
CUST006135,296796,0.1752,51998.66
CUST006136,78660,0.0643,5057.84
CUST006137,8832,0.3752,3313.77
CUST006138,20496,0.3853,7897.11
CUST006139,2148,0.5948,1277.63
CUST006140,22788,0.1638,3732.67
CUST006141,14808,0.6308,9340.89
CUST006142,21252,0.4341,9225.49
CUST006143,28032,0.2777,7784.49
CUST006144,17520,0.2136,3742.27
CUST006145,62352,0.1689,10531.25
CUST006146,19212,0.5685,10922.02
CUST006147,31380,0.3588,11259.14
CUST006148,29784,0.644,19180.9
CUST006149,68664,0.7049,48401.25
CUST006150,107364,0.823,88360.57
CUST006151,85788,0.5186,44489.66
CUST006152,193416,0.6612,127886.66
CUST006153,4536,0.8987,4076.5
CUST006154,240552,0.533,128214.22
CUST006155,64584,0.3503,22623.78
CUST006156,75024,0.4133,31007.42
CUST006157,9588,0.7644,7329.07
CUST006158,72204,0.8287,59835.45
CUST006159,15480,0.5889,9116.17
CUST006160,4872,0.7108,3463.02
CUST006161,91392,0.7853,71770.14
CUST006162,173160,0.6437,111463.09
CUST006163,281508,0.0188,5292.35
CUST006164,51804,0.5046,26140.3
CUST006165,14196,0.6944,9857.7
CUST006166,5820,0.5529,3217.88
CUST006167,1608,0.5662,910.45
CUST006168,7428,0.8746,6496.53
CUST006169,10356,0.3047,3155.47
CUST006170,16572,0.1662,2754.27
CUST006171,102012,0.2069,21106.28
CUST006172,95460,0.5973,57018.26
CUST006173,222984,0.037,8250.41
CUST006174,16920,0.3127,5290.88
CUST006175,77268,0.6659,51452.76
CUST006176,11388,0.8783,10002.08
CUST006177,61224,0.2587,15838.65
CUST006178,2436,0.8734,2127.6
CUST006179,3948,0.5376,2122.44
CUST006180,94236,0.6578,61988.44
CUST006181,154968,0.8348,129367.29
CUST006182,36168,0.3228,11675.03
CUST006183,19284,0.9388,18103.82
CUST006184,2784,0.8497,2365.56
CUST006185,22704,0.1566,3555.45
CUST006186,13392,0.8426,11284.1
CUST006187,155460,0.1207,18764.02
CUST006188,8904,0.2403,2139.63
CUST006189,75708,0.6371,48233.57
CUST006190,39624,0.5407,21424.7
CUST006191,215160,0.2739,58932.32
CUST006192,177168,0.1297,22978.69
CUST006193,77040,0.9308,71708.83
CUST006194,8736,0.1842,1609.17
CUST006195,2412,0.3089,745.07
CUST006196,5688,0.8971,5102.7
CUST006197,227340,0.618,140496.12
CUST006198,181428,0.6241,113229.21
CUST006199,77532,0.5506,42689.12
CUST006200,26904,0.6095,16397.99
CUST006201,69924,0.5753,40227.28
CUST006202,63924,0.6227,39805.47
CUST006203,90072,0.4263,38397.69
CUST006204,35076,0.052,1823.95
CUST006205,33408,0.8461,28266.51
CUST006206,85920,0.6105,52454.16
CUST006207,11292,0.522,5894.42
CUST006208,38352,0.0191,732.52
CUST006209,9108,0.5811,5292.66
CUST006210,1812,0.7659,1387.81
CUST006211,106404,0.7262,77270.58
CUST006212,8040,0.8063,6482.65
CUST006213,14700,0.2395,3520.65
CUST006214,22356,0.3407,7616.69
CUST006215,10248,0.1598,1637.63
CUST006216,64332,0.3416,21975.81
CUST006217,67464,0.6782,45754.08
CUST006218,24144,0.2704,6528.54
CUST006219,16968,0.4549,7718.74
CUST006220,29028,0.4866,14125.02
CUST006221,10824,0.7506,8124.49
CUST006222,85764,0.0792,6792.51
CUST006223,10380,0.7262,7537.96
CUST006224,19392,0.8768,17002.91
CUST006225,51900,0.3862,20043.78
CUST006226,60060,0.5988,35963.93
CUST006227,12708,0.6542,8313.57
CUST006228,84684,0.9033,76495.06
CUST006229,18960,0.4829,9155.78
CUST006230,283272,0.3596,101864.61
CUST006231,6096,0.2613,1592.88
CUST006232,20316,0.5935,12057.55
CUST006233,17256,0.3396,5860.14
CUST006234,2640,0.178,469.92
CUST006235,92364,0.6067,56037.24
CUST006236,1296,0.3765,487.94
CUST006237,3348,0.1615,540.7
CUST006238,163284,0.2022,33016.02
CUST006239,21036,0.3563,7495.13
CUST006240,60444,0.2418,14615.36
CUST006241,136608,0.0643,8783.89
CUST006242,160188,0.6995,112051.51
CUST006243,2616,0.7171,1875.93
CUST006244,2304,0.4771,1099.24
CUST006245,4356,0.3847,1675.75
CUST006246,20052,0.524,10507.25
CUST006247,213408,0.1848,39437.8
CUST006248,67200,0.4839,32518.08
CUST006249,11904,0.8341,9929.13
CUST006250,20736,0.8913,18482.0
CUST006251,23832,0.801,19089.43
CUST006252,261324,0.4246,110958.17
CUST006253,22056,0.4642,10238.4
CUST006254,22572,0.4161,9392.21
CUST006255,5844,0.437,2553.83
CUST006256,15600,0.3103,4840.68
CUST006257,17232,0.6307,10868.22
CUST006258,9732,0.3802,3700.11
CUST006259,14136,0.6807,9622.38
CUST006260,17220,0.6853,11800.87
CUST006261,150516,0.942,141786.07
CUST006262,2868,0.9446,2709.11
CUST006263,6660,0.6844,4558.1
CUST006264,70536,0.2906,20497.76
CUST006265,1920,0.622,1194.24
CUST006266,17568,0.5501,9664.16
CUST006267,48588,0.8279,40226.01
CUST006268,17628,0.3691,6506.49
CUST006269,92184,0.375,34569.0
CUST006270,14664,0.8515,12486.4
CUST006271,17556,0.0828,1453.64
CUST006272,127716,0.4106,52440.19
CUST006273,10452,0.2929,3061.39
CUST006274,2856,0.2907,830.24
CUST006275,16356,0.3422,5597.02
CUST006276,205284,0.1964,40317.78
CUST006277,4212,0.6124,2579.43
CUST006278,54288,0.5753,31231.89
CUST006279,13188,0.1694,2234.05
CUST006280,291684,0.916,267182.54
CUST006281,16128,0.3796,6122.19
CUST006282,74040,0.2164,16022.26
CUST006283,13212,0.3457,4567.39
CUST006284,73776,0.8553,63100.61
CUST006285,20088,0.8646,17368.08
CUST006286,14856,0.1545,2295.25
CUST006287,5928,0.219,1298.23
CUST006288,19968,0.1732,3458.46
CUST006289,293952,0.8356,245626.29
CUST006290,74760,0.7944,59389.34
CUST006291,4224,0.0972,410.57
CUST006292,66132,0.8463,55967.51
CUST006293,9540,0.147,1402.38
CUST006294,6036,0.1283,774.42
CUST006295,69336,0.3925,27214.38
CUST006296,13272,0.029,384.89
CUST006297,20544,0.6937,14251.37
CUST006298,9792,0.9325,9131.04
CUST006299,15960,0.171,2729.16
CUST006300,3288,0.6457,2123.06
CUST006301,24768,0.3216,7965.39
CUST006302,206364,0.8369,172706.03
CUST006303,56436,0.6982,39403.62
CUST006304,15084,0.7737,11670.49
CUST006305,122460,0.9349,114487.85
CUST006306,9768,0.4605,4498.16
CUST006307,31752,0.8924,28335.48
CUST006308,59364,0.306,18165.38
CUST006309,53196,0.2705,14389.52
CUST006310,7236,0.1108,801.75
CUST006311,17028,0.8462,14409.09
CUST006312,4992,0.4895,2443.58
CUST006313,83904,0.1213,10177.56
CUST006314,93708,0.7317,68566.14
CUST006315,4272,0.068,290.5
CUST006316,99972,0.7227,72249.76
CUST006317,15828,0.4289,6788.63
CUST006318,21504,0.9099,19566.49
CUST006319,8676,0.6104,5295.83
CUST006320,13476,0.0519,699.4
CUST006321,10596,0.2616,2771.91
CUST006322,8712,0.1698,1479.3
CUST006323,4740,0.0325,154.05
CUST006324,19236,0.5272,10141.22
CUST006325,8232,0.5467,4500.43
CUST006326,23400,0.7789,18226.26
CUST006327,19764,0.9395,18568.28
CUST006328,22344,0.773,17271.91
CUST006329,20496,0.5627,11533.1
CUST006330,48456,0.0491,2379.19
CUST006331,267120,0.1561,41697.43
CUST006332,20220,0.9245,18693.39
CUST006333,14424,0.1372,1978.97
CUST006334,20940,0.0493,1032.34
CUST006335,21744,0.6819,14827.23
CUST006336,17496,0.3654,6393.04
CUST006337,191880,0.5231,100372.43
CUST006338,43152,0.7586,32735.11
CUST006339,43428,0.2364,10266.38
CUST006340,47472,0.5981,28393.0
CUST006341,66816,0.4592,30681.91
CUST006342,22980,0.4118,9463.16
CUST006343,14640,0.8875,12993.0
CUST006344,15192,0.3596,5463.04
CUST006345,83520,0.5241,43772.83
CUST006346,94320,0.6586,62119.15
CUST006347,13752,0.3435,4723.81
CUST006348,137496,0.0157,2158.69
CUST006349,60540,0.5733,34707.58
CUST006350,11424,0.414,4729.54
CUST006351,12072,0.4088,4935.03
CUST006352,12564,0.0891,1119.45
CUST006353,65088,0.2471,16083.24
CUST006354,22380,0.615,13763.7
CUST006355,34980,0.398,13922.04
CUST006356,21564,0.823,17747.17
CUST006357,42972,0.9292,39929.58
CUST006358,1944,0.8359,1624.99
CUST006359,68256,0.3738,25514.09
CUST006360,11928,0.2615,3119.17
CUST006361,145152,0.7201,104523.96
CUST006362,151032,0.4792,72374.53
CUST006363,53172,0.3823,20327.66
CUST006364,152088,0.5847,88925.85
CUST006365,84588,0.6206,52495.31
CUST006366,68544,0.701,48049.34
CUST006367,76956,0.3137,24141.1
CUST006368,78288,0.3281,25686.29
CUST006369,2532,0.6752,1709.61
CUST006370,137880,0.6602,91028.38
CUST006371,6732,0.5957,4010.25
CUST006372,62412,0.6809,42496.33
CUST006373,1380,0.5854,807.85
CUST006374,32784,0.9422,30889.08
CUST006375,4308,0.7892,3399.87
CUST006376,149292,0.5891,87947.92
CUST006377,165480,0.6779,112178.89
CUST006378,7080,0.5592,3959.14
CUST006379,257004,0.5803,149139.42
CUST006380,22752,0.6593,15000.39
CUST006381,38652,0.5173,19994.68
CUST006382,280620,0.3661,102734.98
CUST006383,2916,0.3853,1123.53
CUST006384,194376,0.3342,64960.46
CUST006385,20184,0.3139,6335.76
CUST006386,171324,0.5172,88608.77
CUST006387,59244,0.4201,24888.4
CUST006388,3744,0.2331,872.73
CUST006389,28632,0.2455,7029.16
CUST006390,61836,0.0877,5423.02
CUST006391,53736,0.1721,9247.97
CUST006392,11796,0.3542,4178.14
CUST006393,3540,0.8136,2880.14
CUST006394,67728,0.7382,49996.81
CUST006395,299676,0.7603,227843.66
CUST006396,24264,0.6068,14723.4
CUST006397,13812,0.0763,1053.86
CUST006398,12768,0.3129,3995.11
CUST006399,191988,0.4805,92250.23
CUST006400,29232,0.7956,23256.98
CUST006401,52872,0.2307,12197.57
CUST006402,33384,0.8174,27288.08
CUST006403,81828,0.8383,68596.41
CUST006404,9348,0.4637,4334.67
CUST006405,4056,0.2674,1084.57
CUST006406,27696,0.873,24178.61
CUST006407,19008,0.7914,15042.93
CUST006408,2604,0.3746,975.46
CUST006409,45132,0.3804,17168.21
CUST006410,12852,0.5146,6613.64
CUST006411,14268,0.5965,8510.86
CUST006412,19176,0.6184,11858.44
CUST006413,87540,0.6953,60866.56
CUST006414,84180,0.794,66838.92
CUST006415,2376,0.7396,1757.29
CUST006416,42492,0.0568,2413.55
CUST006417,41568,0.2865,11909.23
CUST006418,5784,0.6447,3728.94
CUST006419,13812,0.603,8328.64
CUST006420,45864,0.0853,3912.2
CUST006421,87312,0.8395,73298.42
CUST006422,94140,0.5765,54271.71
CUST006423,10092,0.7954,8027.18
CUST006424,52668,0.126,6636.17
CUST006425,43248,0.8705,37647.38
CUST006426,17364,0.8685,15080.63
CUST006427,10608,0.4188,4442.63
CUST006428,8568,0.2074,1777.0
CUST006429,283944,0.6539,185670.98
CUST006430,4536,0.0727,329.77
CUST006431,19092,0.7146,13643.14
CUST006432,9444,0.0936,883.96
CUST006433,189084,0.3817,72173.36
CUST006434,47376,0.1174,5561.94
CUST006435,11976,0.2395,2868.25
CUST006436,22968,0.6607,15174.96
CUST006437,91908,0.8199,75355.37
CUST006438,23316,0.0465,1084.19
CUST006439,88860,0.3616,32131.78
CUST006440,13476,0.2192,2953.94
CUST006441,1584,0.2019,319.81
CUST006442,245352,0.4196,102949.7
CUST006443,31848,0.5653,18003.67
CUST006444,18444,0.624,11509.06
CUST006445,285348,0.6488,185133.78
CUST006446,19704,0.2063,4064.94
CUST006447,14088,0.4614,6500.2
CUST006448,44052,0.1306,5753.19
CUST006449,8424,0.4059,3419.3
CUST006450,16224,0.4125,6692.4
CUST006451,3756,0.8253,3099.83
CUST006452,48120,0.1538,7400.86
CUST006453,8772,0.1968,1726.33
CUST006454,6444,0.0411,264.85
CUST006455,21936,0.0629,1379.77
CUST006456,39192,0.1115,4369.91
CUST006457,15108,0.4275,6458.67
CUST006458,7092,0.405,2872.26
CUST006459,55728,0.8431,46984.28
CUST006460,60084,0.6052,36362.84
CUST006461,48540,0.5842,28357.07
CUST006462,82500,0.1203,9924.75
CUST006463,12888,0.5278,6802.29
CUST006464,273960,0.2091,57285.04
CUST006465,14772,0.8096,11959.41
CUST006466,32544,0.6036,19643.56
CUST006467,2388,0.2602,621.36
CUST006468,1968,0.8588,1690.12
CUST006469,10728,0.7127,7645.85
CUST006470,31524,0.0997,3142.94
CUST006471,23232,0.4832,11225.7
CUST006472,4536,0.1416,642.3
CUST006473,42888,0.0598,2564.7
CUST006474,7956,0.4192,3335.16
CUST006475,120456,0.0769,9263.07
CUST006476,78588,0.8595,67546.39
CUST006477,7632,0.5707,4355.58
CUST006478,55164,0.5952,32833.61
CUST006479,46128,0.4671,21546.39
CUST006480,19644,0.2546,5001.36
CUST006481,21204,0.5329,11299.61
CUST006482,13260,0.1782,2362.93
CUST006483,21924,0.7214,15815.97
CUST006484,68268,0.5189,35424.27
CUST006485,84756,0.5153,43674.77
CUST006486,6540,0.432,2825.28
CUST006487,23256,0.3286,7641.92
CUST006488,44376,0.258,11449.01
CUST006489,17124,0.3465,5933.47
CUST006490,12564,0.2125,2669.85
CUST006491,257388,0.3082,79326.98
CUST006492,20256,0.7972,16148.08
CUST006493,16884,0.5325,8990.73
CUST006494,13008,0.0688,894.95
CUST006495,21756,0.8145,17720.26
CUST006496,75444,0.6625,49981.65
CUST006497,18924,0.0687,1300.08
CUST006498,6840,0.6391,4371.44
CUST006499,22068,0.6913,15255.61
CUST006500,44940,0.8148,36617.11
CUST006501,78960,0.6815,53811.24
CUST006502,22176,0.6448,14299.08
CUST006503,20232,0.3647,7378.61
CUST006504,81552,0.3892,31740.04
CUST006505,51768,0.1967,10182.77
CUST006506,227892,0.2922,66590.04
CUST006507,63096,0.6678,42135.51
CUST006508,16524,0.827,13665.35
CUST006509,30012,0.1305,3916.57
CUST006510,5916,0.3683,2178.86
CUST006511,20796,0.705,14661.18
CUST006512,46764,0.8219,38435.33
CUST006513,17640,0.8617,15200.39
CUST006514,14892,0.3242,4827.99
CUST006515,12960,0.2902,3760.99
CUST006516,231912,0.7258,168321.73
CUST006517,57180,0.4498,25719.56
CUST006518,20268,0.194,3931.99
CUST006519,55860,0.2004,11194.34
CUST006520,76440,0.1457,11137.31
CUST006521,74880,0.3575,26769.6
CUST006522,74796,0.7269,54369.21
CUST006523,18576,0.8948,16621.8
CUST006524,13884,0.7702,10693.46
CUST006525,67848,0.8428,57182.29
CUST006526,81912,0.3106,25441.87
CUST006527,48624,0.9316,45298.12
CUST006528,68064,0.6361,43295.51
CUST006529,45624,0.6341,28930.18
CUST006530,65952,0.3182,20985.93
CUST006531,70320,0.5693,40033.18
CUST006532,22980,0.4498,10336.4
CUST006533,15384,0.1967,3026.03
CUST006534,77904,0.1477,11506.42
CUST006535,23268,0.697,16217.8
CUST006536,118668,0.8616,102244.35
CUST006537,42240,0.8423,35578.75
CUST006538,78684,0.5697,44826.27
CUST006539,4992,0.5124,2557.9
CUST006540,263784,0.9102,240096.2
CUST006541,48624,0.1892,9199.66
CUST006542,239484,0.2655,63583.0
CUST006543,94224,0.7969,75087.11
CUST006544,150228,0.5865,88108.72
CUST006545,14832,0.3243,4810.02
CUST006546,198900,0.7582,150805.98
CUST006547,10512,0.1512,1589.41
CUST006548,22500,0.0762,1714.5
CUST006549,94800,0.0337,3194.76
CUST006550,71412,0.7002,50002.68
CUST006551,53196,0.9461,50328.74
CUST006552,70356,0.4492,31603.92
CUST006553,3816,0.5696,2173.59
CUST006554,7188,0.3715,2670.34
CUST006555,26208,0.2859,7492.87
CUST006556,10728,0.6777,7270.37
CUST006557,7332,0.2114,1549.98
CUST006558,23196,0.6735,15622.51
CUST006559,19572,0.2737,5356.86
CUST006560,3084,0.4898,1510.54
CUST006561,73572,0.6605,48594.31
CUST006562,22080,0.1212,2676.1
CUST006563,18936,0.6306,11941.04
CUST006564,20964,0.404,8469.46
CUST006565,32592,0.9409,30665.81
CUST006566,7728,0.6029,4659.21
CUST006567,39324,0.5158,20283.32
CUST006568,39948,0.7158,28594.78
CUST006569,173040,0.8446,146149.58
CUST006570,4140,0.8966,3711.92
CUST006571,20748,0.1905,3952.49
CUST006572,87924,0.9468,83246.44
CUST006573,3288,0.5257,1728.5
CUST006574,20352,0.1423,2896.09
CUST006575,205236,0.459,94203.32
CUST006576,18132,0.4419,8012.53
CUST006577,14652,0.4708,6898.16
CUST006578,75876,0.6679,50677.58
CUST006579,4032,0.3441,1387.41
CUST006580,139332,0.1407,19604.01
CUST006581,5712,0.7376,4213.17
CUST006582,8172,0.1253,1023.95
CUST006583,218496,0.2088,45621.96
CUST006584,220464,0.1847,40719.7
CUST006585,39468,0.4639,18309.21
CUST006586,42108,0.5795,24401.59
CUST006587,14232,0.8948,12734.79
CUST006588,5712,0.2614,1493.12
CUST006589,22620,0.7444,16838.33
CUST006590,14160,0.7505,10627.08
CUST006591,12432,0.2679,3330.53
CUST006592,29076,0.9273,26962.17
CUST006593,12144,0.1859,2257.57
CUST006594,4368,0.4957,2165.22
CUST006595,7356,0.6947,5110.21
CUST006596,5664,0.5934,3361.02
CUST006597,14880,0.2945,4382.16
CUST006598,66660,0.921,61393.86
CUST006599,51264,0.9002,46147.85
CUST006600,18324,0.0957,1753.61
CUST006601,21012,0.0764,1605.32
CUST006602,7152,0.6361,4549.39
CUST006603,6648,0.8787,5841.6
CUST006604,15192,0.2642,4013.73
CUST006605,21972,0.7714,16949.2
CUST006606,2964,0.1872,554.86
CUST006607,91548,0.2539,23244.04
CUST006608,10728,0.3143,3371.81
CUST006609,84828,0.6295,53399.23
CUST006610,280932,0.5777,162294.42
CUST006611,35820,0.2324,8324.57
CUST006612,90420,0.2376,21483.79
CUST006613,166308,0.349,58041.49
CUST006614,296064,0.7629,225867.23
CUST006615,64824,0.5171,33520.49
CUST006616,59436,0.5065,30104.33
CUST006617,83736,0.8766,73402.98
CUST006618,10188,0.4207,4286.09
CUST006619,14304,0.6052,8656.78
CUST006620,8544,0.475,4058.4
CUST006621,14664,0.7281,10676.86
CUST006622,25164,0.4913,12363.07
CUST006623,284832,0.8237,234616.12
CUST006624,27000,0.8607,23238.9
CUST006625,22368,0.8245,18442.42
CUST006626,38856,0.806,31317.94
CUST006627,1944,0.1023,198.87
CUST006628,53040,0.6877,36475.61
CUST006629,2256,0.7165,1616.42
CUST006630,65220,0.0826,5387.17
CUST006631,23700,0.5966,14139.42
CUST006632,12276,0.6026,7397.52
CUST006633,154056,0.7812,120348.55
CUST006634,55656,0.1048,5832.75
CUST006635,41496,0.102,4232.59
CUST006636,7632,0.1333,1017.35
CUST006637,5040,0.2858,1440.43
CUST006638,11580,0.6762,7830.4
CUST006639,15396,0.7305,11246.78
CUST006640,23640,0.8584,20292.58
CUST006641,6072,0.3915,2377.19
CUST006642,6552,0.0862,564.78
CUST006643,70740,0.7485,52948.89
CUST006644,17136,0.6117,10482.09
CUST006645,9444,0.6007,5673.01
CUST006646,187980,0.3004,56469.19
CUST006647,13704,0.6836,9368.05
CUST006648,11676,0.2031,2371.4
CUST006649,16092,0.8829,14207.63
CUST006650,65880,0.8442,55615.9
CUST006651,59088,0.4974,29390.37
CUST006652,92124,0.428,39429.07
CUST006653,52332,0.7146,37396.45
CUST006654,15600,0.2236,3488.16
CUST006655,77088,0.9343,72023.32
CUST006656,17556,0.472,8286.43
CUST006657,70296,0.416,29243.14
CUST006658,36864,0.4451,16408.17
CUST006659,20196,0.5072,10243.41
CUST006660,12108,0.2802,3392.66
CUST006661,46260,0.3532,16339.03
CUST006662,70008,0.8223,57567.58
CUST006663,16812,0.7844,13187.33
CUST006664,75564,0.9244,69851.36
CUST006665,9684,0.8667,8393.12
CUST006666,41568,0.862,35831.62
CUST006667,21456,0.763,16370.93
CUST006668,55212,0.6767,37361.96
CUST006669,82368,0.6162,50755.16
CUST006670,58932,0.6907,40704.33
CUST006671,22704,0.8831,20049.9
CUST006672,8184,0.3177,2600.06
CUST006673,3564,0.6427,2290.58
CUST006674,76980,0.2487,19144.93
CUST006675,111864,0.7448,83316.31
CUST006676,3120,0.6236,1945.63
CUST006677,117096,0.5253,61510.53
CUST006678,8520,0.8974,7645.85
CUST006679,188364,0.4233,79734.48
CUST006680,12000,0.8861,10633.2
CUST006681,70368,0.0375,2638.8
CUST006682,9252,0.9191,8503.51
CUST006683,8304,0.3182,2642.33
CUST006684,10968,0.7266,7969.35
CUST006685,38736,0.805,31182.48
CUST006686,90540,0.8065,73020.51
CUST006687,132072,0.054,7131.89
CUST006688,158820,0.8491,134854.06
CUST006689,94560,0.4305,40708.08
CUST006690,13740,0.2808,3858.19
CUST006691,38820,0.516,20031.12
CUST006692,68016,0.8071,54895.71
CUST006693,22392,0.1391,3114.73
CUST006694,57396,0.5335,30620.77
CUST006695,191712,0.5762,110464.45
CUST006696,21756,0.4813,10471.16
CUST006697,83220,0.0195,1622.79
CUST006698,146844,0.0138,2026.45
CUST006699,281388,0.8073,227164.53
CUST006700,16680,0.7863,13115.48
CUST006701,29760,0.3781,11252.26
CUST006702,39576,0.2813,11132.73
CUST006703,42096,0.4529,19065.28
CUST006704,293976,0.589,173151.86
CUST006705,54636,0.2157,11784.99
CUST006706,8760,0.1692,1482.19
CUST006707,4704,0.5751,2705.27
CUST006708,13020,0.3229,4204.16
CUST006709,1776,0.0431,76.55
CUST006710,36828,0.7621,28066.62
CUST006711,15744,0.0271,426.66
CUST006712,7968,0.1608,1281.25
CUST006713,20400,0.5656,11538.24
CUST006714,16800,0.3272,5496.96
CUST006715,30972,0.1258,3896.28
CUST006716,1344,0.1796,241.38
CUST006717,139944,0.4987,69790.07
CUST006718,15744,0.6522,10268.24
CUST006719,129384,0.1677,21697.7
CUST006720,54144,0.3365,18219.46
CUST006721,3300,0.34,1122.0
CUST006722,23772,0.2064,4906.54
CUST006723,50112,0.235,11776.32
CUST006724,22584,0.0811,1831.56
CUST006725,11040,0.886,9781.44
CUST006726,31416,0.1295,4068.37
CUST006727,82356,0.8452,69607.29
CUST006728,22356,0.2768,6188.14
CUST006729,43140,0.1399,6035.29
CUST006730,4272,0.0713,304.59
CUST006731,172224,0.3335,57436.7
CUST006732,12624,0.085,1073.04
CUST006733,193980,0.9366,181681.67
CUST006734,72780,0.8879,64621.36
CUST006735,45012,0.0722,3249.87
CUST006736,9444,0.1519,1434.54
CUST006737,14940,0.1692,2527.85
CUST006738,66588,0.629,41883.85
CUST006739,1452,0.4327,628.28
CUST006740,49692,0.2749,13660.33
CUST006741,66324,0.2023,13417.35
CUST006742,52080,0.8625,44919.0
CUST006743,21204,0.8251,17495.42
CUST006744,12048,0.9002,10845.61
CUST006745,4356,0.7974,3473.47
CUST006746,77268,0.7377,57000.6
CUST006747,111372,0.0517,5757.93
CUST006748,75168,0.418,31420.22
CUST006749,31452,0.254,7988.81
CUST006750,74436,0.7284,54219.18
CUST006751,69804,0.8469,59117.01
CUST006752,204600,0.0104,2127.84
CUST006753,84228,0.3832,32276.17
CUST006754,16872,0.594,10021.97
CUST006755,80760,0.8302,67046.95
CUST006756,51108,0.0254,1298.14
CUST006757,65412,0.6552,42857.94
CUST006758,28536,0.4092,11676.93
CUST006759,33840,0.6272,21224.45
CUST006760,77244,0.2137,16507.04
CUST006761,19104,0.5147,9832.83
CUST006762,16116,0.0207,333.6
CUST006763,265440,0.5398,143284.51
CUST006764,86076,0.5944,51163.57
CUST006765,95340,0.6418,61189.21
CUST006766,18684,0.3904,7294.23
CUST006767,60492,0.3914,23676.57
CUST006768,75852,0.1771,13433.39
CUST006769,6948,0.0918,637.83
CUST006770,48768,0.7208,35151.97
CUST006771,8412,0.5791,4871.39
CUST006772,50424,0.7465,37641.52
CUST006773,16032,0.4588,7355.48
CUST006774,13092,0.5277,6908.65
CUST006775,41484,0.899,37294.12
CUST006776,41088,0.739,30364.03
CUST006777,40344,0.057,2299.61
CUST006778,69516,0.1742,12109.69
CUST006779,22056,0.6678,14729.0
CUST006780,78144,0.5663,44252.95
CUST006781,13380,0.0597,798.79
CUST006782,3024,0.0974,294.54
CUST006783,13644,0.6831,9320.22
CUST006784,174360,0.3943,68750.15
CUST006785,4656,0.3286,1529.96
CUST006786,104832,0.1666,17465.01
CUST006787,2436,0.6795,1655.26
CUST006788,94992,0.6538,62105.77
CUST006789,43164,0.8734,37699.44
CUST006790,56184,0.5224,29350.52
CUST006791,15288,0.757,11573.02
CUST006792,131232,0.1009,13241.31
CUST006793,10728,0.5976,6411.05
CUST006794,42972,0.7881,33866.23
CUST006795,12828,0.7438,9541.47
CUST006796,7812,0.5732,4477.84
CUST006797,99468,0.7191,71527.44
CUST006798,212268,0.0731,15516.79
CUST006799,52320,0.6534,34185.89
CUST006800,24264,0.7361,17860.73
CUST006801,151908,0.184,27951.07
CUST006802,2316,0.6933,1605.68
CUST006803,17856,0.6066,10831.45
CUST006804,1392,0.0112,15.59
CUST006805,39156,0.2071,8109.21
CUST006806,14736,0.9107,13420.08
CUST006807,7092,0.2868,2033.99
CUST006808,43860,0.2918,12798.35
CUST006809,156780,0.3341,52380.2
CUST006810,13980,0.211,2949.78
CUST006811,12180,0.212,2582.16
CUST006812,26592,0.7867,20919.93
CUST006813,17880,0.9241,16522.91
CUST006814,42996,0.1111,4776.86
CUST006815,116928,0.5201,60814.25
CUST006816,151596,0.6092,92352.28
CUST006817,71928,0.0332,2388.01
CUST006818,178488,0.2657,47424.26
CUST006819,20364,0.5163,10513.93
CUST006820,20880,0.6113,12763.94
CUST006821,60060,0.7337,44066.02
CUST006822,2796,0.3424,957.35
CUST006823,63360,0.0625,3960.0
CUST006824,1644,0.4023,661.38
CUST006825,15216,0.8512,12951.86
CUST006826,3264,0.8503,2775.38
CUST006827,12120,0.3518,4263.82
CUST006828,28620,0.312,8929.44
CUST006829,42300,0.5416,22909.68
CUST006830,81588,0.0198,1615.44
CUST006831,21864,0.0609,1331.52
CUST006832,9804,0.2185,2142.17
CUST006833,68316,0.3696,25249.59
CUST006834,16632,0.6688,11123.48
CUST006835,137280,0.7645,104950.56
CUST006836,57444,0.0214,1229.3
CUST006837,14568,0.9011,13127.22
CUST006838,88560,0.1779,15754.82
CUST006839,7500,0.7178,5383.5
CUST006840,83136,0.6657,55343.64
CUST006841,4668,0.5052,2358.27
CUST006842,20568,0.8271,17011.79
CUST006843,39840,0.3104,12366.34
CUST006844,17268,0.0532,918.66
CUST006845,68772,0.0623,4284.5
CUST006846,17520,0.8457,14816.66
CUST006847,46008,0.4885,22474.91
CUST006848,23412,0.4269,9994.58
CUST006849,215472,0.861,185521.39
CUST006850,47040,0.4994,23491.78
CUST006851,86160,0.9349,80550.98
CUST006852,5388,0.2196,1183.2
CUST006853,23268,0.5576,12974.24
CUST006854,51168,0.9189,47018.28
CUST006855,8808,0.2017,1776.57
CUST006856,2808,0.4509,1266.13
CUST006857,90180,0.2128,19190.3
CUST006858,20160,0.6205,12509.28
CUST006859,15612,0.339,5292.47
CUST006860,7584,0.7898,5989.84
CUST006861,74268,0.6588,48927.76
CUST006862,80088,0.2455,19661.6
CUST006863,75924,0.2047,15541.64
CUST006864,21984,0.7595,16696.85
CUST006865,20400,0.3127,6379.08
CUST006866,1356,0.5564,754.48
CUST006867,35640,0.7029,25051.36
CUST006868,8736,0.0837,731.2
CUST006869,179424,0.1394,25011.71
CUST006870,16848,0.752,12669.7
CUST006871,14508,0.8026,11644.12
CUST006872,28704,0.8211,23568.85
CUST006873,17172,0.4137,7104.06
CUST006874,1344,0.2531,340.17
CUST006875,145344,0.2682,38981.26
CUST006876,18384,0.3593,6605.37
CUST006877,53640,0.7869,42209.32
CUST006878,17784,0.7785,13844.84
CUST006879,161964,0.7077,114621.92
CUST006880,13152,0.1467,1929.4
CUST006881,23604,0.0559,1319.46
CUST006882,167568,0.6344,106305.14
CUST006883,5040,0.5714,2879.86
CUST006884,19404,0.8813,17100.75
CUST006885,211596,0.8659,183220.98
CUST006886,78684,0.2407,18939.24
CUST006887,20592,0.6373,13123.28
CUST006888,12840,0.0765,982.26
CUST006889,7896,0.0884,698.01
CUST006890,77628,0.9447,73335.17
CUST006891,216528,0.4516,97784.04
CUST006892,4440,0.3407,1512.71
CUST006893,15828,0.0504,797.73
CUST006894,48192,0.9429,45440.24
CUST006895,15552,0.0755,1174.18
CUST006896,8892,0.416,3699.07
CUST006897,5400,0.2151,1161.54
CUST006898,17652,0.1035,1826.98
CUST006899,2712,0.2398,650.34
CUST006900,13068,0.027,352.84
CUST006901,18540,0.2782,5157.83
CUST006902,61044,0.6071,37059.81
CUST006903,4188,0.162,678.46
CUST006904,9852,0.379,3733.91
CUST006905,221736,0.3953,87652.24
CUST006906,91932,0.173,15904.24
CUST006907,20388,0.0646,1317.06
CUST006908,10620,0.0335,355.77
CUST006909,5796,0.6645,3851.44
CUST006910,259380,0.6224,161438.11
CUST006911,251268,0.089,22362.85
CUST006912,16320,0.4618,7536.58
CUST006913,54096,0.1499,8108.99
CUST006914,2604,0.0635,165.35
CUST006915,20832,0.2613,5443.4
CUST006916,64752,0.334,21627.17
CUST006917,20388,0.6552,13358.22
CUST006918,13764,0.6564,9034.69
CUST006919,69504,0.0971,6748.84
CUST006920,273432,0.8398,229628.19
CUST006921,14124,0.7623,10766.73
CUST006922,14388,0.4899,7048.68
CUST006923,3612,0.8017,2895.74
CUST006924,4848,0.0809,392.2
CUST006925,7272,0.4668,3394.57
CUST006926,74916,0.6654,49849.11
CUST006927,78948,0.2043,16129.08
CUST006928,60708,0.0508,3083.97
CUST006929,8808,0.8642,7611.87
CUST006930,54096,0.562,30401.95
CUST006931,15552,0.8305,12915.94
CUST006932,89208,0.204,18198.43
CUST006933,224100,0.0597,13378.77
CUST006934,21264,0.4907,10434.24
CUST006935,20712,0.8605,17822.68
CUST006936,65340,0.0362,2365.31
CUST006937,17292,0.2923,5054.45
CUST006938,160176,0.329,52697.9
CUST006939,34176,0.5893,20139.92
CUST006940,14400,0.8013,11538.72
CUST006941,70824,0.3025,21424.26
CUST006942,6744,0.7044,4750.47
CUST006943,89508,0.8689,77773.5
CUST006944,2544,0.6002,1526.91
CUST006945,195624,0.8551,167278.08
CUST006946,6912,0.4815,3328.13
CUST006947,80124,0.5744,46023.23
CUST006948,19968,0.7419,14814.26
CUST006949,6804,0.1472,1001.55
CUST006950,79476,0.6448,51246.12
CUST006951,67140,0.4788,32146.63
CUST006952,10212,0.8165,8338.1
CUST006953,14640,0.478,6997.92
CUST006954,8232,0.3245,2671.28
CUST006955,23460,0.6832,16027.87
CUST006956,20928,0.5698,11924.77
CUST006957,13512,0.0329,444.54
CUST006958,20244,0.6354,12863.04
CUST006959,18936,0.4435,8398.12
CUST006960,22068,0.4468,9859.98
CUST006961,7260,0.5033,3653.96
CUST006962,7512,0.8576,6442.29
CUST006963,91512,0.2709,24790.6
CUST006964,14220,0.4878,6936.52
CUST006965,13020,0.3918,5101.24
CUST006966,89184,0.1056,9417.83
CUST006967,160908,0.5842,94002.45
CUST006968,43896,0.0408,1790.96
CUST006969,11028,0.4313,4756.38
CUST006970,22812,0.6711,15309.13
CUST006971,8232,0.8013,6596.3
CUST006972,71124,0.3235,23008.61
CUST006973,20964,0.1019,2136.23
CUST006974,19248,0.584,11240.83
CUST006975,3984,0.1569,625.09
CUST006976,48120,0.2567,12352.4
CUST006977,2904,0.3465,1006.24
CUST006978,85500,0.2524,21580.2
CUST006979,16956,0.6605,11199.44
CUST006980,254808,0.2369,60364.02
CUST006981,84312,0.3782,31886.8
CUST006982,56244,0.5666,31867.85
CUST006983,18312,0.3789,6938.42
CUST006984,91860,0.9176,84290.74
CUST006985,1692,0.8951,1514.51
CUST006986,8160,0.1473,1201.97
CUST006987,129384,0.38,49165.92
CUST006988,91956,0.4794,44083.71
CUST006989,14028,0.6799,9537.64
CUST006990,17316,0.7345,12718.6
CUST006991,2664,0.2824,752.31
CUST006992,3768,0.5463,2058.46
CUST006993,17928,0.1989,3565.88
CUST006994,24864,0.1665,4139.86
CUST006995,9744,0.5521,5379.66
CUST006996,35868,0.3764,13500.72
CUST006997,72924,0.8145,59396.6
CUST006998,184788,0.0673,12436.23
CUST006999,14004,0.036,504.14
CUST007000,9936,0.7924,7873.29
CUST007001,18888,0.0322,608.19
CUST007002,15564,0.3022,4703.44
CUST007003,76044,0.219,16653.64
CUST007004,20784,0.432,8978.69
CUST007005,12216,0.5243,6404.85
CUST007006,16944,0.7383,12509.76
CUST007007,10176,0.5018,5106.32
CUST007008,3048,0.313,954.02
CUST007009,1788,0.4211,752.93
CUST007010,77784,0.638,49626.19
CUST007011,46380,0.1893,8779.73
CUST007012,163272,0.8197,133834.06
CUST007013,5316,0.8385,4457.47
CUST007014,37332,0.888,33150.82
CUST007015,13092,0.3678,4815.24
CUST007016,8832,0.3717,3282.85
CUST007017,251076,0.173,43436.15
CUST007018,10512,0.3094,3252.41
CUST007019,49920,0.2917,14561.66
CUST007020,149592,0.2159,32296.91
CUST007021,94200,0.5376,50641.92
CUST007022,70836,0.1663,11780.03
CUST007023,25848,0.3362,8690.1
CUST007024,45048,0.6612,29785.74
CUST007025,68412,0.1536,10508.08
CUST007026,86556,0.6326,54755.33
CUST007027,21300,0.579,12332.7
CUST007028,290208,0.505,146555.04
CUST007029,166368,0.3738,62188.36
CUST007030,34092,0.1827,6228.61
CUST007031,228576,0.2142,48960.98
CUST007032,39864,0.6239,24871.15
CUST007033,49056,0.6521,31989.42
CUST007034,96840,0.8395,81297.18
CUST007035,52248,0.3801,19859.46
CUST007036,12288,0.3389,4164.4
CUST007037,293352,0.221,64830.79
CUST007038,62700,0.3184,19963.68
CUST007039,19788,0.4797,9492.3
CUST007040,2316,0.0757,175.32
CUST007041,93036,0.8511,79182.94
CUST007042,16596,0.7687,12757.35
CUST007043,6012,0.4376,2630.85
CUST007044,2544,0.4826,1227.73
CUST007045,13212,0.928,12260.74
CUST007046,17616,0.1439,2534.94
CUST007047,19224,0.9218,17720.68
CUST007048,19044,0.3311,6305.47
CUST007049,22128,0.4393,9720.83
CUST007050,53448,0.8854,47322.86
CUST007051,10368,0.3367,3490.91
CUST007052,19428,0.3867,7512.81
CUST007053,69264,0.8616,59677.86
CUST007054,9816,0.398,3906.77
CUST007055,251244,0.3584,90045.85
CUST007056,2340,0.3041,711.59
CUST007057,12876,0.813,10468.19
CUST007058,16296,0.4911,8002.97
CUST007059,27936,0.3038,8486.96
CUST007060,169932,0.911,154808.05
CUST007061,18252,0.4864,8877.77
CUST007062,22068,0.2802,6183.45
CUST007063,183756,0.6757,124163.93
CUST007064,2388,0.7621,1819.89
CUST007065,30384,0.04,1215.36
CUST007066,7404,0.3122,2311.53
CUST007067,139548,0.2798,39045.53
CUST007068,1368,0.3376,461.84
CUST007069,83556,0.6015,50258.93
CUST007070,21564,0.1212,2613.56
CUST007071,22212,0.5573,12378.75
CUST007072,3384,0.0388,131.3
CUST007073,20772,0.1623,3371.3
CUST007074,19584,0.477,9341.57
CUST007075,40512,0.3409,13810.54
CUST007076,76188,0.296,22551.65
CUST007077,68136,0.341,23234.38
CUST007078,104856,0.471,49387.18
CUST007079,105960,0.2033,21541.67
CUST007080,57540,0.1529,8797.87
CUST007081,61728,0.8819,54437.92
CUST007082,140172,0.3074,43088.87
CUST007083,28884,0.6117,17668.34
CUST007084,94128,0.5854,55102.53
CUST007085,288072,0.2084,60034.2
CUST007086,90708,0.024,2176.99
CUST007087,12684,0.3214,4076.64
CUST007088,103128,0.4907,50604.91
CUST007089,60360,0.2158,13025.69
CUST007090,17220,0.0716,1232.95
CUST007091,129348,0.8664,112067.11
CUST007092,9660,0.8567,8275.72
CUST007093,17904,0.3513,6289.68
CUST007094,3852,0.1065,410.24
CUST007095,22260,0.8521,18967.75
CUST007096,77256,0.7224,55809.73
CUST007097,85788,0.3445,29553.97
CUST007098,20796,0.427,8879.89
CUST007099,13308,0.1866,2483.27
CUST007100,78792,0.8814,69447.27
CUST007101,39120,0.2532,9905.18
CUST007102,9840,0.7483,7363.27
CUST007103,20124,0.7462,15016.53
CUST007104,23436,0.2799,6559.74
CUST007105,6432,0.3983,2561.87
CUST007106,246696,0.3054,75340.96
CUST007107,79236,0.1259,9975.81
CUST007108,38700,0.3409,13192.83
CUST007109,213468,0.1543,32938.11
CUST007110,18228,0.7178,13084.06
CUST007111,21684,0.1883,4083.1
CUST007112,13260,0.1036,1373.74
CUST007113,23352,0.6693,15629.49
CUST007114,30996,0.1768,5480.09
CUST007115,14508,0.3454,5011.06
CUST007116,22932,0.5301,12156.25
CUST007117,76068,0.1442,10969.01
CUST007118,33300,0.1023,3406.59
CUST007119,25008,0.3749,9375.5
CUST007120,280680,0.2584,72527.71
CUST007121,47028,0.0411,1932.85
CUST007122,11844,0.5877,6960.72
CUST007123,11784,0.4332,5104.83
CUST007124,22884,0.6633,15178.96
CUST007125,159708,0.8897,142092.21
CUST007126,139188,0.634,88245.19
CUST007127,4308,0.3463,1491.86
CUST007128,46944,0.144,6759.94
CUST007129,8724,0.3661,3193.86
CUST007130,59748,0.7015,41913.22
CUST007131,19560,0.2255,4410.78
CUST007132,73500,0.7355,54059.25
CUST007133,13212,0.1261,1666.03
CUST007134,48252,0.6977,33665.42
CUST007135,60012,0.8655,51940.39
CUST007136,240120,0.6024,144648.29
CUST007137,23340,0.4473,10439.98
CUST007138,21204,0.2898,6144.92
CUST007139,6936,0.5783,4011.09
CUST007140,8556,0.3436,2939.84
CUST007141,13728,0.6822,9365.24
CUST007142,20064,0.3659,7341.42
CUST007143,4584,0.7276,3335.32
CUST007144,20916,0.7973,16676.33
CUST007145,31104,0.0203,631.41
CUST007146,19944,0.2782,5548.42
CUST007147,200880,0.3728,74888.06
CUST007148,20436,0.0435,888.97
CUST007149,12012,0.4174,5013.81
CUST007150,18084,0.5498,9942.58
CUST007151,181020,0.2628,47572.06
CUST007152,73572,0.5324,39169.73
CUST007153,21084,0.1884,3972.23
CUST007154,14316,0.169,2419.4
CUST007155,44520,0.7796,34707.79
CUST007156,39180,0.647,25349.46
CUST007157,7512,0.8729,6557.22
CUST007158,8436,0.8996,7589.03
CUST007159,82620,0.7176,59288.11
CUST007160,11028,0.3453,3807.97
CUST007161,155952,0.461,71893.87
CUST007162,2484,0.4938,1226.6
CUST007163,40068,0.2911,11663.79
CUST007164,3132,0.2408,754.19
CUST007165,72372,0.8297,60047.05
CUST007166,288468,0.7712,222466.52
CUST007167,4464,0.5387,2404.76
CUST007168,54840,0.4576,25094.78
CUST007169,57408,0.6853,39341.7
CUST007170,44172,0.3711,16392.23
CUST007171,46260,0.3718,17199.47
CUST007172,66036,0.8818,58230.54
CUST007173,23388,0.1776,4153.71
CUST007174,18756,0.2716,5094.13
CUST007175,83784,0.78,65351.52
CUST007176,10128,0.5079,5144.01
CUST007177,91524,0.7041,64442.05
CUST007178,72504,0.1976,14326.79
CUST007179,137952,0.1334,18402.8
CUST007180,12456,0.8179,10187.76
CUST007181,26256,0.3906,10255.59
CUST007182,20928,0.2102,4399.07
CUST007183,163440,0.6285,102722.04
CUST007184,72012,0.5235,37698.28
CUST007185,1236,0.7724,954.69
CUST007186,18564,0.0562,1043.3
CUST007187,22584,0.7715,17423.56
CUST007188,23592,0.0761,1795.35
CUST007189,179304,0.231,41419.22
CUST007190,11796,0.7283,8591.03
CUST007191,23184,0.5155,11951.35
CUST007192,18480,0.5839,10790.47
CUST007193,43680,0.1827,7980.34
CUST007194,20724,0.1965,4072.27
CUST007195,74160,0.8214,60915.02
CUST007196,12372,0.3599,4452.68
CUST007197,53424,0.3525,18831.96
CUST007198,5412,0.8917,4825.88
CUST007199,42060,0.1947,8189.08
CUST007200,58692,0.5112,30003.35
CUST007201,13788,0.4765,6569.98
CUST007202,59496,0.1492,8876.8
CUST007203,4620,0.8215,3795.33
CUST007204,70092,0.8491,59515.12
CUST007205,15360,0.2979,4575.74
CUST007206,6984,0.0651,454.66
CUST007207,4884,0.4767,2328.2
CUST007208,65232,0.3089,20150.16
CUST007209,11760,0.1688,1985.09
CUST007210,88464,0.2713,24000.28
CUST007211,7224,0.5503,3975.37
CUST007212,72564,0.3226,23409.15
CUST007213,83916,0.7816,65588.75
CUST007214,17472,0.129,2253.89
CUST007215,18336,0.8845,16218.19
CUST007216,13308,0.276,3673.01
CUST007217,150120,0.2143,32170.72
CUST007218,22092,0.4257,9404.56
CUST007219,7800,0.0609,475.02
CUST007220,285012,0.5895,168014.57
CUST007221,9264,0.4285,3969.62
CUST007222,24780,0.2558,6338.72
CUST007223,12384,0.8719,10797.61
CUST007224,23892,0.7649,18274.99
CUST007225,68256,0.6766,46182.01
CUST007226,9468,0.2922,2766.55
CUST007227,22644,0.7425,16813.17
CUST007228,15924,0.3936,6267.69
CUST007229,5268,0.8928,4703.27
CUST007230,17688,0.5643,9981.34
CUST007231,23220,0.3856,8953.63
CUST007232,52452,0.372,19512.14
CUST007233,12648,0.1579,1997.12
CUST007234,79932,0.226,18064.63
CUST007235,66672,0.5934,39563.16
CUST007236,1536,0.4979,764.77
CUST007237,3396,0.7938,2695.74
CUST007238,3348,0.5419,1814.28
CUST007239,46308,0.8876,41102.98
CUST007240,11508,0.5628,6476.7
CUST007241,17688,0.4074,7206.09
CUST007242,19680,0.8727,17174.74
CUST007243,187020,0.487,91078.74
CUST007244,134508,0.3099,41684.03
CUST007245,52692,0.4525,23843.13
CUST007246,53904,0.4027,21707.14
CUST007247,184764,0.4136,76418.39
CUST007248,20676,0.634,13108.58
CUST007249,14040,0.8388,11776.75
CUST007250,17628,0.3194,5630.38
CUST007251,12624,0.4379,5528.05
CUST007252,51672,0.0738,3813.39
CUST007253,35460,0.2751,9755.05
CUST007254,5436,0.1552,843.67
CUST007255,58968,0.1404,8279.11
CUST007256,146448,0.8839,129445.39
CUST007257,297732,0.0152,4525.53
CUST007258,15852,0.028,443.86
CUST007259,24564,0.948,23286.67
CUST007260,23424,0.3759,8805.08
CUST007261,7344,0.0297,218.12
CUST007262,18072,0.7004,12657.63
CUST007263,55728,0.2117,11797.62
CUST007264,84144,0.8279,69662.82
CUST007265,20748,0.574,11909.35
CUST007266,237336,0.0748,17752.73
CUST007267,68340,0.1813,12390.04
CUST007268,4128,0.6871,2836.35
CUST007269,271032,0.7644,207176.86
CUST007270,88980,0.1723,15331.25
CUST007271,68712,0.9021,61985.1
CUST007272,38124,0.9376,35745.06
CUST007273,169212,0.1548,26194.02
CUST007274,94452,0.8739,82541.6
CUST007275,3252,0.314,1021.13
CUST007276,21504,0.9337,20078.28
CUST007277,173940,0.5276,91770.74
CUST007278,14940,0.4848,7242.91
CUST007279,5652,0.5017,2835.61
CUST007280,22284,0.7114,15852.84
CUST007281,19464,0.0866,1685.58
CUST007282,68772,0.5047,34709.23
CUST007283,9264,0.9048,8382.07
CUST007284,19248,0.8043,15481.17
CUST007285,3600,0.4749,1709.64
CUST007286,15276,0.082,1252.63
CUST007287,30804,0.3319,10223.85
CUST007288,287472,0.0394,11326.4
CUST007289,10548,0.1515,1598.02
CUST007290,16644,0.5859,9751.72
CUST007291,20268,0.3185,6455.36
CUST007292,8364,0.6525,5457.51
CUST007293,93876,0.7093,66586.25
CUST007294,2868,0.2202,631.53
CUST007295,69912,0.9305,65053.12
CUST007296,18096,0.5232,9467.83
CUST007297,24312,0.8152,19819.14
CUST007298,23316,0.3998,9321.74
CUST007299,19944,0.2728,5440.72
CUST007300,8592,0.8456,7265.4
CUST007301,44004,0.6282,27643.31
CUST007302,23748,0.6384,15160.72
CUST007303,196308,0.825,161954.1
CUST007304,18996,0.7892,14991.64
CUST007305,5376,0.8778,4719.05
CUST007306,19596,0.5591,10956.12
CUST007307,16536,0.4198,6941.81
CUST007308,198180,0.4957,98237.83
CUST007309,22584,0.4515,10196.68
CUST007310,228588,0.6481,148147.88
CUST007311,13692,0.2942,4028.19
CUST007312,179784,0.4563,82035.44
CUST007313,210744,0.8202,172852.23
CUST007314,23568,0.3009,7091.61
CUST007315,44208,0.6248,27621.16
CUST007316,229620,0.1487,34144.49
CUST007317,170100,0.5667,96395.67
CUST007318,21828,0.5363,11706.36
CUST007319,31284,0.3527,11033.87
CUST007320,17988,0.9287,16705.46
CUST007321,66780,0.5461,36468.56
CUST007322,294456,0.3622,106651.96
CUST007323,20184,0.3712,7492.3
CUST007324,3852,0.4878,1879.01
CUST007325,23820,0.1985,4728.27
CUST007326,53448,0.3078,16451.29
CUST007327,245028,0.0767,18793.65
CUST007328,245832,0.7646,187963.15
CUST007329,20004,0.2814,5629.13
CUST007330,10884,0.6358,6920.05
CUST007331,72024,0.2372,17084.09
CUST007332,83652,0.0738,6173.52
CUST007333,19164,0.9472,18152.14
CUST007334,4920,0.905,4452.6
CUST007335,10248,0.6016,6165.2
CUST007336,10860,0.6191,6723.43
CUST007337,20064,0.5361,10756.31
CUST007338,15672,0.1271,1991.91
CUST007339,7692,0.4309,3314.48
CUST007340,13296,0.4414,5868.85
CUST007341,10380,0.0801,831.44
CUST007342,2484,0.7017,1743.02
CUST007343,7632,0.0907,692.22
CUST007344,18360,0.8018,14721.05
CUST007345,24192,0.1753,4240.86
CUST007346,2196,0.7516,1650.51
CUST007347,21624,0.78,16866.72
CUST007348,94248,0.6014,56680.75
CUST007349,201816,0.7896,159353.91
CUST007350,37296,0.8851,33010.69
CUST007351,270960,0.6194,167832.62
CUST007352,13164,0.9106,11987.14
CUST007353,89088,0.7832,69773.72
CUST007354,127080,0.9429,119823.73
CUST007355,144756,0.4172,60392.2
CUST007356,21276,0.1428,3038.21
CUST007357,121476,0.5732,69630.04
CUST007358,7128,0.2959,2109.18
CUST007359,93108,0.4527,42149.99
CUST007360,6120,0.4526,2769.91
CUST007361,76620,0.641,49113.42
CUST007362,74244,0.7756,57583.65
CUST007363,66324,0.0929,6161.5
CUST007364,7692,0.3347,2574.51
CUST007365,16836,0.2141,3604.59
CUST007366,5880,0.1908,1121.9
CUST007367,20316,0.4457,9054.84
CUST007368,83016,0.6689,55529.4
CUST007369,282144,0.4456,125723.37
CUST007370,84564,0.806,68158.58
CUST007371,19728,0.6752,13320.35
CUST007372,40680,0.2598,10568.66
CUST007373,54144,0.2996,16221.54
CUST007374,10536,0.4095,4314.49
CUST007375,20232,0.0695,1406.12
CUST007376,19080,0.8049,15357.49
CUST007377,96168,0.6869,66057.8
CUST007378,23220,0.4566,10602.25
CUST007379,6564,0.9006,5911.54
CUST007380,245064,0.2611,63986.21
CUST007381,4416,0.7457,3293.01
CUST007382,74256,0.4086,30341.0
CUST007383,16416,0.8473,13909.28
CUST007384,261816,0.6329,165703.35
CUST007385,50496,0.4637,23415.0
CUST007386,72516,0.1388,10065.22
CUST007387,26400,0.6123,16164.72
CUST007388,10020,0.1483,1485.97
CUST007389,3708,0.4783,1773.54
CUST007390,18348,0.7709,14144.47
CUST007391,16416,0.5294,8690.63
CUST007392,110208,0.8671,95561.36
CUST007393,10512,0.6854,7204.92
CUST007394,284160,0.9196,261313.54
CUST007395,12720,0.5683,7228.78
CUST007396,13812,0.347,4792.76
CUST007397,51936,0.5545,28798.51
CUST007398,88800,0.2619,23256.72
CUST007399,8268,0.2175,1798.29
CUST007400,89004,0.3981,35432.49
CUST007401,68160,0.7564,51556.22
CUST007402,4020,0.0683,274.57
CUST007403,110724,0.4891,54155.11
CUST007404,136344,0.377,51401.69
CUST007405,31944,0.027,862.49
CUST007406,85032,0.274,23298.77
CUST007407,15828,0.0406,642.62
CUST007408,23688,0.037,876.46
CUST007409,64224,0.1305,8381.23
CUST007410,39228,0.7486,29366.08
CUST007411,5760,0.0212,122.11
CUST007412,17664,0.2745,4848.77
CUST007413,93888,0.523,49103.42
CUST007414,3948,0.5231,2065.2
CUST007415,1932,0.0774,149.54
CUST007416,195720,0.0727,14228.84
CUST007417,21336,0.7914,16885.31
CUST007418,21564,0.2665,5746.81
CUST007419,14904,0.5694,8486.34
CUST007420,12132,0.8876,10768.36
CUST007421,123360,0.9301,114737.14
CUST007422,192600,0.8466,163055.16
CUST007423,11004,0.3638,4003.26
CUST007424,22668,0.7779,17633.44
CUST007425,73332,0.8164,59868.24
CUST007426,80964,0.6507,52683.27
CUST007427,19392,0.2838,5503.45
CUST007428,8448,0.2724,2301.24
CUST007429,7536,0.0377,284.11
CUST007430,87228,0.4481,39086.87
CUST007431,3312,0.0476,157.65
CUST007432,21156,0.4833,10224.69
CUST007433,91644,0.1976,18108.85
CUST007434,267660,0.1018,27247.79
CUST007435,6852,0.7727,5294.54
CUST007436,20460,0.8632,17661.07
CUST007437,12000,0.7503,9003.6
CUST007438,49872,0.6986,34840.58
CUST007439,86880,0.7774,67540.51
CUST007440,5040,0.3872,1951.49
CUST007441,12420,0.6532,8112.74
CUST007442,7296,0.4559,3326.25
CUST007443,50532,0.7636,38586.24
CUST007444,18480,0.3156,5832.29
CUST007445,65040,0.2058,13385.23
CUST007446,5736,0.3835,2199.76
CUST007447,203868,0.2706,55166.68
CUST007448,3612,0.8851,3196.98
CUST007449,32952,0.2733,9005.78
CUST007450,91572,0.5758,52727.16
CUST007451,164076,0.5048,82825.56
CUST007452,22812,0.7334,16730.32
CUST007453,175236,0.1981,34714.25
CUST007454,61260,0.4285,26249.91
CUST007455,52908,0.5105,27009.53
CUST007456,58596,0.1279,7494.43
CUST007457,266448,0.1034,27550.72
CUST007458,70860,0.7576,53683.54
CUST007459,15288,0.0887,1356.05
CUST007460,4440,0.7639,3391.72
CUST007461,6156,0.5017,3088.47
CUST007462,131436,0.3851,50616.0
CUST007463,74112,0.7123,52789.98
CUST007464,5940,0.3569,2119.99
CUST007465,17136,0.7478,12814.3
CUST007466,5148,0.562,2893.18
CUST007467,69660,0.6557,45676.06
CUST007468,294048,0.7488,220183.14
CUST007469,68148,0.7288,49666.26
CUST007470,15060,0.93,14005.8
CUST007471,290616,0.1812,52659.62
CUST007472,38292,0.4531,17350.11
CUST007473,69936,0.357,24967.15
CUST007474,12072,0.793,9573.1
CUST007475,139908,0.6396,89485.16
CUST007476,39300,0.8059,31671.87
CUST007477,68280,0.4218,28800.5
CUST007478,124800,0.7786,97169.28
CUST007479,14004,0.6943,9722.98
CUST007480,6588,0.4228,2785.41
CUST007481,59460,0.3582,21298.57
CUST007482,41160,0.6656,27396.1
CUST007483,76044,0.0736,5596.84
CUST007484,86484,0.7329,63384.12
CUST007485,83160,0.5635,46860.66
CUST007486,1884,0.1721,324.24
CUST007487,104892,0.1345,14107.97
CUST007488,3840,0.8184,3142.66
CUST007489,67464,0.5003,33752.24
CUST007490,54972,0.1436,7893.98
CUST007491,70944,0.6985,49554.38
CUST007492,20016,0.5996,12001.59
CUST007493,47424,0.8862,42027.15
CUST007494,39864,0.7817,31161.69
CUST007495,16152,0.4565,7373.39
CUST007496,37368,0.6535,24419.99
CUST007497,75684,0.7549,57133.85
CUST007498,16932,0.5237,8867.29
CUST007499,21276,0.707,15042.13
CUST007500,53556,0.7955,42603.8
CUST007501,7320,0.7126,5216.23
CUST007502,18252,0.4129,7536.25
CUST007503,16284,0.9176,14942.2
CUST007504,110832,0.6052,67075.53
CUST007505,1248,0.5098,636.23
CUST007506,21888,0.2433,5325.35
CUST007507,5112,0.5886,3008.92
CUST007508,258480,0.2685,69401.88
CUST007509,63228,0.3617,22869.57
CUST007510,58980,0.1273,7508.15
CUST007511,152496,0.7052,107540.18
CUST007512,27732,0.2301,6381.13
CUST007513,67848,0.0569,3860.55
CUST007514,12132,0.5912,7172.44
CUST007515,13188,0.8562,11291.57
CUST007516,39384,0.8455,33299.17
CUST007517,76080,0.5621,42764.57
CUST007518,37500,0.2286,8572.5
CUST007519,39420,0.2956,11652.55
CUST007520,17280,0.4365,7542.72
CUST007521,9144,0.2609,2385.67
CUST007522,96108,0.5813,55867.58
CUST007523,12876,0.5035,6483.07
CUST007524,47736,0.4868,23237.88
CUST007525,178068,0.2461,43822.53
CUST007526,7692,0.0675,519.21
CUST007527,20292,0.8946,18153.22
CUST007528,161784,0.1071,17327.07
CUST007529,2256,0.4478,1010.24
CUST007530,195360,0.773,151013.28
CUST007531,38040,0.3234,12302.14
CUST007532,6744,0.5488,3701.11
CUST007533,57420,0.4352,24989.18
CUST007534,102336,0.4999,51157.77
CUST007535,9492,0.5548,5266.16
CUST007536,7608,0.438,3332.3
CUST007537,2904,0.4531,1315.8
CUST007538,4860,0.1641,797.53
CUST007539,274284,0.1057,28991.82
CUST007540,65772,0.1509,9924.99
CUST007541,270312,0.2075,56089.74
CUST007542,6780,0.6052,4103.26
CUST007543,62868,0.5789,36394.29
CUST007544,14328,0.2782,3986.05
CUST007545,171660,0.3261,55978.33
CUST007546,234720,0.5426,127359.07
CUST007547,7920,0.2989,2367.29
CUST007548,56844,0.9299,52859.24
CUST007549,16968,0.4125,6999.3
CUST007550,20028,0.1123,2249.14
CUST007551,18672,0.0367,685.26
CUST007552,74136,0.8582,63623.52
CUST007553,81744,0.848,69318.91
CUST007554,61020,0.8463,51641.23
CUST007555,14232,0.4295,6112.64
CUST007556,72276,0.3343,24161.87
CUST007557,12276,0.2402,2948.7
CUST007558,3540,0.3485,1233.69
CUST007559,21420,0.9312,19946.3
CUST007560,79752,0.1628,12983.63
CUST007561,2304,0.6439,1483.55
CUST007562,19608,0.0877,1719.62
CUST007563,16596,0.2663,4419.51
CUST007564,14868,0.8508,12649.69
CUST007565,21540,0.1439,3099.61
CUST007566,23832,0.326,7769.23
CUST007567,4428,0.6075,2690.01
CUST007568,20004,0.773,15463.09
CUST007569,3936,0.0714,281.03
CUST007570,80724,0.6014,48547.41
CUST007571,28056,0.4164,11682.52
CUST007572,20976,0.3063,6424.95
CUST007573,4644,0.785,3645.54
CUST007574,65532,0.2336,15308.28
CUST007575,252888,0.5274,133373.13
CUST007576,20316,0.1557,3163.2
CUST007577,21024,0.7742,16276.78
CUST007578,46716,0.3603,16831.77
CUST007579,17652,0.3552,6269.99
CUST007580,182640,0.721,131683.44
CUST007581,5088,0.3995,2032.66
CUST007582,21216,0.622,13196.35
CUST007583,14196,0.4355,6182.36
CUST007584,18048,0.4951,8935.56
CUST007585,20328,0.2411,4901.08
CUST007586,8436,0.91,7676.76
CUST007587,76596,0.0831,6365.13
CUST007588,50088,0.3327,16664.28
CUST007589,173604,0.57,98954.28
CUST007590,68676,0.6604,45353.63
CUST007591,42372,0.9109,38596.65
CUST007592,79680,0.023,1832.64
CUST007593,237600,0.8992,213649.92
CUST007594,9132,0.341,3114.01
CUST007595,3648,0.3452,1259.29
CUST007596,18636,0.3523,6565.46
CUST007597,232476,0.3787,88038.66
CUST007598,3588,0.5569,1998.16
CUST007599,21300,0.4333,9229.29
CUST007600,10500,0.3382,3551.1
CUST007601,211152,0.3992,84291.88
CUST007602,20124,0.3791,7629.01
CUST007603,4632,0.8458,3917.75
CUST007604,14844,0.8409,12482.32
CUST007605,101484,0.4202,42643.58
CUST007606,12504,0.5048,6312.02
CUST007607,30096,0.2351,7075.57
CUST007608,16260,0.4156,6757.66
CUST007609,76368,0.1881,14364.82
CUST007610,5208,0.9057,4716.89
CUST007611,20712,0.5231,10834.45
CUST007612,4140,0.261,1080.54
CUST007613,63624,0.3539,22516.53
CUST007614,12024,0.1301,1564.32
CUST007615,287028,0.3363,96527.52
CUST007616,34212,0.5494,18796.07
CUST007617,45192,0.5349,24173.2
CUST007618,12120,0.0771,934.45
CUST007619,1284,0.8441,1083.82
CUST007620,62304,0.6785,42273.26
CUST007621,3852,0.8072,3109.33
CUST007622,6492,0.8093,5253.98
CUST007623,51600,0.466,24045.6
CUST007624,13212,0.9079,11995.17
CUST007625,249408,0.2788,69534.95
CUST007626,6468,0.2332,1508.34
CUST007627,7476,0.5622,4203.01
CUST007628,122856,0.5985,73529.32
CUST007629,3144,0.5612,1764.41
CUST007630,20304,0.0483,980.68
CUST007631,23544,0.576,13561.34
CUST007632,42876,0.6621,28388.2
CUST007633,87132,0.1801,15692.47
CUST007634,14916,0.0917,1367.8
CUST007635,50280,0.1564,7863.79
CUST007636,1740,0.4561,793.61
CUST007637,96828,0.1276,12355.25
CUST007638,165876,0.0191,3168.23
CUST007639,17604,0.6426,11312.33
CUST007640,2556,0.1366,349.15
CUST007641,264540,0.2831,74891.27
CUST007642,9312,0.3671,3418.44
CUST007643,50304,0.2596,13058.92
CUST007644,243408,0.1539,37460.49
CUST007645,13788,0.076,1047.89
CUST007646,13896,0.9433,13108.1
CUST007647,85284,0.9273,79083.85
CUST007648,17448,0.778,13574.54
CUST007649,117876,0.2097,24718.6
CUST007650,74268,0.1471,10924.82
CUST007651,40008,0.7077,28313.66
CUST007652,14676,0.5816,8535.56
CUST007653,92208,0.3597,33167.22
CUST007654,85044,0.3857,32801.47
CUST007655,195864,0.4532,88765.56
CUST007656,61056,0.5143,31401.1
CUST007657,54540,0.5316,28993.46
CUST007658,40344,0.2732,11021.98
CUST007659,18684,0.4396,8213.49
CUST007660,123852,0.1841,22801.15
CUST007661,1560,0.7543,1176.71
CUST007662,56880,0.3935,22382.28
CUST007663,14676,0.6868,10079.48
CUST007664,37212,0.5804,21597.84
CUST007665,59040,0.5696,33629.18
CUST007666,22908,0.3302,7564.22
CUST007667,80796,0.8978,72538.65
CUST007668,76908,0.8606,66187.02
CUST007669,33696,0.2368,7979.21
CUST007670,243696,0.7511,183040.07
CUST007671,13668,0.114,1558.15
CUST007672,282912,0.1929,54573.72
CUST007673,89976,0.4061,36539.25
CUST007674,12324,0.9018,11113.78
CUST007675,15744,0.9159,14419.93
CUST007676,185076,0.0158,2924.2
CUST007677,1644,0.2413,396.7
CUST007678,12480,0.7205,8991.84
CUST007679,88452,0.3947,34912.0
CUST007680,7500,0.9453,7089.75
CUST007681,8076,0.6621,5347.12
CUST007682,13404,0.723,9691.09
CUST007683,11352,0.8947,10156.63
CUST007684,29700,0.3849,11431.53
CUST007685,101736,0.5009,50959.56
CUST007686,243180,0.0337,8195.17
CUST007687,76428,0.5193,39689.06
CUST007688,253608,0.8961,227258.13
CUST007689,56808,0.6369,36181.02
CUST007690,153924,0.5281,81287.26
CUST007691,6696,0.397,2658.31
CUST007692,11940,0.9082,10843.91
CUST007693,20940,0.5885,12323.19
CUST007694,38532,0.7964,30686.88
CUST007695,22344,0.0244,545.19
CUST007696,23268,0.7888,18353.8
CUST007697,108120,0.0383,4141.0
CUST007698,16476,0.7747,12763.96
CUST007699,84876,0.5309,45060.67
CUST007700,37068,0.8546,31678.31
CUST007701,21312,0.2573,5483.58
CUST007702,77460,0.3813,29535.5
CUST007703,43176,0.7354,31751.63
CUST007704,94200,0.3305,31133.1
CUST007705,64128,0.8276,53072.33
CUST007706,14676,0.2363,3467.94
CUST007707,7896,0.4411,3482.93
CUST007708,108216,0.8508,92070.17
CUST007709,87012,0.5649,49153.08
CUST007710,45456,0.3815,17341.46
CUST007711,12192,0.0487,593.75
CUST007712,30060,0.2214,6655.28
CUST007713,82836,0.8225,68132.61
CUST007714,16932,0.8108,13728.47
CUST007715,77604,0.1236,9591.85
CUST007716,80652,0.0362,2919.6
CUST007717,1272,0.5833,741.96
CUST007718,18720,0.7644,14309.57
CUST007719,20832,0.6742,14044.93
CUST007720,21276,0.4933,10495.45
CUST007721,94524,0.9467,89485.87
CUST007722,28968,0.7539,21838.98
CUST007723,4716,0.9472,4467.0
CUST007724,157620,0.8577,135190.67
CUST007725,39984,0.5993,23962.41
CUST007726,2160,0.8807,1902.31
CUST007727,4560,0.0603,274.97
CUST007728,17160,0.3673,6302.87
CUST007729,18180,0.7291,13255.04
CUST007730,39048,0.4831,18864.09
CUST007731,69636,0.9264,64510.79
CUST007732,65712,0.4502,29583.54
CUST007733,42660,0.9288,39622.61
CUST007734,18060,0.7449,13452.89
CUST007735,29796,0.5087,15157.23
CUST007736,162096,0.4068,65940.65
CUST007737,6780,0.7995,5420.61
CUST007738,35496,0.3238,11493.6
CUST007739,4980,0.1313,653.87
CUST007740,13752,0.5867,8068.3
CUST007741,122772,0.3028,37175.36
CUST007742,16680,0.7399,12341.53
CUST007743,23868,0.7538,17991.7
CUST007744,261384,0.7582,198181.35
CUST007745,16968,0.512,8687.62
CUST007746,199068,0.8361,166440.75
CUST007747,1428,0.1487,212.34
CUST007748,41628,0.1901,7913.48
CUST007749,5880,0.196,1152.48
CUST007750,21468,0.5289,11354.43
CUST007751,2292,0.207,474.44
CUST007752,2280,0.1138,259.46
CUST007753,11496,0.3156,3628.14
CUST007754,97080,0.8392,81469.54
CUST007755,16812,0.8327,13999.35
CUST007756,145584,0.5963,86811.74
CUST007757,21228,0.6294,13360.9
CUST007758,88800,0.3986,35395.68
CUST007759,89304,0.7792,69585.68
CUST007760,78912,0.0743,5863.16
CUST007761,3804,0.762,2898.65
CUST007762,21528,0.9363,20156.67
CUST007763,57252,0.0683,3910.31
CUST007764,135540,0.5275,71497.35
CUST007765,20892,0.4402,9196.66
CUST007766,9816,0.8449,8293.54
CUST007767,15684,0.3253,5102.01
CUST007768,94020,0.7805,73382.61
CUST007769,20112,0.3993,8030.72
CUST007770,1284,0.8986,1153.8
CUST007771,236880,0.4045,95817.96
CUST007772,21852,0.8112,17726.34
CUST007773,92976,0.8983,83520.34
CUST007774,8088,0.2814,2275.96
CUST007775,10452,0.7632,7976.97
CUST007776,10992,0.2822,3101.94
CUST007777,40884,0.8635,35303.33
CUST007778,65364,0.3877,25341.62
CUST007779,6852,0.6929,4747.75
CUST007780,91620,0.8882,81376.88
CUST007781,134376,0.7388,99276.99
CUST007782,4752,0.3341,1587.64
CUST007783,102300,0.5836,59702.28
CUST007784,7380,0.4131,3048.68
CUST007785,20424,0.8385,17125.52
CUST007786,17592,0.1528,2688.06
CUST007787,77124,0.1651,12733.17
CUST007788,56112,0.6467,36287.63
CUST007789,10104,0.519,5243.98
CUST007790,10404,0.8421,8761.21
CUST007791,4116,0.7434,3059.83
CUST007792,14424,0.2912,4200.27
CUST007793,191028,0.5714,109153.4
CUST007794,17208,0.8602,14802.32
CUST007795,2004,0.898,1799.59
CUST007796,169320,0.1296,21943.87
CUST007797,251196,0.6967,175008.25
CUST007798,73212,0.1691,12380.15
CUST007799,205152,0.831,170481.31
CUST007800,5400,0.0705,380.7
CUST007801,140628,0.8268,116271.23
CUST007802,11016,0.6894,7594.43
CUST007803,99552,0.8434,83962.16
CUST007804,77724,0.2978,23146.21
CUST007805,14688,0.828,12161.66
CUST007806,235320,0.0433,10189.36
CUST007807,127512,0.8156,103998.79
CUST007808,17928,0.2447,4386.98
CUST007809,11808,0.3793,4478.77
CUST007810,199416,0.3451,68818.46
CUST007811,153996,0.4473,68882.41
CUST007812,56340,0.0483,2721.22
CUST007813,9540,0.7523,7176.94
CUST007814,286956,0.9428,270542.12
CUST007815,6348,0.6478,4112.23
CUST007816,5568,0.0806,448.78
CUST007817,20676,0.4732,9783.88
CUST007818,16800,0.4988,8379.84
CUST007819,8736,0.2842,2482.77
CUST007820,192360,0.2692,51783.31
CUST007821,6156,0.225,1385.1
CUST007822,256356,0.5412,138739.87
CUST007823,17292,0.1824,3154.06
CUST007824,76848,0.4441,34128.2
CUST007825,21696,0.7102,15408.5
CUST007826,21612,0.7078,15296.97
CUST007827,2952,0.3606,1064.49
CUST007828,18528,0.6371,11804.19
CUST007829,54576,0.3987,21759.45
CUST007830,3420,0.0362,123.8
CUST007831,13800,0.9068,12513.84
CUST007832,3336,0.8632,2879.64
CUST007833,13788,0.6787,9357.92
CUST007834,12948,0.6462,8367.0
CUST007835,35220,0.4851,17085.22
CUST007836,17184,0.3245,5576.21
CUST007837,20832,0.2509,5226.75
CUST007838,47196,0.1621,7650.47
CUST007839,7440,0.1517,1128.65
CUST007840,19344,0.6905,13357.03
CUST007841,12804,0.8266,10583.79
CUST007842,180636,0.5664,102312.23
CUST007843,250644,0.8559,214526.2
CUST007844,245820,0.6229,153121.28
CUST007845,70356,0.3242,22809.42
CUST007846,13404,0.8245,11051.6
CUST007847,46188,0.7781,35938.88
CUST007848,6168,0.7787,4803.02
CUST007849,71940,0.459,33020.46
CUST007850,21204,0.7131,15120.57
CUST007851,266460,0.8358,222707.27
CUST007852,35940,0.4472,16072.37
CUST007853,28716,0.4934,14168.47
CUST007854,11676,0.0255,297.74
CUST007855,19632,0.1859,3649.59
CUST007856,76380,0.2115,16154.37
CUST007857,268740,0.2125,57107.25
CUST007858,10536,0.7944,8369.8
CUST007859,6360,0.8313,5287.07
CUST007860,21552,0.4537,9778.14
CUST007861,7896,0.2985,2356.96
CUST007862,30240,0.052,1572.48
CUST007863,24816,0.1834,4551.25
CUST007864,92256,0.5198,47954.67
CUST007865,75660,0.6704,50722.46
CUST007866,91560,0.3308,30288.05
CUST007867,39744,0.2621,10416.9
CUST007868,47148,0.027,1273.0
CUST007869,265704,0.6181,164231.64
CUST007870,6552,0.8309,5444.06
CUST007871,4152,0.3976,1650.84
CUST007872,5256,0.6197,3257.14
CUST007873,283524,0.3322,94186.67
CUST007874,19776,0.8089,15996.81
CUST007875,10764,0.0956,1029.04
CUST007876,165348,0.921,152285.51
CUST007877,45600,0.5392,24587.52
CUST007878,15528,0.9358,14531.1
CUST007879,45420,0.0409,1857.68
CUST007880,82020,0.9279,76106.36
CUST007881,65736,0.9228,60661.18
CUST007882,14796,0.9352,13837.22
CUST007883,1848,0.7677,1418.71
CUST007884,117684,0.4304,50651.19
CUST007885,62568,0.8383,52450.75
CUST007886,69216,0.9353,64737.72
CUST007887,35940,0.3119,11209.69
CUST007888,18336,0.0897,1644.74
CUST007889,224412,0.8805,197594.77
CUST007890,15492,0.2099,3251.77
CUST007891,65040,0.857,55739.28
CUST007892,74592,0.6134,45754.73
CUST007893,177108,0.5729,101465.17
CUST007894,4764,0.4422,2106.64
CUST007895,91584,0.2631,24095.75
CUST007896,11196,0.1706,1910.04
CUST007897,9756,0.8297,8094.55
CUST007898,92112,0.6857,63161.2
CUST007899,18984,0.628,11921.95
CUST007900,290268,0.1086,31523.1
CUST007901,18444,0.5626,10376.59
CUST007902,18972,0.179,3395.99
CUST007903,35772,0.7637,27319.08
CUST007904,74676,0.4429,33074.0
CUST007905,68124,0.3658,24919.76
CUST007906,19416,0.4633,8995.43
CUST007907,52824,0.3895,20574.95
CUST007908,98700,0.1436,14173.32
CUST007909,18588,0.1317,2448.04
CUST007910,272352,0.4174,113679.72
CUST007911,22284,0.2598,5789.38
CUST007912,14304,0.462,6608.45
CUST007913,1392,0.876,1219.39
CUST007914,8088,0.5975,4832.58
CUST007915,2820,0.4289,1209.5
CUST007916,7212,0.9377,6762.69
CUST007917,65760,0.1632,10732.03
CUST007918,60204,0.0471,2835.61
CUST007919,61212,0.4586,28071.82
CUST007920,15552,0.1808,2811.8
CUST007921,21180,0.5525,11701.95
CUST007922,14172,0.8155,11557.27
CUST007923,8304,0.1748,1451.54
CUST007924,37716,0.4667,17602.06
CUST007925,2076,0.135,280.26
CUST007926,285852,0.375,107194.5
CUST007927,20940,0.1458,3053.05
CUST007928,75396,0.3139,23666.8
CUST007929,16500,0.486,8019.0
CUST007930,66072,0.1043,6891.31
CUST007931,49212,0.5127,25230.99
CUST007932,23832,0.0309,736.41
CUST007933,58764,0.8071,47428.42
CUST007934,16008,0.3211,5140.17
CUST007935,17568,0.1548,2719.53
CUST007936,3600,0.8483,3053.88
CUST007937,63000,0.2825,17797.5
CUST007938,4140,0.4915,2034.81
CUST007939,23100,0.8885,20524.35
CUST007940,17832,0.7672,13680.71
CUST007941,23748,0.3152,7485.37
CUST007942,15396,0.3625,5581.05
CUST007943,1776,0.3604,640.07
CUST007944,14760,0.5813,8579.99
CUST007945,6840,0.4328,2960.35
CUST007946,19536,0.0362,707.2
CUST007947,82752,0.0316,2614.96
CUST007948,5172,0.8968,4638.25
CUST007949,13164,0.4543,5980.41
CUST007950,15936,0.4007,6385.56
CUST007951,9564,0.5127,4903.46
CUST007952,23052,0.0153,352.7
CUST007953,39192,0.6217,24365.67
CUST007954,5712,0.2185,1248.07
CUST007955,218604,0.4854,106110.38
CUST007956,11688,0.8411,9830.78
CUST007957,23328,0.1439,3356.9
CUST007958,275820,0.3695,101915.49
CUST007959,28644,0.1256,3597.69
CUST007960,145920,0.8817,128657.66
CUST007961,43740,0.5599,24490.03
CUST007962,16224,0.1326,2151.3
CUST007963,90732,0.5008,45438.59
CUST007964,23172,0.3494,8096.3
CUST007965,21948,0.7557,16586.1
CUST007966,52644,0.9463,49817.02
CUST007967,16956,0.8347,14153.17
CUST007968,284076,0.5398,153344.22
CUST007969,80220,0.4473,35882.41
CUST007970,41100,0.3672,15091.92
CUST007971,14244,0.5259,7490.92
CUST007972,17232,0.433,7461.46
CUST007973,69660,0.492,34272.72
CUST007974,94320,0.4474,42198.77
CUST007975,207900,0.4906,101995.74
CUST007976,11136,0.7793,8678.28
CUST007977,84852,0.4934,41865.98
CUST007978,49812,0.6886,34300.54
CUST007979,86592,0.6759,58527.53
CUST007980,39324,0.628,24695.47
CUST007981,57192,0.6906,39496.8
CUST007982,255768,0.2362,60412.4
CUST007983,44808,0.5573,24971.5
CUST007984,20748,0.0208,431.56
CUST007985,147324,0.5157,75974.99
CUST007986,31596,0.7592,23987.68
CUST007987,60000,0.1717,10302.0
CUST007988,5760,0.2368,1363.97
CUST007989,19680,0.1108,2180.54
CUST007990,12960,0.015,194.4
CUST007991,47376,0.2066,9787.88
CUST007992,45084,0.1039,4684.23
CUST007993,72684,0.5957,43297.86
CUST007994,16656,0.6877,11454.33
CUST007995,72168,0.5146,37137.65
CUST007996,43644,0.6673,29123.64
CUST007997,8868,0.1548,1372.77
CUST007998,9624,0.4753,4574.29
CUST007999,10668,0.1212,1292.96
CUST008000,26376,0.5288,13947.63
CUST008001,8400,0.854,7173.6
CUST008002,14712,0.4502,6623.34
CUST008003,215232,0.6797,146293.19
CUST008004,41928,0.627,26288.86
CUST008005,25752,0.9278,23892.71
CUST008006,242172,0.8528,206524.28
CUST008007,13620,0.7442,10136.0
CUST008008,163068,0.7334,119594.07
CUST008009,1992,0.6224,1239.82
CUST008010,22980,0.8327,19135.45
CUST008011,11328,0.2075,2350.56
CUST008012,274416,0.37,101533.92
CUST008013,49920,0.7556,37719.55
CUST008014,13284,0.4381,5819.72
CUST008015,21480,0.1372,2947.06
CUST008016,8112,0.2895,2348.42
CUST008017,6828,0.6806,4647.14
CUST008018,138060,0.0937,12936.22
CUST008019,17424,0.5058,8813.06
CUST008020,53064,0.6132,32538.84
CUST008021,14664,0.8973,13158.01
CUST008022,44112,0.0583,2571.73
CUST008023,61164,0.3137,19187.15
CUST008024,59040,0.4842,28587.17
CUST008025,18732,0.5379,10075.94
CUST008026,23532,0.3936,9262.2
CUST008027,12036,0.4243,5106.87
CUST008028,64032,0.2052,13139.37
CUST008029,7620,0.2626,2001.01
CUST008030,86532,0.4369,37805.83
CUST008031,83520,0.7709,64385.57
CUST008032,19068,0.4372,8336.53
CUST008033,14964,0.4464,6679.93
CUST008034,69540,0.6241,43399.91
CUST008035,86484,0.897,77576.15
CUST008036,14136,0.7561,10688.23
CUST008037,19620,0.0276,541.51
CUST008038,5208,0.186,968.69
CUST008039,22236,0.6602,14680.21
CUST008040,172140,0.5865,100960.11
CUST008041,15972,0.0881,1407.13
CUST008042,69420,0.0738,5123.2
CUST008043,84384,0.9085,76662.86
CUST008044,4320,0.8529,3684.53
CUST008045,89148,0.09,8023.32
CUST008046,12000,0.2422,2906.4
CUST008047,213960,0.6236,133425.46
CUST008048,31284,0.8736,27329.7
CUST008049,12420,0.7822,9714.92
CUST008050,13092,0.5928,7760.94
CUST008051,180420,0.074,13351.08
CUST008052,5352,0.226,1209.55
CUST008053,75024,0.7411,55600.29
CUST008054,295536,0.5113,151107.56
CUST008055,1740,0.4643,807.88
CUST008056,140076,0.3292,46113.02
CUST008057,76200,0.7877,60022.74
CUST008058,3108,0.1624,504.74
CUST008059,77988,0.3345,26086.99
CUST008060,7764,0.2743,2129.67
CUST008061,19116,0.4851,9273.17
CUST008062,4608,0.5892,2715.03
CUST008063,13788,0.2607,3594.53
CUST008064,38208,0.1021,3901.04
CUST008065,16980,0.4594,7800.61
CUST008066,17352,0.1992,3456.52
CUST008067,228588,0.296,67662.05
CUST008068,227628,0.2471,56246.88
CUST008069,52056,0.1874,9755.29
CUST008070,20784,0.8239,17123.94
CUST008071,23652,0.8161,19302.4
CUST008072,5652,0.1737,981.75
CUST008073,20784,0.1987,4129.78
CUST008074,42756,0.2147,9179.71
CUST008075,52008,0.3972,20657.58
CUST008076,14088,0.0118,166.24
CUST008077,16224,0.602,9766.85
CUST008078,4428,0.7322,3242.18
CUST008079,8016,0.6874,5510.2
CUST008080,19608,0.3384,6635.35
CUST008081,88608,0.6876,60926.86
CUST008082,218364,0.1092,23845.35
CUST008083,71424,0.5318,37983.28
CUST008084,42552,0.8347,35518.15
CUST008085,59028,0.8297,48975.53
CUST008086,1584,0.0642,101.69
CUST008087,11280,0.8718,9833.9
CUST008088,61668,0.3401,20973.29
CUST008089,22056,0.242,5337.55
CUST008090,5712,0.7879,4500.48
CUST008091,6144,0.3108,1909.56
CUST008092,18300,0.3456,6324.48
CUST008093,203184,0.4047,82228.56
CUST008094,90060,0.5566,50127.4
CUST008095,20976,0.7473,15675.36
CUST008096,13644,0.1805,2462.74
CUST008097,82776,0.4454,36868.43
CUST008098,23820,0.8639,20578.1
CUST008099,75168,0.4819,36223.46
CUST008100,3936,0.8347,3285.38
CUST008101,72888,0.803,58529.06
CUST008102,61860,0.7495,46364.07
CUST008103,18744,0.6581,12335.43
CUST008104,70500,0.144,10152.0
CUST008105,90588,0.5131,46480.7
CUST008106,80988,0.776,62846.69
CUST008107,2028,0.5799,1176.04
CUST008108,15348,0.2921,4483.15
CUST008109,80040,0.5573,44606.29
CUST008110,12996,0.0125,162.45
CUST008111,8280,0.3643,3016.4
CUST008112,29316,0.9118,26730.33
CUST008113,19920,0.4024,8015.81
CUST008114,18096,0.4497,8137.77
CUST008115,15900,0.5869,9331.71
CUST008116,41004,0.1458,5978.38
CUST008117,23388,0.8828,20646.93
CUST008118,55932,0.1343,7511.67
CUST008119,262080,0.7447,195170.98
CUST008120,207456,0.7615,157977.74
CUST008121,160236,0.3999,64078.38
CUST008122,15900,0.6211,9875.49
CUST008123,113976,0.3718,42376.28
CUST008124,86820,0.7555,65592.51
CUST008125,10620,0.1536,1631.23
CUST008126,72216,0.4159,30034.63
CUST008127,2928,0.3134,917.64
CUST008128,51960,0.3987,20716.45
CUST008129,46428,0.4403,20442.25
CUST008130,94308,0.7887,74380.72
CUST008131,57660,0.4714,27180.92
CUST008132,16104,0.2881,4639.56
CUST008133,40188,0.2554,10264.02
CUST008134,5436,0.6343,3448.05
CUST008135,41256,0.3832,15809.3
CUST008136,121944,0.287,34997.93
CUST008137,16896,0.0683,1154.0
CUST008138,2508,0.5689,1426.8
CUST008139,13980,0.2659,3717.28
CUST008140,9504,0.4372,4155.15
CUST008141,12936,0.6184,7999.62
CUST008142,22008,0.1853,4078.08
CUST008143,28212,0.7773,21929.19
CUST008144,85680,0.1333,11421.14
CUST008145,34320,0.3288,11284.42
CUST008146,139248,0.0514,7157.35
CUST008147,14400,0.3833,5519.52
CUST008148,1656,0.9015,1492.88
CUST008149,41748,0.8213,34287.63
CUST008150,12336,0.1582,1951.56
CUST008151,8592,0.9371,8051.56
CUST008152,260496,0.1292,33656.08
CUST008153,140640,0.814,114480.96
CUST008154,23712,0.1319,3127.61
CUST008155,81696,0.8775,71688.24
CUST008156,15120,0.6545,9896.04
CUST008157,276732,0.6507,180069.51
CUST008158,23652,0.2043,4832.1
CUST008159,20520,0.7012,14388.62
CUST008160,9672,0.7805,7549.0
CUST008161,1344,0.4945,664.61
CUST008162,20328,0.4713,9580.59
CUST008163,269412,0.0108,2909.65
CUST008164,191484,0.6293,120500.88
CUST008165,242424,0.3122,75684.77
CUST008166,70800,0.4596,32539.68
CUST008167,22392,0.3399,7611.04
CUST008168,242892,0.4143,100630.16
CUST008169,89724,0.7124,63919.38
CUST008170,19440,0.9431,18333.86
CUST008171,50028,0.6921,34624.38
CUST008172,22848,0.51,11652.48
CUST008173,27828,0.4893,13616.24
CUST008174,133344,0.6319,84260.07
CUST008175,65232,0.7103,46334.29
CUST008176,62868,0.809,50860.21
CUST008177,27912,0.7836,21871.84
CUST008178,23928,0.4662,11155.23
CUST008179,17052,0.2023,3449.62
CUST008180,16416,0.019,311.9
CUST008181,4920,0.3278,1612.78
CUST008182,83856,0.186,15597.22
CUST008183,88140,0.6368,56127.55
CUST008184,4320,0.6372,2752.7
CUST008185,88608,0.0282,2498.75
CUST008186,44160,0.6745,29785.92
CUST008187,221064,0.7969,176165.9
CUST008188,38124,0.4887,18631.2
CUST008189,7656,0.3408,2609.16
CUST008190,2592,0.5611,1454.37
CUST008191,256584,0.2172,55730.04
CUST008192,2028,0.4474,907.33
CUST008193,5868,0.6612,3879.92
CUST008194,47580,0.3281,15611.0
CUST008195,95124,0.5409,51452.57
CUST008196,16968,0.5564,9441.0
CUST008197,45108,0.763,34417.4
CUST008198,54792,0.8802,48227.92
CUST008199,66192,0.7602,50319.16
CUST008200,18504,0.2775,5134.86
CUST008201,10812,0.857,9265.88
CUST008202,6864,0.361,2477.9
CUST008203,62508,0.1273,7957.27
CUST008204,12888,0.4524,5830.53
CUST008205,18840,0.7307,13766.39
CUST008206,18912,0.8224,15553.23
CUST008207,82992,0.0216,1792.63
CUST008208,29784,0.8484,25268.75
CUST008209,23340,0.9265,21624.51
CUST008210,75324,0.6879,51815.38
CUST008211,62748,0.8915,55939.84
CUST008212,34104,0.885,30182.04
CUST008213,15576,0.3793,5907.98
CUST008214,10428,0.7455,7774.07
CUST008215,8220,0.8451,6946.72
CUST008216,20976,0.3317,6957.74
CUST008217,26892,0.2046,5502.1
CUST008218,18000,0.1241,2233.8
CUST008219,14844,0.3654,5424.0
CUST008220,30840,0.27,8326.8
CUST008221,23124,0.4944,11432.51
CUST008222,23388,0.7994,18696.37
CUST008223,9636,0.5134,4947.12
CUST008224,31644,0.1984,6278.17
CUST008225,20376,0.4037,8225.79
CUST008226,59376,0.943,55991.57
CUST008227,212280,0.3858,81897.62
CUST008228,273192,0.0726,19833.74
CUST008229,154764,0.3161,48920.9
CUST008230,18912,0.7989,15108.8
CUST008231,92112,0.3559,32782.66
CUST008232,114360,0.533,60953.88
CUST008233,16092,0.615,9896.58
CUST008234,57960,0.5693,32996.63
CUST008235,20160,0.1572,3169.15
CUST008236,7488,0.715,5353.92
CUST008237,9060,0.597,5408.82
CUST008238,18960,0.315,5972.4
CUST008239,10860,0.8449,9175.61
CUST008240,186960,0.9233,172620.17
CUST008241,87636,0.8475,74271.51
CUST008242,8688,0.0812,705.47
CUST008243,20724,0.1683,3487.85
CUST008244,20508,0.8724,17891.18
CUST008245,16764,0.6262,10497.62
CUST008246,74628,0.1938,14462.91
CUST008247,140172,0.8109,113665.47
CUST008248,11232,0.9019,10130.14
CUST008249,12732,0.2871,3655.36
CUST008250,80916,0.8267,66893.26
CUST008251,3588,0.0868,311.44
CUST008252,91584,0.5818,53283.57
CUST008253,104700,0.7598,79551.06
CUST008254,9348,0.329,3075.49
CUST008255,277860,0.7856,218286.82
CUST008256,9924,0.6805,6753.28
CUST008257,17556,0.7799,13691.92
CUST008258,85020,0.1803,15329.11
CUST008259,3144,0.2096,658.98
CUST008260,216288,0.4615,99816.91
CUST008261,165144,0.4402,72696.39
CUST008262,12996,0.3758,4883.9
CUST008263,21336,0.375,8001.0
CUST008264,37416,0.7427,27788.86
CUST008265,15504,0.3235,5015.54
CUST008266,127740,0.7285,93058.59
CUST008267,14772,0.7641,11287.29
CUST008268,4068,0.4867,1979.9
CUST008269,1644,0.0372,61.16
CUST008270,43236,0.137,5923.33
CUST008271,1944,0.4305,836.89
CUST008272,75444,0.8319,62761.86
CUST008273,68280,0.5404,36898.51
CUST008274,14016,0.8381,11746.81
CUST008275,58152,0.8451,49144.26
CUST008276,76500,0.1981,15154.65
CUST008277,26088,0.2233,5825.45
CUST008278,44208,0.0118,521.65
CUST008279,40224,0.378,15204.67
CUST008280,23460,0.5307,12450.22
CUST008281,10848,0.2106,2284.59
CUST008282,4392,0.129,566.57
CUST008283,9852,0.2446,2409.8
CUST008284,16812,0.3995,6716.39
CUST008285,85152,0.4025,34273.68
CUST008286,30900,0.3779,11677.11
CUST008287,32880,0.1697,5579.74
CUST008288,18588,0.5803,10786.62
CUST008289,200484,0.189,37891.48
CUST008290,19344,0.8787,16997.57
CUST008291,10392,0.8998,9350.72
CUST008292,60804,0.8482,51573.95
CUST008293,20904,0.3945,8246.63
CUST008294,72216,0.1511,10911.84
CUST008295,84684,0.1483,12558.64
CUST008296,22188,0.9013,19998.04
CUST008297,287652,0.5013,144199.95
CUST008298,14424,0.6842,9868.9
CUST008299,17208,0.2997,5157.24
CUST008300,64260,0.7906,50803.96
CUST008301,279768,0.0844,23612.42
CUST008302,18132,0.4996,9058.75
CUST008303,34596,0.0903,3124.02
CUST008304,95376,0.0636,6065.91
CUST008305,11256,0.3769,4242.39
CUST008306,17172,0.8462,14530.95
CUST008307,12264,0.3939,4830.79
CUST008308,188028,0.0698,13124.35
CUST008309,54372,0.6942,37745.04
CUST008310,1896,0.3213,609.18
CUST008311,80916,0.7097,57426.09
CUST008312,16644,0.7843,13053.89
CUST008313,5604,0.7855,4401.94
CUST008314,14556,0.6992,10177.56
CUST008315,50856,0.5466,27797.89
CUST008316,15648,0.619,9686.11
CUST008317,21516,0.5441,11706.86
CUST008318,289392,0.5372,155461.38
CUST008319,21684,0.548,11882.83
CUST008320,22356,0.8295,18544.3
CUST008321,15636,0.0252,394.03
CUST008322,13044,0.8005,10441.72
CUST008323,12204,0.9406,11479.08
CUST008324,1752,0.5551,972.54
CUST008325,4404,0.7471,3290.23
CUST008326,5040,0.6937,3496.25
CUST008327,3528,0.0747,263.54
CUST008328,17904,0.231,4135.82
CUST008329,14736,0.417,6144.91
CUST008330,261912,0.8507,222808.54
CUST008331,93540,0.691,64636.14
CUST008332,265356,0.8684,230435.15
CUST008333,13824,0.5065,7001.86
CUST008334,20760,0.2665,5532.54
CUST008335,10416,0.4761,4959.06
CUST008336,229932,0.12,27591.84
CUST008337,45792,0.2965,13577.33
CUST008338,4128,0.6387,2636.55
CUST008339,270300,0.1177,31814.31
CUST008340,268176,0.3762,100887.81
CUST008341,188544,0.1754,33070.62
CUST008342,212460,0.5143,109268.18
CUST008343,94416,0.0157,1482.33
CUST008344,65136,0.0566,3686.7
CUST008345,5232,0.1865,975.77
CUST008346,5796,0.872,5054.11
CUST008347,83532,0.4383,36612.08
CUST008348,80952,0.7052,57087.35
CUST008349,10464,0.8528,8923.7
CUST008350,14112,0.5933,8372.65
CUST008351,16464,0.0797,1312.18
CUST008352,26100,0.5279,13778.19
CUST008353,22104,0.6202,13708.9
CUST008354,13080,0.3322,4345.18
CUST008355,31392,0.8773,27540.2
CUST008356,1476,0.3336,492.39
CUST008357,74352,0.2956,21978.45
CUST008358,32424,0.3872,12554.57
CUST008359,108672,0.3724,40469.45
CUST008360,25512,0.4778,12189.63
CUST008361,58632,0.6278,36809.17
CUST008362,85068,0.0467,3972.68
CUST008363,8892,0.9265,8238.44
CUST008364,8556,0.2485,2126.17
CUST008365,13392,0.0195,261.14
CUST008366,79992,0.0226,1807.82
CUST008367,1452,0.7879,1144.03
CUST008368,103044,0.284,29264.5
CUST008369,18612,0.5295,9855.05
CUST008370,10224,0.8195,8378.57
CUST008371,3612,0.8867,3202.76
CUST008372,16944,0.4494,7614.63
CUST008373,7392,0.4699,3473.5
CUST008374,20184,0.4496,9074.73
CUST008375,1740,0.6506,1132.04
CUST008376,185016,0.9168,169622.67
CUST008377,3996,0.0509,203.4
CUST008378,179016,0.6688,119725.9
CUST008379,196080,0.8495,166569.96
CUST008380,14724,0.8214,12094.29
CUST008381,23028,0.1621,3732.84
CUST008382,209580,0.4683,98146.31
CUST008383,7104,0.622,4418.69
CUST008384,151044,0.4145,62607.74
CUST008385,22068,0.9213,20331.25
CUST008386,9876,0.8185,8083.51
CUST008387,65964,0.6031,39782.89
CUST008388,55992,0.1199,6713.44
CUST008389,35376,0.3588,12692.91
CUST008390,58188,0.6996,40708.32
CUST008391,46896,0.4773,22383.46
CUST008392,60432,0.538,32512.42
CUST008393,12528,0.8233,10314.3
CUST008394,1248,0.3287,410.22
CUST008395,1512,0.3776,570.93
CUST008396,20496,0.8057,16513.63
CUST008397,9168,0.7832,7180.38
CUST008398,73596,0.0727,5350.43
CUST008399,21672,0.7099,15384.95
CUST008400,15312,0.6239,9553.16
CUST008401,18072,0.1019,1841.54
CUST008402,17952,0.141,2531.23
CUST008403,22656,0.87,19710.72
CUST008404,5688,0.5207,2961.74
CUST008405,1848,0.085,157.08
CUST008406,286980,0.8927,256187.05
CUST008407,85308,0.208,17744.06
CUST008408,2640,0.3644,962.02
CUST008409,18276,0.4122,7533.37
CUST008410,13284,0.0164,217.86
CUST008411,9564,0.0837,800.51
CUST008412,32784,0.0787,2580.1
CUST008413,8100,0.3753,3039.93
CUST008414,250428,0.4618,115647.65
CUST008415,7632,0.6368,4860.06
CUST008416,21372,0.4343,9281.86
CUST008417,43104,0.2483,10702.72
CUST008418,12156,0.7021,8534.73
CUST008419,40764,0.6167,25139.16
CUST008420,220248,0.2528,55678.69
CUST008421,17580,0.9366,16465.43
CUST008422,72780,0.6629,48245.86
CUST008423,81792,0.2945,24087.74
CUST008424,2388,0.5618,1341.58
CUST008425,1452,0.7258,1053.86
CUST008426,7272,0.7211,5243.84
CUST008427,82572,0.2853,23557.79
CUST008428,1752,0.1537,269.28
CUST008429,16488,0.2948,4860.66
CUST008430,95652,0.351,33573.85
CUST008431,20436,0.1252,2558.59
CUST008432,52860,0.1352,7146.67
CUST008433,84072,0.2958,24868.5
CUST008434,7176,0.8486,6089.55
CUST008435,242388,0.2246,54440.34
CUST008436,6252,0.5341,3339.19
CUST008437,72216,0.1377,9944.14
CUST008438,55308,0.7967,44063.88
CUST008439,30096,0.8479,25518.4
CUST008440,15852,0.3049,4833.27
CUST008441,23616,0.1128,2663.88
CUST008442,235692,0.3597,84778.41
CUST008443,4188,0.7671,3212.61
CUST008444,7476,0.4789,3580.26
CUST008445,17748,0.2511,4456.52
CUST008446,173676,0.885,153703.26
CUST008447,205980,0.0949,19547.5
CUST008448,20184,0.5882,11872.23
CUST008449,201888,0.5156,104093.45
CUST008450,9132,0.2262,2065.66
CUST008451,1272,0.3862,491.25
CUST008452,137952,0.7926,109340.76
CUST008453,44124,0.782,34504.97
CUST008454,213540,0.0976,20841.5
CUST008455,187896,0.0991,18620.49
CUST008456,66624,0.4428,29501.11
CUST008457,185544,0.7114,131996.0
CUST008458,2076,0.6154,1277.57
CUST008459,239784,0.9498,227746.84
CUST008460,78864,0.3106,24495.16
CUST008461,121356,0.9349,113455.72
CUST008462,15552,0.2788,4335.9
CUST008463,68016,0.4921,33470.67
CUST008464,56064,0.0639,3582.49
CUST008465,16332,0.0826,1349.02
CUST008466,41700,0.3087,12872.79
CUST008467,16308,0.2943,4799.44
CUST008468,19104,0.9403,17963.49
CUST008469,11640,0.4737,5513.87
CUST008470,25452,0.3712,9447.78
CUST008471,152304,0.3401,51798.59
CUST008472,95160,0.7739,73644.32
CUST008473,233136,0.2385,55602.94
CUST008474,81900,0.7536,61719.84
CUST008475,2844,0.1368,389.06
CUST008476,16212,0.6327,10257.33
CUST008477,56064,0.8408,47138.61
CUST008478,21768,0.1779,3872.53
CUST008479,279624,0.9145,255716.15
CUST008480,10116,0.2481,2509.78
CUST008481,91680,0.467,42814.56
CUST008482,35784,0.6073,21731.62
CUST008483,172200,0.4521,77851.62
CUST008484,295212,0.6778,200094.69
CUST008485,89040,0.2263,20149.75
CUST008486,102072,0.7761,79218.08
CUST008487,3228,0.0431,139.13
CUST008488,7476,0.1117,835.07
CUST008489,67668,0.4981,33705.43
CUST008490,67860,0.2393,16238.9
CUST008491,23136,0.1609,3722.58
CUST008492,22140,0.7223,15991.72
CUST008493,18288,0.7932,14506.04
CUST008494,21072,0.1206,2541.28
CUST008495,177900,0.0827,14712.33
CUST008496,17868,0.5389,9629.07
CUST008497,7548,0.6011,4537.1
CUST008498,17004,0.7782,13232.51
CUST008499,6996,0.8334,5830.47
CUST008500,45312,0.2852,12922.98
CUST008501,10416,0.7176,7474.52
CUST008502,14748,0.3124,4607.28
CUST008503,126768,0.7725,97928.28
CUST008504,19980,0.624,12467.52
CUST008505,247908,0.5968,147951.49
CUST008506,16836,0.9457,15921.81
CUST008507,61644,0.5587,34440.5
CUST008508,17640,0.5854,10326.46
CUST008509,11688,0.3727,4356.12
CUST008510,55164,0.5427,29937.5
CUST008511,13176,0.4773,6288.9
CUST008512,199092,0.4739,94349.7
CUST008513,1344,0.3437,461.93
CUST008514,13236,0.8694,11507.38
CUST008515,221616,0.4326,95871.08
CUST008516,18888,0.1445,2729.32
CUST008517,133920,0.054,7231.68
CUST008518,82044,0.9164,75185.12
CUST008519,223224,0.4531,101142.79
CUST008520,60144,0.8537,51344.93
CUST008521,16764,0.5867,9835.44
CUST008522,82596,0.2199,18162.86
CUST008523,14616,0.0447,653.34
CUST008524,68724,0.7548,51872.88
CUST008525,258120,0.6195,159905.34
CUST008526,33204,0.3358,11149.9
CUST008527,4332,0.32,1386.24
CUST008528,6672,0.3208,2140.38
CUST008529,196716,0.4278,84155.1
CUST008530,51732,0.9396,48607.39
CUST008531,46056,0.5148,23709.63
CUST008532,42456,0.8541,36261.67
CUST008533,295020,0.1917,56555.33
CUST008534,42180,0.4658,19647.44
CUST008535,22092,0.0785,1734.22
CUST008536,13992,0.4993,6986.21
CUST008537,15972,0.0983,1570.05
CUST008538,76788,0.8882,68203.1
CUST008539,72792,0.0131,953.58
CUST008540,4260,0.1066,454.12
CUST008541,26448,0.5402,14287.21
CUST008542,19044,0.7632,14534.38
CUST008543,19068,0.2235,4261.7
CUST008544,4392,0.3491,1533.25
CUST008545,53172,0.6762,35954.91
CUST008546,15264,0.5776,8816.49
CUST008547,6336,0.1698,1075.85
CUST008548,13896,0.6144,8537.7
CUST008549,69900,0.5708,39898.92
CUST008550,20124,0.4451,8957.19
CUST008551,62532,0.6803,42540.52
CUST008552,5232,0.8256,4319.54
CUST008553,10368,0.301,3120.77
CUST008554,4752,0.5047,2398.33
CUST008555,20160,0.4623,9319.97
CUST008556,49044,0.6379,31285.17
CUST008557,71496,0.5832,41696.47
CUST008558,146856,0.2633,38667.18
CUST008559,32664,0.1137,3713.9
CUST008560,19836,0.4053,8039.53
CUST008561,164460,0.5899,97014.95
CUST008562,7260,0.613,4450.38
CUST008563,22824,0.3827,8734.74
CUST008564,13464,0.1206,1623.76
CUST008565,14556,0.8385,12205.21
CUST008566,51684,0.3165,16357.99
CUST008567,294276,0.3975,116974.71
CUST008568,14616,0.4933,7210.07
CUST008569,292608,0.1806,52845.0
CUST008570,1824,0.4552,830.28
CUST008571,21564,0.0235,506.75
CUST008572,16392,0.9259,15177.35
CUST008573,275772,0.3913,107909.58
CUST008574,60372,0.5336,32214.5
CUST008575,2940,0.4109,1208.05
CUST008576,1992,0.5897,1174.68
CUST008577,1728,0.931,1608.77
CUST008578,20988,0.3886,8155.94
CUST008579,64692,0.3698,23923.1
CUST008580,273660,0.1475,40364.85
CUST008581,241584,0.2702,65276.0
CUST008582,16536,0.494,8168.78
CUST008583,15000,0.5752,8628.0
CUST008584,11724,0.0105,123.1
CUST008585,2040,0.1393,284.17
CUST008586,6348,0.7085,4497.56
CUST008587,69048,0.3025,20887.02
CUST008588,149220,0.7491,111780.7
CUST008589,3432,0.8796,3018.79
CUST008590,109968,0.5976,65716.88
CUST008591,90168,0.2398,21622.29
CUST008592,46644,0.5773,26927.58
CUST008593,83448,0.1203,10038.79
CUST008594,91140,0.7786,70961.6
CUST008595,20064,0.0359,720.3
CUST008596,88224,0.113,9969.31
CUST008597,21792,0.2226,4850.9
CUST008598,249864,0.3563,89026.54
CUST008599,95556,0.0518,4949.8
CUST008600,13728,0.0594,815.44
CUST008601,11952,0.3041,3634.6
CUST008602,4332,0.6937,3005.11
CUST008603,28488,0.823,23445.62
CUST008604,17028,0.8289,14114.51
CUST008605,11688,0.7349,8589.51
CUST008606,12972,0.8253,10705.79
CUST008607,66192,0.9087,60148.67
CUST008608,178296,0.7245,129175.45
CUST008609,148200,0.564,83584.8
CUST008610,19500,0.8852,17261.4
CUST008611,89544,0.2305,20639.89
CUST008612,56280,0.5275,29687.7
CUST008613,11244,0.2408,2707.56
CUST008614,10656,0.9225,9830.16
CUST008615,8376,0.1956,1638.35
CUST008616,22572,0.0184,415.32
CUST008617,12072,0.7856,9483.76
CUST008618,158220,0.2137,33811.61
CUST008619,16488,0.4586,7561.4
CUST008620,18180,0.9003,16367.45
CUST008621,13632,0.2012,2742.76
CUST008622,15276,0.1547,2363.2
CUST008623,13788,0.2104,2901.0
CUST008624,173136,0.7142,123653.73
CUST008625,23676,0.6589,15600.12
CUST008626,169764,0.0795,13496.24
CUST008627,3924,0.5431,2131.12
CUST008628,13128,0.5758,7559.1
CUST008629,41316,0.6867,28371.7
CUST008630,43200,0.3269,14122.08
CUST008631,11916,0.1997,2379.63
CUST008632,77928,0.4649,36228.73
CUST008633,33696,0.5272,17764.53
CUST008634,9000,0.1547,1392.3
CUST008635,22908,0.1418,3248.35
CUST008636,90960,0.1967,17891.83
CUST008637,172440,0.3665,63199.26
CUST008638,85092,0.5549,47217.55
CUST008639,14280,0.9312,13297.54
CUST008640,57108,0.5394,30804.06
CUST008641,95256,0.4688,44656.01
CUST008642,16224,0.8189,13285.83
CUST008643,35136,0.8242,28959.09
CUST008644,23724,0.815,19335.06
CUST008645,19200,0.2318,4450.56
CUST008646,94296,0.2716,25610.79
CUST008647,13920,0.7615,10600.08
CUST008648,1932,0.7358,1421.57
CUST008649,95568,0.3898,37252.41
CUST008650,228468,0.6603,150857.42
CUST008651,288192,0.7011,202051.41
CUST008652,21396,0.6217,13301.89
CUST008653,7428,0.7641,5675.73
CUST008654,31800,0.4821,15330.78
CUST008655,264144,0.5567,147048.96
CUST008656,129720,0.1857,24089.0
CUST008657,8208,0.7773,6380.08
CUST008658,44844,0.7734,34682.35
CUST008659,62016,0.4199,26040.52
CUST008660,60348,0.1651,9963.45
CUST008661,12396,0.0105,130.16
CUST008662,12792,0.6533,8357.01
CUST008663,131544,0.5404,71086.38
CUST008664,20664,0.7484,15464.94
CUST008665,3732,0.3998,1492.05
CUST008666,23448,0.9343,21907.47
CUST008667,3888,0.8701,3382.95
CUST008668,16392,0.2532,4150.45
CUST008669,259800,0.8121,210983.58
CUST008670,15360,0.3744,5750.78
CUST008671,5460,0.1366,745.84
CUST008672,10404,0.8286,8620.75
CUST008673,62376,0.0306,1908.71
CUST008674,33336,0.3258,10860.87
CUST008675,72060,0.2448,17640.29
CUST008676,199224,0.6618,131846.44
CUST008677,13476,0.452,6091.15
CUST008678,17112,0.0321,549.3
CUST008679,19572,0.5438,10643.25
CUST008680,10356,0.4712,4879.75
CUST008681,23232,0.2511,5833.56
CUST008682,47112,0.2597,12234.99
CUST008683,132084,0.5002,66068.42
CUST008684,138144,0.5402,74625.39
CUST008685,70248,0.0174,1222.32
CUST008686,23508,0.0439,1032.0
CUST008687,42996,0.1456,6260.22
CUST008688,8364,0.2834,2370.36
CUST008689,74616,0.2025,15109.74
CUST008690,49968,0.3277,16374.51
CUST008691,259728,0.233,60516.62
CUST008692,40620,0.6711,27260.08
CUST008693,256452,0.8323,213445.0
CUST008694,61716,0.6078,37510.98
CUST008695,8724,0.7794,6799.49
CUST008696,3612,0.2581,932.26
CUST008697,82224,0.8283,68106.14
CUST008698,30360,0.6523,19803.83
CUST008699,44784,0.0488,2185.46
CUST008700,21408,0.6195,13262.26
CUST008701,39612,0.2792,11059.67
CUST008702,65256,0.4878,31831.88
CUST008703,8964,0.2635,2362.01
CUST008704,68208,0.4833,32964.93
CUST008705,111024,0.5552,61640.52
CUST008706,14172,0.6855,9714.91
CUST008707,51240,0.1712,8772.29
CUST008708,139596,0.0523,7300.87
CUST008709,252864,0.1117,28244.91
CUST008710,141936,0.1883,26726.55
CUST008711,3060,0.0173,52.94
CUST008712,54300,0.1137,6173.91
CUST008713,188844,0.1851,34955.02
CUST008714,141468,0.5066,71667.69
CUST008715,3636,0.8535,3103.33
CUST008716,45300,0.7025,31823.25
CUST008717,21768,0.7282,15851.46
CUST008718,75432,0.5539,41781.78
CUST008719,12264,0.8121,9959.59
CUST008720,109572,0.7743,84841.6
CUST008721,67896,0.5517,37458.22
CUST008722,203256,0.3562,72399.79
CUST008723,20112,0.3298,6632.94
CUST008724,1860,0.9052,1683.67
CUST008725,6216,0.023,142.97
CUST008726,56808,0.9237,52473.55
CUST008727,22692,0.8994,20409.18
CUST008728,47496,0.8559,40651.83
CUST008729,42792,0.3394,14523.6
CUST008730,58164,0.4809,27971.07
CUST008731,10440,0.5692,5942.45
CUST008732,1728,0.0102,17.63
CUST008733,91236,0.6909,63034.95
CUST008734,15780,0.0854,1347.61
CUST008735,1416,0.6924,980.44
CUST008736,57804,0.3495,20202.5
CUST008737,290412,0.1231,35749.72
CUST008738,15144,0.7183,10877.94
CUST008739,22920,0.1376,3153.79
CUST008740,84876,0.5461,46350.78
CUST008741,3948,0.7194,2840.19
CUST008742,50292,0.8444,42466.56
CUST008743,19428,0.528,10257.98
CUST008744,19116,0.8014,15319.56
CUST008745,76620,0.058,4443.96
CUST008746,165288,0.3025,49999.62
CUST008747,13740,0.8447,11606.18
CUST008748,78396,0.1883,14761.97
CUST008749,44796,0.7393,33117.68
CUST008750,22488,0.7517,16904.23
CUST008751,16116,0.0758,1221.59
CUST008752,8124,0.5704,4633.93
CUST008753,3204,0.9271,2970.43
CUST008754,72432,0.2949,21360.2
CUST008755,23448,0.0668,1566.33
CUST008756,15984,0.1855,2965.03
CUST008757,11232,0.8919,10017.82
CUST008758,18096,0.5598,10130.14
CUST008759,7656,0.0943,721.96
CUST008760,23040,0.5971,13757.18
CUST008761,30456,0.2933,8932.74
CUST008762,8532,0.7072,6033.83
CUST008763,17520,0.9018,15799.54
CUST008764,64092,0.9408,60297.75
CUST008765,19752,0.0303,598.49
CUST008766,296064,0.7185,212721.98
CUST008767,95328,0.7857,74899.21
CUST008768,6396,0.6594,4217.52
CUST008769,3960,0.874,3461.04
CUST008770,6456,0.39,2517.84
CUST008771,66300,0.0145,961.35
CUST008772,63996,0.8473,54223.81
CUST008773,44700,0.3035,13566.45
CUST008774,2844,0.5815,1653.79
CUST008775,57144,0.5197,29697.74
CUST008776,60768,0.9413,57200.92
CUST008777,15636,0.801,12524.44
CUST008778,114348,0.827,94565.8
CUST008779,89784,0.7024,63064.28
CUST008780,1416,0.5115,724.28
CUST008781,3648,0.105,383.04
CUST008782,18804,0.7367,13852.91
CUST008783,12000,0.8763,10515.6
CUST008784,44928,0.4671,20985.87
CUST008785,90432,0.5302,47947.05
CUST008786,8400,0.2355,1978.2
CUST008787,28644,0.0485,1389.23
CUST008788,58620,0.9443,55354.87
CUST008789,12840,0.4441,5702.24
CUST008790,15024,0.8656,13004.77
CUST008791,20748,0.64,13278.72
CUST008792,1932,0.6164,1190.88
CUST008793,19440,0.7345,14278.68
CUST008794,96060,0.552,53025.12
CUST008795,6708,0.4316,2895.17
CUST008796,57516,0.4406,25341.55
CUST008797,86268,0.2631,22697.11
CUST008798,84720,0.0358,3032.98
CUST008799,5448,0.6393,3482.91
CUST008800,3132,0.2916,913.29
CUST008801,3684,0.2725,1003.89
CUST008802,6252,0.5248,3281.05
CUST008803,19056,0.7427,14152.89
CUST008804,20904,0.4744,9916.86
CUST008805,87348,0.8288,72394.02
CUST008806,25872,0.119,3078.77
CUST008807,102912,0.6826,70247.73
CUST008808,16848,0.4221,7111.54
CUST008809,154260,0.79,121865.4
CUST008810,7716,0.6085,4695.19
CUST008811,135012,0.8955,120903.25
CUST008812,83532,0.2719,22712.35
CUST008813,247812,0.4678,115926.45
CUST008814,3096,0.6592,2040.88
CUST008815,9720,0.8906,8656.63
CUST008816,8664,0.419,3630.22
CUST008817,73200,0.1522,11141.04
CUST008818,10164,0.6598,6706.21
CUST008819,51948,0.6866,35667.5
CUST008820,9528,0.4808,4581.06
CUST008821,57948,0.6589,38181.94
CUST008822,13932,0.7683,10703.96
CUST008823,3120,0.4105,1280.76
CUST008824,19644,0.0774,1520.45
CUST008825,20520,0.1942,3984.98
CUST008826,11604,0.7371,8553.31
CUST008827,16896,0.4359,7364.97
CUST008828,78252,0.6792,53148.76
CUST008829,34860,0.4707,16408.6
CUST008830,4464,0.732,3267.65
CUST008831,15996,0.0159,254.34
CUST008832,75192,0.2433,18294.21
CUST008833,34044,0.0753,2563.51
CUST008834,244824,0.4981,121946.83
CUST008835,8124,0.4428,3597.31
CUST008836,21720,0.721,15660.12
CUST008837,169812,0.0175,2971.71
CUST008838,21252,0.9437,20055.51
CUST008839,20940,0.7609,15933.25
CUST008840,207600,0.6489,134711.64
CUST008841,8856,0.706,6252.34
CUST008842,6672,0.5011,3343.34
CUST008843,10800,0.429,4633.2
CUST008844,4824,0.4406,2125.45
CUST008845,256704,0.8947,229673.07
CUST008846,12672,0.0556,704.56
CUST008847,101400,0.1442,14621.88
CUST008848,13764,0.4786,6587.45
CUST008849,16164,0.6781,10960.81
CUST008850,94224,0.9421,88768.43
CUST008851,227208,0.3709,84271.45
CUST008852,200868,0.369,74120.29
CUST008853,64440,0.7474,48162.46
CUST008854,91980,0.6263,57607.07
CUST008855,1356,0.8777,1190.16
CUST008856,130356,0.5652,73677.21
CUST008857,54624,0.3574,19522.62
CUST008858,12672,0.5431,6882.16
CUST008859,227724,0.7622,173571.23
CUST008860,89292,0.9215,82282.58
CUST008861,6456,0.6347,4097.62
CUST008862,11016,0.7373,8122.1
CUST008863,29220,0.2403,7021.57
CUST008864,13548,0.1885,2553.8
CUST008865,14712,0.4268,6279.08
CUST008866,85572,0.0122,1043.98
CUST008867,89580,0.6207,55602.31
CUST008868,71016,0.6327,44931.82
CUST008869,55080,0.3827,21079.12
CUST008870,25608,0.7999,20483.84
CUST008871,67776,0.941,63777.22
CUST008872,18240,0.1007,1836.77
CUST008873,14028,0.9026,12661.67
CUST008874,14364,0.8733,12544.08
CUST008875,67404,0.5272,35535.39
CUST008876,6084,0.2013,1224.71
CUST008877,45036,0.2019,9092.77
CUST008878,20340,0.4211,8565.17
CUST008879,14556,0.5388,7842.77
CUST008880,7152,0.4403,3149.03
CUST008881,7320,0.7038,5151.82
CUST008882,22248,0.6948,15457.91
CUST008883,18372,0.7294,13400.54
CUST008884,101964,0.7091,72302.67
CUST008885,16356,0.5685,9298.39
CUST008886,135636,0.5004,67872.25
CUST008887,6984,0.0678,473.52
CUST008888,11112,0.2791,3101.36
CUST008889,94860,0.419,39746.34
CUST008890,1728,0.6013,1039.05
CUST008891,14616,0.6844,10003.19
CUST008892,119772,0.1635,19582.72
CUST008893,23592,0.2547,6008.88
CUST008894,60456,0.6006,36309.87
CUST008895,89472,0.6391,57181.56
CUST008896,18132,0.0706,1280.12
CUST008897,92184,0.6094,56176.93
CUST008898,8856,0.1267,1122.06
CUST008899,12456,0.1565,1949.36
CUST008900,7032,0.4143,2913.36
CUST008901,20892,0.8025,16765.83
CUST008902,111972,0.5232,58583.75
CUST008903,90888,0.3309,30074.84
CUST008904,13572,0.6669,9051.17
CUST008905,22368,0.5107,11423.34
CUST008906,93192,0.0466,4342.75
CUST008907,22140,0.7812,17295.77
CUST008908,17340,0.2779,4818.79
CUST008909,20676,0.0893,1846.37
CUST008910,12936,0.615,7955.64
CUST008911,9564,0.8632,8255.64
CUST008912,10044,0.6041,6067.58
CUST008913,3792,0.2341,887.71
CUST008914,163368,0.6827,111531.33
CUST008915,7632,0.2484,1895.79
CUST008916,55020,0.1364,7504.73
CUST008917,171048,0.7,119733.6
CUST008918,82368,0.0875,7207.2
CUST008919,67080,0.8433,56568.56
CUST008920,88272,0.1676,14794.39
CUST008921,40668,0.9064,36861.48
CUST008922,23676,0.7006,16587.41
CUST008923,20736,0.6433,13339.47
CUST008924,76440,0.4654,35575.18
CUST008925,22728,0.3921,8911.65
CUST008926,120348,0.6226,74928.66
CUST008927,174780,0.0162,2831.44
CUST008928,88536,0.1564,13847.03
CUST008929,23820,0.4099,9763.82
CUST008930,145392,0.3753,54565.62
CUST008931,23052,0.4857,11196.36
CUST008932,8340,0.1662,1386.11
CUST008933,248172,0.2559,63507.21
CUST008934,73392,0.6356,46647.96
CUST008935,13224,0.3147,4161.59
CUST008936,69528,0.3916,27227.16
CUST008937,22776,0.5023,11440.38
CUST008938,240744,0.7967,191800.74
CUST008939,1632,0.5282,862.02
CUST008940,6312,0.13,820.56
CUST008941,13356,0.9296,12415.74
CUST008942,84312,0.6009,50663.08
CUST008943,12804,0.8388,10740.0
CUST008944,29688,0.2136,6341.36
CUST008945,76668,0.837,64171.12
CUST008946,4356,0.3952,1721.49
CUST008947,241836,0.1231,29770.01
CUST008948,15564,0.1221,1900.36
CUST008949,9900,0.2387,2363.13
CUST008950,40800,0.1693,6907.44
CUST008951,62280,0.2914,18148.39
CUST008952,49812,0.1806,8996.05
CUST008953,69864,0.652,45551.33
CUST008954,15300,0.0643,983.79
CUST008955,239880,0.3149,75538.21
CUST008956,13140,0.2198,2888.17
CUST008957,63384,0.1033,6547.57
CUST008958,12696,0.5695,7230.37
CUST008959,69732,0.2501,17439.97
CUST008960,204000,0.3763,76765.2
CUST008961,3000,0.0137,41.1
CUST008962,14040,0.7949,11160.4
CUST008963,262488,0.068,17849.18
CUST008964,9240,0.5955,5502.42
CUST008965,19032,0.8121,15455.89
CUST008966,15012,0.8317,12485.48
CUST008967,5556,0.919,5105.96
CUST008968,50472,0.7585,38283.01
CUST008969,29496,0.4239,12503.35
CUST008970,15024,0.577,8668.85
CUST008971,224676,0.3089,69402.42
CUST008972,7308,0.2171,1586.57
CUST008973,90816,0.6229,56569.29
CUST008974,109752,0.7019,77034.93
CUST008975,5172,0.869,4494.47
CUST008976,18240,0.9391,17129.18
CUST008977,18588,0.7137,13266.26
CUST008978,95400,0.4002,38179.08
CUST008979,21564,0.5763,12427.33
CUST008980,50724,0.0682,3459.38
CUST008981,180636,0.1269,22922.71
CUST008982,20100,0.1739,3495.39
CUST008983,141072,0.0534,7533.24
CUST008984,16356,0.8014,13107.7
CUST008985,94740,0.6844,64840.06
CUST008986,7452,0.5206,3879.51
CUST008987,21060,0.3416,7194.1
CUST008988,23052,0.3855,8886.55
CUST008989,40428,0.0612,2474.19
CUST008990,82728,0.7957,65826.67
CUST008991,14400,0.063,907.2
CUST008992,90864,0.3273,29739.79
CUST008993,17232,0.1272,2191.91
CUST008994,73512,0.7892,58015.67
CUST008995,14844,0.0995,1476.98
CUST008996,186816,0.1155,21577.25
CUST008997,14508,0.0346,501.98
CUST008998,15516,0.0978,1517.46
CUST008999,65124,0.9254,60265.75
CUST009000,284796,0.4232,120525.67
CUST009001,6072,0.5203,3159.26
CUST009002,23508,0.9418,22139.83
CUST009003,244320,0.3565,87100.08
CUST009004,18372,0.8429,15485.76
CUST009005,19416,0.1588,3083.26
CUST009006,39552,0.2714,10734.41
CUST009007,20904,0.5446,11384.32
CUST009008,33456,0.3128,10465.04
CUST009009,241728,0.037,8943.94
CUST009010,6492,0.346,2246.23
CUST009011,199500,0.5383,107390.85
CUST009012,79200,0.2985,23641.2
CUST009013,207456,0.2005,41594.93
CUST009014,59208,0.7018,41552.17
CUST009015,43932,0.116,5096.11
CUST009016,50484,0.74,37358.16
CUST009017,192036,0.2976,57149.91
CUST009018,205872,0.7298,150245.39
CUST009019,8340,0.6992,5831.33
CUST009020,50712,0.308,15619.3
CUST009021,264804,0.9489,251272.52
CUST009022,89664,0.8686,77882.15
CUST009023,25584,0.7204,18430.71
CUST009024,83028,0.5781,47998.49
CUST009025,16464,0.4976,8192.49
CUST009026,66804,0.2145,14329.46
CUST009027,48336,0.2716,13128.06
CUST009028,15384,0.5727,8810.42
CUST009029,8928,0.6782,6054.97
CUST009030,17184,0.1236,2123.94
CUST009031,37200,0.4895,18209.4
CUST009032,45108,0.5303,23920.77
CUST009033,18324,0.3234,5925.98
CUST009034,21108,0.5194,10963.5
CUST009035,173724,0.8907,154735.97
CUST009036,9756,0.8706,8493.57
CUST009037,60768,0.7698,46779.21
CUST009038,66900,0.5988,40059.72
CUST009039,19176,0.3679,7054.85
CUST009040,89196,0.3542,31593.22
CUST009041,5676,0.6099,3461.79
CUST009042,32028,0.0966,3093.9
CUST009043,22020,0.4262,9384.92
CUST009044,3984,0.7538,3003.14
CUST009045,19212,0.789,15158.27
CUST009046,17052,0.1447,2467.42
CUST009047,84312,0.9186,77449.0
CUST009048,39156,0.2915,11413.97
CUST009049,13464,0.3127,4210.19
CUST009050,250476,0.0684,17132.56
CUST009051,6180,0.1479,914.02
CUST009052,284940,0.6411,182675.03
CUST009053,72468,0.2593,18790.95
CUST009054,80784,0.1736,14024.1
CUST009055,10836,0.8624,9344.97
CUST009056,94044,0.8067,75865.29
CUST009057,21780,0.3969,8644.48
CUST009058,231204,0.113,26126.05
CUST009059,14412,0.4702,6776.52
CUST009060,78528,0.2968,23307.11
CUST009061,1380,0.8354,1152.85
CUST009062,19056,0.6915,13177.22
CUST009063,16284,0.0373,607.39
CUST009064,64932,0.4324,28076.6
CUST009065,20280,0.3823,7753.04
CUST009066,74328,0.0847,6295.58
CUST009067,49932,0.269,13431.71
CUST009068,10176,0.9445,9611.23
CUST009069,92256,0.15,13838.4
CUST009070,253416,0.5883,149084.63
CUST009071,77208,0.0622,4802.34
CUST009072,16656,0.83,13824.48
CUST009073,19464,0.4772,9288.22
CUST009074,16944,0.7506,12718.17
CUST009075,21624,0.2413,5217.87
CUST009076,33864,0.6633,22461.99
CUST009077,286704,0.9087,260527.92
CUST009078,58488,0.2898,16949.82
CUST009079,72348,0.8083,58478.89
CUST009080,53964,0.4188,22600.12
CUST009081,69528,0.3623,25189.99
CUST009082,32232,0.4996,16103.11
CUST009083,3588,0.2492,894.13
CUST009084,2796,0.0883,246.89
CUST009085,22896,0.2788,6383.4
CUST009086,90912,0.1445,13136.78
CUST009087,79080,0.0646,5108.57
CUST009088,8268,0.6158,5091.43
CUST009089,48456,0.4462,21621.07
CUST009090,4392,0.1383,607.41
CUST009091,87360,0.6763,59081.57
CUST009092,16356,0.2677,4378.5
CUST009093,83256,0.3971,33060.96
CUST009094,17172,0.383,6576.88
CUST009095,21000,0.8458,17761.8
CUST009096,70596,0.3057,21581.2
CUST009097,11148,0.529,5897.29
CUST009098,274764,0.0987,27119.21
CUST009099,52308,0.7717,40366.08
CUST009100,14568,0.6967,10149.53
CUST009101,268044,0.6209,166428.52
CUST009102,7608,0.7727,5878.7
CUST009103,22476,0.3756,8441.99
CUST009104,17112,0.7923,13557.84
CUST009105,77304,0.2759,21328.17
CUST009106,19860,0.9174,18219.56
CUST009107,191292,0.0918,17560.61
CUST009108,57084,0.437,24945.71
CUST009109,12048,0.6144,7402.29
CUST009110,16236,0.084,1363.82
CUST009111,10560,0.4355,4598.88
CUST009112,11448,0.2673,3060.05
CUST009113,269340,0.4627,124623.62
CUST009114,89064,0.9212,82045.76
CUST009115,55956,0.3257,18224.87
CUST009116,64272,0.3695,23748.5
CUST009117,13836,0.3293,4556.19
CUST009118,5652,0.5041,2849.17
CUST009119,288960,0.7768,224464.13
CUST009120,23292,0.4457,10381.24
CUST009121,2916,0.8448,2463.44
CUST009122,184164,0.0724,13333.47
CUST009123,63168,0.2696,17030.09
CUST009124,4368,0.4762,2080.04
CUST009125,63756,0.3432,21881.06
CUST009126,4344,0.3861,1677.22
CUST009127,9720,0.3794,3687.77
CUST009128,1860,0.5395,1003.47
CUST009129,14256,0.9014,12850.36
CUST009130,23544,0.4373,10295.79
CUST009131,11940,0.5053,6033.28
CUST009132,45720,0.263,12024.36
CUST009133,115608,0.6996,80879.36
CUST009134,95616,0.6289,60132.9
CUST009135,9048,0.7116,6438.56
CUST009136,19980,0.4977,9944.05
CUST009137,9444,0.1103,1041.67
CUST009138,2628,0.2233,586.83
CUST009139,10008,0.4409,4412.53
CUST009140,62004,0.3154,19556.06
CUST009141,2820,0.7182,2025.32
CUST009142,52380,0.3847,20150.59
CUST009143,139392,0.6408,89322.39
CUST009144,254796,0.212,54016.75
CUST009145,69948,0.381,26650.19
CUST009146,5016,0.2342,1174.75
CUST009147,168708,0.1114,18794.07
CUST009148,15084,0.108,1629.07
CUST009149,62268,0.9106,56701.24
CUST009150,18072,0.0812,1467.45
CUST009151,3660,0.5343,1955.54
CUST009152,20616,0.0307,632.91
CUST009153,12888,0.8186,10550.12
CUST009154,15564,0.1013,1576.63
CUST009155,8508,0.2411,2051.28
CUST009156,243324,0.05,12166.2
CUST009157,58824,0.7404,43553.29
CUST009158,17976,0.3241,5826.02
CUST009159,265440,0.7268,192921.79
CUST009160,14904,0.069,1028.38
CUST009161,103884,0.9139,94939.59
CUST009162,17832,0.5094,9083.62
CUST009163,77148,0.8316,64156.28
CUST009164,88704,0.233,20668.03
CUST009165,36300,0.4851,17609.13
CUST009166,16704,0.6461,10792.45
CUST009167,238704,0.2802,66884.86
CUST009168,17664,0.9083,16044.21
CUST009169,21108,0.864,18237.31
CUST009170,18756,0.8287,15543.1
CUST009171,11460,0.1141,1307.59
CUST009172,67728,0.4983,33748.86
CUST009173,59100,0.5014,29632.74
CUST009174,57624,0.3166,18243.76
CUST009175,14172,0.7974,11300.75
CUST009176,22812,0.4229,9647.19
CUST009177,43440,0.8355,36294.12
CUST009178,2760,0.8582,2368.63
CUST009179,6180,0.661,4084.98
CUST009180,211224,0.1695,35802.47
CUST009181,44628,0.7481,33386.21
CUST009182,60672,0.6887,41784.81
CUST009183,82932,0.3254,26986.07
CUST009184,290040,0.8812,255583.25
CUST009185,42144,0.2723,11475.81
CUST009186,14508,0.9141,13261.76
CUST009187,51504,0.0652,3358.06
CUST009188,30972,0.2506,7761.58
CUST009189,4932,0.2744,1353.34
CUST009190,12144,0.2792,3390.6
CUST009191,227052,0.4137,93931.41
CUST009192,78252,0.6929,54220.81
CUST009193,44232,0.7297,32276.09
CUST009194,73992,0.2557,18919.75
CUST009195,22320,0.0689,1537.85
CUST009196,79176,0.2646,20949.97
CUST009197,2388,0.8644,2064.19
CUST009198,18192,0.0473,860.48
CUST009199,27000,0.6431,17363.7
CUST009200,6852,0.2221,1521.83
CUST009201,81036,0.689,55833.8
CUST009202,85608,0.4386,37547.67
CUST009203,8124,0.0607,493.13
CUST009204,31692,0.0515,1632.14
CUST009205,46164,0.3228,14901.74
CUST009206,35796,0.1968,7044.65
CUST009207,238488,0.7281,173643.11
CUST009208,53436,0.4386,23437.03
CUST009209,81276,0.8068,65573.48
CUST009210,172200,0.7219,124311.18
CUST009211,4224,0.112,473.09
CUST009212,17388,0.1645,2860.33
CUST009213,22704,0.2877,6531.94
CUST009214,180156,0.5594,100779.27
CUST009215,17952,0.5443,9771.27
CUST009216,74724,0.7332,54787.64
CUST009217,94884,0.9405,89238.4
CUST009218,34176,0.2341,8000.6
CUST009219,3528,0.8482,2992.45
CUST009220,48720,0.3284,15999.65
CUST009221,260064,0.0808,21013.17
CUST009222,54384,0.4437,24130.18
CUST009223,3780,0.0489,184.84
CUST009224,22152,0.6818,15103.23
CUST009225,3408,0.1424,485.3
CUST009226,42456,0.2716,11531.05
CUST009227,3936,0.2875,1131.6
CUST009228,259500,0.6901,179080.95
CUST009229,13896,0.4373,6076.72
CUST009230,6540,0.2294,1500.28
CUST009231,118656,0.4481,53169.75
CUST009232,12624,0.1107,1397.48
CUST009233,95424,0.5485,52340.06
CUST009234,4092,0.5598,2290.7
CUST009235,51264,0.9201,47168.01
CUST009236,11724,0.7495,8787.14
CUST009237,20664,0.9249,19112.13
CUST009238,17832,0.0119,212.2
CUST009239,12228,0.8417,10292.31
CUST009240,4416,0.0283,124.97
CUST009241,57840,0.3553,20550.55
CUST009242,17160,0.1441,2472.76
CUST009243,4512,0.8576,3869.49
CUST009244,32544,0.8503,27672.16
CUST009245,49524,0.9087,45002.46
CUST009246,7884,0.2733,2154.7
CUST009247,34356,0.6316,21699.25
CUST009248,224484,0.3089,69343.11
CUST009249,66240,0.1585,10499.04
CUST009250,4680,0.4372,2046.1
CUST009251,20928,0.6,12556.8
CUST009252,15024,0.32,4807.68
CUST009253,17688,0.4864,8603.44
CUST009254,237996,0.6324,150508.67
CUST009255,56928,0.2636,15006.22
CUST009256,169956,0.8989,152773.45
CUST009257,45660,0.3256,14866.9
CUST009258,4344,0.1452,630.75
CUST009259,9588,0.1656,1587.77
CUST009260,16032,0.3637,5830.84
CUST009261,78456,0.6858,53805.12
CUST009262,2292,0.2456,562.92
CUST009263,94692,0.3303,31276.77
CUST009264,239760,0.2824,67708.22
CUST009265,10020,0.852,8537.04
CUST009266,14340,0.634,9091.56
CUST009267,22188,0.2085,4626.2
CUST009268,83484,0.1073,8957.83
CUST009269,4692,0.7117,3339.3
CUST009270,8052,0.6962,5605.8
CUST009271,84684,0.6324,53554.16
CUST009272,17736,0.3871,6865.61
CUST009273,19632,0.7982,15670.26
CUST009274,19332,0.5823,11257.02
CUST009275,6684,0.1042,696.47
CUST009276,6732,0.6518,4387.92
CUST009277,19968,0.3173,6335.85
CUST009278,95544,0.2679,25596.24
CUST009279,22572,0.3674,8292.95
CUST009280,23316,0.3222,7512.42
CUST009281,9876,0.4654,4596.29
CUST009282,4188,0.8638,3617.59
CUST009283,21936,0.6093,13365.6
CUST009284,18168,0.0308,559.57
CUST009285,13584,0.4855,6595.03
CUST009286,7068,0.644,4551.79
CUST009287,7068,0.4818,3405.36
CUST009288,22908,0.6468,14816.89
CUST009289,14664,0.0297,435.52
CUST009290,23184,0.2146,4975.29
CUST009291,15324,0.277,4244.75
CUST009292,34692,0.1494,5182.98
CUST009293,18744,0.9432,17679.34
CUST009294,33876,0.3391,11487.35
CUST009295,10308,0.3723,3837.67
CUST009296,18288,0.6331,11578.13
CUST009297,81768,0.0844,6901.22
CUST009298,66624,0.3633,24204.5
CUST009299,15264,0.6278,9582.74
CUST009300,90552,0.3466,31385.32
CUST009301,12456,0.4085,5088.28
CUST009302,12024,0.5769,6936.65
CUST009303,197208,0.3538,69772.19
CUST009304,41220,0.7585,31265.37
CUST009305,41772,0.4515,18860.06
CUST009306,6684,0.3411,2279.91
CUST009307,17400,0.5247,9129.78
CUST009308,262740,0.3285,86310.09
CUST009309,80388,0.3422,27508.77
CUST009310,13740,0.8093,11119.78
CUST009311,69912,0.6521,45589.62
CUST009312,16788,0.0146,245.1
CUST009313,11328,0.4259,4824.6
CUST009314,79116,0.14,11076.24
CUST009315,85584,0.1107,9474.15
CUST009316,5904,0.101,596.3
CUST009317,76452,0.9209,70404.65
CUST009318,41892,0.8777,36768.61
CUST009319,22776,0.0902,2054.4
CUST009320,40188,0.1925,7736.19
CUST009321,22128,0.2555,5653.7
CUST009322,12888,0.501,6456.89
CUST009323,172368,0.4113,70894.96
CUST009324,7068,0.7065,4993.54
CUST009325,89688,0.0727,6520.32
CUST009326,50568,0.4512,22816.28
CUST009327,15924,0.0266,423.58
CUST009328,15492,0.5658,8765.37
CUST009329,15792,0.4222,6667.38
CUST009330,11928,0.3388,4041.21
CUST009331,90600,0.7985,72344.1
CUST009332,44592,0.7733,34482.99
CUST009333,148560,0.3474,51609.74
CUST009334,17520,0.5227,9157.7
CUST009335,6048,0.8424,5094.84
CUST009336,204336,0.2567,52453.05
CUST009337,92124,0.5482,50502.38
CUST009338,55404,0.3296,18261.16
CUST009339,10608,0.878,9313.82
CUST009340,164376,0.4834,79459.36
CUST009341,17580,0.684,12024.72
CUST009342,28656,0.0848,2430.03
CUST009343,61716,0.1339,8263.77
CUST009344,267036,0.693,185055.95
CUST009345,278088,0.2932,81535.4
CUST009346,7368,0.7986,5884.08
CUST009347,56676,0.9059,51342.79
CUST009348,104448,0.7544,78795.57
CUST009349,78348,0.4182,32765.13
CUST009350,78204,0.0281,2197.53
CUST009351,6132,0.3674,2252.9
CUST009352,277968,0.697,193743.7
CUST009353,120900,0.1418,17143.62
CUST009354,49656,0.9059,44983.37
CUST009355,20556,0.8138,16728.47
CUST009356,68232,0.3947,26931.17
CUST009357,74736,0.1546,11554.19
CUST009358,9444,0.5912,5583.29
CUST009359,74604,0.327,24395.51
CUST009360,68220,0.2231,15219.88
CUST009361,13764,0.1047,1441.09
CUST009362,8424,0.8509,7167.98
CUST009363,45528,0.422,19212.82
CUST009364,152220,0.0706,10746.73
CUST009365,207936,0.2903,60363.82
CUST009366,21576,0.6661,14371.77
CUST009367,21132,0.4592,9703.81
CUST009368,6648,0.4194,2788.17
CUST009369,18348,0.8684,15933.4
CUST009370,275076,0.4076,112120.98
CUST009371,163104,0.353,57575.71
CUST009372,62700,0.7694,48241.38
CUST009373,18072,0.3599,6504.11
CUST009374,22104,0.7367,16284.02
CUST009375,64092,0.2423,15529.49
CUST009376,275796,0.0516,14231.07
CUST009377,8088,0.7856,6353.93
CUST009378,287940,0.227,65362.38
CUST009379,131052,0.8019,105090.6
CUST009380,18900,0.1382,2611.98
CUST009381,213864,0.4691,100323.6
CUST009382,4152,0.3875,1608.9
CUST009383,16872,0.6596,11128.77
CUST009384,15972,0.0655,1046.17
CUST009385,22776,0.2375,5409.3
CUST009386,126384,0.4452,56266.16
CUST009387,13008,0.4369,5683.2
CUST009388,136908,0.2818,38580.67
CUST009389,19020,0.596,11335.92
CUST009390,9564,0.1879,1797.08
CUST009391,49932,0.78,38946.96
CUST009392,145908,0.2117,30888.72
CUST009393,83988,0.6557,55070.93
CUST009394,22884,0.1339,3064.17
CUST009395,23844,0.1647,3927.11
CUST009396,19212,0.236,4534.03
CUST009397,93672,0.2663,24944.85
CUST009398,11040,0.0523,577.39
CUST009399,11760,0.8612,10127.71
CUST009400,288672,0.0112,3233.13
CUST009401,28704,0.5169,14837.1
CUST009402,50616,0.4986,25237.14
CUST009403,10512,0.3224,3389.07
CUST009404,81192,0.8217,66715.47
CUST009405,59100,0.4422,26134.02
CUST009406,70848,0.0569,4031.25
CUST009407,1920,0.6675,1281.6
CUST009408,14496,0.0249,360.95
CUST009409,50268,0.6905,34710.05
CUST009410,262332,0.2177,57109.68
CUST009411,1488,0.1659,246.86
CUST009412,5316,0.0187,99.41
CUST009413,52752,0.3025,15957.48
CUST009414,8856,0.1396,1236.3
CUST009415,5208,0.5193,2704.51
CUST009416,52728,0.2867,15117.12
CUST009417,4668,0.936,4369.25
CUST009418,8688,0.0695,603.82
CUST009419,18240,0.2117,3861.41
CUST009420,17256,0.7395,12760.81
CUST009421,12804,0.0175,224.07
CUST009422,15072,0.6115,9216.53
CUST009423,90720,0.6638,60219.94
CUST009424,1992,0.4654,927.08
CUST009425,12384,0.5931,7344.95
CUST009426,78636,0.3884,30542.22
CUST009427,9360,0.3901,3651.34
CUST009428,13440,0.5074,6819.46
CUST009429,57516,0.4168,23972.67
CUST009430,18552,0.1324,2456.28
CUST009431,71412,0.2127,15189.33
CUST009432,13812,0.2388,3298.31
CUST009433,21480,0.7918,17007.86
CUST009434,193788,0.7985,154739.72
CUST009435,13872,0.4091,5675.04
CUST009436,18852,0.7363,13880.73
CUST009437,31704,0.7345,23286.59
CUST009438,3180,0.4752,1511.14
CUST009439,221280,0.5597,123850.42
CUST009440,71688,0.2389,17126.26
CUST009441,53292,0.4942,26336.91
CUST009442,16308,0.1874,3056.12
CUST009443,29652,0.9411,27905.5
CUST009444,58188,0.7188,41825.53
CUST009445,22848,0.8595,19637.86
CUST009446,9108,0.0204,185.8
CUST009447,37872,0.2996,11346.45
CUST009448,41808,0.8181,34203.12
CUST009449,217680,0.6246,135962.93
CUST009450,76176,0.2354,17931.83
CUST009451,13392,0.1591,2130.67
CUST009452,4800,0.3234,1552.32
CUST009453,3168,0.0785,248.69
CUST009454,22404,0.4848,10861.46
CUST009455,14832,0.8183,12137.03
CUST009456,70008,0.8738,61172.99
CUST009457,18996,0.788,14968.85
CUST009458,12216,0.7659,9356.23
CUST009459,21456,0.6798,14585.79
CUST009460,92892,0.7907,73449.7
CUST009461,4704,0.5134,2415.03
CUST009462,69480,0.361,25082.28
CUST009463,16464,0.5243,8632.08
CUST009464,88188,0.9104,80286.36
CUST009465,3972,0.4125,1638.45
CUST009466,7428,0.4402,3269.81
CUST009467,8400,0.9184,7714.56
CUST009468,72060,0.3775,27202.65
CUST009469,126864,0.6484,82258.62
CUST009470,12912,0.7729,9979.68
CUST009471,89880,0.8338,74941.94
CUST009472,123972,0.5273,65370.44
CUST009473,101592,0.7074,71866.18
CUST009474,7404,0.8589,6359.3
CUST009475,213612,0.7611,162580.09
CUST009476,10392,0.2727,2833.9
CUST009477,6060,0.2474,1499.24
CUST009478,87204,0.3406,29701.68
CUST009479,128748,0.7477,96264.88
CUST009480,19404,0.9396,18232.0
CUST009481,92916,0.0249,2313.61
CUST009482,17352,0.0986,1710.91
CUST009483,19164,0.4707,9020.49
CUST009484,62892,0.0321,2018.83
CUST009485,10236,0.4261,4361.56
CUST009486,18780,0.8492,15947.98
CUST009487,223968,0.9125,204370.8
CUST009488,19440,0.1436,2791.58
CUST009489,1836,0.7859,1442.91
CUST009490,15768,0.4241,6687.21
CUST009491,12756,0.6957,8874.35
CUST009492,20328,0.5427,11032.01
CUST009493,95100,0.7052,67064.52
CUST009494,8412,0.4193,3527.15
CUST009495,16176,0.7871,12732.13
CUST009496,268620,0.3539,95064.62
CUST009497,20124,0.5726,11523.0
CUST009498,16152,0.2252,3637.43
CUST009499,15900,0.5593,8892.87
CUST009500,15492,0.0906,1403.58
CUST009501,88296,0.3975,35097.66
CUST009502,10272,0.11,1129.92
CUST009503,87492,0.1549,13552.51
CUST009504,16344,0.6477,10586.01
CUST009505,22860,0.1139,2603.75
CUST009506,94428,0.1013,9565.56
CUST009507,77940,0.879,68509.26
CUST009508,31836,0.6383,20320.92
CUST009509,13440,0.1637,2200.13
CUST009510,15204,0.6468,9833.95
CUST009511,78468,0.3869,30359.27
CUST009512,5508,0.9417,5186.88
CUST009513,18060,0.1546,2792.08
CUST009514,16428,0.7742,12718.56
CUST009515,14832,0.2858,4238.99
CUST009516,38844,0.4111,15968.77
CUST009517,7128,0.2938,2094.21
CUST009518,43752,0.6195,27104.36
CUST009519,22464,0.4554,10230.11
CUST009520,6876,0.3814,2622.51
CUST009521,46380,0.1158,5370.8
CUST009522,10392,0.7702,8003.92
CUST009523,30936,0.6182,19124.64
CUST009524,46584,0.2194,10220.53
CUST009525,11328,0.0601,680.81
CUST009526,12480,0.3015,3762.72
CUST009527,9936,0.0607,603.12
CUST009528,36072,0.8426,30394.27
CUST009529,77748,0.138,10729.22
CUST009530,1452,0.312,453.02
CUST009531,70080,0.9248,64809.98
CUST009532,11352,0.4705,5341.12
CUST009533,9456,0.7233,6839.52
CUST009534,66372,0.2382,15809.81
CUST009535,37020,0.9105,33706.71
CUST009536,10944,0.9172,10037.84
CUST009537,288096,0.2183,62891.36
CUST009538,79428,0.0815,6473.38
CUST009539,278808,0.7893,220063.15
CUST009540,23880,0.1307,3121.12
CUST009541,70728,0.9157,64765.63
CUST009542,7848,0.5803,4554.19
CUST009543,16908,0.4847,8195.31
CUST009544,22080,0.0512,1130.5
CUST009545,19800,0.3557,7042.86
CUST009546,29304,0.71,20805.84
CUST009547,27216,0.272,7402.75
CUST009548,13752,0.4189,5760.71
CUST009549,22392,0.7288,16319.29
CUST009550,75768,0.1897,14373.19
CUST009551,22272,0.9373,20875.55
CUST009552,4836,0.4503,2177.65
CUST009553,1452,0.7345,1066.49
CUST009554,11580,0.2168,2510.54
CUST009555,76908,0.3995,30724.75
CUST009556,21804,0.3027,6600.07
CUST009557,9348,0.3317,3100.73
CUST009558,13884,0.0739,1026.03
CUST009559,26436,0.8168,21592.92
CUST009560,80436,0.3443,27694.11
CUST009561,16272,0.0597,971.44
CUST009562,8316,0.3635,3022.87
CUST009563,38208,0.7295,27872.74
CUST009564,37308,0.4679,17456.41
CUST009565,19668,0.8143,16015.65
CUST009566,58680,0.9217,54085.36
CUST009567,13356,0.0203,271.13
CUST009568,3084,0.2744,846.25
CUST009569,248724,0.8977,223279.53
CUST009570,10044,0.4203,4221.49
CUST009571,4716,0.4836,2280.66
CUST009572,148128,0.8926,132219.05
CUST009573,11244,0.7598,8543.19
CUST009574,20700,0.369,7638.3
CUST009575,21900,0.2336,5115.84
CUST009576,148260,0.2527,37465.3
CUST009577,63072,0.8109,51145.08
CUST009578,17904,0.8382,15007.13
CUST009579,69924,0.9147,63959.48
CUST009580,111612,0.3805,42468.37
CUST009581,33492,0.2855,9561.97
CUST009582,20388,0.3058,6234.65
CUST009583,217824,0.8388,182710.77
CUST009584,1680,0.3338,560.78
CUST009585,76332,0.1644,12548.98
CUST009586,63012,0.0127,800.25
CUST009587,53544,0.4623,24753.39
CUST009588,101940,0.2103,21437.98
CUST009589,53700,0.3399,18252.63
CUST009590,4776,0.1463,698.73
CUST009591,211260,0.6107,129016.48
CUST009592,17448,0.7464,13023.19
CUST009593,20556,0.0759,1560.2
CUST009594,6804,0.158,1075.03
CUST009595,10452,0.2375,2482.35
CUST009596,7584,0.9202,6978.8
CUST009597,13908,0.1597,2221.11
CUST009598,18600,0.678,12610.8
CUST009599,19308,0.5018,9688.75
CUST009600,202152,0.4505,91069.48
CUST009601,8880,0.3059,2716.39
CUST009602,9768,0.6612,6458.6
CUST009603,11808,0.414,4888.51
CUST009604,89832,0.4479,40235.75
CUST009605,10860,0.0409,444.17
CUST009606,16164,0.6997,11309.95
CUST009607,5280,0.9079,4793.71
CUST009608,140796,0.4746,66821.78
CUST009609,92928,0.0227,2109.47
CUST009610,29064,0.0443,1287.54
CUST009611,28884,0.0888,2564.9
CUST009612,17364,0.6025,10461.81
CUST009613,22596,0.6962,15731.34
CUST009614,66108,0.6618,43750.27
CUST009615,16236,0.3657,5937.51
CUST009616,8436,0.2587,2182.39
CUST009617,21744,0.0825,1793.88
CUST009618,6768,0.3381,2288.26
CUST009619,17580,0.5239,9210.16
CUST009620,78060,0.2684,20951.3
CUST009621,4044,0.9187,3715.22
CUST009622,10740,0.1563,1678.66
CUST009623,5520,0.7658,4227.22
CUST009624,14904,0.3112,4638.12
CUST009625,18552,0.2473,4587.91
CUST009626,8376,0.383,3208.01
CUST009627,1428,0.5852,835.67
CUST009628,8688,0.5059,4395.26
CUST009629,91044,0.3837,34933.58
CUST009630,16728,0.2143,3584.81
CUST009631,9708,0.0929,901.87
CUST009632,62088,0.3393,21066.46
CUST009633,50208,0.328,16468.22
CUST009634,161208,0.4458,71866.53
CUST009635,87672,0.4443,38952.67
CUST009636,5220,0.2158,1126.48
CUST009637,13368,0.9321,12460.31
CUST009638,52164,0.3283,17125.44
CUST009639,8460,0.2006,1697.08
CUST009640,13464,0.6274,8447.31
CUST009641,8016,0.83,6653.28
CUST009642,28044,0.6268,17577.98
CUST009643,16248,0.5827,9467.71
CUST009644,21828,0.0115,251.02
CUST009645,57684,0.8666,49988.95
CUST009646,231468,0.8643,200057.79
CUST009647,259500,0.2149,55766.55
CUST009648,91200,0.4906,44742.72
CUST009649,58896,0.0887,5224.08
CUST009650,49788,0.3234,16101.44
CUST009651,16536,0.6594,10903.84
CUST009652,7812,0.2934,2292.04
CUST009653,210564,0.2487,52367.27
CUST009654,45288,0.2186,9899.96
CUST009655,76932,0.8429,64845.98
CUST009656,55848,0.4675,26108.94
CUST009657,3564,0.3477,1239.2
CUST009658,20124,0.0996,2004.35
CUST009659,83328,0.6638,55313.13
CUST009660,18204,0.025,455.1
CUST009661,22548,0.781,17609.99
CUST009662,294984,0.3361,99144.12
CUST009663,17664,0.9339,16496.41
CUST009664,4752,0.3022,1436.05
CUST009665,2736,0.6658,1821.63
CUST009666,137160,0.7686,105421.18
CUST009667,35856,0.2817,10100.64
CUST009668,10260,0.1135,1164.51
CUST009669,77604,0.9482,73584.11
CUST009670,152556,0.3247,49534.93
CUST009671,4692,0.142,666.26
CUST009672,17676,0.4772,8434.99
CUST009673,23124,0.6876,15900.06
CUST009674,14016,0.5488,7691.98
CUST009675,40440,0.2761,11165.48
CUST009676,12348,0.1862,2299.2
CUST009677,21468,0.5589,11998.47
CUST009678,55740,0.2746,15306.2
CUST009679,23304,0.5255,12246.25
CUST009680,40524,0.8553,34660.18
CUST009681,20676,0.9299,19226.61
CUST009682,36216,0.3936,14254.62
CUST009683,92712,0.7913,73363.01
CUST009684,40356,0.4555,18382.16
CUST009685,90816,0.74,67203.84
CUST009686,13992,0.5773,8077.58
CUST009687,36324,0.5209,18921.17
CUST009688,1404,0.1467,205.97
CUST009689,22236,0.8876,19736.67
CUST009690,150708,0.7376,111162.22
CUST009691,6060,0.6592,3994.75
CUST009692,90900,0.8828,80246.52
CUST009693,2244,0.9316,2090.51
CUST009694,2772,0.194,537.77
CUST009695,60552,0.4044,24487.23
CUST009696,8868,0.8627,7650.42
CUST009697,63792,0.8556,54580.44
CUST009698,140340,0.8119,113942.05
CUST009699,130680,0.4834,63170.71
CUST009700,2136,0.6821,1456.97
CUST009701,74604,0.0288,2148.6
CUST009702,9300,0.2087,1940.91
CUST009703,23856,0.7208,17195.4
CUST009704,87696,0.6167,54082.12
CUST009705,16728,0.765,12796.92
CUST009706,102312,0.4595,47012.36
CUST009707,9252,0.7088,6557.82
CUST009708,211068,0.4853,102431.3
CUST009709,20232,0.7816,15813.33
CUST009710,5484,0.0341,187.0
CUST009711,9096,0.1806,1642.74
CUST009712,88452,0.4662,41236.32
CUST009713,76488,0.5279,40378.02
CUST009714,192132,0.3929,75488.66
CUST009715,22200,0.4477,9938.94
CUST009716,44664,0.1349,6025.17
CUST009717,12372,0.4215,5214.8
CUST009718,286164,0.1412,40406.36
CUST009719,21504,0.4832,10390.73
CUST009720,241500,0.495,119542.5
CUST009721,5436,0.5918,3217.02
CUST009722,39924,0.5891,23519.23
CUST009723,15528,0.8276,12850.97
CUST009724,13260,0.0725,961.35
CUST009725,10620,0.6887,7313.99
CUST009726,9516,0.0319,303.56
CUST009727,18756,0.6523,12234.54
CUST009728,11772,0.4024,4737.05
CUST009729,3492,0.2246,784.3
CUST009730,20760,0.7388,15337.49
CUST009731,15192,0.4368,6635.87
CUST009732,93636,0.1401,13118.4
CUST009733,22932,0.3294,7553.8
CUST009734,6564,0.0787,516.59
CUST009735,89652,0.2461,22063.36
CUST009736,125736,0.8727,109729.81
CUST009737,19860,0.1843,3660.2
CUST009738,68736,0.6937,47682.16
CUST009739,11364,0.6777,7701.38
CUST009740,92088,0.0736,6777.68
CUST009741,69900,0.8288,57933.12
CUST009742,67140,0.3474,23324.44
CUST009743,218280,0.912,199071.36
CUST009744,4812,0.6335,3048.4
CUST009745,29484,0.795,23439.78
CUST009746,49224,0.3276,16125.78
CUST009747,2748,0.2374,652.38
CUST009748,7716,0.674,5200.58
CUST009749,17148,0.0653,1119.76
CUST009750,85908,0.5093,43752.94
CUST009751,18696,0.1373,2566.96
CUST009752,2568,0.719,1846.39
CUST009753,55308,0.7045,38964.49
CUST009754,51912,0.2824,14659.95
CUST009755,22500,0.8576,19296.0
CUST009756,94608,0.4368,41324.77
CUST009757,20532,0.1696,3482.23
CUST009758,59820,0.8763,52420.27
CUST009759,12792,0.4727,6046.78
CUST009760,90756,0.1418,12869.2
CUST009761,72564,0.7894,57282.02
CUST009762,9672,0.5433,5254.8
CUST009763,3708,0.622,2306.38
CUST009764,18132,0.6086,11035.14
CUST009765,58416,0.8783,51306.77
CUST009766,6204,0.7972,4945.83
CUST009767,10692,0.084,898.13
CUST009768,185652,0.6717,124702.45
CUST009769,140460,0.529,74303.34
CUST009770,40992,0.6734,27604.01
CUST009771,29100,0.3574,10400.34
CUST009772,13104,0.366,4796.06
CUST009773,21288,0.2746,5845.68
CUST009774,15348,0.1707,2619.9
CUST009775,172164,0.3514,60498.43
CUST009776,64392,0.8479,54597.98
CUST009777,84600,0.8236,69676.56
CUST009778,12612,0.3079,3883.23
CUST009779,3264,0.1993,650.52
CUST009780,76584,0.4156,31828.31
CUST009781,6912,0.5,3456.0
CUST009782,86604,0.3147,27254.28
CUST009783,20436,0.8505,17380.82
CUST009784,12672,0.9399,11910.41
CUST009785,16248,0.8439,13711.69
CUST009786,21768,0.5875,12788.7
CUST009787,88392,0.7733,68353.53
CUST009788,58680,0.3187,18701.32
CUST009789,20700,0.4375,9056.25
CUST009790,23520,0.1661,3906.67
CUST009791,74736,0.2644,19760.2
CUST009792,176004,0.7161,126036.46
CUST009793,134760,0.4465,60170.34
CUST009794,8928,0.4882,4358.65
CUST009795,93108,0.9203,85687.29
CUST009796,9588,0.5674,5440.23
CUST009797,37764,0.0808,3051.33
CUST009798,21576,0.7657,16520.74
CUST009799,288384,0.218,62867.71
CUST009800,57816,0.6171,35678.25
CUST009801,3528,0.0145,51.16
CUST009802,87936,0.9014,79265.51
CUST009803,7704,0.3839,2957.57
CUST009804,241116,0.3906,94179.91
CUST009805,18672,0.2527,4718.41
CUST009806,9612,0.5598,5380.8
CUST009807,23652,0.7589,17949.5
CUST009808,119736,0.5899,70632.27
CUST009809,259116,0.7669,198716.06
CUST009810,56196,0.4918,27637.19
CUST009811,23160,0.4289,9933.32
CUST009812,55752,0.5969,33278.37
CUST009813,116100,0.8244,95712.84
CUST009814,115668,0.9471,109549.16
CUST009815,5760,0.3879,2234.3
CUST009816,88920,0.6558,58313.74
CUST009817,5676,0.7515,4265.51
CUST009818,21816,0.6188,13499.74
CUST009819,12576,0.8516,10709.72
CUST009820,72444,0.3771,27318.63
CUST009821,103080,0.3289,33903.01
CUST009822,16332,0.1684,2750.31
CUST009823,21984,0.2005,4407.79
CUST009824,169680,0.2867,48647.26
CUST009825,3576,0.0455,162.71
CUST009826,36456,0.7909,28833.05
CUST009827,2964,0.81,2400.84
CUST009828,35256,0.157,5535.19
CUST009829,10128,0.7078,7168.6
CUST009830,209052,0.1667,34848.97
CUST009831,10980,0.9395,10315.71
CUST009832,3288,0.7476,2458.11
CUST009833,10176,0.5448,5543.88
CUST009834,65016,0.8828,57396.12
CUST009835,21840,0.8366,18271.34
CUST009836,17820,0.2801,4991.38
CUST009837,231372,0.2701,62493.58
CUST009838,195720,0.8781,171861.73
CUST009839,22488,0.4766,10717.78
CUST009840,11748,0.428,5028.14
CUST009841,102396,0.0441,4515.66
CUST009842,95508,0.7208,68842.17
CUST009843,40152,0.882,35414.06
CUST009844,166872,0.6566,109568.16
CUST009845,18828,0.7588,14286.69
CUST009846,18780,0.8282,15553.6
CUST009847,50892,0.0877,4463.23
CUST009848,9264,0.9142,8469.15
CUST009849,4056,0.8242,3342.96
CUST009850,19056,0.9023,17194.23
CUST009851,15912,0.5129,8161.26
CUST009852,132516,0.3898,51654.74
CUST009853,18168,0.5928,10769.99
CUST009854,158088,0.9458,149519.63
CUST009855,19356,0.062,1200.07
CUST009856,37776,0.6674,25211.7
CUST009857,23148,0.4236,9805.49
CUST009858,7020,0.0456,320.11
CUST009859,92112,0.5733,52807.81
CUST009860,13932,0.7477,10416.96
CUST009861,15396,0.5584,8597.13
CUST009862,6612,0.6897,4560.3
CUST009863,12612,0.8173,10307.79
CUST009864,52524,0.6133,32212.97
CUST009865,18648,0.7232,13486.23
CUST009866,30480,0.3278,9991.34
CUST009867,3840,0.4005,1537.92
CUST009868,159420,0.0965,15384.03
CUST009869,29076,0.5172,15038.11
CUST009870,8760,0.6613,5792.99
CUST009871,58800,0.8679,51032.52
CUST009872,15576,0.0179,278.81
CUST009873,25308,0.5793,14660.92
CUST009874,10404,0.3706,3855.72
CUST009875,23520,0.3904,9182.21
CUST009876,52812,0.9057,47831.83
CUST009877,4212,0.3092,1302.35
CUST009878,5640,0.9386,5293.7
CUST009879,149748,0.6508,97456.0
CUST009880,244644,0.6229,152388.75
CUST009881,79500,0.1394,11082.3
CUST009882,93648,0.8508,79675.72
CUST009883,12912,0.0987,1274.41
CUST009884,10296,0.1404,1445.56
CUST009885,76800,0.5251,40327.68
CUST009886,129048,0.6539,84384.49
CUST009887,48120,0.0519,2497.43
CUST009888,17796,0.199,3541.4
CUST009889,2928,0.3558,1041.78
CUST009890,56700,0.6064,34382.88
CUST009891,43716,0.6206,27130.15
CUST009892,18072,0.3225,5828.22
CUST009893,8472,0.6935,5875.33
CUST009894,83748,0.8852,74133.73
CUST009895,16164,0.2802,4529.15
CUST009896,88476,0.5487,48546.78
CUST009897,14544,0.0432,628.3
CUST009898,1884,0.8779,1653.96
CUST009899,95304,0.3149,30011.23
CUST009900,7224,0.7631,5512.63
CUST009901,18324,0.2068,3789.4
CUST009902,4836,0.7378,3568.0
CUST009903,11328,0.833,9436.22
CUST009904,68400,0.3707,25355.88
CUST009905,18036,0.2388,4307.0
CUST009906,51216,0.5846,29940.87
CUST009907,13512,0.8558,11563.57
CUST009908,37428,0.545,20398.26
CUST009909,35760,0.1196,4276.9
CUST009910,243684,0.8882,216440.13
CUST009911,62592,0.7116,44540.47
CUST009912,43032,0.4176,17970.16
CUST009913,18156,0.352,6390.91
CUST009914,44256,0.4021,17795.34
CUST009915,8700,0.7595,6607.65
CUST009916,14664,0.8307,12181.38
CUST009917,85848,0.5115,43911.25
CUST009918,7068,0.4056,2866.78
CUST009919,240912,0.2388,57529.79
CUST009920,72612,0.7595,55148.81
CUST009921,79596,0.5931,47208.39
CUST009922,63228,0.2686,16983.04
CUST009923,133632,0.3787,50606.44
CUST009924,3732,0.1567,584.8
CUST009925,11088,0.4565,5061.67
CUST009926,85812,0.926,79461.91
CUST009927,127152,0.7034,89438.72
CUST009928,11256,0.9075,10214.82
CUST009929,23112,0.823,19021.18
CUST009930,33984,0.0329,1118.07
CUST009931,11976,0.4791,5737.7
CUST009932,22692,0.7553,17139.27
CUST009933,21540,0.5003,10776.46
CUST009934,6612,0.0732,484.0
CUST009935,107556,0.4924,52960.57
CUST009936,11040,0.3675,4057.2
CUST009937,20424,0.2275,4646.46
CUST009938,49080,0.7386,36250.49
CUST009939,12720,0.3775,4801.8
CUST009940,61848,0.1535,9493.67
CUST009941,44736,0.5851,26175.03
CUST009942,80832,0.8439,68214.12
CUST009943,117144,0.8972,105101.6
CUST009944,157716,0.0985,15535.03
CUST009945,12012,0.1078,1294.89
CUST009946,9840,0.6863,6753.19
CUST009947,15840,0.9334,14785.06
CUST009948,18756,0.3454,6478.32
CUST009949,52584,0.9265,48719.08
CUST009950,5556,0.4354,2419.08
CUST009951,43104,0.5971,25737.4
CUST009952,61320,0.2289,14036.15
CUST009953,60888,0.3999,24349.11
CUST009954,165264,0.6029,99637.67
CUST009955,1500,0.2351,352.65
CUST009956,213048,0.1142,24330.08
CUST009957,283200,0.0648,18351.36
CUST009958,76200,0.4959,37787.58
CUST009959,61980,0.7028,43559.54
CUST009960,68856,0.5759,39654.17
CUST009961,79200,0.9012,71375.04
CUST009962,7248,0.0369,267.45
CUST009963,45768,0.1777,8132.97
CUST009964,9048,0.4791,4334.9
CUST009965,3360,0.9383,3152.69
CUST009966,12828,0.1744,2237.2
CUST009967,27648,0.1071,2961.1
CUST009968,86112,0.5493,47301.32
CUST009969,42228,0.7178,30311.26
CUST009970,3432,0.8412,2887.0
CUST009971,7188,0.8824,6342.69
CUST009972,53196,0.2611,13889.48
CUST009973,195804,0.1172,22948.23
CUST009974,68052,0.813,55326.28
CUST009975,268668,0.7709,207116.16
CUST009976,21924,0.3633,7964.99
CUST009977,299052,0.2493,74553.66
CUST009978,184776,0.4874,90059.82
CUST009979,13932,0.5342,7442.47
CUST009980,59340,0.6287,37307.06
CUST009981,93816,0.9499,89115.82
CUST009982,7164,0.1814,1299.55
CUST009983,78276,0.5696,44586.01
CUST009984,16116,0.3235,5213.53
CUST009985,275892,0.4938,136235.47
CUST009986,15288,0.8967,13708.75
CUST009987,61800,0.4931,30473.58
CUST009988,162492,0.2828,45952.74
CUST009989,28092,0.7202,20231.86
CUST009990,206040,0.3642,75039.77
CUST009991,11520,0.8808,10146.82
CUST009992,24708,0.1625,4015.05
CUST009993,7680,0.916,7034.88
CUST009994,39696,0.7454,29589.4
CUST009995,21780,0.8355,18197.19
CUST009996,4068,0.1966,799.77
CUST009997,11364,0.3172,3604.66
CUST009998,81132,0.7721,62642.02
CUST009999,82620,0.9327,77059.67
CUST010000,3876,0.8749,3391.11
CUST010001,22056,0.8388,18500.57
CUST010002,29064,0.2626,7632.21
CUST010003,85392,0.8726,74513.06
CUST010004,93300,0.7371,68771.43
CUST010005,234600,0.873,204805.8
CUST010006,77904,0.1618,12604.87
CUST010007,22668,0.5317,12052.58
CUST010008,199980,0.4352,87031.3
CUST010009,294768,0.9213,271569.76
CUST010010,177516,0.1043,18514.92
CUST010011,223488,0.0135,3017.09
CUST010012,16548,0.5551,9185.79
CUST010013,20544,0.7952,16336.59
CUST010014,37704,0.5291,19949.19
CUST010015,93420,0.5642,52707.56
CUST010016,2544,0.7391,1880.27
CUST010017,80688,0.2301,18566.31
CUST010018,95928,0.4608,44203.62
CUST010019,26676,0.6046,16128.31
CUST010020,28116,0.319,8969.0
CUST010021,3432,0.4782,1641.18
CUST010022,182016,0.322,58609.15
CUST010023,11052,0.357,3945.56
CUST010024,98484,0.5681,55948.76
CUST010025,90984,0.6973,63443.14
CUST010026,90996,0.4019,36571.29
CUST010027,49056,0.5676,27844.19
CUST010028,11160,0.3275,3654.9
CUST010029,12852,0.2109,2710.49
CUST010030,8208,0.9406,7720.44
CUST010031,10788,0.5378,5801.79
CUST010032,14196,0.2369,3363.03
CUST010033,98076,0.1524,14946.78
CUST010034,21948,0.4824,10587.72
CUST010035,90732,0.1527,13854.78
CUST010036,7608,0.8714,6629.61
CUST010037,15348,0.3654,5608.16
CUST010038,11556,0.7977,9218.22
CUST010039,79092,0.8209,64926.62
CUST010040,61836,0.3084,19070.22
CUST010041,251604,0.4104,103258.28
CUST010042,81756,0.6804,55626.78
CUST010043,16296,0.6812,11100.84
CUST010044,12108,0.0567,686.52
CUST010045,23508,0.0264,620.61
CUST010046,297492,0.3822,113701.44
CUST010047,2208,0.3016,665.93
CUST010048,94212,0.3629,34189.53
CUST010049,19836,0.8694,17245.42
CUST010050,221412,0.365,80815.38
CUST010051,22224,0.0118,262.24
CUST010052,169104,0.0133,2249.08
CUST010053,3624,0.2826,1024.14
CUST010054,114444,0.6273,71790.72
CUST010055,16428,0.1289,2117.57
CUST010056,83220,0.9135,76021.47
CUST010057,83004,0.3118,25880.65
CUST010058,13884,0.3115,4324.87
CUST010059,18684,0.2653,4956.87
CUST010060,58104,0.3002,17442.82
CUST010061,233748,0.3599,84125.91
CUST010062,16380,0.7491,12270.26
CUST010063,1488,0.8401,1250.07
CUST010064,232164,0.9354,217166.21
CUST010065,12192,0.0663,808.33
CUST010066,93432,0.693,64748.38
CUST010067,76500,0.3112,23806.8
CUST010068,58092,0.0722,4194.24
CUST010069,59664,0.3455,20613.91
CUST010070,83676,0.364,30458.06
CUST010071,94596,0.8994,85079.64
CUST010072,11664,0.2925,3411.72
CUST010073,145200,0.6036,87642.72
CUST010074,20040,0.6484,12993.94
CUST010075,3360,0.2761,927.7
CUST010076,12072,0.586,7074.19
CUST010077,56292,0.8993,50623.4
CUST010078,8568,0.7709,6605.07
CUST010079,29064,0.7724,22449.03
CUST010080,1920,0.6292,1208.06
CUST010081,6732,0.7977,5370.12
CUST010082,19836,0.5966,11834.16
CUST010083,159096,0.7746,123235.76
CUST010084,20676,0.2837,5865.78
CUST010085,14664,0.3699,5424.21
CUST010086,62808,0.0735,4616.39
CUST010087,72408,0.2618,18956.41
CUST010088,19980,0.246,4915.08
CUST010089,22968,0.2185,5018.51
CUST010090,77796,0.6344,49353.78
CUST010091,22956,0.0685,1572.49
CUST010092,19032,0.9232,17570.34
CUST010093,15252,0.417,6360.08
CUST010094,24300,0.1817,4415.31
CUST010095,41304,0.5048,20850.26
CUST010096,50688,0.3744,18977.59
CUST010097,21180,0.4979,10545.52
CUST010098,8172,0.4954,4048.41
CUST010099,47988,0.3442,16517.47
CUST010100,43248,0.1565,6768.31
CUST010101,1776,0.6326,1123.5
CUST010102,7932,0.8439,6693.81
CUST010103,57408,0.5281,30317.16
CUST010104,74400,0.5465,40659.6
CUST010105,194076,0.1236,23987.79
CUST010106,45480,0.5529,25145.89
CUST010107,40356,0.1497,6041.29
CUST010108,46656,0.1547,7217.68
CUST010109,88680,0.8885,78792.18
CUST010110,8844,0.5085,4497.17
CUST010111,62388,0.2766,17256.52
CUST010112,150876,0.7841,118301.87
CUST010113,8856,0.6759,5985.77
CUST010114,80376,0.896,72016.9
CUST010115,8280,0.0801,663.23
CUST010116,113352,0.5279,59838.52
CUST010117,12312,0.4281,5270.77
CUST010118,176856,0.0773,13670.97
CUST010119,84204,0.0486,4092.31
CUST010120,1452,0.8901,1292.43
CUST010121,34008,0.3755,12770.0
CUST010122,207312,0.1635,33895.51
CUST010123,24324,0.5946,14463.05
CUST010124,5772,0.7817,4511.97
CUST010125,285756,0.7517,214802.79
CUST010126,82656,0.6206,51296.31
CUST010127,5580,0.4188,2336.9
CUST010128,20400,0.3997,8153.88
CUST010129,184368,0.2482,45760.14
CUST010130,14028,0.3552,4982.75
CUST010131,44472,0.9219,40998.74
CUST010132,187512,0.9248,173411.1
CUST010133,30708,0.8423,25865.35
CUST010134,13572,0.2466,3346.86
CUST010135,23520,0.1913,4499.38
CUST010136,9612,0.2609,2507.77
CUST010137,16536,0.3068,5073.24
CUST010138,6504,0.275,1788.6
CUST010139,57864,0.1098,6353.47
CUST010140,188868,0.6584,124350.69
CUST010141,18816,0.6466,12166.43
CUST010142,43908,0.0627,2753.03
CUST010143,22404,0.9398,21055.28
CUST010144,36036,0.5596,20165.75
CUST010145,62184,0.1361,8463.24
CUST010146,2064,0.3546,731.89
CUST010147,23544,0.4223,9942.63
CUST010148,22272,0.3795,8452.22
CUST010149,52596,0.5462,28727.94
CUST010150,90636,0.743,67342.55
CUST010151,9948,0.2076,2065.2
CUST010152,3768,0.7438,2802.64
CUST010153,50112,0.0323,1618.62
CUST010154,18660,0.689,12856.74
CUST010155,189480,0.7983,151261.88
CUST010156,108024,0.3636,39277.53
CUST010157,35568,0.8355,29717.06
CUST010158,228636,0.0924,21125.97
CUST010159,10392,0.6771,7036.42
CUST010160,103344,0.7904,81683.1
CUST010161,55824,0.0345,1925.93
CUST010162,12672,0.9456,11982.64
CUST010163,27048,0.1101,2977.98
CUST010164,85236,0.1062,9052.06
CUST010165,21912,0.1317,2885.81
CUST010166,31332,0.5197,16283.24
CUST010167,86604,0.8983,77796.37
CUST010168,12948,0.2811,3639.68
CUST010169,263472,0.6689,176236.42
CUST010170,45840,0.538,24661.92
CUST010171,131508,0.7889,103746.66
CUST010172,72492,0.6539,47402.52
CUST010173,10176,0.3436,3496.47
CUST010174,2976,0.4196,1248.73
CUST010175,16908,0.1445,2443.21
CUST010176,203160,0.5941,120697.36
CUST010177,108216,0.6788,73457.02
CUST010178,15984,0.0447,714.48
CUST010179,97056,0.9013,87476.57
CUST010180,15216,0.6182,9406.53
CUST010181,10236,0.7722,7904.24
CUST010182,1800,0.5797,1043.46
CUST010183,20928,0.1678,3511.72
CUST010184,84636,0.2056,17401.16
CUST010185,14136,0.8469,11971.78
CUST010186,23988,0.7295,17499.25
CUST010187,212568,0.6712,142675.64
CUST010188,50484,0.4574,23091.38
CUST010189,264360,0.5326,140798.14
CUST010190,149040,0.4427,65980.01
CUST010191,6324,0.4313,2727.54
CUST010192,14592,0.0522,761.7
CUST010193,4380,0.4454,1950.85
CUST010194,23364,0.8023,18744.94
CUST010195,73020,0.051,3724.02
CUST010196,242208,0.0122,2954.94
CUST010197,14592,0.3144,4587.72
CUST010198,189180,0.5314,100530.25
CUST010199,159264,0.4038,64310.8
CUST010200,11340,0.4974,5640.52
CUST010201,22788,0.3191,7271.65
CUST010202,70692,0.3973,28085.93
CUST010203,81960,0.2794,22899.62
CUST010204,30624,0.5105,15633.55
CUST010205,105096,0.2881,30278.16
CUST010206,11256,0.8727,9823.11
CUST010207,6936,0.8305,5760.35
CUST010208,7488,0.4009,3001.94
CUST010209,179400,0.3045,54627.3
CUST010210,16620,0.3111,5170.48
CUST010211,10248,0.2614,2678.83
CUST010212,79368,0.8573,68042.19
CUST010213,43956,0.1297,5701.09
CUST010214,219600,0.2525,55449.0
CUST010215,20196,0.4849,9793.04
CUST010216,22812,0.5741,13096.37
CUST010217,257244,0.1983,51011.49
CUST010218,127764,0.135,17248.14
CUST010219,13596,0.5185,7049.53
CUST010220,22632,0.3545,8023.04
CUST010221,81660,0.2778,22685.15
CUST010222,4980,0.6606,3289.79
CUST010223,60336,0.1354,8169.49
CUST010224,2508,0.8383,2102.46
CUST010225,9864,0.7667,7562.73
CUST010226,7692,0.4577,3520.63
CUST010227,204936,0.9272,190016.66
CUST010228,8640,0.2963,2560.03
CUST010229,3972,0.1558,618.84
CUST010230,16140,0.5755,9288.57
CUST010231,15456,0.0117,180.84
CUST010232,22992,0.8941,20557.15
CUST010233,104628,0.1894,19816.54
CUST010234,32820,0.8518,27956.08
CUST010235,90780,0.5686,51617.51
CUST010236,61404,0.3077,18894.01
CUST010237,17112,0.0581,994.21
CUST010238,18444,0.1784,3290.41
CUST010239,21684,0.6085,13194.71
CUST010240,19956,0.1795,3582.1
CUST010241,23748,0.3935,9344.84
CUST010242,21720,0.0153,332.32
CUST010243,71676,0.4833,34641.01
CUST010244,15384,0.2808,4319.83
CUST010245,283272,0.7342,207978.3
CUST010246,5076,0.4084,2073.04
CUST010247,22812,0.7214,16456.58
CUST010248,90780,0.5181,47033.12
CUST010249,2748,0.8914,2449.57
CUST010250,13788,0.8673,11958.33
CUST010251,239448,0.6356,152193.15
CUST010252,131388,0.4638,60937.75
CUST010253,7152,0.0198,141.61
CUST010254,47388,0.1634,7743.2
CUST010255,90828,0.861,78202.91
CUST010256,120900,0.7179,86794.11
CUST010257,3972,0.2709,1076.01
CUST010258,61572,0.5578,34344.86
CUST010259,20256,0.1784,3613.67
CUST010260,1608,0.8863,1425.17
CUST010261,15216,0.1446,2200.23
CUST010262,1764,0.2565,452.47
CUST010263,51936,0.5151,26752.23
CUST010264,44568,0.7161,31915.14
CUST010265,126300,0.3746,47311.98
CUST010266,140412,0.3792,53244.23
CUST010267,21276,0.4781,10172.06
CUST010268,283380,0.1081,30633.38
CUST010269,67056,0.5785,38791.9
CUST010270,13416,0.85,11403.6
CUST010271,8508,0.6586,5603.37
CUST010272,19200,0.6858,13167.36
CUST010273,61008,0.7807,47628.95
CUST010274,56640,0.5916,33508.22
CUST010275,136272,0.0411,5600.78
CUST010276,3264,0.2885,941.66
CUST010277,19176,0.289,5541.86
CUST010278,36204,0.0626,2266.37
CUST010279,83904,0.4205,35281.63
CUST010280,4080,0.1295,528.36
CUST010281,8616,0.0401,345.5
CUST010282,11832,0.9405,11128.0
CUST010283,5724,0.2921,1671.98
CUST010284,10332,0.8895,9190.31
CUST010285,6756,0.3465,2340.95
CUST010286,8724,0.3454,3013.27
CUST010287,27636,0.1505,4159.22
CUST010288,17688,0.4739,8382.34
CUST010289,91524,0.4331,39639.04
CUST010290,1284,0.9042,1160.99
CUST010291,14040,0.4328,6076.51
CUST010292,12048,0.3459,4167.4
CUST010293,15168,0.5316,8063.31
CUST010294,65844,0.3225,21234.69
CUST010295,86088,0.5302,45643.86
CUST010296,185040,0.8883,164371.03
CUST010297,58944,0.3567,21025.32
CUST010298,34308,0.7901,27106.75
CUST010299,14664,0.7508,11009.73
CUST010300,8952,0.9169,8208.09
CUST010301,220908,0.3876,85623.94
CUST010302,11856,0.0677,802.65
CUST010303,29220,0.1172,3424.58
CUST010304,5040,0.2945,1484.28
CUST010305,23784,0.1562,3715.06
CUST010306,7752,0.559,4333.37
CUST010307,94764,0.9113,86358.43
CUST010308,44052,0.496,21849.79
CUST010309,81528,0.6793,55381.97
CUST010310,71280,0.3409,24299.35
CUST010311,51408,0.5151,26480.26
CUST010312,121644,0.9177,111632.7
CUST010313,3312,0.77,2550.24
CUST010314,128388,0.5824,74773.17
CUST010315,75372,0.0948,7145.27
CUST010316,78960,0.2318,18302.93
CUST010317,45780,0.9062,41485.84
CUST010318,12564,0.5666,7118.76
CUST010319,36852,0.401,14777.65
CUST010320,9480,0.9356,8869.49
CUST010321,18120,0.1344,2435.33
CUST010322,34464,0.9481,32675.32
CUST010323,2892,0.7796,2254.6
CUST010324,197868,0.2288,45272.2
CUST010325,48060,0.2123,10203.14
CUST010326,15156,0.0515,780.53
CUST010327,10140,0.2858,2898.01
CUST010328,13824,0.4995,6905.09
CUST010329,65520,0.9108,59675.62
CUST010330,24660,0.7554,18628.16
CUST010331,35280,0.2876,10146.53
CUST010332,18996,0.2643,5020.64
CUST010333,21960,0.8522,18714.31
CUST010334,36552,0.8237,30107.88
CUST010335,204816,0.8773,179685.08
CUST010336,20556,0.8406,17279.37
CUST010337,23880,0.0581,1387.43
CUST010338,16956,0.5328,9034.16
CUST010339,19500,0.5327,10387.65
CUST010340,19560,0.274,5359.44
CUST010341,8580,0.1319,1131.7
CUST010342,19656,0.3042,5979.36
CUST010343,54744,0.1221,6684.24
CUST010344,67536,0.3028,20449.9
CUST010345,214872,0.4515,97014.71
CUST010346,58080,0.5775,33541.2
CUST010347,13464,0.8384,11288.22
CUST010348,17220,0.735,12656.7
CUST010349,19176,0.3021,5793.07
CUST010350,17244,0.249,4293.76
CUST010351,12564,0.6521,8192.98
CUST010352,7404,0.1623,1201.67
CUST010353,18336,0.3556,6520.28
CUST010354,87708,0.749,65693.29
CUST010355,219504,0.623,136750.99
CUST010356,87756,0.5228,45878.84
CUST010357,11316,0.4301,4867.01
CUST010358,210324,0.4256,89513.89
CUST010359,45600,0.8849,40351.44
CUST010360,39012,0.1717,6698.36
CUST010361,11976,0.1518,1817.96
CUST010362,55536,0.3866,21470.22
CUST010363,39636,0.0483,1914.42
CUST010364,21336,0.6355,13559.03
CUST010365,21276,0.4535,9648.67
CUST010366,289308,0.2663,77042.72
CUST010367,4440,0.671,2979.24
CUST010368,16428,0.6767,11116.83
CUST010369,22200,0.1493,3314.46
CUST010370,29832,0.773,23060.14
CUST010371,3996,0.777,3104.89
CUST010372,24732,0.1703,4211.86
CUST010373,90984,0.3824,34792.28
CUST010374,80532,0.3398,27364.77
CUST010375,15084,0.6793,10246.56
CUST010376,17112,0.3142,5376.59
CUST010377,114552,0.1244,14250.27
CUST010378,92232,0.8356,77069.06
CUST010379,174636,0.1633,28518.06
CUST010380,4632,0.836,3872.35
CUST010381,18864,0.4021,7585.21
CUST010382,156540,0.8515,133293.81
CUST010383,107232,0.068,7291.78
CUST010384,24924,0.7418,18488.62
CUST010385,70980,0.6551,46499.0
CUST010386,20952,0.2511,5261.05
CUST010387,50868,0.0943,4796.85
CUST010388,8520,0.0597,508.64
CUST010389,16008,0.514,8228.11
CUST010390,182016,0.8473,154222.16
CUST010391,33852,0.3669,12420.3
CUST010392,13152,0.1776,2335.8
CUST010393,44304,0.0938,4155.72
CUST010394,2256,0.6161,1389.92
CUST010395,84072,0.8766,73697.52
CUST010396,95052,0.7761,73769.86
CUST010397,60192,0.6659,40081.85
CUST010398,7752,0.8663,6715.56
CUST010399,193224,0.5166,99819.52
CUST010400,31104,0.4039,12562.91
CUST010401,61284,0.5965,36555.91
CUST010402,259644,0.0767,19914.69
CUST010403,2892,0.9051,2617.55
CUST010404,9912,0.2214,2194.52
CUST010405,7092,0.1282,909.19
CUST010406,12144,0.8685,10547.06
CUST010407,6792,0.8154,5538.2
CUST010408,15300,0.1068,1634.04
CUST010409,27072,0.0582,1575.59
CUST010410,255252,0.9001,229752.33
CUST010411,21504,0.8109,17437.59
CUST010412,3084,0.7457,2299.74
CUST010413,25992,0.657,17076.74
CUST010414,74856,0.1213,9080.03
CUST010415,178608,0.2565,45812.95
CUST010416,12396,0.7856,9738.3
CUST010417,76284,0.4002,30528.86
CUST010418,40572,0.6719,27260.33
CUST010419,138696,0.7624,105741.83
CUST010420,281976,0.0981,27661.85
CUST010421,7740,0.3214,2487.64
CUST010422,12396,0.2039,2527.54
CUST010423,10932,0.3104,3393.29
CUST010424,12948,0.6957,9007.92
CUST010425,279420,0.8045,224793.39
CUST010426,60708,0.5058,30706.11
CUST010427,47856,0.9264,44333.8
CUST010428,286812,0.3588,102908.15
CUST010429,2820,0.6552,1847.66
CUST010430,86688,0.2148,18620.58
CUST010431,65280,0.8104,52902.91
CUST010432,42336,0.0293,1240.44
CUST010433,77412,0.6669,51626.06
CUST010434,14736,0.4889,7204.43
CUST010435,26208,0.862,22591.3
CUST010436,276180,0.226,62416.68
CUST010437,14904,0.7468,11130.31
CUST010438,11172,0.3505,3915.79
CUST010439,33180,0.045,1493.1
CUST010440,15540,0.4695,7296.03
CUST010441,74100,0.9457,70076.37
CUST010442,68484,0.7221,49452.3
CUST010443,17172,0.0522,896.38
CUST010444,20412,0.0666,1359.44
CUST010445,185472,0.7167,132927.78
CUST010446,6696,0.4778,3199.35
CUST010447,23064,0.7145,16479.23
CUST010448,3000,0.4798,1439.4
CUST010449,65148,0.3717,24215.51
CUST010450,2376,0.3683,875.08
CUST010451,21024,0.1289,2709.99
CUST010452,111276,0.539,59977.76
CUST010453,18816,0.424,7977.98
CUST010454,19308,0.0105,202.73
CUST010455,9240,0.5119,4729.96
CUST010456,5184,0.1794,930.01
CUST010457,197340,0.853,168331.02
CUST010458,65340,0.2509,16393.81
CUST010459,20268,0.7607,15417.87
CUST010460,224712,0.5208,117030.01
CUST010461,30108,0.0514,1547.55
CUST010462,14652,0.307,4498.16
CUST010463,265572,0.8625,229055.85
CUST010464,16128,0.7383,11907.3
CUST010465,31440,0.693,21787.92
CUST010466,21156,0.3384,7159.19
CUST010467,17412,0.6342,11042.69
CUST010468,2868,0.8334,2390.19
CUST010469,30072,0.4214,12672.34
CUST010470,11592,0.5655,6555.28
CUST010471,47232,0.4032,19043.94
CUST010472,52596,0.6681,35139.39
CUST010473,295728,0.0628,18571.72
CUST010474,87324,0.8088,70627.65
CUST010475,43920,0.2853,12530.38
CUST010476,13644,0.4294,5858.73
CUST010477,41112,0.519,21337.13
CUST010478,8988,0.4553,4092.24
CUST010479,24288,0.0364,884.08
CUST010480,3600,0.5221,1879.56
CUST010481,9132,0.1168,1066.62
CUST010482,21492,0.4326,9297.44
CUST010483,140448,0.0258,3623.56
CUST010484,59664,0.2355,14050.87
CUST010485,12864,0.7412,9534.8
CUST010486,13380,0.3767,5040.25
CUST010487,45168,0.4791,21639.99
CUST010488,41160,0.9487,39048.49
CUST010489,62040,0.1436,8908.94
CUST010490,10932,0.2382,2604.0
CUST010491,12348,0.8959,11062.57
CUST010492,192240,0.4199,80721.58
CUST010493,11808,0.2827,3338.12
CUST010494,16104,0.4116,6628.41
CUST010495,14184,0.2102,2981.48
CUST010496,51480,0.0475,2445.3
CUST010497,30576,0.5785,17688.22
CUST010498,20808,0.2364,4919.01
CUST010499,10680,0.0489,522.25
CUST010500,117264,0.8961,105080.27
CUST010501,7368,0.8384,6177.33
CUST010502,9144,0.7632,6978.7
CUST010503,10716,0.8789,9418.29
CUST010504,9036,0.3569,3224.95
CUST010505,111888,0.6077,67994.34
CUST010506,2748,0.6397,1757.9
CUST010507,20604,0.102,2101.61
CUST010508,7572,0.2963,2243.58
CUST010509,18036,0.8104,14616.37
CUST010510,74520,0.6199,46194.95
CUST010511,33636,0.7714,25946.81
CUST010512,14844,0.3494,5186.49
CUST010513,35340,0.1224,4325.62
CUST010514,18252,0.2926,5340.54
CUST010515,6924,0.0193,133.63
CUST010516,28188,0.4257,11999.63
CUST010517,107856,0.8927,96283.05
CUST010518,166428,0.9271,154295.4
CUST010519,18324,0.4664,8546.31
CUST010520,58188,0.5287,30764.0
CUST010521,13608,0.0773,1051.9
CUST010522,1260,0.7735,974.61
CUST010523,166848,0.3498,58363.43
CUST010524,251352,0.6968,175142.07
CUST010525,66108,0.3864,25544.13
CUST010526,115320,0.0354,4082.33
CUST010527,6156,0.8984,5530.55
CUST010528,30384,0.9092,27625.13
CUST010529,14940,0.9354,13974.88
CUST010530,247812,0.486,120436.63
CUST010531,53568,0.3312,17741.72
CUST010532,3768,0.1746,657.89
CUST010533,94512,0.705,66630.96
CUST010534,42156,0.9277,39108.12
CUST010535,9444,0.1154,1089.84
CUST010536,15600,0.0956,1491.36
CUST010537,44316,0.4429,19627.56
CUST010538,15084,0.6846,10326.51
CUST010539,115992,0.9265,107466.59
CUST010540,71340,0.1901,13561.73
CUST010541,248748,0.4774,118752.3
CUST010542,124260,0.9065,112641.69
CUST010543,232176,0.8156,189362.75
CUST010544,9444,0.3108,2935.2
CUST010545,85224,0.3498,29811.36
CUST010546,8856,0.2805,2484.11
CUST010547,53448,0.2804,14986.82
CUST010548,85236,0.4318,36804.9
CUST010549,3264,0.871,2842.94
CUST010550,108396,0.2939,31857.58
CUST010551,54468,0.32,17429.76
CUST010552,6588,0.2029,1336.71
CUST010553,11688,0.811,9478.97
CUST010554,8352,0.5563,4646.22
CUST010555,14640,0.2969,4346.62
CUST010556,79860,0.856,68360.16
CUST010557,79644,0.0292,2325.6
CUST010558,53604,0.547,29321.39
CUST010559,232284,0.5129,119138.46
CUST010560,2880,0.3567,1027.3
CUST010561,211164,0.1383,29203.98
CUST010562,16284,0.6098,9929.98
CUST010563,250128,0.5033,125889.42
CUST010564,58632,0.3016,17683.41
CUST010565,98556,0.1409,13886.54
CUST010566,1716,0.0236,40.5
CUST010567,136884,0.5197,71138.61
CUST010568,74100,0.0303,2245.23
CUST010569,6708,0.0388,260.27
CUST010570,85608,0.2169,18568.38
CUST010571,149460,0.1942,29025.13
CUST010572,8196,0.4491,3680.82
CUST010573,22992,0.6427,14776.96
CUST010574,5160,0.2421,1249.24
CUST010575,99468,0.4087,40652.57
CUST010576,18024,0.5137,9258.93
CUST010577,17220,0.131,2255.82
CUST010578,78192,0.1605,12549.82
CUST010579,12732,0.913,11624.32
CUST010580,120744,0.3755,45339.37
CUST010581,18780,0.3898,7320.44
CUST010582,63264,0.287,18156.77
CUST010583,79944,0.1868,14933.54
CUST010584,12660,0.6697,8478.4
CUST010585,5964,0.6563,3914.17
CUST010586,45300,0.422,19116.6
CUST010587,194244,0.6718,130493.12
CUST010588,13560,0.3526,4781.26
CUST010589,27912,0.7125,19887.3
CUST010590,4308,0.7226,3112.96
CUST010591,44664,0.107,4779.05
CUST010592,23760,0.4924,11699.42
CUST010593,59172,0.84,49704.48
CUST010594,16596,0.9036,14996.15
CUST010595,211020,0.0179,3777.26
CUST010596,11088,0.2064,2288.56
CUST010597,88848,0.2635,23411.45
CUST010598,4680,0.3779,1768.57
CUST010599,16368,0.3701,6057.8
CUST010600,32328,0.2425,7839.54
CUST010601,19032,0.2119,4032.88
CUST010602,3708,0.3969,1471.71
CUST010603,30720,0.6103,18748.42
CUST010604,23808,0.828,19713.02
CUST010605,74772,0.0887,6632.28
CUST010606,1476,0.3216,474.68
CUST010607,221688,0.369,81802.87
CUST010608,15276,0.6387,9756.78
CUST010609,43200,0.476,20563.2
CUST010610,63348,0.8445,53497.39
CUST010611,64128,0.7134,45748.92
CUST010612,245628,0.3041,74695.47
CUST010613,20772,0.0552,1146.61
CUST010614,41568,0.05,2078.4
CUST010615,91428,0.0889,8127.95
CUST010616,65592,0.101,6624.79
CUST010617,87252,0.4718,41165.49
CUST010618,71016,0.0678,4814.88
CUST010619,87804,0.1915,16814.47
CUST010620,86304,0.2478,21386.13
CUST010621,247728,0.6391,158322.96
CUST010622,89844,0.9279,83366.25
CUST010623,20940,0.4924,10310.86
CUST010624,22284,0.4225,9414.99
CUST010625,15324,0.4361,6682.8
CUST010626,23784,0.8818,20972.73
CUST010627,20868,0.8455,17643.89
CUST010628,3732,0.108,403.06
CUST010629,5640,0.1351,761.96
CUST010630,58284,0.4011,23377.71
CUST010631,6204,0.886,5496.74
CUST010632,5712,0.7983,4559.89
CUST010633,234564,0.4021,94318.18
CUST010634,21744,0.249,5414.26
CUST010635,17328,0.7973,13815.61
CUST010636,82812,0.4838,40064.45
CUST010637,20088,0.2229,4477.62
CUST010638,10680,0.7357,7857.28
CUST010639,34068,0.4684,15957.45
CUST010640,6444,0.4451,2868.22
CUST010641,17436,0.9121,15903.38
CUST010642,16380,0.3378,5533.16
CUST010643,12360,0.6463,7988.27
CUST010644,195540,0.0209,4086.79
CUST010645,8304,0.573,4758.19
CUST010646,11316,0.8272,9360.6
CUST010647,88848,0.9164,81420.31
CUST010648,76524,0.1641,12557.59
CUST010649,186288,0.2996,55811.88
CUST010650,292560,0.8437,246832.87
CUST010651,288672,0.4367,126063.06
CUST010652,21564,0.0306,659.86
CUST010653,86124,0.7424,63938.46
CUST010654,45900,0.5472,25116.48
CUST010655,8832,0.352,3108.86
CUST010656,263064,0.0442,11627.43
CUST010657,43452,0.4632,20126.97
CUST010658,14856,0.0577,857.19
CUST010659,174648,0.6851,119651.34
CUST010660,19452,0.8849,17213.07
CUST010661,19092,0.7953,15183.87
CUST010662,87804,0.9375,82316.25
CUST010663,74256,0.802,59553.31
CUST010664,15900,0.651,10350.9
CUST010665,15120,0.3471,5248.15
CUST010666,79392,0.1703,13520.46
CUST010667,6240,0.3767,2350.61
CUST010668,2004,0.9177,1839.07
CUST010669,9864,0.2974,2933.55
CUST010670,268596,0.2097,56324.58
CUST010671,32772,0.6636,21747.5
CUST010672,67428,0.0328,2211.64
CUST010673,12396,0.7587,9404.85
CUST010674,3600,0.1586,570.96
CUST010675,3240,0.2647,857.63
CUST010676,228624,0.0812,18564.27
CUST010677,19020,0.0744,1415.09
CUST010678,215004,0.7773,167122.61
CUST010679,154380,0.6466,99822.11
CUST010680,8988,0.7314,6573.82
CUST010681,19548,0.8794,17190.51
CUST010682,5028,0.3772,1896.56
CUST010683,153168,0.2004,30694.87
CUST010684,39708,0.8455,33573.11
CUST010685,40164,0.8141,32697.51
CUST010686,3420,0.2232,763.34
CUST010687,7104,0.3892,2764.88
CUST010688,10392,0.6811,7077.99
CUST010689,220140,0.9404,207019.66
CUST010690,10452,0.9311,9731.86
CUST010691,72936,0.6878,50165.38
CUST010692,24036,0.1907,4583.67
CUST010693,2172,0.1891,410.73
CUST010694,2352,0.4991,1173.88
CUST010695,26328,0.8069,21244.06
CUST010696,32724,0.0486,1590.39
CUST010697,3624,0.2125,770.1
CUST010698,3084,0.4276,1318.72
CUST010699,19080,0.5228,9975.02
CUST010700,276132,0.8522,235319.69
CUST010701,7356,0.8663,6372.5
CUST010702,18360,0.1764,3238.7
CUST010703,173460,0.4895,84908.67
CUST010704,20628,0.939,19369.69
CUST010705,14724,0.6659,9804.71
CUST010706,1608,0.5216,838.73
CUST010707,18036,0.6871,12392.54
CUST010708,249024,0.917,228355.01
CUST010709,8292,0.0515,427.04
CUST010710,11232,0.1122,1260.23
CUST010711,14196,0.5905,8382.74
CUST010712,93876,0.0292,2741.18
CUST010713,61944,0.8371,51853.32
CUST010714,211536,0.7295,154315.51
CUST010715,33816,0.6436,21763.98
CUST010716,12384,0.2009,2487.95
CUST010717,107040,0.4672,50009.09
CUST010718,82548,0.1362,11243.04
CUST010719,3588,0.6022,2160.69
CUST010720,19824,0.9468,18769.36
CUST010721,22656,0.8062,18265.27
CUST010722,4320,0.5171,2233.87
CUST010723,21036,0.8166,17178.0
CUST010724,30444,0.1127,3431.04
CUST010725,101496,0.3661,37157.69
CUST010726,9108,0.349,3178.69
CUST010727,182760,0.8037,146884.21
CUST010728,3312,0.7388,2446.91
CUST010729,3936,0.4837,1903.84
CUST010730,94668,0.3378,31978.85
CUST010731,1896,0.1522,288.57
CUST010732,287160,0.3315,95193.54
CUST010733,53844,0.5152,27740.43
CUST010734,41508,0.1083,4495.32
CUST010735,7476,0.8658,6472.72
CUST010736,10500,0.038,399.0
CUST010737,4716,0.3457,1630.32
CUST010738,4056,0.2894,1173.81
CUST010739,12984,0.2611,3390.12
CUST010740,14520,0.1668,2421.94
CUST010741,55476,0.0736,4083.03
CUST010742,3024,0.3051,922.62
CUST010743,8976,0.568,5098.37
CUST010744,18696,0.2665,4982.48
CUST010745,92100,0.8282,76277.22
CUST010746,2772,0.785,2176.02
CUST010747,67548,0.3335,22527.26
CUST010748,81876,0.6291,51508.19
CUST010749,162756,0.5192,84502.92
CUST010750,65628,0.7326,48079.07
CUST010751,91140,0.2134,19449.28
CUST010752,23820,0.7395,17614.89
CUST010753,86304,0.459,39613.54
CUST010754,17868,0.1982,3541.44
CUST010755,68424,0.6021,41198.09
CUST010756,57960,0.4627,26818.09
CUST010757,35292,0.5862,20688.17
CUST010758,13176,0.2744,3615.49
CUST010759,176172,0.0922,16243.06
CUST010760,4188,0.0774,324.15
CUST010761,45480,0.1633,7426.88
CUST010762,7872,0.1166,917.88
CUST010763,12468,0.2181,2719.27
CUST010764,5664,0.6671,3778.45
CUST010765,36516,0.7104,25940.97
CUST010766,68520,0.3158,21638.62
CUST010767,262368,0.9402,246678.39
CUST010768,13512,0.8043,10867.7
CUST010769,15876,0.3146,4994.59
CUST010770,12396,0.7802,9671.36
CUST010771,5136,0.5177,2658.91
CUST010772,233508,0.5288,123479.03
CUST010773,244800,0.6605,161690.4
CUST010774,5520,0.5611,3097.27
CUST010775,12060,0.855,10311.3
CUST010776,11484,0.103,1182.85
CUST010777,4704,0.057,268.13
CUST010778,131340,0.2132,28001.69
CUST010779,9252,0.2299,2127.03
CUST010780,94116,0.6552,61664.8
CUST010781,11796,0.4433,5229.17
CUST010782,191568,0.6776,129806.48
CUST010783,15048,0.852,12820.9
CUST010784,89232,0.6561,58545.12
CUST010785,22848,0.1713,3913.86
CUST010786,20568,0.7713,15864.1
CUST010787,110748,0.9351,103560.45
CUST010788,16956,0.4995,8469.52
CUST010789,78072,0.1341,10469.46
CUST010790,93840,0.5322,49941.65
CUST010791,48924,0.1914,9364.05
CUST010792,22620,0.4932,11156.18
CUST010793,7296,0.4943,3606.41
CUST010794,6240,0.123,767.52
CUST010795,33540,0.5863,19664.5
CUST010796,42336,0.1699,7192.89
CUST010797,23652,0.9049,21402.69
CUST010798,273852,0.8821,241564.85
CUST010799,13728,0.1307,1794.25
CUST010800,78360,0.1237,9693.13
CUST010801,18660,0.8378,15633.35
CUST010802,14628,0.2413,3529.74
CUST010803,92688,0.0257,2382.08
CUST010804,7584,0.2613,1981.7
CUST010805,11256,0.1972,2219.68
CUST010806,258492,0.7727,199736.77
CUST010807,14112,0.6043,8527.88
CUST010808,21624,0.6551,14165.88
CUST010809,142896,0.172,24578.11
CUST010810,13860,0.2572,3564.79
CUST010811,5412,0.4149,2245.44
CUST010812,18636,0.5801,10810.74
CUST010813,253800,0.728,184766.4
CUST010814,23772,0.2711,6444.59
CUST010815,3180,0.8276,2631.77
CUST010816,9804,0.6395,6269.66
CUST010817,19812,0.5486,10868.86
CUST010818,87288,0.3233,28220.21
CUST010819,83940,0.8061,67664.03
CUST010820,41052,0.7017,28806.19
CUST010821,207696,0.3954,82123.0
CUST010822,60492,0.4123,24940.85
CUST010823,91080,0.4179,38062.33
CUST010824,15936,0.6065,9665.18
CUST010825,279096,0.8024,223946.63
CUST010826,169524,0.5289,89661.24
CUST010827,116868,0.045,5259.06
CUST010828,32196,0.4689,15096.7
CUST010829,22932,0.2622,6012.77
CUST010830,3204,0.8088,2591.4
CUST010831,8244,0.3713,3061.0
CUST010832,11628,0.3759,4370.97
CUST010833,30696,0.3189,9788.95
CUST010834,150636,0.0917,13813.32
CUST010835,17304,0.8683,15025.06
CUST010836,5976,0.6218,3715.88
CUST010837,15228,0.773,11771.24
CUST010838,22788,0.1356,3090.05
CUST010839,43476,0.5601,24350.91
CUST010840,10812,0.6028,6517.47
CUST010841,6168,0.7117,4389.77
CUST010842,27792,0.4832,13429.09
CUST010843,25044,0.4503,11277.31
CUST010844,57672,0.8801,50757.13
CUST010845,14328,0.9278,13293.52
CUST010846,32100,0.7853,25208.13
CUST010847,34680,0.0532,1844.98
CUST010848,57060,0.875,49927.5
CUST010849,177600,0.7695,136663.2
CUST010850,68916,0.8459,58296.04
CUST010851,19140,0.177,3387.78
CUST010852,38592,0.1124,4337.74
CUST010853,22032,0.4229,9317.33
CUST010854,31752,0.3073,9757.39
CUST010855,41472,0.7354,30498.51
CUST010856,87000,0.2629,22872.3
CUST010857,21372,0.2581,5516.11
CUST010858,118884,0.4161,49467.63
CUST010859,95292,0.2587,24652.04
CUST010860,246612,0.2842,70087.13
CUST010861,1572,0.5537,870.42
CUST010862,10344,0.3168,3276.98
CUST010863,4728,0.1013,478.95
CUST010864,33180,0.7887,26169.07
CUST010865,17412,0.7714,13431.62
CUST010866,60696,0.1288,7817.64
CUST010867,58104,0.3499,20330.59
CUST010868,14664,0.1678,2460.62
CUST010869,9636,0.7047,6790.49
CUST010870,95640,0.2951,28223.36
CUST010871,71604,0.6731,48196.65
CUST010872,163308,0.2797,45677.25
CUST010873,11256,0.4626,5207.03
CUST010874,70764,0.2771,19608.7
CUST010875,80592,0.7978,64296.3
CUST010876,18816,0.7251,13643.48
CUST010877,9516,0.1921,1828.02
CUST010878,5388,0.273,1470.92
CUST010879,76020,0.1116,8483.83
CUST010880,9732,0.0735,715.3
CUST010881,46572,0.1908,8885.94
CUST010882,7836,0.8547,6697.43
CUST010883,3036,0.1494,453.58
CUST010884,12276,0.1537,1886.82
CUST010885,23280,0.8855,20614.44
CUST010886,57564,0.0656,3776.2
CUST010887,296220,0.0493,14603.65
CUST010888,2256,0.8421,1899.78
CUST010889,113160,0.502,56806.32
CUST010890,10788,0.9202,9927.12
CUST010891,13152,0.4391,5775.04
CUST010892,16152,0.7928,12805.31
CUST010893,23448,0.3963,9292.44
CUST010894,67668,0.7075,47875.11
CUST010895,205392,0.1697,34855.02
CUST010896,14160,0.2848,4032.77
CUST010897,62124,0.7319,45468.56
CUST010898,210888,0.9246,194987.04
CUST010899,150864,0.1561,23549.87
CUST010900,8592,0.3969,3410.16
CUST010901,43704,0.8501,37152.77
CUST010902,87156,0.7078,61689.02
CUST010903,18048,0.7215,13021.63
CUST010904,1464,0.2699,395.13
CUST010905,19716,0.6786,13379.28
CUST010906,94188,0.302,28444.78
CUST010907,20244,0.7415,15010.93
CUST010908,55464,0.7571,41991.79
CUST010909,23892,0.8131,19426.59
CUST010910,58020,0.1503,8720.41
CUST010911,1524,0.2983,454.61
CUST010912,43488,0.7507,32646.44
CUST010913,17532,0.6888,12076.04
CUST010914,52536,0.0891,4680.96
CUST010915,139572,0.0232,3238.07
CUST010916,235884,0.0931,21960.8
CUST010917,21972,0.7712,16944.81
CUST010918,103188,0.7145,73727.83
CUST010919,59844,0.435,26032.14
CUST010920,150816,0.0794,11974.79
CUST010921,236916,0.7462,176786.72
CUST010922,177936,0.4363,77633.48
CUST010923,32652,0.5323,17380.66
CUST010924,149292,0.2057,30709.36
CUST010925,80880,0.7718,62423.18
CUST010926,280188,0.7189,201427.15
CUST010927,95676,0.4183,40021.27
CUST010928,56868,0.5005,28462.43
CUST010929,41460,0.393,16293.78
CUST010930,23172,0.2571,5957.52
CUST010931,205404,0.7829,160810.79
CUST010932,86016,0.1069,9195.11
CUST010933,24624,0.6228,15335.83
CUST010934,13428,0.8055,10816.25
CUST010935,62484,0.8652,54061.16
CUST010936,161904,0.3874,62721.61
CUST010937,54552,0.4394,23970.15
CUST010938,16140,0.1727,2787.38
CUST010939,12864,0.6572,8454.22
CUST010940,120012,0.3355,40264.03
CUST010941,41580,0.4167,17326.39
CUST010942,88464,0.2359,20868.66
CUST010943,187932,0.5555,104396.23
CUST010944,23748,0.3269,7763.22
CUST010945,4152,0.2309,958.7
CUST010946,73452,0.0397,2916.04
CUST010947,39600,0.821,32511.6
CUST010948,8256,0.8752,7225.65
CUST010949,92052,0.6242,57458.86
CUST010950,52620,0.3869,20358.68
CUST010951,21444,0.211,4524.68
CUST010952,63960,0.8025,51327.9
CUST010953,18828,0.4226,7956.71
CUST010954,2292,0.3499,801.97
CUST010955,80460,0.687,55276.02
CUST010956,41988,0.7067,29672.92
CUST010957,3672,0.0959,352.14
CUST010958,23928,0.4381,10482.86
CUST010959,80028,0.4471,35780.52
CUST010960,8100,0.4862,3938.22
CUST010961,16884,0.3393,5728.74
CUST010962,1968,0.8135,1600.97
CUST010963,3924,0.6555,2572.18
CUST010964,3792,0.073,276.82
CUST010965,4776,0.1111,530.61
CUST010966,7380,0.3715,2741.67
CUST010967,14268,0.1253,1787.78
CUST010968,201948,0.6808,137486.2
CUST010969,22704,0.2565,5823.58
CUST010970,192072,0.9033,173498.64
CUST010971,54132,0.4054,21945.11
CUST010972,10152,0.3372,3423.25
CUST010973,17508,0.6102,10683.38
CUST010974,94848,0.3936,37332.17
CUST010975,8664,0.678,5874.19
CUST010976,16584,0.0125,207.3
CUST010977,66240,0.1026,6796.22
CUST010978,13512,0.5409,7308.64
CUST010979,92760,0.0909,8431.88
CUST010980,166080,0.2724,45240.19
CUST010981,19176,0.6384,12241.96
CUST010982,13140,0.4961,6518.75
CUST010983,19512,0.4031,7865.29
CUST010984,91872,0.9168,84228.25
CUST010985,5388,0.3388,1825.45
CUST010986,20028,0.0312,624.87
CUST010987,7332,0.3762,2758.3
CUST010988,14304,0.3835,5485.58
CUST010989,109884,0.395,43404.18
CUST010990,22812,0.6056,13814.95
CUST010991,54444,0.0165,898.33
CUST010992,3300,0.7386,2437.38
CUST010993,52140,0.0488,2544.43
CUST010994,3876,0.0635,246.13
CUST010995,4680,0.6907,3232.48
CUST010996,4644,0.8558,3974.34
CUST010997,72804,0.0635,4623.05
CUST010998,75684,0.8564,64815.78
CUST010999,40020,0.6195,24792.39
CUST011000,7788,0.6756,5261.57
CUST011001,10068,0.0461,464.13
CUST011002,17256,0.227,3917.11
CUST011003,5160,0.6482,3344.71
CUST011004,172860,0.8551,147812.59
CUST011005,223776,0.1968,44039.12
CUST011006,8856,0.4968,4399.66
CUST011007,18012,0.9434,16992.52
CUST011008,73584,0.8461,62259.42
CUST011009,19452,0.3407,6627.3
CUST011010,6372,0.6646,4234.83
CUST011011,104976,0.751,78836.98
CUST011012,14952,0.867,12963.38
CUST011013,14532,0.1896,2755.27
CUST011014,201936,0.5869,118516.24
CUST011015,14280,0.5684,8116.75
CUST011016,3312,0.8243,2730.08
CUST011017,72228,0.3773,27251.62
CUST011018,263820,0.7049,185966.72
CUST011019,13428,0.5205,6989.27
CUST011020,12252,0.7747,9491.62
CUST011021,17028,0.5555,9459.05
CUST011022,17244,0.3769,6499.26
CUST011023,84264,0.7045,59363.99
CUST011024,11424,0.9383,10719.14
CUST011025,78084,0.1993,15562.14
CUST011026,21996,0.3431,7546.83
CUST011027,22248,0.4548,10118.39
CUST011028,115572,0.4064,46968.46
CUST011029,17988,0.9092,16354.69
CUST011030,122472,0.6657,81529.61
CUST011031,16764,0.025,419.1
CUST011032,45108,0.1971,8890.79
CUST011033,260352,0.4141,107811.76
CUST011034,12132,0.1673,2029.68
CUST011035,66732,0.4312,28774.84
CUST011036,75564,0.4621,34918.12
CUST011037,19800,0.3797,7518.06
CUST011038,3672,0.1589,583.48
CUST011039,21588,0.3142,6782.95
CUST011040,18984,0.2909,5522.45
CUST011041,75336,0.2169,16340.38
CUST011042,9288,0.2047,1901.25
CUST011043,140748,0.7015,98734.72
CUST011044,17208,0.4845,8337.28
CUST011045,256212,0.2728,69894.63
CUST011046,94980,0.6349,60302.8
CUST011047,40308,0.6886,27756.09
CUST011048,87708,0.113,9911.0
CUST011049,139284,0.5041,70213.06
CUST011050,19284,0.3787,7302.85
CUST011051,224508,0.1314,29500.35
CUST011052,21936,0.5713,12532.04
CUST011053,46452,0.2795,12983.33
CUST011054,13500,0.8387,11322.45
CUST011055,263148,0.1712,45050.94
CUST011056,192984,0.1145,22096.67
CUST011057,63876,0.2584,16505.56
CUST011058,77148,0.2786,21493.43
CUST011059,23472,0.3383,7940.58
CUST011060,9360,0.0353,330.41
CUST011061,7128,0.1314,936.62
CUST011062,14868,0.4363,6486.91
CUST011063,4500,0.0269,121.05
CUST011064,57636,0.0112,645.52
CUST011065,134796,0.7137,96203.91
CUST011066,9792,0.6649,6510.7
CUST011067,55452,0.8851,49080.57
CUST011068,19296,0.6656,12843.42
CUST011069,31116,0.7479,23271.66
CUST011070,1788,0.3806,680.51
CUST011071,75048,0.6645,49869.4
CUST011072,84480,0.926,78228.48
CUST011073,17688,0.5277,9333.96
CUST011074,15660,0.3635,5692.41
CUST011075,21276,0.6464,13752.81
CUST011076,69972,0.2504,17520.99
CUST011077,246240,0.392,96526.08
CUST011078,197616,0.8363,165266.26
CUST011079,12876,0.9296,11969.53
CUST011080,18312,0.4804,8797.08
CUST011081,46020,0.2785,12816.57
CUST011082,7752,0.1275,988.38
CUST011083,33864,0.706,23907.98
CUST011084,92796,0.2696,25017.8
CUST011085,61308,0.2951,18091.99
CUST011086,39780,0.8682,34537.0
CUST011087,8916,0.6919,6168.98
CUST011088,54972,0.065,3573.18
CUST011089,226212,0.2008,45423.37
CUST011090,16812,0.2873,4830.09
CUST011091,81372,0.7213,58693.62
CUST011092,53748,0.1822,9792.89
CUST011093,6912,0.3262,2254.69
CUST011094,36552,0.8746,31968.38
CUST011095,62040,0.2726,16912.1
CUST011096,41724,0.3172,13234.85
CUST011097,22692,0.8318,18875.21
CUST011098,86232,0.34,29318.88
CUST011099,81288,0.8151,66257.85
CUST011100,27924,0.4967,13869.85
CUST011101,146976,0.2253,33113.69
CUST011102,216732,0.4828,104638.21
CUST011103,14316,0.447,6399.25
CUST011104,95940,0.5958,57161.05
CUST011105,14484,0.6711,9720.21
CUST011106,235836,0.6886,162396.67
CUST011107,64968,0.7073,45951.87
CUST011108,21444,0.6737,14446.82
CUST011109,2388,0.4412,1053.59
CUST011110,46620,0.9221,42988.3
CUST011111,12588,0.6532,8222.48
CUST011112,40308,0.4293,17304.22
CUST011113,23448,0.1921,4504.36
CUST011114,8400,0.9127,7666.68
CUST011115,12852,0.0371,476.81
CUST011116,4848,0.4753,2304.25
CUST011117,143496,0.9319,133723.92
CUST011118,269964,0.5267,142190.04
CUST011119,10080,0.7739,7800.91
CUST011120,1464,0.3819,559.1
CUST011121,38712,0.2063,7986.29
CUST011122,242232,0.7534,182497.59
CUST011123,130848,0.7731,101158.59
CUST011124,88200,0.9058,79891.56
CUST011125,2808,0.6947,1950.72
CUST011126,67872,0.2601,17653.51
CUST011127,91116,0.3176,28938.44
CUST011128,12144,0.6145,7462.49
CUST011129,84852,0.0156,1323.69
CUST011130,15408,0.1592,2452.95
CUST011131,67704,0.7924,53648.65
CUST011132,18300,0.4515,8262.45
CUST011133,6468,0.445,2878.26
CUST011134,80124,0.2908,23300.06
CUST011135,22764,0.0792,1802.91
CUST011136,73836,0.6503,48015.55
CUST011137,265164,0.1735,46005.95
CUST011138,80676,0.234,18878.18
CUST011139,40860,0.9204,37607.54
CUST011140,14064,0.8463,11902.36
CUST011141,11244,0.3349,3765.62
CUST011142,14760,0.8677,12807.25
CUST011143,6612,0.2705,1788.55
CUST011144,24240,0.6576,15940.22
CUST011145,13920,0.2021,2813.23
CUST011146,211764,0.9405,199164.04
CUST011147,87024,0.9483,82524.86
CUST011148,113940,0.7828,89192.23
CUST011149,15984,0.5881,9400.19
CUST011150,17916,0.4896,8771.67
CUST011151,88032,0.7067,62212.21
CUST011152,21792,0.238,5186.5
CUST011153,17808,0.4713,8392.91
CUST011154,3600,0.1476,531.36
CUST011155,1224,0.7719,944.81
CUST011156,89556,0.443,39673.31
CUST011157,17088,0.8214,14036.08
CUST011158,18456,0.0684,1262.39
CUST011159,23412,0.3751,8781.84
CUST011160,78672,0.4099,32247.65
CUST011161,20280,0.6307,12790.6
CUST011162,18288,0.4649,8502.09
CUST011163,33600,0.2277,7650.72
CUST011164,18516,0.1414,2618.16
CUST011165,30708,0.9171,28162.31
CUST011166,28092,0.7485,21026.86
CUST011167,73164,0.664,48580.9
CUST011168,1512,0.0267,40.37
CUST011169,111360,0.3242,36102.91
CUST011170,80952,0.2576,20853.24
CUST011171,44076,0.1203,5302.34
CUST011172,21816,0.6026,13146.32
CUST011173,17808,0.1759,3132.43
CUST011174,231828,0.9171,212609.46
CUST011175,50916,0.3362,17117.96
CUST011176,6720,0.9426,6334.27
CUST011177,21660,0.0521,1128.49
CUST011178,89364,0.1311,11715.62
CUST011179,263172,0.3,78951.6
CUST011180,14448,0.0513,741.18
CUST011181,12252,0.2283,2797.13
CUST011182,15384,0.1498,2304.52
CUST011183,22764,0.8745,19907.12
CUST011184,11556,0.1063,1228.4
CUST011185,93912,0.7216,67766.9
CUST011186,6204,0.2233,1385.35
CUST011187,3648,0.5137,1873.98
CUST011188,65808,0.5218,34338.61
CUST011189,18024,0.6863,12369.87
CUST011190,10572,0.7583,8016.75
CUST011191,92148,0.3797,34988.6
CUST011192,21972,0.2151,4726.18
CUST011193,213624,0.3682,78656.36
CUST011194,21096,0.0645,1360.69
CUST011195,1848,0.6977,1289.35
CUST011196,66048,0.9228,60949.09
CUST011197,60492,0.5476,33125.42
CUST011198,18444,0.1229,2266.77
CUST011199,67764,0.6679,45259.58
CUST011200,26724,0.0257,686.81
CUST011201,29880,0.7401,22114.19
CUST011202,49848,0.3792,18902.36
CUST011203,81192,0.8182,66431.29
CUST011204,93708,0.4339,40659.9
CUST011205,10800,0.5746,6205.68
CUST011206,69360,0.8503,58976.81
CUST011207,21576,0.447,9644.47
CUST011208,23220,0.7162,16630.16
CUST011209,27216,0.201,5470.42
CUST011210,35988,0.7556,27192.53
CUST011211,13500,0.6316,8526.6
CUST011212,36192,0.6546,23691.28
CUST011213,116064,0.5329,61850.51
CUST011214,46836,0.4932,23099.52
CUST011215,60216,0.6189,37267.68
CUST011216,178872,0.5859,104801.1
CUST011217,241200,0.2391,57670.92
CUST011218,73044,0.286,20890.58
CUST011219,15768,0.789,12440.95
CUST011220,32304,0.3913,12640.56
CUST011221,23208,0.5254,12193.48
CUST011222,77748,0.439,34131.37
CUST011223,206688,0.8083,167065.91
CUST011224,8616,0.802,6910.03
CUST011225,181956,0.3685,67050.79
CUST011226,204468,0.119,24331.69
CUST011227,3444,0.0338,116.41
CUST011228,209892,0.2232,46847.89
CUST011229,16176,0.9328,15088.97
CUST011230,13956,0.9237,12891.16
CUST011231,4836,0.9232,4464.6
CUST011232,149124,0.4882,72802.34
CUST011233,10224,0.5657,5783.72
CUST011234,11448,0.3427,3923.23
CUST011235,19164,0.1243,2382.09
CUST011236,36912,0.3494,12897.05
CUST011237,23352,0.0751,1753.74
CUST011238,22512,0.1751,3941.85
CUST011239,78684,0.8409,66165.38
CUST011240,91560,0.6969,63808.16
CUST011241,55344,0.7358,40722.12
CUST011242,9252,0.6797,6288.58
CUST011243,6360,0.7826,4977.34
CUST011244,194964,0.5964,116276.53
CUST011245,2820,0.1168,329.38
CUST011246,185172,0.0789,14610.07
CUST011247,39324,0.8051,31659.75
CUST011248,297156,0.4221,125429.55
CUST011249,4824,0.7817,3770.92
CUST011250,51660,0.5982,30903.01
CUST011251,19848,0.4192,8320.28
CUST011252,52116,0.3866,20148.05
CUST011253,9180,0.1623,1489.91
CUST011254,186468,0.3689,68788.05
CUST011255,15408,0.3899,6007.58
CUST011256,3816,0.2735,1043.68
CUST011257,55884,0.5507,30775.32
CUST011258,85656,0.0906,7760.43
CUST011259,43140,0.4662,20111.87
CUST011260,17724,0.8697,15414.56
CUST011261,87900,0.3066,26950.14
CUST011262,47760,0.3226,15407.38
CUST011263,18012,0.0713,1284.26
CUST011264,12012,0.0392,470.87
CUST011265,6000,0.165,990.0
CUST011266,136752,0.355,48546.96
CUST011267,73272,0.9322,68304.16
CUST011268,13596,0.8671,11789.09
CUST011269,18672,0.1124,2098.73
CUST011270,13644,0.1043,1423.07
CUST011271,47364,0.2952,13981.85
CUST011272,194964,0.1671,32578.48
CUST011273,7968,0.8764,6983.16
CUST011274,11208,0.4074,4566.14
CUST011275,7944,0.0886,703.84
CUST011276,19584,0.2859,5599.07
CUST011277,14808,0.5696,8434.64
CUST011278,52380,0.4678,24503.36
CUST011279,4308,0.063,271.4
CUST011280,20088,0.4021,8077.38
CUST011281,54348,0.3863,20994.63
CUST011282,28248,0.1273,3595.97
CUST011283,233292,0.753,175668.88
CUST011284,5100,0.321,1637.1
CUST011285,71820,0.5591,40154.56
CUST011286,15864,0.34,5393.76
CUST011287,261156,0.3378,88218.5
CUST011288,4800,0.8801,4224.48
CUST011289,58800,0.8361,49162.68
CUST011290,15192,0.0666,1011.79
CUST011291,20268,0.9336,18922.2
CUST011292,177480,0.4714,83664.07
CUST011293,72192,0.2038,14712.73
CUST011294,16872,0.8605,14518.36
CUST011295,74424,0.2739,20384.73
CUST011296,31332,0.6286,19695.3
CUST011297,50484,0.6171,31153.68
CUST011298,23832,0.7406,17649.98
CUST011299,66888,0.6892,46099.21
CUST011300,56268,0.0324,1823.08
CUST011301,89316,0.6683,59689.88
CUST011302,86112,0.5062,43589.89
CUST011303,21576,0.4491,9689.78
CUST011304,42048,0.2006,8434.83
CUST011305,70236,0.3096,21745.07
CUST011306,20712,0.1442,2986.67
CUST011307,12072,0.2376,2868.31
CUST011308,13836,0.8208,11356.59
CUST011309,87168,0.5841,50914.83
CUST011310,83532,0.5968,49851.9
CUST011311,291996,0.2166,63246.33
CUST011312,95928,0.0535,5132.15
CUST011313,10512,0.2155,2265.34
CUST011314,7344,0.2338,1717.03
CUST011315,65100,0.5317,34613.67
CUST011316,20436,0.0963,1967.99
CUST011317,10776,0.1701,1833.0
CUST011318,15120,0.3392,5128.7
CUST011319,11976,0.8633,10338.88
CUST011320,77328,0.6419,49636.84
CUST011321,9888,0.0528,522.09
CUST011322,276588,0.0878,24284.43
CUST011323,55068,0.5103,28101.2
CUST011324,268488,0.4341,116550.64
CUST011325,154260,0.0494,7620.44
CUST011326,73908,0.6534,48291.49
CUST011327,151236,0.1303,19706.05
CUST011328,2988,0.4416,1319.5
CUST011329,23820,0.3339,7953.5
CUST011330,79104,0.3707,29323.85
CUST011331,21180,0.2266,4799.39
CUST011332,23640,0.3728,8812.99
CUST011333,40680,0.9153,37234.4
CUST011334,21168,0.7301,15454.76
CUST011335,281424,0.5822,163845.05
CUST011336,12528,0.2679,3356.25
CUST011337,2316,0.3029,701.52
CUST011338,3468,0.932,3232.18
CUST011339,18204,0.3826,6964.85
CUST011340,91212,0.1374,12532.53
CUST011341,128424,0.8686,111549.09
CUST011342,58068,0.3935,22849.76
CUST011343,251028,0.7146,179384.61
CUST011344,2532,0.6271,1587.82
CUST011345,20400,0.7949,16215.96
CUST011346,21000,0.3429,7200.9
CUST011347,4368,0.9487,4143.92
CUST011348,22032,0.385,8482.32
CUST011349,69672,0.8933,62238.0
CUST011350,16980,0.3671,6233.36
CUST011351,183024,0.5052,92463.72
CUST011352,18732,0.647,12119.6
CUST011353,207132,0.533,110401.36
CUST011354,17040,0.8815,15020.76
CUST011355,81864,0.8005,65532.13
CUST011356,180924,0.2011,36383.82
CUST011357,17124,0.7503,12848.14
CUST011358,49956,0.9147,45694.75
CUST011359,18144,0.3059,5550.25
CUST011360,33960,0.3857,13098.37
CUST011361,8004,0.7636,6111.85
CUST011362,12648,0.6,7588.8
CUST011363,8112,0.9162,7432.21
CUST011364,40356,0.5562,22446.01
CUST011365,30864,0.8838,27277.6
CUST011366,18624,0.5708,10630.58
CUST011367,79320,0.6926,54937.03
CUST011368,1848,0.4523,835.85
CUST011369,14436,0.0762,1100.02
CUST011370,253404,0.1619,41026.11
CUST011371,125880,0.1624,20442.91
CUST011372,4092,0.899,3678.71
CUST011373,47628,0.8683,41355.39
CUST011374,5868,0.0207,121.47
CUST011375,185268,0.6692,123981.35
CUST011376,14184,0.5873,8330.26
CUST011377,94164,0.3755,35358.58
CUST011378,17424,0.0623,1085.52
CUST011379,87636,0.74,64850.64
CUST011380,14748,0.261,3849.23
CUST011381,84108,0.9146,76925.18
CUST011382,9492,0.3624,3439.9
CUST011383,75528,0.784,59213.95
CUST011384,184716,0.6962,128599.28
CUST011385,19908,0.703,13995.32
CUST011386,26724,0.459,12266.32
CUST011387,17808,0.4311,7677.03
CUST011388,52764,0.2073,10937.98
CUST011389,22680,0.0437,991.12
CUST011390,96084,0.3955,38001.22
CUST011391,54900,0.6744,37024.56
CUST011392,56928,0.5117,29130.06
CUST011393,58692,0.2038,11961.43
CUST011394,4020,0.5651,2271.7
CUST011395,3732,0.1147,428.06
CUST011396,15576,0.117,1822.39
CUST011397,5880,0.8859,5209.09
CUST011398,22704,0.9455,21466.63
CUST011399,85200,0.7187,61233.24
CUST011400,19332,0.7321,14152.96
CUST011401,17700,0.3799,6724.23
CUST011402,6768,0.4233,2864.89
CUST011403,28800,0.6957,20036.16
CUST011404,3036,0.7746,2351.69
CUST011405,23736,0.7293,17310.66
CUST011406,68952,0.1313,9053.4
CUST011407,15216,0.2088,3177.1
CUST011408,23856,0.5166,12324.01
CUST011409,9492,0.5352,5080.12
CUST011410,76344,0.7676,58601.65
CUST011411,50676,0.7564,38331.33
CUST011412,18396,0.7388,13590.96
CUST011413,15576,0.8571,13350.19
CUST011414,171912,0.5217,89686.49
CUST011415,29484,0.0241,710.56
CUST011416,177420,0.5096,90413.23
CUST011417,158952,0.1928,30645.95
CUST011418,40236,0.119,4788.08
CUST011419,84708,0.0253,2143.11
CUST011420,81144,0.6981,56646.63
CUST011421,13704,0.8163,11186.58
CUST011422,13608,0.788,10723.1
CUST011423,20796,0.7828,16279.11
CUST011424,85080,0.3826,32551.61
CUST011425,12864,0.9351,12029.13
CUST011426,3024,0.5154,1558.57
CUST011427,65796,0.3504,23054.92
CUST011428,2268,0.9366,2124.21
CUST011429,18372,0.7378,13554.86
CUST011430,21216,0.8747,18557.64
CUST011431,64344,0.1993,12823.76
CUST011432,15504,0.8333,12919.48
CUST011433,12660,0.5661,7166.83
CUST011434,95112,0.9213,87626.69
CUST011435,92220,0.7729,71276.84
CUST011436,20340,0.9069,18446.35
CUST011437,277560,0.3623,100559.99
CUST011438,4776,0.2136,1020.15
CUST011439,21144,0.1104,2334.3
CUST011440,84336,0.8205,69197.69
CUST011441,110772,0.1673,18532.16
CUST011442,18060,0.2837,5123.62
CUST011443,57204,0.4549,26022.1
CUST011444,5220,0.819,4275.18
CUST011445,23352,0.1879,4387.84
CUST011446,10596,0.4957,5252.44
CUST011447,7728,0.7312,5650.71
CUST011448,35976,0.9213,33144.69
CUST011449,9936,0.7102,7056.55
CUST011450,16044,0.2251,3611.5
CUST011451,292428,0.5908,172766.46
CUST011452,73320,0.0845,6195.54
CUST011453,10776,0.37,3987.12
CUST011454,13884,0.8885,12335.93
CUST011455,3360,0.3821,1283.86
CUST011456,34440,0.166,5717.04
CUST011457,85092,0.15,12763.8
CUST011458,16152,0.2418,3905.55
CUST011459,84048,0.7341,61699.64
CUST011460,26220,0.2946,7724.41
CUST011461,68748,0.4158,28585.42
CUST011462,83028,0.8734,72516.66
CUST011463,60888,0.1068,6502.84
CUST011464,23016,0.8402,19338.04
CUST011465,19596,0.3328,6521.55
CUST011466,2220,0.7332,1627.7
CUST011467,38904,0.6051,23540.81
CUST011468,23436,0.029,679.64
CUST011469,85188,0.6846,58319.7
CUST011470,21888,0.4955,10845.5
CUST011471,87420,0.0879,7684.22
CUST011472,69312,0.5553,38488.95
CUST011473,18372,0.7339,13483.21
CUST011474,35484,0.6702,23781.38
CUST011475,52764,0.4191,22113.39
CUST011476,66336,0.7059,46826.58
CUST011477,22608,0.262,5923.3
CUST011478,16752,0.3219,5392.47
CUST011479,41664,0.457,19040.45
CUST011480,75180,0.6237,46889.77
CUST011481,21624,0.1503,3250.09
CUST011482,71124,0.8916,63414.16
CUST011483,56688,0.8222,46608.87
CUST011484,273780,0.055,15057.9
CUST011485,16428,0.619,10168.93
CUST011486,15744,0.3434,5406.49
CUST011487,9252,0.0169,156.36
CUST011488,6060,0.2511,1521.67
CUST011489,23940,0.6681,15994.31
CUST011490,124944,0.2083,26025.84
CUST011491,22428,0.0307,688.54
CUST011492,9456,0.1691,1599.01
CUST011493,22452,0.8878,19932.89
CUST011494,284184,0.7768,220754.13
CUST011495,98688,0.8053,79473.45
CUST011496,81804,0.5239,42857.12
CUST011497,131556,0.6061,79736.09
CUST011498,17496,0.8842,15469.96
CUST011499,180384,0.0456,8225.51
CUST011500,222828,0.6716,149651.28
CUST011501,13452,0.3725,5010.87
CUST011502,75564,0.5364,40532.53
CUST011503,189036,0.3178,60075.64
CUST011504,42684,0.0786,3354.96
CUST011505,91404,0.3225,29477.79
CUST011506,8052,0.849,6836.15
CUST011507,71424,0.5339,38133.27
CUST011508,94872,0.1154,10948.23
CUST011509,10068,0.3735,3760.4
CUST011510,4248,0.5122,2175.83
CUST011511,22896,0.0625,1431.0
CUST011512,165228,0.4407,72815.98
CUST011513,16272,0.3043,4951.57
CUST011514,8088,0.1867,1510.03
CUST011515,90876,0.5979,54334.76
CUST011516,49584,0.626,31039.58
CUST011517,125712,0.5105,64175.98
CUST011518,12084,0.5436,6568.86
CUST011519,92028,0.8991,82742.37
CUST011520,16752,0.7853,13155.35
CUST011521,8448,0.8472,7157.15
CUST011522,39612,0.9185,36383.62
CUST011523,13860,0.451,6250.86
CUST011524,13092,0.3519,4607.07
CUST011525,7404,0.4564,3379.19
CUST011526,235128,0.777,182694.46
CUST011527,113016,0.6339,71640.84
CUST011528,13224,0.5981,7909.27
CUST011529,39984,0.4605,18412.63
CUST011530,95280,0.324,30870.72
CUST011531,81180,0.8724,70821.43
CUST011532,15876,0.8986,14266.17
CUST011533,119364,0.752,89761.73
CUST011534,30132,0.4313,12995.93
CUST011535,6720,0.6032,4053.5
CUST011536,58956,0.2647,15605.65
CUST011537,15864,0.8639,13704.91
CUST011538,23592,0.7133,16828.17
CUST011539,2040,0.1985,404.94
CUST011540,21648,0.7084,15335.44
CUST011541,8664,0.3293,2853.06
CUST011542,21552,0.2434,5245.76
CUST011543,29460,0.5368,15814.13
CUST011544,43044,0.5203,22395.79
CUST011545,3288,0.5498,1807.74
CUST011546,12900,0.5854,7551.66
CUST011547,78432,0.3195,25059.02
CUST011548,57336,0.5344,30640.36
CUST011549,101544,0.836,84890.78
CUST011550,179772,0.9388,168769.95
CUST011551,14328,0.4907,7030.75
CUST011552,74688,0.1071,7999.08
CUST011553,86412,0.5217,45081.14
CUST011554,20436,0.5133,10489.8
CUST011555,76260,0.1156,8815.66
CUST011556,21348,0.1466,3129.62
CUST011557,61896,0.3562,22047.36
CUST011558,96324,0.6196,59682.35
CUST011559,85740,0.739,63361.86
CUST011560,77184,0.4533,34987.51
CUST011561,90036,0.8304,74765.89
CUST011562,18936,0.921,17440.06
CUST011563,210516,0.2851,60018.11
CUST011564,297612,0.5341,158954.57
CUST011565,130872,0.5418,70906.45
CUST011566,84168,0.3419,28777.04
CUST011567,8760,0.8955,7844.58
CUST011568,234864,0.5487,128869.88
CUST011569,20640,0.3376,6968.06
CUST011570,41436,0.3238,13416.98
CUST011571,14028,0.0137,192.18
CUST011572,22560,0.6926,15625.06
CUST011573,59472,0.5533,32905.86
CUST011574,1368,0.9182,1256.1
CUST011575,48072,0.5044,24247.52
CUST011576,7260,0.2375,1724.25
CUST011577,12816,0.8522,10921.8
CUST011578,27552,0.5048,13908.25
CUST011579,2532,0.7056,1786.58
CUST011580,22704,0.9464,21487.07
CUST011581,291156,0.5868,170850.34
CUST011582,10884,0.8127,8845.43
CUST011583,17556,0.5592,9817.32
CUST011584,2736,0.9079,2484.01
CUST011585,17544,0.4335,7605.32
CUST011586,13140,0.3521,4626.59
CUST011587,21588,0.0569,1228.36
CUST011588,41136,0.3949,16244.61
CUST011589,38400,0.4124,15836.16
CUST011590,61956,0.6117,37898.49
CUST011591,9096,0.8162,7424.16
CUST011592,1452,0.1272,184.69
CUST011593,17544,0.1206,2115.81
CUST011594,1956,0.1674,327.43
CUST011595,7992,0.4525,3616.38
CUST011596,7788,0.46,3582.48
CUST011597,21888,0.2447,5355.99
CUST011598,12588,0.5961,7503.71
CUST011599,155676,0.1727,26885.25
CUST011600,48276,0.5509,26595.25
CUST011601,57804,0.4651,26884.64
CUST011602,93060,0.7055,65653.83
CUST011603,134160,0.6337,85017.19
CUST011604,18912,0.3332,6301.48
CUST011605,38856,0.4463,17341.43
CUST011606,7356,0.3323,2444.4
CUST011607,16200,0.4897,7933.14
CUST011608,90936,0.724,65837.66
CUST011609,56736,0.8137,46166.08
CUST011610,6504,0.6855,4458.49
CUST011611,11352,0.5508,6252.68
CUST011612,16140,0.5683,9172.36
CUST011613,6852,0.6942,4756.66
CUST011614,30852,0.187,5769.32
CUST011615,9576,0.1282,1227.64
CUST011616,202944,0.648,131507.71
CUST011617,13800,0.0899,1240.62
CUST011618,72708,0.8459,61503.7
CUST011619,22056,0.7099,15657.55
CUST011620,77700,0.1355,10528.35
CUST011621,273576,0.6113,167237.01
CUST011622,49080,0.2949,14473.69
CUST011623,15972,0.8451,13497.94
CUST011624,19344,0.5547,10730.12
CUST011625,11028,0.2152,2373.23
CUST011626,5892,0.1288,758.89
CUST011627,111888,0.8727,97644.66
CUST011628,61020,0.0435,2654.37
CUST011629,200244,0.4592,91952.04
CUST011630,3744,0.0585,219.02
CUST011631,37584,0.5917,22238.45
CUST011632,109392,0.0392,4288.17
CUST011633,1380,0.4684,646.39
CUST011634,10248,0.1073,1099.61
CUST011635,14604,0.8106,11838.0
CUST011636,22212,0.8045,17869.55
CUST011637,14952,0.404,6040.61
CUST011638,133452,0.1858,24795.38
CUST011639,9672,0.8519,8239.58
CUST011640,68616,0.1794,12309.71
CUST011641,52320,0.1041,5446.51
CUST011642,21732,0.5537,12033.01
CUST011643,22644,0.3151,7135.12
CUST011644,68592,0.5439,37307.19
CUST011645,12828,0.3327,4267.88
CUST011646,10068,0.1627,1638.06
CUST011647,26340,0.9348,24622.63
CUST011648,87660,0.3545,31075.47
CUST011649,20088,0.7577,15220.68
CUST011650,17160,0.1859,3190.04
CUST011651,9564,0.2024,1935.75
CUST011652,18900,0.3708,7008.12
CUST011653,1344,0.8992,1208.52
CUST011654,73248,0.0166,1215.92
CUST011655,86772,0.0116,1006.56
CUST011656,256584,0.3387,86905.0
CUST011657,167700,0.4496,75397.92
CUST011658,191952,0.3073,58986.85
CUST011659,7704,0.4129,3180.98
CUST011660,14772,0.0406,599.74
CUST011661,21168,0.0887,1877.6
CUST011662,5640,0.1474,831.34
CUST011663,259824,0.8673,225345.36
CUST011664,48696,0.6412,31223.88
CUST011665,85416,0.1225,10463.46
CUST011666,23088,0.7419,17128.99
CUST011667,60504,0.1875,11344.5
CUST011668,3768,0.192,723.46
CUST011669,64632,0.1783,11523.89
CUST011670,78960,0.376,29688.96
CUST011671,73980,0.0908,6717.38
CUST011672,3324,0.3645,1211.6
CUST011673,53808,0.2991,16093.97
CUST011674,13344,0.5616,7493.99
CUST011675,2412,0.1317,317.66
CUST011676,60192,0.6065,36506.45
CUST011677,12060,0.3024,3646.94
CUST011678,34332,0.1337,4590.19
CUST011679,69720,0.9032,62971.1
CUST011680,7524,0.8539,6424.74
CUST011681,17172,0.3636,6243.74
CUST011682,19152,0.6968,13345.11
CUST011683,35580,0.6179,21984.88
CUST011684,22104,0.6597,14582.01
CUST011685,20796,0.2392,4974.4
CUST011686,18936,0.119,2253.38
CUST011687,210720,0.8238,173591.14
CUST011688,74904,0.7757,58103.03
CUST011689,19848,0.4343,8619.99
CUST011690,2304,0.6784,1563.03
CUST011691,20460,0.6532,13364.47
CUST011692,76764,0.8898,68304.61
CUST011693,197088,0.8024,158143.41
CUST011694,7884,0.0523,412.33
CUST011695,14364,0.315,4524.66
CUST011696,97536,0.8089,78896.87
CUST011697,82176,0.6867,56430.26
CUST011698,8796,0.9008,7923.44
CUST011699,13020,0.3397,4422.89
CUST011700,15468,0.7506,11610.28
CUST011701,25800,0.1438,3710.04
CUST011702,11580,0.2772,3209.98
CUST011703,76260,0.1026,7824.28
CUST011704,21084,0.1865,3932.17
CUST011705,4644,0.1762,818.27
CUST011706,58032,0.1623,9418.59
CUST011707,19608,0.5553,10888.32
CUST011708,27684,0.1784,4938.83
CUST011709,13560,0.9186,12456.22
CUST011710,145452,0.1673,24334.12
CUST011711,94212,0.6059,57083.05
CUST011712,6360,0.6601,4198.24
CUST011713,122712,0.9441,115852.4
CUST011714,9900,0.1016,1005.84
CUST011715,76500,0.4918,37622.7
CUST011716,10500,0.1212,1272.6
CUST011717,8592,0.134,1151.33
CUST011718,9132,0.6378,5824.39
CUST011719,31368,0.714,22396.75
CUST011720,16548,0.8628,14277.61
CUST011721,90504,0.2847,25766.49
CUST011722,72660,0.9451,68670.97
CUST011723,234300,0.8859,207566.37
CUST011724,251796,0.4011,100995.38
CUST011725,19200,0.3332,6397.44
CUST011726,21468,0.3165,6794.62
CUST011727,22308,0.4607,10277.3
CUST011728,84912,0.3188,27069.95
CUST011729,185604,0.6932,128660.69
CUST011730,21324,0.8736,18628.65
CUST011731,223884,0.2026,45358.9
CUST011732,11148,0.8309,9262.87
CUST011733,65916,0.6832,45033.81
CUST011734,28284,0.359,10153.96
CUST011735,76920,0.3925,30191.1
CUST011736,21276,0.3064,6518.97
CUST011737,10296,0.4402,4532.3
CUST011738,22872,0.8617,19708.8
CUST011739,20448,0.6969,14250.21
CUST011740,218112,0.2792,60896.87
CUST011741,73548,0.4289,31544.74
CUST011742,184416,0.8926,164609.72
CUST011743,230580,0.3368,77659.34
CUST011744,53496,0.105,5617.08
CUST011745,14628,0.0897,1312.13
CUST011746,15852,0.8128,12884.51
CUST011747,239232,0.449,107415.17
CUST011748,295608,0.6975,206186.58
CUST011749,17748,0.3258,5782.3
CUST011750,13932,0.3299,4596.17
CUST011751,211416,0.0679,14355.15
CUST011752,221700,0.5118,113466.06
CUST011753,41508,0.6937,28794.1
CUST011754,1788,0.1092,195.25
CUST011755,16920,0.2097,3548.12
CUST011756,88872,0.0484,4301.4
CUST011757,1596,0.7431,1185.99
CUST011758,27996,0.0362,1013.46
CUST011759,15192,0.8742,13280.85
CUST011760,213636,0.0893,19077.69
CUST011761,86424,0.6741,58258.42
CUST011762,9828,0.5875,5773.95
CUST011763,94224,0.71,66899.04
CUST011764,13812,0.9031,12473.62
CUST011765,268140,0.6955,186491.37
CUST011766,67344,0.3642,24526.68
CUST011767,134904,0.9016,121629.45
CUST011768,17016,0.6725,11443.26
CUST011769,16536,0.3773,6239.03
CUST011770,15768,0.5566,8776.47
CUST011771,3336,0.1047,349.28
CUST011772,51876,0.2796,14504.53
CUST011773,22740,0.1722,3915.83
CUST011774,6552,0.5894,3861.75
CUST011775,1728,0.6713,1160.01
CUST011776,43512,0.6695,29131.28
CUST011777,178152,0.7919,141078.57
CUST011778,12060,0.8822,10639.33
CUST011779,113124,0.3271,37002.86
CUST011780,17448,0.413,7206.02
CUST011781,20280,0.3896,7901.09
CUST011782,22044,0.4223,9309.18
CUST011783,101460,0.2071,21012.37
CUST011784,12900,0.2531,3264.99
CUST011785,5796,0.6192,3588.88
CUST011786,136680,0.2279,31149.37
CUST011787,21060,0.4188,8819.93
CUST011788,17340,0.3451,5984.03
CUST011789,39612,0.5218,20669.54
CUST011790,18360,0.4144,7608.38
CUST011791,16380,0.3807,6235.87
CUST011792,28716,0.3893,11179.14
CUST011793,20520,0.4518,9270.94
CUST011794,22764,0.0984,2239.98
CUST011795,16116,0.3851,6206.27
CUST011796,118992,0.0849,10102.42
CUST011797,23400,0.3302,7726.68
CUST011798,12132,0.2661,3228.33
CUST011799,215544,0.639,137732.62
CUST011800,4896,0.7115,3483.5
CUST011801,7392,0.7044,5206.92
CUST011802,12480,0.4105,5123.04
CUST011803,9240,0.1456,1345.34
CUST011804,1800,0.038,68.4
CUST011805,81864,0.0559,4576.2
CUST011806,28776,0.8997,25889.77
CUST011807,18180,0.1294,2352.49
CUST011808,86904,0.2823,24533.0
CUST011809,84816,0.1161,9847.14
CUST011810,25164,0.352,8857.73
CUST011811,18432,0.6043,11138.46
CUST011812,57036,0.542,30913.51
CUST011813,17964,0.7998,14367.61
CUST011814,12468,0.3763,4691.71
CUST011815,17856,0.7272,12984.88
CUST011816,214752,0.204,43809.41
CUST011817,4296,0.5652,2428.1
CUST011818,157716,0.5693,89787.72
CUST011819,3276,0.9201,3014.25
CUST011820,53976,0.0499,2693.4
CUST011821,23220,0.7109,16507.1
CUST011822,13704,0.7436,10190.29
CUST011823,55848,0.2359,13174.54
CUST011824,21288,0.5243,11161.3
CUST011825,21612,0.5275,11400.33
CUST011826,191808,0.7891,151355.69
CUST011827,4428,0.1738,769.59
CUST011828,108684,0.6259,68025.32
CUST011829,67104,0.7684,51562.71
CUST011830,85308,0.9483,80897.58
CUST011831,90660,0.543,49228.38
CUST011832,50520,0.469,23693.88
CUST011833,8688,0.861,7480.37
CUST011834,248364,0.4192,104114.19
CUST011835,90960,0.1941,17655.34
CUST011836,13644,0.7411,10111.57
CUST011837,66216,0.1804,11945.37
CUST011838,12684,0.4732,6002.07
CUST011839,257976,0.7067,182311.64
CUST011840,16752,0.063,1055.38
CUST011841,92916,0.5267,48938.86
CUST011842,21420,0.5849,12528.56
CUST011843,16956,0.0573,971.58
CUST011844,1356,0.3832,519.62
CUST011845,20880,0.4315,9009.72
CUST011846,11736,0.4325,5075.82
CUST011847,7572,0.6611,5005.85
CUST011848,58572,0.5607,32841.32
CUST011849,79812,0.6819,54423.8
CUST011850,4716,0.5675,2676.33
CUST011851,63300,0.6451,40834.83
CUST011852,10860,0.9406,10214.92
CUST011853,25380,0.1364,3461.83
CUST011854,92616,0.5552,51420.4
CUST011855,282408,0.4743,133946.11
CUST011856,52848,0.9207,48657.15
CUST011857,95448,0.418,39897.26
CUST011858,80352,0.535,42988.32
CUST011859,12828,0.922,11827.42
CUST011860,50712,0.933,47314.3
CUST011861,14772,0.4872,7196.92
CUST011862,22728,0.4637,10538.97
CUST011863,5532,0.6371,3524.44
CUST011864,298752,0.8043,240286.23
CUST011865,15132,0.1523,2304.6
CUST011866,72372,0.43,31119.96
CUST011867,6372,0.0554,353.01
CUST011868,18840,0.9415,17737.86
CUST011869,21876,0.0868,1898.84
CUST011870,22104,0.7728,17081.97
CUST011871,22032,0.1736,3824.76
CUST011872,90276,0.5076,45824.1
CUST011873,76908,0.6017,46275.54
CUST011874,58368,0.8885,51859.97
CUST011875,19248,0.5203,10014.73
CUST011876,3792,0.6846,2596.0
CUST011877,81948,0.0437,3581.13
CUST011878,4848,0.1002,485.77
CUST011879,87552,0.8866,77623.6
CUST011880,16812,0.9103,15303.96
CUST011881,271728,0.8033,218279.1
CUST011882,14808,0.5239,7757.91
CUST011883,20736,0.1173,2432.33
CUST011884,25764,0.702,18086.33
CUST011885,23400,0.3268,7647.12
CUST011886,27864,0.0438,1220.44
CUST011887,62820,0.3381,21239.44
CUST011888,16284,0.9396,15300.45
CUST011889,212904,0.1335,28422.68
CUST011890,67848,0.4198,28482.59
CUST011891,34176,0.6731,23003.87
CUST011892,59532,0.428,25479.7
CUST011893,14004,0.5615,7863.25
CUST011894,47400,0.8006,37948.44
CUST011895,23160,0.3855,8928.18
CUST011896,23880,0.6428,15350.06
CUST011897,4644,0.9054,4204.68
CUST011898,233232,0.9152,213453.93
CUST011899,276792,0.6943,192176.69
CUST011900,30600,0.584,17870.4
CUST011901,15984,0.222,3548.45
CUST011902,78756,0.7993,62949.67
CUST011903,34500,0.8268,28524.6
CUST011904,31476,0.4363,13732.98
CUST011905,5028,0.0937,471.12
CUST011906,67584,0.7689,51965.34
CUST011907,20052,0.7448,14934.73
CUST011908,232572,0.0773,17977.82
CUST011909,54516,0.1075,5860.47
CUST011910,18024,0.3165,5704.6
CUST011911,129960,0.6917,89893.33
CUST011912,35316,0.5277,18636.25
CUST011913,91476,0.7007,64097.23
CUST011914,4380,0.2428,1063.46
CUST011915,9600,0.5485,5265.6
CUST011916,220716,0.3068,67715.67
CUST011917,19716,0.6144,12113.51
CUST011918,9996,0.7669,7665.93
CUST011919,57792,0.4567,26393.61
CUST011920,75720,0.4687,35489.96
CUST011921,86832,0.2704,23479.37
CUST011922,65304,0.3887,25383.66
CUST011923,20256,0.5037,10202.95
CUST011924,7560,0.3228,2440.37
CUST011925,17196,0.4281,7361.61
CUST011926,195492,0.6324,123629.14
CUST011927,9996,0.2762,2760.9
CUST011928,26076,0.2862,7462.95
CUST011929,262668,0.5659,148643.82
CUST011930,46344,0.6988,32385.19
CUST011931,32676,0.6559,21432.19
CUST011932,19908,0.9383,18679.68
CUST011933,9180,0.4555,4181.49
CUST011934,204036,0.5882,120013.98
CUST011935,44184,0.4017,17748.71
CUST011936,94920,0.4439,42134.99
CUST011937,216732,0.5734,124274.13
CUST011938,69960,0.8112,56751.55
CUST011939,52572,0.066,3469.75
CUST011940,19116,0.4457,8520.0
CUST011941,22488,0.6673,15006.24
CUST011942,14544,0.4702,6838.59
CUST011943,21984,0.8995,19774.61
CUST011944,229164,0.9028,206889.26
CUST011945,77040,0.2682,20662.13
CUST011946,28188,0.4756,13406.21
CUST011947,23556,0.8915,21000.17
CUST011948,66612,0.2054,13682.1
CUST011949,76464,0.0704,5383.07
CUST011950,16020,0.9418,15087.64
CUST011951,54360,0.3205,17422.38
CUST011952,12252,0.1955,2395.27
CUST011953,6456,0.019,122.66
CUST011954,54552,0.4786,26108.59
CUST011955,73908,0.3461,25579.56
CUST011956,49536,0.1983,9822.99
CUST011957,3924,0.4817,1890.19
CUST011958,23928,0.5847,13990.7
CUST011959,7416,0.4862,3605.66
CUST011960,138624,0.2622,36347.21
CUST011961,24696,0.3063,7564.38
CUST011962,56460,0.6522,36823.21
CUST011963,15192,0.2706,4110.96
CUST011964,17508,0.2679,4690.39
CUST011965,13608,0.8989,12232.23
CUST011966,66516,0.4295,28568.62
CUST011967,3120,0.0571,178.15
CUST011968,21204,0.2662,5644.5
CUST011969,10764,0.5817,6261.42
CUST011970,59376,0.9391,55760.0
CUST011971,10368,0.4293,4450.98
CUST011972,6720,0.9046,6078.91
CUST011973,15576,0.8113,12636.81
CUST011974,17256,0.5201,8974.85
CUST011975,18504,0.1728,3197.49
CUST011976,136536,0.3014,41151.95
CUST011977,27456,0.8698,23881.23
CUST011978,23604,0.0604,1425.68
CUST011979,2544,0.018,45.79
CUST011980,8676,0.701,6081.88
CUST011981,16776,0.8023,13459.38
CUST011982,11964,0.1245,1489.52
CUST011983,55884,0.5648,31563.28
CUST011984,5940,0.1118,664.09
CUST011985,103368,0.261,26979.05
CUST011986,7608,0.9284,7063.27
CUST011987,12336,0.2726,3362.79
CUST011988,10536,0.0767,808.11
CUST011989,112764,0.8856,99863.8
CUST011990,47028,0.9057,42593.26
CUST011991,5904,0.2227,1314.82
CUST011992,50796,0.6003,30492.84
CUST011993,17868,0.9104,16267.03
CUST011994,14028,0.7923,11114.38
CUST011995,62940,0.3627,22828.34
CUST011996,13932,0.8353,11637.4
CUST011997,11256,0.8593,9672.28
CUST011998,15924,0.291,4633.88
CUST011999,63012,0.9365,59010.74
CUST012000,15264,0.3816,5824.74
CUST012001,20664,0.2742,5666.07
CUST012002,29664,0.6451,19136.25
CUST012003,5064,0.5654,2863.19
CUST012004,1896,0.0104,19.72
CUST012005,9588,0.1178,1129.47
CUST012006,63108,0.8782,55421.45
CUST012007,36984,0.0565,2089.6
CUST012008,73140,0.4557,33329.9
CUST012009,19860,0.3093,6142.7
CUST012010,216744,0.791,171444.5
CUST012011,90876,0.1176,10687.02
CUST012012,43032,0.8974,38616.92
CUST012013,142308,0.2818,40102.39
CUST012014,9024,0.3441,3105.16
CUST012015,19104,0.481,9189.02
CUST012016,2424,0.1793,434.62
CUST012017,32580,0.1655,5391.99
CUST012018,27336,0.0878,2400.1
CUST012019,49764,0.7997,39796.27
CUST012020,12264,0.0905,1109.89
CUST012021,89988,0.2191,19716.37
CUST012022,8904,0.6758,6017.32
CUST012023,54252,0.0283,1535.33
CUST012024,177552,0.3791,67309.96
CUST012025,40104,0.1431,5738.88
CUST012026,23844,0.3871,9230.01
CUST012027,17076,0.0914,1560.75
CUST012028,74376,0.88,65450.88
CUST012029,10632,0.104,1105.73
CUST012030,22116,0.5234,11575.51
CUST012031,4200,0.3989,1675.38
CUST012032,15840,0.7608,12051.07
CUST012033,34380,0.5993,20603.93
CUST012034,86136,0.2878,24789.94
CUST012035,16212,0.3167,5134.34
CUST012036,11400,0.6951,7924.14
CUST012037,82140,0.8808,72348.91
CUST012038,76560,0.8511,65160.22
CUST012039,12108,0.3504,4242.64
CUST012040,21888,0.0721,1578.12
CUST012041,46284,0.5151,23840.89
CUST012042,15804,0.4618,7298.29
CUST012043,181716,0.2309,41958.22
CUST012044,18228,0.7229,13177.02
CUST012045,30972,0.8792,27230.58
CUST012046,75468,0.4295,32413.51
CUST012047,20196,0.2799,5652.86
CUST012048,84276,0.0857,7222.45
CUST012049,41040,0.2453,10067.11
CUST012050,22824,0.6295,14367.71
CUST012051,83652,0.6683,55904.63
CUST012052,90300,0.1277,11531.31
CUST012053,3696,0.4441,1641.39
CUST012054,22104,0.3597,7950.81
CUST012055,17268,0.1108,1913.29
CUST012056,30036,0.0674,2024.43
CUST012057,23400,0.7951,18605.34
CUST012058,44688,0.7543,33708.16
CUST012059,10860,0.8234,8942.12
CUST012060,37188,0.3494,12993.49
CUST012061,18492,0.5939,10982.4
CUST012062,14256,0.0699,996.49
CUST012063,18732,0.9267,17358.94
CUST012064,46332,0.9344,43292.62
CUST012065,63744,0.3142,20028.36
CUST012066,11364,0.1419,1612.55
CUST012067,256548,0.5165,132507.04
CUST012068,204888,0.5907,121027.34
CUST012069,286692,0.2447,70153.53
CUST012070,65640,0.0638,4187.83
CUST012071,96024,0.8985,86277.56
CUST012072,63072,0.5745,36234.86
CUST012073,76668,0.4688,35941.96
CUST012074,13824,0.402,5557.25
CUST012075,7836,0.6096,4776.83
CUST012076,21624,0.7549,16323.96
CUST012077,12324,0.2891,3562.87
CUST012078,187956,0.7632,143448.02
CUST012079,60708,0.118,7163.54
CUST012080,67272,0.9208,61944.06
CUST012081,32892,0.2713,8923.6
CUST012082,47280,0.1437,6794.14
CUST012083,61080,0.0197,1203.28
CUST012084,178416,0.4586,81821.58
CUST012085,60948,0.1648,10044.23
CUST012086,5748,0.8866,5096.18
CUST012087,15336,0.2952,4527.19
CUST012088,271788,0.1945,52862.77
CUST012089,14748,0.0959,1414.33
CUST012090,33744,0.9234,31159.21
CUST012091,70596,0.7947,56102.64
CUST012092,72840,0.2977,21684.47
CUST012093,29112,0.0199,579.33
CUST012094,15480,0.8495,13150.26
CUST012095,12780,0.5282,6750.4
CUST012096,56292,0.7103,39984.21
CUST012097,9372,0.5487,5142.42
CUST012098,28200,0.5474,15436.68
CUST012099,15204,0.9069,13788.51
CUST012100,21840,0.1297,2832.65
CUST012101,180972,0.1587,28720.26
CUST012102,23664,0.2774,6564.39
CUST012103,18060,0.5605,10122.63
CUST012104,7428,0.2603,1933.51
CUST012105,17916,0.4484,8033.53
CUST012106,5844,0.1034,604.27
CUST012107,54036,0.34,18372.24
CUST012108,10032,0.9077,9106.05
CUST012109,75276,0.1746,13143.19
CUST012110,4968,0.5818,2890.38
CUST012111,125952,0.3797,47823.97
CUST012112,150960,0.6189,93429.14
CUST012113,20100,0.9054,18198.54
CUST012114,28260,0.1191,3365.77
CUST012115,19068,0.7615,14520.28
CUST012116,18672,0.093,1736.5
CUST012117,11676,0.9026,10538.76
CUST012118,14640,0.6094,8921.62
CUST012119,7620,0.3412,2599.94
CUST012120,13956,0.7261,10133.45
CUST012121,50532,0.6632,33512.82
CUST012122,120564,0.2488,29996.32
CUST012123,86748,0.9118,79096.83
CUST012124,28428,0.7167,20374.35
CUST012125,41232,0.8697,35859.47
CUST012126,94464,0.4854,45852.83
CUST012127,215100,0.8783,188922.33
CUST012128,10056,0.5861,5893.82
CUST012129,8496,0.1014,861.49
CUST012130,27072,0.0707,1913.99
CUST012131,10608,0.2606,2764.44
CUST012132,17268,0.5762,9949.82
CUST012133,30528,0.4028,12296.68
CUST012134,44448,0.0777,3453.61
CUST012135,27636,0.2209,6104.79
CUST012136,108048,0.2744,29648.37
CUST012137,24336,0.4696,11428.19
CUST012138,18480,0.1165,2152.92
CUST012139,12264,0.9406,11535.52
CUST012140,53988,0.1496,8076.6
CUST012141,39204,0.6649,26066.74
CUST012142,4200,0.4425,1858.5
CUST012143,7980,0.0138,110.12
CUST012144,34116,0.3969,13540.64
CUST012145,7608,0.7647,5817.84
CUST012146,23868,0.1211,2890.41
CUST012147,182220,0.7831,142696.48
CUST012148,51756,0.9446,48888.72
CUST012149,72108,0.7699,55515.95
CUST012150,20808,0.1919,3993.06
CUST012151,54648,0.7074,38658.0
CUST012152,10680,0.3838,4098.98
CUST012153,278844,0.9418,262615.28
CUST012154,227052,0.9002,204392.21
CUST012155,77508,0.7626,59107.6
CUST012156,20208,0.1104,2230.96
CUST012157,25188,0.1005,2531.39
CUST012158,59556,0.7344,43737.93
CUST012159,5712,0.5621,3210.72
CUST012160,2820,0.3362,948.08
CUST012161,17856,0.246,4392.58
CUST012162,14856,0.2613,3881.87
CUST012163,60216,0.2388,14379.58
CUST012164,20592,0.8094,16667.16
CUST012165,18804,0.5531,10400.49
CUST012166,21756,0.2641,5745.76
CUST012167,77844,0.345,26856.18
CUST012168,30816,0.2561,7891.98
CUST012169,35748,0.877,31351.0
CUST012170,3012,0.9475,2853.87
CUST012171,20676,0.3622,7488.85
CUST012172,1980,0.93,1841.4
CUST012173,15036,0.121,1819.36
CUST012174,14448,0.3574,5163.72
CUST012175,140952,0.244,34392.29
CUST012176,233448,0.2611,60953.27
CUST012177,45924,0.1332,6117.08
CUST012178,208152,0.0774,16110.96
CUST012179,22356,0.4891,10934.32
CUST012180,90048,0.5474,49292.28
CUST012181,57168,0.5228,29887.43
CUST012182,204156,0.6322,129067.42
CUST012183,11604,0.6349,7367.38
CUST012184,257532,0.9447,243290.48
CUST012185,4908,0.7204,3535.72
CUST012186,6444,0.2874,1852.01
CUST012187,270348,0.9306,251585.85
CUST012188,74484,0.0418,3113.43
CUST012189,20436,0.7148,14607.65
CUST012190,71976,0.2503,18015.59
CUST012191,91872,0.877,80571.74
CUST012192,6504,0.2549,1657.87
CUST012193,56004,0.8432,47222.57
CUST012194,2268,0.4914,1114.5
CUST012195,6288,0.2972,1868.79
CUST012196,22200,0.427,9479.4
CUST012197,277812,0.3675,102095.91
CUST012198,54588,0.7842,42807.91
CUST012199,173040,0.3561,61619.54
CUST012200,282984,0.2799,79207.22
CUST012201,14868,0.3663,5446.15
CUST012202,21372,0.4512,9643.05
CUST012203,15444,0.9271,14318.13
CUST012204,3408,0.5405,1842.02
CUST012205,127836,0.4118,52642.86
CUST012206,3480,0.4384,1525.63
CUST012207,1368,0.2599,355.54
CUST012208,48252,0.4718,22765.29
CUST012209,136140,0.3446,46913.84
CUST012210,15396,0.6755,10400.0
CUST012211,12372,0.789,9761.51
CUST012212,25872,0.8114,20992.54
CUST012213,83988,0.5948,49956.06
CUST012214,18072,0.1076,1944.55
CUST012215,85248,0.7688,65538.66
CUST012216,63168,0.2649,16733.2
CUST012217,228324,0.584,133341.22
CUST012218,22452,0.7408,16632.44
CUST012219,23628,0.0799,1887.88
CUST012220,91776,0.3887,35673.33
CUST012221,80532,0.7203,58007.2
CUST012222,18144,0.7248,13150.77
CUST012223,4380,0.6964,3050.23
CUST012224,34440,0.3626,12487.94
CUST012225,17388,0.6194,10770.13
CUST012226,1992,0.0129,25.7
CUST012227,26928,0.8433,22708.38
CUST012228,95448,0.783,74735.78
CUST012229,97044,0.0623,6045.84
CUST012230,15984,0.656,10485.5
CUST012231,85944,0.2059,17695.87
CUST012232,94728,0.2117,20053.92
CUST012233,189708,0.6075,115247.61
CUST012234,67212,0.3966,26656.28
CUST012235,5736,0.1502,861.55
CUST012236,31332,0.5381,16859.75
CUST012237,17544,0.8258,14487.84
CUST012238,10284,0.8715,8962.51
CUST012239,61824,0.6854,42374.17
CUST012240,91128,0.9311,84849.28
CUST012241,263496,0.609,160469.06
CUST012242,5124,0.1345,689.18
CUST012243,244272,0.8183,199887.78
CUST012244,35484,0.0358,1270.33
CUST012245,3792,0.3662,1388.63
CUST012246,11004,0.8742,9619.7
CUST012247,22788,0.9377,21368.31
CUST012248,229920,0.5561,127858.51
CUST012249,27396,0.114,3123.14
CUST012250,13488,0.88,11869.44
CUST012251,270504,0.6411,173420.11
CUST012252,49752,0.6254,31114.9
CUST012253,44244,0.1755,7764.82
CUST012254,19788,0.5475,10833.93
CUST012255,59196,0.3992,23631.04
CUST012256,20808,0.0596,1240.16
CUST012257,4176,0.6537,2729.85
CUST012258,21252,0.6416,13635.28
CUST012259,172356,0.0994,17132.19
CUST012260,85164,0.7624,64929.03
CUST012261,5196,0.2257,1172.74
CUST012262,5604,0.5838,3271.62
CUST012263,17604,0.4006,7052.16
CUST012264,76236,0.4899,37348.02
CUST012265,11124,0.2204,2451.73
CUST012266,6012,0.0516,310.22
CUST012267,5700,0.7008,3994.56
CUST012268,6984,0.7637,5333.68
CUST012269,12480,0.2997,3740.26
CUST012270,18132,0.3448,6251.91
CUST012271,6360,0.1502,955.27
CUST012272,22524,0.6333,14264.45
CUST012273,1992,0.4944,984.84
CUST012274,294996,0.1854,54692.26
CUST012275,13272,0.0969,1286.06
CUST012276,48456,0.0759,3677.81
CUST012277,68664,0.5174,35526.75
CUST012278,34524,0.3353,11575.9
CUST012279,3564,0.0877,312.56
CUST012280,18636,0.8649,16118.28
CUST012281,150636,0.5072,76402.58
CUST012282,9024,0.6885,6213.02
CUST012283,95856,0.6266,60063.37
CUST012284,22128,0.1645,3640.06
CUST012285,81048,0.1757,14240.13
CUST012286,94092,0.6344,59691.96
CUST012287,65076,0.3983,25919.77
CUST012288,20940,0.6164,12907.42
CUST012289,239196,0.1314,31430.35
CUST012290,2460,0.4091,1006.39
CUST012291,65256,0.8077,52707.27
CUST012292,7224,0.7679,5547.31
CUST012293,74100,0.494,36605.4
CUST012294,74244,0.0526,3905.23
CUST012295,7728,0.9216,7122.12
CUST012296,5460,0.1005,548.73
CUST012297,144372,0.7427,107225.08
CUST012298,248748,0.3441,85594.19
CUST012299,66804,0.1103,7368.48
CUST012300,31668,0.7563,23950.51
CUST012301,17784,0.838,14902.99
CUST012302,30876,0.1314,4057.11
CUST012303,12036,0.8599,10349.76
CUST012304,73080,0.6651,48605.51
CUST012305,204792,0.5669,116096.58
CUST012306,228720,0.8918,203972.5
CUST012307,70092,0.511,35817.01
CUST012308,16272,0.3315,5394.17
CUST012309,18408,0.0191,351.59
CUST012310,14316,0.6079,8702.7
CUST012311,238032,0.8008,190616.03
CUST012312,9288,0.4571,4245.54
CUST012313,279408,0.3922,109583.82
CUST012314,19800,0.3248,6431.04
CUST012315,189096,0.8544,161563.62
CUST012316,30912,0.4798,14831.58
CUST012317,12732,0.7485,9529.9
CUST012318,5892,0.5392,3176.97
CUST012319,31188,0.6151,19183.74
CUST012320,4704,0.2636,1239.97
CUST012321,18528,0.5204,9641.97
CUST012322,70224,0.9122,64058.33
CUST012323,23532,0.2009,4727.58
CUST012324,10320,0.5804,5989.73
CUST012325,80808,0.5094,41163.6
CUST012326,180444,0.2457,44335.09
CUST012327,87684,0.8581,75241.64
CUST012328,11508,0.3872,4455.9
CUST012329,50232,0.9104,45731.21
CUST012330,55056,0.5906,32516.07
CUST012331,12156,0.0834,1013.81
CUST012332,57252,0.3045,17433.23
CUST012333,22140,0.3587,7941.62
CUST012334,1224,0.3538,433.05
CUST012335,37608,0.2814,10582.89
CUST012336,156816,0.7702,120779.68
CUST012337,74844,0.1296,9699.78
CUST012338,20748,0.1834,3805.18
CUST012339,67116,0.0901,6047.15
CUST012340,5052,0.8692,4391.2
CUST012341,97212,0.7295,70916.15
CUST012342,89628,0.3772,33807.68
CUST012343,14832,0.7143,10594.5
CUST012344,155340,0.7595,117980.73
CUST012345,2076,0.8655,1796.78
CUST012346,26568,0.397,10547.5
CUST012347,13704,0.0766,1049.73
CUST012348,94164,0.3613,34021.45
CUST012349,63192,0.5353,33826.68
CUST012350,49812,0.9207,45861.91
CUST012351,5592,0.8239,4607.25
CUST012352,159384,0.8725,139062.54
CUST012353,30504,0.9357,28542.59
CUST012354,23544,0.7086,16683.28
CUST012355,15072,0.7366,11102.04
CUST012356,9624,0.3793,3650.38
CUST012357,7200,0.9318,6708.96
CUST012358,36600,0.2196,8037.36
CUST012359,10092,0.6669,6730.35
CUST012360,94224,0.0967,9111.46
CUST012361,48480,0.2431,11785.49
CUST012362,41208,0.3796,15642.56
CUST012363,68520,0.2137,14642.72
CUST012364,49020,0.4881,23926.66
CUST012365,48744,0.231,11259.86
CUST012366,113220,0.3817,43216.07
CUST012367,16044,0.2253,3614.71
CUST012368,70728,0.5323,37648.51
CUST012369,20148,0.4168,8397.69
CUST012370,24564,0.277,6804.23
CUST012371,217860,0.7388,160954.97
CUST012372,12444,0.8197,10200.35
CUST012373,15516,0.3444,5343.71
CUST012374,81576,0.1275,10400.94
CUST012375,9240,0.668,6172.32
CUST012376,23676,0.3916,9271.52
CUST012377,230532,0.3986,91890.06
CUST012378,40812,0.775,31629.3
CUST012379,89868,0.1571,14118.26
CUST012380,270744,0.5293,143304.8
CUST012381,188748,0.5998,113211.05
CUST012382,2556,0.4807,1228.67
CUST012383,17316,0.0666,1153.25
CUST012384,6912,0.2238,1546.91
CUST012385,115380,0.6459,74523.94
CUST012386,4260,0.0895,381.27
CUST012387,201684,0.5837,117722.95
CUST012388,16128,0.5823,9391.33
CUST012389,10536,0.8763,9232.7
CUST012390,13908,0.7763,10796.78
CUST012391,12348,0.6535,8069.42
CUST012392,22584,0.3442,7773.41
CUST012393,86184,0.2273,19589.62
CUST012394,12468,0.2032,2533.5
CUST012395,53268,0.1851,9859.91
CUST012396,176436,0.0223,3934.52
CUST012397,10044,0.2194,2203.65
CUST012398,6564,0.8066,5294.52
CUST012399,65376,0.6742,44076.5
CUST012400,272616,0.8243,224717.37
CUST012401,94092,0.4472,42077.94
CUST012402,14004,0.6649,9311.26
CUST012403,196668,0.4967,97685.0
CUST012404,5688,0.2167,1232.59
CUST012405,80844,0.6914,55895.54
CUST012406,85260,0.2892,24657.19
CUST012407,17616,0.0537,945.98
CUST012408,14520,0.1213,1761.28
CUST012409,73080,0.7903,57755.12
CUST012410,48252,0.7329,35363.89
CUST012411,5568,0.9139,5088.6
CUST012412,8832,0.3549,3134.48
CUST012413,49128,0.2726,13392.29
CUST012414,77592,0.2438,18916.93
CUST012415,36024,0.1183,4261.64
CUST012416,10668,0.4164,4442.16
CUST012417,13056,0.1433,1870.92
CUST012418,17448,0.8874,15483.36
CUST012419,157320,0.5606,88193.59
CUST012420,103224,0.2178,22482.19
CUST012421,17712,0.1364,2415.92
CUST012422,8100,0.2277,1844.37
CUST012423,8676,0.8829,7660.04
CUST012424,294336,0.4119,121237.0
CUST012425,21624,0.7196,15560.63
CUST012426,16956,0.1486,2519.66
CUST012427,49284,0.6677,32906.93
CUST012428,15780,0.459,7243.02
CUST012429,65928,0.8418,55498.19
CUST012430,4008,0.6902,2766.32
CUST012431,74784,0.4347,32508.6
CUST012432,72312,0.4161,30089.02
CUST012433,5064,0.4711,2385.65
CUST012434,64596,0.7809,50443.02
CUST012435,69192,0.942,65178.86
CUST012436,23244,0.1506,3500.55
CUST012437,23940,0.8123,19446.46
CUST012438,5592,0.396,2214.43
CUST012439,14100,0.0239,336.99
CUST012440,57912,0.5015,29042.87
CUST012441,39144,0.5698,22304.25
CUST012442,27924,0.36,10052.64
CUST012443,12960,0.0866,1122.34
CUST012444,15204,0.2928,4451.73
CUST012445,30852,0.9357,28868.22
CUST012446,36264,0.6745,24460.07
CUST012447,277356,0.4523,125448.12
CUST012448,12756,0.8596,10965.06
CUST012449,69180,0.436,30162.48
CUST012450,70728,0.9398,66470.17
CUST012451,54660,0.1676,9161.02
CUST012452,91140,0.8636,78708.5
CUST012453,56928,0.4868,27712.55
CUST012454,42576,0.4015,17094.26
CUST012455,50688,0.6469,32790.07
CUST012456,160056,0.6979,111703.08
CUST012457,3672,0.6636,2436.74
CUST012458,77244,0.7706,59524.23
CUST012459,11832,0.7438,8800.64
CUST012460,76080,0.5917,45016.54
CUST012461,70788,0.5821,41205.69
CUST012462,95100,0.9422,89603.22
CUST012463,19584,0.1266,2479.33
CUST012464,11052,0.3213,3551.01
CUST012465,96924,0.8779,85089.58
CUST012466,56892,0.6788,38618.29
CUST012467,9624,0.7688,7398.93
CUST012468,20040,0.0183,366.73
CUST012469,16632,0.5802,9649.89
CUST012470,17400,0.441,7673.4
CUST012471,179460,0.4996,89658.22
CUST012472,2736,0.1108,303.15
CUST012473,52872,0.693,36640.3
CUST012474,164316,0.193,31712.99
CUST012475,23880,0.8298,19815.62
CUST012476,8844,0.3779,3342.15
CUST012477,89436,0.2803,25068.91
CUST012478,94788,0.6797,64427.4
CUST012479,260040,0.0769,19997.08
CUST012480,22332,0.087,1942.88
CUST012481,20976,0.7521,15776.05
CUST012482,10248,0.3145,3223.0
CUST012483,7956,0.242,1925.35
CUST012484,16548,0.7089,11730.88
CUST012485,14016,0.1744,2444.39
CUST012486,219600,0.6267,137623.32
CUST012487,236436,0.2422,57264.8
CUST012488,87984,0.9128,80311.8
CUST012489,1596,0.2635,420.55
CUST012490,27516,0.4777,13144.39
CUST012491,36324,0.7893,28670.53
CUST012492,17868,0.4693,8385.45
CUST012493,4620,0.3619,1671.98
CUST012494,12720,0.7489,9526.01
CUST012495,63708,0.5978,38084.64
CUST012496,87144,0.7303,63641.26
CUST012497,9096,0.0814,740.41
CUST012498,57180,0.5201,29739.32
CUST012499,20796,0.2593,5392.4
CUST012500,3912,0.6916,2705.54
CUST012501,19644,0.8951,17583.34
CUST012502,93180,0.916,85352.88
CUST012503,89748,0.8874,79642.38
CUST012504,10512,0.1365,1434.89
CUST012505,93252,0.5692,53079.04
CUST012506,5460,0.1738,948.95
CUST012507,2784,0.0265,73.78
CUST012508,86796,0.9273,80485.93
CUST012509,90924,0.2011,18284.82
CUST012510,13296,0.9064,12051.49
CUST012511,16572,0.6957,11529.14
CUST012512,112284,0.7573,85032.67
CUST012513,22872,0.3595,8222.48
CUST012514,52524,0.6133,32212.97
CUST012515,280740,0.8831,247921.49
CUST012516,48888,0.7015,34294.93
CUST012517,45288,0.7942,35967.73
CUST012518,17340,0.3977,6896.12
CUST012519,4980,0.5709,2843.08
CUST012520,15300,0.3616,5532.48
CUST012521,5376,0.3512,1888.05
CUST012522,12060,0.868,10468.08
CUST012523,29376,0.0532,1562.8
CUST012524,20856,0.3258,6794.88
CUST012525,22656,0.6161,13958.36
CUST012526,48444,0.315,15259.86
CUST012527,2244,0.5664,1271.0
CUST012528,56556,0.4215,23838.35
CUST012529,4404,0.8397,3698.04
CUST012530,153996,0.6211,95646.92
CUST012531,56460,0.544,30714.24
CUST012532,22128,0.6085,13464.89
CUST012533,16212,0.917,14866.4
CUST012534,23568,0.5872,13839.13
CUST012535,16956,0.8077,13695.36
CUST012536,33036,0.7659,25302.27
CUST012537,4848,0.5233,2536.96
CUST012538,42456,0.7547,32041.54
CUST012539,1932,0.3116,602.01
CUST012540,257028,0.6942,178428.84
CUST012541,2088,0.5481,1144.43
CUST012542,2220,0.029,64.38
CUST012543,8100,0.4811,3896.91
CUST012544,52080,0.251,13072.08
CUST012545,19248,0.5885,11327.45
CUST012546,86496,0.0833,7205.12
CUST012547,8628,0.7779,6711.72
CUST012548,3648,0.7817,2851.64
CUST012549,76896,0.7798,59963.5
CUST012550,1512,0.4635,700.81
CUST012551,86544,0.8634,74722.09
CUST012552,69072,0.9392,64872.42
CUST012553,87144,0.9009,78508.03
CUST012554,72708,0.301,21885.11
CUST012555,5052,0.6659,3364.13
CUST012556,61500,0.6861,42195.15
CUST012557,4752,0.655,3112.56
CUST012558,12960,0.923,11962.08
CUST012559,189132,0.5318,100580.4
CUST012560,288180,0.6446,185760.83
CUST012561,17484,0.3621,6330.96
CUST012562,7752,0.5055,3918.64
CUST012563,3996,0.1434,573.03
CUST012564,18672,0.1038,1938.15
CUST012565,8952,0.8292,7423.0
CUST012566,22932,0.408,9356.26
CUST012567,71148,0.8715,62005.48
CUST012568,12300,0.3165,3892.95
CUST012569,83076,0.9183,76288.69
CUST012570,8472,0.8289,7022.44
CUST012571,81768,0.6726,54997.16
CUST012572,21684,0.3268,7086.33
CUST012573,278844,0.7379,205758.99
CUST012574,255192,0.5812,148317.59
CUST012575,35952,0.1054,3789.34
CUST012576,8820,0.7891,6959.86
CUST012577,32028,0.6485,20770.16
CUST012578,86532,0.5791,50110.68
CUST012579,21456,0.5885,12626.86
CUST012580,21384,0.0851,1819.78
CUST012581,23568,0.4869,11475.26
CUST012582,15888,0.3841,6102.58
CUST012583,20340,0.3734,7594.96
CUST012584,233256,0.5469,127567.71
CUST012585,16752,0.3811,6384.19
CUST012586,1500,0.6186,927.9
CUST012587,290136,0.0879,25502.95
CUST012588,215460,0.6806,146642.08
CUST012589,5904,0.4245,2506.25
CUST012590,5700,0.0826,470.82
CUST012591,73548,0.7276,53513.52
CUST012592,22632,0.7987,18076.18
CUST012593,285840,0.3445,98471.88
CUST012594,8784,0.8068,7086.93
CUST012595,30360,0.3023,9177.83
CUST012596,23412,0.0161,376.93
CUST012597,56724,0.6907,39179.27
CUST012598,11412,0.9092,10375.79
CUST012599,39708,0.2559,10161.28
CUST012600,17964,0.5416,9729.3
CUST012601,86700,0.0703,6095.01
CUST012602,24144,0.05,1207.2
CUST012603,186492,0.9489,176962.26
CUST012604,85320,0.4037,34443.68
CUST012605,65808,0.3489,22960.41
CUST012606,7680,0.5937,4559.62
CUST012607,65508,0.643,42121.64
CUST012608,51480,0.6646,34213.61
CUST012609,225504,0.8003,180470.85
CUST012610,97860,0.1015,9932.79
CUST012611,15432,0.2803,4325.59
CUST012612,7980,0.87,6942.6
CUST012613,33912,0.2222,7535.25
CUST012614,236652,0.5586,132193.81
CUST012615,22416,0.0157,351.93
CUST012616,126120,0.6211,78333.13
CUST012617,9348,0.3108,2905.36
CUST012618,20988,0.5799,12170.94
CUST012619,25620,0.7615,19509.63
CUST012620,186132,0.2651,49343.59
CUST012621,273060,0.0952,25995.31
CUST012622,21288,0.3564,7587.04
CUST012623,85188,0.6284,53532.14
CUST012624,21456,0.5792,12427.32
CUST012625,17628,0.8361,14738.77
CUST012626,32376,0.5793,18755.42
CUST012627,58404,0.3211,18753.52
CUST012628,13752,0.177,2434.1
CUST012629,9948,0.9123,9075.56
CUST012630,54000,0.0232,1252.8
CUST012631,12900,0.5171,6670.59
CUST012632,9228,0.5204,4802.25
CUST012633,9768,0.0663,647.62
CUST012634,9252,0.3006,2781.15
CUST012635,20040,0.7612,15254.45
CUST012636,10752,0.2829,3041.74
CUST012637,245784,0.0454,11158.59
CUST012638,27564,0.1416,3903.06
CUST012639,3204,0.5226,1674.41
CUST012640,16956,0.1191,2019.46
CUST012641,3792,0.0367,139.17
CUST012642,7620,0.2233,1701.55
CUST012643,1584,0.1099,174.08
CUST012644,7728,0.1431,1105.88
CUST012645,41772,0.4759,19879.29
CUST012646,56028,0.6251,35023.1
CUST012647,136476,0.4514,61605.27
CUST012648,3636,0.3894,1415.86
CUST012649,19524,0.1268,2475.64
CUST012650,59076,0.1149,6787.83
CUST012651,71844,0.3797,27279.17
CUST012652,20892,0.4085,8534.38
CUST012653,16116,0.9499,15308.59
CUST012654,172896,0.537,92845.15
CUST012655,36612,0.0628,2299.23
CUST012656,28668,0.9085,26044.88
CUST012657,15780,0.8823,13922.69
CUST012658,77172,0.2502,19308.43
CUST012659,89784,0.9174,82367.84
CUST012660,5316,0.3207,1704.84
CUST012661,123996,0.3205,39740.72
CUST012662,8160,0.5932,4840.51
CUST012663,70572,0.6567,46344.63
CUST012664,50412,0.8392,42305.75
CUST012665,2148,0.5273,1132.64
CUST012666,20904,0.8774,18341.17
CUST012667,50952,0.721,36736.39
CUST012668,60276,0.7704,46436.63
CUST012669,22752,0.5558,12645.56
CUST012670,15660,0.6381,9992.65
CUST012671,70608,0.1053,7435.02
CUST012672,19092,0.6681,12755.37
CUST012673,6120,0.7412,4536.14
CUST012674,93972,0.6608,62096.7
CUST012675,12360,0.5907,7301.05
CUST012676,20292,0.5736,11639.49
CUST012677,12720,0.1488,1892.74
CUST012678,23628,0.6182,14606.83
CUST012679,22656,0.7347,16645.36
CUST012680,12000,0.1746,2095.2
CUST012681,233856,0.6126,143260.19
CUST012682,259656,0.2905,75430.07
CUST012683,16032,0.7378,11828.41
CUST012684,51396,0.1836,9436.31
CUST012685,20340,0.3825,7780.05
CUST012686,14856,0.5978,8880.92
CUST012687,12312,0.1516,1866.5
CUST012688,27876,0.9187,25609.68
CUST012689,142656,0.7829,111685.38
CUST012690,11232,0.9244,10382.86
CUST012691,2652,0.4689,1243.52
CUST012692,15288,0.5263,8046.07
CUST012693,23736,0.7421,17614.49
CUST012694,189384,0.3008,56966.71
CUST012695,31884,0.5557,17717.94
CUST012696,290016,0.2523,73171.04
CUST012697,53244,0.8164,43468.4
CUST012698,18480,0.7786,14388.53
CUST012699,17916,0.7304,13085.85
CUST012700,76812,0.1712,13150.21
CUST012701,64476,0.8974,57860.76
CUST012702,248796,0.6381,158756.73
CUST012703,40980,0.065,2663.7
CUST012704,41364,0.7652,31651.73
CUST012705,47136,0.3782,17826.84
CUST012706,16440,0.9415,15478.26
CUST012707,10428,0.373,3889.64
CUST012708,28452,0.6701,19065.69
CUST012709,9000,0.7186,6467.4
CUST012710,229068,0.2466,56488.17
CUST012711,44736,0.5272,23584.82
CUST012712,13896,0.4531,6296.28
CUST012713,10524,0.5928,6238.63
CUST012714,60120,0.1081,6498.97
CUST012715,68364,0.35,23927.4
CUST012716,38820,0.2669,10361.06
CUST012717,12780,0.8922,11402.32
CUST012718,180672,0.5492,99225.06
CUST012719,39504,0.8781,34688.46
CUST012720,79956,0.6869,54921.78
CUST012721,8988,0.5222,4693.53
CUST012722,22512,0.2956,6654.55
CUST012723,18672,0.236,4406.59
CUST012724,17760,0.7727,13723.15
CUST012725,93600,0.0185,1731.6
CUST012726,170280,0.9159,155959.45
CUST012727,17556,0.869,15256.16
CUST012728,68400,0.7019,48009.96
CUST012729,10632,0.5371,5710.45
CUST012730,79044,0.9366,74032.61
CUST012731,236124,0.832,196455.17
CUST012732,7668,0.4112,3153.08
CUST012733,51924,0.9305,48315.28
CUST012734,81708,0.1763,14405.12
CUST012735,2052,0.9415,1931.96
CUST012736,85368,0.1342,11456.39
CUST012737,112872,0.5244,59190.08
CUST012738,21024,0.2155,4530.67
CUST012739,11088,0.0562,623.15
CUST012740,54492,0.3558,19388.25
CUST012741,5940,0.2397,1423.82
CUST012742,21744,0.2771,6025.26
CUST012743,16800,0.0744,1249.92
CUST012744,10188,0.8074,8225.79
CUST012745,68112,0.7404,50430.12
CUST012746,205476,0.8499,174634.05
CUST012747,136608,0.4534,61938.07
CUST012748,36576,0.7716,28222.04
CUST012749,20088,0.8758,17593.07
CUST012750,41916,0.8359,35037.58
CUST012751,1452,0.7763,1127.19
CUST012752,74352,0.5716,42499.6
CUST012753,68940,0.2187,15077.18
CUST012754,8196,0.9128,7481.31
CUST012755,11580,0.39,4516.2
CUST012756,14904,0.1189,1772.09
CUST012757,96576,0.456,44038.66
CUST012758,82836,0.4569,37847.77
CUST012759,14772,0.7844,11587.16
CUST012760,15240,0.5098,7769.35
CUST012761,175224,0.5261,92185.35
CUST012762,35220,0.4723,16634.41
CUST012763,17940,0.4024,7219.06
CUST012764,11952,0.7911,9455.23
CUST012765,12228,0.2993,3659.84
CUST012766,40332,0.7099,28631.69
CUST012767,71364,0.0425,3032.97
CUST012768,23184,0.7992,18528.65
CUST012769,14796,0.5707,8444.08
CUST012770,56484,0.6542,36951.83
CUST012771,22368,0.3011,6735.0
CUST012772,55008,0.5409,29753.83
CUST012773,61332,0.0661,4054.05
CUST012774,12696,0.7676,9745.45
CUST012775,13044,0.9038,11789.17
CUST012776,70536,0.6627,46744.21
CUST012777,57396,0.804,46146.38
CUST012778,17196,0.2439,4194.1
CUST012779,76968,0.123,9467.06
CUST012780,48096,0.932,44825.47
CUST012781,12120,0.0736,892.03
CUST012782,71940,0.0103,740.98
CUST012783,157104,0.2239,35175.59
CUST012784,50292,0.5061,25452.78
CUST012785,15768,0.709,11179.51
CUST012786,173772,0.9014,156638.08
CUST012787,64908,0.938,60883.7
CUST012788,10200,0.8969,9148.38
CUST012789,1548,0.3625,561.15
CUST012790,10008,0.7862,7868.29
CUST012791,126684,0.0499,6321.53
CUST012792,25344,0.3704,9387.42
CUST012793,92196,0.3524,32489.87
CUST012794,20220,0.6596,13337.11
CUST012795,21864,0.7495,16387.07
CUST012796,75816,0.9263,70228.36
CUST012797,13716,0.2178,2987.34
CUST012798,45996,0.0542,2492.98
CUST012799,11124,0.3348,3724.32
CUST012800,22884,0.1612,3688.9
CUST012801,20676,0.6862,14187.87
CUST012802,33876,0.2713,9190.56
CUST012803,71220,0.3651,26002.42
CUST012804,48780,0.6353,30989.93
CUST012805,3624,0.0298,108.0
CUST012806,5868,0.8525,5002.47
CUST012807,87948,0.2547,22400.36
CUST012808,96168,0.1081,10395.76
CUST012809,91164,0.6702,61098.11
CUST012810,69156,0.5678,39266.78
CUST012811,16440,0.2659,4371.4
CUST012812,155820,0.4593,71568.13
CUST012813,43428,0.6235,27077.36
CUST012814,127512,0.7166,91375.1
CUST012815,210660,0.6572,138445.75
CUST012816,10248,0.5401,5534.94
CUST012817,84348,0.9084,76621.72
CUST012818,257472,0.5792,149127.78
CUST012819,62244,0.3979,24766.89
CUST012820,49680,0.5092,25297.06
CUST012821,122628,0.745,91357.86
CUST012822,18636,0.675,12579.3
CUST012823,29424,0.2901,8535.9
CUST012824,94380,0.913,86168.94
CUST012825,23124,0.8416,19461.16
CUST012826,23016,0.2406,5537.65
CUST012827,23928,0.6877,16455.29
CUST012828,11292,0.9154,10336.7
CUST012829,35760,0.8879,31751.3
CUST012830,2892,0.9296,2688.4
CUST012831,14640,0.8139,11915.5
CUST012832,13788,0.2102,2898.24
CUST012833,4512,0.9408,4244.89
CUST012834,34716,0.9142,31737.37
CUST012835,21108,0.4948,10444.24
CUST012836,49236,0.0955,4702.04
CUST012837,276612,0.9236,255478.84
CUST012838,7248,0.882,6392.74
CUST012839,95376,0.5388,51388.59
CUST012840,67776,0.1637,11094.93
CUST012841,210228,0.9297,195448.97
CUST012842,34584,0.2705,9354.97
CUST012843,5340,0.1602,855.47
CUST012844,35748,0.7806,27904.89
CUST012845,12996,0.1845,2397.76
CUST012846,20748,0.6875,14264.25
CUST012847,5628,0.0476,267.89
CUST012848,194016,0.8152,158161.84
CUST012849,3744,0.2193,821.06
CUST012850,16512,0.1155,1907.14
CUST012851,10320,0.0133,137.26
CUST012852,23292,0.9375,21836.25
CUST012853,106404,0.6705,71343.88
CUST012854,5208,0.2685,1398.35
CUST012855,2748,0.0607,166.8
CUST012856,36876,0.8843,32609.45
CUST012857,21048,0.9064,19077.91
CUST012858,23220,0.339,7871.58
CUST012859,7704,0.2959,2279.61
CUST012860,17448,0.492,8584.42
CUST012861,13248,0.7003,9277.57
CUST012862,7284,0.0937,682.51
CUST012863,43104,0.3008,12965.68
CUST012864,14304,0.1943,2779.27
CUST012865,22680,0.4521,10253.63
CUST012866,12576,0.0872,1096.63
CUST012867,88128,0.4861,42839.02
CUST012868,66948,0.9289,62188.0
CUST012869,296940,0.5073,150637.66
CUST012870,273156,0.4113,112349.06
CUST012871,188736,0.0514,9701.03
CUST012872,10788,0.6737,7267.88
CUST012873,46560,0.1476,6872.26
CUST012874,5160,0.5467,2820.97
CUST012875,162744,0.9429,153451.32
CUST012876,73488,0.2812,20664.83
CUST012877,87156,0.891,77656.0
CUST012878,82056,0.305,25027.08
CUST012879,59520,0.5532,32926.46
CUST012880,98592,0.5303,52283.34
CUST012881,59256,0.2612,15477.67
CUST012882,95340,0.1934,18438.76
CUST012883,22296,0.7252,16169.06
CUST012884,10980,0.0828,909.14
CUST012885,2868,0.1747,501.04
CUST012886,47076,0.8655,40744.28
CUST012887,23220,0.7084,16449.05
CUST012888,93324,0.94,87724.56
CUST012889,95736,0.1666,15949.62
CUST012890,18996,0.8629,16391.65
CUST012891,286068,0.5446,155792.63
CUST012892,9300,0.3144,2923.92
CUST012893,251496,0.6129,154141.9
CUST012894,33312,0.1026,3417.81
CUST012895,7248,0.626,4537.25
CUST012896,21108,0.9136,19284.27
CUST012897,32592,0.1131,3686.16
CUST012898,52392,0.6964,36485.79
CUST012899,6816,0.8281,5644.33
CUST012900,19788,0.6593,13046.23
CUST012901,44340,0.2422,10739.15
CUST012902,11916,0.0972,1158.24
CUST012903,18108,0.1067,1932.12
CUST012904,4848,0.6764,3279.19
CUST012905,88992,0.7919,70472.76
CUST012906,164808,0.7176,118266.22
CUST012907,242172,0.2918,70665.79
CUST012908,7716,0.0412,317.9
CUST012909,22128,0.0653,1444.96
CUST012910,20556,0.098,2014.49
CUST012911,61944,0.3956,24505.05
CUST012912,13644,0.0759,1035.58
CUST012913,224256,0.3848,86293.71
CUST012914,251808,0.7525,189485.52
CUST012915,13080,0.9312,12180.1
CUST012916,128436,0.756,97097.62
CUST012917,90684,0.5741,52061.68
CUST012918,73728,0.0218,1607.27
CUST012919,21612,0.6461,13963.51
CUST012920,17040,0.2163,3685.75
CUST012921,20928,0.1029,2153.49
CUST012922,8748,0.7542,6597.74
CUST012923,19092,0.5373,10258.13
CUST012924,42000,0.2131,8950.2
CUST012925,84156,0.5147,43315.09
CUST012926,17400,0.2757,4797.18
CUST012927,4140,0.6103,2526.64
CUST012928,297024,0.3486,103542.57
CUST012929,35280,0.2071,7306.49
CUST012930,159840,0.8675,138661.2
CUST012931,247284,0.265,65530.26
CUST012932,2304,0.1087,250.44
CUST012933,88632,0.7798,69115.23
CUST012934,74940,0.6223,46635.16
CUST012935,94500,0.4931,46597.95
CUST012936,6216,0.297,1846.15
CUST012937,33624,0.7019,23600.69
CUST012938,17160,0.0942,1616.47
CUST012939,6912,0.03,207.36
CUST012940,154044,0.9427,145217.28
CUST012941,299868,0.17,50977.56
CUST012942,12516,0.7897,9883.89
CUST012943,91020,0.1833,16683.97
CUST012944,12504,0.781,9765.62
CUST012945,13428,0.5573,7483.42
CUST012946,10896,0.8226,8963.05
CUST012947,20316,0.1137,2309.93
CUST012948,11940,0.1156,1380.26
CUST012949,22728,0.0371,843.21
CUST012950,147360,0.8716,128438.98
CUST012951,10464,0.3862,4041.2
CUST012952,115068,0.8732,100477.38
CUST012953,4488,0.2569,1152.97
CUST012954,165228,0.1422,23495.42
CUST012955,8484,0.5306,4501.61
CUST012956,88608,0.0474,4200.02
CUST012957,181320,0.0833,15103.96
CUST012958,12120,0.9238,11196.46
CUST012959,15012,0.042,630.5
CUST012960,30348,0.382,11592.94
CUST012961,9816,0.2739,2688.6
CUST012962,124908,0.0596,7444.52
CUST012963,100032,0.7287,72893.32
CUST012964,70044,0.414,28998.22
CUST012965,1872,0.0913,170.91
CUST012966,6612,0.6332,4186.72
CUST012967,230088,0.2862,65851.19
CUST012968,53604,0.7266,38948.67
CUST012969,53004,0.4984,26417.19
CUST012970,73176,0.2052,15015.72
CUST012971,12048,0.9442,11375.72
CUST012972,83196,0.3129,26032.03
CUST012973,72876,0.2492,18160.7
CUST012974,22176,0.5306,11766.59
CUST012975,169968,0.8879,150914.59
CUST012976,84744,0.2366,20050.43
CUST012977,5496,0.6438,3538.32
CUST012978,23760,0.2368,5626.37
CUST012979,5376,0.5575,2997.12
CUST012980,14532,0.682,9910.82
CUST012981,17748,0.6192,10989.56
CUST012982,13992,0.2173,3040.46
CUST012983,12708,0.9276,11787.94
CUST012984,4008,0.5844,2342.28
CUST012985,239352,0.592,141696.38
CUST012986,17004,0.3113,5293.35
CUST012987,15204,0.2445,3717.38
CUST012988,7212,0.2799,2018.64
CUST012989,22716,0.4844,11003.63
CUST012990,2520,0.0394,99.29
CUST012991,87528,0.7287,63781.65
CUST012992,68436,0.8801,60230.52
CUST012993,2820,0.3346,943.57
CUST012994,44124,0.5915,26099.35
CUST012995,11520,0.5964,6870.53
CUST012996,8304,0.2808,2331.76
CUST012997,73668,0.3852,28376.91
CUST012998,32976,0.4093,13497.08
CUST012999,285240,0.894,255004.56
CUST013000,11232,0.4864,5463.24
CUST013001,10860,0.7828,8501.21
CUST013002,14184,0.5111,7249.44
CUST013003,45744,0.2313,10580.59
CUST013004,63492,0.2912,18488.87
CUST013005,1800,0.5652,1017.36
CUST013006,144744,0.4601,66596.71
CUST013007,206472,0.6304,130159.95
CUST013008,23724,0.4169,9890.54
CUST013009,74484,0.583,43424.17
CUST013010,14484,0.8866,12841.51
CUST013011,18108,0.1579,2859.25
CUST013012,11664,0.0829,966.95
CUST013013,18804,0.0467,878.15
CUST013014,98220,0.798,78379.56
CUST013015,5100,0.1129,575.79
CUST013016,16944,0.1051,1780.81
CUST013017,35928,0.6172,22174.76
CUST013018,61476,0.8896,54689.05
CUST013019,60048,0.4172,25052.03
CUST013020,7728,0.4701,3632.93
CUST013021,140880,0.3024,42602.11
CUST013022,12624,0.5092,6428.14
CUST013023,16644,0.3058,5089.74
CUST013024,15948,0.72,11482.56
CUST013025,1212,0.439,532.07
CUST013026,7668,0.0787,603.47
CUST013027,15684,0.262,4109.21
CUST013028,4212,0.688,2897.86
CUST013029,67056,0.1348,9039.15
CUST013030,255924,0.3976,101755.38
CUST013031,197112,0.9244,182210.33
CUST013032,12300,0.4455,5479.65
CUST013033,5076,0.7418,3765.38
CUST013034,86364,0.6535,56438.87
CUST013035,55020,0.5072,27906.14
CUST013036,119964,0.9228,110702.78
CUST013037,10812,0.2913,3149.54
CUST013038,4080,0.9252,3774.82
CUST013039,63828,0.941,60062.15
CUST013040,4776,0.6552,3129.24
CUST013041,22884,0.7853,17970.81
CUST013042,57036,0.2806,16004.3
CUST013043,50148,0.0621,3114.19
CUST013044,72480,0.8828,63985.34
CUST013045,145236,0.6093,88492.29
CUST013046,29628,0.8486,25142.32
CUST013047,15840,0.04,633.6
CUST013048,11592,0.2352,2726.44
CUST013049,18672,0.2431,4539.16
CUST013050,7536,0.244,1838.78
CUST013051,25296,0.7965,20148.26
CUST013052,57756,0.3524,20353.21
CUST013053,51732,0.0857,4433.43
CUST013054,15948,0.5965,9512.98
CUST013055,199776,0.2207,44090.56
CUST013056,8628,0.5193,4480.52
CUST013057,53280,0.1921,10235.09
CUST013058,12000,0.6367,7640.4
CUST013059,57552,0.3272,18831.01
CUST013060,202044,0.2469,49884.66
CUST013061,22200,0.9493,21074.46
CUST013062,260808,0.2227,58081.94
CUST013063,140508,0.7893,110902.96
CUST013064,9660,0.5536,5347.78
CUST013065,41868,0.7969,33364.61
CUST013066,20364,0.591,12035.12
CUST013067,20772,0.5046,10481.55
CUST013068,209712,0.3784,79355.02
CUST013069,285384,0.7882,224939.67
CUST013070,240180,0.2706,64992.71
CUST013071,19236,0.0909,1748.55
CUST013072,23112,0.9386,21692.92
CUST013073,40872,0.13,5313.36
CUST013074,12972,0.7951,10314.04
CUST013075,7848,0.0795,623.92
CUST013076,50520,0.729,36829.08
CUST013077,5628,0.7434,4183.86
CUST013078,6336,0.8803,5577.58
CUST013079,55152,0.7442,41044.12
CUST013080,78120,0.6548,51152.98
CUST013081,21960,0.4,8784.0
CUST013082,15264,0.5151,7862.49
CUST013083,84780,0.6711,56895.86
CUST013084,17256,0.8551,14755.61
CUST013085,14820,0.5652,8376.26
CUST013086,57840,0.1032,5969.09
CUST013087,17436,0.4829,8419.84
CUST013088,9756,0.0792,772.68
CUST013089,44940,0.8689,39048.37
CUST013090,35940,0.163,5858.22
CUST013091,18708,0.4306,8055.66
CUST013092,44544,0.7175,31960.32
CUST013093,194184,0.3328,64624.44
CUST013094,21108,0.3062,6463.27
CUST013095,5844,0.3673,2146.5
CUST013096,19380,0.4553,8823.71
CUST013097,43344,0.1245,5396.33
CUST013098,4308,0.9213,3968.96
CUST013099,29952,0.7779,23299.66
CUST013100,77892,0.2329,18141.05
CUST013101,36396,0.5139,18703.9
CUST013102,14076,0.179,2519.6
CUST013103,16380,0.0207,339.07
CUST013104,79620,0.4419,35184.08
CUST013105,63252,0.1917,12125.41
CUST013106,12456,0.1113,1386.35
CUST013107,16584,0.9018,14955.45
CUST013108,40212,0.7055,28369.57
CUST013109,20412,0.7627,15568.23
CUST013110,5772,0.9011,5201.15
CUST013111,20172,0.1196,2412.57
CUST013112,36456,0.6447,23503.18
CUST013113,17940,0.8753,15702.88
CUST013114,54684,0.5257,28747.38
CUST013115,11988,0.9119,10931.86
CUST013116,49404,0.793,39177.37
CUST013117,25920,0.6875,17820.0
CUST013118,16776,0.6625,11114.1
CUST013119,94008,0.4607,43309.49
CUST013120,87516,0.6764,59195.82
CUST013121,93684,0.6977,65363.33
CUST013122,17124,0.5107,8745.23
CUST013123,91728,0.2323,21308.41
CUST013124,89484,0.3255,29127.04
CUST013125,10992,0.106,1165.15
CUST013126,21312,0.9352,19930.98
CUST013127,9096,0.3698,3363.7
CUST013128,68496,0.1245,8527.75
CUST013129,52596,0.6067,31909.99
CUST013130,18252,0.6654,12144.88
CUST013131,56436,0.1956,11038.88
CUST013132,253740,0.0709,17990.17
CUST013133,23784,0.2217,5272.91
CUST013134,3096,0.7906,2447.7
CUST013135,50160,0.8699,43634.18
CUST013136,8196,0.2778,2276.85
CUST013137,261060,0.0518,13522.91
CUST013138,82668,0.6078,50245.61
CUST013139,178944,0.2759,49370.65
CUST013140,45204,0.9388,42437.52
CUST013141,14328,0.2781,3984.62
CUST013142,28956,0.4836,14003.12
CUST013143,22284,0.0925,2061.27
CUST013144,4608,0.08,368.64
CUST013145,90756,0.5171,46929.93
CUST013146,18900,0.8942,16900.38
CUST013147,15936,0.0755,1203.17
CUST013148,62016,0.4698,29135.12
CUST013149,165552,0.4614,76385.69
CUST013150,21780,0.7887,17177.89
CUST013151,20364,0.7418,15106.02
CUST013152,89688,0.0238,2134.57
CUST013153,62856,0.422,26525.23
CUST013154,26952,0.2318,6247.47
CUST013155,15960,0.4408,7035.17
CUST013156,10992,0.2303,2531.46
CUST013157,244920,0.7076,173305.39
CUST013158,19656,0.5396,10606.38
CUST013159,13140,0.8499,11167.69
CUST013160,7704,0.2772,2135.55
CUST013161,13668,0.0197,269.26
CUST013162,12300,0.9222,11343.06
CUST013163,4488,0.8571,3846.66
CUST013164,3648,0.0256,93.39
CUST013165,7920,0.3154,2497.97
CUST013166,37140,0.8599,31936.69
CUST013167,42768,0.9135,39068.57
CUST013168,154128,0.0919,14164.36
CUST013169,12852,0.3822,4912.03
CUST013170,167676,0.8629,144687.62
CUST013171,14628,0.1035,1514.0
CUST013172,4152,0.8333,3459.86
CUST013173,20052,0.772,15480.14
CUST013174,33528,0.5287,17726.25
CUST013175,298344,0.7848,234140.37
CUST013176,10296,0.6143,6324.83
CUST013177,240756,0.1272,30624.16
CUST013178,8748,0.4594,4018.83
CUST013179,10728,0.3817,4094.88
CUST013180,55632,0.0168,934.62
CUST013181,16908,0.7566,12792.59
CUST013182,15420,0.6362,9810.2
CUST013183,14988,0.7783,11665.16
CUST013184,57756,0.0909,5250.02
CUST013185,21252,0.0922,1959.43
CUST013186,42204,0.8871,37439.17
CUST013187,3336,0.418,1394.45
CUST013188,69756,0.7186,50126.66
CUST013189,157848,0.0236,3725.21
CUST013190,9024,0.5122,4622.09
CUST013191,283584,0.8267,234438.89
CUST013192,49752,0.077,3830.9
CUST013193,3960,0.529,2094.84
CUST013194,18840,0.8744,16473.7
CUST013195,50100,0.0869,4353.69
CUST013196,24636,0.8431,20770.61
CUST013197,78600,0.3057,24028.02
CUST013198,82740,0.307,25401.18
CUST013199,6552,0.178,1166.26
CUST013200,2508,0.1943,487.3
CUST013201,12984,0.1653,2146.26
CUST013202,18828,0.7166,13492.14
CUST013203,59568,0.672,40029.7
CUST013204,9432,0.9393,8859.48
CUST013205,226524,0.2399,54343.11
CUST013206,15540,0.2833,4402.48
CUST013207,17304,0.376,6506.3
CUST013208,18624,0.4993,9298.96
CUST013209,13548,0.5802,7860.55
CUST013210,9372,0.8418,7889.35
CUST013211,7704,0.9419,7256.4
CUST013212,15564,0.7428,11560.94
CUST013213,17760,0.7633,13556.21
CUST013214,63228,0.2569,16243.27
CUST013215,75144,0.8073,60663.75
CUST013216,264972,0.855,226551.06
CUST013217,20280,0.8441,17118.35
CUST013218,49740,0.7015,34892.61
CUST013219,5784,0.0877,507.26
CUST013220,9924,0.0935,927.89
CUST013221,6768,0.69,4669.92
CUST013222,22104,0.1593,3521.17
CUST013223,41808,0.0273,1141.36
CUST013224,83496,0.3492,29156.8
CUST013225,194640,0.6116,119041.82
CUST013226,90960,0.6746,61361.62
CUST013227,23460,0.1809,4243.91
CUST013228,24288,0.0785,1906.61
CUST013229,7956,0.1453,1156.01
CUST013230,15024,0.8895,13363.85
CUST013231,20664,0.8366,17287.5
CUST013232,5856,0.8262,4838.23
CUST013233,104100,0.7629,79417.89
CUST013234,22320,0.4991,11139.91
CUST013235,22044,0.0544,1199.19
CUST013236,22848,0.1791,4092.08
CUST013237,70452,0.1228,8651.51
CUST013238,23988,0.0921,2209.29
CUST013239,47268,0.7752,36642.15
CUST013240,8208,0.92,7551.36
CUST013241,22488,0.4345,9771.04
CUST013242,4188,0.8663,3628.06
CUST013243,90576,0.0361,3269.79
CUST013244,190980,0.244,46599.12
CUST013245,47112,0.0489,2303.78
CUST013246,108852,0.682,74237.06
CUST013247,100008,0.4133,41333.31
CUST013248,17760,0.8749,15538.22
CUST013249,39312,0.3162,12430.45
CUST013250,222336,0.7455,165751.49
CUST013251,31668,0.6981,22107.43
CUST013252,20664,0.6778,14006.06
CUST013253,45828,0.0967,4431.57
CUST013254,129492,0.3231,41838.87
CUST013255,8412,0.8657,7282.27
CUST013256,16200,0.4208,6816.96
CUST013257,93888,0.3995,37508.26
CUST013258,35760,0.5609,20057.78
CUST013259,11076,0.3248,3597.48
CUST013260,289608,0.321,92964.17
CUST013261,6876,0.1694,1164.79
CUST013262,20040,0.9377,18791.51
CUST013263,85092,0.3576,30428.9
CUST013264,81612,0.639,52150.07
CUST013265,218076,0.5143,112156.49
CUST013266,94596,0.5773,54610.27
CUST013267,7236,0.9422,6817.76
CUST013268,47832,0.7223,34549.05
CUST013269,21288,0.1468,3125.08
CUST013270,78552,0.8431,66227.19
CUST013271,87720,0.0648,5684.26
CUST013272,86736,0.8107,70316.88
CUST013273,65628,0.0563,3694.86
CUST013274,12240,0.4057,4965.77
CUST013275,79284,0.3701,29343.01
CUST013276,161640,0.0553,8938.69
CUST013277,30564,0.268,8191.15
CUST013278,7356,0.5283,3886.17
CUST013279,13128,0.038,498.86
CUST013280,186528,0.7518,140231.75
CUST013281,5508,0.4025,2216.97
CUST013282,135012,0.2956,39909.55
CUST013283,145560,0.4214,61338.98
CUST013284,11664,0.4899,5714.19
CUST013285,78168,0.587,45884.62
CUST013286,79140,0.8733,69112.96
CUST013287,77712,0.5103,39656.43
CUST013288,50448,0.5978,30157.81
CUST013289,9876,0.2866,2830.46
CUST013290,159528,0.2206,35191.88
CUST013291,43872,0.6433,28222.86
CUST013292,5664,0.7244,4103.0
CUST013293,7080,0.0106,75.05
CUST013294,85104,0.5252,44696.62
CUST013295,93696,0.0508,4759.76
CUST013296,8112,0.0933,756.85
CUST013297,11028,0.0248,273.49
CUST013298,1644,0.1581,259.92
CUST013299,155856,0.8309,129500.75
CUST013300,82800,0.4749,39321.72
CUST013301,23304,0.0793,1848.01
CUST013302,6288,0.0635,399.29
CUST013303,114888,0.1222,14039.31
CUST013304,11232,0.0489,549.24
CUST013305,93804,0.781,73260.92
CUST013306,83040,0.4469,37110.58
CUST013307,91776,0.4565,41895.74
CUST013308,53328,0.4089,21805.82
CUST013309,78312,0.407,31872.98
CUST013310,83448,0.8173,68202.05
CUST013311,126936,0.1216,15435.42
CUST013312,14376,0.7717,11093.96
CUST013313,14616,0.4663,6815.44
CUST013314,27324,0.2682,7328.3
CUST013315,6792,0.0384,260.81
CUST013316,21912,0.3661,8021.98
CUST013317,23760,0.4208,9998.21
CUST013318,23100,0.0309,713.79
CUST013319,1608,0.3154,507.16
CUST013320,13608,0.564,7674.91
CUST013321,4764,0.6436,3066.11
CUST013322,19152,0.4095,7842.74
CUST013323,153396,0.9367,143686.03
CUST013324,193776,0.6971,135081.25
CUST013325,50928,0.1518,7730.87
CUST013326,3660,0.2731,999.55
CUST013327,176400,0.254,44805.6
CUST013328,86160,0.2658,22901.33
CUST013329,17040,0.6498,11072.59
CUST013330,15660,0.1109,1736.69
CUST013331,52116,0.6272,32687.16
CUST013332,9048,0.3981,3602.01
CUST013333,1860,0.9359,1740.77
CUST013334,9996,0.3294,3292.68
CUST013335,27600,0.383,10570.8
CUST013336,4980,0.183,911.34
CUST013337,74148,0.7749,57457.29
CUST013338,186852,0.5637,105328.47
CUST013339,151320,0.3968,60043.78
CUST013340,113472,0.5413,61422.39
CUST013341,11676,0.9255,10806.14
CUST013342,21528,0.7439,16014.68
CUST013343,14112,0.2434,3434.86
CUST013344,85812,0.6608,56704.57
CUST013345,204384,0.143,29226.91
CUST013346,263856,0.5421,143036.34
CUST013347,65856,0.7701,50715.71
CUST013348,262116,0.5608,146994.65
CUST013349,86928,0.1749,15203.71
CUST013350,20940,0.671,14050.74
CUST013351,17616,0.4446,7832.07
CUST013352,24912,0.7531,18761.23
CUST013353,17400,0.4006,6970.44
CUST013354,139476,0.222,30963.67
CUST013355,14712,0.8957,13177.54
CUST013356,81456,0.4497,36630.76
CUST013357,20016,0.3556,7117.69
CUST013358,55920,0.3956,22121.95
CUST013359,7284,0.6373,4642.09
CUST013360,23292,0.6853,15962.01
CUST013361,27660,0.3386,9365.68
CUST013362,20688,0.3961,8194.52
CUST013363,56160,0.8203,46068.05
CUST013364,7824,0.7222,5650.49
CUST013365,68916,0.3282,22618.23
CUST013366,21180,0.2805,5940.99
CUST013367,29160,0.0868,2531.09
CUST013368,226380,0.0802,18155.68
CUST013369,178368,0.277,49407.94
CUST013370,7560,0.8582,6487.99
CUST013371,20160,0.862,17377.92
CUST013372,44892,0.5561,24964.44
CUST013373,10260,0.7391,7583.17
CUST013374,287460,0.0613,17621.3
CUST013375,15384,0.5998,9227.32
CUST013376,192168,0.8681,166821.04
CUST013377,14088,0.89,12538.32
CUST013378,22800,0.8875,20235.0
CUST013379,28020,0.3921,10986.64
CUST013380,8772,0.834,7315.85
CUST013381,11928,0.4632,5525.05
CUST013382,56076,0.5041,28267.91
CUST013383,255276,0.3133,79977.97
CUST013384,11988,0.9342,11199.19
CUST013385,198804,0.2042,40595.78
CUST013386,199176,0.6732,134085.28
CUST013387,18108,0.2656,4809.48
CUST013388,2388,0.7754,1851.66
CUST013389,8892,0.6576,5847.38
CUST013390,64380,0.7246,46649.75
CUST013391,7632,0.8011,6114.0
CUST013392,40884,0.4038,16508.96
CUST013393,69480,0.2523,17529.8
CUST013394,262740,0.2566,67419.08
CUST013395,68424,0.514,35169.94
CUST013396,263280,0.3636,95728.61
CUST013397,59256,0.9093,53881.48
CUST013398,3876,0.3621,1403.5
CUST013399,19440,0.4989,9698.62
CUST013400,8124,0.2812,2284.47
CUST013401,23376,0.207,4838.83
CUST013402,2388,0.4992,1192.09
CUST013403,78672,0.4734,37243.32
CUST013404,28512,0.8464,24132.56
CUST013405,11892,0.1583,1882.5
CUST013406,16536,0.8772,14505.38
CUST013407,1980,0.3657,724.09
CUST013408,47400,0.6687,31696.38
CUST013409,86136,0.0699,6020.91
CUST013410,142152,0.5198,73890.61
CUST013411,20904,0.2219,4638.6
CUST013412,17088,0.3315,5664.67
CUST013413,70920,0.5121,36318.13
CUST013414,5232,0.7606,3979.46
CUST013415,5172,0.9398,4860.65
CUST013416,20160,0.2561,5162.98
CUST013417,265692,0.7989,212261.34
CUST013418,174564,0.7277,127030.22
CUST013419,48204,0.3018,14547.97
CUST013420,18768,0.1224,2297.2
CUST013421,16656,0.5234,8717.75
CUST013422,1932,0.3537,683.35
CUST013423,82032,0.451,36996.43
CUST013424,4512,0.0788,355.55
CUST013425,19272,0.3262,6286.53
CUST013426,11868,0.3661,4344.87
CUST013427,93024,0.717,66698.21
CUST013428,39672,0.0618,2451.73
CUST013429,78648,0.9193,72301.11
CUST013430,182568,0.4654,84967.15
CUST013431,170724,0.1143,19513.75
CUST013432,7428,0.3148,2338.33
CUST013433,17976,0.565,10156.44
CUST013434,23196,0.4643,10769.9
CUST013435,163260,0.3524,57532.82
CUST013436,250116,0.865,216350.34
CUST013437,22104,0.297,6564.89
CUST013438,17100,0.0543,928.53
CUST013439,41100,0.7744,31827.84
CUST013440,6300,0.5862,3693.06
CUST013441,75288,0.0951,7159.89
CUST013442,24516,0.7452,18269.32
CUST013443,18360,0.2589,4753.4
CUST013444,18840,0.404,7611.36
CUST013445,22644,0.7291,16509.74
CUST013446,8172,0.5253,4292.75
CUST013447,223380,0.0416,9292.61
CUST013448,4320,0.4332,1871.42
CUST013449,41460,0.2087,8652.7
CUST013450,8184,0.7001,5729.62
CUST013451,10188,0.8591,8752.51
CUST013452,12360,0.5011,6193.6
CUST013453,10008,0.3899,3902.12
CUST013454,83820,0.788,66050.16
CUST013455,30084,0.2478,7454.82
CUST013456,48384,0.5823,28174.0
CUST013457,137856,0.0558,7692.36
CUST013458,45132,0.1237,5582.83
CUST013459,24060,0.5662,13622.77
CUST013460,128172,0.1907,24442.4
CUST013461,1584,0.7804,1236.15
CUST013462,14988,0.5271,7900.17
CUST013463,10620,0.4402,4674.92
CUST013464,22944,0.7291,16728.47
CUST013465,26856,0.6363,17088.47
CUST013466,8964,0.7828,7017.02
CUST013467,20844,0.7102,14803.41
CUST013468,52080,0.5668,29518.94
CUST013469,29016,0.0848,2460.56
CUST013470,95664,0.9403,89952.86
CUST013471,10260,0.6966,7147.12
CUST013472,285720,0.6925,197861.1
CUST013473,43692,0.3446,15056.26
CUST013474,18288,0.4767,8717.89
CUST013475,23808,0.7667,18253.59
CUST013476,68736,0.3041,20902.62
CUST013477,20388,0.1546,3151.98
CUST013478,50544,0.9253,46768.36
CUST013479,91896,0.0913,8390.1
CUST013480,60864,0.3326,20243.37
CUST013481,87996,0.0938,8254.02
CUST013482,253992,0.9054,229964.36
CUST013483,14400,0.8751,12601.44
CUST013484,47532,0.3521,16736.02
CUST013485,3780,0.1736,656.21
CUST013486,2952,0.8815,2602.19
CUST013487,251220,0.6767,170000.57
CUST013488,214656,0.9454,202935.78
CUST013489,276828,0.8256,228549.2
CUST013490,2880,0.7302,2102.98
CUST013491,56088,0.4309,24168.32
CUST013492,161568,0.601,97102.37
CUST013493,17760,0.7934,14090.78
CUST013494,5808,0.4949,2874.38
CUST013495,13956,0.5899,8232.64
CUST013496,3804,0.5673,2158.01
CUST013497,8496,0.5751,4886.05
CUST013498,13272,0.4917,6525.84
CUST013499,20316,0.7489,15214.65
CUST013500,9144,0.0691,631.85
CUST013501,168588,0.5081,85659.56
CUST013502,91452,0.4244,38812.23
CUST013503,4068,0.7637,3106.73
CUST013504,142848,0.1586,22655.69
CUST013505,98988,0.0798,7899.24
CUST013506,15492,0.2303,3567.81
CUST013507,16548,0.0877,1451.26
CUST013508,280524,0.6806,190924.63
CUST013509,85620,0.1911,16361.98
CUST013510,12552,0.1207,1515.03
CUST013511,1512,0.605,914.76
CUST013512,5388,0.7692,4144.45
CUST013513,13572,0.7688,10434.15
CUST013514,134616,0.0963,12963.52
CUST013515,62688,0.7457,46746.44
CUST013516,52692,0.0444,2339.52
CUST013517,62640,0.4265,26715.96
CUST013518,8556,0.0459,392.72
CUST013519,1932,0.837,1617.08
CUST013520,253116,0.4551,115193.09
CUST013521,18588,0.9057,16835.15
CUST013522,11148,0.0105,117.05
CUST013523,62124,0.8857,55023.23
CUST013524,173172,0.6321,109462.02
CUST013525,21648,0.2993,6479.25
CUST013526,11088,0.4725,5239.08
CUST013527,22392,0.2266,5074.03
CUST013528,14256,0.1183,1686.48
CUST013529,178356,0.9028,161019.8
CUST013530,13296,0.0714,949.33
CUST013531,5532,0.9361,5178.51
CUST013532,85272,0.9173,78220.01
CUST013533,51948,0.1179,6124.67
CUST013534,12036,0.6467,7783.68
CUST013535,72840,0.3137,22849.91
CUST013536,11016,0.9241,10179.89
CUST013537,76620,0.4513,34578.61
CUST013538,15528,0.3167,4917.72
CUST013539,135096,0.4741,64049.01
CUST013540,16872,0.297,5010.98
CUST013541,3024,0.8673,2622.72
CUST013542,18240,0.4182,7627.97
CUST013543,23640,0.0945,2233.98
CUST013544,271008,0.5963,161602.07
CUST013545,180768,0.5795,104755.06
CUST013546,89124,0.9116,81245.44
CUST013547,10620,0.2387,2534.99
CUST013548,7860,0.0343,269.6
CUST013549,4344,0.1611,699.82
CUST013550,81156,0.789,64032.08
CUST013551,145044,0.4156,60280.29
CUST013552,32616,0.7305,23825.99
CUST013553,41376,0.1239,5126.49
CUST013554,6372,0.0239,152.29
CUST013555,276552,0.246,68031.79
CUST013556,88536,0.1016,8995.26
CUST013557,58212,0.1542,8976.29
CUST013558,8616,0.3242,2793.31
CUST013559,2988,0.8451,2525.16
CUST013560,69768,0.4966,34646.79
CUST013561,88920,0.9222,82002.02
CUST013562,48648,0.9379,45626.96
CUST013563,72972,0.6127,44709.94
CUST013564,46092,0.5476,25239.98
CUST013565,6252,0.4737,2961.57
CUST013566,15156,0.6509,9865.04
CUST013567,14496,0.2304,3339.88
CUST013568,90576,0.6218,56320.16
CUST013569,173268,0.6819,118151.45
CUST013570,79776,0.0558,4451.5
CUST013571,51948,0.906,47064.89
CUST013572,287376,0.1305,37502.57
CUST013573,18852,0.2655,5005.21
CUST013574,12216,0.6095,7445.65
CUST013575,3288,0.4719,1551.61
CUST013576,12180,0.9436,11493.05
CUST013577,6432,0.5696,3663.67
CUST013578,13812,0.8187,11307.88
CUST013579,80340,0.835,67083.9
CUST013580,30288,0.5628,17046.09
CUST013581,186252,0.3551,66138.09
CUST013582,47844,0.3947,18884.03
CUST013583,87144,0.1164,10143.56
CUST013584,12804,0.3597,4605.6
CUST013585,14112,0.7639,10780.16
CUST013586,89028,0.6176,54983.69
CUST013587,73608,0.4166,30665.09
CUST013588,190608,0.1523,29029.6
CUST013589,16464,0.5915,9738.46
CUST013590,5004,0.8295,4150.82
CUST013591,21696,0.5582,12110.71
CUST013592,14472,0.0678,981.2
CUST013593,18756,0.3275,6142.59
CUST013594,38544,0.6434,24799.21
CUST013595,13332,0.4995,6659.33
CUST013596,20508,0.2915,5978.08
CUST013597,117552,0.5494,64583.07
CUST013598,22032,0.3114,6860.76
CUST013599,69660,0.8961,62422.33
CUST013600,175308,0.265,46456.62
CUST013601,21384,0.405,8660.52
CUST013602,207600,0.2428,50405.28
CUST013603,58416,0.9006,52609.45
CUST013604,19692,0.7938,15631.51
CUST013605,7728,0.3479,2688.57
CUST013606,258816,0.8408,217612.49
CUST013607,16488,0.8453,13937.31
CUST013608,13812,0.6862,9477.79
CUST013609,7092,0.1384,981.53
CUST013610,47136,0.5833,27494.43
CUST013611,203940,0.3455,70461.27
CUST013612,29976,0.921,27607.9
CUST013613,23940,0.6931,16592.81
CUST013614,40044,0.8872,35527.04
CUST013615,164568,0.6241,102706.89
CUST013616,72732,0.6087,44271.97
CUST013617,192516,0.0788,15170.26
CUST013618,94104,0.3638,34235.04
CUST013619,51468,0.1973,10154.64
CUST013620,36588,0.6298,23043.12
CUST013621,23412,0.5086,11907.34
CUST013622,94620,0.0804,7607.45
CUST013623,216900,0.4552,98732.88
CUST013624,70896,0.4297,30464.01
CUST013625,85428,0.7653,65378.05
CUST013626,231456,0.098,22682.69
CUST013627,3564,0.1796,640.09
CUST013628,53268,0.8571,45656.0
CUST013629,6636,0.5166,3428.16
CUST013630,15984,0.4487,7172.02
CUST013631,21660,0.767,16613.22
CUST013632,48744,0.2534,12351.73
CUST013633,60348,0.0529,3192.41
CUST013634,161724,0.4608,74522.42
CUST013635,42564,0.5097,21694.87
CUST013636,287040,0.6959,199751.14
CUST013637,55536,0.2522,14006.18
CUST013638,19764,0.876,17313.26
CUST013639,20112,0.2853,5737.95
CUST013640,82008,0.5957,48852.17
CUST013641,3756,0.7918,2974.0
CUST013642,9900,0.4401,4356.99
CUST013643,51948,0.2042,10607.78
CUST013644,3384,0.7353,2488.26
CUST013645,21432,0.2082,4462.14
CUST013646,8748,0.1814,1586.89
CUST013647,3228,0.5053,1631.11
CUST013648,56436,0.7911,44646.52
CUST013649,5340,0.1439,768.43
CUST013650,188076,0.6074,114237.36
CUST013651,81732,0.6102,49872.87
CUST013652,15396,0.1962,3020.7
CUST013653,4428,0.6811,3015.91
CUST013654,165552,0.5899,97659.12
CUST013655,39384,0.5046,19873.17
CUST013656,17628,0.9099,16039.72
CUST013657,55296,0.38,21012.48
CUST013658,95424,0.4249,40545.66
CUST013659,13476,0.1677,2259.93
CUST013660,15084,0.6098,9198.22
CUST013661,7668,0.5686,4360.02
CUST013662,5772,0.0638,368.25
CUST013663,66996,0.5135,34402.45
CUST013664,23352,0.8557,19982.31
CUST013665,10980,0.7398,8123.0
CUST013666,143568,0.121,17371.73
CUST013667,3408,0.7367,2510.67
CUST013668,25296,0.1781,4505.22
CUST013669,61272,0.0304,1862.67
CUST013670,7944,0.1696,1347.3
CUST013671,94692,0.6831,64684.11
CUST013672,16104,0.8378,13491.93
CUST013673,9324,0.5334,4973.42
CUST013674,12456,0.9497,11829.46
CUST013675,89520,0.852,76271.04
CUST013676,62664,0.7607,47668.5
CUST013677,126420,0.6902,87255.08
CUST013678,3684,0.1127,415.19
CUST013679,12996,0.4361,5667.56
CUST013680,167820,0.7951,133433.68
CUST013681,12576,0.5424,6821.22
CUST013682,23436,0.4496,10536.83
CUST013683,83676,0.0515,4309.31
CUST013684,5544,0.1583,877.62
CUST013685,21336,0.6181,13187.78
CUST013686,75036,0.238,17858.57
CUST013687,45012,0.705,31733.46
CUST013688,22368,0.3211,7182.36
CUST013689,90000,0.3616,32544.0
CUST013690,88752,0.8011,71099.23
CUST013691,20460,0.7407,15154.72
CUST013692,206268,0.3433,70811.8
CUST013693,67860,0.4796,32545.66
CUST013694,4356,0.6986,3043.1
CUST013695,18612,0.2498,4649.28
CUST013696,237084,0.791,187533.44
CUST013697,17508,0.3826,6698.56
CUST013698,15444,0.5039,7782.23
CUST013699,46296,0.7082,32786.83
CUST013700,14412,0.6057,8729.35
CUST013701,55572,0.3193,17744.14
CUST013702,20688,0.043,889.58
CUST013703,57912,0.0187,1082.95
CUST013704,52164,0.3988,20803.0
CUST013705,74892,0.552,41340.38
CUST013706,78072,0.6709,52378.5
CUST013707,53364,0.0103,549.65
CUST013708,262536,0.4506,118298.72
CUST013709,19704,0.4993,9838.21
CUST013710,76944,0.4888,37610.23
CUST013711,30924,0.726,22450.82
CUST013712,7728,0.7451,5758.13
CUST013713,63420,0.3921,24866.98
CUST013714,249504,0.1671,41692.12
CUST013715,79476,0.3084,24510.4
CUST013716,11364,0.2388,2713.72
CUST013717,272100,0.7813,212591.73
CUST013718,14004,0.85,11903.4
CUST013719,14472,0.6251,9046.45
CUST013720,79848,0.9013,71967.0
CUST013721,26352,0.3768,9929.43
CUST013722,160404,0.2426,38914.01
CUST013723,17028,0.3762,6405.93
CUST013724,1800,0.8284,1491.12
CUST013725,93348,0.7286,68013.35
CUST013726,274524,0.673,184754.65
CUST013727,12540,0.5094,6387.88
CUST013728,277728,0.4024,111757.75
CUST013729,11856,0.7034,8339.51
CUST013730,48636,0.8693,42279.27
CUST013731,34752,0.6753,23468.03
CUST013732,15828,0.5337,8447.4
CUST013733,202812,0.8308,168496.21
CUST013734,14136,0.8541,12073.56
CUST013735,10416,0.6305,6567.29
CUST013736,43596,0.4092,17839.48
CUST013737,2976,0.2943,875.84
CUST013738,42912,0.4908,21061.21
CUST013739,1656,0.414,685.58
CUST013740,11160,0.9129,10187.96
CUST013741,260124,0.2083,54183.83
CUST013742,194448,0.8469,164678.01
CUST013743,18540,0.4385,8129.79
CUST013744,12696,0.8162,10362.48
CUST013745,28332,0.0369,1045.45
CUST013746,34848,0.7387,25742.22
CUST013747,42300,0.055,2326.5
CUST013748,53172,0.1419,7545.11
CUST013749,19068,0.5159,9837.18
CUST013750,26868,0.292,7845.46
CUST013751,199968,0.0844,16877.3
CUST013752,114408,0.1638,18740.03
CUST013753,11856,0.2536,3006.68
CUST013754,182412,0.8759,159774.67
CUST013755,19140,0.6217,11899.34
CUST013756,10992,0.7783,8555.07
CUST013757,68928,0.2649,18259.03
CUST013758,47100,0.7006,32998.26
CUST013759,100440,0.929,93308.76
CUST013760,12192,0.617,7522.46
CUST013761,20184,0.0408,823.51
CUST013762,19908,0.0773,1538.89
CUST013763,7524,0.1673,1258.77
CUST013764,3336,0.3985,1329.4
CUST013765,20832,0.4734,9861.87
CUST013766,287472,0.4407,126688.91
CUST013767,22584,0.6811,15381.96
CUST013768,54300,0.8573,46551.39
CUST013769,10044,0.7971,8006.07
CUST013770,163680,0.5742,93985.06
CUST013771,51744,0.8317,43035.48
CUST013772,20868,0.7427,15498.66
CUST013773,57360,0.4827,27687.67
CUST013774,50052,0.6031,30186.36
CUST013775,10140,0.0149,151.09
CUST013776,165312,0.5109,84457.9
CUST013777,38316,0.6237,23897.69
CUST013778,69120,0.9414,65069.57
CUST013779,12528,0.793,9934.7
CUST013780,13644,0.6795,9271.1
CUST013781,265368,0.9302,246845.31
CUST013782,236940,0.1699,40256.11
CUST013783,68136,0.0737,5021.62
CUST013784,129672,0.0713,9245.61
CUST013785,2832,0.586,1659.55
CUST013786,25116,0.5798,14562.26
CUST013787,19092,0.08,1527.36
CUST013788,16416,0.3678,6037.8
CUST013789,8280,0.8242,6824.38
CUST013790,56052,0.2968,16636.23
CUST013791,71940,0.3098,22287.01
CUST013792,23820,0.8458,20146.96
CUST013793,23964,0.8653,20736.05
CUST013794,15192,0.333,5058.94
CUST013795,89244,0.7418,66201.2
CUST013796,22920,0.5437,12461.6
CUST013797,10428,0.5462,5695.77
CUST013798,4488,0.2567,1152.07
CUST013799,234384,0.9368,219570.93
CUST013800,1656,0.4961,821.54
CUST013801,77988,0.2139,16681.63
CUST013802,2184,0.3054,666.99
CUST013803,18792,0.4178,7851.3
CUST013804,27348,0.1841,5034.77
CUST013805,48528,0.437,21206.74
CUST013806,10872,0.4247,4617.34
CUST013807,8736,0.3867,3378.21
CUST013808,5880,0.7532,4428.82
CUST013809,22944,0.1883,4320.36
CUST013810,53592,0.1969,10552.26
CUST013811,131352,0.5166,67856.44
CUST013812,9264,0.7936,7351.91
CUST013813,21072,0.497,10472.78
CUST013814,22404,0.5012,11228.88
CUST013815,16044,0.7363,11813.2
CUST013816,10344,0.7127,7372.17
CUST013817,1248,0.1376,171.72
CUST013818,126516,0.2476,31325.36
CUST013819,63300,0.0121,765.93
CUST013820,18492,0.9049,16733.41
CUST013821,16596,0.1066,1769.13
CUST013822,65016,0.382,24836.11
CUST013823,17664,0.4519,7982.36
CUST013824,22800,0.7307,16659.96
CUST013825,14880,0.6024,8963.71
CUST013826,18768,0.203,3809.9
CUST013827,5868,0.6971,4090.58
CUST013828,7188,0.9163,6586.36
CUST013829,23760,0.3289,7814.66
CUST013830,22080,0.6366,14056.13
CUST013831,57732,0.2253,13007.02
CUST013832,5736,0.9419,5402.74
CUST013833,23628,0.3266,7716.9
CUST013834,62028,0.5397,33476.51
CUST013835,59244,0.7195,42626.06
CUST013836,49728,0.6952,34570.91
CUST013837,8892,0.7325,6513.39
CUST013838,20880,0.8415,17570.52
CUST013839,11472,0.7184,8241.48
CUST013840,25164,0.2103,5291.99
CUST013841,10236,0.4154,4252.03
CUST013842,17988,0.437,7860.76
CUST013843,42132,0.2193,9239.55
CUST013844,246504,0.8269,203834.16
CUST013845,51708,0.7643,39520.42
CUST013846,2052,0.8042,1650.22
CUST013847,14544,0.4927,7165.83
CUST013848,21996,0.357,7852.57
CUST013849,5904,0.1457,860.21
CUST013850,23580,0.2011,4741.94
CUST013851,19656,0.3231,6350.85
CUST013852,6696,0.9039,6052.51
CUST013853,3612,0.092,332.3
CUST013854,176604,0.0247,4362.12
CUST013855,61764,0.7719,47675.63
CUST013856,52188,0.667,34809.4
CUST013857,236808,0.9378,222078.54
CUST013858,234492,0.3338,78273.43
CUST013859,1692,0.5233,885.42
CUST013860,22860,0.8301,18976.09
CUST013861,228192,0.4773,108916.04
CUST013862,17568,0.7473,13128.57
CUST013863,196920,0.2775,54645.3
CUST013864,85740,0.3405,29194.47
CUST013865,21216,0.3001,6366.92
CUST013866,57564,0.3536,20354.63
CUST013867,20988,0.324,6800.11
CUST013868,54912,0.2479,13612.68
CUST013869,17424,0.8941,15578.8
CUST013870,12156,0.5844,7103.97
CUST013871,19596,0.6488,12713.88
CUST013872,6084,0.427,2597.87
CUST013873,20688,0.8042,16637.29
CUST013874,7056,0.4438,3131.45
CUST013875,8892,0.7884,7010.45
CUST013876,73284,0.9038,66234.08
CUST013877,69468,0.2451,17026.61
CUST013878,26736,0.3577,9563.47
CUST013879,40500,0.0123,498.15
CUST013880,87168,0.7925,69080.64
CUST013881,61440,0.5594,34369.54
CUST013882,23580,0.879,20726.82
CUST013883,15192,0.1688,2564.41
CUST013884,68748,0.2876,19771.92
CUST013885,11568,0.0109,126.09
CUST013886,261576,0.2496,65289.37
CUST013887,9396,0.3119,2930.61
CUST013888,56136,0.5261,29533.15
CUST013889,3732,0.4997,1864.88
CUST013890,14160,0.1333,1887.53
CUST013891,163188,0.4785,78085.46
CUST013892,17364,0.8263,14347.87
CUST013893,5220,0.3184,1662.05
CUST013894,4260,0.7853,3345.38
CUST013895,7680,0.1919,1473.79
CUST013896,4536,0.8708,3949.95
CUST013897,47412,0.4128,19571.67
CUST013898,66240,0.7561,50084.06
CUST013899,25356,0.6815,17280.11
CUST013900,38088,0.7023,26749.2
CUST013901,296352,0.6305,186849.94
CUST013902,71064,0.7503,53319.32
CUST013903,37500,0.6903,25886.25
CUST013904,200304,0.6366,127513.53
CUST013905,14172,0.7852,11127.85
CUST013906,20148,0.2723,5486.3
CUST013907,143652,0.243,34907.44
CUST013908,12648,0.5321,6730.0
CUST013909,13404,0.381,5106.92
CUST013910,245940,0.8279,203613.73
CUST013911,7932,0.3872,3071.27
CUST013912,6756,0.5451,3682.7
CUST013913,35688,0.9174,32740.17
CUST013914,6216,0.0163,101.32
CUST013915,6240,0.7657,4777.97
CUST013916,7800,0.8249,6434.22
CUST013917,23772,0.9277,22053.28
CUST013918,21672,0.6781,14695.78
CUST013919,89340,0.8112,72472.61
CUST013920,62412,0.7844,48955.97
CUST013921,18792,0.5175,9724.86
CUST013922,9456,0.2491,2355.49
CUST013923,62436,0.3196,19954.55
CUST013924,64296,0.2169,13945.8
CUST013925,47952,0.2307,11062.53
CUST013926,47208,0.8769,41396.7
CUST013927,13956,0.7439,10381.87
CUST013928,182436,0.1826,33312.81
CUST013929,223164,0.8112,181030.64
CUST013930,75552,0.7978,60275.39
CUST013931,197832,0.0549,10860.98
CUST013932,13308,0.9134,12155.53
CUST013933,21168,0.5973,12643.65
CUST013934,3840,0.0547,210.05
CUST013935,11316,0.1188,1344.34
CUST013936,233076,0.4114,95887.47
CUST013937,17148,0.8265,14172.82
CUST013938,14280,0.3377,4822.36
CUST013939,6144,0.256,1572.86
CUST013940,243660,0.515,125484.9
CUST013941,22164,0.3323,7365.1
CUST013942,20796,0.3928,8168.67
CUST013943,14352,0.8037,11534.7
CUST013944,9360,0.141,1319.76
CUST013945,67992,0.1,6799.2
CUST013946,70872,0.2717,19255.92
CUST013947,15504,0.3835,5945.78
CUST013948,11388,0.9249,10532.76
CUST013949,21036,0.3531,7427.81
CUST013950,18144,0.6323,11472.45
CUST013951,30624,0.9194,28155.71
CUST013952,65820,0.6023,39643.39
CUST013953,21036,0.6647,13982.63
CUST013954,167664,0.7337,123015.08
CUST013955,12288,0.1903,2338.41
CUST013956,55692,0.0783,4360.68
CUST013957,17568,0.7742,13601.15
CUST013958,236520,0.0869,20553.59
CUST013959,95172,0.6191,58920.99
CUST013960,87792,0.1379,12106.52
CUST013961,11376,0.0386,439.11
CUST013962,12288,0.5138,6313.57
CUST013963,9108,0.727,6621.52
CUST013964,21984,0.8558,18813.91
CUST013965,80904,0.6746,54577.84
CUST013966,85656,0.5946,50931.06
CUST013967,27852,0.0265,738.08
CUST013968,3768,0.1971,742.67
CUST013969,157176,0.7249,113936.88
CUST013970,41772,0.4971,20764.86
CUST013971,12144,0.183,2222.35
CUST013972,76212,0.2249,17140.08
CUST013973,49572,0.1768,8764.33
CUST013974,210408,0.5949,125171.72
CUST013975,20436,0.5549,11339.94
CUST013976,3228,0.1356,437.72
CUST013977,72708,0.7446,54138.38
CUST013978,153684,0.0465,7146.31
CUST013979,52848,0.4422,23369.39
CUST013980,20964,0.4282,8976.78
CUST013981,14088,0.7757,10928.06
CUST013982,6648,0.0866,575.72
CUST013983,20376,0.4228,8614.97
CUST013984,10056,0.346,3479.38
CUST013985,91188,0.2675,24392.79
CUST013986,103428,0.6977,72161.72
CUST013987,17712,0.1301,2304.33
CUST013988,101328,0.9439,95643.5
CUST013989,13284,0.3848,5111.68
CUST013990,78636,0.3264,25666.79
CUST013991,192708,0.4508,86872.77
CUST013992,68820,0.2902,19971.56
CUST013993,16968,0.9263,15717.46
CUST013994,70980,0.4913,34872.47
CUST013995,64200,0.6735,43238.7
CUST013996,41196,0.3006,12383.52
CUST013997,206316,0.4101,84610.19
CUST013998,130236,0.9045,117798.46
CUST013999,16140,0.7003,11302.84
CUST014000,17448,0.6545,11419.72
CUST014001,12780,0.1604,2049.91
CUST014002,13368,0.5488,7336.36
CUST014003,17508,0.5265,9217.96
CUST014004,78840,0.876,69063.84
CUST014005,13128,0.7568,9935.27
CUST014006,5124,0.2288,1172.37
CUST014007,37956,0.6536,24808.04
CUST014008,294768,0.1649,48607.24
CUST014009,283740,0.0388,11009.11
CUST014010,20364,0.7419,15108.05
CUST014011,125580,0.2092,26271.34
CUST014012,7728,0.6269,4844.68
CUST014013,37140,0.484,17975.76
CUST014014,10164,0.5688,5781.28
CUST014015,50148,0.7792,39075.32
CUST014016,2232,0.3823,853.29
CUST014017,15096,0.5751,8681.71
CUST014018,17616,0.5422,9551.4
CUST014019,137628,0.6149,84627.46
CUST014020,52728,0.9327,49179.41
CUST014021,44868,0.0172,771.73
CUST014022,22080,0.3879,8564.83
CUST014023,46992,0.2537,11921.87
CUST014024,2952,0.237,699.62
CUST014025,11508,0.6164,7093.53
CUST014026,62844,0.4333,27230.31
CUST014027,41520,0.7499,31135.85
CUST014028,19476,0.5589,10885.14
CUST014029,20340,0.5238,10654.09
CUST014030,55668,0.752,41862.34
CUST014031,20148,0.8447,17019.02
CUST014032,21108,0.6288,13272.71
CUST014033,10920,0.0207,226.04
CUST014034,18156,0.4369,7932.36
CUST014035,12168,0.1969,2395.88
CUST014036,12384,0.5179,6413.67
CUST014037,10128,0.0139,140.78
CUST014038,256692,0.1147,29442.57
CUST014039,25524,0.3613,9221.82
CUST014040,36036,0.4399,15852.24
CUST014041,20676,0.4189,8661.18
CUST014042,99552,0.3489,34733.69
CUST014043,94236,0.3267,30786.9
CUST014044,11796,0.8599,10143.38
CUST014045,49872,0.5552,27688.93
CUST014046,42516,0.2707,11509.08
CUST014047,21012,0.8837,18568.3
CUST014048,168444,0.5791,97545.92
CUST014049,258672,0.7779,201220.95
CUST014050,21516,0.1981,4262.32
CUST014051,7680,0.3933,3020.54
CUST014052,12324,0.897,11054.63
CUST014053,60804,0.7726,46977.17
CUST014054,3888,0.9199,3576.57
CUST014055,4008,0.8756,3509.4
CUST014056,58632,0.157,9205.22
CUST014057,77784,0.1265,9839.68
CUST014058,6372,0.7553,4812.77
CUST014059,61956,0.1721,10662.63
CUST014060,21492,0.366,7866.07
CUST014061,106272,0.8205,87196.18
CUST014062,15084,0.8926,13463.98
CUST014063,20868,0.2787,5815.91
CUST014064,70380,0.4688,32994.14
CUST014065,10248,0.9169,9396.39
CUST014066,2868,0.4895,1403.89
CUST014067,13152,0.049,644.45
CUST014068,28356,0.0243,689.05
CUST014069,11280,0.7113,8023.46
CUST014070,28416,0.3693,10494.03
CUST014071,3888,0.7712,2998.43
CUST014072,6804,0.0585,398.03
CUST014073,23172,0.5487,12714.48
CUST014074,79608,0.5104,40631.92
CUST014075,9396,0.2381,2237.19
CUST014076,3204,0.0159,50.94
CUST014077,57708,0.7245,41809.45
CUST014078,199608,0.191,38125.13
CUST014079,126312,0.5683,71783.11
CUST014080,21912,0.5363,11751.41
CUST014081,227952,0.3333,75976.4
CUST014082,13824,0.3589,4961.43
CUST014083,291240,0.8307,241933.07
CUST014084,2796,0.7308,2043.32
CUST014085,7092,0.8836,6266.49
CUST014086,82824,0.3616,29949.16
CUST014087,12396,0.5519,6841.35
CUST014088,140328,0.5353,75117.58
CUST014089,80520,0.2959,23825.87
CUST014090,93588,0.2616,24482.62
CUST014091,50448,0.9236,46593.77
CUST014092,16140,0.4871,7861.79
CUST014093,109272,0.6645,72611.24
CUST014094,18936,0.2087,3951.94
CUST014095,12252,0.7287,8928.03
CUST014096,238620,0.838,199963.56
CUST014097,233856,0.6615,154695.74
CUST014098,34824,0.6547,22799.27
CUST014099,14532,0.874,12700.97
CUST014100,6036,0.445,2686.02
CUST014101,9408,0.7627,7175.48
CUST014102,103596,0.3139,32518.78
CUST014103,9108,0.9166,8348.39
CUST014104,253992,0.1012,25703.99
CUST014105,16560,0.4029,6672.02
CUST014106,81456,0.8143,66329.62
CUST014107,48276,0.0325,1568.97
CUST014108,86664,0.5977,51799.07
CUST014109,174540,0.1796,31347.38
CUST014110,20484,0.8198,16792.78
CUST014111,10284,0.8499,8740.37
CUST014112,71280,0.5497,39182.62
CUST014113,15564,0.6924,10776.51
CUST014114,20748,0.1471,3052.03
CUST014115,33036,0.4598,15189.95
CUST014116,10956,0.6636,7270.4
CUST014117,4764,0.7513,3579.19
CUST014118,203412,0.627,127539.32
CUST014119,11496,0.1007,1157.65
CUST014120,18864,0.4439,8373.73
CUST014121,20256,0.7852,15905.01
CUST014122,9456,0.0303,286.52
CUST014123,9408,0.5766,5424.65
CUST014124,46044,0.8702,40067.49
CUST014125,77244,0.8611,66514.81
CUST014126,22056,0.935,20622.36
CUST014127,75492,0.4286,32355.87
CUST014128,15684,0.0725,1137.09
CUST014129,80076,0.3599,28819.35
CUST014130,84240,0.5563,46862.71
CUST014131,159744,0.6247,99792.08
CUST014132,20364,0.5468,11135.04
CUST014133,64092,0.8258,52927.17
CUST014134,284616,0.8874,252568.24
CUST014135,75120,0.3317,24917.3
CUST014136,23016,0.1345,3095.65
CUST014137,12228,0.8355,10216.49
CUST014138,15444,0.4439,6855.59
CUST014139,1452,0.4673,678.52
CUST014140,1620,0.6901,1117.96
CUST014141,232344,0.855,198654.12
CUST014142,13896,0.3588,4985.88
CUST014143,40332,0.4138,16689.38
CUST014144,37704,0.5502,20744.74
CUST014145,3804,0.3468,1319.23
CUST014146,109428,0.1416,15495.0
CUST014147,80868,0.7868,63626.94
CUST014148,7620,0.1273,970.03
CUST014149,16332,0.1071,1749.16
CUST014150,44172,0.0948,4187.51
CUST014151,36252,0.3906,14160.03
CUST014152,4200,0.8855,3719.1
CUST014153,59016,0.3349,19764.46
CUST014154,17052,0.4434,7560.86
CUST014155,50304,0.7827,39372.94
CUST014156,66708,0.7761,51772.08
CUST014157,207144,0.5322,110242.04
CUST014158,55512,0.3271,18157.98
CUST014159,19932,0.5631,11223.71
CUST014160,60672,0.7348,44581.79
CUST014161,4608,0.6121,2820.56
CUST014162,79176,0.1854,14679.23
CUST014163,23928,0.1421,3400.17
CUST014164,19524,0.6869,13411.04
CUST014165,12960,0.2961,3837.46
CUST014166,15828,0.4282,6777.55
CUST014167,22500,0.3304,7434.0
CUST014168,83340,0.399,33252.66
CUST014169,12936,0.1583,2047.77
CUST014170,3276,0.6276,2056.02
CUST014171,22944,0.633,14523.55
CUST014172,288324,0.0435,12542.09
CUST014173,132912,0.8633,114742.93
CUST014174,10896,0.6965,7589.06
CUST014175,7572,0.2327,1762.0
CUST014176,23880,0.1596,3811.25
CUST014177,4104,0.273,1120.39
CUST014178,21660,0.7071,15315.79
CUST014179,4212,0.0445,187.43
CUST014180,17916,0.5847,10475.49
CUST014181,56076,0.2803,15718.1
CUST014182,293868,0.1539,45226.29
CUST014183,116172,0.4553,52893.11
CUST014184,295308,0.9479,279922.45
CUST014185,19572,0.7483,14645.73
CUST014186,9348,0.9025,8436.57
CUST014187,154284,0.619,95501.8
CUST014188,19176,0.8477,16255.5
CUST014189,68160,0.4337,29560.99
CUST014190,53496,0.6278,33584.79
CUST014191,236856,0.7737,183255.49
CUST014192,44772,0.5078,22735.22
CUST014193,6720,0.6114,4108.61
CUST014194,266844,0.4041,107831.66
CUST014195,6372,0.8964,5711.86
CUST014196,89880,0.4306,38702.33
CUST014197,27144,0.5386,14619.76
CUST014198,101964,0.2596,26469.85
CUST014199,49440,0.5226,25837.34
CUST014200,4536,0.7372,3343.94
CUST014201,117096,0.7314,85644.01
CUST014202,82356,0.1643,13531.09
CUST014203,44472,0.2547,11327.02
CUST014204,81636,0.3445,28123.6
CUST014205,87792,0.2549,22378.18
CUST014206,41652,0.664,27656.93
CUST014207,12528,0.4204,5266.77
CUST014208,68136,0.342,23302.51
CUST014209,57984,0.8106,47001.83
CUST014210,61176,0.0978,5983.01
CUST014211,13416,0.5503,7382.82
CUST014212,22356,0.0946,2114.88
CUST014213,75996,0.2746,20868.5
CUST014214,16908,0.6998,11832.22
CUST014215,90444,0.6796,61465.74
CUST014216,10656,0.4738,5048.81
CUST014217,5556,0.3198,1776.81
CUST014218,78552,0.4943,38828.25
CUST014219,17256,0.0365,629.84
CUST014220,3852,0.3198,1231.87
CUST014221,22872,0.8691,19878.06
CUST014222,7320,0.9153,6700.0
CUST014223,21528,0.7508,16163.22
CUST014224,6720,0.0595,399.84
CUST014225,14184,0.2231,3164.45
CUST014226,8100,0.694,5621.4
CUST014227,91104,0.5973,54416.42
CUST014228,16164,0.6069,9809.93
CUST014229,91092,0.176,16032.19
CUST014230,34980,0.327,11438.46
CUST014231,10488,0.8883,9316.49
CUST014232,4728,0.8803,4162.06
CUST014233,228300,0.3387,77325.21
CUST014234,36996,0.8288,30662.28
CUST014235,249456,0.3729,93022.14
CUST014236,60516,0.378,22875.05
CUST014237,277764,0.8958,248820.99
CUST014238,45996,0.5103,23471.76
CUST014239,83412,0.125,10426.5
CUST014240,102816,0.437,44930.59
CUST014241,260064,0.857,222874.85
CUST014242,212820,0.1376,29284.03
CUST014243,11592,0.5146,5965.24
CUST014244,22920,0.2303,5278.48
CUST014245,212016,0.5748,121866.8
CUST014246,93612,0.6547,61287.78
CUST014247,86664,0.6939,60136.15
CUST014248,66324,0.8161,54127.02
CUST014249,9684,0.5161,4997.91
CUST014250,290100,0.9214,267298.14
CUST014251,245220,0.3546,86955.01
CUST014252,295416,0.1191,35184.05
CUST014253,13776,0.478,6584.93
CUST014254,294804,0.0177,5218.03
CUST014255,95388,0.1948,18581.58
CUST014256,91968,0.3932,36161.82
CUST014257,79080,0.7568,59847.74
CUST014258,21360,0.626,13371.36
CUST014259,4260,0.0417,177.64
CUST014260,137460,0.8223,113033.36
CUST014261,40512,0.4922,19940.01
CUST014262,78144,0.2253,17605.84
CUST014263,41844,0.4543,19009.73
CUST014264,19992,0.2109,4216.31
CUST014265,21288,0.943,20074.58
CUST014266,215964,0.7407,159964.53
CUST014267,11820,0.5119,6050.66
CUST014268,19560,0.3658,7155.05
CUST014269,228432,0.8447,192956.51
CUST014270,41448,0.427,17698.3
CUST014271,13152,0.6963,9157.74
CUST014272,16092,0.2536,4080.93
CUST014273,90936,0.7012,63764.32
CUST014274,21012,0.7745,16273.79
CUST014275,16368,0.077,1260.34
CUST014276,68856,0.1425,9811.98
CUST014277,35820,0.6236,22337.35
CUST014278,50052,0.8648,43284.97
CUST014279,52320,0.8353,43702.9
CUST014280,6000,0.9125,5475.0
CUST014281,7476,0.6202,4636.62
CUST014282,56976,0.1885,10739.98
CUST014283,22500,0.6458,14530.5
CUST014284,58524,0.4274,25013.16
CUST014285,8880,0.3568,3168.38
CUST014286,14976,0.8325,12467.52
CUST014287,32136,0.5831,18738.5
CUST014288,2688,0.6521,1752.84
CUST014289,8028,0.7056,5664.56
CUST014290,5244,0.0348,182.49
CUST014291,15288,0.4016,6139.66
CUST014292,124476,0.8033,99991.57
CUST014293,22296,0.446,9944.02
CUST014294,92928,0.8033,74649.06
CUST014295,226992,0.0902,20474.68
CUST014296,83868,0.5655,47427.35
CUST014297,18108,0.1267,2294.28
CUST014298,15540,0.8573,13322.44
CUST014299,20544,0.3193,6559.7
CUST014300,3864,0.4016,1551.78
CUST014301,233244,0.2799,65285.0
CUST014302,75396,0.4623,34855.57
CUST014303,88128,0.4695,41376.1
CUST014304,56964,0.5943,33853.71
CUST014305,18012,0.8798,15846.96
CUST014306,17112,0.6101,10440.03
CUST014307,7524,0.9222,6938.63
CUST014308,8184,0.4127,3377.54
CUST014309,109392,0.5417,59257.65
CUST014310,267636,0.9307,249088.83
CUST014311,6300,0.9239,5820.57
CUST014312,7860,0.3944,3099.98
CUST014313,3504,0.613,2147.95
CUST014314,257712,0.4542,117052.79
CUST014315,30192,0.1082,3266.77
CUST014316,21480,0.1767,3795.52
CUST014317,66612,0.5345,35604.11
CUST014318,93012,0.4473,41604.27
CUST014319,16944,0.3767,6382.8
CUST014320,36840,0.359,13225.56
CUST014321,7920,0.2511,1988.71
CUST014322,76572,0.6097,46685.95
CUST014323,19128,0.172,3290.02
CUST014324,15744,0.2522,3970.64
CUST014325,15156,0.4403,6673.19
CUST014326,102732,0.6069,62348.05
CUST014327,5652,0.6725,3800.97
CUST014328,39084,0.3076,12022.24
CUST014329,15864,0.4907,7784.46
CUST014330,128952,0.6198,79924.45
CUST014331,46908,0.3336,15648.51
CUST014332,177684,0.2269,40316.5
CUST014333,91500,0.897,82075.5
CUST014334,10908,0.4431,4833.33
CUST014335,66480,0.8956,59539.49
CUST014336,127356,0.5553,70720.79
CUST014337,45588,0.1106,5042.03
CUST014338,37668,0.7468,28130.46
CUST014339,8136,0.0455,370.19
CUST014340,1656,0.4102,679.29
CUST014341,58740,0.4099,24077.53
CUST014342,13632,0.0339,462.12
CUST014343,6060,0.8962,5430.97
CUST014344,1332,0.5224,695.84
CUST014345,1716,0.5126,879.62
CUST014346,21420,0.0202,432.68
CUST014347,13008,0.1896,2466.32
CUST014348,3948,0.3622,1429.97
CUST014349,275628,0.1657,45671.56
CUST014350,3108,0.1653,513.75
CUST014351,20400,0.129,2631.6
CUST014352,3672,0.365,1340.28
CUST014353,6420,0.0676,433.99
CUST014354,38052,0.1449,5513.73
CUST014355,3276,0.3482,1140.7
CUST014356,11880,0.764,9076.32
CUST014357,23880,0.6554,15650.95
CUST014358,22116,0.2205,4876.58
CUST014359,2004,0.7992,1601.6
CUST014360,9180,0.1916,1758.89
CUST014361,27264,0.0842,2295.63
CUST014362,61536,0.6107,37580.04
CUST014363,13272,0.8663,11497.53
CUST014364,7608,0.6873,5228.98
CUST014365,11112,0.4925,5472.66
CUST014366,1836,0.2012,369.4
CUST014367,3888,0.4176,1623.63
CUST014368,29760,0.6763,20126.69
CUST014369,137616,0.2048,28183.76
CUST014370,73836,0.1778,13128.04
CUST014371,5916,0.2036,1204.5
CUST014372,17220,0.7818,13462.6
CUST014373,56784,0.4451,25274.56
CUST014374,16320,0.3074,5016.77
CUST014375,11736,0.2045,2400.01
CUST014376,3204,0.3176,1017.59
CUST014377,54144,0.6125,33163.2
CUST014378,73716,0.6056,44642.41
CUST014379,21660,0.3972,8603.35
CUST014380,18312,0.2119,3880.31
CUST014381,64428,0.8338,53720.07
CUST014382,220020,0.2553,56171.11
CUST014383,156708,0.3494,54753.78
CUST014384,13032,0.7587,9887.38
CUST014385,1920,0.3091,593.47
CUST014386,3576,0.8406,3005.99
CUST014387,58284,0.3451,20113.81
CUST014388,19308,0.2163,4176.32
CUST014389,50604,0.2416,12225.93
CUST014390,66036,0.7952,52511.83
CUST014391,74532,0.4491,33472.32
CUST014392,61764,0.915,56514.06
CUST014393,7404,0.8036,5949.85
CUST014394,237396,0.4656,110531.58
CUST014395,59784,0.0695,4154.99
CUST014396,134340,0.4365,58639.41
CUST014397,15888,0.3219,5114.35
CUST014398,43152,0.5197,22426.09
CUST014399,20760,0.319,6622.44
CUST014400,90048,0.6917,62286.2
CUST014401,4848,0.3838,1860.66
CUST014402,19104,0.0548,1046.9
CUST014403,22416,0.6655,14917.85
CUST014404,16392,0.0241,395.05
CUST014405,134496,0.8258,111066.8
CUST014406,23628,0.7896,18656.67
CUST014407,58464,0.6274,36680.31
CUST014408,23172,0.9411,21807.17
CUST014409,15036,0.527,7923.97
CUST014410,5676,0.8249,4682.13
CUST014411,5304,0.9229,4895.06
CUST014412,208248,0.281,58517.69
CUST014413,19440,0.3041,5911.7
CUST014414,15036,0.1079,1622.38
CUST014415,19536,0.9241,18053.22
CUST014416,8484,0.5503,4668.75
CUST014417,219816,0.7358,161740.61
CUST014418,19296,0.0655,1263.89
CUST014419,10680,0.1952,2084.74
CUST014420,39120,0.1567,6130.1
CUST014421,66480,0.6583,43763.78
CUST014422,44280,0.8797,38953.12
CUST014423,17808,0.0856,1524.36
CUST014424,15576,0.3766,5865.92
CUST014425,3552,0.2905,1031.86
CUST014426,8436,0.7211,6083.2
CUST014427,67680,0.2098,14199.26
CUST014428,15336,0.7787,11942.14
CUST014429,93684,0.14,13115.76
CUST014430,95160,0.35,33306.0
CUST014431,10368,0.504,5225.47
CUST014432,71580,0.3601,25775.96
CUST014433,69012,0.7367,50841.14
CUST014434,2880,0.4601,1325.09
CUST014435,60912,0.1388,8454.59
CUST014436,2736,0.6974,1908.09
CUST014437,20088,0.6285,12625.31
CUST014438,286584,0.2745,78667.31
CUST014439,6384,0.2664,1700.7
CUST014440,27288,0.447,12197.74
CUST014441,3300,0.5198,1715.34
CUST014442,61392,0.7288,44742.49
CUST014443,10956,0.4431,4854.6
CUST014444,14376,0.7652,11000.52
CUST014445,237552,0.6656,158114.61
CUST014446,1212,0.74,896.88
CUST014447,232944,0.1469,34219.47
CUST014448,208848,0.427,89178.1
CUST014449,32100,0.153,4911.3
CUST014450,83556,0.3242,27088.86
CUST014451,18216,0.4637,8446.76
CUST014452,40644,0.8937,36323.54
CUST014453,20964,0.6714,14075.23
CUST014454,13128,0.1267,1663.32
CUST014455,6900,0.9426,6503.94
CUST014456,17640,0.9434,16641.58
CUST014457,114444,0.9073,103835.04
CUST014458,77880,0.8517,66330.4
CUST014459,88404,0.2434,21517.53
CUST014460,276996,0.626,173399.5
CUST014461,16560,0.3678,6090.77
CUST014462,5112,0.7283,3723.07
CUST014463,14916,0.7495,11179.54
CUST014464,3936,0.8341,3283.02
CUST014465,55008,0.5159,28378.63
CUST014466,210084,0.2789,58592.43
CUST014467,97848,0.1455,14236.88
CUST014468,176352,0.5207,91826.49
CUST014469,40104,0.441,17685.86
CUST014470,7512,0.7291,5477.0
CUST014471,112956,0.6493,73342.33
CUST014472,22584,0.3084,6964.91
CUST014473,7788,0.8695,6771.67
CUST014474,8280,0.522,4322.16
CUST014475,54960,0.3893,21395.93
CUST014476,2040,0.3154,643.42
CUST014477,15720,0.6844,10758.77
CUST014478,4452,0.3794,1689.09
CUST014479,23508,0.7071,16622.51
CUST014480,16776,0.2807,4709.02
CUST014481,13512,0.587,7931.54
CUST014482,24264,0.7296,17703.01
CUST014483,17388,0.1932,3359.36
CUST014484,15636,0.0773,1208.66
CUST014485,59328,0.8647,51300.92
CUST014486,57216,0.2344,13411.43
CUST014487,6588,0.8287,5459.48
CUST014488,19140,0.6374,12199.84
CUST014489,176364,0.6752,119080.97
CUST014490,12852,0.785,10088.82
CUST014491,17856,0.1801,3215.87
CUST014492,24468,0.2304,5637.43
CUST014493,15780,0.5698,8991.44
CUST014494,48480,0.2301,11155.25
CUST014495,171948,0.8558,147153.1
CUST014496,287448,0.0862,24778.02
CUST014497,58008,0.2131,12361.5
CUST014498,92172,0.8265,76180.16
CUST014499,84144,0.1473,12394.41
CUST014500,12672,0.4795,6076.22
CUST014501,176508,0.0486,8578.29
CUST014502,33384,0.7029,23465.61
CUST014503,253368,0.1997,50597.59
CUST014504,29868,0.2142,6397.73
CUST014505,69168,0.3459,23925.21
CUST014506,22644,0.9397,21278.57
CUST014507,23568,0.4943,11649.66
CUST014508,79764,0.306,24407.78
CUST014509,54876,0.8701,47747.61
CUST014510,20328,0.5623,11430.43
CUST014511,84708,0.2046,17331.26
CUST014512,190056,0.0729,13855.08
CUST014513,84612,0.1595,13495.61
CUST014514,20244,0.3484,7053.01
CUST014515,95376,0.6942,66210.02
CUST014516,32160,0.4529,14565.26
CUST014517,18624,0.1699,3164.22
CUST014518,17988,0.3289,5916.25
CUST014519,17304,0.8296,14355.4
CUST014520,23160,0.6457,14954.41
CUST014521,44136,0.2328,10274.86
CUST014522,266292,0.4329,115277.81
CUST014523,15996,0.3487,5577.81
CUST014524,14352,0.8488,12181.98
CUST014525,22548,0.6927,15619.0
CUST014526,71772,0.4976,35713.75
CUST014527,15336,0.5281,8098.94
CUST014528,12168,0.1046,1272.77
CUST014529,139092,0.5132,71382.01
CUST014530,89844,0.0138,1239.85
CUST014531,31428,0.0451,1417.4
CUST014532,219672,0.3815,83804.87
CUST014533,2520,0.2863,721.48
CUST014534,233232,0.5499,128254.28
CUST014535,7644,0.1571,1200.87
CUST014536,28644,0.8667,24825.75
CUST014537,6036,0.3393,2048.01
CUST014538,216072,0.8879,191850.33
CUST014539,33720,0.5226,17622.07
CUST014540,15744,0.6682,10520.14
CUST014541,85092,0.9318,79288.73
CUST014542,67272,0.4269,28718.42
CUST014543,23160,0.6989,16186.52
CUST014544,8268,0.7833,6476.32
CUST014545,9096,0.8245,7499.65
CUST014546,138624,0.9056,125537.89
CUST014547,1944,0.0302,58.71
CUST014548,91812,0.3908,35880.13
CUST014549,15648,0.5093,7969.53
CUST014550,7632,0.0938,715.88
CUST014551,194436,0.2929,56950.3
CUST014552,6240,0.2661,1660.46
CUST014553,3564,0.3166,1128.36
CUST014554,4188,0.7091,2969.71
CUST014555,21852,0.8432,18425.61
CUST014556,87684,0.2914,25551.12
CUST014557,15036,0.7789,11711.54
CUST014558,46632,0.3263,15216.02
CUST014559,14472,0.1456,2107.12
CUST014560,57876,0.9178,53118.59
CUST014561,35376,0.0594,2101.33
CUST014562,53232,0.2416,12860.85
CUST014563,61872,0.2724,16853.93
CUST014564,13116,0.8807,11551.26
CUST014565,66192,0.3522,23312.82
CUST014566,9324,0.8605,8023.3
CUST014567,2232,0.1369,305.56
CUST014568,5484,0.4979,2730.48
CUST014569,71340,0.1167,8325.38
CUST014570,18084,0.8989,16255.71
CUST014571,10332,0.2818,2911.56
CUST014572,8280,0.4476,3706.13
CUST014573,21744,0.341,7414.7
CUST014574,10296,0.5078,5228.31
CUST014575,50160,0.8064,40449.02
CUST014576,47040,0.4477,21059.81
CUST014577,13512,0.4368,5902.04
CUST014578,284556,0.4445,126485.14
CUST014579,55800,0.6036,33680.88
CUST014580,210408,0.9202,193617.44
CUST014581,191532,0.3003,57517.06
CUST014582,17496,0.9452,16537.22
CUST014583,226272,0.6343,143524.33
CUST014584,10284,0.0971,998.58
CUST014585,134364,0.8565,115082.77
CUST014586,52332,0.0122,638.45
CUST014587,23472,0.1851,4344.67
CUST014588,13536,0.3327,4503.43
CUST014589,18168,0.3532,6416.94
CUST014590,16776,0.823,13806.65
CUST014591,2652,0.7891,2092.69
CUST014592,80016,0.8117,64948.99
CUST014593,18024,0.6869,12380.69
CUST014594,16428,0.4751,7804.94
CUST014595,6504,0.255,1658.52
CUST014596,12408,0.4983,6182.91
CUST014597,8580,0.8962,7689.4
CUST014598,4260,0.7655,3261.03
CUST014599,12660,0.3559,4505.69
CUST014600,217404,0.0386,8391.79
CUST014601,64488,0.7994,51551.71
CUST014602,45564,0.4715,21483.43
CUST014603,83544,0.2348,19616.13
CUST014604,60816,0.0148,900.08
CUST014605,192660,0.4815,92765.79
CUST014606,16368,0.8795,14395.66
CUST014607,21540,0.7843,16893.82
CUST014608,13992,0.3234,4525.01
CUST014609,255684,0.5984,153001.31
CUST014610,51816,0.4225,21892.26
CUST014611,95904,0.1581,15162.42
CUST014612,4860,0.2,972.0
CUST014613,1200,0.3261,391.32
CUST014614,19488,0.7485,14586.77
CUST014615,42684,0.4185,17863.25
CUST014616,58020,0.3015,17493.03
CUST014617,234876,0.8121,190742.8
CUST014618,13608,0.0508,691.29
CUST014619,11856,0.3367,3991.92
CUST014620,28080,0.7338,20605.1
CUST014621,139176,0.4925,68544.18
CUST014622,5460,0.3422,1868.41
CUST014623,8616,0.8635,7439.92
CUST014624,88392,0.3231,28559.46
CUST014625,246804,0.6601,162915.32
CUST014626,11568,0.6215,7189.51
CUST014627,2796,0.4416,1234.71
CUST014628,233652,0.0698,16308.91
CUST014629,1596,0.6233,994.79
CUST014630,20400,0.824,16809.6
CUST014631,18792,0.3986,7490.49
CUST014632,9024,0.6508,5872.82
CUST014633,22284,0.1972,4394.4
CUST014634,74100,0.5688,42148.08
CUST014635,12432,0.6578,8177.77
CUST014636,11280,0.8226,9278.93
CUST014637,4728,0.6625,3132.3
CUST014638,66948,0.8251,55238.79
CUST014639,10080,0.9296,9370.37
CUST014640,78624,0.8878,69802.39
CUST014641,107736,0.5641,60773.88
CUST014642,12624,0.8382,10581.44
CUST014643,3624,0.4628,1677.19
CUST014644,38064,0.2414,9188.65
CUST014645,6768,0.2037,1378.64
CUST014646,6084,0.9062,5513.32
CUST014647,277608,0.8874,246349.34
CUST014648,56100,0.4842,27163.62
CUST014649,15684,0.9431,14791.58
CUST014650,10668,0.5516,5884.47
CUST014651,113856,0.2553,29067.44
CUST014652,274020,0.5976,163754.35
CUST014653,234492,0.4085,95789.98
CUST014654,10104,0.1499,1514.59
CUST014655,21372,0.4351,9298.96
CUST014656,14400,0.1161,1671.84
CUST014657,3876,0.0313,121.32
CUST014658,21036,0.5588,11754.92
CUST014659,23784,0.5343,12707.79
CUST014660,2148,0.7066,1517.78
CUST014661,5556,0.1531,850.62
CUST014662,20424,0.483,9864.79
CUST014663,69480,0.3446,23942.81
CUST014664,16332,0.2442,3988.27
CUST014665,1236,0.8509,1051.71
CUST014666,70644,0.7112,50242.01
CUST014667,13152,0.4522,5947.33
CUST014668,23388,0.0847,1980.96
CUST014669,11220,0.2162,2425.76
CUST014670,119904,0.4207,50443.61
CUST014671,90768,0.9265,84096.55
CUST014672,7056,0.7903,5576.36
CUST014673,202968,0.2842,57683.51
CUST014674,110904,0.6905,76579.21
CUST014675,65640,0.8663,56863.93
CUST014676,21624,0.4106,8878.81
CUST014677,44832,0.1694,7594.54
CUST014678,176484,0.161,28413.92
CUST014679,36108,0.1755,6336.95
CUST014680,12612,0.5335,6728.5
CUST014681,12888,0.8715,11231.89
CUST014682,5100,0.6191,3157.41
CUST014683,57012,0.0825,4703.49
CUST014684,257388,0.4062,104551.01
CUST014685,23088,0.0564,1302.16
CUST014686,17112,0.7721,13212.18
CUST014687,22404,0.6871,15393.79
CUST014688,11184,0.7711,8623.98
CUST014689,22668,0.3278,7430.57
CUST014690,152124,0.0398,6054.54
CUST014691,18264,0.6453,11785.76
CUST014692,19752,0.5133,10138.7
CUST014693,71592,0.3087,22100.45
CUST014694,21276,0.2058,4378.6
CUST014695,21300,0.5187,11048.31
CUST014696,11904,0.0116,138.09
CUST014697,68052,0.9233,62832.41
CUST014698,94488,0.4743,44815.66
CUST014699,273984,0.2283,62550.55
CUST014700,89976,0.7342,66060.38
CUST014701,16404,0.7433,12193.09
CUST014702,15324,0.6311,9670.98
CUST014703,15048,0.0104,156.5
CUST014704,21744,0.117,2544.05
CUST014705,20760,0.4302,8930.95
CUST014706,18708,0.4889,9146.34
CUST014707,10932,0.9017,9857.38
CUST014708,36396,0.1741,6336.54
CUST014709,59760,0.6341,37893.82
CUST014710,17748,0.5325,9450.81
CUST014711,287880,0.157,45197.16
CUST014712,17964,0.8494,15258.62
CUST014713,42684,0.0687,2932.39
CUST014714,174288,0.4377,76285.86
CUST014715,67800,0.8414,57046.92
CUST014716,66432,0.8575,56965.44
CUST014717,231864,0.1097,25435.48
CUST014718,1356,0.3947,535.21
CUST014719,84420,0.4565,38537.73
CUST014720,18840,0.6246,11767.46
CUST014721,284268,0.708,201261.74
CUST014722,221232,0.4482,99156.18
CUST014723,3732,0.9195,3431.57
CUST014724,22956,0.3541,8128.72
CUST014725,23364,0.7641,17852.43
CUST014726,43572,0.5174,22544.15
CUST014727,12708,0.1485,1887.14
CUST014728,20100,0.0659,1324.59
CUST014729,18948,0.2068,3918.45
CUST014730,17976,0.6845,12304.57
CUST014731,188064,0.2538,47730.64
CUST014732,8028,0.5367,4308.63
CUST014733,22908,0.9343,21402.94
CUST014734,5172,0.693,3584.2
CUST014735,12780,0.562,7182.36
CUST014736,6564,0.5159,3386.37
CUST014737,63720,0.7569,48229.67
CUST014738,275208,0.0679,18686.62
CUST014739,85164,0.5515,46967.95
CUST014740,19524,0.2929,5718.58
CUST014741,9792,0.303,2966.98
CUST014742,12300,0.881,10836.3
CUST014743,18096,0.3771,6824.0
CUST014744,1344,0.6485,871.58
CUST014745,3456,0.4933,1704.84
CUST014746,17676,0.3998,7066.86
CUST014747,288564,0.5071,146330.8
CUST014748,22572,0.3427,7735.42
CUST014749,8112,0.2155,1748.14
CUST014750,91092,0.0142,1293.51
CUST014751,224052,0.2483,55632.11
CUST014752,1212,0.8658,1049.35
CUST014753,75552,0.5792,43759.72
CUST014754,6840,0.2949,2017.12
CUST014755,14004,0.115,1610.46
CUST014756,19836,0.2714,5383.49
CUST014757,53952,0.8831,47645.01
CUST014758,288168,0.5714,164659.2
CUST014759,13224,0.087,1150.49
CUST014760,9792,0.0302,295.72
CUST014761,123816,0.3694,45737.63
CUST014762,18636,0.7357,13710.51
CUST014763,38484,0.7764,29878.98
CUST014764,6000,0.8267,4960.2
CUST014765,23916,0.2161,5168.25
CUST014766,95316,0.8461,80646.87
CUST014767,73140,0.1521,11124.59
CUST014768,58908,0.202,11899.42
CUST014769,19008,0.0767,1457.91
CUST014770,61596,0.2599,16008.8
CUST014771,91308,0.8251,75338.23
CUST014772,21168,0.4363,9235.6
CUST014773,10980,0.5779,6345.34
CUST014774,31176,0.1723,5371.62
CUST014775,276456,0.2544,70330.41
CUST014776,2400,0.0479,114.96
CUST014777,3420,0.1705,583.11
CUST014778,1788,0.7645,1366.93
CUST014779,71568,0.1572,11250.49
CUST014780,15480,0.8219,12723.01
CUST014781,80892,0.1028,8315.7
CUST014782,48924,0.414,20254.54
CUST014783,7536,0.9027,6802.75
CUST014784,22032,0.3446,7592.23
CUST014785,94716,0.0177,1676.47
CUST014786,79356,0.0598,4745.49
CUST014787,193884,0.9313,180564.17
CUST014788,109572,0.4567,50041.53
CUST014789,20076,0.0682,1369.18
CUST014790,19596,0.783,15343.67
CUST014791,85236,0.8424,71802.81
CUST014792,110436,0.8769,96841.33
CUST014793,14832,0.4427,6566.13
CUST014794,14124,0.5812,8208.87
CUST014795,85188,0.4133,35208.2
CUST014796,32748,0.2666,8730.62
CUST014797,20292,0.4986,10117.59
CUST014798,37164,0.8031,29846.41
CUST014799,233820,0.5868,137205.58
CUST014800,42816,0.101,4324.42
CUST014801,25404,0.7978,20267.31
CUST014802,20376,0.1228,2502.17
CUST014803,84744,0.0593,5025.32
CUST014804,46872,0.0782,3665.39
CUST014805,3696,0.1948,719.98
CUST014806,52416,0.4781,25060.09
CUST014807,48288,0.5549,26795.01
CUST014808,21228,0.759,16112.05
CUST014809,15024,0.5534,8314.28
CUST014810,42792,0.6828,29218.38
CUST014811,110076,0.9455,104076.86
CUST014812,299916,0.3296,98852.31
CUST014813,226296,0.4952,112061.78
CUST014814,59892,0.6562,39301.13
CUST014815,2052,0.3829,785.71
CUST014816,5904,0.7946,4691.32
CUST014817,86136,0.9197,79219.28
CUST014818,293376,0.5277,154814.52
CUST014819,146664,0.3802,55761.65
CUST014820,4176,0.4068,1698.8
CUST014821,157032,0.4897,76898.57
CUST014822,211356,0.7757,163948.85
CUST014823,21348,0.7917,16901.21
CUST014824,12516,0.1773,2219.09
CUST014825,55308,0.5355,29617.43
CUST014826,79824,0.6912,55174.35
CUST014827,183204,0.2987,54723.03
CUST014828,5496,0.875,4809.0
CUST014829,49248,0.372,18320.26
CUST014830,6012,0.3096,1861.32
CUST014831,11676,0.5433,6343.57
CUST014832,80076,0.1182,9464.98
CUST014833,19776,0.6394,12644.77
CUST014834,17112,0.5905,10104.64
CUST014835,82656,0.7169,59256.09
CUST014836,52668,0.8081,42561.01
CUST014837,56268,0.4518,25421.88
CUST014838,67092,0.3376,22650.26
CUST014839,10716,0.516,5529.46
CUST014840,87696,0.5679,49802.56
CUST014841,15600,0.327,5101.2
CUST014842,219264,0.5263,115398.64
CUST014843,23580,0.1002,2362.72
CUST014844,13800,0.5801,8005.38
CUST014845,16584,0.9025,14967.06
CUST014846,271368,0.9259,251259.63
CUST014847,7380,0.8837,6521.71
CUST014848,2892,0.0147,42.51
CUST014849,4632,0.3376,1563.76
CUST014850,8940,0.9166,8194.4
CUST014851,15276,0.3072,4692.79
CUST014852,217656,0.307,66820.39
CUST014853,21924,0.5303,11626.3
CUST014854,11196,0.1257,1407.34
CUST014855,44544,0.644,28686.34
CUST014856,151896,0.901,136858.3
CUST014857,59220,0.2799,16575.68
CUST014858,7140,0.5718,4082.65
CUST014859,5964,0.7565,4511.77
CUST014860,60936,0.7573,46146.83
CUST014861,21552,0.6124,13198.44
CUST014862,3684,0.7041,2593.9
CUST014863,8100,0.4674,3785.94
CUST014864,70560,0.4833,34101.65
CUST014865,10800,0.3621,3910.68
CUST014866,21024,0.4384,9216.92
CUST014867,284436,0.5273,149983.1
CUST014868,229044,0.6463,148031.14
CUST014869,43188,0.617,26647.0
CUST014870,23592,0.4459,10519.67
CUST014871,2076,0.0584,121.24
CUST014872,120840,0.4913,59368.69
CUST014873,19728,0.7933,15650.22
CUST014874,21504,0.6526,14033.51
CUST014875,34992,0.1908,6676.47
CUST014876,28968,0.6842,19819.91
CUST014877,288324,0.3642,105007.6
CUST014878,180624,0.399,72068.98
CUST014879,259380,0.1729,44846.8
CUST014880,1668,0.4883,814.48
CUST014881,116088,0.3313,38459.95
CUST014882,2448,0.6169,1510.17
CUST014883,13908,0.6522,9070.8
CUST014884,6144,0.1941,1192.55
CUST014885,23196,0.6805,15784.88
CUST014886,9816,0.7019,6889.85
CUST014887,24528,0.7198,17655.25
CUST014888,4872,0.2146,1045.53
CUST014889,48672,0.6084,29612.04
CUST014890,19620,0.198,3884.76
CUST014891,268320,0.3483,93455.86
CUST014892,243276,0.938,228192.89
CUST014893,91332,0.9302,84957.03
CUST014894,6636,0.6203,4116.31
CUST014895,9060,0.4903,4442.12
CUST014896,48216,0.5025,24228.54
CUST014897,36756,0.9084,33389.15
CUST014898,9792,0.2119,2074.92
CUST014899,1896,0.4223,800.68
CUST014900,16140,0.2757,4449.8
CUST014901,2496,0.1009,251.85
CUST014902,15984,0.5474,8749.64
CUST014903,65244,0.8932,58275.94
CUST014904,5460,0.5476,2989.9
CUST014905,78444,0.206,16159.46
CUST014906,150000,0.5073,76095.0
CUST014907,7632,0.3112,2375.08
CUST014908,5220,0.175,913.5
CUST014909,15612,0.9315,14542.58
CUST014910,212832,0.7474,159070.64
CUST014911,267000,0.2312,61730.4
CUST014912,88032,0.6251,55028.8
CUST014913,16452,0.2586,4254.49
CUST014914,101892,0.3728,37985.34
CUST014915,6240,0.8095,5051.28
CUST014916,10032,0.0889,891.84
CUST014917,39288,0.1505,5912.84
CUST014918,11208,0.544,6097.15
CUST014919,9852,0.3611,3557.56
CUST014920,7452,0.5567,4148.53
CUST014921,20304,0.8825,17918.28
CUST014922,91152,0.2268,20673.27
CUST014923,2676,0.444,1188.14
CUST014924,72012,0.0865,6229.04
CUST014925,72276,0.9207,66544.51
CUST014926,80844,0.7697,62225.63
CUST014927,5376,0.2738,1471.95
CUST014928,14304,0.4742,6782.96
CUST014929,18948,0.7005,13273.07
CUST014930,98136,0.6816,66889.5
CUST014931,246012,0.9104,223969.32
CUST014932,31284,0.627,19615.07
CUST014933,13584,0.3183,4323.79
CUST014934,70128,0.5263,36908.37
CUST014935,6000,0.4721,2832.6
CUST014936,17688,0.4516,7987.9
CUST014937,74748,0.3338,24950.88
CUST014938,231696,0.8837,204749.76
CUST014939,6504,0.0171,111.22
CUST014940,95484,0.6684,63821.51
CUST014941,21468,0.212,4551.22
CUST014942,71196,0.0372,2648.49
CUST014943,70632,0.5738,40528.64
CUST014944,18252,0.3846,7019.72
CUST014945,221736,0.7132,158142.12
CUST014946,18504,0.7772,14381.31
CUST014947,21312,0.6189,13190.0
CUST014948,37872,0.8785,33270.55
CUST014949,59856,0.4527,27096.81
CUST014950,14712,0.1262,1856.65
CUST014951,2808,0.6979,1959.7
CUST014952,92556,0.6934,64178.33
CUST014953,3048,0.6784,2067.76
CUST014954,124152,0.9186,114046.03
CUST014955,19476,0.8878,17290.79
CUST014956,84480,0.6086,51414.53
CUST014957,95424,0.2304,21985.69
CUST014958,58740,0.7325,43027.05
CUST014959,11976,0.6822,8170.03
CUST014960,63072,0.6026,38007.19
CUST014961,82440,0.7072,58301.57
CUST014962,4188,0.9187,3847.52
CUST014963,2256,0.2811,634.16
CUST014964,20064,0.6747,13537.18
CUST014965,295896,0.6371,188515.34
CUST014966,22584,0.7974,18008.48
CUST014967,283524,0.9305,263819.08
CUST014968,113880,0.1612,18357.46
CUST014969,206268,0.1501,30960.83
CUST014970,7476,0.4139,3094.32
CUST014971,64260,0.7418,47668.07
CUST014972,63060,0.8169,51513.71
CUST014973,74064,0.3164,23433.85
CUST014974,27468,0.0554,1521.73
CUST014975,19644,0.0573,1125.6
CUST014976,3264,0.3344,1091.48
CUST014977,199056,0.8265,164519.78
CUST014978,14292,0.6304,9009.68
CUST014979,16020,0.6667,10680.53
CUST014980,5772,0.8966,5175.18
CUST014981,16044,0.7809,12528.76
CUST014982,10884,0.8916,9704.17
CUST014983,9492,0.2669,2533.41
CUST014984,128748,0.2842,36590.18
CUST014985,15552,0.192,2985.98
CUST014986,17232,0.7819,13473.7
CUST014987,26964,0.4113,11090.29
CUST014988,223752,0.5954,133221.94
CUST014989,3504,0.7653,2681.61
CUST014990,268572,0.1914,51404.68
CUST014991,76380,0.7016,53588.21
CUST014992,60408,0.8982,54258.47
CUST014993,60540,0.1838,11127.25
CUST014994,7812,0.8759,6842.53
CUST014995,37776,0.6936,26201.43
CUST014996,216060,0.3607,77932.84
CUST014997,81276,0.7736,62875.11
CUST014998,13536,0.5691,7703.34
CUST014999,3240,0.6433,2084.29
CUST015000,51912,0.7095,36831.56
