customer_id,Sum of churn_probability,top_risk_driver
CUST009981,0.9499,Contract Expiry
CUST012653,0.9499,Low Usage
CUST005193,0.9498,Low Usage
CUST008459,0.9498,Contract Expiry
CUST003588,0.9497,Low Usage
CUST005151,0.9497,Low Usage
CUST013674,0.9497,Support Escalations
CUST000555,0.9496,Low Usage
CUST000625,0.9495,Revenue Decline
CUST004824,0.9495,Support Escalations
CUST006106,0.9493,Contract Expiry
CUST013061,0.9493,Contract Expiry
CUST002103,0.9489,Support Escalations
CUST009021,0.9489,Support Escalations
CUST012603,0.9489,Revenue Decline
CUST004023,0.9488,Low Usage
CUST000061,0.9487,Contract Expiry
CUST006095,0.9487,Support Escalations
CUST010488,0.9487,Low Usage
CUST011347,0.9487,Support Escalations
CUST000879,0.9486,Revenue Decline
CUST001591,0.9486,Contract Expiry
CUST004046,0.9486,Support Escalations
CUST000334,0.9485,Low Usage
CUST005856,0.9485,Low NPS
CUST011147,0.9483,Contract Expiry
CUST011830,0.9483,Low NPS
CUST009669,0.9482,Support Escalations
CUST010322,0.9481,Low NPS
CUST005021,0.948,Support Escalations
CUST007259,0.948,Revenue Decline
CUST014184,0.9479,Low NPS
CUST000551,0.9478,Low Usage
CUST004475,0.9477,Revenue Decline
CUST012170,0.9475,Contract Expiry
CUST000768,0.9474,Low Usage
CUST002449,0.9472,Contract Expiry
CUST003828,0.9472,Contract Expiry
CUST007333,0.9472,Low Usage
CUST007723,0.9472,Revenue Decline
CUST009814,0.9471,Low Usage
CUST000460,0.947,Low Usage
CUST004977,0.947,Low NPS
CUST006572,0.9468,Revenue Decline
CUST010720,0.9468,Support Escalations
CUST007721,0.9467,Contract Expiry
CUST000116,0.9465,Revenue Decline
CUST001579,0.9465,Support Escalations
CUST005008,0.9465,Revenue Decline
CUST011580,0.9464,Revenue Decline
CUST003770,0.9463,Support Escalations
CUST007966,0.9463,Low NPS
CUST000335,0.9462,Revenue Decline
CUST006551,0.9461,Contract Expiry
CUST002983,0.946,Contract Expiry
CUST000558,0.9458,Revenue Decline
CUST002624,0.9458,Revenue Decline
CUST009854,0.9458,Contract Expiry
CUST008506,0.9457,Low Usage
CUST010441,0.9457,Revenue Decline
CUST010162,0.9456,Low Usage
CUST011398,0.9455,Low Usage
CUST014811,0.9455,Low NPS
CUST013488,0.9454,Contract Expiry
CUST000256,0.9453,Revenue Decline
CUST007680,0.9453,Low NPS
CUST001726,0.9452,Revenue Decline
CUST014582,0.9452,Revenue Decline
CUST011722,0.9451,Low NPS
CUST001631,0.9447,Support Escalations
CUST005124,0.9447,Contract Expiry
CUST006890,0.9447,Revenue Decline
CUST012184,0.9447,Support Escalations
CUST006262,0.9446,Low Usage
CUST012148,0.9446,Low NPS
CUST001801,0.9445,Contract Expiry
CUST005879,0.9445,Low Usage
CUST009068,0.9445,Low Usage
CUST008788,0.9443,Support Escalations
CUST012971,0.9442,Low NPS
CUST011713,0.9441,Support Escalations
CUST005165,0.9439,Support Escalations
CUST013988,0.9439,Support Escalations
CUST004486,0.9438,Low Usage
CUST001078,0.9437,Low Usage
CUST001645,0.9437,Low NPS
CUST001845,0.9437,Low Usage
CUST008838,0.9437,Low NPS
CUST000048,0.9436,Support Escalations
CUST004394,0.9436,Support Escalations
CUST013576,0.9436,Contract Expiry
CUST000404,0.9434,Contract Expiry
CUST003713,0.9434,Low Usage
CUST011007,0.9434,Low NPS
CUST014456,0.9434,Support Escalations
CUST005506,0.9433,Low NPS
CUST007646,0.9433,Low NPS
CUST009293,0.9432,Low Usage
CUST001099,0.9431,Support Escalations
CUST002033,0.9431,Support Escalations
CUST002063,0.9431,Contract Expiry
CUST008170,0.9431,Revenue Decline
CUST014649,0.9431,Revenue Decline
CUST008226,0.943,Low Usage
CUST014265,0.943,Low Usage
CUST006894,0.9429,Contract Expiry
CUST007354,0.9429,Support Escalations
CUST012875,0.9429,Low NPS
CUST006099,0.9428,Contract Expiry
CUST007814,0.9428,Revenue Decline
CUST001771,0.9427,Support Escalations
CUST012940,0.9427,Low NPS
CUST000458,0.9426,Contract Expiry
CUST001633,0.9426,Low NPS
CUST011176,0.9426,Contract Expiry
CUST014455,0.9426,Support Escalations
CUST003134,0.9423,Support Escalations
CUST000205,0.9422,Low NPS
CUST006374,0.9422,Low Usage
CUST012462,0.9422,Low Usage
CUST013267,0.9422,Revenue Decline
CUST000941,0.9421,Low Usage
CUST008850,0.9421,Support Escalations
CUST000254,0.942,Low Usage
CUST006261,0.942,Contract Expiry
CUST012435,0.942,Low Usage
CUST001152,0.9419,Low Usage
CUST002083,0.9419,Low Usage
CUST013211,0.9419,Support Escalations
CUST013832,0.9419,Support Escalations
CUST009002,0.9418,Revenue Decline
CUST011950,0.9418,Contract Expiry
CUST012153,0.9418,Low NPS
CUST005311,0.9417,Contract Expiry
CUST009512,0.9417,Revenue Decline
CUST011868,0.9415,Low NPS
CUST012706,0.9415,Contract Expiry
CUST012735,0.9415,Low NPS
CUST013778,0.9414,Revenue Decline
CUST004999,0.9413,Low Usage
CUST008776,0.9413,Revenue Decline
CUST009443,0.9411,Low NPS
CUST014408,0.9411,Support Escalations
CUST008871,0.941,Contract Expiry
CUST013039,0.941,Low Usage
CUST002453,0.9409,Low NPS
CUST002961,0.9409,Low NPS
CUST006565,0.9409,Contract Expiry
CUST008764,0.9408,Low NPS
CUST012833,0.9408,Contract Expiry
CUST003699,0.9407,Low NPS
CUST000369,0.9406,Contract Expiry
CUST003636,0.9406,Revenue Decline
CUST008323,0.9406,Low NPS
CUST010030,0.9406,Support Escalations
CUST011852,0.9406,Support Escalations
CUST012139,0.9406,Contract Expiry
CUST009217,0.9405,Contract Expiry
CUST010282,0.9405,Revenue Decline
CUST011146,0.9405,Revenue Decline
CUST010689,0.9404,Low NPS
CUST003186,0.9403,Support Escalations
CUST008468,0.9403,Support Escalations
CUST013470,0.9403,Low NPS
CUST001680,0.9402,Support Escalations
CUST010767,0.9402,Low Usage
CUST012888,0.94,Low NPS
CUST000968,0.9399,Low Usage
CUST003642,0.9399,Contract Expiry
CUST009784,0.9399,Low Usage
CUST010143,0.9398,Contract Expiry
CUST012450,0.9398,Low NPS
CUST013415,0.9398,Support Escalations
CUST001229,0.9397,Low NPS
CUST001372,0.9397,Contract Expiry
CUST014506,0.9397,Revenue Decline
CUST008530,0.9396,Support Escalations
CUST009480,0.9396,Contract Expiry
CUST011888,0.9396,Low NPS
CUST005252,0.9395,Low Usage
CUST006327,0.9395,Revenue Decline
CUST009831,0.9395,Contract Expiry
CUST013204,0.9393,Contract Expiry
CUST012552,0.9392,Revenue Decline
CUST004611,0.9391,Support Escalations
CUST008976,0.9391,Low NPS
CUST011970,0.9391,Low Usage
CUST010704,0.939,Low Usage
CUST006183,0.9388,Contract Expiry
CUST011550,0.9388,Support Escalations
CUST013140,0.9388,Low NPS
CUST001111,0.9387,Revenue Decline
CUST005532,0.9387,Low Usage
CUST009878,0.9386,Support Escalations
CUST013072,0.9386,Low NPS
CUST001569,0.9385,Low Usage
CUST003628,0.9385,Contract Expiry
CUST000620,0.9383,Low Usage
CUST005077,0.9383,Low Usage
CUST009965,0.9383,Low Usage
CUST011024,0.9383,Revenue Decline
CUST011932,0.9383,Low Usage
CUST002182,0.9382,Low NPS
CUST002382,0.938,Low NPS
CUST005571,0.938,Support Escalations
CUST012787,0.938,Low NPS
CUST014892,0.938,Contract Expiry
CUST013562,0.9379,Revenue Decline
CUST003769,0.9378,Low NPS
CUST013857,0.9378,Revenue Decline
CUST007916,0.9377,Contract Expiry
CUST012247,0.9377,Support Escalations
CUST013262,0.9377,Contract Expiry
CUST007272,0.9376,Low Usage
CUST010662,0.9375,Low NPS
CUST012852,0.9375,Low Usage
CUST002553,0.9373,Revenue Decline
CUST009551,0.9373,Revenue Decline
CUST001039,0.9372,Support Escalations
CUST008151,0.9371,Revenue Decline
CUST006060,0.9369,Low NPS
CUST013799,0.9368,Support Escalations
CUST013323,0.9367,Contract Expiry
CUST002537,0.9366,Low NPS
CUST006733,0.9366,Low NPS
CUST008421,0.9366,Support Escalations
CUST011428,0.9366,Revenue Decline
CUST012730,0.9366,Contract Expiry
CUST001918,0.9365,Low NPS
CUST011999,0.9365,Low Usage
CUST000539,0.9364,Low Usage
CUST002918,0.9364,Contract Expiry
CUST007762,0.9363,Low NPS
CUST013531,0.9361,Revenue Decline
CUST002520,0.936,Support Escalations
CUST009417,0.936,Low Usage
CUST002886,0.9359,Support Escalations
CUST013333,0.9359,Revenue Decline
CUST007878,0.9358,Contract Expiry
CUST012353,0.9357,Support Escalations
CUST012445,0.9357,Support Escalations
CUST001870,0.9356,Contract Expiry
CUST010320,0.9356,Revenue Decline
CUST004809,0.9354,Low Usage
CUST005140,0.9354,Support Escalations
CUST010064,0.9354,Low Usage
CUST010529,0.9354,Support Escalations
CUST007886,0.9353,Low Usage
CUST007882,0.9352,Revenue Decline
CUST013126,0.9352,Contract Expiry
CUST010787,0.9351,Support Escalations
CUST011425,0.9351,Contract Expiry
CUST000150,0.935,Revenue Decline
CUST003569,0.935,Support Escalations
CUST014126,0.935,Low NPS
CUST006305,0.9349,Contract Expiry
CUST006851,0.9349,Low NPS
CUST008461,0.9349,Low Usage
CUST011647,0.9348,Low Usage
CUST003288,0.9346,Low NPS
CUST005070,0.9345,Contract Expiry
CUST004618,0.9344,Low NPS
CUST012064,0.9344,Contract Expiry
CUST000248,0.9343,Support Escalations
CUST001061,0.9343,Low Usage
CUST001575,0.9343,Support Escalations
CUST006655,0.9343,Low NPS
CUST008666,0.9343,Low NPS
CUST014733,0.9343,Low NPS
CUST005578,0.9342,Low Usage
CUST013384,0.9342,Revenue Decline
CUST000612,0.9341,Low NPS
CUST004649,0.9339,Contract Expiry
CUST005564,0.9339,Revenue Decline
CUST009663,0.9339,Contract Expiry
CUST003366,0.9338,Support Escalations
CUST007276,0.9337,Revenue Decline
CUST011291,0.9336,Support Escalations
CUST000877,0.9335,Support Escalations
CUST005019,0.9335,Revenue Decline
CUST009947,0.9334,Low NPS
CUST000834,0.9333,Revenue Decline
CUST005037,0.9332,Revenue Decline
CUST005261,0.9332,Low NPS
CUST006119,0.933,Revenue Decline
CUST011860,0.933,Contract Expiry
CUST002571,0.9329,Revenue Decline
CUST003822,0.9329,Support Escalations
CUST011229,0.9328,Low Usage
CUST004057,0.9327,Support Escalations
CUST009999,0.9327,Contract Expiry
CUST014020,0.9327,Revenue Decline
CUST000031,0.9325,Support Escalations
CUST006298,0.9325,Contract Expiry
CUST001929,0.9324,Revenue Decline
CUST001007,0.9323,Contract Expiry
CUST011267,0.9322,Revenue Decline
CUST009637,0.9321,Revenue Decline
CUST004322,0.932,Revenue Decline
CUST011338,0.932,Low NPS
CUST012780,0.932,Support Escalations
CUST001101,0.9319,Support Escalations
CUST011117,0.9319,Low NPS
CUST012357,0.9318,Support Escalations
CUST014541,0.9318,Contract Expiry
CUST004487,0.9316,Contract Expiry
CUST004491,0.9316,Contract Expiry
CUST006527,0.9316,Support Escalations
CUST009693,0.9316,Low NPS
CUST000713,0.9315,Contract Expiry
CUST014909,0.9315,Low Usage
CUST004254,0.9314,Low Usage
CUST014787,0.9313,Support Escalations
CUST002578,0.9312,Revenue Decline
CUST002598,0.9312,Support Escalations
CUST007559,0.9312,Contract Expiry
CUST008639,0.9312,Low Usage
CUST012915,0.9312,Support Escalations
CUST000319,0.9311,Revenue Decline
CUST004941,0.9311,Contract Expiry
CUST010690,0.9311,Low Usage
CUST012240,0.9311,Support Escalations
CUST003744,0.931,Revenue Decline
CUST008577,0.931,Support Escalations
CUST006193,0.9308,Low Usage
CUST014310,0.9307,Revenue Decline
CUST012187,0.9306,Low Usage
CUST002003,0.9305,Support Escalations
CUST007295,0.9305,Low NPS
CUST012733,0.9305,Low NPS
CUST014967,0.9305,Low Usage
CUST001988,0.9304,Support Escalations
CUST004066,0.9303,Low Usage
CUST005430,0.9302,Low Usage
CUST013781,0.9302,Contract Expiry
CUST014893,0.9302,Contract Expiry
CUST004081,0.9301,Low Usage
CUST007421,0.9301,Contract Expiry
CUST003232,0.93,Contract Expiry
CUST007470,0.93,Low NPS
CUST012172,0.93,Contract Expiry
CUST000951,0.9299,Support Escalations
CUST007548,0.9299,Low NPS
CUST009681,0.9299,Low NPS
CUST001012,0.9298,Revenue Decline
CUST002270,0.9298,Revenue Decline
CUST012841,0.9297,Contract Expiry
CUST002792,0.9296,Support Escalations
CUST004643,0.9296,Contract Expiry
CUST008941,0.9296,Support Escalations
CUST011079,0.9296,Support Escalations
CUST012830,0.9296,Low NPS
CUST014639,0.9296,Low Usage
CUST005298,0.9295,Low NPS
CUST006072,0.9295,Revenue Decline
CUST000114,0.9294,Contract Expiry
CUST006357,0.9292,Low Usage
CUST004122,0.929,Support Escalations
CUST004130,0.929,Low Usage
CUST013759,0.929,Low Usage
CUST001097,0.9289,Low Usage
CUST004335,0.9289,Support Escalations
CUST012868,0.9289,Contract Expiry
CUST007733,0.9288,Low NPS
CUST007320,0.9287,Low Usage
CUST005995,0.9285,Low Usage
CUST000724,0.9284,Support Escalations
CUST011986,0.9284,Low Usage
CUST003951,0.928,Revenue Decline
CUST007045,0.928,Low Usage
CUST001945,0.9279,Revenue Decline
CUST005167,0.9279,Revenue Decline
CUST007880,0.9279,Support Escalations
CUST010622,0.9279,Low Usage
CUST008005,0.9278,Low NPS
CUST010845,0.9278,Support Escalations
CUST010534,0.9277,Low Usage
CUST013917,0.9277,Support Escalations
CUST005213,0.9276,Revenue Decline
CUST012983,0.9276,Contract Expiry
CUST005689,0.9275,Revenue Decline
CUST000873,0.9274,Support Escalations
CUST006592,0.9273,Support Escalations
CUST007647,0.9273,Contract Expiry
CUST012508,0.9273,Contract Expiry
CUST010227,0.9272,Low NPS
CUST004703,0.9271,Low NPS
CUST008753,0.9271,Low NPS
CUST010518,0.9271,Support Escalations
CUST012203,0.9271,Low Usage
CUST003718,0.927,Low Usage
CUST005839,0.927,Contract Expiry
CUST012063,0.9267,Low NPS
CUST008209,0.9265,Low NPS
CUST008363,0.9265,Revenue Decline
CUST009949,0.9265,Support Escalations
CUST010539,0.9265,Revenue Decline
CUST014671,0.9265,Low Usage
CUST002078,0.9264,Low NPS
CUST007731,0.9264,Low Usage
CUST010427,0.9264,Revenue Decline
CUST002463,0.9263,Support Escalations
CUST012796,0.9263,Contract Expiry
CUST013993,0.9263,Revenue Decline
CUST003919,0.9262,Support Escalations
CUST003996,0.9262,Contract Expiry
CUST009926,0.926,Low Usage
CUST011072,0.926,Low NPS
CUST001294,0.9259,Support Escalations
CUST003498,0.9259,Low Usage
CUST008572,0.9259,Revenue Decline
CUST014846,0.9259,Low NPS
CUST013341,0.9255,Low NPS
CUST008999,0.9254,Low Usage
CUST013478,0.9253,Low NPS
CUST003949,0.9252,Revenue Decline
CUST005680,0.9252,Support Escalations
CUST013038,0.9252,Contract Expiry
CUST000241,0.9249,Revenue Decline
CUST004232,0.9249,Revenue Decline
CUST009237,0.9249,Support Escalations
CUST013948,0.9249,Contract Expiry
CUST000804,0.9248,Support Escalations
CUST009531,0.9248,Low NPS
CUST010132,0.9248,Revenue Decline
CUST000656,0.9246,Low Usage
CUST010898,0.9246,Contract Expiry
CUST002153,0.9245,Low NPS
CUST006332,0.9245,Low Usage
CUST006664,0.9244,Revenue Decline
CUST012690,0.9244,Contract Expiry
CUST013031,0.9244,Revenue Decline
CUST000341,0.9241,Low NPS
CUST006813,0.9241,Low NPS
CUST013536,0.9241,Low NPS
CUST014415,0.9241,Contract Expiry
CUST000948,0.924,Support Escalations
CUST002220,0.924,Contract Expiry
CUST014311,0.9239,Contract Expiry
CUST002105,0.9238,Low Usage
CUST003849,0.9238,Revenue Decline
CUST012958,0.9238,Low Usage
CUST002929,0.9237,Low NPS
CUST008726,0.9237,Contract Expiry
CUST011230,0.9237,Support Escalations
CUST012837,0.9236,Low NPS
CUST014091,0.9236,Support Escalations
CUST005819,0.9235,Low Usage
CUST000851,0.9234,Low Usage
CUST002206,0.9234,Low NPS
CUST012090,0.9234,Low NPS
CUST004371,0.9233,Support Escalations
CUST008240,0.9233,Revenue Decline
CUST014697,0.9233,Contract Expiry
CUST003611,0.9232,Low NPS
CUST010092,0.9232,Low NPS
CUST011231,0.9232,Support Escalations
CUST004820,0.9231,Support Escalations
CUST000813,0.923,Low Usage
CUST004404,0.923,Support Escalations
CUST012558,0.923,Support Escalations
CUST014411,0.9229,Revenue Decline
CUST004784,0.9228,Revenue Decline
CUST007881,0.9228,Revenue Decline
CUST011196,0.9228,Contract Expiry
CUST013036,0.9228,Support Escalations
CUST005272,0.9227,Revenue Decline
CUST002484,0.9226,Revenue Decline
CUST000479,0.9225,Support Escalations
CUST001064,0.9225,Low NPS
CUST008614,0.9225,Low NPS
CUST013162,0.9222,Contract Expiry
CUST013561,0.9222,Support Escalations
CUST014307,0.9222,Contract Expiry
CUST011110,0.9221,Contract Expiry
CUST011859,0.922,Low NPS
CUST004641,0.9219,Revenue Decline
CUST010131,0.9219,Low NPS
CUST007047,0.9218,Contract Expiry
CUST001724,0.9217,Low Usage
CUST009566,0.9217,Support Escalations
CUST000739,0.9216,Support Escalations
CUST004161,0.9216,Revenue Decline
CUST012295,0.9216,Support Escalations
CUST004576,0.9215,Revenue Decline
CUST006003,0.9215,Support Escalations
CUST008860,0.9215,Support Escalations
CUST000363,0.9214,Support Escalations
CUST014250,0.9214,Revenue Decline
CUST002363,0.9213,Revenue Decline
CUST008385,0.9213,Contract Expiry
CUST010009,0.9213,Low Usage
CUST011434,0.9213,Contract Expiry
CUST011448,0.9213,Low Usage
CUST013098,0.9213,Contract Expiry
CUST009114,0.9212,Low Usage
CUST000926,0.921,Support Escalations
CUST003079,0.921,Low NPS
CUST006598,0.921,Low NPS
CUST007876,0.921,Contract Expiry
CUST011562,0.921,Low NPS
CUST013612,0.921,Support Escalations
CUST002525,0.9209,Low NPS
CUST009317,0.9209,Support Escalations
CUST012080,0.9208,Support Escalations
CUST000999,0.9207,Low Usage
CUST001938,0.9207,Contract Expiry
CUST011856,0.9207,Revenue Decline
CUST012350,0.9207,Revenue Decline
CUST014925,0.9207,Low NPS
CUST004381,0.9205,Support Escalations
CUST011139,0.9204,Support Escalations
CUST004288,0.9203,Contract Expiry
CUST009795,0.9203,Low NPS
CUST009596,0.9202,Support Escalations
CUST010890,0.9202,Contract Expiry
CUST014580,0.9202,Low Usage
CUST000477,0.9201,Support Escalations
CUST009235,0.9201,Low NPS
CUST011819,0.9201,Support Escalations
CUST005176,0.92,Support Escalations
CUST013240,0.92,Low Usage
CUST014054,0.9199,Support Escalations
CUST014817,0.9197,Contract Expiry
CUST002998,0.9196,Low NPS
CUST007394,0.9196,Contract Expiry
CUST014723,0.9195,Low NPS
CUST013951,0.9194,Low NPS
CUST013429,0.9193,Low NPS
CUST001077,0.9191,Low Usage
CUST006682,0.9191,Low NPS
CUST006105,0.919,Low Usage
CUST008967,0.919,Support Escalations
CUST006854,0.9189,Low Usage
CUST005668,0.9188,Low NPS
CUST009621,0.9187,Low Usage
CUST012688,0.9187,Support Escalations
CUST014962,0.9187,Support Escalations
CUST009047,0.9186,Contract Expiry
CUST011709,0.9186,Low Usage
CUST014954,0.9186,Low NPS
CUST011522,0.9185,Revenue Decline
CUST009467,0.9184,Support Escalations
CUST002106,0.9183,Contract Expiry
CUST012569,0.9183,Revenue Decline
CUST001522,0.9182,Support Escalations
CUST011574,0.9182,Low NPS
CUST002290,0.918,Contract Expiry
CUST000354,0.9179,Low Usage
CUST014560,0.9178,Low NPS
CUST004084,0.9177,Contract Expiry
CUST010312,0.9177,Low NPS
CUST010668,0.9177,Low Usage
CUST000252,0.9176,Support Escalations
CUST000607,0.9176,Contract Expiry
CUST006984,0.9176,Support Escalations
CUST007503,0.9176,Low NPS
CUST001037,0.9175,Support Escalations
CUST003634,0.9174,Revenue Decline
CUST009106,0.9174,Contract Expiry
CUST012659,0.9174,Low Usage
CUST013913,0.9174,Revenue Decline
CUST000903,0.9173,Low NPS
CUST005029,0.9173,Contract Expiry
CUST013532,0.9173,Low NPS
CUST009536,0.9172,Contract Expiry
CUST011165,0.9171,Support Escalations
CUST011174,0.9171,Low NPS
CUST002729,0.917,Revenue Decline
CUST005443,0.917,Low NPS
CUST010708,0.917,Support Escalations
CUST012533,0.917,Revenue Decline
CUST010300,0.9169,Low NPS
CUST014065,0.9169,Support Escalations
CUST000307,0.9168,Low Usage
CUST002804,0.9168,Contract Expiry
CUST005725,0.9168,Low NPS
CUST005764,0.9168,Low Usage
CUST008376,0.9168,Contract Expiry
CUST010984,0.9168,Revenue Decline
CUST014103,0.9166,Support Escalations
CUST014850,0.9166,Low Usage
CUST008518,0.9164,Contract Expiry
CUST010647,0.9164,Low NPS
CUST013828,0.9163,Low Usage
CUST011363,0.9162,Low NPS
CUST002718,0.916,Low Usage
CUST006280,0.916,Contract Expiry
CUST009993,0.916,Low Usage
CUST012502,0.916,Low Usage
CUST007675,0.9159,Revenue Decline
CUST012726,0.9159,Low NPS
CUST002084,0.9158,Low NPS
CUST003193,0.9157,Low Usage
CUST009541,0.9157,Revenue Decline
CUST001156,0.9154,Revenue Decline
CUST001277,0.9154,Support Escalations
CUST003771,0.9154,Low Usage
CUST004424,0.9154,Low Usage
CUST012828,0.9154,Support Escalations
CUST001243,0.9153,Contract Expiry
CUST005910,0.9153,Revenue Decline
CUST011333,0.9153,Support Escalations
CUST014222,0.9153,Contract Expiry
CUST011898,0.9152,Support Escalations
CUST005131,0.915,Revenue Decline
CUST014392,0.915,Low Usage
CUST000120,0.9149,Support Escalations
CUST002210,0.9148,Support Escalations
CUST002159,0.9147,Contract Expiry
CUST009579,0.9147,Contract Expiry
CUST011358,0.9147,Revenue Decline
CUST004528,0.9146,Contract Expiry
CUST011381,0.9146,Support Escalations
CUST000509,0.9145,Revenue Decline
CUST003117,0.9145,Revenue Decline
CUST004688,0.9145,Support Escalations
CUST008479,0.9145,Support Escalations
CUST000177,0.9142,Low NPS
CUST009848,0.9142,Contract Expiry
CUST012834,0.9142,Low NPS
CUST002687,0.9141,Contract Expiry
CUST009186,0.9141,Revenue Decline
CUST009161,0.9139,Support Escalations
CUST012411,0.9139,Support Escalations
CUST003786,0.9136,Support Escalations
CUST004131,0.9136,Contract Expiry
CUST012896,0.9136,Support Escalations
CUST010056,0.9135,Contract Expiry
CUST013167,0.9135,Revenue Decline
CUST013932,0.9134,Support Escalations
CUST005493,0.9133,Revenue Decline
CUST005993,0.9131,Low Usage
CUST004636,0.913,Contract Expiry
CUST010579,0.913,Low Usage
CUST012824,0.913,Low Usage
CUST001758,0.9129,Support Escalations
CUST013740,0.9129,Support Escalations
CUST012488,0.9128,Low Usage
CUST012754,0.9128,Revenue Decline
CUST003439,0.9127,Revenue Decline
CUST011114,0.9127,Revenue Decline
CUST009487,0.9125,Support Escalations
CUST014280,0.9125,Revenue Decline
CUST005115,0.9124,Low Usage
CUST012629,0.9123,Contract Expiry
CUST012322,0.9122,Support Escalations
CUST003947,0.9121,Revenue Decline
CUST010641,0.9121,Low NPS
CUST009743,0.912,Revenue Decline
CUST013115,0.9119,Support Escalations
CUST008112,0.9118,Contract Expiry
CUST012123,0.9118,Low NPS
CUST013546,0.9116,Revenue Decline
CUST002295,0.9115,Contract Expiry
CUST001687,0.9113,Low Usage
CUST010307,0.9113,Revenue Decline
CUST007060,0.911,Low NPS
CUST001983,0.9109,Contract Expiry
CUST007591,0.9109,Low NPS
CUST010329,0.9108,Contract Expiry
CUST003558,0.9107,Support Escalations
CUST005090,0.9107,Contract Expiry
CUST006806,0.9107,Support Escalations
CUST007352,0.9106,Revenue Decline
CUST009149,0.9106,Revenue Decline
CUST004682,0.9105,Low NPS
CUST009535,0.9105,Low NPS
CUST009464,0.9104,Low NPS
CUST011993,0.9104,Contract Expiry
CUST012329,0.9104,Contract Expiry
CUST014931,0.9104,Low Usage
CUST011880,0.9103,Contract Expiry
CUST006540,0.9102,Contract Expiry
CUST003334,0.9101,Low NPS
CUST005380,0.9101,Low NPS
CUST007586,0.91,Support Escalations
CUST006318,0.9099,Low NPS
CUST013656,0.9099,Support Escalations
CUST013397,0.9093,Revenue Decline
CUST010528,0.9092,Support Escalations
CUST011029,0.9092,Low Usage
CUST012598,0.9092,Revenue Decline
CUST001316,0.9089,Contract Expiry
CUST002902,0.9089,Revenue Decline
CUST002952,0.9089,Revenue Decline
CUST001170,0.9087,Contract Expiry
CUST008607,0.9087,Low Usage
CUST009077,0.9087,Revenue Decline
CUST009245,0.9087,Revenue Decline
CUST002641,0.9085,Contract Expiry
CUST003277,0.9085,Low NPS
CUST008043,0.9085,Support Escalations
CUST012656,0.9085,Low Usage
CUST012817,0.9084,Low Usage
CUST014897,0.9084,Revenue Decline
CUST009168,0.9083,Revenue Decline
CUST005271,0.9082,Low NPS
CUST007692,0.9082,Revenue Decline
CUST004103,0.9081,Revenue Decline
CUST003586,0.908,Support Escalations
CUST005450,0.908,Low NPS
CUST007624,0.9079,Revenue Decline
CUST009607,0.9079,Low NPS
CUST011584,0.9079,Contract Expiry
CUST012108,0.9077,Low NPS
CUST002754,0.9076,Low Usage
CUST009928,0.9075,Low Usage
CUST005913,0.9074,Support Escalations
CUST014457,0.9073,Revenue Decline
CUST002367,0.9072,Support Escalations
CUST005655,0.9072,Revenue Decline
CUST004349,0.907,Low Usage
CUST011436,0.9069,Low NPS
CUST012099,0.9069,Low Usage
CUST000214,0.9068,Low Usage
CUST007831,0.9068,Low Usage
CUST006045,0.9067,Support Escalations
CUST010542,0.9065,Contract Expiry
CUST008921,0.9064,Support Escalations
CUST012510,0.9064,Low Usage
CUST012857,0.9064,Revenue Decline
CUST000540,0.9063,Support Escalations
CUST010317,0.9062,Low Usage
CUST014646,0.9062,Low NPS
CUST000300,0.9061,Low NPS
CUST002694,0.9061,Low NPS
CUST005939,0.906,Revenue Decline
CUST013571,0.906,Support Escalations
CUST009347,0.9059,Low Usage
CUST009354,0.9059,Support Escalations
CUST001301,0.9058,Support Escalations
CUST003184,0.9058,Support Escalations
CUST011124,0.9058,Support Escalations
CUST007610,0.9057,Revenue Decline
CUST009876,0.9057,Support Escalations
CUST011990,0.9057,Low NPS
CUST013521,0.9057,Revenue Decline
CUST004069,0.9056,Low Usage
CUST014546,0.9056,Low NPS
CUST001310,0.9054,Support Escalations
CUST011897,0.9054,Support Escalations
CUST012113,0.9054,Revenue Decline
CUST013482,0.9054,Low Usage
CUST004034,0.9053,Low NPS
CUST004556,0.9052,Low Usage
CUST008724,0.9052,Low NPS
CUST000208,0.9051,Low NPS
CUST010403,0.9051,Contract Expiry
CUST004401,0.905,Contract Expiry
CUST007334,0.905,Revenue Decline
CUST010797,0.9049,Support Escalations
CUST013820,0.9049,Revenue Decline
CUST007283,0.9048,Contract Expiry
CUST011972,0.9046,Revenue Decline
CUST013998,0.9045,Low NPS
CUST005472,0.9043,Low Usage
CUST010290,0.9042,Contract Expiry
CUST000704,0.9041,Support Escalations
CUST006114,0.9041,Low NPS
CUST004863,0.904,Low Usage
CUST013852,0.9039,Contract Expiry
CUST004390,0.9038,Low Usage
CUST005043,0.9038,Revenue Decline
CUST012775,0.9038,Support Escalations
CUST013876,0.9038,Low Usage
CUST001123,0.9036,Low NPS
CUST002958,0.9036,Low Usage
CUST010594,0.9036,Support Escalations
CUST001024,0.9035,Contract Expiry
CUST002824,0.9034,Low NPS
CUST002231,0.9033,Contract Expiry
CUST006228,0.9033,Revenue Decline
CUST010970,0.9033,Low NPS
CUST000336,0.9032,Revenue Decline
CUST004756,0.9032,Revenue Decline
CUST011679,0.9032,Low Usage
CUST000151,0.9031,Revenue Decline
CUST003385,0.9031,Low NPS
CUST005000,0.9031,Contract Expiry
CUST011764,0.9031,Revenue Decline
CUST001373,0.903,Revenue Decline
CUST003865,0.903,Low Usage
CUST002035,0.9028,Revenue Decline
CUST011944,0.9028,Support Escalations
CUST013529,0.9028,Revenue Decline
CUST014783,0.9027,Revenue Decline
CUST003843,0.9026,Support Escalations
CUST008873,0.9026,Low Usage
CUST012117,0.9026,Revenue Decline
CUST000520,0.9025,Contract Expiry
CUST014186,0.9025,Low Usage
CUST014845,0.9025,Low Usage
CUST003463,0.9024,Support Escalations
CUST005205,0.9023,Low NPS
CUST009850,0.9023,Low NPS
CUST007271,0.9021,Low NPS
CUST008248,0.9019,Revenue Decline
CUST004887,0.9018,Low Usage
CUST007674,0.9018,Contract Expiry
CUST008763,0.9018,Low NPS
CUST013107,0.9018,Low NPS
CUST014707,0.9017,Revenue Decline
CUST001901,0.9016,Low NPS
CUST003218,0.9016,Low NPS
CUST011767,0.9016,Support Escalations
CUST008148,0.9015,Low Usage
CUST001813,0.9014,Contract Expiry
CUST009129,0.9014,Contract Expiry
CUST009802,0.9014,Contract Expiry
CUST012786,0.9014,Contract Expiry
CUST008296,0.9013,Revenue Decline
CUST010179,0.9013,Low Usage
CUST013720,0.9013,Low Usage
CUST009961,0.9012,Revenue Decline
CUST000983,0.9011,Contract Expiry
CUST001387,0.9011,Low NPS
CUST002343,0.9011,Low Usage
CUST006837,0.9011,Contract Expiry
CUST013110,0.9011,Support Escalations
CUST014856,0.901,Contract Expiry
CUST012553,0.9009,Support Escalations
CUST011698,0.9008,Contract Expiry
CUST007379,0.9006,Low NPS
CUST013603,0.9006,Low NPS
CUST001344,0.9005,Low NPS
CUST000298,0.9004,Revenue Decline
CUST006006,0.9004,Revenue Decline
CUST002358,0.9003,Low NPS
CUST005416,0.9003,Revenue Decline
CUST008620,0.9003,Low Usage
CUST000213,0.9002,Low NPS
CUST006599,0.9002,Revenue Decline
CUST006744,0.9002,Low NPS
CUST012154,0.9002,Low Usage
CUST000174,0.9001,Low NPS
CUST010410,0.9001,Revenue Decline
CUST005509,0.8999,Low NPS
CUST008291,0.8998,Low Usage
CUST001721,0.8997,Support Escalations
CUST005924,0.8997,Low NPS
CUST011806,0.8997,Support Escalations
CUST007158,0.8996,Low Usage
CUST006100,0.8995,Low NPS
CUST011943,0.8995,Low Usage
CUST001384,0.8994,Low NPS
CUST008727,0.8994,Low Usage
CUST010071,0.8994,Low NPS
CUST010077,0.8993,Low Usage
CUST001407,0.8992,Revenue Decline
CUST002146,0.8992,Low Usage
CUST007593,0.8992,Contract Expiry
CUST011653,0.8992,Contract Expiry
CUST011519,0.8991,Low NPS
CUST002172,0.899,Contract Expiry
CUST004205,0.899,Low Usage
CUST006775,0.899,Contract Expiry
CUST011372,0.899,Support Escalations
CUST009256,0.8989,Support Escalations
CUST011965,0.8989,Low NPS
CUST014570,0.8989,Low Usage
CUST001819,0.8987,Low Usage
CUST006153,0.8987,Revenue Decline
CUST002701,0.8986,Contract Expiry
CUST007770,0.8986,Revenue Decline
CUST011532,0.8986,Low Usage
CUST003702,0.8985,Support Escalations
CUST005749,0.8985,Contract Expiry
CUST012071,0.8985,Low NPS
CUST010527,0.8984,Low Usage
CUST007773,0.8983,Low NPS
CUST010167,0.8983,Low NPS
CUST001351,0.8982,Low Usage
CUST014992,0.8982,Contract Expiry
CUST001013,0.8981,Support Escalations
CUST005129,0.8981,Revenue Decline
CUST003059,0.898,Revenue Decline
CUST005053,0.898,Revenue Decline
CUST007795,0.898,Low Usage
CUST007667,0.8978,Contract Expiry
CUST009569,0.8977,Revenue Decline
CUST002805,0.8975,Support Escalations
CUST002416,0.8974,Revenue Decline
CUST006678,0.8974,Contract Expiry
CUST012012,0.8974,Contract Expiry
CUST012701,0.8974,Revenue Decline
CUST008021,0.8973,Low NPS
CUST009943,0.8972,Low Usage
CUST006196,0.8971,Low NPS
CUST003402,0.897,Revenue Decline
CUST008035,0.897,Low Usage
CUST014052,0.897,Support Escalations
CUST014333,0.897,Support Escalations
CUST012788,0.8969,Support Escalations
CUST005867,0.8968,Revenue Decline
CUST007948,0.8968,Support Escalations
CUST009986,0.8967,Revenue Decline
CUST001291,0.8966,Support Escalations
CUST006570,0.8966,Contract Expiry
CUST014980,0.8966,Low NPS
CUST000240,0.8965,Low Usage
CUST014195,0.8964,Low NPS
CUST003939,0.8962,Revenue Decline
CUST014343,0.8962,Low Usage
CUST014597,0.8962,Contract Expiry
CUST001130,0.8961,Revenue Decline
CUST007688,0.8961,Low NPS
CUST010500,0.8961,Contract Expiry
CUST013599,0.8961,Contract Expiry
CUST005592,0.896,Revenue Decline
CUST010114,0.896,Low NPS
CUST001050,0.8959,Contract Expiry
CUST010491,0.8959,Low Usage
CUST014237,0.8958,Support Escalations
CUST013355,0.8957,Low Usage
CUST014335,0.8956,Low Usage
CUST002893,0.8955,Contract Expiry
CUST008811,0.8955,Contract Expiry
CUST011567,0.8955,Support Escalations
CUST001334,0.8952,Support Escalations
CUST003448,0.8951,Revenue Decline
CUST005937,0.8951,Revenue Decline
CUST006985,0.8951,Low NPS
CUST012501,0.8951,Low NPS
CUST000565,0.8949,Contract Expiry
CUST000680,0.8949,Low Usage
CUST006523,0.8948,Contract Expiry
CUST006587,0.8948,Low NPS
CUST003724,0.8947,Contract Expiry
CUST007683,0.8947,Contract Expiry
CUST008845,0.8947,Revenue Decline
CUST007527,0.8946,Revenue Decline
CUST000087,0.8943,Revenue Decline
CUST002706,0.8942,Low NPS
CUST013146,0.8942,Support Escalations
CUST010232,0.8941,Support Escalations
CUST013869,0.8941,Low Usage
CUST012999,0.894,Support Escalations
CUST004619,0.8937,Support Escalations
CUST014452,0.8937,Revenue Decline
CUST006027,0.8936,Contract Expiry
CUST000016,0.8935,Revenue Decline
CUST011349,0.8933,Contract Expiry
CUST000461,0.8932,Contract Expiry
CUST004065,0.8932,Revenue Decline
CUST014903,0.8932,Revenue Decline
CUST000824,0.893,Revenue Decline
CUST005798,0.893,Low NPS
CUST001515,0.8928,Support Escalations
CUST007229,0.8928,Low Usage
CUST001493,0.8927,Low NPS
CUST008406,0.8927,Contract Expiry
CUST010517,0.8927,Revenue Decline
CUST009572,0.8926,Contract Expiry
CUST011742,0.8926,Support Escalations
CUST014062,0.8926,Contract Expiry
CUST005034,0.8925,Support Escalations
CUST006307,0.8924,Low NPS
CUST005360,0.8923,Revenue Decline
CUST012717,0.8922,Support Escalations
CUST000437,0.8919,Support Escalations
CUST008757,0.8919,Revenue Decline
CUST012306,0.8918,Low Usage
CUST007198,0.8917,Revenue Decline
CUST000987,0.8916,Contract Expiry
CUST011482,0.8916,Revenue Decline
CUST014982,0.8916,Revenue Decline
CUST001568,0.8915,Contract Expiry
CUST008211,0.8915,Support Escalations
CUST011947,0.8915,Revenue Decline
CUST010249,0.8914,Low Usage
CUST006250,0.8913,Contract Expiry
CUST000482,0.891,Low Usage
CUST012877,0.891,Low NPS
CUST009035,0.8907,Revenue Decline
CUST001479,0.8906,Low Usage
CUST002688,0.8906,Low NPS
CUST003322,0.8906,Revenue Decline
CUST008815,0.8906,Low Usage
CUST002303,0.8905,Low Usage
CUST001588,0.8902,Support Escalations
CUST003995,0.8902,Low Usage
CUST010120,0.8901,Support Escalations
CUST013377,0.89,Low NPS
CUST005093,0.8899,Revenue Decline
CUST001864,0.8898,Low NPS
CUST011692,0.8898,Contract Expiry
CUST003801,0.8897,Support Escalations
CUST007125,0.8897,Revenue Decline
CUST005790,0.8896,Low NPS
CUST013018,0.8896,Revenue Decline
CUST010284,0.8895,Revenue Decline
CUST013230,0.8895,Revenue Decline
CUST000650,0.889,Low Usage
CUST000412,0.8889,Low NPS
CUST003872,0.8887,Contract Expiry
CUST004976,0.8887,Low Usage
CUST005562,0.8887,Support Escalations
CUST001635,0.8886,Contract Expiry
CUST004668,0.8885,Low Usage
CUST007939,0.8885,Support Escalations
CUST010109,0.8885,Low NPS
CUST011454,0.8885,Contract Expiry
CUST011874,0.8885,Support Escalations
CUST003551,0.8884,Contract Expiry
CUST005356,0.8884,Contract Expiry
CUST002649,0.8883,Revenue Decline
CUST010296,0.8883,Low NPS
CUST014231,0.8883,Support Escalations
CUST005313,0.8882,Low Usage
CUST007780,0.8882,Low Usage
CUST008538,0.8882,Support Escalations
CUST009910,0.8882,Low Usage
CUST000396,0.8881,Low Usage
CUST002318,0.8881,Revenue Decline
CUST003485,0.8881,Low NPS
CUST002021,0.888,Revenue Decline
CUST003920,0.888,Low Usage
CUST007014,0.888,Low Usage
CUST006734,0.8879,Low Usage
CUST012829,0.8879,Low Usage
CUST012975,0.8879,Support Escalations
CUST014538,0.8879,Revenue Decline
CUST000677,0.8878,Support Escalations
CUST011493,0.8878,Support Escalations
CUST014640,0.8878,Low NPS
CUST014955,0.8878,Revenue Decline
CUST007239,0.8876,Contract Expiry
CUST007420,0.8876,Revenue Decline
CUST009689,0.8876,Low Usage
CUST006343,0.8875,Revenue Decline
CUST013378,0.8875,Contract Expiry
CUST012418,0.8874,Contract Expiry
CUST012503,0.8874,Low NPS
CUST014134,0.8874,Low NPS
CUST014647,0.8874,Low Usage
CUST013614,0.8872,Contract Expiry
CUST001060,0.8871,Revenue Decline
CUST013186,0.8871,Revenue Decline
CUST004798,0.887,Revenue Decline
CUST000856,0.8868,Low Usage
CUST005614,0.8868,Low Usage
CUST008371,0.8867,Low NPS
CUST011879,0.8866,Low NPS
CUST012086,0.8866,Low NPS
CUST013010,0.8866,Support Escalations
CUST001757,0.8865,Low NPS
CUST002945,0.8865,Low NPS
CUST000250,0.8863,Support Escalations
CUST010260,0.8863,Low Usage
CUST004150,0.8862,Low NPS
CUST007493,0.8862,Support Escalations
CUST002739,0.8861,Low Usage
CUST006680,0.8861,Low Usage
CUST002216,0.886,Contract Expiry
CUST003358,0.886,Contract Expiry
CUST006725,0.886,Contract Expiry
CUST010631,0.886,Low Usage
CUST000797,0.8859,Contract Expiry
CUST004042,0.8859,Support Escalations
CUST011397,0.8859,Contract Expiry
CUST011723,0.8859,Revenue Decline
CUST013523,0.8857,Low NPS
CUST001660,0.8856,Contract Expiry
CUST011989,0.8856,Low NPS
CUST004993,0.8855,Contract Expiry
CUST010885,0.8855,Low Usage
CUST014152,0.8855,Revenue Decline
CUST002178,0.8854,Revenue Decline
CUST007050,0.8854,Low NPS
CUST000123,0.8852,Low Usage
CUST003859,0.8852,Support Escalations
CUST008610,0.8852,Low NPS
CUST009894,0.8852,Low Usage
CUST007350,0.8851,Revenue Decline
CUST007448,0.8851,Support Escalations
CUST011067,0.8851,Low NPS
CUST003928,0.885,Low NPS
CUST008212,0.885,Support Escalations
CUST008446,0.885,Revenue Decline
CUST003787,0.8849,Low NPS
CUST010359,0.8849,Support Escalations
CUST010660,0.8849,Low NPS
CUST004249,0.8848,Contract Expiry
CUST004918,0.8848,Low NPS
CUST003810,0.8845,Revenue Decline
CUST007215,0.8845,Revenue Decline
CUST001265,0.8844,Low NPS
CUST002274,0.8844,Low Usage
CUST004989,0.8843,Support Escalations
CUST005849,0.8843,Low Usage
CUST012856,0.8843,Support Escalations
CUST011498,0.8842,Support Escalations
CUST000913,0.884,Revenue Decline
CUST005638,0.8839,Support Escalations
CUST007256,0.8839,Low NPS
CUST005079,0.8838,Low NPS
CUST011365,0.8838,Low NPS
CUST014047,0.8837,Revenue Decline
CUST014847,0.8837,Contract Expiry
CUST014938,0.8837,Revenue Decline
CUST014085,0.8836,Low NPS
CUST002082,0.8833,Contract Expiry
CUST004650,0.8831,Low NPS
CUST006671,0.8831,Revenue Decline
CUST012515,0.8831,Low NPS
CUST014757,0.8831,Support Escalations
CUST006649,0.8829,Revenue Decline
CUST012423,0.8829,Low NPS
CUST003977,0.8828,Revenue Decline
CUST008117,0.8828,Contract Expiry
CUST009692,0.8828,Contract Expiry
CUST009834,0.8828,Support Escalations
CUST013044,0.8828,Revenue Decline
CUST004247,0.8825,Support Escalations
CUST014921,0.8825,Contract Expiry
CUST002647,0.8824,Contract Expiry
CUST009971,0.8824,Low NPS
CUST004185,0.8823,Contract Expiry
CUST006039,0.8823,Contract Expiry
CUST012657,0.8823,Low Usage
CUST000803,0.8822,Low NPS
CUST001992,0.8822,Support Escalations
CUST011778,0.8822,Low Usage
CUST010798,0.8821,Low Usage
CUST004640,0.882,Low Usage
CUST009843,0.882,Support Escalations
CUST012838,0.882,Low NPS
CUST007081,0.8819,Contract Expiry
CUST000348,0.8818,Contract Expiry
CUST007172,0.8818,Low Usage
CUST010626,0.8818,Revenue Decline
CUST007960,0.8817,Revenue Decline
CUST001375,0.8816,Low Usage
CUST004158,0.8815,Revenue Decline
CUST011354,0.8815,Low NPS
CUST013486,0.8815,Support Escalations
CUST007100,0.8814,Low NPS
CUST006884,0.8813,Contract Expiry
CUST004734,0.8812,Low Usage
CUST009184,0.8812,Revenue Decline
CUST003492,0.8811,Revenue Decline
CUST002926,0.881,Contract Expiry
CUST014742,0.881,Low Usage
CUST004177,0.8808,Low NPS
CUST005491,0.8808,Contract Expiry
CUST009991,0.8808,Low Usage
CUST012037,0.8808,Contract Expiry
CUST007726,0.8807,Contract Expiry
CUST014564,0.8807,Revenue Decline
CUST004262,0.8806,Revenue Decline
CUST003002,0.8805,Contract Expiry
CUST007889,0.8805,Contract Expiry
CUST000508,0.8803,Support Escalations
CUST001765,0.8803,Low NPS
CUST013078,0.8803,Contract Expiry
CUST014232,0.8803,Support Escalations
CUST008198,0.8802,Low NPS
CUST005175,0.8801,Contract Expiry
CUST010844,0.8801,Contract Expiry
CUST011288,0.8801,Low NPS
CUST012992,0.8801,Support Escalations
CUST005569,0.88,Support Escalations
CUST012028,0.88,Revenue Decline
CUST012250,0.88,Support Escalations
CUST014305,0.8798,Support Escalations
CUST001971,0.8797,Contract Expiry
CUST003479,0.8797,Support Escalations
CUST014422,0.8797,Contract Expiry
CUST008589,0.8796,Low NPS
CUST014606,0.8795,Low NPS
CUST001589,0.8794,Support Escalations
CUST010681,0.8794,Revenue Decline
CUST000277,0.8792,Low Usage
CUST012045,0.8792,Support Escalations
CUST000227,0.8791,Revenue Decline
CUST004273,0.879,Low Usage
CUST005778,0.879,Support Escalations
CUST009507,0.879,Support Escalations
CUST013882,0.879,Revenue Decline
CUST010503,0.8789,Low Usage
CUST006603,0.8787,Low Usage
CUST008290,0.8787,Low NPS
CUST001626,0.8786,Low NPS
CUST001891,0.8786,Revenue Decline
CUST004692,0.8786,Low Usage
CUST014948,0.8785,Support Escalations
CUST003519,0.8784,Low NPS
CUST006176,0.8783,Support Escalations
CUST009765,0.8783,Contract Expiry
CUST012127,0.8783,Contract Expiry
CUST012006,0.8782,Support Escalations
CUST005422,0.8781,Support Escalations
CUST005853,0.8781,Low Usage
CUST009838,0.8781,Contract Expiry
CUST012719,0.8781,Support Escalations
CUST001074,0.878,Revenue Decline
CUST009339,0.878,Low NPS
CUST009898,0.8779,Low Usage
CUST012465,0.8779,Low NPS
CUST000139,0.8778,Low Usage
CUST007305,0.8778,Contract Expiry
CUST005528,0.8777,Low Usage
CUST008855,0.8777,Revenue Decline
CUST009318,0.8777,Low NPS
CUST000098,0.8775,Support Escalations
CUST008155,0.8775,Low Usage
CUST012666,0.8774,Revenue Decline
CUST005083,0.8773,Low Usage
CUST005824,0.8773,Revenue Decline
CUST008355,0.8773,Low Usage
CUST010335,0.8773,Low NPS
CUST013406,0.8772,Revenue Decline
CUST012169,0.877,Low Usage
CUST012191,0.877,Low NPS
CUST013926,0.8769,Revenue Decline
CUST014792,0.8769,Revenue Decline
CUST006224,0.8768,Revenue Decline
CUST003918,0.8767,Revenue Decline
CUST006617,0.8766,Revenue Decline
CUST010395,0.8766,Revenue Decline
CUST000609,0.8765,Low Usage
CUST005702,0.8765,Low Usage
CUST011273,0.8764,Low Usage
CUST000790,0.8763,Low NPS
CUST002619,0.8763,Contract Expiry
CUST008783,0.8763,Support Escalations
CUST009758,0.8763,Low Usage
CUST012389,0.8763,Low NPS
CUST001462,0.8762,Low NPS
CUST007913,0.876,Low Usage
CUST013638,0.876,Contract Expiry
CUST014004,0.876,Revenue Decline
CUST013754,0.8759,Revenue Decline
CUST014994,0.8759,Support Escalations
CUST012749,0.8758,Low NPS
CUST014055,0.8756,Low NPS
CUST013113,0.8753,Low Usage
CUST000217,0.8752,Low Usage
CUST010948,0.8752,Support Escalations
CUST013483,0.8751,Support Escalations
CUST004534,0.875,Revenue Decline
CUST010848,0.875,Low NPS
CUST014828,0.875,Revenue Decline
CUST004712,0.8749,Low NPS
CUST010000,0.8749,Low NPS
CUST013248,0.8749,Low NPS
CUST011430,0.8747,Low Usage
CUST006168,0.8746,Support Escalations
CUST011094,0.8746,Contract Expiry
CUST000662,0.8745,Low NPS
CUST011183,0.8745,Support Escalations
CUST013194,0.8744,Revenue Decline
CUST004224,0.8742,Low Usage
CUST011759,0.8742,Support Escalations
CUST012246,0.8742,Support Escalations
CUST002660,0.8741,Low NPS
CUST008769,0.874,Low NPS
CUST014099,0.874,Low Usage
CUST002885,0.8739,Contract Expiry
CUST007274,0.8739,Revenue Decline
CUST002249,0.8738,Low NPS
CUST009456,0.8738,Contract Expiry
CUST003935,0.8737,Low Usage
CUST004560,0.8737,Contract Expiry
CUST008048,0.8736,Contract Expiry
CUST011730,0.8736,Low Usage
CUST000992,0.8735,Low NPS
CUST006178,0.8734,Support Escalations
CUST006789,0.8734,Support Escalations
CUST011462,0.8734,Low NPS
CUST002151,0.8733,Contract Expiry
CUST004296,0.8733,Contract Expiry
CUST008874,0.8733,Low NPS
CUST013286,0.8733,Support Escalations
CUST012952,0.8732,Low NPS
CUST004502,0.873,Revenue Decline
CUST005830,0.873,Support Escalations
CUST006406,0.873,Support Escalations
CUST010005,0.873,Low NPS
CUST004749,0.8729,Contract Expiry
CUST007157,0.8729,Low NPS
CUST003690,0.8728,Low Usage
CUST003048,0.8727,Revenue Decline
CUST007242,0.8727,Contract Expiry
CUST009736,0.8727,Low Usage
CUST010206,0.8727,Revenue Decline
CUST011627,0.8727,Revenue Decline
CUST000525,0.8726,Low NPS
CUST010003,0.8726,Support Escalations
CUST012352,0.8725,Low NPS
CUST000370,0.8724,Revenue Decline
CUST008244,0.8724,Low NPS
CUST011531,0.8724,Support Escalations
CUST008346,0.872,Low Usage
CUST000429,0.8719,Low Usage
CUST007223,0.8719,Revenue Decline
CUST008087,0.8718,Contract Expiry
CUST001628,0.8716,Low NPS
CUST012950,0.8716,Contract Expiry
CUST012238,0.8715,Low NPS
CUST012567,0.8715,Revenue Decline
CUST014681,0.8715,Support Escalations
CUST005933,0.8714,Support Escalations
CUST010036,0.8714,Revenue Decline
CUST005470,0.8713,Low Usage
CUST005950,0.8713,Revenue Decline
CUST005821,0.871,Low Usage
CUST010549,0.871,Support Escalations
CUST000382,0.8709,Low NPS
CUST004024,0.8708,Low NPS
CUST013896,0.8708,Low Usage
CUST005788,0.8707,Revenue Decline
CUST009036,0.8706,Support Escalations
CUST004689,0.8705,Low NPS
CUST006425,0.8705,Low NPS
CUST005455,0.8704,Low Usage
CUST002627,0.8703,Low Usage
CUST001882,0.8702,Revenue Decline
CUST014124,0.8702,Revenue Decline
CUST004626,0.8701,Support Escalations
CUST008667,0.8701,Contract Expiry
CUST014509,0.8701,Low NPS
CUST008403,0.87,Low NPS
CUST012612,0.87,Contract Expiry
CUST004346,0.8699,Support Escalations
CUST013135,0.8699,Contract Expiry
CUST011977,0.8698,Low Usage
CUST002150,0.8697,Contract Expiry
CUST004318,0.8697,Support Escalations
CUST004846,0.8697,Revenue Decline
CUST011260,0.8697,Revenue Decline
CUST012125,0.8697,Low Usage
CUST014473,0.8695,Low Usage
CUST005005,0.8694,Low NPS
CUST008514,0.8694,Low Usage
CUST010049,0.8694,Revenue Decline
CUST002920,0.8693,Revenue Decline
CUST004915,0.8693,Low Usage
CUST013730,0.8693,Contract Expiry
CUST001860,0.8692,Revenue Decline
CUST003846,0.8692,Low NPS
CUST012340,0.8692,Contract Expiry
CUST004379,0.8691,Revenue Decline
CUST004924,0.8691,Low Usage
CUST014221,0.8691,Low NPS
CUST008975,0.869,Contract Expiry
CUST012727,0.869,Low NPS
CUST006943,0.8689,Low NPS
CUST013089,0.8689,Low Usage
CUST009022,0.8686,Low NPS
CUST011341,0.8686,Low NPS
CUST005870,0.8685,Revenue Decline
CUST006426,0.8685,Support Escalations
CUST010406,0.8685,Low Usage
CUST000008,0.8684,Low Usage
CUST008332,0.8684,Low NPS
CUST009369,0.8684,Revenue Decline
CUST002171,0.8683,Low Usage
CUST010835,0.8683,Low Usage
CUST011373,0.8683,Low Usage
CUST011086,0.8682,Support Escalations
CUST004998,0.8681,Support Escalations
CUST013376,0.8681,Low NPS
CUST012522,0.868,Revenue Decline
CUST009871,0.8679,Low Usage
CUST001250,0.8677,Contract Expiry
CUST003959,0.8677,Revenue Decline
CUST011142,0.8677,Support Escalations
CUST012930,0.8675,Low NPS
CUST004670,0.8673,Contract Expiry
CUST010250,0.8673,Revenue Decline
CUST011663,0.8673,Contract Expiry
CUST013541,0.8673,Contract Expiry
CUST003829,0.8672,Low Usage
CUST007392,0.8671,Contract Expiry
CUST011268,0.8671,Support Escalations
CUST002816,0.867,Low Usage
CUST004554,0.867,Low NPS
CUST011012,0.867,Low NPS
CUST001752,0.8669,Low Usage
CUST000058,0.8668,Low Usage
CUST006665,0.8667,Contract Expiry
CUST014536,0.8667,Revenue Decline
CUST003619,0.8666,Contract Expiry
CUST009645,0.8666,Low Usage
CUST007091,0.8664,Contract Expiry
CUST010398,0.8663,Contract Expiry
CUST010701,0.8663,Revenue Decline
CUST013242,0.8663,Contract Expiry
CUST014363,0.8663,Low Usage
CUST014675,0.8663,Support Escalations
CUST004736,0.866,Low Usage
CUST006885,0.8659,Contract Expiry
CUST002844,0.8658,Support Escalations
CUST010735,0.8658,Revenue Decline
CUST014752,0.8658,Contract Expiry
CUST001309,0.8657,Low Usage
CUST006081,0.8657,Low NPS
CUST013255,0.8657,Support Escalations
CUST001032,0.8656,Contract Expiry
CUST001654,0.8656,Revenue Decline
CUST003254,0.8656,Contract Expiry
CUST004648,0.8656,Low Usage
CUST008790,0.8656,Low Usage
CUST007135,0.8655,Low NPS
CUST012345,0.8655,Support Escalations
CUST012886,0.8655,Revenue Decline
CUST000498,0.8654,Low Usage
CUST004781,0.8654,Low Usage
CUST013793,0.8653,Revenue Decline
CUST005620,0.8652,Support Escalations
CUST010935,0.8652,Revenue Decline
CUST013436,0.865,Support Escalations
CUST012280,0.8649,Support Escalations
CUST002407,0.8648,Support Escalations
CUST003003,0.8648,Low Usage
CUST003956,0.8648,Low Usage
CUST014278,0.8648,Contract Expiry
CUST001877,0.8647,Support Escalations
CUST002832,0.8647,Low NPS
CUST004041,0.8647,Low Usage
CUST014485,0.8647,Support Escalations
CUST006285,0.8646,Revenue Decline
CUST000133,0.8645,Low Usage
CUST001689,0.8644,Low NPS
CUST003794,0.8644,Support Escalations
CUST009197,0.8644,Support Escalations
CUST009646,0.8643,Revenue Decline
CUST000163,0.8642,Low Usage
CUST004634,0.8642,Support Escalations
CUST005577,0.8642,Revenue Decline
CUST006929,0.8642,Low NPS
CUST003275,0.8641,Low NPS
CUST000741,0.864,Revenue Decline
CUST009169,0.864,Contract Expiry
CUST005156,0.8639,Revenue Decline
CUST008098,0.8639,Revenue Decline
CUST011537,0.8639,Contract Expiry
CUST009282,0.8638,Revenue Decline
CUST001327,0.8637,Support Escalations
CUST000806,0.8636,Support Escalations
CUST012452,0.8636,Low NPS
CUST003974,0.8635,Contract Expiry
CUST007777,0.8635,Support Escalations
CUST014623,0.8635,Low Usage
CUST000464,0.8634,Contract Expiry
CUST012551,0.8634,Revenue Decline
CUST011319,0.8633,Revenue Decline
CUST014173,0.8633,Support Escalations
CUST007436,0.8632,Support Escalations
CUST007832,0.8632,Contract Expiry
CUST008911,0.8632,Low NPS
CUST005368,0.8631,Low NPS
CUST001185,0.8629,Contract Expiry
CUST012890,0.8629,Low Usage
CUST013170,0.8629,Low Usage
CUST002870,0.8628,Low NPS
CUST011720,0.8628,Support Escalations
CUST009696,0.8627,Low NPS
CUST000409,0.8626,Low NPS
CUST006742,0.8625,Revenue Decline
CUST010463,0.8625,Contract Expiry
CUST009055,0.8624,Low Usage
CUST001425,0.862,Revenue Decline
CUST004975,0.862,Support Escalations
CUST006666,0.862,Contract Expiry
CUST010435,0.862,Revenue Decline
CUST013371,0.862,Support Escalations
CUST000431,0.8618,Revenue Decline
CUST006513,0.8617,Support Escalations
CUST011738,0.8617,Support Escalations
CUST006536,0.8616,Contract Expiry
CUST007053,0.8616,Low NPS
CUST003434,0.8613,Low NPS
CUST003533,0.8613,Low NPS
CUST009399,0.8612,Revenue Decline
CUST002052,0.8611,Contract Expiry
CUST014125,0.8611,Revenue Decline
CUST006849,0.861,Support Escalations
CUST010255,0.861,Low NPS
CUST011833,0.861,Revenue Decline
CUST005662,0.8608,Low NPS
CUST006624,0.8607,Revenue Decline
CUST001339,0.8606,Low NPS
CUST007668,0.8606,Contract Expiry
CUST006935,0.8605,Low Usage
CUST011294,0.8605,Low NPS
CUST014566,0.8605,Support Escalations
CUST001329,0.8604,Support Escalations
CUST001346,0.8603,Low NPS
CUST007794,0.8602,Contract Expiry
CUST001377,0.8601,Contract Expiry
CUST005724,0.8601,Support Escalations
CUST002124,0.86,Low NPS
CUST012303,0.8599,Low NPS
CUST013166,0.8599,Revenue Decline
CUST014044,0.8599,Low Usage
CUST000100,0.8598,Revenue Decline
CUST003234,0.8597,Low NPS
CUST005246,0.8596,Support Escalations
CUST012448,0.8596,Revenue Decline
CUST006476,0.8595,Contract Expiry
CUST009445,0.8595,Support Escalations
CUST000626,0.8594,Revenue Decline
CUST004026,0.8593,Revenue Decline
CUST011997,0.8593,Low NPS
CUST013451,0.8591,Low NPS
CUST009474,0.8589,Support Escalations
CUST006468,0.8588,Low Usage
CUST002342,0.8586,Low NPS
CUST002593,0.8586,Support Escalations
CUST003054,0.8586,Revenue Decline
CUST006640,0.8584,Contract Expiry
CUST002490,0.8582,Low NPS
CUST007552,0.8582,Revenue Decline
CUST009178,0.8582,Low NPS
CUST013370,0.8582,Contract Expiry
CUST012327,0.8581,Support Escalations
CUST004549,0.8578,Low Usage
CUST002093,0.8577,Support Escalations
CUST007724,0.8577,Revenue Decline
CUST001153,0.8576,Low NPS
CUST003104,0.8576,Contract Expiry
CUST004495,0.8576,Low Usage
CUST006962,0.8576,Contract Expiry
CUST009243,0.8576,Low Usage
CUST009755,0.8576,Revenue Decline
CUST005218,0.8575,Low NPS
CUST014716,0.8575,Low NPS
CUST010212,0.8573,Revenue Decline
CUST013768,0.8573,Low NPS
CUST014298,0.8573,Revenue Decline
CUST011413,0.8571,Low NPS
CUST013163,0.8571,Low Usage
CUST013628,0.8571,Low Usage
CUST004060,0.857,Low NPS
CUST007891,0.857,Support Escalations
CUST008201,0.857,Low Usage
CUST014241,0.857,Low Usage
CUST007092,0.8567,Low Usage
CUST004690,0.8566,Low NPS
CUST005248,0.8566,Support Escalations
CUST014585,0.8565,Low Usage
CUST010998,0.8564,Contract Expiry
CUST006000,0.8563,Contract Expiry
CUST007515,0.8562,Support Escalations
CUST004657,0.856,Revenue Decline
CUST010556,0.856,Contract Expiry
CUST007843,0.8559,Support Escalations
CUST008728,0.8559,Contract Expiry
CUST001899,0.8558,Low Usage
CUST009907,0.8558,Revenue Decline
CUST010996,0.8558,Low Usage
CUST013964,0.8558,Contract Expiry
CUST014495,0.8558,Support Escalations
CUST003105,0.8557,Low NPS
CUST013664,0.8557,Low NPS
CUST009697,0.8556,Support Escalations
CUST000439,0.8554,Low Usage
CUST002100,0.8554,Low NPS
CUST001480,0.8553,Revenue Decline
CUST002979,0.8553,Contract Expiry
CUST006284,0.8553,Low Usage
CUST009680,0.8553,Low NPS
CUST006945,0.8551,Revenue Decline
CUST011004,0.8551,Low NPS
CUST013084,0.8551,Low Usage
CUST003518,0.855,Contract Expiry
CUST010775,0.855,Contract Expiry
CUST013216,0.855,Low Usage
CUST014141,0.855,Low Usage
CUST001289,0.8549,Low NPS
CUST010882,0.8547,Low Usage
CUST007700,0.8546,Revenue Decline
CUST003405,0.8545,Low NPS
CUST003215,0.8544,Support Escalations
CUST005561,0.8544,Contract Expiry
CUST012315,0.8544,Low Usage
CUST001198,0.8543,Contract Expiry
CUST000627,0.8542,Contract Expiry
CUST008532,0.8541,Contract Expiry
CUST013734,0.8541,Contract Expiry
CUST000962,0.854,Low NPS
CUST008001,0.854,Support Escalations
CUST011680,0.8539,Revenue Decline
CUST008520,0.8537,Contract Expiry
CUST005011,0.8536,Contract Expiry
CUST003154,0.8535,Revenue Decline
CUST008715,0.8535,Revenue Decline
CUST000653,0.8531,Low Usage
CUST010457,0.853,Support Escalations
CUST003601,0.8529,Revenue Decline
CUST004797,0.8529,Low NPS
CUST008044,0.8529,Contract Expiry
CUST008006,0.8528,Support Escalations
CUST008349,0.8528,Contract Expiry
CUST012806,0.8525,Contract Expiry
CUST004393,0.8522,Low Usage
CUST010333,0.8522,Revenue Decline
CUST010700,0.8522,Revenue Decline
CUST011577,0.8522,Support Escalations
CUST007095,0.8521,Revenue Decline
CUST002811,0.852,Revenue Decline
CUST009265,0.852,Revenue Decline
CUST010783,0.852,Low NPS
CUST013675,0.852,Support Escalations
CUST004948,0.8519,Contract Expiry
CUST011639,0.8519,Revenue Decline
CUST004018,0.8518,Contract Expiry
CUST010234,0.8518,Support Escalations
CUST000752,0.8517,Low Usage
CUST014458,0.8517,Contract Expiry
CUST009819,0.8516,Low Usage
CUST006270,0.8515,Contract Expiry
CUST010382,0.8515,Contract Expiry
CUST000077,0.8514,Contract Expiry
CUST005142,0.8514,Low NPS
CUST006055,0.8514,Low Usage
CUST001990,0.8513,Support Escalations
CUST006825,0.8512,Revenue Decline
CUST007041,0.8511,Low Usage
CUST012038,0.8511,Contract Expiry
CUST003197,0.851,Low NPS
CUST000552,0.8509,Revenue Decline
CUST009362,0.8509,Low Usage
CUST014665,0.8509,Low Usage
CUST002015,0.8508,Support Escalations
CUST007564,0.8508,Contract Expiry
CUST007708,0.8508,Low NPS
CUST009882,0.8508,Revenue Decline
CUST005172,0.8507,Low Usage
CUST008330,0.8507,Low NPS
CUST005122,0.8506,Low Usage
CUST009783,0.8505,Low NPS
CUST005055,0.8504,Low NPS
CUST003693,0.8503,Support Escalations
CUST006826,0.8503,Low NPS
CUST009244,0.8503,Support Escalations
CUST011206,0.8503,Low NPS
CUST010901,0.8501,Revenue Decline
CUST001886,0.85,Low NPS
CUST010270,0.85,Low Usage
CUST013718,0.85,Revenue Decline
CUST003761,0.8499,Revenue Decline
CUST012746,0.8499,Contract Expiry
CUST013159,0.8499,Low Usage
CUST014111,0.8499,Support Escalations
CUST001670,0.8497,Low Usage
CUST006184,0.8497,Revenue Decline
CUST003838,0.8496,Low Usage
CUST008379,0.8495,Low Usage
CUST012094,0.8495,Revenue Decline
CUST014712,0.8494,Revenue Decline
CUST005630,0.8493,Contract Expiry
CUST002366,0.8492,Revenue Decline
CUST009486,0.8492,Support Escalations
CUST006688,0.8491,Revenue Decline
CUST007204,0.8491,Support Escalations
CUST011506,0.849,Contract Expiry
CUST014524,0.8488,Low NPS
CUST001259,0.8486,Revenue Decline
CUST004332,0.8486,Contract Expiry
CUST008434,0.8486,Revenue Decline
CUST013046,0.8486,Support Escalations
CUST003711,0.8484,Low Usage
CUST008208,0.8484,Low Usage
CUST000173,0.8483,Revenue Decline
CUST007936,0.8483,Support Escalations
CUST005367,0.8482,Contract Expiry
CUST008292,0.8482,Revenue Decline
CUST009219,0.8482,Support Escalations
CUST007553,0.848,Low Usage
CUST004994,0.8479,Revenue Decline
CUST008439,0.8479,Revenue Decline
CUST009776,0.8479,Low NPS
CUST002064,0.8477,Low NPS
CUST014188,0.8477,Contract Expiry
CUST000430,0.8476,Support Escalations
CUST008241,0.8475,Low NPS
CUST003517,0.8473,Revenue Decline
CUST004075,0.8473,Contract Expiry
CUST007383,0.8473,Support Escalations
CUST008772,0.8473,Low Usage
CUST010390,0.8473,Low Usage
CUST002643,0.8472,Support Escalations
CUST003967,0.8472,Low NPS
CUST011521,0.8472,Revenue Decline
CUST000572,0.847,Revenue Decline
CUST005738,0.8469,Revenue Decline
CUST006751,0.8469,Support Escalations
CUST010185,0.8469,Support Escalations
CUST013742,0.8469,Contract Expiry
CUST001869,0.8468,Low Usage
CUST003625,0.8467,Low NPS
CUST007422,0.8466,Revenue Decline
CUST000191,0.8465,Contract Expiry
CUST002333,0.8465,Revenue Decline
CUST013404,0.8464,Revenue Decline
CUST006292,0.8463,Revenue Decline
CUST007554,0.8463,Contract Expiry
CUST011140,0.8463,Revenue Decline
CUST000449,0.8462,Revenue Decline
CUST000855,0.8462,Low Usage
CUST006311,0.8462,Low Usage
CUST008306,0.8462,Contract Expiry
CUST001142,0.8461,Contract Expiry
CUST006205,0.8461,Contract Expiry
CUST011008,0.8461,Low Usage
CUST014766,0.8461,Support Escalations
CUST000350,0.846,Low Usage
CUST005328,0.8459,Contract Expiry
CUST010850,0.8459,Low Usage
CUST011618,0.8459,Low Usage
CUST001230,0.8458,Low NPS
CUST007603,0.8458,Low Usage
CUST009095,0.8458,Low Usage
CUST013792,0.8458,Low Usage
CUST006846,0.8457,Low Usage
CUST001105,0.8456,Contract Expiry
CUST007300,0.8456,Revenue Decline
CUST003212,0.8455,Low Usage
CUST007516,0.8455,Low NPS
CUST010627,0.8455,Revenue Decline
CUST010684,0.8455,Contract Expiry
CUST013607,0.8453,Contract Expiry
CUST006727,0.8452,Contract Expiry
CUST008215,0.8451,Revenue Decline
CUST008275,0.8451,Low NPS
CUST011623,0.8451,Low NPS
CUST013559,0.8451,Support Escalations
CUST003327,0.845,Low NPS
CUST005920,0.845,Support Escalations
CUST007766,0.8449,Contract Expiry
CUST008239,0.8449,Low Usage
CUST004518,0.8448,Contract Expiry
CUST004746,0.8448,Contract Expiry
CUST009121,0.8448,Contract Expiry
CUST003074,0.8447,Low NPS
CUST008747,0.8447,Support Escalations
CUST014031,0.8447,Low NPS
CUST014269,0.8447,Support Escalations
CUST006569,0.8446,Support Escalations
CUST010610,0.8445,Low NPS
CUST008742,0.8444,Support Escalations
CUST004453,0.8443,Contract Expiry
CUST006650,0.8442,Revenue Decline
CUST007619,0.8441,Revenue Decline
CUST013217,0.8441,Low Usage
CUST003393,0.8439,Support Escalations
CUST009785,0.8439,Low Usage
CUST009942,0.8439,Revenue Decline
CUST010102,0.8439,Low NPS
CUST001196,0.8437,Low NPS
CUST002838,0.8437,Low NPS
CUST010650,0.8437,Low NPS
CUST003581,0.8436,Revenue Decline
CUST001795,0.8435,Revenue Decline
CUST004589,0.8434,Low NPS
CUST007803,0.8434,Low Usage
CUST005058,0.8433,Support Escalations
CUST008919,0.8433,Support Escalations
CUST012227,0.8433,Low Usage
CUST001491,0.8432,Low NPS
CUST012193,0.8432,Contract Expiry
CUST014555,0.8432,Support Escalations
CUST003774,0.8431,Revenue Decline
CUST004777,0.8431,Support Escalations
CUST006459,0.8431,Revenue Decline
CUST013196,0.8431,Low NPS
CUST013270,0.8431,Support Escalations
CUST009004,0.8429,Low Usage
CUST009655,0.8429,Low NPS
CUST000397,0.8428,Low NPS
CUST001258,0.8428,Support Escalations
CUST001360,0.8428,Low NPS
CUST006525,0.8428,Contract Expiry
CUST001119,0.8427,Revenue Decline
CUST003116,0.8427,Low NPS
CUST002534,0.8426,Low NPS
CUST006186,0.8426,Low NPS
CUST009528,0.8426,Support Escalations
CUST005799,0.8424,Revenue Decline
CUST009335,0.8424,Support Escalations
CUST014791,0.8424,Low Usage
CUST000377,0.8423,Support Escalations
CUST006537,0.8423,Low Usage
CUST010133,0.8423,Low Usage
CUST007790,0.8421,Low Usage
CUST010888,0.8421,Low Usage
CUST001773,0.842,Low NPS
CUST003661,0.8418,Contract Expiry
CUST012429,0.8418,Low NPS
CUST013210,0.8418,Low Usage
CUST001907,0.8417,Revenue Decline
CUST009239,0.8417,Low Usage
CUST004226,0.8416,Low Usage
CUST012825,0.8416,Revenue Decline
CUST013838,0.8415,Low NPS
CUST014715,0.8414,Support Escalations
CUST000602,0.8413,Revenue Decline
CUST009970,0.8412,Support Escalations
CUST000090,0.8411,Contract Expiry
CUST007956,0.8411,Support Escalations
CUST003432,0.8409,Contract Expiry
CUST007604,0.8409,Low Usage
CUST011239,0.8409,Low Usage
CUST008477,0.8408,Revenue Decline
CUST013606,0.8408,Low NPS
CUST001644,0.8407,Revenue Decline
CUST010336,0.8406,Low NPS
CUST014386,0.8406,Revenue Decline
CUST004110,0.8405,Support Escalations
CUST005901,0.8405,Support Escalations
CUST001368,0.8404,Low NPS
CUST001652,0.8404,Low Usage
CUST003576,0.8404,Low NPS
CUST011464,0.8402,Support Escalations
CUST002329,0.8401,Revenue Decline
CUST010063,0.8401,Support Escalations
CUST010593,0.84,Low NPS
CUST000276,0.8399,Revenue Decline
CUST004317,0.8399,Revenue Decline
CUST006920,0.8398,Low NPS
CUST012529,0.8397,Low Usage
CUST004911,0.8396,Low Usage
CUST006421,0.8395,Revenue Decline
CUST007034,0.8395,Support Escalations
CUST001586,0.8394,Support Escalations
CUST002556,0.8393,Revenue Decline
CUST003410,0.8392,Low NPS
CUST007754,0.8392,Revenue Decline
CUST012664,0.8392,Contract Expiry
CUST007249,0.8388,Support Escalations
CUST008943,0.8388,Support Escalations
CUST009583,0.8388,Revenue Decline
CUST010001,0.8388,Support Escalations
CUST011054,0.8387,Low Usage
CUST007013,0.8385,Low Usage
CUST007785,0.8385,Support Escalations
CUST008565,0.8385,Low NPS
CUST003023,0.8384,Contract Expiry
CUST010347,0.8384,Low NPS
CUST010501,0.8384,Low Usage
CUST000657,0.8383,Low NPS
CUST006403,0.8383,Low NPS
CUST007885,0.8383,Low NPS
CUST010224,0.8383,Contract Expiry
CUST009578,0.8382,Support Escalations
CUST014642,0.8382,Contract Expiry
CUST008274,0.8381,Low Usage
CUST000222,0.838,Revenue Decline
CUST012301,0.838,Contract Expiry
CUST014096,0.838,Revenue Decline
CUST004218,0.8378,Contract Expiry
CUST010801,0.8378,Low Usage
CUST013672,0.8378,Low NPS
CUST003078,0.8374,Revenue Decline
CUST003267,0.8374,Contract Expiry
CUST003495,0.8374,Contract Expiry
CUST001513,0.8372,Contract Expiry
CUST010713,0.8371,Low NPS
CUST001596,0.837,Revenue Decline
CUST002094,0.837,Support Escalations
CUST008945,0.837,Revenue Decline
CUST013519,0.837,Contract Expiry
CUST003001,0.8369,Low NPS
CUST006302,0.8369,Low NPS
CUST004851,0.8367,Low NPS
CUST009835,0.8366,Contract Expiry
CUST013231,0.8366,Contract Expiry
CUST011078,0.8363,Revenue Decline
CUST002434,0.8362,Contract Expiry
CUST002829,0.8361,Low Usage
CUST004088,0.8361,Contract Expiry
CUST005729,0.8361,Support Escalations
CUST007746,0.8361,Contract Expiry
CUST011289,0.8361,Contract Expiry
CUST012625,0.8361,Support Escalations
CUST010380,0.836,Low NPS
CUST011549,0.836,Revenue Decline
CUST006358,0.8359,Revenue Decline
CUST012750,0.8359,Low Usage
CUST002723,0.8358,Low NPS
CUST007851,0.8358,Revenue Decline
CUST002042,0.8356,Low Usage
CUST004343,0.8356,Support Escalations
CUST006289,0.8356,Low NPS
CUST010378,0.8356,Low NPS
CUST009177,0.8355,Contract Expiry
CUST009995,0.8355,Low NPS
CUST010157,0.8355,Low Usage
CUST014137,0.8355,Revenue Decline
CUST001296,0.8354,Support Escalations
CUST003531,0.8354,Support Escalations
CUST004039,0.8354,Revenue Decline
CUST009061,0.8354,Support Escalations
CUST000190,0.8353,Low Usage
CUST004711,0.8353,Contract Expiry
CUST011996,0.8353,Support Escalations
CUST014279,0.8353,Revenue Decline
CUST000036,0.8352,Low Usage
CUST013579,0.835,Low NPS
CUST004621,0.8348,Support Escalations
CUST006181,0.8348,Support Escalations
CUST007967,0.8347,Contract Expiry
CUST008084,0.8347,Support Escalations
CUST008100,0.8347,Support Escalations
CUST000664,0.8345,Revenue Decline
CUST003613,0.8344,Revenue Decline
CUST000727,0.8342,Low NPS
CUST002755,0.8342,Low Usage
CUST006249,0.8341,Revenue Decline
CUST014464,0.8341,Low NPS
CUST013380,0.834,Low Usage
CUST009471,0.8338,Support Escalations
CUST014381,0.8338,Low NPS
CUST005237,0.8337,Contract Expiry
CUST005274,0.8337,Low Usage
CUST001534,0.8336,Contract Expiry
CUST002442,0.8336,Revenue Decline
CUST001446,0.8335,Support Escalations
CUST004362,0.8335,Low NPS
CUST003668,0.8334,Low NPS
CUST008499,0.8334,Revenue Decline
CUST010468,0.8334,Support Escalations
CUST011432,0.8333,Low Usage
CUST013172,0.8333,Revenue Decline
CUST009903,0.833,Low NPS
CUST003379,0.8328,Low NPS
CUST000072,0.8327,Low NPS
CUST003603,0.8327,Low Usage
CUST007755,0.8327,Contract Expiry
CUST008010,0.8327,Revenue Decline
CUST004032,0.8325,Contract Expiry
CUST014286,0.8325,Contract Expiry
CUST008693,0.8323,Contract Expiry
CUST004625,0.8322,Support Escalations
CUST012731,0.832,Low NPS
CUST000831,0.8319,Support Escalations
CUST008272,0.8319,Contract Expiry
CUST002081,0.8318,Support Escalations
CUST005397,0.8318,Low Usage
CUST011097,0.8318,Revenue Decline
CUST008966,0.8317,Low Usage
CUST013771,0.8317,Low NPS
CUST009163,0.8316,Low NPS
CUST006077,0.8315,Low Usage
CUST007859,0.8313,Low NPS
CUST002559,0.831,Revenue Decline
CUST003121,0.831,Low NPS
CUST007799,0.831,Low NPS
CUST007870,0.8309,Low NPS
CUST011732,0.8309,Low NPS
CUST013299,0.8309,Support Escalations
CUST013733,0.8308,Revenue Decline
CUST000078,0.8307,Revenue Decline
CUST001187,0.8307,Revenue Decline
CUST009916,0.8307,Support Escalations
CUST014083,0.8307,Revenue Decline
CUST003381,0.8306,Support Escalations
CUST003950,0.8305,Revenue Decline
CUST006931,0.8305,Support Escalations
CUST010207,0.8305,Contract Expiry
CUST011561,0.8304,Low Usage
CUST004600,0.8303,Low NPS
CUST004699,0.8303,Contract Expiry
CUST006755,0.8302,Low NPS
CUST013860,0.8301,Low NPS
CUST009072,0.83,Support Escalations
CUST009641,0.83,Revenue Decline
CUST000346,0.8298,Low NPS
CUST012475,0.8298,Low NPS
CUST005100,0.8297,Support Escalations
CUST007165,0.8297,Revenue Decline
CUST007897,0.8297,Revenue Decline
CUST008085,0.8297,Low Usage
CUST002167,0.8296,Contract Expiry
CUST003589,0.8296,Contract Expiry
CUST014519,0.8296,Low Usage
CUST003553,0.8295,Low Usage
CUST008320,0.8295,Contract Expiry
CUST013590,0.8295,Support Escalations
CUST004843,0.8294,Low NPS
CUST003211,0.8292,Revenue Decline
CUST012565,0.8292,Low NPS
CUST003291,0.8291,Low Usage
CUST003499,0.829,Low Usage
CUST008604,0.8289,Low Usage
CUST012570,0.8289,Low NPS
CUST008805,0.8288,Support Escalations
CUST009741,0.8288,Contract Expiry
CUST014234,0.8288,Contract Expiry
CUST006158,0.8287,Low Usage
CUST009170,0.8287,Contract Expiry
CUST014487,0.8287,Revenue Decline
CUST000157,0.8286,Support Escalations
CUST008672,0.8286,Support Escalations
CUST001287,0.8285,Support Escalations
CUST004816,0.8285,Low NPS
CUST003839,0.8284,Revenue Decline
CUST013724,0.8284,Contract Expiry
CUST008697,0.8283,Low NPS
CUST009846,0.8282,Revenue Decline
CUST010745,0.8282,Revenue Decline
CUST002967,0.8281,Low Usage
CUST012899,0.8281,Contract Expiry
CUST000816,0.828,Low Usage
CUST003470,0.828,Revenue Decline
CUST007805,0.828,Low NPS
CUST010604,0.828,Revenue Decline
CUST001793,0.8279,Support Escalations
CUST006267,0.8279,Low Usage
CUST007264,0.8279,Revenue Decline
CUST013910,0.8279,Low Usage
CUST003076,0.8278,Low Usage
CUST004285,0.8278,Contract Expiry
CUST000815,0.8276,Low Usage
CUST007705,0.8276,Low Usage
CUST009723,0.8276,Low NPS
CUST010815,0.8276,Support Escalations
CUST005015,0.8275,Low Usage
CUST003051,0.8274,Contract Expiry
CUST003006,0.8273,Revenue Decline
CUST006122,0.8273,Contract Expiry
CUST003929,0.8272,Low Usage
CUST010646,0.8272,Contract Expiry
CUST006842,0.8271,Low NPS
CUST001389,0.827,Revenue Decline
CUST006508,0.827,Low NPS
CUST008778,0.827,Revenue Decline
CUST013844,0.8269,Low NPS
CUST007801,0.8268,Contract Expiry
CUST011903,0.8268,Support Escalations
CUST008250,0.8267,Support Escalations
CUST013191,0.8267,Revenue Decline
CUST014764,0.8267,Contract Expiry
CUST007841,0.8266,Contract Expiry
CUST013937,0.8265,Low NPS
CUST014498,0.8265,Revenue Decline
CUST014977,0.8265,Revenue Decline
CUST013892,0.8263,Low Usage
CUST013232,0.8262,Low NPS
CUST004399,0.8261,Contract Expiry
CUST004352,0.8259,Contract Expiry
CUST012237,0.8258,Contract Expiry
CUST014133,0.8258,Revenue Decline
CUST014405,0.8258,Low Usage
CUST003198,0.8256,Low Usage
CUST008552,0.8256,Revenue Decline
CUST013489,0.8256,Low Usage
CUST001358,0.8255,Support Escalations
CUST004242,0.8254,Support Escalations
CUST003228,0.8253,Contract Expiry
CUST006451,0.8253,Revenue Decline
CUST008606,0.8253,Contract Expiry
CUST002855,0.8252,Low NPS
CUST002640,0.8251,Low NPS
CUST006743,0.8251,Low Usage
CUST014638,0.8251,Support Escalations
CUST014771,0.8251,Low NPS
CUST007303,0.825,Low NPS
CUST013916,0.8249,Support Escalations
CUST014410,0.8249,Contract Expiry
CUST005762,0.8247,Contract Expiry
CUST002517,0.8246,Revenue Decline
CUST005390,0.8246,Support Escalations
CUST006625,0.8245,Low NPS
CUST007846,0.8245,Support Escalations
CUST014545,0.8245,Support Escalations
CUST009813,0.8244,Low Usage
CUST004283,0.8243,Support Escalations
CUST011016,0.8243,Low NPS
CUST012400,0.8243,Revenue Decline
CUST008643,0.8242,Revenue Decline
CUST009849,0.8242,Revenue Decline
CUST013789,0.8242,Low Usage
CUST004807,0.824,Support Escalations
CUST006074,0.824,Low NPS
CUST014630,0.824,Contract Expiry
CUST002936,0.8239,Low Usage
CUST008070,0.8239,Support Escalations
CUST012351,0.8239,Low NPS
CUST002637,0.8238,Low NPS
CUST011687,0.8238,Support Escalations
CUST006623,0.8237,Low Usage
CUST010334,0.8237,Revenue Decline
CUST001357,0.8236,Low NPS
CUST009777,0.8236,Support Escalations
CUST002095,0.8234,Support Escalations
CUST002505,0.8234,Low NPS
CUST003908,0.8234,Support Escalations
CUST012059,0.8234,Contract Expiry
CUST000659,0.8233,Support Escalations
CUST008393,0.8233,Contract Expiry
CUST003820,0.823,Revenue Decline
CUST006150,0.823,Support Escalations
CUST006356,0.823,Revenue Decline
CUST008603,0.823,Low Usage
CUST009929,0.823,Revenue Decline
CUST014590,0.823,Support Escalations
CUST003932,0.8229,Low NPS
CUST003945,0.8229,Support Escalations
CUST005200,0.8229,Low Usage
CUST001847,0.8227,Revenue Decline
CUST012946,0.8226,Low Usage
CUST014636,0.8226,Low NPS
CUST007713,0.8225,Revenue Decline
CUST001048,0.8224,Low NPS
CUST008206,0.8224,Support Escalations
CUST006662,0.8223,Support Escalations
CUST014260,0.8223,Low NPS
CUST011483,0.8222,Low Usage
CUST006512,0.8219,Low NPS
CUST014780,0.8219,Support Escalations
CUST009404,0.8217,Revenue Decline
CUST007203,0.8215,Low Usage
CUST007195,0.8214,Low Usage
CUST008380,0.8214,Support Escalations
CUST011157,0.8214,Contract Expiry
CUST008149,0.8213,Revenue Decline
CUST005912,0.8211,Revenue Decline
CUST006872,0.8211,Revenue Decline
CUST010947,0.821,Contract Expiry
CUST010039,0.8209,Low Usage
CUST011308,0.8208,Low Usage
CUST003353,0.8207,Support Escalations
CUST000553,0.8205,Low NPS
CUST001833,0.8205,Contract Expiry
CUST011440,0.8205,Revenue Decline
CUST014061,0.8205,Contract Expiry
CUST003384,0.8203,Support Escalations
CUST013363,0.8203,Low Usage
CUST007313,0.8202,Support Escalations
CUST006437,0.8199,Revenue Decline
CUST000890,0.8198,Contract Expiry
CUST014110,0.8198,Contract Expiry
CUST003592,0.8197,Contract Expiry
CUST005108,0.8197,Revenue Decline
CUST007012,0.8197,Low NPS
CUST012372,0.8197,Support Escalations
CUST001042,0.8196,Support Escalations
CUST008370,0.8195,Low NPS
CUST003856,0.8194,Contract Expiry
CUST000872,0.8192,Contract Expiry
CUST004739,0.8192,Revenue Decline
CUST000131,0.8191,Low NPS
CUST002354,0.8191,Revenue Decline
CUST011444,0.819,Contract Expiry
CUST008642,0.8189,Support Escalations
CUST005654,0.8188,Support Escalations
CUST003417,0.8187,Support Escalations
CUST013578,0.8187,Low NPS
CUST009153,0.8186,Contract Expiry
CUST008386,0.8185,Low NPS
CUST003504,0.8184,Revenue Decline
CUST006009,0.8184,Contract Expiry
CUST007488,0.8184,Contract Expiry
CUST001948,0.8183,Low NPS
CUST009455,0.8183,Support Escalations
CUST012243,0.8183,Low NPS
CUST003823,0.8182,Revenue Decline
CUST011203,0.8182,Revenue Decline
CUST003077,0.8181,Low NPS
CUST009448,0.8181,Revenue Decline
CUST004145,0.8179,Contract Expiry
CUST007180,0.8179,Revenue Decline
CUST003172,0.8178,Low Usage
CUST003522,0.8176,Support Escalations
CUST003840,0.8176,Revenue Decline
CUST003975,0.8176,Low Usage
CUST002023,0.8175,Low Usage
CUST006402,0.8174,Low Usage
CUST000783,0.8173,Revenue Decline
CUST003311,0.8173,Low Usage
CUST009863,0.8173,Contract Expiry
CUST013310,0.8173,Support Escalations
CUST001432,0.8172,Low NPS
CUST002946,0.8172,Revenue Decline
CUST004494,0.817,Low Usage
CUST014972,0.8169,Low NPS
CUST009559,0.8168,Low Usage
CUST010723,0.8166,Contract Expiry
CUST006952,0.8165,Support Escalations
CUST000882,0.8164,Low NPS
CUST007425,0.8164,Support Escalations
CUST012697,0.8164,Support Escalations
CUST004627,0.8163,Low Usage
CUST005719,0.8163,Support Escalations
CUST011421,0.8163,Support Escalations
CUST011591,0.8162,Low Usage
CUST013744,0.8162,Contract Expiry
CUST008071,0.8161,Low NPS
CUST014248,0.8161,Low NPS
CUST002696,0.8156,Support Escalations
CUST007807,0.8156,Contract Expiry
CUST010543,0.8156,Support Escalations
CUST004384,0.8155,Low Usage
CUST007922,0.8155,Support Escalations
CUST004413,0.8154,Low Usage
CUST004547,0.8154,Low Usage
CUST010407,0.8154,Contract Expiry
CUST000417,0.8153,Low NPS
CUST002791,0.8152,Revenue Decline
CUST007297,0.8152,Low Usage
CUST012848,0.8152,Support Escalations
CUST011099,0.8151,Low NPS
CUST002000,0.815,Low Usage
CUST005307,0.815,Low NPS
CUST008644,0.815,Support Escalations
CUST005841,0.8149,Low NPS
CUST006500,0.8148,Low Usage
CUST001094,0.8147,Low Usage
CUST005952,0.8147,Contract Expiry
CUST001365,0.8145,Low Usage
CUST001451,0.8145,Support Escalations
CUST006495,0.8145,Low NPS
CUST006997,0.8145,Support Escalations
CUST009565,0.8143,Contract Expiry
CUST014106,0.8143,Low NPS
CUST010685,0.8141,Contract Expiry
CUST001220,0.814,Contract Expiry
CUST002540,0.814,Support Escalations
CUST004587,0.814,Support Escalations
CUST008153,0.814,Low NPS
CUST003957,0.8139,Revenue Decline
CUST012831,0.8139,Low NPS
CUST001770,0.8138,Support Escalations
CUST005036,0.8138,Low NPS
CUST009355,0.8138,Support Escalations
CUST011609,0.8137,Revenue Decline
CUST005974,0.8136,Support Escalations
CUST006393,0.8136,Contract Expiry
CUST002993,0.8135,Low NPS
CUST010962,0.8135,Revenue Decline
CUST002183,0.8134,Support Escalations
CUST002956,0.8134,Contract Expiry
CUST003151,0.8133,Support Escalations
CUST002448,0.8131,Support Escalations
CUST010909,0.8131,Low Usage
CUST007057,0.813,Contract Expiry
CUST009974,0.813,Contract Expiry
CUST003214,0.8129,Low Usage
CUST011746,0.8128,Low NPS
CUST001972,0.8127,Contract Expiry
CUST005714,0.8127,Revenue Decline
CUST011582,0.8127,Support Escalations
CUST004070,0.8126,Contract Expiry
CUST005810,0.8126,Contract Expiry
CUST000237,0.8124,Contract Expiry
CUST003355,0.8123,Low NPS
CUST004925,0.8123,Low NPS
CUST012437,0.8123,Low NPS
CUST002906,0.8122,Low Usage
CUST008669,0.8121,Low Usage
CUST008719,0.8121,Revenue Decline
CUST008965,0.8121,Revenue Decline
CUST014617,0.8121,Low NPS
CUST002327,0.8119,Contract Expiry
CUST002610,0.8119,Contract Expiry
CUST004578,0.8119,Low Usage
CUST009698,0.8119,Support Escalations
CUST002562,0.8118,Contract Expiry
CUST014592,0.8117,Low Usage
CUST002252,0.8115,Low Usage
CUST003307,0.8115,Low Usage
CUST012212,0.8114,Contract Expiry
CUST011973,0.8113,Support Escalations
CUST007772,0.8112,Low NPS
CUST011938,0.8112,Revenue Decline
CUST013919,0.8112,Support Escalations
CUST013929,0.8112,Revenue Decline
CUST003427,0.8111,Low NPS
CUST002970,0.811,Low NPS
CUST010553,0.811,Low Usage
CUST008247,0.8109,Low NPS
CUST009577,0.8109,Support Escalations
CUST010411,0.8109,Low NPS
CUST000754,0.8108,Support Escalations
CUST007714,0.8108,Contract Expiry
CUST013272,0.8107,Low NPS
CUST011635,0.8106,Contract Expiry
CUST014209,0.8106,Support Escalations
CUST004416,0.8104,Support Escalations
CUST010431,0.8104,Revenue Decline
CUST010509,0.8104,Low Usage
CUST005045,0.8101,Revenue Decline
CUST001699,0.81,Contract Expiry
CUST009827,0.81,Support Escalations
CUST003328,0.8098,Low Usage
CUST004764,0.8098,Contract Expiry
CUST002466,0.8097,Revenue Decline
CUST006465,0.8096,Revenue Decline
CUST014915,0.8095,Low Usage
CUST012164,0.8094,Low Usage
CUST007622,0.8093,Revenue Decline
CUST009310,0.8093,Low NPS
CUST000722,0.809,Contract Expiry
CUST008176,0.809,Low NPS
CUST005726,0.8089,Contract Expiry
CUST007874,0.8089,Low NPS
CUST011696,0.8089,Revenue Decline
CUST010474,0.8088,Support Escalations
CUST010830,0.8088,Low Usage
CUST002253,0.8085,Contract Expiry
CUST004697,0.8083,Low Usage
CUST009079,0.8083,Contract Expiry
CUST011223,0.8083,Revenue Decline
CUST000082,0.8082,Low Usage
CUST003163,0.8081,Contract Expiry
CUST014836,0.8081,Support Escalations
CUST001419,0.8079,Support Escalations
CUST012291,0.8077,Low Usage
CUST012535,0.8077,Revenue Decline
CUST004463,0.8074,Contract Expiry
CUST012744,0.8074,Revenue Decline
CUST000327,0.8073,Low Usage
CUST006699,0.8073,Contract Expiry
CUST013215,0.8073,Low NPS
CUST002733,0.8072,Low Usage
CUST003756,0.8072,Support Escalations
CUST004565,0.8072,Support Escalations
CUST007621,0.8072,Low NPS
CUST003303,0.8071,Revenue Decline
CUST006692,0.8071,Low Usage
CUST007933,0.8071,Low Usage
CUST001630,0.807,Contract Expiry
CUST010695,0.8069,Low NPS
CUST004171,0.8068,Contract Expiry
CUST004726,0.8068,Low Usage
CUST009209,0.8068,Contract Expiry
CUST012594,0.8068,Contract Expiry
CUST009056,0.8067,Support Escalations
CUST001863,0.8066,Support Escalations
CUST012398,0.8066,Low Usage
CUST006686,0.8065,Revenue Decline
CUST014575,0.8064,Low NPS
CUST006212,0.8063,Revenue Decline
CUST004872,0.8062,Contract Expiry
CUST010721,0.8062,Revenue Decline
CUST001393,0.8061,Low Usage
CUST010819,0.8061,Revenue Decline
CUST006626,0.806,Revenue Decline
CUST007370,0.806,Low Usage
CUST000219,0.8059,Support Escalations
CUST007476,0.8059,Low NPS
CUST000365,0.8058,Support Escalations
CUST008396,0.8057,Support Escalations
CUST001743,0.8056,Low NPS
CUST010934,0.8055,Low NPS
CUST001500,0.8054,Support Escalations
CUST000547,0.8053,Revenue Decline
CUST005373,0.8053,Support Escalations
CUST011495,0.8053,Revenue Decline
CUST011247,0.8051,Revenue Decline
CUST002373,0.805,Low Usage
CUST006685,0.805,Support Escalations
CUST004093,0.8049,Support Escalations
CUST007376,0.8049,Low NPS
CUST005736,0.8047,Low NPS
CUST001174,0.8046,Contract Expiry
CUST004881,0.8046,Low Usage
CUST010425,0.8045,Revenue Decline
CUST011636,0.8045,Low NPS
CUST001700,0.8044,Contract Expiry
CUST002943,0.8044,Low NPS
CUST004112,0.8043,Revenue Decline
CUST007284,0.8043,Support Escalations
CUST010768,0.8043,Support Escalations
CUST011864,0.8043,Low Usage
CUST000563,0.8042,Low NPS
CUST006065,0.8042,Contract Expiry
CUST013846,0.8042,Support Escalations
CUST013873,0.8042,Low Usage
CUST004958,0.8041,Low NPS
CUST012777,0.804,Low NPS
CUST000707,0.8038,Low NPS
CUST004380,0.8037,Contract Expiry
CUST010727,0.8037,Revenue Decline
CUST013943,0.8037,Low NPS
CUST002349,0.8036,Low Usage
CUST014393,0.8036,Low NPS
CUST000761,0.8035,Support Escalations
CUST005935,0.8034,Revenue Decline
CUST005687,0.8033,Low Usage
CUST011881,0.8033,Support Escalations
CUST014292,0.8033,Low Usage
CUST014294,0.8033,Revenue Decline
CUST004017,0.8031,Low Usage
CUST014798,0.8031,Low Usage
CUST004730,0.803,Support Escalations
CUST008101,0.803,Low NPS
CUST004926,0.8029,Low Usage
CUST004856,0.8027,Low NPS
CUST006871,0.8026,Low NPS
CUST004293,0.8025,Revenue Decline
CUST008901,0.8025,Contract Expiry
CUST010952,0.8025,Low NPS
CUST010825,0.8024,Support Escalations
CUST011693,0.8024,Low NPS
CUST003292,0.8023,Contract Expiry
CUST004233,0.8023,Revenue Decline
CUST010194,0.8023,Low NPS
CUST011981,0.8023,Revenue Decline
CUST000577,0.8021,Low NPS
CUST010663,0.802,Low Usage
CUST011224,0.802,Revenue Decline
CUST009379,0.8019,Low Usage
CUST000391,0.8018,Revenue Decline
CUST007344,0.8018,Low Usage
CUST006923,0.8017,Low Usage
CUST008744,0.8014,Support Escalations
CUST008984,0.8014,Low NPS
CUST005354,0.8013,Revenue Decline
CUST006940,0.8013,Low Usage
CUST006971,0.8013,Low NPS
CUST001764,0.8011,Revenue Decline
CUST013391,0.8011,Contract Expiry
CUST013690,0.8011,Revenue Decline
CUST002386,0.801,Contract Expiry
CUST006251,0.801,Contract Expiry
CUST008777,0.801,Support Escalations
CUST001731,0.8009,Contract Expiry
CUST002014,0.8009,Low NPS
CUST003764,0.8009,Revenue Decline
CUST012311,0.8008,Low Usage
CUST002207,0.8007,Low NPS
CUST011894,0.8006,Low Usage
CUST001667,0.8005,Contract Expiry
CUST008322,0.8005,Revenue Decline
CUST011355,0.8005,Revenue Decline
CUST012609,0.8003,Low Usage
CUST004796,0.8002,Low NPS
CUST006025,0.8001,Support Escalations
CUST001430,0.8,Low Usage
CUST001618,0.7999,Revenue Decline
CUST005513,0.7999,Low Usage
CUST008870,0.7999,Contract Expiry
CUST011813,0.7998,Low Usage
CUST002743,0.7997,Contract Expiry
CUST012019,0.7997,Revenue Decline
CUST007737,0.7995,Contract Expiry
CUST002544,0.7994,Revenue Decline
CUST003415,0.7994,Contract Expiry
CUST008222,0.7994,Contract Expiry
CUST014601,0.7994,Low NPS
CUST011902,0.7993,Low NPS
CUST002006,0.7992,Low Usage
CUST003493,0.7992,Low Usage
CUST012768,0.7992,Low NPS
CUST014359,0.7992,Revenue Decline
CUST004237,0.7991,Revenue Decline
CUST008230,0.7989,Revenue Decline
CUST013417,0.7989,Low NPS
CUST001925,0.7988,Revenue Decline
CUST001878,0.7987,Revenue Decline
CUST012592,0.7987,Revenue Decline
CUST003168,0.7986,Low NPS
CUST009346,0.7986,Low Usage
CUST009331,0.7985,Contract Expiry
CUST009434,0.7985,Contract Expiry
CUST000025,0.7984,Low NPS
CUST002719,0.7983,Low Usage
CUST003645,0.7983,Contract Expiry
CUST004439,0.7983,Low NPS
CUST010155,0.7983,Low NPS
CUST010632,0.7983,Support Escalations
CUST005895,0.7982,Revenue Decline
CUST009273,0.7982,Low Usage
CUST005169,0.7981,Support Escalations
CUST013014,0.798,Contract Expiry
CUST000638,0.7979,Low Usage
CUST004916,0.7978,Low Usage
CUST010875,0.7978,Contract Expiry
CUST013930,0.7978,Contract Expiry
CUST014801,0.7978,Support Escalations
CUST010038,0.7977,Revenue Decline
CUST010081,0.7977,Low Usage
CUST002789,0.7975,Contract Expiry
CUST002950,0.7975,Contract Expiry
CUST005669,0.7975,Low Usage
CUST006745,0.7974,Low NPS
CUST009175,0.7974,Support Escalations
CUST014966,0.7974,Contract Expiry
CUST007144,0.7973,Revenue Decline
CUST010635,0.7973,Low Usage
CUST006492,0.7972,Support Escalations
CUST009766,0.7972,Low NPS
CUST001276,0.7971,Contract Expiry
CUST013769,0.7971,Low Usage
CUST003800,0.7969,Low NPS
CUST006543,0.7969,Contract Expiry
CUST008187,0.7969,Contract Expiry
CUST013065,0.7969,Low Usage
CUST008438,0.7967,Contract Expiry
CUST008938,0.7967,Contract Expiry
CUST001095,0.7965,Low NPS
CUST013051,0.7965,Low Usage
CUST000737,0.7964,Low NPS
CUST007694,0.7964,Contract Expiry
CUST001561,0.7963,Support Escalations
CUST000510,0.7962,Low NPS
CUST004464,0.7961,Revenue Decline
CUST000735,0.7959,Support Escalations
CUST008990,0.7957,Low NPS
CUST006400,0.7956,Contract Expiry
CUST007500,0.7955,Support Escalations
CUST002882,0.7954,Revenue Decline
CUST004036,0.7954,Low NPS
CUST006423,0.7954,Revenue Decline
CUST010661,0.7953,Low Usage
CUST010013,0.7952,Support Escalations
CUST014390,0.7952,Low NPS
CUST012057,0.7951,Low Usage
CUST013074,0.7951,Low NPS
CUST013680,0.7951,Revenue Decline
CUST009745,0.795,Support Escalations
CUST008962,0.7949,Low NPS
CUST011345,0.7949,Contract Expiry
CUST012091,0.7947,Low Usage
CUST014816,0.7946,Low Usage
CUST006290,0.7944,Revenue Decline
CUST007858,0.7944,Revenue Decline
CUST001100,0.7943,Revenue Decline
CUST001385,0.7942,Low Usage
CUST012517,0.7942,Low NPS
CUST001911,0.7941,Low NPS
CUST002861,0.7941,Low Usage
CUST001669,0.794,Low Usage
CUST005594,0.794,Support Escalations
CUST006414,0.794,Low Usage
CUST007237,0.7938,Low NPS
CUST013604,0.7938,Support Escalations
CUST005447,0.7937,Low NPS
CUST013812,0.7936,Low NPS
CUST000181,0.7935,Contract Expiry
CUST013493,0.7934,Support Escalations
CUST001608,0.7933,Contract Expiry
CUST003669,0.7933,Contract Expiry
CUST014873,0.7933,Contract Expiry
CUST008493,0.7932,Revenue Decline
CUST007474,0.793,Low Usage
CUST013116,0.793,Low Usage
CUST013779,0.793,Contract Expiry
CUST003665,0.7929,Revenue Decline
CUST003123,0.7928,Revenue Decline
CUST010892,0.7928,Low Usage
CUST005718,0.7927,Low Usage
CUST002665,0.7926,Revenue Decline
CUST002997,0.7926,Low NPS
CUST008452,0.7926,Support Escalations
CUST013880,0.7925,Contract Expiry
CUST000517,0.7924,Low NPS
CUST007000,0.7924,Contract Expiry
CUST011131,0.7924,Support Escalations
CUST009104,0.7923,Low Usage
CUST011994,0.7923,Revenue Decline
CUST001649,0.7922,Support Escalations
CUST004442,0.7922,Revenue Decline
CUST000501,0.792,Low Usage
CUST005972,0.792,Low Usage
CUST011777,0.7919,Revenue Decline
CUST012905,0.7919,Low NPS
CUST009433,0.7918,Revenue Decline
CUST013641,0.7918,Revenue Decline
CUST002801,0.7917,Support Escalations
CUST014823,0.7917,Contract Expiry
CUST000474,0.7915,Contract Expiry
CUST002794,0.7914,Contract Expiry
CUST006407,0.7914,Contract Expiry
CUST007417,0.7914,Low NPS
CUST009683,0.7913,Low NPS
CUST000311,0.7912,Low NPS
CUST012764,0.7911,Contract Expiry
CUST013648,0.7911,Low NPS
CUST003055,0.791,Support Escalations
CUST012010,0.791,Revenue Decline
CUST013696,0.791,Low Usage
CUST009826,0.7909,Low NPS
CUST004639,0.7908,Low NPS
CUST001982,0.7907,Low Usage
CUST004079,0.7907,Contract Expiry
CUST009460,0.7907,Low Usage
CUST000238,0.7906,Support Escalations
CUST008300,0.7906,Support Escalations
CUST013134,0.7906,Support Escalations
CUST000571,0.7905,Revenue Decline
CUST010160,0.7904,Revenue Decline
CUST001511,0.7903,Low NPS
CUST005478,0.7903,Support Escalations
CUST012409,0.7903,Revenue Decline
CUST014672,0.7903,Low NPS
CUST003289,0.7902,Low Usage
CUST005346,0.7902,Contract Expiry
CUST001191,0.7901,Low NPS
CUST010298,0.7901,Revenue Decline
CUST005453,0.79,Contract Expiry
CUST008809,0.79,Contract Expiry
CUST006860,0.7898,Revenue Decline
CUST012942,0.7897,Support Escalations
CUST000862,0.7896,Support Escalations
CUST002892,0.7896,Support Escalations
CUST002939,0.7896,Support Escalations
CUST005299,0.7896,Support Escalations
CUST007349,0.7896,Support Escalations
CUST014406,0.7896,Low NPS
CUST002421,0.7894,Support Escalations
CUST003954,0.7894,Revenue Decline
CUST009761,0.7894,Low Usage
CUST005056,0.7893,Contract Expiry
CUST009539,0.7893,Low NPS
CUST012491,0.7893,Contract Expiry
CUST013063,0.7893,Contract Expiry
CUST006375,0.7892,Low Usage
CUST007304,0.7892,Contract Expiry
CUST008994,0.7892,Revenue Decline
CUST003036,0.7891,Support Escalations
CUST011826,0.7891,Revenue Decline
CUST012576,0.7891,Low Usage
CUST014591,0.7891,Support Escalations
CUST000260,0.789,Low NPS
CUST009045,0.789,Contract Expiry
CUST011219,0.789,Low Usage
CUST012211,0.789,Revenue Decline
CUST013550,0.789,Low NPS
CUST000235,0.7889,Low NPS
CUST010171,0.7889,Revenue Decline
CUST007696,0.7888,Support Escalations
CUST008130,0.7887,Revenue Decline
CUST010864,0.7887,Low Usage
CUST013150,0.7887,Support Escalations
CUST003633,0.7886,Contract Expiry
CUST004886,0.7886,Revenue Decline
CUST013875,0.7884,Support Escalations
CUST003899,0.7883,Contract Expiry
CUST013069,0.7882,Low NPS
CUST000738,0.7881,Low NPS
CUST006794,0.7881,Support Escalations
CUST009457,0.788,Revenue Decline
CUST011422,0.788,Low NPS
CUST013454,0.788,Support Escalations
CUST008090,0.7879,Low NPS
CUST008367,0.7879,Revenue Decline
CUST001188,0.7878,Support Escalations
CUST003260,0.7878,Revenue Decline
CUST004829,0.7878,Contract Expiry
CUST005847,0.7878,Support Escalations
CUST001853,0.7877,Low Usage
CUST006061,0.7877,Revenue Decline
CUST008057,0.7877,Revenue Decline
CUST002889,0.7873,Revenue Decline
CUST000483,0.7871,Low NPS
CUST001794,0.7871,Revenue Decline
CUST009495,0.7871,Low Usage
CUST006877,0.7869,Contract Expiry
CUST014147,0.7868,Low NPS
CUST004605,0.7867,Low Usage
CUST006812,0.7867,Low Usage
CUST004305,0.7866,Support Escalations
CUST005563,0.7866,Support Escalations
CUST003130,0.7863,Contract Expiry
CUST004620,0.7863,Support Escalations
CUST006700,0.7863,Low NPS
CUST012790,0.7862,Contract Expiry
CUST001658,0.786,Revenue Decline
CUST006042,0.786,Low NPS
CUST009489,0.7859,Contract Expiry
CUST008767,0.7857,Support Escalations
CUST005650,0.7856,Contract Expiry
CUST008255,0.7856,Low NPS
CUST008617,0.7856,Support Escalations
CUST009377,0.7856,Revenue Decline
CUST010416,0.7856,Revenue Decline
CUST008313,0.7855,Revenue Decline
CUST005843,0.7854,Contract Expiry
CUST003324,0.7853,Revenue Decline
CUST006161,0.7853,Support Escalations
CUST010846,0.7853,Contract Expiry
CUST011520,0.7853,Support Escalations
CUST013041,0.7853,Support Escalations
CUST013894,0.7853,Contract Expiry
CUST013905,0.7852,Revenue Decline
CUST014121,0.7852,Low NPS
CUST004706,0.7851,Low NPS
CUST001776,0.785,Support Escalations
CUST002900,0.785,Low Usage
CUST007573,0.785,Low NPS
CUST010746,0.785,Low NPS
CUST014490,0.785,Contract Expiry
CUST001623,0.7848,Low Usage
CUST003180,0.7848,Support Escalations
CUST013175,0.7848,Contract Expiry
CUST006663,0.7844,Contract Expiry
CUST012759,0.7844,Revenue Decline
CUST013920,0.7844,Support Escalations
CUST003922,0.7843,Revenue Decline
CUST004421,0.7843,Revenue Decline
CUST008312,0.7843,Contract Expiry
CUST014607,0.7843,Contract Expiry
CUST001468,0.7842,Revenue Decline
CUST004908,0.7842,Low NPS
CUST005553,0.7842,Support Escalations
CUST012198,0.7842,Low Usage
CUST010112,0.7841,Revenue Decline
CUST002625,0.784,Low Usage
CUST003538,0.784,Contract Expiry
CUST011383,0.784,Revenue Decline
CUST001706,0.7836,Low Usage
CUST008177,0.7836,Contract Expiry
CUST004775,0.7833,Contract Expiry
CUST005978,0.7833,Low NPS
CUST014544,0.7833,Support Escalations
CUST002474,0.7832,Support Escalations
CUST007353,0.7832,Revenue Decline
CUST008397,0.7832,Revenue Decline
CUST002313,0.7831,Low NPS
CUST002613,0.7831,Contract Expiry
CUST002810,0.7831,Support Escalations
CUST012147,0.7831,Revenue Decline
CUST012228,0.783,Low NPS
CUST014790,0.783,Support Escalations
CUST010931,0.7829,Support Escalations
CUST012689,0.7829,Support Escalations
CUST011148,0.7828,Low Usage
CUST011423,0.7828,Contract Expiry
CUST013001,0.7828,Revenue Decline
CUST013466,0.7828,Contract Expiry
CUST000288,0.7827,Revenue Decline
CUST014155,0.7827,Contract Expiry
CUST011243,0.7826,Low Usage
CUST005882,0.7825,Contract Expiry
CUST000499,0.7824,Support Escalations
CUST003179,0.7824,Low Usage
CUST000468,0.7823,Low NPS
CUST004473,0.7823,Contract Expiry
CUST008049,0.7822,Low NPS
CUST002609,0.782,Support Escalations
CUST002964,0.782,Contract Expiry
CUST008453,0.782,Low Usage
CUST014986,0.7819,Revenue Decline
CUST014372,0.7818,Low Usage
CUST002732,0.7817,Low Usage
CUST007494,0.7817,Low NPS
CUST010124,0.7817,Contract Expiry
CUST011249,0.7817,Contract Expiry
CUST012548,0.7817,Low Usage
CUST005041,0.7816,Low NPS
CUST007213,0.7816,Low Usage
CUST009709,0.7816,Revenue Decline
CUST002662,0.7813,Revenue Decline
CUST013717,0.7813,Contract Expiry
CUST006633,0.7812,Low NPS
CUST008907,0.7812,Low NPS
CUST003011,0.781,Low Usage
CUST005464,0.781,Contract Expiry
CUST009661,0.781,Low NPS
CUST012944,0.781,Contract Expiry
CUST013305,0.781,Low NPS
CUST001924,0.7809,Low NPS
CUST004498,0.7809,Revenue Decline
CUST012434,0.7809,Revenue Decline
CUST014981,0.7809,Low Usage
CUST002380,0.7807,Low NPS
CUST010273,0.7807,Revenue Decline
CUST012844,0.7806,Low Usage
CUST007768,0.7805,Contract Expiry
CUST008160,0.7805,Contract Expiry
CUST002376,0.7804,Revenue Decline
CUST013461,0.7804,Revenue Decline
CUST010770,0.7802,Contract Expiry
CUST004513,0.7801,Low Usage
CUST001236,0.78,Low Usage
CUST002763,0.78,Low Usage
CUST007175,0.78,Revenue Decline
CUST007347,0.78,Contract Expiry
CUST009391,0.78,Low NPS
CUST000993,0.7799,Low Usage
CUST008257,0.7799,Contract Expiry
CUST012549,0.7798,Low NPS
CUST012933,0.7798,Revenue Decline
CUST001815,0.7797,Low Usage
CUST004050,0.7796,Low NPS
CUST007155,0.7796,Contract Expiry
CUST010323,0.7796,Low NPS
CUST008695,0.7794,Contract Expiry
CUST007976,0.7793,Support Escalations
CUST000221,0.7792,Low NPS
CUST005440,0.7792,Revenue Decline
CUST007759,0.7792,Support Escalations
CUST014015,0.7792,Low Usage
CUST005699,0.779,Support Escalations
CUST000935,0.7789,Revenue Decline
CUST004114,0.7789,Contract Expiry
CUST004257,0.7789,Support Escalations
CUST006326,0.7789,Low Usage
CUST014557,0.7789,Support Escalations
CUST007848,0.7787,Support Escalations
CUST014428,0.7787,Support Escalations
CUST005931,0.7786,Support Escalations
CUST007478,0.7786,Support Escalations
CUST008594,0.7786,Contract Expiry
CUST012698,0.7786,Contract Expiry
CUST006878,0.7785,Low NPS
CUST000297,0.7783,Support Escalations
CUST013183,0.7783,Revenue Decline
CUST013756,0.7783,Support Escalations
CUST008498,0.7782,Revenue Decline
CUST007847,0.7781,Contract Expiry
CUST003201,0.778,Contract Expiry
CUST007648,0.778,Contract Expiry
CUST003053,0.7779,Low Usage
CUST007424,0.7779,Low Usage
CUST012547,0.7779,Revenue Decline
CUST013099,0.7779,Support Escalations
CUST014049,0.7779,Low Usage
CUST004286,0.7777,Low Usage
CUST001955,0.7776,Contract Expiry
CUST007439,0.7774,Contract Expiry
CUST005061,0.7773,Support Escalations
CUST008143,0.7773,Contract Expiry
CUST008657,0.7773,Low Usage
CUST010678,0.7773,Contract Expiry
CUST014946,0.7772,Support Escalations
CUST000486,0.7771,Low NPS
CUST003858,0.7771,Low NPS
CUST010371,0.777,Revenue Decline
CUST011526,0.777,Contract Expiry
CUST009119,0.7768,Revenue Decline
CUST011494,0.7768,Support Escalations
CUST001642,0.7767,Low Usage
CUST000040,0.7764,Contract Expiry
CUST002267,0.7764,Low NPS
CUST014763,0.7764,Low Usage
CUST012390,0.7763,Low Usage
CUST012751,0.7763,Contract Expiry
CUST004248,0.7761,Revenue Decline
CUST008486,0.7761,Support Escalations
CUST010396,0.7761,Contract Expiry
CUST014156,0.7761,Low Usage
CUST008106,0.776,Contract Expiry
CUST004962,0.7758,Low NPS
CUST000789,0.7757,Low Usage
CUST011688,0.7757,Contract Expiry
CUST013981,0.7757,Low Usage
CUST014822,0.7757,Low NPS
CUST007362,0.7756,Support Escalations
CUST003694,0.7755,Revenue Decline
CUST004469,0.7754,Support Escalations
CUST005768,0.7754,Contract Expiry
CUST013388,0.7754,Support Escalations
CUST002565,0.7753,Support Escalations
CUST004702,0.7753,Low Usage
CUST013239,0.7752,Low Usage
CUST005517,0.7751,Low Usage
CUST012378,0.775,Support Escalations
CUST013337,0.7749,Support Escalations
CUST005803,0.7748,Low Usage
CUST003115,0.7747,Low NPS
CUST007698,0.7747,Low NPS
CUST011020,0.7747,Revenue Decline
CUST004615,0.7746,Low Usage
CUST010083,0.7746,Support Escalations
CUST011404,0.7746,Low Usage
CUST005560,0.7745,Low NPS
CUST014274,0.7745,Revenue Decline
CUST013439,0.7744,Revenue Decline
CUST008720,0.7743,Support Escalations
CUST003503,0.7742,Contract Expiry
CUST007577,0.7742,Low Usage
CUST009514,0.7742,Revenue Decline
CUST013957,0.7742,Revenue Decline
CUST005013,0.774,Low Usage
CUST001940,0.7739,Contract Expiry
CUST002667,0.7739,Revenue Decline
CUST008472,0.7739,Support Escalations
CUST011119,0.7739,Contract Expiry
CUST000940,0.7737,Low NPS
CUST006304,0.7737,Revenue Decline
CUST014191,0.7737,Support Escalations
CUST014997,0.7736,Revenue Decline
CUST003984,0.7735,Support Escalations
CUST010522,0.7735,Contract Expiry
CUST008658,0.7734,Support Escalations
CUST009332,0.7733,Contract Expiry
CUST009787,0.7733,Contract Expiry
CUST011123,0.7731,Low Usage
CUST000427,0.773,Contract Expiry
CUST001584,0.773,Revenue Decline
CUST006018,0.773,Low NPS
CUST006328,0.773,Low NPS
CUST007530,0.773,Revenue Decline
CUST007568,0.773,Low Usage
CUST010370,0.773,Support Escalations
CUST010837,0.773,Low Usage
CUST001676,0.7729,Contract Expiry
CUST009470,0.7729,Support Escalations
CUST011435,0.7729,Contract Expiry
CUST000857,0.7728,Contract Expiry
CUST001517,0.7728,Support Escalations
CUST002016,0.7728,Revenue Decline
CUST011870,0.7728,Support Escalations
CUST000608,0.7727,Support Escalations
CUST007435,0.7727,Contract Expiry
CUST009102,0.7727,Low Usage
CUST010806,0.7727,Revenue Decline
CUST012724,0.7727,Contract Expiry
CUST014053,0.7726,Contract Expiry
CUST008503,0.7725,Revenue Decline
CUST007185,0.7724,Revenue Decline
CUST010079,0.7724,Revenue Decline
CUST010181,0.7722,Revenue Decline
CUST000788,0.7721,Low Usage
CUST002148,0.7721,Low Usage
CUST009998,0.7721,Contract Expiry
CUST014686,0.7721,Contract Expiry
CUST001133,0.772,Low NPS
CUST013173,0.772,Contract Expiry
CUST011155,0.7719,Contract Expiry
CUST013855,0.7719,Contract Expiry
CUST000448,0.7718,Low Usage
CUST003014,0.7718,Low Usage
CUST005177,0.7718,Low Usage
CUST010925,0.7718,Contract Expiry
CUST009099,0.7717,Contract Expiry
CUST013312,0.7717,Revenue Decline
CUST012748,0.7716,Revenue Decline
CUST000744,0.7715,Support Escalations
CUST007187,0.7715,Revenue Decline
CUST006605,0.7714,Support Escalations
CUST010511,0.7714,Revenue Decline
CUST010865,0.7714,Revenue Decline
CUST010786,0.7713,Low Usage
CUST000684,0.7712,Contract Expiry
CUST001496,0.7712,Revenue Decline
CUST007166,0.7712,Low NPS
CUST010917,0.7712,Revenue Decline
CUST014071,0.7712,Support Escalations
CUST014688,0.7711,Low Usage
CUST005155,0.771,Contract Expiry
CUST007390,0.7709,Support Escalations
CUST008031,0.7709,Support Escalations
CUST009975,0.7709,Low Usage
CUST010078,0.7709,Revenue Decline
CUST003746,0.7708,Low Usage
CUST002623,0.7706,Low NPS
CUST012458,0.7706,Revenue Decline
CUST012668,0.7704,Support Escalations
CUST005609,0.7703,Support Escalations
CUST006524,0.7702,Low Usage
CUST009522,0.7702,Contract Expiry
CUST012336,0.7702,Low NPS
CUST004581,0.7701,Low NPS
CUST013347,0.7701,Support Escalations
CUST010313,0.77,Revenue Decline
CUST012149,0.7699,Low Usage
CUST004006,0.7698,Contract Expiry
CUST009037,0.7698,Contract Expiry
CUST000092,0.7697,Contract Expiry
CUST014926,0.7697,Revenue Decline
CUST005451,0.7696,Contract Expiry
CUST010849,0.7695,Low NPS
CUST001763,0.7694,Low Usage
CUST009372,0.7694,Revenue Decline
CUST000272,0.7693,Contract Expiry
CUST013512,0.7692,Low Usage
CUST005251,0.7691,Contract Expiry
CUST011906,0.7689,Low NPS
CUST000755,0.7688,Revenue Decline
CUST005413,0.7688,Contract Expiry
CUST012215,0.7688,Low NPS
CUST012467,0.7688,Revenue Decline
CUST013513,0.7688,Low NPS
CUST007042,0.7687,Low Usage
CUST000978,0.7686,Contract Expiry
CUST009666,0.7686,Revenue Decline
CUST011829,0.7684,Contract Expiry
CUST001673,0.7683,Contract Expiry
CUST008822,0.7683,Low NPS
CUST003607,0.7681,Support Escalations
CUST002849,0.7679,Low Usage
CUST012292,0.7679,Support Escalations
CUST007883,0.7677,Support Escalations
CUST002429,0.7676,Contract Expiry
CUST011410,0.7676,Contract Expiry
CUST012774,0.7676,Low NPS
CUST000507,0.7674,Contract Expiry
CUST005713,0.7674,Low NPS
CUST005605,0.7672,Revenue Decline
CUST007940,0.7672,Support Escalations
CUST004673,0.7671,Low Usage
CUST008443,0.7671,Low Usage
CUST013631,0.767,Support Escalations
CUST000847,0.7669,Support Escalations
CUST002227,0.7669,Revenue Decline
CUST009809,0.7669,Low NPS
CUST011918,0.7669,Low Usage
CUST005498,0.7668,Support Escalations
CUST010225,0.7667,Low NPS
CUST013475,0.7667,Revenue Decline
CUST003096,0.7665,Low Usage
CUST004391,0.7664,Low NPS
CUST001817,0.7663,Contract Expiry
CUST003049,0.7663,Low Usage
CUST003692,0.7662,Revenue Decline
CUST006210,0.7659,Revenue Decline
CUST009458,0.7659,Support Escalations
CUST012536,0.7659,Contract Expiry
CUST009623,0.7658,Revenue Decline
CUST000302,0.7657,Revenue Decline
CUST000678,0.7657,Contract Expiry
CUST001643,0.7657,Contract Expiry
CUST002538,0.7657,Low Usage
CUST005323,0.7657,Low NPS
CUST009798,0.7657,Low NPS
CUST013915,0.7657,Low Usage
CUST001063,0.7656,Contract Expiry
CUST014598,0.7655,Low NPS
CUST003734,0.7653,Support Escalations
CUST013625,0.7653,Low NPS
CUST014989,0.7653,Revenue Decline
CUST001455,0.7652,Contract Expiry
CUST012704,0.7652,Low Usage
CUST014444,0.7652,Low Usage
CUST000462,0.7651,Low Usage
CUST004940,0.7651,Contract Expiry
CUST005780,0.765,Revenue Decline
CUST009705,0.765,Low Usage
CUST002652,0.7649,Revenue Decline
CUST007224,0.7649,Contract Expiry
CUST000593,0.7647,Low Usage
CUST005956,0.7647,Contract Expiry
CUST012145,0.7647,Low NPS
CUST005317,0.7646,Low Usage
CUST007328,0.7646,Revenue Decline
CUST001418,0.7645,Revenue Decline
CUST006835,0.7645,Low NPS
CUST014778,0.7645,Revenue Decline
CUST002209,0.7644,Low Usage
CUST006157,0.7644,Contract Expiry
CUST007269,0.7644,Revenue Decline
CUST007718,0.7644,Low Usage
CUST001946,0.7643,Low Usage
CUST002984,0.7643,Contract Expiry
CUST013845,0.7643,Low NPS
CUST003365,0.7642,Low NPS
CUST008267,0.7641,Contract Expiry
CUST008653,0.7641,Revenue Decline
CUST014725,0.7641,Low NPS
CUST000702,0.764,Low NPS
CUST005795,0.764,Low NPS
CUST014356,0.764,Revenue Decline
CUST003768,0.7639,Low Usage
CUST007460,0.7639,Support Escalations
CUST013585,0.7639,Revenue Decline
CUST003045,0.7638,Low NPS
CUST003753,0.7637,Low NPS
CUST004382,0.7637,Low NPS
CUST005670,0.7637,Revenue Decline
CUST007903,0.7637,Contract Expiry
CUST012268,0.7637,Support Escalations
CUST013503,0.7637,Low Usage
CUST007443,0.7636,Contract Expiry
CUST011361,0.7636,Revenue Decline
CUST004396,0.7634,Low Usage
CUST013213,0.7633,Low NPS
CUST007775,0.7632,Low Usage
CUST008542,0.7632,Low NPS
CUST010502,0.7632,Low Usage
CUST012078,0.7632,Contract Expiry
CUST009900,0.7631,Contract Expiry
CUST004864,0.763,Low NPS
CUST006667,0.763,Low Usage
CUST008197,0.763,Low Usage
CUST006614,0.7629,Revenue Decline
CUST013233,0.7629,Low Usage
CUST000258,0.7627,Support Escalations
CUST001282,0.7627,Contract Expiry
CUST004316,0.7627,Low Usage
CUST013109,0.7627,Low NPS
CUST014101,0.7627,Low Usage
CUST000957,0.7626,Low NPS
CUST012155,0.7626,Revenue Decline
CUST001523,0.7624,Contract Expiry
CUST005330,0.7624,Low NPS
CUST010419,0.7624,Revenue Decline
CUST012260,0.7624,Support Escalations
CUST006921,0.7623,Contract Expiry
CUST008859,0.7622,Low Usage
CUST006710,0.7621,Contract Expiry
CUST007064,0.7621,Low NPS
CUST005835,0.762,Revenue Decline
CUST007761,0.762,Support Escalations
CUST003450,0.7618,Revenue Decline
CUST008120,0.7615,Low NPS
CUST008647,0.7615,Low Usage
CUST012115,0.7615,Contract Expiry
CUST012619,0.7615,Low NPS
CUST005309,0.7614,Low Usage
CUST005698,0.7614,Low Usage
CUST003981,0.7613,Support Escalations
CUST003029,0.7612,Low Usage
CUST012635,0.7612,Revenue Decline
CUST004269,0.7611,Low NPS
CUST009475,0.7611,Revenue Decline
CUST000411,0.761,Contract Expiry
CUST005022,0.7609,Low NPS
CUST008839,0.7609,Low Usage
CUST005973,0.7608,Support Escalations
CUST012032,0.7608,Revenue Decline
CUST005940,0.7607,Support Escalations
CUST010459,0.7607,Support Escalations
CUST013676,0.7607,Low NPS
CUST013414,0.7606,Support Escalations
CUST002764,0.7603,Support Escalations
CUST006395,0.7603,Contract Expiry
CUST008199,0.7602,Low Usage
CUST003913,0.7601,Low NPS
CUST005241,0.7601,Low NPS
CUST004192,0.7598,Contract Expiry
CUST008253,0.7598,Contract Expiry
CUST009573,0.7598,Revenue Decline
CUST001006,0.7596,Low Usage
CUST006864,0.7595,Support Escalations
CUST009915,0.7595,Support Escalations
CUST009920,0.7595,Revenue Decline
CUST012344,0.7595,Low NPS
CUST000005,0.7594,Low NPS
CUST001168,0.7592,Support Escalations
CUST007986,0.7592,Low Usage
CUST014808,0.759,Low Usage
CUST000481,0.7589,Low NPS
CUST005875,0.7589,Contract Expiry
CUST009807,0.7589,Contract Expiry
CUST009845,0.7588,Contract Expiry
CUST010673,0.7587,Low Usage
CUST014384,0.7587,Low NPS
CUST006338,0.7586,Contract Expiry
CUST005591,0.7585,Contract Expiry
CUST008968,0.7585,Contract Expiry
CUST009304,0.7585,Contract Expiry
CUST011190,0.7583,Low Usage
CUST002674,0.7582,Contract Expiry
CUST006546,0.7582,Revenue Decline
CUST007744,0.7582,Revenue Decline
CUST002767,0.7581,Low Usage
CUST005002,0.7581,Low NPS
CUST003394,0.7578,Contract Expiry
CUST011649,0.7577,Support Escalations
CUST005732,0.7576,Support Escalations
CUST007458,0.7576,Contract Expiry
CUST000902,0.7573,Low NPS
CUST012512,0.7573,Contract Expiry
CUST014860,0.7573,Revenue Decline
CUST000329,0.7571,Low Usage
CUST010908,0.7571,Low Usage
CUST000691,0.757,Contract Expiry
CUST003285,0.757,Low Usage
CUST006791,0.757,Low NPS
CUST014737,0.7569,Low Usage
CUST000041,0.7568,Low Usage
CUST014005,0.7568,Revenue Decline
CUST014257,0.7568,Low NPS
CUST003564,0.7566,Low NPS
CUST004353,0.7566,Revenue Decline
CUST013181,0.7566,Contract Expiry
CUST014859,0.7565,Revenue Decline
CUST001017,0.7564,Revenue Decline
CUST003243,0.7564,Contract Expiry
CUST007401,0.7564,Support Escalations
CUST011411,0.7564,Contract Expiry
CUST012300,0.7563,Low Usage
CUST008036,0.7561,Low NPS
CUST013898,0.7561,Low Usage
CUST003886,0.756,Contract Expiry
CUST005653,0.756,Low Usage
CUST012916,0.756,Contract Expiry
CUST002097,0.7559,Support Escalations
CUST002720,0.7559,Contract Expiry
CUST000169,0.7558,Contract Expiry
CUST007965,0.7557,Low NPS
CUST008013,0.7556,Revenue Decline
CUST011210,0.7556,Support Escalations
CUST008124,0.7555,Low NPS
CUST003649,0.7554,Low Usage
CUST010330,0.7554,Contract Expiry
CUST009932,0.7553,Revenue Decline
CUST014058,0.7553,Low NPS
CUST000610,0.7552,Low NPS
CUST002935,0.755,Low NPS
CUST007497,0.7549,Revenue Decline
CUST012076,0.7549,Revenue Decline
CUST002287,0.7548,Revenue Decline
CUST008524,0.7548,Support Escalations
CUST012538,0.7547,Revenue Decline
CUST001856,0.7545,Revenue Decline
CUST009348,0.7544,Low Usage
CUST007661,0.7543,Support Escalations
CUST012058,0.7543,Revenue Decline
CUST012922,0.7542,Revenue Decline
CUST000196,0.7539,Low NPS
CUST007722,0.7539,Contract Expiry
CUST007743,0.7538,Low NPS
CUST009044,0.7538,Contract Expiry
CUST002509,0.7537,Support Escalations
CUST005658,0.7536,Support Escalations
CUST008474,0.7536,Low NPS
CUST005665,0.7535,Low NPS
CUST011122,0.7534,Contract Expiry
CUST003604,0.7532,Low Usage
CUST005543,0.7532,Low Usage
CUST013808,0.7532,Contract Expiry
CUST000463,0.7531,Contract Expiry
CUST013352,0.7531,Low Usage
CUST011283,0.753,Revenue Decline
CUST001444,0.7526,Support Escalations
CUST004342,0.7525,Revenue Decline
CUST012914,0.7525,Support Escalations
CUST003941,0.7523,Low Usage
CUST007813,0.7523,Revenue Decline
CUST000859,0.7521,Low Usage
CUST012481,0.7521,Support Escalations
CUST006870,0.752,Low NPS
CUST011533,0.752,Low NPS
CUST014030,0.752,Revenue Decline
CUST002714,0.7519,Low Usage
CUST013280,0.7518,Low Usage
CUST008750,0.7517,Low Usage
CUST010125,0.7517,Low NPS
CUST007346,0.7516,Contract Expiry
CUST004762,0.7515,Low Usage
CUST009817,0.7515,Contract Expiry
CUST014117,0.7513,Support Escalations
CUST007670,0.7511,Low NPS
CUST011011,0.751,Contract Expiry
CUST010299,0.7508,Low Usage
CUST014223,0.7508,Contract Expiry
CUST010912,0.7507,Contract Expiry
CUST006221,0.7506,Low NPS
CUST009074,0.7506,Contract Expiry
CUST011700,0.7506,Low NPS
CUST000896,0.7505,Support Escalations
CUST001624,0.7505,Low Usage
CUST006590,0.7505,Contract Expiry
CUST004000,0.7503,Revenue Decline
CUST004173,0.7503,Low Usage
CUST004827,0.7503,Low NPS
CUST007437,0.7503,Contract Expiry
CUST011357,0.7503,Low Usage
CUST013902,0.7503,Support Escalations
CUST003563,0.7501,Low NPS
CUST005616,0.75,Support Escalations
CUST005864,0.7499,Support Escalations
CUST014027,0.7499,Revenue Decline
CUST004345,0.7497,Low Usage
CUST008102,0.7495,Support Escalations
CUST009236,0.7495,Low Usage
CUST012795,0.7495,Support Escalations
CUST014463,0.7495,Low NPS
CUST001843,0.7492,Support Escalations
CUST000811,0.7491,Low Usage
CUST003895,0.7491,Low Usage
CUST005046,0.7491,Support Escalations
CUST005925,0.7491,Support Escalations
CUST008588,0.7491,Low NPS
CUST010062,0.7491,Revenue Decline
CUST003315,0.749,Low NPS
CUST010354,0.749,Revenue Decline
CUST003378,0.7489,Low Usage
CUST012494,0.7489,Low NPS
CUST013499,0.7489,Revenue Decline
CUST007468,0.7488,Revenue Decline
CUST005584,0.7487,Contract Expiry
CUST007410,0.7486,Support Escalations
CUST003024,0.7485,Low NPS
CUST006643,0.7485,Contract Expiry
CUST011166,0.7485,Support Escalations
CUST012317,0.7485,Low Usage
CUST014614,0.7485,Revenue Decline
CUST008664,0.7484,Low NPS
CUST007102,0.7483,Contract Expiry
CUST014185,0.7483,Revenue Decline
CUST002130,0.7482,Low NPS
CUST006007,0.7481,Contract Expiry
CUST009181,0.7481,Support Escalations
CUST004419,0.7479,Revenue Decline
CUST011069,0.7479,Low NPS
CUST003590,0.7478,Support Escalations
CUST004234,0.7478,Low NPS
CUST005116,0.7478,Low NPS
CUST007465,0.7478,Revenue Decline
CUST009479,0.7477,Low Usage
CUST009860,0.7477,Contract Expiry
CUST009832,0.7476,Contract Expiry
CUST000267,0.7475,Low NPS
CUST004974,0.7475,Low NPS
CUST008853,0.7474,Support Escalations
CUST014910,0.7474,Support Escalations
CUST000904,0.7473,Revenue Decline
CUST008095,0.7473,Support Escalations
CUST013862,0.7473,Low Usage
CUST008325,0.7471,Support Escalations
CUST004992,0.747,Support Escalations
CUST004666,0.7469,Support Escalations
CUST010437,0.7468,Contract Expiry
CUST014338,0.7468,Revenue Decline
CUST004787,0.7467,Support Escalations
CUST002966,0.7466,Contract Expiry
CUST005613,0.7465,Low Usage
CUST006772,0.7465,Contract Expiry
CUST009592,0.7464,Support Escalations
CUST007103,0.7462,Low Usage
CUST010921,0.7462,Low NPS
CUST002953,0.7459,Contract Expiry
CUST007381,0.7457,Support Escalations
CUST010412,0.7457,Low Usage
CUST013515,0.7457,Support Escalations
CUST000274,0.7456,Revenue Decline
CUST008214,0.7455,Low NPS
CUST013250,0.7455,Revenue Decline
CUST000504,0.7454,Revenue Decline
CUST002437,0.7454,Low NPS
CUST009994,0.7454,Revenue Decline
CUST003654,0.7452,Support Escalations
CUST013442,0.7452,Support Escalations
CUST013712,0.7451,Low Usage
CUST012821,0.745,Support Escalations
CUST007734,0.7449,Low Usage
CUST006675,0.7448,Revenue Decline
CUST011907,0.7448,Low Usage
CUST005186,0.7447,Contract Expiry
CUST008119,0.7447,Revenue Decline
CUST000022,0.7446,Revenue Decline
CUST013977,0.7446,Low NPS
CUST001011,0.7445,Support Escalations
CUST001223,0.7445,Contract Expiry
CUST006589,0.7444,Support Escalations
CUST004514,0.7443,Low Usage
CUST002864,0.7442,Support Escalations
CUST008007,0.7442,Contract Expiry
CUST013079,0.7442,Low NPS
CUST001030,0.7441,Revenue Decline
CUST004327,0.7441,Revenue Decline
CUST000860,0.7439,Contract Expiry
CUST001217,0.7439,Contract Expiry
CUST005435,0.7439,Support Escalations
CUST013342,0.7439,Support Escalations
CUST013927,0.7439,Low NPS
CUST006795,0.7438,Low Usage
CUST010152,0.7438,Low NPS
CUST012459,0.7438,Contract Expiry
CUST000001,0.7436,Revenue Decline
CUST000661,0.7436,Low NPS
CUST011822,0.7436,Contract Expiry
CUST002422,0.7435,Low NPS
CUST007791,0.7434,Low NPS
CUST013077,0.7434,Support Escalations
CUST014701,0.7433,Low NPS
CUST000012,0.7432,Low NPS
CUST011757,0.7431,Low NPS
CUST001675,0.743,Support Escalations
CUST010150,0.743,Low Usage
CUST013212,0.7428,Low NPS
CUST008264,0.7427,Low NPS
CUST008803,0.7427,Support Escalations
CUST012297,0.7427,Contract Expiry
CUST013772,0.7427,Contract Expiry
CUST001609,0.7426,Revenue Decline
CUST007227,0.7425,Low NPS
CUST004817,0.7424,Low NPS
CUST005922,0.7424,Low NPS
CUST010653,0.7424,Low NPS
CUST005096,0.7423,Revenue Decline
CUST012693,0.7421,Low Usage
CUST006948,0.7419,Low NPS
CUST011666,0.7419,Revenue Decline
CUST014010,0.7419,Low Usage
CUST001740,0.7418,Support Escalations
CUST010384,0.7418,Low Usage
CUST013033,0.7418,Contract Expiry
CUST013151,0.7418,Low NPS
CUST013795,0.7418,Low Usage
CUST014971,0.7418,Low Usage
CUST002121,0.7416,Contract Expiry
CUST005634,0.7415,Low Usage
CUST010907,0.7415,Revenue Decline
CUST005268,0.7413,Contract Expiry
CUST004785,0.7412,Support Escalations
CUST010485,0.7412,Low NPS
CUST012673,0.7412,Low Usage
CUST008053,0.7411,Low Usage
CUST011836,0.7411,Support Escalations
CUST001214,0.7408,Low Usage
CUST012218,0.7408,Contract Expiry
CUST004586,0.7407,Contract Expiry
CUST006103,0.7407,Low Usage
CUST013691,0.7407,Support Escalations
CUST014266,0.7407,Revenue Decline
CUST011298,0.7406,Low Usage
CUST009157,0.7404,Low NPS
CUST012745,0.7404,Contract Expiry
CUST002430,0.7402,Low NPS
CUST001806,0.7401,Low Usage
CUST011201,0.7401,Contract Expiry
CUST009016,0.74,Support Escalations
CUST009685,0.74,Low Usage
CUST011379,0.74,Revenue Decline
CUST014446,0.74,Low NPS
CUST000818,0.7399,Low NPS
CUST002859,0.7399,Support Escalations
CUST007742,0.7399,Support Escalations
CUST013665,0.7398,Revenue Decline
CUST006415,0.7396,Low NPS
CUST009420,0.7395,Low Usage
CUST010752,0.7395,Low Usage
CUST000669,0.7394,Contract Expiry
CUST005659,0.7394,Revenue Decline
CUST004105,0.7393,Low NPS
CUST008749,0.7393,Low NPS
CUST010016,0.7391,Low Usage
CUST013373,0.7391,Low Usage
CUST002409,0.739,Contract Expiry
CUST006776,0.739,Low Usage
CUST011559,0.739,Contract Expiry
CUST001251,0.7388,Contract Expiry
CUST002802,0.7388,Low NPS
CUST007781,0.7388,Revenue Decline
CUST009730,0.7388,Low Usage
CUST010728,0.7388,Low Usage
CUST011412,0.7388,Support Escalations
CUST012371,0.7388,Support Escalations
CUST004504,0.7387,Support Escalations
CUST013746,0.7387,Low NPS
CUST000364,0.7386,Low NPS
CUST009938,0.7386,Low Usage
CUST010992,0.7386,Contract Expiry
CUST003347,0.7384,Low NPS
CUST004675,0.7383,Low Usage
CUST007006,0.7383,Contract Expiry
CUST010464,0.7383,Low NPS
CUST002275,0.7382,Contract Expiry
CUST005552,0.7382,Support Escalations
CUST006394,0.7382,Low NPS
CUST001547,0.7381,Low NPS
CUST004984,0.7381,Contract Expiry
CUST012573,0.7379,Support Escalations
CUST001466,0.7378,Low Usage
CUST009902,0.7378,Revenue Decline
CUST011429,0.7378,Low Usage
CUST012683,0.7378,Contract Expiry
CUST004260,0.7377,Low NPS
CUST006746,0.7377,Low Usage
CUST000579,0.7376,Support Escalations
CUST003807,0.7376,Low NPS
CUST006581,0.7376,Low Usage
CUST009690,0.7376,Low NPS
CUST002835,0.7373,Low Usage
CUST008862,0.7373,Contract Expiry
CUST000249,0.7372,Revenue Decline
CUST014200,0.7372,Low Usage
CUST000043,0.7371,Support Escalations
CUST008826,0.7371,Revenue Decline
CUST010004,0.7371,Contract Expiry
CUST000295,0.7369,Contract Expiry
CUST005652,0.7368,Low NPS
CUST008782,0.7367,Contract Expiry
CUST009374,0.7367,Revenue Decline
CUST013667,0.7367,Low Usage
CUST014433,0.7367,Low Usage
CUST012355,0.7366,Contract Expiry
CUST009436,0.7363,Low NPS
CUST013815,0.7363,Low Usage
CUST000850,0.7361,Low NPS
CUST004983,0.7361,Revenue Decline
CUST005188,0.7361,Contract Expiry
CUST006800,0.7361,Support Escalations
CUST008648,0.7358,Contract Expiry
CUST011241,0.7358,Low NPS
CUST014417,0.7358,Revenue Decline
CUST010638,0.7357,Low Usage
CUST014762,0.7357,Contract Expiry
CUST000360,0.7356,Revenue Decline
CUST004594,0.7356,Low NPS
CUST007132,0.7355,Contract Expiry
CUST007703,0.7354,Low Usage
CUST010855,0.7354,Low Usage
CUST001102,0.7353,Low Usage
CUST013644,0.7353,Support Escalations
CUST002955,0.7352,Support Escalations
CUST010348,0.735,Support Escalations
CUST008605,0.7349,Contract Expiry
CUST005943,0.7348,Contract Expiry
CUST014160,0.7348,Low Usage
CUST012679,0.7347,Contract Expiry
CUST006990,0.7345,Low NPS
CUST008793,0.7345,Revenue Decline
CUST009437,0.7345,Revenue Decline
CUST009553,0.7345,Low NPS
CUST012158,0.7344,Support Escalations
CUST004870,0.7343,Low Usage
CUST010245,0.7342,Low Usage
CUST014700,0.7342,Support Escalations
CUST011459,0.7341,Low Usage
CUST011473,0.7339,Support Escalations
CUST000703,0.7338,Support Escalations
CUST005898,0.7338,Low NPS
CUST014620,0.7338,Support Escalations
CUST001076,0.7337,Low Usage
CUST006821,0.7337,Low NPS
CUST013954,0.7337,Support Escalations
CUST007452,0.7334,Contract Expiry
CUST008008,0.7334,Low Usage
CUST002060,0.7333,Support Escalations
CUST009216,0.7332,Contract Expiry
CUST011466,0.7332,Low NPS
CUST007484,0.7329,Low NPS
CUST012410,0.7329,Support Escalations
CUST010750,0.7326,Support Escalations
CUST013837,0.7325,Revenue Decline
CUST014958,0.7325,Revenue Decline
CUST006096,0.7323,Contract Expiry
CUST008078,0.7322,Revenue Decline
CUST000595,0.7321,Support Escalations
CUST011400,0.7321,Contract Expiry
CUST008830,0.732,Low NPS
CUST010897,0.7319,Support Escalations
CUST000244,0.7318,Contract Expiry
CUST002301,0.7317,Support Escalations
CUST005117,0.7317,Support Escalations
CUST006314,0.7317,Low NPS
CUST004559,0.7316,Contract Expiry
CUST005635,0.7316,Revenue Decline
CUST004506,0.7315,Support Escalations
CUST005548,0.7315,Contract Expiry
CUST000447,0.7314,Contract Expiry
CUST001041,0.7314,Low NPS
CUST010680,0.7314,Low NPS
CUST014201,0.7314,Support Escalations
CUST001494,0.7313,Contract Expiry
CUST002644,0.7313,Revenue Decline
CUST011447,0.7312,Low Usage
CUST002108,0.7309,Contract Expiry
CUST000118,0.7308,Low NPS
CUST014084,0.7308,Support Escalations
CUST008205,0.7307,Contract Expiry
CUST013824,0.7307,Support Escalations
CUST004669,0.7305,Support Escalations
CUST006639,0.7305,Contract Expiry
CUST013552,0.7305,Revenue Decline
CUST001394,0.7304,Low NPS
CUST012699,0.7304,Low NPS
CUST001474,0.7303,Support Escalations
CUST002684,0.7303,Low Usage
CUST012496,0.7303,Low Usage
CUST001275,0.7302,Contract Expiry
CUST003320,0.7302,Revenue Decline
CUST004355,0.7302,Revenue Decline
CUST013490,0.7302,Support Escalations
CUST005774,0.7301,Low NPS
CUST011334,0.7301,Low NPS
CUST009018,0.7298,Revenue Decline
CUST004920,0.7297,Low Usage
CUST009193,0.7297,Support Escalations
CUST002588,0.7296,Revenue Decline
CUST005415,0.7296,Low NPS
CUST014482,0.7296,Low NPS
CUST009563,0.7295,Contract Expiry
CUST010186,0.7295,Contract Expiry
CUST010714,0.7295,Low NPS
CUST012341,0.7295,Contract Expiry
CUST008883,0.7294,Support Escalations
CUST003678,0.7293,Low NPS
CUST011405,0.7293,Low NPS
CUST002049,0.7291,Support Escalations
CUST007729,0.7291,Contract Expiry
CUST013445,0.7291,Revenue Decline
CUST013464,0.7291,Low NPS
CUST014470,0.7291,Low Usage
CUST013076,0.729,Support Escalations
CUST002776,0.7289,Support Escalations
CUST003467,0.7289,Low NPS
CUST007469,0.7288,Low Usage
CUST009549,0.7288,Revenue Decline
CUST014442,0.7288,Support Escalations
CUST012963,0.7287,Revenue Decline
CUST012991,0.7287,Low NPS
CUST014095,0.7287,Revenue Decline
CUST013725,0.7286,Revenue Decline
CUST008266,0.7285,Contract Expiry
CUST006750,0.7284,Low NPS
CUST002140,0.7283,Support Escalations
CUST007190,0.7283,Revenue Decline
CUST014462,0.7283,Contract Expiry
CUST005975,0.7282,Contract Expiry
CUST008717,0.7282,Support Escalations
CUST006621,0.7281,Revenue Decline
CUST009207,0.7281,Low Usage
CUST000685,0.728,Low Usage
CUST010813,0.728,Contract Expiry
CUST005017,0.7278,Contract Expiry
CUST013418,0.7277,Low NPS
CUST004210,0.7276,Low NPS
CUST007143,0.7276,Support Escalations
CUST012591,0.7276,Support Escalations
CUST002632,0.7275,Support Escalations
CUST002638,0.7275,Low NPS
CUST011815,0.7272,Low NPS
CUST013963,0.727,Revenue Decline
CUST000567,0.7269,Low NPS
CUST006522,0.7269,Contract Expiry
CUST009159,0.7268,Support Escalations
CUST001995,0.7266,Low Usage
CUST006684,0.7266,Support Escalations
CUST012968,0.7266,Low Usage
CUST004132,0.7265,Low Usage
CUST005766,0.7263,Revenue Decline
CUST006211,0.7262,Support Escalations
CUST006223,0.7262,Revenue Decline
CUST000930,0.7261,Low Usage
CUST012120,0.7261,Support Escalations
CUST005319,0.726,Support Escalations
CUST005796,0.726,Low Usage
CUST013711,0.726,Contract Expiry
CUST002666,0.7258,Low Usage
CUST006516,0.7258,Revenue Decline
CUST008425,0.7258,Contract Expiry
CUST002489,0.7257,Support Escalations
CUST003884,0.7255,Contract Expiry
CUST000764,0.7253,Support Escalations
CUST012883,0.7252,Support Escalations
CUST010876,0.7251,Low Usage
CUST001571,0.725,Revenue Decline
CUST013969,0.7249,Contract Expiry
CUST004906,0.7248,Low Usage
CUST012222,0.7248,Contract Expiry
CUST002877,0.7246,Support Escalations
CUST013390,0.7246,Low Usage
CUST008608,0.7245,Contract Expiry
CUST014077,0.7245,Contract Expiry
CUST013292,0.7244,Low Usage
CUST001934,0.7243,Contract Expiry
CUST002611,0.7242,Low NPS
CUST003489,0.7242,Contract Expiry
CUST005127,0.7242,Support Escalations
CUST011608,0.724,Low NPS
CUST001637,0.7238,Revenue Decline
CUST002272,0.7236,Support Escalations
CUST003615,0.7235,Revenue Decline
CUST009533,0.7233,Low NPS
CUST009865,0.7232,Contract Expiry
CUST000728,0.7231,Contract Expiry
CUST007682,0.723,Low Usage
CUST003659,0.7229,Contract Expiry
CUST005735,0.7229,Low Usage
CUST012044,0.7229,Contract Expiry
CUST006316,0.7227,Low Usage
CUST010590,0.7226,Low NPS
CUST005028,0.7225,Low NPS
CUST007096,0.7224,Low Usage
CUST008492,0.7223,Revenue Decline
CUST013268,0.7223,Support Escalations
CUST003237,0.7222,Support Escalations
CUST013364,0.7222,Low NPS
CUST000629,0.7221,Low NPS
CUST010442,0.7221,Low NPS
CUST009210,0.7219,Revenue Decline
CUST005392,0.7218,Support Escalations
CUST001090,0.7217,Low NPS
CUST011185,0.7216,Revenue Decline
CUST006004,0.7215,Contract Expiry
CUST010903,0.7215,Revenue Decline
CUST006483,0.7214,Low NPS
CUST010247,0.7214,Contract Expiry
CUST011091,0.7213,Low NPS
CUST000742,0.7212,Low NPS
CUST008426,0.7211,Support Escalations
CUST014426,0.7211,Low NPS
CUST005181,0.721,Support Escalations
CUST005304,0.721,Low Usage
CUST007580,0.721,Revenue Decline
CUST008836,0.721,Low Usage
CUST012667,0.721,Support Escalations
CUST006770,0.7208,Low Usage
CUST009703,0.7208,Revenue Decline
CUST009842,0.7208,Low NPS
CUST000407,0.7206,Low NPS
CUST004002,0.7206,Revenue Decline
CUST004098,0.7205,Low NPS
CUST007678,0.7205,Contract Expiry
CUST000716,0.7204,Contract Expiry
CUST009023,0.7204,Support Escalations
CUST012185,0.7204,Support Escalations
CUST012221,0.7203,Revenue Decline
CUST001963,0.7202,Support Escalations
CUST009989,0.7202,Low NPS
CUST001252,0.7201,Low Usage
CUST006361,0.7201,Support Escalations
CUST000733,0.72,Low Usage
CUST002954,0.72,Contract Expiry
CUST013024,0.72,Revenue Decline
CUST000894,0.7199,Support Escalations
CUST004466,0.7198,Low Usage
CUST004596,0.7198,Low NPS
CUST014887,0.7198,Revenue Decline
CUST012425,0.7196,Low NPS
CUST013835,0.7195,Revenue Decline
CUST002170,0.7194,Contract Expiry
CUST008741,0.7194,Low Usage
CUST005932,0.7191,Revenue Decline
CUST006797,0.7191,Revenue Decline
CUST009752,0.719,Revenue Decline
CUST000108,0.7189,Support Escalations
CUST010926,0.7189,Support Escalations
CUST003616,0.7188,Revenue Decline
CUST009444,0.7188,Low NPS
CUST011399,0.7187,Low Usage
CUST012709,0.7186,Contract Expiry
CUST013188,0.7186,Support Escalations
CUST008766,0.7185,Contract Expiry
CUST013839,0.7184,Low NPS
CUST008738,0.7183,Low Usage
CUST009141,0.7182,Low Usage
CUST010256,0.7179,Low Usage
CUST002045,0.7178,Support Escalations
CUST006839,0.7178,Low NPS
CUST007110,0.7178,Support Escalations
CUST009969,0.7178,Low NPS
CUST005222,0.7176,Contract Expiry
CUST007159,0.7176,Low Usage
CUST008501,0.7176,Low Usage
CUST012906,0.7176,Support Escalations
CUST004543,0.7175,Contract Expiry
CUST006049,0.7175,Low Usage
CUST013092,0.7175,Support Escalations
CUST004446,0.7174,Low Usage
CUST004397,0.7173,Revenue Decline
CUST001953,0.7172,Revenue Decline
CUST006243,0.7171,Low Usage
CUST003806,0.717,Low Usage
CUST013427,0.717,Support Escalations
CUST014835,0.7169,Low NPS
CUST003547,0.7168,Contract Expiry
CUST002032,0.7167,Support Escalations
CUST010445,0.7167,Low Usage
CUST012124,0.7167,Support Escalations
CUST012814,0.7166,Support Escalations
CUST013202,0.7166,Revenue Decline
CUST001397,0.7165,Revenue Decline
CUST006629,0.7165,Revenue Decline
CUST004508,0.7163,Low NPS
CUST011208,0.7162,Support Escalations
CUST009792,0.7161,Low NPS
CUST010264,0.7161,Contract Expiry
CUST004735,0.7159,Support Escalations
CUST006568,0.7158,Revenue Decline
CUST002131,0.7151,Support Escalations
CUST005458,0.715,Revenue Decline
CUST008236,0.715,Contract Expiry
CUST003050,0.7148,Low NPS
CUST012189,0.7148,Low NPS
CUST004750,0.7146,Support Escalations
CUST006431,0.7146,Low Usage
CUST006653,0.7146,Revenue Decline
CUST011343,0.7146,Revenue Decline
CUST001808,0.7145,Low NPS
CUST010447,0.7145,Revenue Decline
CUST010918,0.7145,Low NPS
CUST012343,0.7143,Low Usage
CUST005878,0.7142,Support Escalations
CUST008624,0.7142,Low NPS
CUST011719,0.714,Contract Expiry
CUST001072,0.7138,Contract Expiry
CUST002604,0.7138,Low NPS
CUST005863,0.7138,Support Escalations
CUST006132,0.7137,Contract Expiry
CUST008977,0.7137,Support Escalations
CUST011065,0.7137,Support Escalations
CUST002283,0.7134,Revenue Decline
CUST010611,0.7134,Contract Expiry
CUST011538,0.7133,Contract Expiry
CUST014945,0.7132,Support Escalations
CUST007850,0.7131,Low NPS
CUST002282,0.7129,Low NPS
CUST000784,0.7128,Low Usage
CUST006469,0.7127,Revenue Decline
CUST013816,0.7127,Support Escalations
CUST004936,0.7126,Revenue Decline
CUST007501,0.7126,Contract Expiry
CUST010589,0.7125,Support Escalations
CUST008169,0.7124,Support Escalations
CUST004315,0.7123,Contract Expiry
CUST007463,0.7123,Revenue Decline
CUST002417,0.7122,Contract Expiry
CUST002601,0.7119,Support Escalations
CUST001998,0.7118,Revenue Decline
CUST002286,0.7117,Revenue Decline
CUST009269,0.7117,Low Usage
CUST010841,0.7117,Low NPS
CUST001154,0.7116,Low Usage
CUST002626,0.7116,Contract Expiry
CUST009135,0.7116,Low Usage
CUST009911,0.7116,Contract Expiry
CUST000161,0.7115,Revenue Decline
CUST000774,0.7115,Support Escalations
CUST003612,0.7115,Low NPS
CUST011800,0.7115,Low Usage
CUST007280,0.7114,Contract Expiry
CUST008457,0.7114,Low Usage
CUST014069,0.7113,Revenue Decline
CUST002263,0.7112,Low Usage
CUST005792,0.7112,Low Usage
CUST014666,0.7112,Revenue Decline
CUST005807,0.7111,Contract Expiry
CUST000984,0.711,Revenue Decline
CUST002524,0.711,Low NPS
CUST003837,0.7109,Contract Expiry
CUST004836,0.7109,Low NPS
CUST011821,0.7109,Support Escalations
CUST006160,0.7108,Revenue Decline
CUST005526,0.7107,Low NPS
CUST003440,0.7105,Contract Expiry
CUST005136,0.7105,Low Usage
CUST010765,0.7104,Contract Expiry
CUST008175,0.7103,Revenue Decline
CUST012096,0.7103,Low Usage
CUST001118,0.7102,Contract Expiry
CUST007825,0.7102,Revenue Decline
CUST011449,0.7102,Low Usage
CUST013467,0.7102,Support Escalations
CUST005067,0.7101,Low NPS
CUST000488,0.71,Support Escalations
CUST009546,0.71,Contract Expiry
CUST011763,0.71,Low NPS
CUST008399,0.7099,Support Escalations
CUST011619,0.7099,Low NPS
CUST012766,0.7099,Low Usage
CUST005428,0.7097,Low NPS
CUST008311,0.7097,Low Usage
CUST003431,0.7096,Contract Expiry
CUST015000,0.7095,Low NPS
CUST003118,0.7094,Low Usage
CUST005822,0.7094,Contract Expiry
CUST003326,0.7093,Revenue Decline
CUST007293,0.7093,Low Usage
CUST000355,0.7091,Low Usage
CUST008884,0.7091,Low NPS
CUST014554,0.7091,Support Escalations
CUST012785,0.709,Low NPS
CUST012484,0.7089,Support Escalations
CUST009707,0.7088,Support Escalations
CUST000485,0.7087,Support Escalations
CUST000521,0.7087,Revenue Decline
CUST001603,0.7086,Support Escalations
CUST012354,0.7086,Low Usage
CUST003710,0.7085,Revenue Decline
CUST004363,0.7085,Support Escalations
CUST008586,0.7085,Revenue Decline
CUST011540,0.7084,Low Usage
CUST012887,0.7084,Low NPS
CUST013699,0.7082,Contract Expiry
CUST000878,0.7081,Low NPS
CUST014721,0.708,Low Usage
CUST000359,0.7079,Contract Expiry
CUST002774,0.7078,Contract Expiry
CUST007826,0.7078,Contract Expiry
CUST009829,0.7078,Low Usage
CUST010902,0.7078,Support Escalations
CUST001143,0.7077,Contract Expiry
CUST004125,0.7077,Contract Expiry
CUST006879,0.7077,Contract Expiry
CUST007651,0.7077,Low NPS
CUST013157,0.7076,Support Escalations
CUST000344,0.7075,Revenue Decline
CUST010894,0.7075,Revenue Decline
CUST009473,0.7074,Low NPS
CUST012151,0.7074,Low Usage
CUST011107,0.7073,Low Usage
CUST003964,0.7072,Low NPS
CUST008762,0.7072,Low NPS
CUST014961,0.7072,Revenue Decline
CUST005917,0.7071,Support Escalations
CUST014178,0.7071,Support Escalations
CUST014479,0.7071,Low Usage
CUST004209,0.707,Low NPS
CUST007499,0.707,Low Usage
CUST004264,0.7069,Support Escalations
CUST000399,0.7067,Support Escalations
CUST010956,0.7067,Low NPS
CUST011151,0.7067,Low Usage
CUST011839,0.7067,Support Escalations
CUST014660,0.7066,Support Escalations
CUST001679,0.7065,Low NPS
CUST005197,0.7065,Low Usage
CUST009324,0.7065,Low Usage
CUST003190,0.7064,Low Usage
CUST005573,0.7063,Revenue Decline
CUST005378,0.706,Revenue Decline
CUST008841,0.706,Contract Expiry
CUST011083,0.706,Low NPS
CUST011476,0.7059,Revenue Decline
CUST004745,0.7058,Contract Expiry
CUST005988,0.7057,Low NPS
CUST000387,0.7056,Revenue Decline
CUST011579,0.7056,Contract Expiry
CUST014289,0.7056,Revenue Decline
CUST011602,0.7055,Low Usage
CUST013108,0.7055,Revenue Decline
CUST002264,0.7054,Contract Expiry
CUST007511,0.7052,Low NPS
CUST008348,0.7052,Revenue Decline
CUST009493,0.7052,Revenue Decline
CUST002697,0.7051,Revenue Decline
CUST005845,0.7051,Revenue Decline
CUST006511,0.705,Low NPS
CUST010533,0.705,Support Escalations
CUST013687,0.705,Low NPS
CUST000086,0.7049,Low Usage
CUST003376,0.7049,Low NPS
CUST006149,0.7049,Support Escalations
CUST011018,0.7049,Low NPS
CUST001219,0.7048,Low NPS
CUST003362,0.7047,Revenue Decline
CUST010869,0.7047,Support Escalations
CUST009753,0.7045,Revenue Decline
CUST011023,0.7045,Contract Expiry
CUST002239,0.7044,Low Usage
CUST006942,0.7044,Low Usage
CUST011801,0.7044,Support Escalations
CUST007177,0.7041,Support Escalations
CUST014862,0.7041,Support Escalations
CUST005168,0.704,Low NPS
CUST005709,0.7039,Low NPS
CUST008881,0.7038,Revenue Decline
CUST001131,0.7035,Low Usage
CUST009927,0.7034,Contract Expiry
CUST013729,0.7034,Low Usage
CUST000981,0.7033,Support Escalations
CUST004297,0.7033,Revenue Decline
CUST000974,0.703,Support Escalations
CUST002793,0.703,Contract Expiry
CUST011385,0.703,Low Usage
CUST006867,0.7029,Low NPS
CUST014502,0.7029,Support Escalations
CUST004055,0.7028,Low Usage
CUST009959,0.7028,Low NPS
CUST002826,0.7027,Contract Expiry
CUST004733,0.7027,Contract Expiry
CUST002853,0.7026,Low Usage
CUST003298,0.7026,Contract Expiry
CUST008716,0.7025,Low Usage
CUST008779,0.7024,Support Escalations
CUST013900,0.7023,Contract Expiry
CUST002122,0.7022,Support Escalations
CUST005280,0.7022,Revenue Decline
CUST005625,0.7021,Contract Expiry
CUST008418,0.7021,Contract Expiry
CUST000773,0.702,Revenue Decline
CUST004038,0.702,Support Escalations
CUST005153,0.702,Revenue Decline
CUST011884,0.702,Support Escalations
CUST008974,0.7019,Low NPS
CUST012728,0.7019,Revenue Decline
CUST012937,0.7019,Revenue Decline
CUST014886,0.7019,Low NPS
CUST001850,0.7018,Contract Expiry
CUST001933,0.7018,Contract Expiry
CUST009014,0.7018,Contract Expiry
CUST003909,0.7017,Support Escalations
CUST007342,0.7017,Revenue Decline
CUST010820,0.7017,Revenue Decline
CUST001861,0.7016,Revenue Decline
CUST014991,0.7016,Low Usage
CUST007130,0.7015,Revenue Decline
CUST011043,0.7015,Support Escalations
CUST012516,0.7015,Low NPS
CUST013218,0.7015,Low NPS
CUST003620,0.7014,Revenue Decline
CUST008159,0.7012,Contract Expiry
CUST014273,0.7012,Low Usage
CUST003370,0.7011,Low NPS
CUST008651,0.7011,Contract Expiry
CUST006366,0.701,Revenue Decline
CUST011980,0.701,Support Escalations
CUST012267,0.7008,Support Escalations
CUST011913,0.7007,Low Usage
CUST004063,0.7006,Low NPS
CUST008922,0.7006,Revenue Decline
CUST013758,0.7006,Low NPS
CUST014929,0.7005,Support Escalations
CUST007262,0.7004,Support Escalations
CUST002310,0.7003,Low NPS
CUST003101,0.7003,Low Usage
CUST012861,0.7003,Revenue Decline
CUST013999,0.7003,Revenue Decline
CUST003140,0.7002,Support Escalations
CUST006550,0.7002,Low NPS
CUST013450,0.7001,Contract Expiry
CUST008917,0.7,Contract Expiry
CUST001872,0.6999,Contract Expiry
CUST005277,0.6998,Low Usage
CUST014214,0.6998,Low NPS
CUST009606,0.6997,Support Escalations
CUST005755,0.6996,Low Usage
CUST008390,0.6996,Low NPS
CUST009133,0.6996,Revenue Decline
CUST000616,0.6995,Contract Expiry
CUST001332,0.6995,Contract Expiry
CUST001598,0.6995,Support Escalations
CUST005529,0.6995,Low NPS
CUST006131,0.6995,Low NPS
CUST006242,0.6995,Contract Expiry
CUST008314,0.6992,Low NPS
CUST009019,0.6992,Support Escalations
CUST005502,0.6991,Low Usage
CUST004979,0.6989,Revenue Decline
CUST014543,0.6989,Low Usage
CUST011930,0.6988,Support Escalations
CUST001504,0.6987,Low NPS
CUST001205,0.6986,Low Usage
CUST002142,0.6986,Low NPS
CUST002782,0.6986,Contract Expiry
CUST007438,0.6986,Low Usage
CUST013694,0.6986,Low NPS
CUST000533,0.6985,Revenue Decline
CUST001959,0.6985,Contract Expiry
CUST007491,0.6985,Contract Expiry
CUST002818,0.6983,Contract Expiry
CUST003084,0.6982,Low NPS
CUST006303,0.6982,Low Usage
CUST011420,0.6981,Support Escalations
CUST013251,0.6981,Revenue Decline
CUST012456,0.6979,Contract Expiry
CUST014951,0.6979,Contract Expiry
CUST007134,0.6977,Contract Expiry
CUST011195,0.6977,Low NPS
CUST013121,0.6977,Low NPS
CUST013986,0.6977,Contract Expiry
CUST011748,0.6975,Contract Expiry
CUST014436,0.6974,Contract Expiry
CUST010025,0.6973,Revenue Decline
CUST006002,0.6971,Low NPS
CUST013324,0.6971,Revenue Decline
CUST013827,0.6971,Contract Expiry
CUST006535,0.697,Contract Expiry
CUST009352,0.697,Revenue Decline
CUST011240,0.6969,Revenue Decline
CUST011739,0.6969,Support Escalations
CUST001749,0.6968,Low NPS
CUST010524,0.6968,Contract Expiry
CUST011682,0.6968,Revenue Decline
CUST007797,0.6967,Support Escalations
CUST009100,0.6967,Revenue Decline
CUST001204,0.6966,Low NPS
CUST013471,0.6966,Support Escalations
CUST014174,0.6965,Support Escalations
CUST005024,0.6964,Low NPS
CUST012223,0.6964,Low Usage
CUST012898,0.6964,Low Usage
CUST004919,0.6963,Revenue Decline
CUST014271,0.6963,Support Escalations
CUST009270,0.6962,Support Escalations
CUST009613,0.6962,Revenue Decline
CUST011384,0.6962,Low Usage
CUST002871,0.6961,Low Usage
CUST003082,0.6961,Support Escalations
CUST000362,0.6959,Revenue Decline
CUST013636,0.6959,Support Escalations
CUST001956,0.6958,Revenue Decline
CUST001950,0.6957,Support Escalations
CUST009491,0.6957,Revenue Decline
CUST010424,0.6957,Revenue Decline
CUST011403,0.6957,Contract Expiry
CUST012511,0.6957,Low Usage
CUST002425,0.6956,Support Escalations
CUST011765,0.6955,Low Usage
CUST002602,0.6953,Contract Expiry
CUST006413,0.6953,Contract Expiry
CUST005211,0.6952,Low Usage
CUST013836,0.6952,Support Escalations
CUST012036,0.6951,Contract Expiry
CUST001533,0.695,Support Escalations
CUST004319,0.695,Contract Expiry
CUST000459,0.6949,Low NPS
CUST008882,0.6948,Support Escalations
CUST005143,0.6947,Revenue Decline
CUST006595,0.6947,Low NPS
CUST011125,0.6947,Contract Expiry
CUST004970,0.6944,Low Usage
CUST006165,0.6944,Low NPS
CUST002907,0.6943,Revenue Decline
CUST007479,0.6943,Support Escalations
CUST011899,0.6943,Low Usage
CUST008309,0.6942,Low Usage
CUST011613,0.6942,Contract Expiry
CUST012540,0.6942,Low Usage
CUST014515,0.6942,Low NPS
CUST014226,0.694,Support Escalations
CUST003816,0.6939,Support Escalations
CUST005350,0.6939,Support Escalations
CUST014247,0.6939,Low Usage
CUST000566,0.6938,Low Usage
CUST003962,0.6937,Revenue Decline
CUST004700,0.6937,Contract Expiry
CUST006297,0.6937,Low Usage
CUST008326,0.6937,Revenue Decline
CUST008602,0.6937,Contract Expiry
CUST009738,0.6937,Revenue Decline
CUST011753,0.6937,Low Usage
CUST014995,0.6936,Revenue Decline
CUST009893,0.6935,Revenue Decline
CUST014952,0.6934,Low NPS
CUST004757,0.6933,Support Escalations
CUST006802,0.6933,Low NPS
CUST000110,0.6932,Contract Expiry
CUST004113,0.6932,Low Usage
CUST011729,0.6932,Support Escalations
CUST013613,0.6931,Support Escalations
CUST009344,0.693,Revenue Decline
CUST010066,0.693,Low Usage
CUST010465,0.693,Revenue Decline
CUST012473,0.693,Contract Expiry
CUST014734,0.693,Low NPS
CUST000455,0.6929,Revenue Decline
CUST001106,0.6929,Revenue Decline
CUST007779,0.6929,Low NPS
CUST009192,0.6929,Low NPS
CUST000436,0.6928,Support Escalations
CUST001178,0.6927,Revenue Decline
CUST004590,0.6927,Contract Expiry
CUST014525,0.6927,Low Usage
CUST000419,0.6926,Low Usage
CUST011367,0.6926,Contract Expiry
CUST011572,0.6926,Support Escalations
CUST013472,0.6925,Contract Expiry
CUST003309,0.6924,Contract Expiry
CUST005030,0.6924,Contract Expiry
CUST008735,0.6924,Support Escalations
CUST014113,0.6924,Low NPS
CUST002154,0.6922,Contract Expiry
CUST008171,0.6921,Low NPS
CUST001328,0.692,Support Escalations
CUST004489,0.692,Contract Expiry
CUST011087,0.6919,Revenue Decline
CUST000630,0.6918,Low NPS
CUST003331,0.6918,Low Usage
CUST003455,0.6918,Low NPS
CUST002404,0.6917,Support Escalations
CUST011911,0.6917,Support Escalations
CUST014400,0.6917,Contract Expiry
CUST001333,0.6916,Low Usage
CUST012500,0.6916,Low Usage
CUST000379,0.6915,Low NPS
CUST001710,0.6915,Low NPS
CUST009062,0.6915,Revenue Decline
CUST000063,0.6914,Low NPS
CUST012405,0.6914,Low Usage
CUST002393,0.6913,Low Usage
CUST006499,0.6913,Low Usage
CUST014826,0.6912,Support Escalations
CUST008331,0.691,Low Usage
CUST008733,0.6909,Low Usage
CUST002271,0.6907,Contract Expiry
CUST006670,0.6907,Revenue Decline
CUST010995,0.6907,Contract Expiry
CUST012597,0.6907,Contract Expiry
CUST005137,0.6906,Low NPS
CUST007981,0.6906,Contract Expiry
CUST007840,0.6905,Revenue Decline
CUST009409,0.6905,Low NPS
CUST014674,0.6905,Low NPS
CUST013903,0.6903,Support Escalations
CUST005098,0.6902,Low NPS
CUST012430,0.6902,Low Usage
CUST013677,0.6902,Low NPS
CUST009228,0.6901,Low Usage
CUST014140,0.6901,Revenue Decline
CUST013221,0.69,Revenue Decline
CUST009862,0.6897,Low NPS
CUST000084,0.6895,Low NPS
CUST000628,0.6895,Contract Expiry
CUST004946,0.6895,Revenue Decline
CUST007802,0.6894,Low NPS
CUST011299,0.6892,Contract Expiry
CUST009201,0.689,Low Usage
CUST010154,0.689,Revenue Decline
CUST010913,0.6888,Support Escalations
CUST004515,0.6887,Low NPS
CUST004748,0.6887,Low NPS
CUST009182,0.6887,Revenue Decline
CUST009725,0.6887,Low Usage
CUST007978,0.6886,Revenue Decline
CUST011047,0.6886,Low NPS
CUST011106,0.6886,Low NPS
CUST012282,0.6885,Contract Expiry
CUST004693,0.6882,Low Usage
CUST005092,0.6881,Revenue Decline
CUST013028,0.688,Low Usage
CUST002066,0.6879,Contract Expiry
CUST008210,0.6879,Low Usage
CUST010691,0.6878,Support Escalations
CUST004902,0.6877,Contract Expiry
CUST006628,0.6877,Low NPS
CUST007994,0.6877,Low NPS
CUST012827,0.6877,Support Escalations
CUST000273,0.6876,Support Escalations
CUST008081,0.6876,Contract Expiry
CUST009673,0.6876,Support Escalations
CUST004929,0.6875,Low Usage
CUST006080,0.6875,Contract Expiry
CUST012846,0.6875,Low NPS
CUST013117,0.6875,Support Escalations
CUST001748,0.6874,Low NPS
CUST001832,0.6874,Support Escalations
CUST008079,0.6874,Contract Expiry
CUST014364,0.6873,Contract Expiry
CUST007268,0.6871,Contract Expiry
CUST010707,0.6871,Contract Expiry
CUST014687,0.6871,Revenue Decline
CUST004803,0.687,Low NPS
CUST010955,0.687,Contract Expiry
CUST004830,0.6869,Low Usage
CUST007377,0.6869,Support Escalations
CUST012720,0.6869,Revenue Decline
CUST014164,0.6869,Support Escalations
CUST014593,0.6869,Low NPS
CUST007663,0.6868,Revenue Decline
CUST002299,0.6867,Low Usage
CUST008629,0.6867,Support Escalations
CUST011697,0.6867,Low Usage
CUST008819,0.6866,Support Escalations
CUST001828,0.6865,Revenue Decline
CUST009946,0.6863,Low NPS
CUST011189,0.6863,Support Escalations
CUST005018,0.6862,Contract Expiry
CUST005646,0.6862,Support Escalations
CUST012801,0.6862,Low NPS
CUST013608,0.6862,Revenue Decline
CUST012556,0.6861,Revenue Decline
CUST000201,0.686,Support Escalations
CUST009261,0.6858,Contract Expiry
CUST010272,0.6858,Support Escalations
CUST000153,0.6857,Low NPS
CUST003202,0.6857,Revenue Decline
CUST007898,0.6857,Low Usage
CUST008706,0.6855,Contract Expiry
CUST011610,0.6855,Revenue Decline
CUST002508,0.6854,Support Escalations
CUST007393,0.6854,Contract Expiry
CUST012239,0.6854,Low NPS
CUST002218,0.6853,Support Escalations
CUST006260,0.6853,Support Escalations
CUST007169,0.6853,Contract Expiry
CUST013360,0.6853,Contract Expiry
CUST002427,0.6852,Support Escalations
CUST000892,0.6851,Low Usage
CUST003086,0.6851,Contract Expiry
CUST010659,0.6851,Low Usage
CUST003973,0.6847,Support Escalations
CUST005891,0.6846,Contract Expiry
CUST010538,0.6846,Low Usage
CUST011469,0.6846,Contract Expiry
CUST011876,0.6846,Low Usage
CUST005146,0.6845,Contract Expiry
CUST014730,0.6845,Support Escalations
CUST000574,0.6844,Support Escalations
CUST002661,0.6844,Support Escalations
CUST003646,0.6844,Revenue Decline
CUST006263,0.6844,Support Escalations
CUST008891,0.6844,Low Usage
CUST008985,0.6844,Support Escalations
CUST014477,0.6844,Revenue Decline
CUST000973,0.6842,Contract Expiry
CUST008298,0.6842,Revenue Decline
CUST014876,0.6842,Contract Expiry
CUST000289,0.684,Revenue Decline
CUST009341,0.684,Contract Expiry
CUST003108,0.6838,Revenue Decline
CUST000693,0.6837,Low Usage
CUST006647,0.6836,Support Escalations
CUST001409,0.6833,Low NPS
CUST004019,0.6833,Contract Expiry
CUST006955,0.6832,Support Escalations
CUST011733,0.6832,Low NPS
CUST002648,0.6831,Contract Expiry
CUST006783,0.6831,Low NPS
CUST013671,0.6831,Revenue Decline
CUST005279,0.6829,Contract Expiry
CUST005712,0.6828,Revenue Decline
CUST014810,0.6828,Support Escalations
CUST008914,0.6827,Low Usage
CUST002795,0.6826,Support Escalations
CUST002913,0.6826,Low NPS
CUST008807,0.6826,Contract Expiry
CUST005334,0.6824,Low Usage
CUST007141,0.6822,Contract Expiry
CUST014959,0.6822,Contract Expiry
CUST009700,0.6821,Support Escalations
CUST012980,0.682,Revenue Decline
CUST013246,0.682,Revenue Decline
CUST006335,0.6819,Support Escalations
CUST011849,0.6819,Low Usage
CUST013569,0.6819,Low NPS
CUST009224,0.6818,Contract Expiry
CUST014930,0.6816,Contract Expiry
CUST006501,0.6815,Support Escalations
CUST013899,0.6815,Low Usage
CUST000710,0.6813,Low Usage
CUST002345,0.6813,Low Usage
CUST010043,0.6812,Contract Expiry
CUST005414,0.6811,Contract Expiry
CUST010688,0.6811,Support Escalations
CUST013653,0.6811,Low Usage
CUST013767,0.6811,Low Usage
CUST002451,0.681,Contract Expiry
CUST003513,0.6809,Support Escalations
CUST004656,0.6809,Revenue Decline
CUST006372,0.6809,Support Escalations
CUST010968,0.6808,Low Usage
CUST005976,0.6807,Low Usage
CUST006259,0.6807,Support Escalations
CUST003397,0.6806,Contract Expiry
CUST008017,0.6806,Revenue Decline
CUST012588,0.6806,Low NPS
CUST013508,0.6806,Contract Expiry
CUST008256,0.6805,Contract Expiry
CUST014885,0.6805,Contract Expiry
CUST000829,0.6804,Support Escalations
CUST010042,0.6804,Low NPS
CUST008551,0.6803,Low NPS
CUST001438,0.6802,Low Usage
CUST003299,0.6801,Contract Expiry
CUST003763,0.6799,Support Escalations
CUST005771,0.6799,Low Usage
CUST006989,0.6799,Support Escalations
CUST009459,0.6798,Support Escalations
CUST005109,0.6797,Contract Expiry
CUST008003,0.6797,Low NPS
CUST011242,0.6797,Low Usage
CUST012478,0.6797,Low Usage
CUST001564,0.6796,Low Usage
CUST004738,0.6796,Low Usage
CUST014215,0.6796,Low NPS
CUST003727,0.6795,Low Usage
CUST006787,0.6795,Low NPS
CUST013780,0.6795,Revenue Decline
CUST004759,0.6794,Low Usage
CUST001725,0.6793,Support Escalations
CUST010309,0.6793,Contract Expiry
CUST010375,0.6793,Support Escalations
CUST008828,0.6792,Contract Expiry
CUST002927,0.679,Contract Expiry
CUST005120,0.6789,Support Escalations
CUST010177,0.6788,Revenue Decline
CUST012466,0.6788,Revenue Decline
CUST007833,0.6787,Revenue Decline
CUST001868,0.6786,Support Escalations
CUST010905,0.6786,Revenue Decline
CUST001144,0.6785,Low Usage
CUST007620,0.6785,Low NPS
CUST003194,0.6784,Low NPS
CUST004334,0.6784,Support Escalations
CUST011690,0.6784,Contract Expiry
CUST014953,0.6784,Revenue Decline
CUST000469,0.6782,Low Usage
CUST006217,0.6782,Revenue Decline
CUST009029,0.6782,Revenue Decline
CUST001192,0.6781,Support Escalations
CUST004987,0.6781,Contract Expiry
CUST008849,0.6781,Support Escalations
CUST013918,0.6781,Low Usage
CUST003521,0.678,Support Escalations
CUST009598,0.678,Revenue Decline
CUST010975,0.678,Low Usage
CUST006377,0.6779,Contract Expiry
CUST000697,0.6778,Low Usage
CUST005558,0.6778,Low NPS
CUST008484,0.6778,Low Usage
CUST013252,0.6778,Low NPS
CUST006556,0.6777,Low Usage
CUST009739,0.6777,Support Escalations
CUST004127,0.6776,Revenue Decline
CUST010782,0.6776,Low Usage
CUST000594,0.6773,Support Escalations
CUST001267,0.6773,Low NPS
CUST004584,0.6773,Support Escalations
CUST000694,0.6772,Low Usage
CUST004207,0.6771,Low Usage
CUST010159,0.6771,Contract Expiry
CUST000523,0.677,Support Escalations
CUST000255,0.6769,Low Usage
CUST001895,0.6768,Low Usage
CUST006668,0.6767,Support Escalations
CUST010368,0.6767,Revenue Decline
CUST013487,0.6767,Contract Expiry
CUST000775,0.6766,Contract Expiry
CUST007225,0.6766,Low Usage
CUST012904,0.6764,Support Escalations
CUST013120,0.6764,Low Usage
CUST001970,0.6763,Low Usage
CUST009091,0.6763,Contract Expiry
CUST014368,0.6763,Low NPS
CUST006638,0.6762,Low Usage
CUST008545,0.6762,Revenue Decline
CUST005324,0.6761,Revenue Decline
CUST005023,0.6759,Support Escalations
CUST007979,0.6759,Revenue Decline
CUST010113,0.6759,Low NPS
CUST012022,0.6758,Contract Expiry
CUST000070,0.6757,Support Escalations
CUST007063,0.6757,Contract Expiry
CUST011000,0.6756,Contract Expiry
CUST012210,0.6755,Revenue Decline
CUST005264,0.6753,Low NPS
CUST013731,0.6753,Low NPS
CUST006369,0.6752,Revenue Decline
CUST007371,0.6752,Support Escalations
CUST014489,0.6752,Low NPS
CUST000505,0.675,Contract Expiry
CUST012822,0.675,Low NPS
CUST001923,0.6748,Revenue Decline
CUST014964,0.6747,Contract Expiry
CUST013226,0.6746,Revenue Decline
CUST013965,0.6746,Low NPS
CUST002156,0.6745,Low NPS
CUST008186,0.6745,Low Usage
CUST012446,0.6745,Low NPS
CUST001672,0.6744,Low Usage
CUST011391,0.6744,Low NPS
CUST001532,0.6742,Support Escalations
CUST006109,0.6742,Support Escalations
CUST007719,0.6742,Contract Expiry
CUST012399,0.6742,Revenue Decline
CUST011761,0.6741,Low NPS
CUST000845,0.674,Contract Expiry
CUST001071,0.674,Contract Expiry
CUST009748,0.674,Revenue Decline
CUST002476,0.6738,Revenue Decline
CUST005473,0.6738,Revenue Decline
CUST003689,0.6737,Low NPS
CUST011108,0.6737,Support Escalations
CUST012872,0.6737,Low NPS
CUST006558,0.6735,Support Escalations
CUST013995,0.6735,Contract Expiry
CUST004761,0.6734,Support Escalations
CUST009770,0.6734,Low NPS
CUST013386,0.6732,Contract Expiry
CUST010871,0.6731,Contract Expiry
CUST011891,0.6731,Low Usage
CUST005588,0.673,Low Usage
CUST013726,0.673,Revenue Decline
CUST012571,0.6726,Low NPS
CUST004632,0.6725,Revenue Decline
CUST011768,0.6725,Low NPS
CUST014327,0.6725,Support Escalations
CUST001295,0.6723,Revenue Decline
CUST005104,0.6722,Contract Expiry
CUST013203,0.672,Contract Expiry
CUST010418,0.6719,Low NPS
CUST003755,0.6718,Contract Expiry
CUST010587,0.6718,Low NPS
CUST009768,0.6717,Contract Expiry
CUST003578,0.6716,Low Usage
CUST011500,0.6716,Low NPS
CUST003191,0.6714,Contract Expiry
CUST005462,0.6714,Support Escalations
CUST014453,0.6714,Revenue Decline
CUST011775,0.6713,Revenue Decline
CUST010187,0.6712,Revenue Decline
CUST006970,0.6711,Low NPS
CUST008692,0.6711,Revenue Decline
CUST011105,0.6711,Contract Expiry
CUST013083,0.6711,Contract Expiry
CUST002445,0.671,Contract Expiry
CUST002797,0.671,Low Usage
CUST010367,0.671,Support Escalations
CUST013350,0.671,Support Escalations
CUST003560,0.6709,Low Usage
CUST013706,0.6709,Revenue Decline
CUST001996,0.6706,Support Escalations
CUST004799,0.6706,Low Usage
CUST005688,0.6705,Low NPS
CUST012853,0.6705,Contract Expiry
CUST000721,0.6704,Low Usage
CUST007865,0.6704,Low NPS
CUST005772,0.6703,Support Escalations
CUST011474,0.6702,Support Escalations
CUST012809,0.6702,Support Escalations
CUST012708,0.6701,Low NPS
CUST000772,0.6697,Contract Expiry
CUST005035,0.6697,Low NPS
CUST010584,0.6697,Low NPS
CUST011776,0.6695,Low Usage
CUST007113,0.6693,Contract Expiry
CUST004493,0.6692,Contract Expiry
CUST011375,0.6692,Revenue Decline
CUST005226,0.669,Low NPS
CUST000091,0.6689,Contract Expiry
CUST005490,0.6689,Revenue Decline
CUST007368,0.6689,Low NPS
CUST010169,0.6689,Revenue Decline
CUST004859,0.6688,Revenue Decline
CUST006834,0.6688,Support Escalations
CUST008378,0.6688,Support Escalations
CUST003814,0.6687,Low NPS
CUST013408,0.6687,Support Escalations
CUST014940,0.6684,Support Escalations
CUST003902,0.6683,Low Usage
CUST004123,0.6683,Contract Expiry
CUST011301,0.6683,Support Escalations
CUST012051,0.6683,Low Usage
CUST003466,0.6682,Revenue Decline
CUST014540,0.6682,Revenue Decline
CUST010472,0.6681,Revenue Decline
CUST011489,0.6681,Low NPS
CUST012672,0.6681,Low Usage
CUST006034,0.668,Contract Expiry
CUST012375,0.668,Revenue Decline
CUST000899,0.6679,Low NPS
CUST001656,0.6679,Revenue Decline
CUST006578,0.6679,Support Escalations
CUST011199,0.6679,Contract Expiry
CUST002557,0.6678,Contract Expiry
CUST006507,0.6678,Low Usage
CUST006779,0.6678,Support Escalations
CUST012427,0.6677,Revenue Decline
CUST002819,0.6676,Low NPS
CUST005400,0.6675,Revenue Decline
CUST009407,0.6675,Low Usage
CUST001454,0.6674,Revenue Decline
CUST002200,0.6674,Low Usage
CUST009856,0.6674,Support Escalations
CUST007996,0.6673,Support Escalations
CUST011941,0.6673,Low NPS
CUST010764,0.6671,Low NPS
CUST002350,0.667,Revenue Decline
CUST013856,0.667,Low Usage
CUST008904,0.6669,Low Usage
CUST010433,0.6669,Low NPS
CUST012359,0.6669,Revenue Decline
CUST001114,0.6668,Support Escalations
CUST003511,0.6667,Low NPS
CUST014979,0.6667,Revenue Decline
CUST001527,0.6665,Low Usage
CUST005365,0.6664,Revenue Decline
CUST001151,0.6663,Revenue Decline
CUST003367,0.6663,Support Escalations
CUST009366,0.6661,Revenue Decline
CUST005930,0.666,Support Escalations
CUST006175,0.6659,Low NPS
CUST010397,0.6659,Support Escalations
CUST010705,0.6659,Support Escalations
CUST012555,0.6659,Low NPS
CUST009665,0.6658,Contract Expiry
CUST002257,0.6657,Revenue Decline
CUST006840,0.6657,Low NPS
CUST011030,0.6657,Revenue Decline
CUST000527,0.6656,Low Usage
CUST007482,0.6656,Support Escalations
CUST011068,0.6656,Low NPS
CUST014445,0.6656,Support Escalations
CUST014403,0.6655,Revenue Decline
CUST006926,0.6654,Low NPS
CUST013130,0.6654,Contract Expiry
CUST000502,0.6653,Support Escalations
CUST005412,0.6651,Revenue Decline
CUST012304,0.6651,Low Usage
CUST005069,0.6649,Low Usage
CUST011066,0.6649,Low NPS
CUST012141,0.6649,Low Usage
CUST012402,0.6649,Support Escalations
CUST013953,0.6647,Low NPS
CUST011010,0.6646,Support Escalations
CUST012608,0.6646,Low NPS
CUST006909,0.6645,Low Usage
CUST011071,0.6645,Low NPS
CUST014093,0.6645,Support Escalations
CUST001615,0.664,Contract Expiry
CUST011167,0.664,Support Escalations
CUST014206,0.664,Revenue Decline
CUST002879,0.6639,Support Escalations
CUST006085,0.6639,Low NPS
CUST009423,0.6638,Low Usage
CUST009659,0.6638,Contract Expiry
CUST010671,0.6636,Revenue Decline
CUST012457,0.6636,Revenue Decline
CUST014116,0.6636,Low Usage
CUST003735,0.6635,Revenue Decline
CUST002876,0.6633,Support Escalations
CUST004923,0.6633,Low Usage
CUST005961,0.6633,Revenue Decline
CUST007124,0.6633,Support Escalations
CUST009076,0.6633,Low NPS
CUST003153,0.6632,Support Escalations
CUST012121,0.6632,Revenue Decline
CUST002642,0.6631,Support Escalations
CUST004333,0.6631,Support Escalations
CUST008422,0.6629,Contract Expiry
CUST000234,0.6628,Low Usage
CUST004320,0.6628,Revenue Decline
CUST005344,0.6628,Low Usage
CUST012776,0.6627,Low NPS
CUST006496,0.6625,Low Usage
CUST013118,0.6625,Support Escalations
CUST014637,0.6625,Low Usage
CUST000343,0.6623,Revenue Decline
CUST002592,0.6622,Contract Expiry
CUST007632,0.6621,Low NPS
CUST007681,0.6621,Contract Expiry
CUST004045,0.662,Low Usage
CUST001324,0.6619,Low NPS
CUST003943,0.6619,Revenue Decline
CUST001818,0.6618,Low NPS
CUST008676,0.6618,Revenue Decline
CUST009614,0.6618,Low Usage
CUST004677,0.6617,Revenue Decline
CUST003097,0.6616,Revenue Decline
CUST014097,0.6615,Contract Expiry
CUST005522,0.6613,Support Escalations
CUST009870,0.6613,Contract Expiry
CUST002986,0.6612,Revenue Decline
CUST005457,0.6612,Low NPS
CUST006152,0.6612,Low Usage
CUST007024,0.6612,Contract Expiry
CUST008193,0.6612,Contract Expiry
CUST009602,0.6612,Contract Expiry
CUST011847,0.6611,Revenue Decline
CUST009179,0.661,Support Escalations
CUST004944,0.6609,Low NPS
CUST012674,0.6608,Support Escalations
CUST013344,0.6608,Contract Expiry
CUST006436,0.6607,Low NPS
CUST010222,0.6606,Low NPS
CUST005208,0.6605,Support Escalations
CUST006561,0.6605,Contract Expiry
CUST006979,0.6605,Low Usage
CUST010773,0.6605,Contract Expiry
CUST004265,0.6604,Contract Expiry
CUST004418,0.6604,Contract Expiry
CUST007590,0.6604,Revenue Decline
CUST002558,0.6603,Revenue Decline
CUST008650,0.6603,Low Usage
CUST006370,0.6602,Contract Expiry
CUST008039,0.6602,Revenue Decline
CUST003033,0.6601,Revenue Decline
CUST011712,0.6601,Revenue Decline
CUST014625,0.6601,Low NPS
CUST002398,0.6599,Low Usage
CUST002560,0.6599,Support Escalations
CUST005379,0.6599,Revenue Decline
CUST008818,0.6598,Contract Expiry
CUST002179,0.6597,Low NPS
CUST011684,0.6597,Low Usage
CUST004931,0.6596,Low NPS
CUST009383,0.6596,Revenue Decline
CUST012794,0.6596,Revenue Decline
CUST005106,0.6594,Low Usage
CUST008768,0.6594,Low NPS
CUST009651,0.6594,Revenue Decline
CUST005869,0.6593,Support Escalations
CUST006380,0.6593,Support Escalations
CUST012900,0.6593,Revenue Decline
CUST008814,0.6592,Support Escalations
CUST009691,0.6592,Low NPS
CUST001079,0.6591,Support Escalations
CUST001975,0.6591,Low Usage
CUST008625,0.6589,Contract Expiry
CUST008821,0.6589,Revenue Decline
CUST006861,0.6588,Support Escalations
CUST003868,0.6587,Low Usage
CUST001465,0.6586,Contract Expiry
CUST006346,0.6586,Revenue Decline
CUST010271,0.6586,Support Escalations
CUST002420,0.6585,Support Escalations
CUST010140,0.6584,Contract Expiry
CUST014421,0.6583,Support Escalations
CUST008103,0.6581,Support Escalations
CUST006180,0.6578,Low NPS
CUST014635,0.6578,Revenue Decline
CUST011144,0.6576,Support Escalations
CUST013389,0.6576,Revenue Decline
CUST002467,0.6575,Revenue Decline
CUST003316,0.6575,Low NPS
CUST001213,0.6574,Contract Expiry
CUST004646,0.6572,Support Escalations
CUST010939,0.6572,Contract Expiry
CUST012815,0.6572,Revenue Decline
CUST001427,0.657,Low Usage
CUST010413,0.657,Low NPS
CUST012663,0.6567,Low Usage
CUST009844,0.6566,Low NPS
CUST006918,0.6564,Contract Expiry
CUST010585,0.6563,Contract Expiry
CUST014814,0.6562,Low Usage
CUST006087,0.6561,Low Usage
CUST010784,0.6561,Low Usage
CUST012230,0.656,Contract Expiry
CUST011931,0.6559,Low NPS
CUST009816,0.6558,Contract Expiry
CUST005318,0.6557,Support Escalations
CUST007467,0.6557,Low NPS
CUST009393,0.6557,Low NPS
CUST010963,0.6555,Low NPS
CUST014357,0.6554,Contract Expiry
CUST000361,0.6552,Revenue Decline
CUST000967,0.6552,Low Usage
CUST001478,0.6552,Low Usage
CUST006757,0.6552,Contract Expiry
CUST006917,0.6552,Contract Expiry
CUST010429,0.6552,Low Usage
CUST010780,0.6552,Support Escalations
CUST013040,0.6552,Low Usage
CUST000290,0.6551,Support Escalations
CUST003897,0.6551,Revenue Decline
CUST010385,0.6551,Low NPS
CUST010808,0.6551,Revenue Decline
CUST012557,0.655,Low Usage
CUST003819,0.6548,Low Usage
CUST013080,0.6548,Low NPS
CUST004049,0.6547,Support Escalations
CUST014098,0.6547,Revenue Decline
CUST014246,0.6547,Contract Expiry
CUST011212,0.6546,Revenue Decline
CUST005198,0.6545,Support Escalations
CUST008156,0.6545,Contract Expiry
CUST014000,0.6545,Contract Expiry
CUST002346,0.6543,Low Usage
CUST001356,0.6542,Revenue Decline
CUST006227,0.6542,Support Escalations
CUST012770,0.6542,Low NPS
CUST002999,0.6541,Revenue Decline
CUST002381,0.654,Revenue Decline
CUST006429,0.6539,Low NPS
CUST009886,0.6539,Low NPS
CUST010172,0.6539,Low Usage
CUST006788,0.6538,Low Usage
CUST002815,0.6537,Low Usage
CUST012257,0.6537,Support Escalations
CUST014007,0.6536,Revenue Decline
CUST003552,0.6535,Low Usage
CUST007496,0.6535,Contract Expiry
CUST012391,0.6535,Support Escalations
CUST013034,0.6535,Low NPS
CUST001927,0.6534,Contract Expiry
CUST002368,0.6534,Contract Expiry
CUST004765,0.6534,Low Usage
CUST006799,0.6534,Revenue Decline
CUST011326,0.6534,Support Escalations
CUST000420,0.6533,Low NPS
CUST008662,0.6533,Revenue Decline
CUST000188,0.6532,Support Escalations
CUST002960,0.6532,Low NPS
CUST004304,0.6532,Low NPS
CUST007441,0.6532,Low Usage
CUST011111,0.6532,Revenue Decline
CUST011691,0.6532,Support Escalations
CUST003359,0.6531,Low Usage
CUST000242,0.653,Low Usage
CUST001821,0.6529,Contract Expiry
CUST002202,0.6529,Contract Expiry
CUST003971,0.6529,Contract Expiry
CUST014874,0.6526,Low NPS
CUST003510,0.6525,Low Usage
CUST007292,0.6525,Revenue Decline
CUST005039,0.6523,Low NPS
CUST008698,0.6523,Revenue Decline
CUST009727,0.6523,Low NPS
CUST001543,0.6522,Low NPS
CUST006718,0.6522,Low NPS
CUST011962,0.6522,Contract Expiry
CUST014883,0.6522,Low NPS
CUST000044,0.6521,Revenue Decline
CUST007033,0.6521,Support Escalations
CUST009311,0.6521,Low NPS
CUST010351,0.6521,Low Usage
CUST014288,0.6521,Contract Expiry
CUST008953,0.652,Revenue Decline
CUST004849,0.6519,Support Escalations
CUST009276,0.6518,Low NPS
CUST001980,0.6517,Revenue Decline
CUST006111,0.6515,Revenue Decline
CUST001912,0.6514,Revenue Decline
CUST010664,0.651,Contract Expiry
CUST013566,0.6509,Low Usage
CUST001433,0.6508,Contract Expiry
CUST009879,0.6508,Low Usage
CUST014632,0.6508,Contract Expiry
CUST007426,0.6507,Revenue Decline
CUST008157,0.6507,Low NPS
CUST008375,0.6506,Support Escalations
CUST000053,0.6505,Contract Expiry
CUST003862,0.6505,Contract Expiry
CUST002012,0.6504,Low NPS
CUST011136,0.6503,Support Escalations
CUST000743,0.6501,Low NPS
CUST001563,0.6501,Contract Expiry
CUST003632,0.65,Support Escalations
CUST005292,0.65,Support Escalations
CUST005862,0.6498,Low Usage
CUST013329,0.6498,Low NPS
CUST002383,0.6497,Support Escalations
CUST005619,0.6496,Support Escalations
CUST002465,0.6495,Revenue Decline
CUST014471,0.6493,Revenue Decline
CUST003126,0.6492,Support Escalations
CUST008840,0.6489,Revenue Decline
CUST006445,0.6488,Contract Expiry
CUST013871,0.6488,Contract Expiry
CUST001201,0.6487,Low Usage
CUST000718,0.6485,Low NPS
CUST004268,0.6485,Low Usage
CUST012577,0.6485,Revenue Decline
CUST014744,0.6485,Revenue Decline
CUST001383,0.6484,Revenue Decline
CUST009469,0.6484,Low NPS
CUST010074,0.6484,Low Usage
CUST011003,0.6482,Revenue Decline
CUST007310,0.6481,Support Escalations
CUST011616,0.648,Low Usage
CUST003798,0.6479,Contract Expiry
CUST005233,0.6479,Low Usage
CUST007815,0.6478,Revenue Decline
CUST005118,0.6477,Contract Expiry
CUST009504,0.6477,Revenue Decline
CUST000111,0.6476,Support Escalations
CUST001831,0.6476,Low Usage
CUST003373,0.6475,Low Usage
CUST005235,0.6473,Support Escalations
CUST004637,0.647,Low NPS
CUST007156,0.647,Contract Expiry
CUST011352,0.647,Revenue Decline
CUST012455,0.6469,Low NPS
CUST009288,0.6468,Revenue Decline
CUST009510,0.6468,Contract Expiry
CUST007788,0.6467,Contract Expiry
CUST013534,0.6467,Revenue Decline
CUST003688,0.6466,Revenue Decline
CUST010141,0.6466,Revenue Decline
CUST010679,0.6466,Revenue Decline
CUST000561,0.6465,Support Escalations
CUST005393,0.6464,Low Usage
CUST011075,0.6464,Support Escalations
CUST005703,0.6463,Low NPS
CUST010643,0.6463,Revenue Decline
CUST014868,0.6463,Support Escalations
CUST004151,0.6462,Low Usage
CUST007834,0.6462,Revenue Decline
CUST001838,0.6461,Low NPS
CUST009166,0.6461,Low NPS
CUST012919,0.6461,Revenue Decline
CUST012385,0.6459,Low NPS
CUST004499,0.6458,Low NPS
CUST004853,0.6458,Low Usage
CUST014283,0.6458,Support Escalations
CUST003813,0.6457,Low NPS
CUST006300,0.6457,Low NPS
CUST014520,0.6457,Low Usage
CUST014691,0.6453,Contract Expiry
CUST011851,0.6451,Support Escalations
CUST012002,0.6451,Low Usage
CUST001981,0.6448,Revenue Decline
CUST006502,0.6448,Low Usage
CUST006950,0.6448,Low Usage
CUST004330,0.6447,Revenue Decline
CUST006418,0.6447,Low Usage
CUST013112,0.6447,Low NPS
CUST012560,0.6446,Contract Expiry
CUST003013,0.6444,Contract Expiry
CUST000624,0.6443,Contract Expiry
CUST004245,0.6442,Low NPS
CUST003259,0.644,Revenue Decline
CUST006148,0.644,Support Escalations
CUST009286,0.644,Support Escalations
CUST014855,0.644,Revenue Decline
CUST007561,0.6439,Contract Expiry
CUST012977,0.6438,Contract Expiry
CUST006162,0.6437,Low Usage
CUST010715,0.6436,Revenue Decline
CUST013321,0.6436,Revenue Decline
CUST004583,0.6435,Low Usage
CUST013594,0.6434,Support Escalations
CUST000236,0.6433,Support Escalations
CUST008923,0.6433,Low Usage
CUST013291,0.6433,Low NPS
CUST014999,0.6433,Low Usage
CUST009199,0.6431,Low Usage
CUST001000,0.643,Support Escalations
CUST012607,0.643,Low Usage
CUST002269,0.6429,Low NPS
CUST011896,0.6428,Low NPS
CUST001541,0.6427,Low NPS
CUST006673,0.6427,Revenue Decline
CUST010573,0.6427,Low Usage
CUST000287,0.6426,Low Usage
CUST001403,0.6426,Revenue Decline
CUST007639,0.6426,Low NPS
CUST003325,0.6425,Low NPS
CUST003986,0.6424,Support Escalations
CUST004212,0.6423,Low NPS
CUST004164,0.6422,Low Usage
CUST005656,0.642,Contract Expiry
CUST005776,0.642,Support Escalations
CUST011320,0.6419,Contract Expiry
CUST006765,0.6418,Support Escalations
CUST001207,0.6417,Support Escalations
CUST002147,0.6417,Low NPS
CUST001536,0.6416,Low Usage
CUST003652,0.6416,Revenue Decline
CUST012258,0.6416,Contract Expiry
CUST002614,0.6414,Revenue Decline
CUST004624,0.6412,Contract Expiry
CUST011664,0.6412,Support Escalations
CUST009052,0.6411,Revenue Decline
CUST012251,0.6411,Contract Expiry
CUST007361,0.641,Support Escalations
CUST009143,0.6408,Contract Expiry
CUST002339,0.6407,Support Escalations
CUST004376,0.6407,Low Usage
CUST001450,0.6406,Low Usage
CUST002645,0.6405,Revenue Decline
CUST002746,0.6405,Low Usage
CUST005342,0.6403,Low NPS
CUST002634,0.6402,Support Escalations
CUST004561,0.6401,Low NPS
CUST001145,0.64,Contract Expiry
CUST002302,0.64,Contract Expiry
CUST008791,0.64,Revenue Decline
CUST010506,0.6397,Contract Expiry
CUST002564,0.6396,Revenue Decline
CUST007475,0.6396,Support Escalations
CUST005084,0.6395,Contract Expiry
CUST010816,0.6395,Contract Expiry
CUST014833,0.6394,Revenue Decline
CUST008799,0.6393,Revenue Decline
CUST006498,0.6391,Low Usage
CUST008895,0.6391,Low Usage
CUST010621,0.6391,Low Usage
CUST011799,0.639,Support Escalations
CUST013264,0.639,Low Usage
CUST001315,0.6389,Low Usage
CUST003095,0.6389,Support Escalations
CUST003380,0.6387,Support Escalations
CUST008338,0.6387,Low Usage
CUST010608,0.6387,Contract Expiry
CUST007302,0.6384,Low NPS
CUST010981,0.6384,Support Escalations
CUST000556,0.6383,Low Usage
CUST003716,0.6383,Low Usage
CUST009508,0.6383,Support Escalations
CUST012670,0.6381,Support Escalations
CUST012702,0.6381,Low NPS
CUST007010,0.638,Low Usage
CUST005331,0.6379,Low Usage
CUST008556,0.6379,Low NPS
CUST003426,0.6378,Support Escalations
CUST004198,0.6378,Contract Expiry
CUST005537,0.6378,Contract Expiry
CUST005559,0.6378,Contract Expiry
CUST005831,0.6378,Low NPS
CUST011718,0.6378,Low NPS
CUST002595,0.6377,Low Usage
CUST000778,0.6375,Low NPS
CUST003100,0.6374,Low NPS
CUST014488,0.6374,Low NPS
CUST002655,0.6373,Low NPS
CUST003464,0.6373,Support Escalations
CUST004449,0.6373,Contract Expiry
CUST006887,0.6373,Revenue Decline
CUST013359,0.6373,Low Usage
CUST001671,0.6372,Revenue Decline
CUST008184,0.6372,Contract Expiry
CUST006189,0.6371,Revenue Decline
CUST007828,0.6371,Low Usage
CUST011863,0.6371,Support Escalations
CUST014965,0.6371,Contract Expiry
CUST007689,0.6369,Contract Expiry
CUST008183,0.6368,Low NPS
CUST008415,0.6368,Low Usage
CUST013058,0.6367,Low Usage
CUST000665,0.6366,Low NPS
CUST013830,0.6366,Low NPS
CUST013904,0.6366,Revenue Decline
CUST001622,0.6365,Support Escalations
CUST002724,0.6365,Low NPS
CUST002353,0.6364,Revenue Decline
CUST004193,0.6364,Support Escalations
CUST000083,0.6363,Contract Expiry
CUST013465,0.6363,Revenue Decline
CUST013182,0.6362,Revenue Decline
CUST000923,0.6361,Contract Expiry
CUST006528,0.6361,Contract Expiry
CUST006602,0.6361,Low NPS
CUST007330,0.6358,Contract Expiry
CUST004191,0.6357,Support Escalations
CUST008934,0.6356,Revenue Decline
CUST010251,0.6356,Revenue Decline
CUST010364,0.6355,Revenue Decline
CUST005182,0.6354,Contract Expiry
CUST006958,0.6354,Low Usage
CUST001081,0.6353,Contract Expiry
CUST003889,0.6353,Contract Expiry
CUST012804,0.6353,Low NPS
CUST005162,0.6352,Revenue Decline
CUST003882,0.6349,Low Usage
CUST005554,0.6349,Low NPS
CUST011046,0.6349,Low NPS
CUST012183,0.6349,Support Escalations
CUST000786,0.6348,Contract Expiry
CUST008861,0.6347,Support Escalations
CUST002351,0.6346,Support Escalations
CUST004903,0.6346,Contract Expiry
CUST001754,0.6344,Contract Expiry
CUST006882,0.6344,Low Usage
CUST010090,0.6344,Support Escalations
CUST012286,0.6344,Revenue Decline
CUST005520,0.6343,Low NPS
CUST008134,0.6343,Revenue Decline
CUST014583,0.6343,Support Escalations
CUST001023,0.6342,Low NPS
CUST003261,0.6342,Low Usage
CUST010467,0.6342,Revenue Decline
CUST005463,0.6341,Revenue Decline
CUST006529,0.6341,Low Usage
CUST014709,0.6341,Low NPS
CUST007126,0.634,Low Usage
CUST007248,0.634,Low NPS
CUST009266,0.634,Low Usage
CUST011527,0.6339,Contract Expiry
CUST001380,0.6338,Contract Expiry
CUST004388,0.6338,Contract Expiry
CUST001542,0.6337,Low NPS
CUST004128,0.6337,Contract Expiry
CUST011603,0.6337,Contract Expiry
CUST002139,0.6335,Low Usage
CUST009744,0.6335,Contract Expiry
CUST001167,0.6334,Revenue Decline
CUST003428,0.6334,Revenue Decline
CUST005666,0.6334,Revenue Decline
CUST012272,0.6333,Low Usage
CUST012966,0.6332,Support Escalations
CUST005877,0.6331,Revenue Decline
CUST009296,0.6331,Contract Expiry
CUST014171,0.633,Support Escalations
CUST005095,0.6329,Revenue Decline
CUST007384,0.6329,Low NPS
CUST001587,0.6327,Contract Expiry
CUST008476,0.6327,Low NPS
CUST008868,0.6327,Low Usage
CUST007026,0.6326,Contract Expiry
CUST010101,0.6326,Low NPS
CUST004197,0.6325,Support Escalations
CUST002428,0.6324,Revenue Decline
CUST009254,0.6324,Low Usage
CUST009271,0.6324,Revenue Decline
CUST011926,0.6324,Low Usage
CUST013950,0.6323,Low Usage
CUST005811,0.6322,Contract Expiry
CUST012182,0.6322,Support Escalations
CUST013524,0.6321,Support Escalations
CUST002187,0.632,Contract Expiry
CUST003566,0.632,Low NPS
CUST004718,0.632,Support Escalations
CUST008174,0.6319,Low NPS
CUST005507,0.6317,Low NPS
CUST006059,0.6317,Low NPS
CUST009247,0.6316,Low NPS
CUST011211,0.6316,Revenue Decline
CUST001909,0.6314,Low NPS
CUST003907,0.6311,Contract Expiry
CUST014702,0.6311,Revenue Decline
CUST000281,0.631,Contract Expiry
CUST002750,0.6309,Support Escalations
CUST000089,0.6308,Revenue Decline
CUST006141,0.6308,Support Escalations
CUST006257,0.6307,Support Escalations
CUST011161,0.6307,Revenue Decline
CUST006563,0.6306,Support Escalations
CUST013735,0.6305,Revenue Decline
CUST013901,0.6305,Contract Expiry
CUST004523,0.6304,Contract Expiry
CUST013007,0.6304,Revenue Decline
CUST014978,0.6304,Low Usage
CUST003300,0.6299,Low NPS
CUST005760,0.6299,Contract Expiry
CUST003482,0.6298,Low NPS
CUST013620,0.6298,Contract Expiry
CUST003720,0.6297,Contract Expiry
CUST005220,0.6297,Contract Expiry
CUST000166,0.6296,Low Usage
CUST002828,0.6296,Support Escalations
CUST003677,0.6295,Support Escalations
CUST006609,0.6295,Contract Expiry
CUST012050,0.6295,Support Escalations
CUST002812,0.6294,Low Usage
CUST007757,0.6294,Support Escalations
CUST008164,0.6293,Support Escalations
CUST004403,0.6292,Low NPS
CUST005468,0.6292,Low NPS
CUST010080,0.6292,Contract Expiry
CUST010748,0.6291,Support Escalations
CUST006738,0.629,Contract Expiry
CUST003111,0.6289,Support Escalations
CUST005739,0.6289,Contract Expiry
CUST009134,0.6289,Support Escalations
CUST002011,0.6288,Revenue Decline
CUST006058,0.6288,Support Escalations
CUST014032,0.6288,Support Escalations
CUST009980,0.6287,Low Usage
CUST002933,0.6286,Low Usage
CUST011296,0.6286,Low NPS
CUST007183,0.6285,Revenue Decline
CUST014437,0.6285,Low NPS
CUST012623,0.6284,Low NPS
CUST004356,0.6282,Support Escalations
CUST007301,0.6282,Support Escalations
CUST007899,0.628,Support Escalations
CUST007980,0.628,Low NPS
CUST003129,0.6279,Support Escalations
CUST004109,0.6278,Support Escalations
CUST005190,0.6278,Low NPS
CUST008361,0.6278,Revenue Decline
CUST009299,0.6278,Low Usage
CUST014190,0.6278,Revenue Decline
CUST002529,0.6276,Low NPS
CUST014170,0.6276,Revenue Decline
CUST009640,0.6274,Contract Expiry
CUST014407,0.6274,Revenue Decline
CUST003372,0.6273,Contract Expiry
CUST010054,0.6273,Low NPS
CUST006759,0.6272,Low NPS
CUST013331,0.6272,Low Usage
CUST011344,0.6271,Low Usage
CUST003462,0.627,Low Usage
CUST004140,0.627,Contract Expiry
CUST008004,0.627,Low NPS
CUST014118,0.627,Low NPS
CUST014932,0.627,Low NPS
CUST004571,0.6269,Support Escalations
CUST014012,0.6269,Low NPS
CUST001967,0.6268,Low NPS
CUST009642,0.6268,Revenue Decline
CUST012486,0.6267,Support Escalations
CUST005278,0.6266,Revenue Decline
CUST012283,0.6266,Low NPS
CUST005813,0.6265,Revenue Decline
CUST003037,0.6263,Revenue Decline
CUST008854,0.6263,Support Escalations
CUST008245,0.6262,Support Escalations
CUST001269,0.626,Contract Expiry
CUST011516,0.626,Low NPS
CUST012895,0.626,Support Escalations
CUST014258,0.626,Low Usage
CUST014460,0.626,Revenue Decline
CUST011828,0.6259,Low NPS
CUST000756,0.6258,Low NPS
CUST005014,0.6257,Support Escalations
CUST004378,0.6256,Support Escalations
CUST004564,0.6256,Low NPS
CUST012252,0.6254,Low NPS
CUST000158,0.6253,Support Escalations
CUST000470,0.6253,Revenue Decline
CUST012646,0.6251,Revenue Decline
CUST013719,0.6251,Support Escalations
CUST014912,0.6251,Low Usage
CUST007315,0.6248,Low Usage
CUST002836,0.6247,Low Usage
CUST014131,0.6247,Revenue Decline
CUST000247,0.6246,Support Escalations
CUST009449,0.6246,Support Escalations
CUST014720,0.6246,Revenue Decline
CUST000802,0.6245,Revenue Decline
CUST003302,0.6245,Support Escalations
CUST000197,0.6243,Support Escalations
CUST010949,0.6242,Contract Expiry
CUST006198,0.6241,Contract Expiry
CUST008034,0.6241,Low Usage
CUST013615,0.6241,Low Usage
CUST001413,0.624,Low NPS
CUST006444,0.624,Revenue Decline
CUST008504,0.624,Contract Expiry
CUST007032,0.6239,Support Escalations
CUST008400,0.6239,Support Escalations
CUST001914,0.6238,Revenue Decline
CUST011480,0.6237,Low NPS
CUST013777,0.6237,Support Escalations
CUST002672,0.6236,Contract Expiry
CUST006676,0.6236,Low Usage
CUST008047,0.6236,Support Escalations
CUST014277,0.6236,Contract Expiry
CUST012813,0.6235,Low Usage
CUST001905,0.6234,Revenue Decline
CUST001391,0.6233,Revenue Decline
CUST014629,0.6233,Low NPS
CUST001293,0.623,Support Escalations
CUST010355,0.623,Low Usage
CUST007844,0.6229,Revenue Decline
CUST008973,0.6229,Support Escalations
CUST009880,0.6229,Contract Expiry
CUST005661,0.6228,Low Usage
CUST010933,0.6228,Low Usage
CUST006202,0.6227,Support Escalations
CUST008926,0.6226,Support Escalations
CUST002247,0.6225,Support Escalations
CUST006910,0.6224,Support Escalations
CUST008009,0.6224,Revenue Decline
CUST003573,0.6223,Low NPS
CUST012934,0.6223,Contract Expiry
CUST002973,0.622,Low Usage
CUST006265,0.622,Low Usage
CUST007582,0.622,Revenue Decline
CUST008383,0.622,Contract Expiry
CUST009763,0.622,Revenue Decline
CUST000183,0.6218,Support Escalations
CUST010836,0.6218,Support Escalations
CUST013568,0.6218,Low Usage
CUST005387,0.6217,Low Usage
CUST007953,0.6217,Contract Expiry
CUST008652,0.6217,Low NPS
CUST013755,0.6217,Low NPS
CUST014626,0.6215,Support Escalations
CUST000971,0.6214,Contract Expiry
CUST001249,0.6213,Low NPS
CUST005433,0.6213,Revenue Decline
CUST008122,0.6211,Support Escalations
CUST012530,0.6211,Contract Expiry
CUST012616,0.6211,Contract Expiry
CUST003629,0.6209,Support Escalations
CUST006124,0.6209,Low Usage
CUST009101,0.6209,Low NPS
CUST002651,0.6208,Contract Expiry
CUST001876,0.6207,Support Escalations
CUST008867,0.6207,Contract Expiry
CUST006365,0.6206,Revenue Decline
CUST009891,0.6206,Contract Expiry
CUST010126,0.6206,Low Usage
CUST004741,0.6205,Contract Expiry
CUST006858,0.6205,Support Escalations
CUST014894,0.6203,Low Usage
CUST000681,0.6202,Low Usage
CUST000787,0.6202,Support Escalations
CUST008353,0.6202,Support Escalations
CUST014281,0.6202,Contract Expiry
CUST000910,0.6201,Low NPS
CUST001109,0.6199,Revenue Decline
CUST010510,0.6199,Contract Expiry
CUST014330,0.6198,Support Escalations
CUST003425,0.6197,Low NPS
CUST007872,0.6197,Support Escalations
CUST011558,0.6196,Contract Expiry
CUST001550,0.6195,Contract Expiry
CUST008525,0.6195,Revenue Decline
CUST008700,0.6195,Low Usage
CUST009518,0.6195,Revenue Decline
CUST010999,0.6195,Contract Expiry
CUST007351,0.6194,Contract Expiry
CUST012225,0.6194,Revenue Decline
CUST000825,0.6193,Low Usage
CUST004420,0.6193,Revenue Decline
CUST011785,0.6192,Low NPS
CUST012981,0.6192,Low NPS
CUST005585,0.6191,Support Escalations
CUST007336,0.6191,Low NPS
CUST013959,0.6191,Support Escalations
CUST014682,0.6191,Low Usage
CUST008316,0.619,Contract Expiry
CUST011485,0.619,Revenue Decline
CUST014187,0.619,Contract Expiry
CUST004805,0.6189,Contract Expiry
CUST011215,0.6189,Low NPS
CUST012112,0.6189,Revenue Decline
CUST014947,0.6189,Contract Expiry
CUST009818,0.6188,Low NPS
CUST000317,0.6187,Revenue Decline
CUST003737,0.6186,Support Escalations
CUST012586,0.6186,Low NPS
CUST003391,0.6184,Low Usage
CUST004635,0.6184,Contract Expiry
CUST006412,0.6184,Low NPS
CUST008141,0.6184,Contract Expiry
CUST009523,0.6182,Low Usage
CUST010180,0.6182,Contract Expiry
CUST012678,0.6182,Low NPS
CUST002809,0.6181,Revenue Decline
CUST005881,0.6181,Support Escalations
CUST007869,0.6181,Low NPS
CUST013685,0.6181,Contract Expiry
CUST006197,0.618,Support Escalations
CUST011683,0.6179,Contract Expiry
CUST000828,0.6178,Support Escalations
CUST002177,0.6178,Support Escalations
CUST006082,0.6178,Support Escalations
CUST001477,0.6176,Contract Expiry
CUST013586,0.6176,Contract Expiry
CUST000284,0.6172,Low NPS
CUST000518,0.6172,Low NPS
CUST013017,0.6172,Contract Expiry
CUST001903,0.6171,Support Escalations
CUST009800,0.6171,Low Usage
CUST011297,0.6171,Low NPS
CUST003743,0.617,Low NPS
CUST004905,0.617,Low Usage
CUST013760,0.617,Low NPS
CUST014869,0.617,Contract Expiry
CUST014882,0.6169,Support Escalations
CUST004241,0.6167,Low NPS
CUST004769,0.6167,Low NPS
CUST008419,0.6167,Low NPS
CUST009704,0.6167,Low Usage
CUST008792,0.6164,Support Escalations
CUST012288,0.6164,Low Usage
CUST014025,0.6164,Contract Expiry
CUST005183,0.6162,Low Usage
CUST006669,0.6162,Low NPS
CUST010394,0.6161,Low Usage
CUST012525,0.6161,Contract Expiry
CUST000705,0.6158,Support Escalations
CUST009088,0.6158,Contract Expiry
CUST000794,0.6156,Revenue Decline
CUST002839,0.6156,Revenue Decline
CUST001262,0.6155,Contract Expiry
CUST000413,0.6154,Revenue Decline
CUST002636,0.6154,Revenue Decline
CUST008458,0.6154,Support Escalations
CUST002297,0.6153,Support Escalations
CUST004052,0.6153,Contract Expiry
CUST004096,0.6152,Contract Expiry
CUST002570,0.6151,Low Usage
CUST012319,0.6151,Contract Expiry
CUST003341,0.615,Support Escalations
CUST005107,0.615,Revenue Decline
CUST006354,0.615,Revenue Decline
CUST008233,0.615,Support Escalations
CUST008910,0.615,Low NPS
CUST014019,0.6149,Low Usage
CUST001632,0.6147,Low Usage
CUST002360,0.6147,Revenue Decline
CUST002384,0.6146,Contract Expiry
CUST011128,0.6145,Revenue Decline
CUST001502,0.6144,Contract Expiry
CUST008548,0.6144,Revenue Decline
CUST009109,0.6144,Revenue Decline
CUST011917,0.6144,Low NPS
CUST013176,0.6143,Contract Expiry
CUST004623,0.6142,Contract Expiry
CUST000931,0.6141,Support Escalations
CUST000007,0.6138,Revenue Decline
CUST007892,0.6134,Contract Expiry
CUST009864,0.6133,Contract Expiry
CUST012514,0.6133,Contract Expiry
CUST008020,0.6132,Support Escalations
CUST001611,0.613,Revenue Decline
CUST008562,0.613,Support Escalations
CUST014313,0.613,Contract Expiry
CUST012893,0.6129,Low Usage
CUST002278,0.6127,Support Escalations
CUST002731,0.6127,Low NPS
CUST013563,0.6127,Low Usage
CUST004808,0.6126,Revenue Decline
CUST012681,0.6126,Revenue Decline
CUST014377,0.6125,Low NPS
CUST006277,0.6124,Low Usage
CUST014861,0.6124,Revenue Decline
CUST003454,0.6123,Revenue Decline
CUST007387,0.6123,Low Usage
CUST000569,0.6122,Low NPS
CUST003779,0.6121,Low Usage
CUST014161,0.6121,Low Usage
CUST001682,0.612,Low NPS
CUST005427,0.6119,Low Usage
CUST006644,0.6117,Support Escalations
CUST007083,0.6117,Low Usage
CUST011590,0.6117,Contract Expiry
CUST001244,0.6116,Revenue Decline
CUST013225,0.6116,Low Usage
CUST001979,0.6115,Revenue Decline
CUST002104,0.6115,Low NPS
CUST002389,0.6115,Contract Expiry
CUST009422,0.6115,Revenue Decline
CUST014193,0.6114,Support Escalations
CUST006820,0.6113,Support Escalations
CUST011621,0.6113,Revenue Decline
CUST003344,0.6112,Contract Expiry
CUST001210,0.6111,Low NPS
CUST000932,0.6107,Support Escalations
CUST009591,0.6107,Revenue Decline
CUST014362,0.6107,Contract Expiry
CUST001592,0.6106,Support Escalations
CUST000216,0.6105,Support Escalations
CUST006206,0.6105,Support Escalations
CUST006319,0.6104,Revenue Decline
CUST001411,0.6103,Contract Expiry
CUST004874,0.6103,Low Usage
CUST010603,0.6103,Low Usage
CUST012927,0.6103,Low NPS
CUST000651,0.6102,Support Escalations
CUST003435,0.6102,Revenue Decline
CUST010973,0.6102,Revenue Decline
CUST013651,0.6102,Low NPS
CUST014306,0.6101,Low Usage
CUST002092,0.6099,Low Usage
CUST003948,0.6099,Low Usage
CUST009041,0.6099,Low NPS
CUST001440,0.6098,Low Usage
CUST002127,0.6098,Low Usage
CUST010562,0.6098,Low Usage
CUST013660,0.6098,Contract Expiry
CUST014322,0.6097,Revenue Decline
CUST012075,0.6096,Low Usage
CUST006200,0.6095,Low Usage
CUST013574,0.6095,Low Usage
CUST004074,0.6094,Revenue Decline
CUST008897,0.6094,Low Usage
CUST012118,0.6094,Low Usage
CUST001805,0.6093,Low Usage
CUST009283,0.6093,Support Escalations
CUST013045,0.6093,Low NPS
CUST003799,0.6092,Revenue Decline
CUST004622,0.6092,Support Escalations
CUST006816,0.6092,Revenue Decline
CUST002628,0.6091,Low Usage
CUST012241,0.609,Support Escalations
CUST013616,0.6087,Support Escalations
CUST000536,0.6086,Low NPS
CUST009764,0.6086,Contract Expiry
CUST014956,0.6086,Revenue Decline
CUST008810,0.6085,Low Usage
CUST010239,0.6085,Support Escalations
CUST012532,0.6085,Support Escalations
CUST000067,0.6084,Contract Expiry
CUST003156,0.6084,Contract Expiry
CUST014889,0.6084,Support Escalations
CUST002193,0.6082,Contract Expiry
CUST001896,0.608,Low Usage
CUST004743,0.6079,Low NPS
CUST012310,0.6079,Low Usage
CUST008694,0.6078,Contract Expiry
CUST013138,0.6078,Support Escalations
CUST002654,0.6077,Low Usage
CUST004323,0.6077,Low NPS
CUST010505,0.6077,Low Usage
CUST005710,0.6075,Support Escalations
CUST007567,0.6075,Support Escalations
CUST012233,0.6075,Revenue Decline
CUST013650,0.6074,Support Escalations
CUST008482,0.6073,Support Escalations
CUST006902,0.6071,Low NPS
CUST002689,0.607,Contract Expiry
CUST014228,0.6069,Contract Expiry
CUST014326,0.6069,Low Usage
CUST006396,0.6068,Low Usage
CUST003963,0.6067,Contract Expiry
CUST006235,0.6067,Low Usage
CUST013129,0.6067,Low Usage
CUST006803,0.6066,Support Escalations
CUST010824,0.6065,Support Escalations
CUST011676,0.6065,Contract Expiry
CUST009890,0.6064,Low Usage
CUST000195,0.6063,Low Usage
CUST011497,0.6061,Revenue Decline
CUST004978,0.606,Revenue Decline
CUST003321,0.6059,Support Escalations
CUST004411,0.6059,Revenue Decline
CUST011711,0.6059,Low NPS
CUST013700,0.6057,Revenue Decline
CUST000068,0.6056,Contract Expiry
CUST010990,0.6056,Low NPS
CUST014378,0.6056,Revenue Decline
CUST001653,0.6055,Contract Expiry
CUST004539,0.6053,Low Usage
CUST003705,0.6052,Contract Expiry
CUST006460,0.6052,Low Usage
CUST006619,0.6052,Contract Expiry
CUST007504,0.6052,Low Usage
CUST007542,0.6052,Low Usage
CUST011467,0.6051,Low Usage
CUST013511,0.605,Revenue Decline
CUST002238,0.6049,Contract Expiry
CUST002656,0.6047,Support Escalations
CUST002541,0.6046,Contract Expiry
CUST010019,0.6046,Revenue Decline
CUST010807,0.6043,Contract Expiry
CUST011811,0.6043,Revenue Decline
CUST008912,0.6041,Contract Expiry
CUST001867,0.604,Support Escalations
CUST005818,0.6036,Low NPS
CUST006466,0.6036,Support Escalations
CUST010073,0.6036,Low Usage
CUST014579,0.6036,Support Escalations
CUST000416,0.6035,Support Escalations
CUST000895,0.6035,Low Usage
CUST001264,0.6032,Revenue Decline
CUST004768,0.6032,Revenue Decline
CUST011535,0.6032,Low NPS
CUST008387,0.6031,Revenue Decline
CUST013774,0.6031,Low Usage
CUST006419,0.603,Revenue Decline
CUST002308,0.6029,Revenue Decline
CUST004457,0.6029,Low NPS
CUST006566,0.6029,Low NPS
CUST009954,0.6029,Contract Expiry
CUST002116,0.6028,Support Escalations
CUST010840,0.6028,Low NPS
CUST002584,0.6026,Support Escalations
CUST006632,0.6026,Low Usage
CUST011172,0.6026,Revenue Decline
CUST014960,0.6026,Low Usage
CUST009612,0.6025,Low NPS
CUST007136,0.6024,Contract Expiry
CUST013825,0.6024,Contract Expiry
CUST013952,0.6023,Low Usage
CUST004284,0.6022,Revenue Decline
CUST010719,0.6022,Low Usage
CUST010755,0.6021,Low NPS
CUST008077,0.602,Contract Expiry
CUST002388,0.6019,Contract Expiry
CUST002169,0.6017,Contract Expiry
CUST011873,0.6017,Revenue Decline
CUST007335,0.6016,Low NPS
CUST007069,0.6015,Revenue Decline
CUST007348,0.6014,Support Escalations
CUST007570,0.6014,Low Usage
CUST008890,0.6013,Support Escalations
CUST001395,0.6012,Support Escalations
CUST005903,0.6012,Low NPS
CUST004054,0.6011,Revenue Decline
CUST008497,0.6011,Low Usage
CUST013492,0.601,Support Escalations
CUST008942,0.6009,Revenue Decline
CUST005204,0.6008,Contract Expiry
CUST001390,0.6007,Low NPS
CUST006645,0.6007,Low NPS
CUST008894,0.6006,Low Usage
CUST000883,0.6005,Revenue Decline
CUST001398,0.6004,Revenue Decline
CUST005410,0.6004,Low NPS
CUST011992,0.6003,Contract Expiry
CUST004211,0.6002,Low Usage
CUST006944,0.6002,Revenue Decline
CUST001481,0.6001,Low Usage
CUST000720,0.6,Contract Expiry
CUST002089,0.6,Low Usage
CUST004595,0.6,Low Usage
CUST009251,0.6,Revenue Decline
CUST011362,0.6,Contract Expiry
CUST001148,0.5998,Revenue Decline
CUST002533,0.5998,Support Escalations
CUST003131,0.5998,Low Usage
CUST005963,0.5998,Low Usage
CUST012381,0.5998,Revenue Decline
CUST013375,0.5998,Low NPS
CUST007492,0.5996,Low NPS
CUST003165,0.5995,Contract Expiry
CUST004087,0.5993,Support Escalations
CUST007725,0.5993,Revenue Decline
CUST012033,0.5993,Low NPS
CUST005253,0.5991,Low Usage
CUST005820,0.5991,Low NPS
CUST001361,0.599,Support Escalations
CUST001762,0.5989,Low Usage
CUST001978,0.5989,Revenue Decline
CUST006226,0.5988,Low NPS
CUST009038,0.5988,Contract Expiry
CUST000342,0.5986,Low Usage
CUST007628,0.5985,Contract Expiry
CUST014609,0.5984,Support Escalations
CUST004156,0.5983,Revenue Decline
CUST011250,0.5982,Contract Expiry
CUST006340,0.5981,Contract Expiry
CUST011528,0.5981,Low NPS
CUST004512,0.5979,Revenue Decline
CUST011515,0.5979,Low Usage
CUST000223,0.5978,Low NPS
CUST003408,0.5978,Low NPS
CUST012495,0.5978,Revenue Decline
CUST012686,0.5978,Low Usage
CUST013288,0.5978,Low Usage
CUST003044,0.5977,Support Escalations
CUST014108,0.5977,Low Usage
CUST006793,0.5976,Revenue Decline
CUST008590,0.5976,Contract Expiry
CUST014652,0.5976,Low Usage
CUST004894,0.5975,Low NPS
CUST007914,0.5975,Revenue Decline
CUST002752,0.5974,Low Usage
CUST000641,0.5973,Low NPS
CUST000795,0.5973,Support Escalations
CUST003795,0.5973,Low Usage
CUST006172,0.5973,Low NPS
CUST013933,0.5973,Revenue Decline
CUST014227,0.5973,Low Usage
CUST001802,0.5971,Support Escalations
CUST004454,0.5971,Low Usage
CUST008760,0.5971,Low NPS
CUST009951,0.5971,Low Usage
CUST008237,0.597,Low NPS
CUST009812,0.5969,Support Escalations
CUST008505,0.5968,Revenue Decline
CUST011310,0.5968,Low Usage
CUST001126,0.5966,Low NPS
CUST006631,0.5966,Low Usage
CUST010082,0.5966,Revenue Decline
CUST006411,0.5965,Low Usage
CUST010401,0.5965,Low Usage
CUST013054,0.5965,Contract Expiry
CUST001573,0.5964,Low Usage
CUST011244,0.5964,Contract Expiry
CUST012995,0.5964,Low Usage
CUST007756,0.5963,Support Escalations
CUST013544,0.5963,Revenue Decline
CUST004395,0.5962,Support Escalations
CUST004732,0.5962,Support Escalations
CUST011598,0.5961,Low Usage
CUST002596,0.596,Low Usage
CUST009389,0.596,Contract Expiry
CUST003057,0.5958,Support Escalations
CUST011104,0.5958,Low NPS
CUST006371,0.5957,Low Usage
CUST007993,0.5957,Low Usage
CUST013640,0.5957,Contract Expiry
CUST008964,0.5955,Support Escalations
CUST014988,0.5954,Support Escalations
CUST006478,0.5952,Revenue Decline
CUST003177,0.5949,Support Escalations
CUST013974,0.5949,Low Usage
CUST006139,0.5948,Support Escalations
CUST012213,0.5948,Revenue Decline
CUST001986,0.5947,Low Usage
CUST002340,0.5947,Low Usage
CUST010123,0.5946,Low Usage
CUST013966,0.5946,Low NPS
CUST006764,0.5944,Low NPS
CUST002311,0.5943,Revenue Decline
CUST014304,0.5943,Support Escalations
CUST003926,0.5941,Support Escalations
CUST010176,0.5941,Support Escalations
CUST006754,0.594,Low NPS
CUST004574,0.5939,Support Escalations
CUST012061,0.5939,Low Usage
CUST004383,0.5937,Revenue Decline
CUST012606,0.5937,Low Usage
CUST002125,0.5935,Contract Expiry
CUST006232,0.5935,Contract Expiry
CUST003412,0.5934,Low Usage
CUST006596,0.5934,Contract Expiry
CUST007235,0.5934,Support Escalations
CUST008350,0.5933,Contract Expiry
CUST000924,0.5932,Revenue Decline
CUST012662,0.5932,Support Escalations
CUST009425,0.5931,Support Escalations
CUST009921,0.5931,Low Usage
CUST000634,0.593,Support Escalations
CUST002769,0.593,Low NPS
CUST004220,0.593,Low NPS
CUST004044,0.5928,Contract Expiry
CUST008050,0.5928,Revenue Decline
CUST009853,0.5928,Low NPS
CUST012713,0.5928,Low Usage
CUST004525,0.5927,Low Usage
CUST000323,0.5926,Low Usage
CUST002240,0.5925,Low NPS
CUST005960,0.592,Low Usage
CUST012985,0.592,Revenue Decline
CUST004533,0.5919,Support Escalations
CUST009721,0.5918,Low NPS
CUST000445,0.5917,Contract Expiry
CUST005947,0.5917,Revenue Decline
CUST011631,0.5917,Support Escalations
CUST012460,0.5917,Low Usage
CUST010274,0.5916,Contract Expiry
CUST004043,0.5915,Revenue Decline
CUST012994,0.5915,Low Usage
CUST013589,0.5915,Revenue Decline
CUST007514,0.5912,Contract Expiry
CUST009358,0.5912,Support Escalations
CUST003626,0.591,Low Usage
CUST013066,0.591,Revenue Decline
CUST011451,0.5908,Support Escalations
CUST000881,0.5907,Support Escalations
CUST012068,0.5907,Low Usage
CUST012675,0.5907,Contract Expiry
CUST012330,0.5906,Low Usage
CUST001640,0.5905,Revenue Decline
CUST010711,0.5905,Low NPS
CUST014834,0.5905,Low NPS
CUST004438,0.5904,Low Usage
CUST004889,0.5903,Contract Expiry
CUST002112,0.5902,Low Usage
CUST005179,0.5902,Contract Expiry
CUST008561,0.5899,Low NPS
CUST009808,0.5899,Revenue Decline
CUST013495,0.5899,Low Usage
CUST013654,0.5899,Support Escalations
CUST003717,0.5898,Support Escalations
CUST001524,0.5897,Support Escalations
CUST008576,0.5897,Contract Expiry
CUST004826,0.5895,Contract Expiry
CUST007220,0.5895,Low Usage
CUST002212,0.5894,Revenue Decline
CUST011774,0.5894,Support Escalations
CUST006939,0.5893,Revenue Decline
CUST005938,0.5892,Low NPS
CUST008062,0.5892,Contract Expiry
CUST000143,0.5891,Contract Expiry
CUST006376,0.5891,Support Escalations
CUST009722,0.5891,Low NPS
CUST006704,0.589,Low NPS
CUST001027,0.5889,Low Usage
CUST006046,0.5889,Low Usage
CUST006159,0.5889,Support Escalations
CUST004415,0.5888,Low NPS
CUST002320,0.5887,Support Escalations
CUST007507,0.5886,Revenue Decline
CUST007693,0.5885,Low NPS
CUST012545,0.5885,Low Usage
CUST012579,0.5885,Support Escalations
CUST001520,0.5884,Support Escalations
CUST003567,0.5884,Low NPS
CUST005471,0.5883,Low NPS
CUST009070,0.5883,Low NPS
CUST008448,0.5882,Low Usage
CUST011934,0.5882,Low NPS
CUST003389,0.5881,Contract Expiry
CUST004010,0.5881,Low NPS
CUST004593,0.5881,Contract Expiry
CUST011149,0.5881,Revenue Decline
CUST003725,0.588,Revenue Decline
CUST004888,0.588,Support Escalations
CUST002411,0.5879,Support Escalations
CUST005752,0.5878,Low NPS
CUST007122,0.5877,Low NPS
CUST000972,0.5875,Contract Expiry
CUST009786,0.5875,Low NPS
CUST011762,0.5875,Low Usage
CUST000030,0.5874,Contract Expiry
CUST001330,0.5874,Contract Expiry
CUST003726,0.5874,Support Escalations
CUST005983,0.5873,Low Usage
CUST006014,0.5873,Low Usage
CUST011376,0.5873,Support Escalations
CUST003663,0.5872,Support Escalations
CUST012534,0.5872,Low Usage
CUST001464,0.5871,Low Usage
CUST013285,0.587,Low NPS
CUST014481,0.587,Low NPS
CUST008115,0.5869,Support Escalations
CUST011014,0.5869,Support Escalations
CUST011581,0.5868,Low Usage
CUST014799,0.5868,Contract Expiry
CUST007740,0.5867,Revenue Decline
CUST008521,0.5867,Low Usage
CUST003925,0.5866,Low Usage
CUST005110,0.5865,Revenue Decline
CUST006544,0.5865,Revenue Decline
CUST008040,0.5865,Revenue Decline
CUST005240,0.5864,Support Escalations
CUST002315,0.5863,Support Escalations
CUST004885,0.5863,Contract Expiry
CUST010795,0.5863,Low NPS
CUST010757,0.5862,Support Escalations
CUST013440,0.5862,Low NPS
CUST000585,0.5861,Contract Expiry
CUST012128,0.5861,Contract Expiry
CUST010076,0.586,Revenue Decline
CUST013785,0.586,Low Usage
CUST001216,0.5859,Contract Expiry
CUST007290,0.5859,Low NPS
CUST011216,0.5859,Revenue Decline
CUST001186,0.5858,Contract Expiry
CUST005544,0.5855,Contract Expiry
CUST006373,0.5854,Support Escalations
CUST007084,0.5854,Low Usage
CUST008508,0.5854,Low NPS
CUST011546,0.5854,Low NPS
CUST002775,0.5852,Low NPS
CUST004802,0.5852,Low NPS
CUST009627,0.5852,Contract Expiry
CUST002528,0.5851,Revenue Decline
CUST009941,0.5851,Revenue Decline
CUST001342,0.5849,Support Escalations
CUST011842,0.5849,Contract Expiry
CUST000373,0.5847,Low NPS
CUST006364,0.5847,Low Usage
CUST011958,0.5847,Low NPS
CUST014180,0.5847,Low NPS
CUST009906,0.5846,Revenue Decline
CUST005254,0.5845,Low NPS
CUST012984,0.5844,Low NPS
CUST013870,0.5844,Support Escalations
CUST001338,0.5843,Revenue Decline
CUST004147,0.5842,Support Escalations
CUST006461,0.5842,Support Escalations
CUST006967,0.5842,Low NPS
CUST000946,0.5841,Revenue Decline
CUST011309,0.5841,Contract Expiry
CUST006974,0.584,Revenue Decline
CUST011900,0.584,Contract Expiry
CUST012217,0.584,Low NPS
CUST007192,0.5839,Contract Expiry
CUST003269,0.5838,Low NPS
CUST005358,0.5838,Low Usage
CUST012262,0.5838,Low Usage
CUST012387,0.5837,Support Escalations
CUST003662,0.5836,Low NPS
CUST007783,0.5836,Revenue Decline
CUST004263,0.5833,Low Usage
CUST007717,0.5833,Contract Expiry
CUST013610,0.5833,Low NPS
CUST001457,0.5832,Low Usage
CUST008557,0.5832,Revenue Decline
CUST014287,0.5831,Low NPS
CUST004461,0.583,Contract Expiry
CUST013009,0.583,Low Usage
CUST002848,0.5828,Support Escalations
CUST003836,0.5828,Support Escalations
CUST006067,0.5827,Support Escalations
CUST009643,0.5827,Low Usage
CUST002113,0.5825,Low NPS
CUST010314,0.5824,Low Usage
CUST009274,0.5823,Revenue Decline
CUST012388,0.5823,Low NPS
CUST013456,0.5823,Low NPS
CUST011335,0.5822,Revenue Decline
CUST001426,0.5821,Contract Expiry
CUST012461,0.5821,Revenue Decline
CUST001031,0.582,Support Escalations
CUST001206,0.5819,Low NPS
CUST001779,0.5819,Low NPS
CUST003540,0.5819,Support Escalations
CUST005234,0.5818,Revenue Decline
CUST008252,0.5818,Support Escalations
CUST012110,0.5818,Contract Expiry
CUST011969,0.5817,Low Usage
CUST007652,0.5816,Low Usage
CUST004680,0.5815,Low NPS
CUST008774,0.5815,Support Escalations
CUST005944,0.5813,Low Usage
CUST007522,0.5813,Low NPS
CUST007944,0.5813,Contract Expiry
CUST012574,0.5812,Contract Expiry
CUST014794,0.5812,Low Usage
CUST006209,0.5811,Contract Expiry
CUST004904,0.581,Low NPS
CUST003987,0.5807,Contract Expiry
CUST000916,0.5806,Contract Expiry
CUST005270,0.5805,Low Usage
CUST003712,0.5804,Low Usage
CUST007664,0.5804,Low Usage
CUST012324,0.5804,Contract Expiry
CUST003708,0.5803,Low Usage
CUST006379,0.5803,Revenue Decline
CUST008288,0.5803,Revenue Decline
CUST009542,0.5803,Contract Expiry
CUST012469,0.5802,Low NPS
CUST013209,0.5802,Low NPS
CUST004016,0.5801,Revenue Decline
CUST010812,0.5801,Low Usage
CUST014844,0.5801,Revenue Decline
CUST008107,0.5799,Contract Expiry
CUST012618,0.5799,Low NPS
CUST006031,0.5798,Revenue Decline
CUST013786,0.5798,Low NPS
CUST010182,0.5797,Contract Expiry
CUST003833,0.5796,Contract Expiry
CUST006586,0.5795,Low Usage
CUST013545,0.5795,Low NPS
CUST003641,0.5794,Contract Expiry
CUST003371,0.5793,Revenue Decline
CUST009873,0.5793,Low NPS
CUST012626,0.5793,Contract Expiry
CUST004758,0.5792,Support Escalations
CUST012624,0.5792,Low Usage
CUST012818,0.5792,Contract Expiry
CUST014753,0.5792,Low Usage
CUST006771,0.5791,Contract Expiry
CUST012578,0.5791,Low NPS
CUST014048,0.5791,Contract Expiry
CUST007027,0.579,Support Escalations
CUST003990,0.5789,Support Escalations
CUST007543,0.5789,Support Escalations
CUST003199,0.5787,Support Escalations
CUST003942,0.5787,Contract Expiry
CUST003438,0.5786,Support Escalations
CUST001883,0.5785,Support Escalations
CUST004310,0.5785,Revenue Decline
CUST010269,0.5785,Revenue Decline
CUST010497,0.5785,Revenue Decline
CUST004810,0.5784,Support Escalations
CUST007139,0.5783,Contract Expiry
CUST001069,0.5782,Low Usage
CUST004490,0.5781,Low Usage
CUST009024,0.5781,Low Usage
CUST014773,0.5779,Low Usage
CUST001621,0.5778,Low NPS
CUST006098,0.5778,Low Usage
CUST003875,0.5777,Contract Expiry
CUST006610,0.5777,Support Escalations
CUST008546,0.5776,Low NPS
CUST010346,0.5775,Revenue Decline
CUST001482,0.5773,Low Usage
CUST008592,0.5773,Low Usage
CUST009686,0.5773,Contract Expiry
CUST013266,0.5773,Support Escalations
CUST005147,0.5772,Low Usage
CUST008970,0.577,Low NPS
CUST002071,0.5769,Low NPS
CUST003345,0.5769,Low NPS
CUST005503,0.5769,Support Escalations
CUST009302,0.5769,Low NPS
CUST004567,0.5768,Low NPS
CUST006017,0.5766,Revenue Decline
CUST014123,0.5766,Low Usage
CUST000982,0.5765,Low Usage
CUST001602,0.5765,Support Escalations
CUST002454,0.5765,Low NPS
CUST006422,0.5765,Low NPS
CUST001147,0.5764,Low NPS
CUST000699,0.5763,Support Escalations
CUST008979,0.5763,Support Escalations
CUST003314,0.5762,Support Escalations
CUST003643,0.5762,Support Escalations
CUST006695,0.5762,Low Usage
CUST012132,0.5762,Low NPS
CUST003162,0.5761,Support Escalations
CUST007631,0.576,Support Escalations
CUST005759,0.5759,Support Escalations
CUST009960,0.5759,Low NPS
CUST001798,0.5758,Low Usage
CUST003175,0.5758,Support Escalations
CUST007450,0.5758,Low NPS
CUST008628,0.5758,Contract Expiry
CUST010230,0.5755,Low Usage
CUST006201,0.5753,Revenue Decline
CUST006278,0.5753,Revenue Decline
CUST000438,0.5752,Low Usage
CUST008583,0.5752,Low NPS
CUST006028,0.5751,Revenue Decline
CUST006707,0.5751,Revenue Decline
CUST013497,0.5751,Low NPS
CUST014017,0.5751,Low NPS
CUST000537,0.575,Support Escalations
CUST004030,0.575,Low Usage
CUST004485,0.575,Support Escalations
CUST005488,0.575,Contract Expiry
CUST002119,0.5748,Low NPS
CUST004259,0.5748,Contract Expiry
CUST014245,0.5748,Contract Expiry
CUST011205,0.5746,Contract Expiry
CUST002545,0.5745,Low NPS
CUST012072,0.5745,Low NPS
CUST006947,0.5744,Low NPS
CUST004154,0.5743,Low Usage
CUST000871,0.5742,Contract Expiry
CUST002546,0.5742,Revenue Decline
CUST013770,0.5742,Low NPS
CUST004804,0.5741,Revenue Decline
CUST010216,0.5741,Support Escalations
CUST012917,0.5741,Contract Expiry
CUST000074,0.574,Contract Expiry
CUST007265,0.574,Contract Expiry
CUST003012,0.5739,Revenue Decline
CUST003707,0.5739,Low Usage
CUST005946,0.5739,Low Usage
CUST005615,0.5738,Revenue Decline
CUST014943,0.5738,Low Usage
CUST001799,0.5736,Low NPS
CUST002056,0.5736,Support Escalations
CUST012676,0.5736,Low Usage
CUST004170,0.5735,Revenue Decline
CUST003007,0.5734,Support Escalations
CUST011937,0.5734,Contract Expiry
CUST001717,0.5733,Revenue Decline
CUST005026,0.5733,Support Escalations
CUST005326,0.5733,Contract Expiry
CUST006349,0.5733,Support Escalations
CUST009859,0.5733,Revenue Decline
CUST006796,0.5732,Support Escalations
CUST007357,0.5732,Contract Expiry
CUST010645,0.573,Low Usage
CUST000644,0.5729,Low Usage
CUST003914,0.5729,Support Escalations
CUST004056,0.5729,Revenue Decline
CUST004298,0.5729,Contract Expiry
CUST007893,0.5729,Low NPS
CUST003475,0.5727,Revenue Decline
CUST004204,0.5727,Revenue Decline
CUST005454,0.5727,Contract Expiry
CUST009028,0.5727,Support Escalations
CUST009497,0.5726,Low Usage
CUST000415,0.5723,Low NPS
CUST001492,0.5723,Contract Expiry
CUST002823,0.5723,Revenue Decline
CUST000374,0.5722,Support Escalations
CUST003465,0.5722,Low NPS
CUST004311,0.572,Revenue Decline
CUST006089,0.572,Revenue Decline
CUST001136,0.5719,Support Escalations
CUST014858,0.5718,Revenue Decline
CUST012752,0.5716,Low Usage
CUST005948,0.5715,Low NPS
CUST000450,0.5714,Low Usage
CUST006883,0.5714,Low Usage
CUST007793,0.5714,Low NPS
CUST014758,0.5714,Low NPS
CUST002068,0.5713,Revenue Decline
CUST011052,0.5713,Support Escalations
CUST000513,0.5712,Support Escalations
CUST005347,0.5709,Revenue Decline
CUST012519,0.5709,Low Usage
CUST008549,0.5708,Low Usage
CUST011366,0.5708,Revenue Decline
CUST001140,0.5707,Revenue Decline
CUST006477,0.5707,Revenue Decline
CUST012769,0.5707,Contract Expiry
CUST001473,0.5706,Low Usage
CUST004422,0.5704,Contract Expiry
CUST008752,0.5704,Revenue Decline
CUST000549,0.5703,Support Escalations
CUST000959,0.5703,Contract Expiry
CUST005945,0.5703,Low Usage
CUST002488,0.57,Low Usage
CUST004510,0.57,Contract Expiry
CUST005275,0.57,Low Usage
CUST007589,0.57,Revenue Decline
CUST004178,0.5699,Contract Expiry
CUST005857,0.5698,Support Escalations
CUST006956,0.5698,Low Usage
CUST012441,0.5698,Low NPS
CUST014493,0.5698,Revenue Decline
CUST006538,0.5697,Low NPS
CUST006553,0.5696,Low NPS
CUST007665,0.5696,Revenue Decline
CUST009983,0.5696,Revenue Decline
CUST011277,0.5696,Support Escalations
CUST013577,0.5696,Contract Expiry
CUST008958,0.5695,Support Escalations
CUST007419,0.5694,Support Escalations
CUST002988,0.5693,Contract Expiry
CUST006531,0.5693,Contract Expiry
CUST008234,0.5693,Low NPS
CUST011818,0.5693,Low NPS
CUST008731,0.5692,Low Usage
CUST012505,0.5692,Revenue Decline
CUST014998,0.5691,Revenue Decline
CUST003477,0.569,Contract Expiry
CUST004957,0.569,Contract Expiry
CUST008138,0.5689,Support Escalations
CUST014014,0.5688,Contract Expiry
CUST014634,0.5688,Support Escalations
CUST003383,0.5686,Revenue Decline
CUST010235,0.5686,Revenue Decline
CUST013661,0.5686,Revenue Decline
CUST006146,0.5685,Support Escalations
CUST008885,0.5685,Low Usage
CUST004194,0.5684,Revenue Decline
CUST011015,0.5684,Contract Expiry
CUST001830,0.5683,Low Usage
CUST002813,0.5683,Low Usage
CUST007395,0.5683,Revenue Decline
CUST011612,0.5683,Revenue Decline
CUST014079,0.5683,Low Usage
CUST004015,0.5682,Low Usage
CUST000080,0.5681,Support Escalations
CUST010024,0.5681,Contract Expiry
CUST010743,0.568,Support Escalations
CUST005290,0.5679,Support Escalations
CUST014840,0.5679,Revenue Decline
CUST003487,0.5678,Low Usage
CUST012810,0.5678,Support Escalations
CUST004094,0.5677,Low Usage
CUST002599,0.5676,Low Usage
CUST010027,0.5676,Low Usage
CUST002710,0.5675,Low Usage
CUST011850,0.5675,Low Usage
CUST009796,0.5674,Low NPS
CUST013496,0.5673,Support Escalations
CUST002554,0.5672,Low NPS
CUST000210,0.567,Low NPS
CUST001182,0.567,Low NPS
CUST001537,0.567,Support Escalations
CUST001548,0.5669,Low Usage
CUST012305,0.5669,Low NPS
CUST001701,0.5668,Contract Expiry
CUST013468,0.5668,Contract Expiry
CUST003398,0.5667,Revenue Decline
CUST007317,0.5667,Support Escalations
CUST006982,0.5666,Low NPS
CUST010318,0.5666,Revenue Decline
CUST001088,0.5665,Low NPS
CUST000586,0.5664,Support Escalations
CUST007842,0.5664,Low Usage
CUST012527,0.5664,Support Escalations
CUST006780,0.5663,Low NPS
CUST006167,0.5662,Contract Expiry
CUST013459,0.5662,Support Escalations
CUST003968,0.5661,Low NPS
CUST011433,0.5661,Low NPS
CUST004410,0.566,Low NPS
CUST004813,0.5659,Low Usage
CUST011929,0.5659,Low Usage
CUST009328,0.5658,Low Usage
CUST011233,0.5657,Low NPS
CUST003674,0.5656,Support Escalations
CUST006713,0.5656,Support Escalations
CUST010470,0.5655,Support Escalations
CUST014296,0.5655,Contract Expiry
CUST002491,0.5654,Revenue Decline
CUST012003,0.5654,Revenue Decline
CUST006443,0.5653,Revenue Decline
CUST008856,0.5652,Low NPS
CUST011817,0.5652,Contract Expiry
CUST013005,0.5652,Revenue Decline
CUST013085,0.5652,Contract Expiry
CUST003594,0.5651,Low NPS
CUST011394,0.5651,Low NPS
CUST005219,0.565,Support Escalations
CUST013433,0.565,Contract Expiry
CUST007709,0.5649,Support Escalations
CUST003223,0.5648,Support Escalations
CUST011983,0.5648,Low NPS
CUST005890,0.5647,Revenue Decline
CUST000155,0.5645,Low Usage
CUST001051,0.5644,Low NPS
CUST004959,0.5644,Revenue Decline
CUST003934,0.5643,Low Usage
CUST007230,0.5643,Low Usage
CUST010015,0.5642,Contract Expiry
CUST005720,0.5641,Low Usage
CUST014641,0.5641,Revenue Decline
CUST008609,0.564,Support Escalations
CUST013320,0.564,Low Usage
CUST013338,0.5637,Low Usage
CUST000779,0.5636,Contract Expiry
CUST004174,0.5636,Low NPS
CUST007485,0.5635,Contract Expiry
CUST014159,0.5631,Low Usage
CUST004361,0.563,Low NPS
CUST001489,0.5629,Revenue Decline
CUST005306,0.5628,Support Escalations
CUST007240,0.5628,Low Usage
CUST013580,0.5628,Contract Expiry
CUST006329,0.5627,Contract Expiry
CUST007901,0.5626,Low Usage
CUST005051,0.5624,Revenue Decline
CUST001180,0.5623,Low Usage
CUST014510,0.5623,Support Escalations
CUST007627,0.5622,Support Escalations
CUST007517,0.5621,Support Escalations
CUST012159,0.5621,Low NPS
CUST006930,0.562,Contract Expiry
CUST007466,0.562,Support Escalations
CUST014735,0.562,Low NPS
CUST001944,0.5619,Revenue Decline
CUST003667,0.5619,Support Escalations
CUST004072,0.5619,Low NPS
CUST000928,0.5618,Low NPS
CUST008424,0.5618,Low Usage
CUST011674,0.5616,Contract Expiry
CUST011893,0.5615,Support Escalations
CUST000714,0.5614,Support Escalations
CUST001954,0.5612,Low NPS
CUST007629,0.5612,Low NPS
CUST003213,0.5611,Low NPS
CUST008190,0.5611,Revenue Decline
CUST010774,0.5611,Revenue Decline
CUST013258,0.5609,Support Escalations
CUST002074,0.5608,Support Escalations
CUST013348,0.5608,Low NPS
CUST000424,0.5607,Low Usage
CUST011848,0.5607,Low Usage
CUST012419,0.5606,Support Escalations
CUST012103,0.5605,Support Escalations
CUST002511,0.5604,Contract Expiry
CUST005297,0.5604,Low NPS
CUST010839,0.5601,Low Usage
CUST002603,0.5599,Contract Expiry
CUST007961,0.5599,Low Usage
CUST001273,0.5598,Low Usage
CUST008758,0.5598,Support Escalations
CUST009234,0.5598,Revenue Decline
CUST009806,0.5598,Contract Expiry
CUST001319,0.5597,Revenue Decline
CUST009439,0.5597,Support Escalations
CUST004208,0.5596,Revenue Decline
CUST005746,0.5596,Revenue Decline
CUST010144,0.5596,Contract Expiry
CUST005293,0.5595,Revenue Decline
CUST009214,0.5594,Revenue Decline
CUST013881,0.5594,Low NPS
CUST004313,0.5593,Support Escalations
CUST009499,0.5593,Low Usage
CUST006378,0.5592,Low NPS
CUST011583,0.5592,Contract Expiry
CUST002561,0.5591,Support Escalations
CUST004078,0.5591,Support Escalations
CUST004431,0.5591,Low NPS
CUST007306,0.5591,Low NPS
CUST011285,0.5591,Revenue Decline
CUST001347,0.559,Low NPS
CUST010306,0.559,Revenue Decline
CUST009677,0.5589,Low NPS
CUST014028,0.5589,Contract Expiry
CUST005808,0.5588,Support Escalations
CUST014658,0.5588,Support Escalations
CUST001408,0.5587,Contract Expiry
CUST004240,0.5587,Contract Expiry
CUST008507,0.5587,Low NPS
CUST012614,0.5586,Contract Expiry
CUST000104,0.5584,Revenue Decline
CUST005740,0.5584,Low NPS
CUST009861,0.5584,Low Usage
CUST005539,0.5582,Low Usage
CUST005579,0.5582,Revenue Decline
CUST013591,0.5582,Low Usage
CUST005825,0.5581,Low NPS
CUST000320,0.558,Revenue Decline
CUST002235,0.558,Support Escalations
CUST003524,0.5579,Contract Expiry
CUST004326,0.5579,Low NPS
CUST004417,0.5578,Revenue Decline
CUST010258,0.5578,Contract Expiry
CUST002176,0.5577,Revenue Decline
CUST002051,0.5576,Revenue Decline
CUST006853,0.5576,Low Usage
CUST004806,0.5575,Revenue Decline
CUST012979,0.5575,Revenue Decline
CUST001260,0.5574,Contract Expiry
CUST005888,0.5574,Revenue Decline
CUST001453,0.5573,Low Usage
CUST002499,0.5573,Low Usage
CUST007071,0.5573,Low NPS
CUST007983,0.5573,Low NPS
CUST008109,0.5573,Revenue Decline
CUST012945,0.5573,Low NPS
CUST006090,0.5571,Low Usage
CUST002704,0.557,Support Escalations
CUST002266,0.5569,Revenue Decline
CUST007598,0.5569,Low NPS
CUST000428,0.5568,Support Escalations
CUST008655,0.5567,Revenue Decline
CUST014920,0.5567,Low Usage
CUST004329,0.5566,Contract Expiry
CUST008094,0.5566,Contract Expiry
CUST011770,0.5566,Low NPS
CUST006866,0.5564,Low NPS
CUST008196,0.5564,Contract Expiry
CUST005860,0.5563,Contract Expiry
CUST010554,0.5563,Revenue Decline
CUST014130,0.5563,Low NPS
CUST006068,0.5562,Low NPS
CUST011364,0.5562,Revenue Decline
CUST012248,0.5561,Revenue Decline
CUST013372,0.5561,Support Escalations
CUST002137,0.5559,Contract Expiry
CUST002703,0.5559,Support Escalations
CUST012669,0.5558,Low NPS
CUST012695,0.5557,Revenue Decline
CUST010943,0.5555,Low Usage
CUST011021,0.5555,Low NPS
CUST001005,0.5554,Low Usage
CUST003039,0.5554,Revenue Decline
CUST005499,0.5553,Support Escalations
CUST011472,0.5553,Low NPS
CUST011707,0.5553,Low NPS
CUST014336,0.5553,Contract Expiry
CUST000559,0.5552,Revenue Decline
CUST008705,0.5552,Contract Expiry
CUST011854,0.5552,Support Escalations
CUST014045,0.5552,Revenue Decline
CUST008324,0.5551,Low Usage
CUST010012,0.5551,Low Usage
CUST000927,0.555,Low Usage
CUST002768,0.555,Low Usage
CUST005335,0.555,Low Usage
CUST004869,0.5549,Contract Expiry
CUST008638,0.5549,Low NPS
CUST013975,0.5549,Low NPS
CUST014807,0.5549,Revenue Decline
CUST001199,0.5548,Low NPS
CUST007535,0.5548,Low Usage
CUST011624,0.5547,Low Usage
CUST004755,0.5546,Low NPS
CUST005523,0.5545,Support Escalations
CUST007397,0.5545,Low Usage
CUST003182,0.5542,Low Usage
CUST008718,0.5539,Low Usage
CUST001113,0.5538,Revenue Decline
CUST010861,0.5537,Contract Expiry
CUST011642,0.5537,Support Escalations
CUST000562,0.5536,Support Escalations
CUST005555,0.5536,Contract Expiry
CUST013064,0.5536,Contract Expiry
CUST002526,0.5535,Low Usage
CUST003658,0.5535,Revenue Decline
CUST003056,0.5534,Revenue Decline
CUST014809,0.5534,Contract Expiry
CUST000471,0.5533,Contract Expiry
CUST001447,0.5533,Low NPS
CUST011573,0.5533,Low Usage
CUST001625,0.5532,Contract Expiry
CUST012879,0.5532,Low NPS
CUST012165,0.5531,Revenue Decline
CUST000854,0.553,Support Escalations
CUST006166,0.5529,Low NPS
CUST010106,0.5529,Low Usage
CUST000433,0.5527,Low NPS
CUST002761,0.5526,Contract Expiry
CUST003274,0.5526,Support Escalations
CUST003740,0.5526,Contract Expiry
CUST005097,0.5526,Low NPS
CUST005701,0.5526,Contract Expiry
CUST003236,0.5525,Revenue Decline
CUST007921,0.5525,Low NPS
CUST004455,0.5524,Contract Expiry
CUST005832,0.5522,Contract Expiry
CUST006995,0.5521,Low Usage
CUST001566,0.552,Low Usage
CUST002390,0.552,Contract Expiry
CUST003777,0.552,Revenue Decline
CUST005384,0.552,Support Escalations
CUST008794,0.552,Support Escalations
CUST013705,0.552,Contract Expiry
CUST001973,0.5519,Contract Expiry
CUST014087,0.5519,Contract Expiry
CUST005600,0.5518,Revenue Decline
CUST008721,0.5517,Revenue Decline
CUST014650,0.5516,Revenue Decline
CUST002922,0.5515,Contract Expiry
CUST003293,0.5515,Low Usage
CUST004980,0.5515,Low Usage
CUST014739,0.5515,Low Usage
CUST003527,0.5513,Low Usage
CUST005199,0.5513,Low NPS
CUST000938,0.5512,Support Escalations
CUST000885,0.5509,Contract Expiry
CUST001386,0.5509,Support Escalations
CUST011600,0.5509,Support Escalations
CUST002281,0.5508,Low Usage
CUST011611,0.5508,Contract Expiry
CUST001581,0.5507,Contract Expiry
CUST005992,0.5507,Contract Expiry
CUST011257,0.5507,Low NPS
CUST005750,0.5506,Revenue Decline
CUST006199,0.5506,Contract Expiry
CUST001756,0.5503,Support Escalations
CUST003752,0.5503,Support Escalations
CUST004281,0.5503,Support Escalations
CUST007211,0.5503,Revenue Decline
CUST014211,0.5503,Revenue Decline
CUST014416,0.5503,Support Escalations
CUST014144,0.5502,Contract Expiry
CUST006266,0.5501,Revenue Decline
CUST014534,0.5499,Contract Expiry
CUST006054,0.5498,Revenue Decline
CUST007150,0.5498,Low NPS
CUST011545,0.5498,Revenue Decline
CUST004278,0.5497,Revenue Decline
CUST014112,0.5497,Support Escalations
CUST007616,0.5494,Low Usage
CUST013597,0.5494,Revenue Decline
CUST009968,0.5493,Low Usage
CUST012718,0.5492,Revenue Decline
CUST005742,0.5491,Low NPS
CUST001237,0.549,Support Escalations
CUST003700,0.5488,Low Usage
CUST007532,0.5488,Revenue Decline
CUST009674,0.5488,Support Escalations
CUST014002,0.5488,Support Escalations
CUST001917,0.5487,Contract Expiry
CUST003758,0.5487,Low Usage
CUST009896,0.5487,Low NPS
CUST011568,0.5487,Low Usage
CUST012097,0.5487,Low Usage
CUST014073,0.5487,Low NPS
CUST002989,0.5486,Contract Expiry
CUST010817,0.5486,Revenue Decline
CUST003020,0.5485,Support Escalations
CUST005052,0.5485,Low NPS
CUST009233,0.5485,Revenue Decline
CUST011915,0.5485,Low NPS
CUST004007,0.5483,Low Usage
CUST009337,0.5482,Low NPS
CUST012541,0.5481,Low Usage
CUST008319,0.548,Support Escalations
CUST000251,0.5479,Support Escalations
CUST005533,0.5479,Low NPS
CUST000322,0.5478,Low Usage
CUST011197,0.5476,Contract Expiry
CUST013564,0.5476,Support Escalations
CUST014904,0.5476,Low Usage
CUST003953,0.5475,Low NPS
CUST012254,0.5475,Revenue Decline
CUST012098,0.5474,Support Escalations
CUST012180,0.5474,Low NPS
CUST014902,0.5474,Revenue Decline
CUST010654,0.5472,Low Usage
CUST000590,0.5471,Revenue Decline
CUST000830,0.547,Revenue Decline
CUST001059,0.547,Revenue Decline
CUST001894,0.547,Revenue Decline
CUST010558,0.547,Revenue Decline
CUST012584,0.5469,Low Usage
CUST005851,0.5468,Support Escalations
CUST014132,0.5468,Low NPS
CUST000564,0.5467,Support Escalations
CUST006325,0.5467,Support Escalations
CUST012874,0.5467,Contract Expiry
CUST001082,0.5466,Contract Expiry
CUST001247,0.5466,Support Escalations
CUST008315,0.5466,Contract Expiry
CUST010104,0.5465,Revenue Decline
CUST006992,0.5463,Low Usage
CUST010149,0.5462,Low Usage
CUST013797,0.5462,Revenue Decline
CUST007321,0.5461,Contract Expiry
CUST008740,0.5461,Low NPS
CUST002817,0.5459,Low Usage
CUST005071,0.5458,Low Usage
CUST001684,0.5457,Revenue Decline
CUST004860,0.5457,Revenue Decline
CUST000528,0.5455,Contract Expiry
CUST001742,0.5455,Revenue Decline
CUST005154,0.5455,Support Escalations
CUST002115,0.5452,Revenue Decline
CUST003264,0.5451,Low Usage
CUST013912,0.5451,Support Escalations
CUST009908,0.545,Support Escalations
CUST003480,0.5449,Revenue Decline
CUST009833,0.5448,Contract Expiry
CUST005730,0.5447,Low Usage
CUST009007,0.5446,Low Usage
CUST012891,0.5446,Low NPS
CUST006019,0.5443,Low Usage
CUST009215,0.5443,Low NPS
CUST005804,0.5442,Low NPS
CUST001719,0.5441,Low NPS
CUST008317,0.5441,Low NPS
CUST002196,0.544,Low NPS
CUST002692,0.544,Support Escalations
CUST012531,0.544,Contract Expiry
CUST014918,0.544,Low Usage
CUST011644,0.5439,Low Usage
CUST008679,0.5438,Low NPS
CUST013796,0.5437,Revenue Decline
CUST011518,0.5436,Low NPS
CUST002205,0.5435,Revenue Decline
CUST005338,0.5435,Support Escalations
CUST006005,0.5435,Support Escalations
CUST003715,0.5434,Low Usage
CUST003866,0.5434,Revenue Decline
CUST001272,0.5433,Contract Expiry
CUST005934,0.5433,Low NPS
CUST009762,0.5433,Low NPS
CUST014831,0.5433,Low NPS
CUST004848,0.5432,Support Escalations
CUST004723,0.5431,Support Escalations
CUST008627,0.5431,Low Usage
CUST008858,0.5431,Contract Expiry
CUST002831,0.543,Contract Expiry
CUST011831,0.543,Contract Expiry
CUST000422,0.5429,Revenue Decline
CUST003879,0.5429,Low NPS
CUST000440,0.5428,Revenue Decline
CUST000478,0.5427,Support Escalations
CUST008510,0.5427,Contract Expiry
CUST009492,0.5427,Contract Expiry
CUST007546,0.5426,Low Usage
CUST003188,0.5425,Low Usage
CUST004653,0.5425,Support Escalations
CUST013681,0.5424,Low NPS
CUST014018,0.5422,Low Usage
CUST001112,0.5421,Support Escalations
CUST002414,0.5421,Contract Expiry
CUST003401,0.5421,Support Escalations
CUST004667,0.5421,Revenue Decline
CUST013346,0.5421,Low NPS
CUST011812,0.542,Revenue Decline
CUST007238,0.5419,Contract Expiry
CUST003069,0.5418,Support Escalations
CUST011565,0.5418,Low NPS
CUST014309,0.5417,Revenue Decline
CUST000522,0.5416,Contract Expiry
CUST006829,0.5416,Low NPS
CUST012600,0.5416,Contract Expiry
CUST001574,0.5415,Revenue Decline
CUST003979,0.5415,Revenue Decline
CUST004644,0.5414,Low NPS
CUST002583,0.5413,Low NPS
CUST013340,0.5413,Support Escalations
CUST004412,0.5412,Low Usage
CUST007822,0.5412,Contract Expiry
CUST002237,0.5409,Contract Expiry
CUST008195,0.5409,Low NPS
CUST010978,0.5409,Support Escalations
CUST012772,0.5409,Support Escalations
CUST000986,0.5408,Support Escalations
CUST003253,0.5408,Contract Expiry
CUST006190,0.5407,Low NPS
CUST003103,0.5406,Low NPS
CUST005421,0.5406,Low Usage
CUST012204,0.5405,Contract Expiry
CUST008273,0.5404,Low NPS
CUST008663,0.5404,Revenue Decline
CUST008541,0.5402,Support Escalations
CUST008684,0.5402,Support Escalations
CUST012816,0.5401,Contract Expiry
CUST000840,0.5399,Support Escalations
CUST003164,0.5399,Low Usage
CUST006763,0.5398,Low NPS
CUST007968,0.5398,Revenue Decline
CUST003544,0.5397,Revenue Decline
CUST013834,0.5397,Contract Expiry
CUST002229,0.5396,Support Escalations
CUST004480,0.5396,Low Usage
CUST013158,0.5396,Low NPS
CUST001960,0.5395,Contract Expiry
CUST009128,0.5395,Revenue Decline
CUST003802,0.5394,Support Escalations
CUST008640,0.5394,Low Usage
CUST002468,0.5392,Low NPS
CUST007877,0.5392,Revenue Decline
CUST012318,0.5392,Revenue Decline
CUST010452,0.539,Revenue Decline
CUST002854,0.5389,Low Usage
CUST004740,0.5389,Revenue Decline
CUST005568,0.5389,Low NPS
CUST005617,0.5389,Revenue Decline
CUST008496,0.5389,Support Escalations
CUST008879,0.5388,Support Escalations
CUST012839,0.5388,Contract Expiry
CUST007167,0.5387,Low NPS
CUST003577,0.5386,Contract Expiry
CUST004149,0.5386,Low Usage
CUST014197,0.5386,Low Usage
CUST005979,0.5384,Low Usage
CUST002633,0.5383,Contract Expiry
CUST009011,0.5383,Revenue Decline
CUST002450,0.5382,Revenue Decline
CUST003026,0.5382,Contract Expiry
CUST012236,0.5381,Low Usage
CUST008392,0.538,Low Usage
CUST010170,0.538,Contract Expiry
CUST002423,0.5379,Low NPS
CUST008025,0.5379,Low Usage
CUST010031,0.5378,Support Escalations
CUST006179,0.5376,Low Usage
CUST007021,0.5376,Contract Expiry
CUST006048,0.5375,Low NPS
CUST012923,0.5373,Low Usage
CUST005806,0.5372,Contract Expiry
CUST008318,0.5372,Support Escalations
CUST005259,0.5371,Low Usage
CUST012729,0.5371,Low NPS
CUST005733,0.537,Contract Expiry
CUST012654,0.537,Support Escalations
CUST011543,0.5368,Revenue Decline
CUST003356,0.5367,Contract Expiry
CUST014732,0.5367,Contract Expiry
CUST000611,0.5364,Low NPS
CUST011502,0.5364,Contract Expiry
CUST007318,0.5363,Low NPS
CUST014080,0.5363,Revenue Decline
CUST007337,0.5361,Low Usage
CUST001362,0.5358,Support Escalations
CUST003138,0.5358,Low Usage
CUST001354,0.5355,Low NPS
CUST014825,0.5355,Low Usage
CUST002300,0.5354,Revenue Decline
CUST012349,0.5353,Revenue Decline
CUST014088,0.5353,Contract Expiry
CUST011409,0.5352,Support Escalations
CUST011858,0.535,Low NPS
CUST007617,0.5349,Low NPS
CUST004478,0.5348,Low NPS
CUST000844,0.5347,Low Usage
CUST001780,0.5347,Contract Expiry
CUST004372,0.5347,Support Escalations
CUST014317,0.5345,Revenue Decline
CUST011548,0.5344,Contract Expiry
CUST009151,0.5343,Low NPS
CUST014659,0.5343,Support Escalations
CUST009979,0.5342,Low NPS
CUST003210,0.5341,Revenue Decline
CUST008436,0.5341,Support Escalations
CUST011564,0.5341,Low Usage
CUST011507,0.5339,Revenue Decline
CUST013732,0.5337,Low Usage
CUST004742,0.5336,Low Usage
CUST008574,0.5336,Contract Expiry
CUST003063,0.5335,Contract Expiry
CUST006694,0.5335,Low Usage
CUST014680,0.5335,Low NPS
CUST001966,0.5334,Contract Expiry
CUST013673,0.5334,Support Escalations
CUST003722,0.533,Low NPS
CUST006154,0.533,Contract Expiry
CUST008232,0.533,Support Escalations
CUST011353,0.533,Support Escalations
CUST006481,0.5329,Contract Expiry
CUST011213,0.5329,Contract Expiry
CUST010338,0.5328,Low NPS
CUST001331,0.5327,Low NPS
CUST010339,0.5327,Revenue Decline
CUST010189,0.5326,Support Escalations
CUST001803,0.5325,Support Escalations
CUST006493,0.5325,Low Usage
CUST014710,0.5325,Low Usage
CUST007152,0.5324,Revenue Decline
CUST004793,0.5323,Low NPS
CUST010923,0.5323,Contract Expiry
CUST012368,0.5323,Contract Expiry
CUST000589,0.5322,Low Usage
CUST010790,0.5322,Low NPS
CUST014157,0.5322,Low Usage
CUST013908,0.5321,Low Usage
CUST005395,0.5319,Low NPS
CUST004879,0.5318,Low NPS
CUST008083,0.5318,Revenue Decline
CUST012559,0.5318,Support Escalations
CUST000367,0.5317,Revenue Decline
CUST010007,0.5317,Revenue Decline
CUST011315,0.5317,Support Escalations
CUST007657,0.5316,Support Escalations
CUST010293,0.5316,Low NPS
CUST001056,0.5315,Support Escalations
CUST010198,0.5314,Support Escalations
CUST007699,0.5309,Contract Expiry
CUST008280,0.5307,Support Escalations
CUST005262,0.5306,Low NPS
CUST005599,0.5306,Low Usage
CUST012955,0.5306,Low Usage
CUST012974,0.5306,Revenue Decline
CUST001019,0.5303,Low NPS
CUST001129,0.5303,Revenue Decline
CUST009032,0.5303,Support Escalations
CUST012880,0.5303,Revenue Decline
CUST014853,0.5303,Low NPS
CUST003546,0.5302,Revenue Decline
CUST008785,0.5302,Contract Expiry
CUST010295,0.5302,Revenue Decline
CUST007116,0.5301,Revenue Decline
CUST005086,0.53,Support Escalations
CUST000696,0.5298,Contract Expiry
CUST001787,0.5297,Low NPS
CUST005593,0.5297,Contract Expiry
CUST002702,0.5295,Support Escalations
CUST008369,0.5295,Revenue Decline
CUST003741,0.5294,Revenue Decline
CUST007391,0.5294,Revenue Decline
CUST004188,0.5293,Low NPS
CUST012380,0.5293,Low Usage
CUST001015,0.5291,Low NPS
CUST006053,0.5291,Low NPS
CUST010014,0.5291,Support Escalations
CUST001239,0.529,Support Escalations
CUST009097,0.529,Low NPS
CUST009769,0.529,Low NPS
CUST013193,0.529,Revenue Decline
CUST007750,0.5289,Contract Expiry
CUST010826,0.5289,Contract Expiry
CUST008000,0.5288,Low NPS
CUST010772,0.5288,Revenue Decline
CUST010520,0.5287,Low Usage
CUST013174,0.5287,Support Escalations
CUST003924,0.5285,Revenue Decline
CUST005510,0.5284,Contract Expiry
CUST003276,0.5283,Support Escalations
CUST013278,0.5283,Low Usage
CUST008939,0.5282,Low Usage
CUST012095,0.5282,Low NPS
CUST003854,0.5281,Contract Expiry
CUST007690,0.5281,Low Usage
CUST010103,0.5281,Revenue Decline
CUST014527,0.5281,Support Escalations
CUST008743,0.528,Support Escalations
CUST005723,0.5279,Revenue Decline
CUST008352,0.5279,Support Escalations
CUST009713,0.5279,Contract Expiry
CUST010116,0.5279,Low Usage
CUST006463,0.5278,Contract Expiry
CUST006774,0.5277,Low Usage
CUST011073,0.5277,Support Escalations
CUST011912,0.5277,Support Escalations
CUST014818,0.5277,Low NPS
CUST007277,0.5276,Low NPS
CUST001908,0.5275,Support Escalations
CUST004537,0.5275,Revenue Decline
CUST007764,0.5275,Revenue Decline
CUST008612,0.5275,Support Escalations
CUST011825,0.5275,Revenue Decline
CUST000062,0.5274,Revenue Decline
CUST005765,0.5274,Revenue Decline
CUST007575,0.5274,Low Usage
CUST009472,0.5273,Contract Expiry
CUST012665,0.5273,Support Escalations
CUST014867,0.5273,Low NPS
CUST004672,0.5272,Low NPS
CUST006324,0.5272,Support Escalations
CUST008633,0.5272,Revenue Decline
CUST008875,0.5272,Revenue Decline
CUST012711,0.5272,Support Escalations
CUST013462,0.5271,Low NPS
CUST014409,0.527,Low NPS
CUST000592,0.5269,Revenue Decline
CUST005144,0.5269,Support Escalations
CUST011118,0.5267,Support Escalations
CUST011841,0.5267,Low NPS
CUST014003,0.5265,Low Usage
CUST005717,0.5264,Support Escalations
CUST001565,0.5263,Revenue Decline
CUST012692,0.5263,Low NPS
CUST014842,0.5263,Revenue Decline
CUST014934,0.5263,Support Escalations
CUST001472,0.5261,Low Usage
CUST004302,0.5261,Low NPS
CUST012761,0.5261,Low NPS
CUST013888,0.5261,Support Escalations
CUST005479,0.526,Support Escalations
CUST006086,0.5259,Low NPS
CUST007971,0.5259,Contract Expiry
CUST000719,0.5258,Low NPS
CUST006079,0.5258,Contract Expiry
CUST006573,0.5257,Low Usage
CUST013114,0.5257,Low NPS
CUST000009,0.5255,Low Usage
CUST009679,0.5255,Revenue Decline
CUST003176,0.5254,Low Usage
CUST011221,0.5254,Contract Expiry
CUST006677,0.5253,Low NPS
CUST013446,0.5253,Revenue Decline
CUST013294,0.5252,Support Escalations
CUST003555,0.5251,Contract Expiry
CUST003621,0.5251,Low NPS
CUST009885,0.5251,Low Usage
CUST003509,0.525,Revenue Decline
CUST000385,0.5248,Low Usage
CUST008802,0.5248,Contract Expiry
CUST000318,0.5247,Support Escalations
CUST001406,0.5247,Low NPS
CUST009307,0.5247,Low NPS
CUST005173,0.5245,Support Escalations
CUST012737,0.5244,Contract Expiry
CUST000376,0.5243,Contract Expiry
CUST007005,0.5243,Low NPS
CUST009463,0.5243,Low NPS
CUST011824,0.5243,Support Escalations
CUST000496,0.5242,Contract Expiry
CUST002439,0.5242,Contract Expiry
CUST000020,0.5241,Contract Expiry
CUST006345,0.5241,Low Usage
CUST002575,0.524,Support Escalations
CUST005770,0.524,Low NPS
CUST006246,0.524,Revenue Decline
CUST000990,0.5239,Low Usage
CUST009619,0.5239,Support Escalations
CUST011496,0.5239,Low Usage
CUST011882,0.5239,Low Usage
CUST000264,0.5238,Revenue Decline
CUST001822,0.5238,Support Escalations
CUST014029,0.5238,Contract Expiry
CUST007498,0.5237,Support Escalations
CUST001240,0.5236,Support Escalations
CUST007184,0.5235,Revenue Decline
CUST012030,0.5234,Revenue Decline
CUST013421,0.5234,Support Escalations
CUST000956,0.5233,Revenue Decline
CUST012537,0.5233,Support Escalations
CUST013859,0.5233,Low NPS
CUST002728,0.5232,Contract Expiry
CUST007296,0.5232,Low NPS
CUST008902,0.5232,Revenue Decline
CUST003178,0.5231,Low NPS
CUST006337,0.5231,Low NPS
CUST007414,0.5231,Low Usage
CUST007611,0.5231,Contract Expiry
CUST007413,0.523,Support Escalations
CUST002504,0.5229,Support Escalations
CUST003445,0.5229,Revenue Decline
CUST010356,0.5228,Low Usage
CUST010699,0.5228,Low NPS
CUST012181,0.5228,Low Usage
CUST004272,0.5227,Contract Expiry
CUST009334,0.5227,Contract Expiry
CUST012639,0.5226,Support Escalations
CUST014199,0.5226,Contract Expiry
CUST014539,0.5226,Support Escalations
CUST002788,0.5224,Contract Expiry
CUST006790,0.5224,Low Usage
CUST014344,0.5224,Low Usage
CUST001139,0.5223,Contract Expiry
CUST001772,0.5223,Contract Expiry
CUST001083,0.5222,Low NPS
CUST012721,0.5222,Low Usage
CUST006016,0.5221,Contract Expiry
CUST010480,0.5221,Low Usage
CUST006207,0.522,Support Escalations
CUST014474,0.522,Revenue Decline
CUST011188,0.5218,Low Usage
CUST011789,0.5218,Revenue Decline
CUST000933,0.5217,Low NPS
CUST011414,0.5217,Low Usage
CUST011553,0.5217,Support Escalations
CUST010706,0.5216,Support Escalations
CUST003301,0.5215,Revenue Decline
CUST002486,0.5212,Support Escalations
CUST002787,0.5209,Low NPS
CUST004427,0.5209,Low NPS
CUST009687,0.5209,Contract Expiry
CUST010460,0.5208,Contract Expiry
CUST001311,0.5207,Revenue Decline
CUST004934,0.5207,Revenue Decline
CUST008404,0.5207,Low Usage
CUST014468,0.5207,Revenue Decline
CUST008986,0.5206,Contract Expiry
CUST011019,0.5205,Contract Expiry
CUST003034,0.5204,Revenue Decline
CUST012321,0.5204,Revenue Decline
CUST012632,0.5204,Support Escalations
CUST009001,0.5203,Contract Expiry
CUST011544,0.5203,Support Escalations
CUST011875,0.5203,Contract Expiry
CUST004858,0.5201,Revenue Decline
CUST006815,0.5201,Low NPS
CUST011974,0.5201,Low Usage
CUST012498,0.5201,Support Escalations
CUST001555,0.52,Low NPS
CUST003268,0.5198,Revenue Decline
CUST007864,0.5198,Low Usage
CUST013410,0.5198,Revenue Decline
CUST014441,0.5198,Revenue Decline
CUST000671,0.5197,Contract Expiry
CUST008775,0.5197,Low Usage
CUST010166,0.5197,Support Escalations
CUST010567,0.5197,Revenue Decline
CUST014398,0.5197,Low NPS
CUST003363,0.5196,Revenue Decline
CUST005515,0.5195,Low NPS
CUST000011,0.5194,Contract Expiry
CUST009034,0.5194,Low Usage
CUST005826,0.5193,Support Escalations
CUST007687,0.5193,Revenue Decline
CUST009415,0.5193,Low Usage
CUST013056,0.5193,Support Escalations
CUST005126,0.5192,Low Usage
CUST010749,0.5192,Contract Expiry
CUST003486,0.5191,Low NPS
CUST003572,0.5191,Revenue Decline
CUST007789,0.519,Contract Expiry
CUST010477,0.519,Revenue Decline
CUST000729,0.5189,Contract Expiry
CUST002455,0.5189,Contract Expiry
CUST006484,0.5189,Support Escalations
CUST002676,0.5188,Contract Expiry
CUST005691,0.5188,Revenue Decline
CUST000780,0.5187,Low NPS
CUST014695,0.5187,Low NPS
CUST000991,0.5186,Support Escalations
CUST003809,0.5186,Low NPS
CUST006151,0.5186,Low NPS
CUST010219,0.5185,Low Usage
CUST001326,0.5183,Low NPS
CUST002722,0.5182,Revenue Decline
CUST000476,0.5181,Contract Expiry
CUST010248,0.5181,Support Escalations
CUST000107,0.518,Contract Expiry
CUST002530,0.5179,Low NPS
CUST014036,0.5179,Low NPS
CUST001837,0.5178,Low Usage
CUST003457,0.5178,Support Escalations
CUST010771,0.5177,Support Escalations
CUST005667,0.5175,Revenue Decline
CUST013921,0.5175,Support Escalations
CUST012277,0.5174,Contract Expiry
CUST014726,0.5174,Low NPS
CUST006381,0.5173,Revenue Decline
CUST003639,0.5172,Low NPS
CUST005823,0.5172,Low Usage
CUST006386,0.5172,Low Usage
CUST009869,0.5172,Low NPS
CUST000403,0.5171,Support Escalations
CUST002047,0.5171,Low NPS
CUST002304,0.5171,Low Usage
CUST002639,0.5171,Low Usage
CUST006615,0.5171,Revenue Decline
CUST010722,0.5171,Revenue Decline
CUST012631,0.5171,Low NPS
CUST013145,0.5171,Support Escalations
CUST000029,0.517,Low Usage
CUST009401,0.5169,Support Escalations
CUST001040,0.5167,Revenue Decline
CUST005998,0.5167,Low NPS
CUST003530,0.5166,Contract Expiry
CUST010399,0.5166,Contract Expiry
CUST011408,0.5166,Revenue Decline
CUST013629,0.5166,Low Usage
CUST013811,0.5166,Contract Expiry
CUST012067,0.5165,Contract Expiry
CUST001881,0.5163,Low Usage
CUST006819,0.5163,Revenue Decline
CUST001582,0.5162,Contract Expiry
CUST014249,0.5161,Contract Expiry
CUST006691,0.516,Revenue Decline
CUST014839,0.516,Contract Expiry
CUST002925,0.5159,Low NPS
CUST004527,0.5159,Contract Expiry
CUST013749,0.5159,Contract Expiry
CUST014465,0.5159,Revenue Decline
CUST014736,0.5159,Contract Expiry
CUST000194,0.5158,Support Escalations
CUST006567,0.5158,Support Escalations
CUST007985,0.5157,Low NPS
CUST008449,0.5156,Low Usage
CUST007191,0.5155,Low Usage
CUST002211,0.5154,Revenue Decline
CUST003584,0.5154,Low NPS
CUST005382,0.5154,Low Usage
CUST011426,0.5154,Low Usage
CUST006485,0.5153,Revenue Decline
CUST010733,0.5152,Contract Expiry
CUST002186,0.5151,Support Escalations
CUST004747,0.5151,Low Usage
CUST010263,0.5151,Contract Expiry
CUST010311,0.5151,Low NPS
CUST012041,0.5151,Support Escalations
CUST013082,0.5151,Low NPS
CUST005884,0.515,Contract Expiry
CUST013940,0.515,Low NPS
CUST001490,0.5149,Support Escalations
CUST008531,0.5148,Revenue Decline
CUST006761,0.5147,Contract Expiry
CUST012925,0.5147,Low NPS
CUST006410,0.5146,Revenue Decline
CUST007995,0.5146,Low Usage
CUST014243,0.5146,Support Escalations
CUST002711,0.5144,Support Escalations
CUST007656,0.5143,Support Escalations
CUST008342,0.5143,Revenue Decline
CUST013265,0.5143,Low Usage
CUST010389,0.514,Low NPS
CUST013395,0.514,Low Usage
CUST003927,0.5139,Contract Expiry
CUST013101,0.5139,Low NPS
CUST002790,0.5138,Low NPS
CUST002846,0.5138,Revenue Decline
CUST013962,0.5138,Support Escalations
CUST010576,0.5137,Revenue Decline
CUST011187,0.5137,Revenue Decline
CUST000812,0.5136,Low Usage
CUST002573,0.5135,Low Usage
CUST013663,0.5135,Low NPS
CUST002375,0.5134,Support Escalations
CUST008223,0.5134,Support Escalations
CUST009461,0.5134,Low Usage
CUST002568,0.5133,Support Escalations
CUST011554,0.5133,Low NPS
CUST014692,0.5133,Revenue Decline
CUST004715,0.5132,Support Escalations
CUST014529,0.5132,Support Escalations
CUST008105,0.5131,Revenue Decline
CUST001600,0.5129,Support Escalations
CUST009851,0.5129,Low NPS
CUST010559,0.5129,Revenue Decline
CUST006084,0.5127,Low Usage
CUST007931,0.5127,Low Usage
CUST007951,0.5127,Revenue Decline
CUST014345,0.5126,Support Escalations
CUST006539,0.5124,Low NPS
CUST001659,0.5123,Low NPS
CUST002234,0.5123,Support Escalations
CUST011510,0.5122,Contract Expiry
CUST013190,0.5122,Support Escalations
CUST013413,0.5121,Revenue Decline
CUST003670,0.512,Support Escalations
CUST007745,0.512,Support Escalations
CUST004444,0.5119,Revenue Decline
CUST010455,0.5119,Low NPS
CUST014267,0.5119,Support Escalations
CUST011752,0.5118,Low Usage
CUST011392,0.5117,Contract Expiry
CUST008780,0.5115,Contract Expiry
CUST009917,0.5115,Low Usage
CUST002400,0.5113,Low NPS
CUST008054,0.5113,Low Usage
CUST007200,0.5112,Low Usage
CUST013002,0.5111,Support Escalations
CUST012307,0.511,Low NPS
CUST000636,0.5109,Low NPS
CUST013776,0.5109,Support Escalations
CUST001232,0.5107,Support Escalations
CUST008905,0.5107,Contract Expiry
CUST013122,0.5107,Contract Expiry
CUST003296,0.5105,Contract Expiry
CUST007455,0.5105,Contract Expiry
CUST010204,0.5105,Revenue Decline
CUST011517,0.5105,Low NPS
CUST005929,0.5104,Low Usage
CUST014074,0.5104,Support Escalations
CUST005777,0.5103,Contract Expiry
CUST011323,0.5103,Contract Expiry
CUST013287,0.5103,Low NPS
CUST014238,0.5103,Support Escalations
CUST001788,0.51,Revenue Decline
CUST008172,0.51,Contract Expiry
CUST005314,0.5099,Low Usage
CUST005518,0.5099,Low NPS
CUST007505,0.5098,Low NPS
CUST012760,0.5098,Low NPS
CUST013635,0.5097,Revenue Decline
CUST003788,0.5096,Revenue Decline
CUST011416,0.5096,Revenue Decline
CUST003064,0.5094,Contract Expiry
CUST009162,0.5094,Low NPS
CUST012325,0.5094,Revenue Decline
CUST013727,0.5094,Support Escalations
CUST000454,0.5093,Contract Expiry
CUST002493,0.5093,Support Escalations
CUST009750,0.5093,Support Escalations
CUST014549,0.5093,Low NPS
CUST003630,0.5092,Contract Expiry
CUST012820,0.5092,Support Escalations
CUST013022,0.5092,Support Escalations
CUST000200,0.5091,Contract Expiry
CUST001851,0.509,Low Usage
CUST004048,0.5089,Low NPS
CUST007735,0.5087,Low NPS
CUST000014,0.5086,Contract Expiry
CUST013621,0.5086,Contract Expiry
CUST002646,0.5085,Low Usage
CUST010110,0.5085,Support Escalations
CUST004104,0.5084,Low NPS
CUST001381,0.5081,Revenue Decline
CUST002236,0.5081,Low Usage
CUST002620,0.5081,Contract Expiry
CUST013501,0.5081,Low NPS
CUST005398,0.508,Revenue Decline
CUST007176,0.5079,Revenue Decline
CUST003980,0.5078,Low Usage
CUST014192,0.5078,Contract Expiry
CUST014574,0.5078,Contract Expiry
CUST000117,0.5077,Revenue Decline
CUST002336,0.5077,Low Usage
CUST000832,0.5076,Low NPS
CUST011872,0.5076,Support Escalations
CUST004716,0.5074,Support Escalations
CUST009428,0.5074,Support Escalations
CUST003515,0.5073,Low NPS
CUST012869,0.5073,Support Escalations
CUST014906,0.5073,Support Escalations
CUST006659,0.5072,Contract Expiry
CUST012281,0.5072,Contract Expiry
CUST013035,0.5072,Contract Expiry
CUST014747,0.5071,Support Escalations
CUST001318,0.5069,Low NPS
CUST005889,0.5067,Support Escalations
CUST008714,0.5066,Contract Expiry
CUST006616,0.5065,Low NPS
CUST008333,0.5065,Low Usage
CUST002605,0.5064,Revenue Decline
CUST005217,0.5063,Contract Expiry
CUST011302,0.5062,Support Escalations
CUST012784,0.5061,Support Escalations
CUST001325,0.506,Revenue Decline
CUST002102,0.506,Low Usage
CUST003488,0.5059,Low NPS
CUST009628,0.5059,Support Escalations
CUST008019,0.5058,Revenue Decline
CUST010426,0.5058,Revenue Decline
CUST002548,0.5057,Contract Expiry
CUST004511,0.5057,Low Usage
CUST004850,0.5057,Revenue Decline
CUST012562,0.5055,Low NPS
CUST006125,0.5054,Contract Expiry
CUST001928,0.5053,Support Escalations
CUST001943,0.5053,Support Escalations
CUST009131,0.5053,Support Escalations
CUST013647,0.5053,Revenue Decline
CUST006841,0.5052,Revenue Decline
CUST011351,0.5052,Revenue Decline
CUST000827,0.505,Contract Expiry
CUST007028,0.505,Revenue Decline
CUST007451,0.5048,Support Escalations
CUST007606,0.5048,Low NPS
CUST010095,0.5048,Low Usage
CUST011578,0.5048,Support Escalations
CUST007282,0.5047,Low Usage
CUST008554,0.5047,Low NPS
CUST001583,0.5046,Low Usage
CUST006164,0.5046,Revenue Decline
CUST013067,0.5046,Revenue Decline
CUST013655,0.5046,Low Usage
CUST011575,0.5044,Low NPS
CUST000776,0.5041,Contract Expiry
CUST009118,0.5041,Revenue Decline
CUST011049,0.5041,Contract Expiry
CUST013382,0.5041,Low NPS
CUST014431,0.504,Low Usage
CUST013698,0.5039,Revenue Decline
CUST002740,0.5037,Revenue Decline
CUST011923,0.5037,Low Usage
CUST007523,0.5035,Low NPS
CUST000542,0.5034,Low NPS
CUST006961,0.5033,Support Escalations
CUST010563,0.5033,Low Usage
CUST003657,0.5026,Revenue Decline
CUST004763,0.5025,Contract Expiry
CUST014896,0.5025,Low NPS
CUST003785,0.5024,Contract Expiry
CUST005138,0.5024,Low NPS
CUST001811,0.5023,Contract Expiry
CUST008937,0.5023,Low NPS
CUST001359,0.5021,Revenue Decline
CUST006032,0.5021,Low Usage
CUST010889,0.502,Contract Expiry
CUST007007,0.5018,Low NPS
CUST009599,0.5018,Low Usage
CUST007279,0.5017,Support Escalations
CUST007461,0.5017,Support Escalations
CUST005467,0.5016,Contract Expiry
CUST006129,0.5016,Support Escalations
CUST012440,0.5015,Low Usage
CUST009173,0.5014,Support Escalations
CUST008297,0.5013,Low Usage
CUST013814,0.5012,Contract Expiry
CUST003203,0.5011,Support Escalations
CUST008842,0.5011,Low Usage
CUST013452,0.5011,Support Escalations
CUST009322,0.501,Revenue Decline
CUST001184,0.5009,Contract Expiry
CUST007685,0.5009,Low Usage
CUST007963,0.5008,Low NPS
CUST003571,0.5006,Low Usage
CUST010928,0.5005,Low Usage
CUST008886,0.5004,Low NPS
CUST001884,0.5003,Low NPS
CUST007489,0.5003,Revenue Decline
CUST009933,0.5003,Contract Expiry
CUST008683,0.5002,Contract Expiry
CUST009781,0.5,Revenue Decline
CUST001949,0.4999,Revenue Decline
CUST007534,0.4999,Revenue Decline
CUST000451,0.4998,Low NPS
CUST013889,0.4997,Low Usage
CUST000291,0.4996,Contract Expiry
CUST008302,0.4996,Low NPS
CUST009082,0.4996,Low Usage
CUST012471,0.4996,Low NPS
CUST001512,0.4995,Low Usage
CUST010328,0.4995,Revenue Decline
CUST010788,0.4995,Revenue Decline
CUST013595,0.4995,Support Escalations
CUST002379,0.4994,Low Usage
CUST006850,0.4994,Contract Expiry
CUST008536,0.4993,Support Escalations
CUST013208,0.4993,Contract Expiry
CUST013709,0.4993,Support Escalations
CUST013402,0.4992,Contract Expiry
CUST010694,0.4991,Support Escalations
CUST013234,0.4991,Low Usage
CUST003047,0.499,Low NPS
CUST005088,0.4989,Revenue Decline
CUST013399,0.4989,Low Usage
CUST002513,0.4988,Low NPS
CUST003070,0.4988,Support Escalations
CUST007818,0.4988,Support Escalations
CUST001066,0.4987,Low NPS
CUST006717,0.4987,Low Usage
CUST001025,0.4986,Low NPS
CUST009402,0.4986,Revenue Decline
CUST014797,0.4986,Contract Expiry
CUST000511,0.4985,Contract Expiry
CUST000792,0.4985,Contract Expiry
CUST001018,0.4984,Low NPS
CUST012969,0.4984,Contract Expiry
CUST009172,0.4983,Support Escalations
CUST014596,0.4983,Low Usage
CUST000050,0.4982,Revenue Decline
CUST000771,0.4982,Revenue Decline
CUST003167,0.4982,Low NPS
CUST000095,0.4981,Low Usage
CUST005722,0.4981,Low Usage
CUST008489,0.4981,Low Usage
CUST008834,0.4981,Support Escalations
CUST001620,0.498,Low NPS
CUST005959,0.498,Contract Expiry
CUST007236,0.4979,Contract Expiry
CUST010097,0.4979,Revenue Decline
CUST014568,0.4979,Contract Expiry
CUST001641,0.4978,Low Usage
CUST006001,0.4978,Revenue Decline
CUST009136,0.4977,Revenue Decline
CUST009025,0.4976,Low NPS
CUST014526,0.4976,Support Escalations
CUST000698,0.4975,Low Usage
CUST004710,0.4975,Low NPS
CUST000820,0.4974,Low Usage
CUST003396,0.4974,Low NPS
CUST006651,0.4974,Support Escalations
CUST010200,0.4974,Revenue Decline
CUST000225,0.4973,Low NPS
CUST004519,0.4972,Low Usage
CUST013970,0.4971,Low Usage
CUST013813,0.497,Low NPS
CUST011006,0.4968,Revenue Decline
CUST001698,0.4967,Revenue Decline
CUST011100,0.4967,Support Escalations
CUST012403,0.4967,Revenue Decline
CUST000852,0.4966,Low Usage
CUST005075,0.4966,Support Escalations
CUST013560,0.4966,Low NPS
CUST000105,0.4964,Low NPS
CUST001814,0.4963,Support Escalations
CUST003682,0.4961,Low Usage
CUST010982,0.4961,Revenue Decline
CUST013800,0.4961,Support Escalations
CUST000791,0.496,Low NPS
CUST003114,0.496,Low NPS
CUST010308,0.496,Support Escalations
CUST002872,0.4959,Contract Expiry
CUST009958,0.4959,Contract Expiry
CUST005305,0.4957,Low NPS
CUST006594,0.4957,Revenue Decline
CUST007308,0.4957,Support Escalations
CUST011446,0.4957,Low NPS
CUST011470,0.4955,Low NPS
CUST001274,0.4954,Low Usage
CUST005758,0.4954,Low NPS
CUST010098,0.4954,Low Usage
CUST004280,0.4953,Revenue Decline
CUST014813,0.4952,Low Usage
CUST007584,0.4951,Support Escalations
CUST004238,0.495,Low Usage
CUST009720,0.495,Support Escalations
CUST013494,0.4949,Support Escalations
CUST000604,0.4948,Low Usage
CUST012835,0.4948,Revenue Decline
CUST004873,0.4947,Low Usage
CUST002243,0.4946,Support Escalations
CUST004064,0.4946,Revenue Decline
CUST008161,0.4945,Contract Expiry
CUST008221,0.4944,Contract Expiry
CUST012273,0.4944,Contract Expiry
CUST010793,0.4943,Revenue Decline
CUST014218,0.4943,Low Usage
CUST014507,0.4943,Revenue Decline
CUST009441,0.4942,Low Usage
CUST005521,0.4941,Low NPS
CUST000035,0.494,Revenue Decline
CUST005381,0.494,Contract Expiry
CUST005958,0.494,Support Escalations
CUST008582,0.494,Revenue Decline
CUST012293,0.494,Low NPS
CUST003250,0.4939,Low NPS
CUST007162,0.4938,Low NPS
CUST009985,0.4938,Low Usage
CUST002041,0.4935,Low NPS
CUST002362,0.4934,Contract Expiry
CUST007853,0.4934,Contract Expiry
CUST007977,0.4934,Low NPS
CUST001961,0.4933,Revenue Decline
CUST007720,0.4933,Low NPS
CUST008568,0.4933,Support Escalations
CUST014745,0.4933,Low NPS
CUST010792,0.4932,Support Escalations
CUST011214,0.4932,Support Escalations
CUST009987,0.4931,Contract Expiry
CUST012935,0.4931,Contract Expiry
CUST002432,0.493,Low NPS
CUST013847,0.4927,Contract Expiry
CUST001585,0.4925,Contract Expiry
CUST003027,0.4925,Support Escalations
CUST014365,0.4925,Contract Expiry
CUST014621,0.4925,Support Escalations
CUST003196,0.4924,Low Usage
CUST005643,0.4924,Support Escalations
CUST009935,0.4924,Low Usage
CUST010592,0.4924,Revenue Decline
CUST010623,0.4924,Contract Expiry
CUST003848,0.4923,Revenue Decline
CUST014261,0.4922,Contract Expiry
CUST000833,0.4921,Low Usage
CUST004551,0.4921,Support Escalations
CUST008463,0.4921,Low NPS
CUST005907,0.492,Revenue Decline
CUST007973,0.492,Revenue Decline
CUST012860,0.492,Low NPS
CUST009810,0.4918,Low NPS
CUST011715,0.4918,Low Usage
CUST013498,0.4917,Revenue Decline
CUST007938,0.4915,Support Escalations
CUST012194,0.4914,Revenue Decline
CUST006622,0.4913,Revenue Decline
CUST013994,0.4913,Support Escalations
CUST014872,0.4913,Low NPS
CUST001374,0.4911,Low Usage
CUST007058,0.4911,Low Usage
CUST005242,0.491,Contract Expiry
CUST005557,0.4909,Contract Expiry
CUST003545,0.4908,Low Usage
CUST013738,0.4908,Low Usage
CUST006934,0.4907,Support Escalations
CUST007088,0.4907,Support Escalations
CUST011551,0.4907,Revenue Decline
CUST014329,0.4907,Low NPS
CUST004092,0.4906,Contract Expiry
CUST007975,0.4906,Support Escalations
CUST009648,0.4906,Low Usage
CUST006102,0.4904,Revenue Decline
CUST014895,0.4903,Low Usage
CUST006922,0.4899,Support Escalations
CUST012264,0.4899,Low NPS
CUST013284,0.4899,Support Escalations
CUST002408,0.4898,Contract Expiry
CUST006560,0.4898,Low Usage
CUST000076,0.4897,Low Usage
CUST011607,0.4897,Revenue Decline
CUST014821,0.4897,Contract Expiry
CUST011150,0.4896,Contract Expiry
CUST001460,0.4895,Revenue Decline
CUST006312,0.4895,Low Usage
CUST009031,0.4895,Low NPS
CUST010703,0.4895,Support Escalations
CUST014066,0.4895,Low NPS
CUST008173,0.4893,Low NPS
CUST003255,0.4892,Revenue Decline
CUST001485,0.4891,Support Escalations
CUST007403,0.4891,Support Escalations
CUST012179,0.4891,Low NPS
CUST005583,0.489,Low Usage
CUST010434,0.4889,Low Usage
CUST014706,0.4889,Contract Expiry
CUST000316,0.4888,Support Escalations
CUST004189,0.4888,Revenue Decline
CUST013710,0.4888,Low NPS
CUST008188,0.4887,Low Usage
CUST000121,0.4886,Low Usage
CUST006847,0.4885,Revenue Decline
CUST014880,0.4883,Low Usage
CUST009794,0.4882,Low NPS
CUST011232,0.4882,Contract Expiry
CUST004861,0.4881,Contract Expiry
CUST012364,0.4881,Revenue Decline
CUST006964,0.4878,Revenue Decline
CUST007324,0.4878,Support Escalations
CUST008702,0.4878,Revenue Decline
CUST000613,0.4876,Support Escalations
CUST005483,0.4875,Low NPS
CUST000209,0.4874,Support Escalations
CUST009978,0.4874,Low Usage
CUST011861,0.4872,Contract Expiry
CUST000394,0.4871,Support Escalations
CUST014092,0.4871,Low Usage
CUST003089,0.487,Low NPS
CUST007243,0.487,Contract Expiry
CUST012581,0.4869,Support Escalations
CUST007524,0.4868,Low NPS
CUST012453,0.4868,Support Escalations
CUST008268,0.4867,Revenue Decline
CUST006220,0.4866,Low Usage
CUST007061,0.4864,Support Escalations
CUST009253,0.4864,Revenue Decline
CUST013000,0.4864,Low Usage
CUST003150,0.4862,Support Escalations
CUST010960,0.4862,Low NPS
CUST011959,0.4862,Revenue Decline
CUST012867,0.4861,Contract Expiry
CUST007929,0.486,Low Usage
CUST010530,0.486,Low Usage
CUST005829,0.4858,Revenue Decline
CUST001904,0.4857,Contract Expiry
CUST005753,0.4857,Low NPS
CUST008931,0.4857,Low Usage
CUST003207,0.4856,Low NPS
CUST004687,0.4856,Support Escalations
CUST009285,0.4855,Revenue Decline
CUST005633,0.4854,Low Usage
CUST007955,0.4854,Support Escalations
CUST012126,0.4854,Contract Expiry
CUST009708,0.4853,Contract Expiry
CUST000969,0.4852,Low Usage
CUST003065,0.4852,Revenue Decline
CUST007835,0.4851,Low NPS
CUST008061,0.4851,Revenue Decline
CUST009165,0.4851,Low Usage
CUST004090,0.485,Support Escalations
CUST010215,0.4849,Low NPS
CUST007278,0.4848,Revenue Decline
CUST009454,0.4848,Low Usage
CUST000325,0.4847,Support Escalations
CUST000357,0.4847,Low NPS
CUST009543,0.4847,Support Escalations
CUST001231,0.4846,Contract Expiry
CUST011044,0.4845,Low Usage
CUST005429,0.4844,Low NPS
CUST012989,0.4844,Low Usage
CUST008024,0.4842,Support Escalations
CUST014648,0.4842,Low Usage
CUST000328,0.4841,Low NPS
CUST001984,0.484,Low Usage
CUST014013,0.484,Contract Expiry
CUST006248,0.4839,Low Usage
CUST001601,0.4838,Low Usage
CUST005692,0.4838,Revenue Decline
CUST010636,0.4838,Low NPS
CUST010729,0.4837,Low Usage
CUST009571,0.4836,Contract Expiry
CUST013142,0.4836,Revenue Decline
CUST009340,0.4834,Support Escalations
CUST009699,0.4834,Low NPS
CUST007432,0.4833,Contract Expiry
CUST008704,0.4833,Contract Expiry
CUST010243,0.4833,Revenue Decline
CUST014864,0.4833,Low NPS
CUST000172,0.4832,Support Escalations
CUST003842,0.4832,Low Usage
CUST006471,0.4832,Support Escalations
CUST009719,0.4832,Contract Expiry
CUST010842,0.4832,Low NPS
CUST001159,0.4831,Contract Expiry
CUST002497,0.4831,Low Usage
CUST007730,0.4831,Contract Expiry
CUST014662,0.483,Support Escalations
CUST002377,0.4829,Support Escalations
CUST005189,0.4829,Revenue Decline
CUST006229,0.4829,Low Usage
CUST013087,0.4829,Contract Expiry
CUST011102,0.4828,Revenue Decline
CUST013773,0.4827,Contract Expiry
CUST002459,0.4826,Contract Expiry
CUST007044,0.4826,Low Usage
CUST010034,0.4824,Revenue Decline
CUST008654,0.4821,Contract Expiry
CUST005598,0.482,Revenue Decline
CUST008099,0.4819,Revenue Decline
CUST009287,0.4818,Support Escalations
CUST011957,0.4817,Low Usage
CUST002576,0.4816,Revenue Decline
CUST005836,0.4816,Support Escalations
CUST005258,0.4815,Low NPS
CUST006946,0.4815,Contract Expiry
CUST014605,0.4815,Low NPS
CUST004435,0.4814,Support Escalations
CUST005590,0.4813,Contract Expiry
CUST006696,0.4813,Contract Expiry
CUST000368,0.4812,Support Escalations
CUST004786,0.4812,Low Usage
CUST012543,0.4811,Revenue Decline
CUST012015,0.481,Contract Expiry
CUST008730,0.4809,Low Usage
CUST006073,0.4808,Revenue Decline
CUST008820,0.4808,Low NPS
CUST012382,0.4807,Contract Expiry
CUST000265,0.4806,Low NPS
CUST006399,0.4805,Low Usage
CUST011080,0.4804,Low NPS
CUST001399,0.4803,Low NPS
CUST000530,0.4802,Contract Expiry
CUST002974,0.4802,Contract Expiry
CUST002344,0.4801,Revenue Decline
CUST002160,0.48,Low Usage
CUST000514,0.4799,Contract Expiry
CUST003330,0.4799,Support Escalations
CUST001137,0.4798,Contract Expiry
CUST001665,0.4798,Support Escalations
CUST010448,0.4798,Contract Expiry
CUST012316,0.4798,Revenue Decline
CUST000550,0.4797,Contract Expiry
CUST006076,0.4797,Revenue Decline
CUST007039,0.4797,Low Usage
CUST002507,0.4796,Revenue Decline
CUST005401,0.4796,Contract Expiry
CUST013693,0.4796,Support Escalations
CUST014500,0.4795,Low Usage
CUST006988,0.4794,Low NPS
CUST006362,0.4792,Revenue Decline
CUST009931,0.4791,Contract Expiry
CUST009964,0.4791,Support Escalations
CUST010487,0.4791,Low Usage
CUST003083,0.479,Revenue Decline
CUST001008,0.4789,Low Usage
CUST008444,0.4789,Low NPS
CUST001829,0.4788,Revenue Decline
CUST002949,0.4788,Low Usage
CUST006951,0.4788,Low Usage
CUST003257,0.4786,Low NPS
CUST008848,0.4786,Support Escalations
CUST011954,0.4786,Low NPS
CUST001999,0.4785,Revenue Decline
CUST004538,0.4785,Low NPS
CUST013891,0.4785,Low Usage
CUST005572,0.4784,Low NPS
CUST003650,0.4783,Revenue Decline
CUST006083,0.4783,Support Escalations
CUST007389,0.4783,Contract Expiry
CUST004001,0.4782,Contract Expiry
CUST010021,0.4782,Contract Expiry
CUST001026,0.4781,Contract Expiry
CUST010267,0.4781,Contract Expiry
CUST014806,0.4781,Revenue Decline
CUST000457,0.478,Contract Expiry
CUST006953,0.478,Revenue Decline
CUST014253,0.478,Low NPS
CUST002040,0.4779,Contract Expiry
CUST001104,0.4778,Low Usage
CUST008360,0.4778,Contract Expiry
CUST010446,0.4778,Support Escalations
CUST004106,0.4777,Contract Expiry
CUST012490,0.4777,Low Usage
CUST010541,0.4774,Support Escalations
CUST001866,0.4773,Low Usage
CUST003805,0.4773,Support Escalations
CUST008391,0.4773,Contract Expiry
CUST008511,0.4773,Low NPS
CUST013861,0.4773,Low Usage
CUST002532,0.4772,Contract Expiry
CUST009073,0.4772,Support Escalations
CUST009672,0.4772,Support Escalations
CUST001739,0.4771,Contract Expiry
CUST005031,0.4771,Contract Expiry
CUST006244,0.4771,Low Usage
CUST002099,0.477,Low NPS
CUST007074,0.477,Revenue Decline
CUST007207,0.4767,Support Escalations
CUST013474,0.4767,Revenue Decline
CUST004823,0.4766,Low Usage
CUST009839,0.4766,Low NPS
CUST007201,0.4765,Contract Expiry
CUST004604,0.4763,Support Escalations
CUST009124,0.4762,Revenue Decline
CUST008335,0.4761,Support Escalations
CUST003087,0.476,Support Escalations
CUST010609,0.476,Support Escalations
CUST012645,0.4759,Low Usage
CUST001194,0.4756,Revenue Decline
CUST011946,0.4756,Low NPS
CUST005604,0.4753,Revenue Decline
CUST007998,0.4753,Low NPS
CUST011116,0.4753,Low NPS
CUST009438,0.4752,Support Escalations
CUST005391,0.4751,Low NPS
CUST014594,0.4751,Contract Expiry
CUST006620,0.475,Low NPS
CUST007285,0.4749,Support Escalations
CUST013300,0.4749,Low Usage
CUST001246,0.4748,Revenue Decline
CUST005091,0.4746,Revenue Decline
CUST009608,0.4746,Support Escalations
CUST004685,0.4745,Low NPS
CUST008804,0.4744,Revenue Decline
CUST011855,0.4743,Low Usage
CUST014698,0.4743,Low Usage
CUST014928,0.4742,Low NPS
CUST001434,0.4741,Support Escalations
CUST013539,0.4741,Low NPS
CUST004115,0.474,Support Escalations
CUST008512,0.4739,Contract Expiry
CUST010288,0.4739,Contract Expiry
CUST000682,0.4738,Support Escalations
CUST014216,0.4738,Low Usage
CUST008469,0.4737,Low NPS
CUST013565,0.4737,Support Escalations
CUST000692,0.4736,Revenue Decline
CUST001807,0.4736,Low Usage
CUST013403,0.4734,Revenue Decline
CUST013765,0.4734,Low Usage
CUST005160,0.4733,Low Usage
CUST007817,0.4732,Support Escalations
CUST011838,0.4732,Low NPS
CUST000475,0.4731,Low NPS
CUST003904,0.473,Low NPS
CUST005676,0.4728,Revenue Decline
CUST009759,0.4727,Revenue Decline
CUST013526,0.4725,Contract Expiry
CUST002280,0.4723,Contract Expiry
CUST002833,0.4723,Low NPS
CUST012762,0.4723,Low NPS
CUST003796,0.4721,Support Escalations
CUST014935,0.4721,Contract Expiry
CUST006656,0.472,Low Usage
CUST013575,0.4719,Support Escalations
CUST001607,0.4718,Revenue Decline
CUST003606,0.4718,Revenue Decline
CUST005340,0.4718,Support Escalations
CUST010617,0.4718,Support Escalations
CUST012208,0.4718,Revenue Decline
CUST002515,0.4716,Contract Expiry
CUST002621,0.4715,Low NPS
CUST014602,0.4715,Support Escalations
CUST001605,0.4714,Low Usage
CUST008131,0.4714,Revenue Decline
CUST011292,0.4714,Low NPS
CUST000246,0.4713,Low Usage
CUST004432,0.4713,Support Escalations
CUST005431,0.4713,Support Escalations
CUST008162,0.4713,Revenue Decline
CUST011153,0.4713,Revenue Decline
CUST000538,0.4712,Support Escalations
CUST008680,0.4712,Revenue Decline
CUST012433,0.4711,Revenue Decline
CUST002510,0.471,Revenue Decline
CUST004897,0.471,Low Usage
CUST007078,0.471,Low Usage
CUST000129,0.4709,Contract Expiry
CUST002458,0.4709,Low Usage
CUST005004,0.4709,Low Usage
CUST000046,0.4708,Low NPS
CUST006577,0.4708,Low Usage
CUST008829,0.4707,Low NPS
CUST009483,0.4707,Contract Expiry
CUST002419,0.4705,Contract Expiry
CUST009532,0.4705,Support Escalations
CUST005166,0.4704,Low NPS
CUST004200,0.4702,Low NPS
CUST009059,0.4702,Low Usage
CUST011942,0.4702,Low NPS
CUST002726,0.4701,Low Usage
CUST005482,0.4701,Contract Expiry
CUST013020,0.4701,Support Escalations
CUST008373,0.4699,Contract Expiry
CUST004507,0.4698,Low Usage
CUST013148,0.4698,Revenue Decline
CUST012137,0.4696,Low Usage
CUST010440,0.4695,Low NPS
CUST014303,0.4695,Low Usage
CUST001146,0.4694,Low Usage
CUST004451,0.4694,Support Escalations
CUST004927,0.4694,Contract Expiry
CUST000228,0.4693,Revenue Decline
CUST012492,0.4693,Low Usage
CUST009381,0.4691,Support Escalations
CUST011832,0.469,Low Usage
CUST010828,0.4689,Low NPS
CUST012691,0.4689,Contract Expiry
CUST008641,0.4688,Low NPS
CUST012073,0.4688,Revenue Decline
CUST014064,0.4688,Contract Expiry
CUST011920,0.4687,Contract Expiry
CUST002309,0.4686,Low Usage
CUST003404,0.4686,Contract Expiry
CUST003767,0.4686,Support Escalations
CUST010639,0.4684,Support Escalations
CUST011633,0.4684,Revenue Decline
CUST004558,0.4683,Low NPS
CUST008382,0.4683,Low Usage
CUST000331,0.468,Revenue Decline
CUST005484,0.468,Contract Expiry
CUST009564,0.4679,Low NPS
CUST008813,0.4678,Support Escalations
CUST011278,0.4678,Contract Expiry
CUST000421,0.4676,Low NPS
CUST009656,0.4675,Support Escalations
CUST004181,0.4674,Support Escalations
CUST005192,0.4674,Contract Expiry
CUST005817,0.4674,Low Usage
CUST014863,0.4674,Low NPS
CUST000801,0.4673,Contract Expiry
CUST014139,0.4673,Low NPS
CUST005640,0.4672,Support Escalations
CUST010717,0.4672,Low Usage
CUST006479,0.4671,Low NPS
CUST008784,0.4671,Support Escalations
CUST001516,0.467,Low NPS
CUST008481,0.467,Support Escalations
CUST006925,0.4668,Contract Expiry
CUST003226,0.4667,Support Escalations
CUST004629,0.4667,Low Usage
CUST007924,0.4667,Low Usage
CUST010519,0.4664,Revenue Decline
CUST013313,0.4663,Support Escalations
CUST008178,0.4662,Contract Expiry
CUST009712,0.4662,Low NPS
CUST011259,0.4662,Low Usage
CUST003041,0.466,Low NPS
CUST007623,0.466,Low NPS
CUST000097,0.4659,Low Usage
CUST002506,0.4659,Support Escalations
CUST008534,0.4658,Revenue Decline
CUST004340,0.4656,Low Usage
CUST004991,0.4656,Support Escalations
CUST014394,0.4656,Revenue Decline
CUST008924,0.4654,Support Escalations
CUST009281,0.4654,Contract Expiry
CUST009424,0.4654,Low NPS
CUST013430,0.4654,Contract Expiry
CUST002397,0.4653,Support Escalations
CUST002581,0.4653,Contract Expiry
CUST004954,0.4652,Contract Expiry
CUST011601,0.4651,Revenue Decline
CUST003583,0.4649,Low Usage
CUST008632,0.4649,Low NPS
CUST011162,0.4649,Revenue Decline
CUST003206,0.4648,Contract Expiry
CUST005355,0.4648,Revenue Decline
CUST004456,0.4647,Support Escalations
CUST000519,0.4646,Support Escalations
CUST001738,0.4646,Low Usage
CUST004471,0.4644,Support Escalations
CUST000763,0.4643,Support Escalations
CUST002331,0.4643,Low Usage
CUST008055,0.4643,Low NPS
CUST013434,0.4643,Contract Expiry
CUST001121,0.4642,Contract Expiry
CUST006253,0.4642,Low Usage
CUST006585,0.4639,Support Escalations
CUST001367,0.4638,Revenue Decline
CUST003516,0.4638,Low Usage
CUST010252,0.4638,Support Escalations
CUST006404,0.4637,Low NPS
CUST007385,0.4637,Low Usage
CUST011862,0.4637,Contract Expiry
CUST014451,0.4637,Contract Expiry
CUST012550,0.4635,Support Escalations
CUST001646,0.4634,Low Usage
CUST007906,0.4633,Contract Expiry
CUST005089,0.4632,Contract Expiry
CUST010657,0.4632,Low Usage
CUST013381,0.4632,Low NPS
CUST014643,0.4628,Low Usage
CUST000777,0.4627,Support Escalations
CUST009113,0.4627,Low NPS
CUST010756,0.4627,Support Escalations
CUST000606,0.4626,Support Escalations
CUST001235,0.4626,Low Usage
CUST010873,0.4626,Low Usage
CUST005224,0.4625,Revenue Decline
CUST000372,0.4624,Contract Expiry
CUST000406,0.4623,Revenue Decline
CUST008555,0.4623,Revenue Decline
CUST009587,0.4623,Revenue Decline
CUST014302,0.4623,Low Usage
CUST004152,0.4621,Low Usage
CUST005020,0.4621,Revenue Decline
CUST011036,0.4621,Contract Expiry
CUST007912,0.462,Low NPS
CUST000998,0.4619,Low NPS
CUST004203,0.4619,Support Escalations
CUST003387,0.4618,Revenue Decline
CUST006912,0.4618,Support Escalations
CUST008414,0.4618,Contract Expiry
CUST012042,0.4618,Low NPS
CUST008260,0.4615,Support Escalations
CUST006447,0.4614,Revenue Decline
CUST013149,0.4614,Contract Expiry
CUST003017,0.4613,Low Usage
CUST004521,0.4613,Support Escalations
CUST001567,0.4612,Contract Expiry
CUST002166,0.4611,Low NPS
CUST007161,0.461,Contract Expiry
CUST003535,0.4608,Low Usage
CUST010018,0.4608,Revenue Decline
CUST013634,0.4608,Support Escalations
CUST011727,0.4607,Contract Expiry
CUST013119,0.4607,Contract Expiry
CUST004339,0.4605,Support Escalations
CUST006306,0.4605,Low Usage
CUST011529,0.4605,Low Usage
CUST001155,0.4603,Revenue Decline
CUST013006,0.4601,Support Escalations
CUST014434,0.4601,Low Usage
CUST011596,0.46,Support Escalations
CUST000093,0.4599,Low NPS
CUST003826,0.4599,Low NPS
CUST014115,0.4598,Low NPS
CUST003721,0.4596,Revenue Decline
CUST008166,0.4596,Contract Expiry
CUST009706,0.4595,Revenue Decline
CUST003471,0.4594,Low Usage
CUST008065,0.4594,Contract Expiry
CUST013178,0.4594,Revenue Decline
CUST012812,0.4593,Low NPS
CUST002650,0.4592,Revenue Decline
CUST006341,0.4592,Low Usage
CUST009367,0.4592,Contract Expiry
CUST011629,0.4592,Low Usage
CUST004947,0.4591,Contract Expiry
CUST006575,0.459,Support Escalations
CUST007849,0.459,Revenue Decline
CUST010753,0.459,Low Usage
CUST011386,0.459,Revenue Decline
CUST012428,0.459,Low NPS
CUST004347,0.4588,Support Escalations
CUST006773,0.4588,Support Escalations
CUST001423,0.4587,Revenue Decline
CUST003173,0.4586,Revenue Decline
CUST007919,0.4586,Low Usage
CUST008619,0.4586,Low NPS
CUST012084,0.4586,Contract Expiry
CUST002392,0.4585,Support Escalations
CUST004631,0.4584,Contract Expiry
CUST001745,0.458,Low Usage
CUST005389,0.458,Revenue Decline
CUST001760,0.4577,Support Escalations
CUST003169,0.4577,Contract Expiry
CUST004536,0.4577,Low Usage
CUST010226,0.4577,Contract Expiry
CUST007168,0.4576,Revenue Decline
CUST003248,0.4575,Low Usage
CUST010188,0.4574,Contract Expiry
CUST012312,0.4571,Revenue Decline
CUST011479,0.457,Low Usage
CUST006108,0.4569,Support Escalations
CUST012758,0.4569,Revenue Decline
CUST004548,0.4567,Revenue Decline
CUST011919,0.4567,Support Escalations
CUST014788,0.4567,Support Escalations
CUST007378,0.4566,Support Escalations
CUST007495,0.4565,Low NPS
CUST009925,0.4565,Low NPS
CUST013307,0.4565,Low Usage
CUST014719,0.4565,Low NPS
CUST011525,0.4564,Contract Expiry
CUST007312,0.4563,Support Escalations
CUST001085,0.4561,Support Escalations
CUST004662,0.4561,Support Escalations
CUST005245,0.4561,Low NPS
CUST007636,0.4561,Low Usage
CUST012757,0.456,Revenue Decline
CUST007442,0.4559,Contract Expiry
CUST001651,0.4558,Support Escalations
CUST004914,0.4558,Support Escalations
CUST012008,0.4557,Support Escalations
CUST000308,0.4555,Support Escalations
CUST005207,0.4555,Contract Expiry
CUST009684,0.4555,Low Usage
CUST011933,0.4555,Revenue Decline
CUST005731,0.4554,Low NPS
CUST009519,0.4554,Low NPS
CUST010478,0.4553,Contract Expiry
CUST013096,0.4553,Low Usage
CUST014183,0.4553,Contract Expiry
CUST003295,0.4552,Low Usage
CUST008570,0.4552,Contract Expiry
CUST013623,0.4552,Revenue Decline
CUST013520,0.4551,Low NPS
CUST001661,0.4549,Revenue Decline
CUST006219,0.4549,Revenue Decline
CUST011443,0.4549,Low Usage
CUST005545,0.4548,Low NPS
CUST011027,0.4548,Low Usage
CUST002189,0.4547,Contract Expiry
CUST004201,0.4546,Contract Expiry
CUST002163,0.4544,Support Escalations
CUST007949,0.4543,Support Escalations
CUST014263,0.4543,Support Escalations
CUST002136,0.4542,Contract Expiry
CUST014314,0.4542,Low NPS
CUST000075,0.4541,Low Usage
CUST002009,0.4541,Low Usage
CUST005476,0.4538,Contract Expiry
CUST000868,0.4537,Revenue Decline
CUST007860,0.4537,Low NPS
CUST005966,0.4535,Revenue Decline
CUST010365,0.4535,Support Escalations
CUST001994,0.4534,Revenue Decline
CUST005466,0.4534,Low Usage
CUST012747,0.4534,Contract Expiry
CUST011560,0.4533,Low Usage
CUST005057,0.4532,Support Escalations
CUST007655,0.4532,Low NPS
CUST001746,0.4531,Support Escalations
CUST002580,0.4531,Low NPS
CUST007472,0.4531,Low Usage
CUST007537,0.4531,Low Usage
CUST008519,0.4531,Revenue Decline
CUST012712,0.4531,Low NPS
CUST003808,0.453,Support Escalations
CUST001892,0.4529,Support Escalations
CUST006703,0.4529,Low Usage
CUST014516,0.4529,Revenue Decline
CUST007359,0.4527,Low Usage
CUST014949,0.4527,Revenue Decline
CUST007360,0.4526,Contract Expiry
CUST007245,0.4525,Support Escalations
CUST011595,0.4525,Revenue Decline
CUST008204,0.4524,Low Usage
CUST002036,0.4523,Support Escalations
CUST011368,0.4523,Low NPS
CUST012447,0.4523,Support Escalations
CUST004865,0.4522,Support Escalations
CUST005375,0.4522,Low NPS
CUST014667,0.4522,Low NPS
CUST008483,0.4521,Low NPS
CUST012865,0.4521,Support Escalations
CUST008677,0.452,Revenue Decline
CUST003443,0.4519,Low Usage
CUST004837,0.4519,Low Usage
CUST004844,0.4519,Revenue Decline
CUST013823,0.4519,Low NPS
CUST011793,0.4518,Support Escalations
CUST014837,0.4518,Support Escalations
CUST006891,0.4516,Low Usage
CUST014936,0.4516,Low NPS
CUST007309,0.4515,Revenue Decline
CUST009305,0.4515,Low NPS
CUST010345,0.4515,Revenue Decline
CUST011132,0.4515,Low NPS
CUST002622,0.4514,Revenue Decline
CUST012647,0.4514,Support Escalations
CUST002734,0.4513,Revenue Decline
CUST004705,0.4513,Low Usage
CUST013537,0.4513,Contract Expiry
CUST009326,0.4512,Revenue Decline
CUST012202,0.4512,Revenue Decline
CUST005927,0.4511,Contract Expiry
CUST005500,0.451,Contract Expiry
CUST011523,0.451,Low Usage
CUST013423,0.451,Contract Expiry
CUST002261,0.4509,Low NPS
CUST006856,0.4509,Contract Expiry
CUST013991,0.4508,Contract Expiry
CUST003231,0.4507,Support Escalations
CUST013708,0.4506,Support Escalations
CUST009600,0.4505,Contract Expiry
CUST002737,0.4504,Low NPS
CUST003233,0.4504,Support Escalations
CUST009552,0.4503,Contract Expiry
CUST010843,0.4503,Low Usage
CUST007732,0.4502,Support Escalations
CUST008002,0.4502,Revenue Decline
CUST002531,0.45,Contract Expiry
CUST006517,0.4498,Support Escalations
CUST006532,0.4498,Revenue Decline
CUST008114,0.4497,Contract Expiry
CUST013356,0.4497,Contract Expiry
CUST006118,0.4496,Support Escalations
CUST008374,0.4496,Low Usage
CUST011657,0.4496,Low Usage
CUST013682,0.4496,Low NPS
CUST008372,0.4494,Support Escalations
CUST006552,0.4492,Low NPS
CUST010572,0.4491,Low Usage
CUST011303,0.4491,Low Usage
CUST014391,0.4491,Support Escalations
CUST004146,0.449,Low NPS
CUST011747,0.449,Revenue Decline
CUST003684,0.4489,Low Usage
CUST003338,0.4488,Low NPS
CUST013630,0.4487,Low NPS
CUST000026,0.4485,Low Usage
CUST001796,0.4484,Revenue Decline
CUST012105,0.4484,Revenue Decline
CUST004303,0.4482,Low NPS
CUST014722,0.4482,Contract Expiry
CUST002860,0.4481,Contract Expiry
CUST007430,0.4481,Revenue Decline
CUST009231,0.4481,Low Usage
CUST005128,0.4479,Revenue Decline
CUST009604,0.4479,Contract Expiry
CUST000765,0.4478,Low NPS
CUST007529,0.4478,Low NPS
CUST001173,0.4477,Low Usage
CUST009715,0.4477,Support Escalations
CUST014576,0.4477,Contract Expiry
CUST002114,0.4476,Low Usage
CUST004553,0.4476,Low Usage
CUST005287,0.4476,Low Usage
CUST014572,0.4476,Support Escalations
CUST000965,0.4474,Contract Expiry
CUST001003,0.4474,Revenue Decline
CUST007974,0.4474,Support Escalations
CUST008192,0.4474,Low NPS
CUST000414,0.4473,Support Escalations
CUST003361,0.4473,Contract Expiry
CUST007137,0.4473,Revenue Decline
CUST007811,0.4473,Revenue Decline
CUST007969,0.4473,Low NPS
CUST014318,0.4473,Low NPS
CUST005602,0.4472,Low NPS
CUST007852,0.4472,Revenue Decline
CUST012401,0.4472,Low Usage
CUST004665,0.4471,Support Escalations
CUST010959,0.4471,Contract Expiry
CUST004271,0.447,Low NPS
CUST011103,0.447,Revenue Decline
CUST011207,0.447,Support Escalations
CUST014440,0.447,Low Usage
CUST013306,0.4469,Contract Expiry
CUST006960,0.4468,Low Usage
CUST002410,0.4467,Low NPS
CUST009793,0.4465,Revenue Decline
CUST000071,0.4464,Revenue Decline
CUST008033,0.4464,Low NPS
CUST000038,0.4463,Low NPS
CUST011605,0.4463,Support Escalations
CUST003559,0.4462,Low Usage
CUST009089,0.4462,Support Escalations
CUST014293,0.446,Low NPS
CUST014870,0.4459,Contract Expiry
CUST009634,0.4458,Contract Expiry
CUST002690,0.4457,Revenue Decline
CUST004500,0.4457,Revenue Decline
CUST007367,0.4457,Low NPS
CUST009120,0.4457,Contract Expiry
CUST011940,0.4457,Low NPS
CUST001016,0.4456,Contract Expiry
CUST005399,0.4456,Revenue Decline
CUST007369,0.4456,Revenue Decline
CUST013032,0.4455,Revenue Decline
CUST003354,0.4454,Support Escalations
CUST008097,0.4454,Revenue Decline
CUST010193,0.4454,Low Usage
CUST002618,0.4452,Low NPS
CUST009386,0.4452,Low NPS
CUST004338,0.4451,Low NPS
CUST006658,0.4451,Low Usage
CUST008550,0.4451,Contract Expiry
CUST010640,0.4451,Revenue Decline
CUST014373,0.4451,Contract Expiry
CUST003719,0.445,Low NPS
CUST011133,0.445,Low NPS
CUST014100,0.445,Low Usage
CUST003061,0.4448,Revenue Decline
CUST003969,0.4448,Support Escalations
CUST001648,0.4447,Low NPS
CUST013351,0.4446,Revenue Decline
CUST003575,0.4445,Support Escalations
CUST014578,0.4445,Low Usage
CUST002803,0.4444,Revenue Decline
CUST009635,0.4443,Contract Expiry
CUST007824,0.4441,Low NPS
CUST008789,0.4441,Low Usage
CUST012053,0.4441,Revenue Decline
CUST014923,0.444,Contract Expiry
CUST005984,0.4439,Revenue Decline
CUST011936,0.4439,Low NPS
CUST014120,0.4439,Revenue Decline
CUST014138,0.4439,Contract Expiry
CUST013874,0.4438,Support Escalations
CUST009222,0.4437,Low Usage
CUST005469,0.4436,Support Escalations
CUST000127,0.4435,Revenue Decline
CUST006959,0.4435,Contract Expiry
CUST000055,0.4434,Contract Expiry
CUST014154,0.4434,Contract Expiry
CUST010781,0.4433,Support Escalations
CUST003940,0.4431,Low NPS
CUST014334,0.4431,Support Escalations
CUST014443,0.4431,Low Usage
CUST002778,0.443,Low Usage
CUST011156,0.443,Contract Expiry
CUST007904,0.4429,Revenue Decline
CUST010537,0.4429,Low Usage
CUST008456,0.4428,Low Usage
CUST008835,0.4428,Low Usage
CUST010190,0.4427,Low NPS
CUST014793,0.4427,Support Escalations
CUST005377,0.4425,Low Usage
CUST012142,0.4425,Support Escalations
CUST002004,0.4422,Low NPS
CUST006075,0.4422,Low NPS
CUST007894,0.4422,Support Escalations
CUST009405,0.4422,Contract Expiry
CUST013979,0.4422,Low NPS
CUST006576,0.4419,Low Usage
CUST013104,0.4419,Low NPS
CUST011328,0.4416,Support Escalations
CUST014627,0.4416,Low Usage
CUST005310,0.4414,Contract Expiry
CUST007340,0.4414,Low NPS
CUST011109,0.4412,Low Usage
CUST000313,0.4411,Support Escalations
CUST007707,0.4411,Low Usage
CUST004717,0.441,Contract Expiry
CUST004867,0.441,Support Escalations
CUST012470,0.441,Contract Expiry
CUST014469,0.441,Low Usage
CUST009139,0.4409,Low NPS
CUST013155,0.4408,Contract Expiry
CUST011512,0.4407,Contract Expiry
CUST013766,0.4407,Support Escalations
CUST004365,0.4406,Low NPS
CUST008796,0.4406,Low NPS
CUST008844,0.4406,Contract Expiry
CUST001627,0.4405,Revenue Decline
CUST001692,0.4405,Revenue Decline
CUST004222,0.4403,Contract Expiry
CUST008129,0.4403,Low Usage
CUST008880,0.4403,Contract Expiry
CUST014325,0.4403,Support Escalations
CUST007765,0.4402,Revenue Decline
CUST008261,0.4402,Contract Expiry
CUST009466,0.4402,Low NPS
CUST011737,0.4402,Low NPS
CUST013463,0.4402,Contract Expiry
CUST013642,0.4401,Contract Expiry
CUST003881,0.44,Support Escalations
CUST005141,0.44,Revenue Decline
CUST014040,0.4399,Revenue Decline
CUST000734,0.4398,Revenue Decline
CUST000921,0.4396,Contract Expiry
CUST005059,0.4396,Low Usage
CUST007659,0.4396,Support Escalations
CUST000383,0.4395,Contract Expiry
CUST010937,0.4394,Revenue Decline
CUST007049,0.4393,Contract Expiry
CUST002132,0.4392,Support Escalations
CUST010891,0.4391,Contract Expiry
CUST011222,0.439,Low Usage
CUST013025,0.439,Low NPS
CUST002569,0.4388,Low Usage
CUST009202,0.4386,Contract Expiry
CUST009208,0.4386,Low Usage
CUST004266,0.4385,Support Escalations
CUST013743,0.4385,Support Escalations
CUST012206,0.4384,Revenue Decline
CUST014866,0.4384,Low Usage
CUST008347,0.4383,Low NPS
CUST000193,0.4382,Contract Expiry
CUST001233,0.4382,Low NPS
CUST008014,0.4381,Contract Expiry
CUST010958,0.4381,Contract Expiry
CUST004407,0.438,Contract Expiry
CUST007536,0.438,Support Escalations
CUST007251,0.4379,Support Escalations
CUST004176,0.4378,Low Usage
CUST001997,0.4377,Support Escalations
CUST005707,0.4377,Revenue Decline
CUST014714,0.4377,Revenue Decline
CUST001117,0.4376,Revenue Decline
CUST007043,0.4376,Low NPS
CUST005215,0.4375,Low Usage
CUST009789,0.4375,Contract Expiry
CUST001190,0.4374,Low Usage
CUST009130,0.4373,Contract Expiry
CUST009229,0.4373,Revenue Decline
CUST002698,0.4372,Support Escalations
CUST008032,0.4372,Low NPS
CUST008140,0.4372,Support Escalations
CUST009250,0.4372,Revenue Decline
CUST005027,0.4371,Contract Expiry
CUST006255,0.437,Contract Expiry
CUST009108,0.437,Revenue Decline
CUST013805,0.437,Revenue Decline
CUST013842,0.437,Low NPS
CUST014240,0.437,Low Usage
CUST008030,0.4369,Contract Expiry
CUST009387,0.4369,Revenue Decline
CUST014034,0.4369,Low NPS
CUST009731,0.4368,Revenue Decline
CUST009756,0.4368,Support Escalations
CUST014577,0.4368,Low Usage
CUST002133,0.4367,Low NPS
CUST010651,0.4367,Support Escalations
CUST006097,0.4365,Low Usage
CUST007520,0.4365,Low Usage
CUST014396,0.4365,Low Usage
CUST010922,0.4363,Contract Expiry
CUST011062,0.4363,Low NPS
CUST011904,0.4363,Low Usage
CUST014772,0.4363,Revenue Decline
CUST003905,0.4362,Revenue Decline
CUST005065,0.4362,Contract Expiry
CUST010625,0.4361,Revenue Decline
CUST013679,0.4361,Contract Expiry
CUST003019,0.436,Revenue Decline
CUST012449,0.436,Revenue Decline
CUST000018,0.4359,Low Usage
CUST005434,0.4359,Low NPS
CUST008827,0.4359,Low NPS
CUST004714,0.4356,Low Usage
CUST007583,0.4355,Contract Expiry
CUST009111,0.4355,Revenue Decline
CUST003035,0.4354,Contract Expiry
CUST009950,0.4354,Revenue Decline
CUST005369,0.4353,Revenue Decline
CUST007533,0.4352,Support Escalations
CUST010008,0.4352,Low Usage
CUST014655,0.4351,Low NPS
CUST005850,0.435,Revenue Decline
CUST010919,0.435,Low NPS
CUST004067,0.4349,Revenue Decline
CUST012431,0.4347,Revenue Decline
CUST002191,0.4345,Contract Expiry
CUST013241,0.4345,Low NPS
CUST008416,0.4343,Support Escalations
CUST011689,0.4343,Low NPS
CUST001789,0.4341,Revenue Decline
CUST002086,0.4341,Support Escalations
CUST006142,0.4341,Support Escalations
CUST011324,0.4341,Low Usage
CUST011204,0.4339,Low NPS
CUST001875,0.4337,Support Escalations
CUST014189,0.4337,Low Usage
CUST001212,0.4336,Low NPS
CUST005263,0.4336,Low NPS
CUST005632,0.4335,Support Escalations
CUST011585,0.4335,Low Usage
CUST002002,0.4334,Support Escalations
CUST002034,0.4334,Revenue Decline
CUST004187,0.4334,Low NPS
CUST004434,0.4334,Support Escalations
CUST005852,0.4333,Support Escalations
CUST007599,0.4333,Support Escalations
CUST014026,0.4333,Support Escalations
CUST007123,0.4332,Low NPS
CUST013448,0.4332,Low Usage
CUST005294,0.4331,Low Usage
CUST010289,0.4331,Low NPS
CUST007972,0.433,Low Usage
CUST000088,0.4329,Low NPS
CUST014522,0.4329,Revenue Decline
CUST007945,0.4328,Support Escalations
CUST010291,0.4328,Contract Expiry
CUST006739,0.4327,Contract Expiry
CUST000280,0.4326,Low Usage
CUST004477,0.4326,Revenue Decline
CUST008515,0.4326,Contract Expiry
CUST010482,0.4326,Low NPS
CUST011846,0.4325,Revenue Decline
CUST003025,0.4324,Low Usage
CUST004973,0.4324,Support Escalations
CUST009064,0.4324,Support Escalations
CUST002512,0.4322,Support Escalations
CUST001175,0.4321,Low Usage
CUST006486,0.432,Revenue Decline
CUST007004,0.432,Support Escalations
CUST004053,0.4319,Contract Expiry
CUST010548,0.4318,Low NPS
CUST002123,0.4316,Low NPS
CUST003579,0.4316,Contract Expiry
CUST008795,0.4316,Support Escalations
CUST002679,0.4315,Contract Expiry
CUST011845,0.4315,Low NPS
CUST003745,0.4313,Low NPS
CUST006969,0.4313,Low NPS
CUST010191,0.4313,Low Usage
CUST011534,0.4313,Low Usage
CUST003930,0.4312,Low NPS
CUST011035,0.4312,Low Usage
CUST011387,0.4311,Low Usage
CUST002076,0.4309,Low Usage
CUST007339,0.4309,Contract Expiry
CUST013491,0.4309,Revenue Decline
CUST006123,0.4307,Revenue Decline
CUST013091,0.4306,Low Usage
CUST014196,0.4306,Support Escalations
CUST006689,0.4305,Revenue Decline
CUST008271,0.4305,Low Usage
CUST002255,0.4304,Contract Expiry
CUST002682,0.4304,Low Usage
CUST007884,0.4304,Revenue Decline
CUST000045,0.4302,Revenue Decline
CUST014705,0.4302,Low NPS
CUST010357,0.4301,Low Usage
CUST011866,0.43,Contract Expiry
CUST006066,0.4299,Support Escalations
CUST005125,0.4298,Revenue Decline
CUST013624,0.4297,Revenue Decline
CUST000757,0.4295,Support Escalations
CUST002152,0.4295,Low Usage
CUST007555,0.4295,Low Usage
CUST011966,0.4295,Low Usage
CUST012046,0.4295,Revenue Decline
CUST005255,0.4294,Revenue Decline
CUST010476,0.4294,Low Usage
CUST000306,0.4293,Support Escalations
CUST002635,0.4293,Low NPS
CUST011112,0.4293,Low NPS
CUST011971,0.4293,Low NPS
CUST004111,0.429,Contract Expiry
CUST008843,0.429,Revenue Decline
CUST001989,0.4289,Revenue Decline
CUST006317,0.4289,Low NPS
CUST007915,0.4289,Revenue Decline
CUST009811,0.4289,Low NPS
CUST011741,0.4289,Low Usage
CUST002480,0.4288,Low NPS
CUST002938,0.4286,Revenue Decline
CUST014127,0.4286,Low Usage
CUST001841,0.4285,Support Escalations
CUST003272,0.4285,Support Escalations
CUST007221,0.4285,Revenue Decline
CUST007454,0.4285,Support Escalations
CUST000683,0.4284,Revenue Decline
CUST013980,0.4282,Support Escalations
CUST014166,0.4282,Low NPS
CUST002663,0.4281,Contract Expiry
CUST010117,0.4281,Low Usage
CUST011925,0.4281,Support Escalations
CUST006652,0.428,Contract Expiry
CUST009840,0.428,Low Usage
CUST011892,0.428,Contract Expiry
CUST003028,0.4278,Contract Expiry
CUST004003,0.4278,Revenue Decline
CUST005982,0.4278,Low NPS
CUST008529,0.4278,Low NPS
CUST005610,0.4277,Revenue Decline
CUST005180,0.4276,Contract Expiry
CUST010698,0.4276,Contract Expiry
CUST006457,0.4275,Low Usage
CUST001052,0.4274,Low Usage
CUST003145,0.4274,Contract Expiry
CUST014284,0.4274,Low NPS
CUST000015,0.427,Revenue Decline
CUST002357,0.427,Contract Expiry
CUST004470,0.427,Low NPS
CUST007098,0.427,Contract Expiry
CUST012196,0.427,Low NPS
CUST013872,0.427,Revenue Decline
CUST014270,0.427,Support Escalations
CUST014448,0.427,Support Escalations
CUST002482,0.4269,Low Usage
CUST006848,0.4269,Low Usage
CUST014542,0.4269,Low Usage
CUST008865,0.4268,Low NPS
CUST000838,0.4267,Support Escalations
CUST004956,0.4267,Contract Expiry
CUST002291,0.4266,Contract Expiry
CUST003143,0.4266,Low Usage
CUST013517,0.4265,Low Usage
CUST006203,0.4263,Support Escalations
CUST009043,0.4262,Support Escalations
CUST000929,0.4261,Low Usage
CUST003251,0.4261,Low Usage
CUST003759,0.4261,Revenue Decline
CUST005649,0.4261,Low NPS
CUST009485,0.4261,Revenue Decline
CUST009313,0.4259,Revenue Decline
CUST000384,0.4257,Support Escalations
CUST002174,0.4257,Low Usage
CUST007218,0.4257,Low Usage
CUST010516,0.4257,Support Escalations
CUST010358,0.4256,Support Escalations
CUST004392,0.4254,Contract Expiry
CUST004430,0.4253,Low NPS
CUST005595,0.4252,Low NPS
CUST000266,0.4249,Contract Expiry
CUST013658,0.4249,Low Usage
CUST001053,0.4248,Low Usage
CUST000390,0.4247,Low Usage
CUST003782,0.4247,Contract Expiry
CUST013806,0.4247,Contract Expiry
CUST006252,0.4246,Revenue Decline
CUST012589,0.4245,Low Usage
CUST013502,0.4244,Revenue Decline
CUST004912,0.4243,Low NPS
CUST008027,0.4243,Low NPS
CUST001215,0.4242,Revenue Decline
CUST005269,0.4242,Low NPS
CUST009490,0.4241,Low NPS
CUST010453,0.424,Support Escalations
CUST008969,0.4239,Low NPS
CUST009857,0.4236,Low NPS
CUST000842,0.4234,Revenue Decline
CUST001688,0.4234,Contract Expiry
CUST001228,0.4233,Contract Expiry
CUST006679,0.4233,Revenue Decline
CUST011402,0.4233,Low Usage
CUST002555,0.4232,Support Escalations
CUST009000,0.4232,Revenue Decline
CUST009176,0.4229,Support Escalations
CUST010853,0.4229,Low Usage
CUST005010,0.4228,Low Usage
CUST007480,0.4228,Low NPS
CUST013983,0.4228,Support Escalations
CUST000263,0.4227,Low NPS
CUST006035,0.4227,Contract Expiry
CUST010953,0.4226,Low NPS
CUST000668,0.4225,Support Escalations
CUST010624,0.4225,Low Usage
CUST014610,0.4225,Low NPS
CUST002394,0.4224,Support Escalations
CUST003444,0.4224,Revenue Decline
CUST005965,0.4224,Low Usage
CUST002738,0.4223,Low NPS
CUST003680,0.4223,Revenue Decline
CUST004364,0.4223,Support Escalations
CUST010147,0.4223,Low NPS
CUST011782,0.4223,Low Usage
CUST014899,0.4223,Low NPS
CUST009329,0.4222,Support Escalations
CUST008808,0.4221,Low Usage
CUST011248,0.4221,Support Escalations
CUST003161,0.422,Revenue Decline
CUST009363,0.422,Support Escalations
CUST010586,0.422,Contract Expiry
CUST013153,0.422,Revenue Decline
CUST000304,0.4219,Revenue Decline
CUST003554,0.4218,Revenue Decline
CUST007477,0.4218,Low NPS
CUST003187,0.4217,Low NPS
CUST009717,0.4215,Low NPS
CUST012528,0.4215,Revenue Decline
CUST003568,0.4214,Contract Expiry
CUST010469,0.4214,Contract Expiry
CUST013283,0.4214,Low Usage
CUST007009,0.4211,Revenue Decline
CUST008878,0.4211,Contract Expiry
CUST002887,0.4209,Low NPS
CUST013256,0.4208,Support Escalations
CUST013317,0.4208,Low NPS
CUST001281,0.4207,Contract Expiry
CUST006618,0.4207,Contract Expiry
CUST014670,0.4207,Support Escalations
CUST003246,0.4206,Contract Expiry
CUST010279,0.4205,Contract Expiry
CUST001890,0.4204,Revenue Decline
CUST003484,0.4204,Low NPS
CUST014207,0.4204,Contract Expiry
CUST009570,0.4203,Low NPS
CUST007605,0.4202,Support Escalations
CUST002372,0.4201,Revenue Decline
CUST006387,0.4201,Low NPS
CUST003195,0.42,Low Usage
CUST000375,0.4199,Support Escalations
CUST008659,0.4199,Support Escalations
CUST010492,0.4199,Contract Expiry
CUST007307,0.4198,Low Usage
CUST011890,0.4198,Support Escalations
CUST006442,0.4196,Contract Expiry
CUST010174,0.4196,Contract Expiry
CUST009368,0.4194,Low Usage
CUST009494,0.4193,Revenue Decline
CUST006474,0.4192,Revenue Decline
CUST011251,0.4192,Low NPS
CUST011834,0.4192,Low Usage
CUST011475,0.4191,Low Usage
CUST008816,0.419,Low Usage
CUST008889,0.419,Contract Expiry
CUST009548,0.4189,Low NPS
CUST014041,0.4189,Low Usage
CUST001753,0.4188,Contract Expiry
CUST001935,0.4188,Contract Expiry
CUST002197,0.4188,Support Escalations
CUST006427,0.4188,Support Escalations
CUST009080,0.4188,Revenue Decline
CUST010127,0.4188,Revenue Decline
CUST011787,0.4188,Revenue Decline
CUST000864,0.4187,Support Escalations
CUST005209,0.4185,Support Escalations
CUST014615,0.4185,Support Escalations
CUST000233,0.4184,Contract Expiry
CUST010927,0.4183,Revenue Decline
CUST000004,0.4182,Support Escalations
CUST001378,0.4182,Low Usage
CUST002037,0.4182,Low Usage
CUST004890,0.4182,Low NPS
CUST009349,0.4182,Contract Expiry
CUST013542,0.4182,Low Usage
CUST006748,0.418,Low NPS
CUST011857,0.418,Low NPS
CUST013187,0.418,Low Usage
CUST002312,0.4179,Low Usage
CUST010823,0.4179,Contract Expiry
CUST005642,0.4178,Low NPS
CUST013803,0.4178,Contract Expiry
CUST005674,0.4176,Support Escalations
CUST009912,0.4176,Revenue Decline
CUST014367,0.4176,Low NPS
CUST007149,0.4174,Support Escalations
CUST007910,0.4174,Low NPS
CUST003147,0.4173,Low NPS
CUST005991,0.4172,Contract Expiry
CUST007355,0.4172,Low NPS
CUST013019,0.4172,Low Usage
CUST002341,0.4171,Support Escalations
CUST008329,0.417,Support Escalations
CUST010093,0.417,Revenue Decline
CUST013008,0.4169,Low Usage
CUST000766,0.4168,Contract Expiry
CUST005785,0.4168,Contract Expiry
CUST009429,0.4168,Contract Expiry
CUST012369,0.4168,Low Usage
CUST010941,0.4167,Support Escalations
CUST013587,0.4166,Low Usage
CUST002708,0.4165,Support Escalations
CUST007571,0.4164,Low NPS
CUST012416,0.4164,Contract Expiry
CUST006254,0.4161,Support Escalations
CUST010858,0.4161,Revenue Decline
CUST012432,0.4161,Contract Expiry
CUST006657,0.416,Contract Expiry
CUST006896,0.416,Low NPS
CUST008126,0.4159,Low NPS
CUST011461,0.4158,Low NPS
CUST001697,0.4157,Contract Expiry
CUST004801,0.4157,Low Usage
CUST005648,0.4156,Low Usage
CUST007608,0.4156,Low NPS
CUST009780,0.4156,Revenue Decline
CUST013551,0.4156,Support Escalations
CUST001616,0.4154,Contract Expiry
CUST013841,0.4154,Low Usage
CUST002007,0.4152,Low NPS
CUST003916,0.4151,Support Escalations
CUST001809,0.4149,Support Escalations
CUST010811,0.4149,Low Usage
CUST000955,0.4148,Support Escalations
CUST004387,0.4148,Low NPS
CUST004569,0.4148,Contract Expiry
CUST008384,0.4145,Revenue Decline
CUST001345,0.4144,Revenue Decline
CUST011790,0.4144,Contract Expiry
CUST008168,0.4143,Contract Expiry
CUST008900,0.4143,Contract Expiry
CUST003075,0.4142,Low Usage
CUST000154,0.4141,Contract Expiry
CUST011033,0.4141,Contract Expiry
CUST006350,0.414,Revenue Decline
CUST009603,0.414,Revenue Decline
CUST012964,0.414,Support Escalations
CUST013739,0.414,Revenue Decline
CUST014782,0.414,Low Usage
CUST001711,0.4139,Low Usage
CUST014970,0.4139,Low Usage
CUST014143,0.4138,Support Escalations
CUST006873,0.4137,Low NPS
CUST009191,0.4137,Low NPS
CUST007247,0.4136,Support Escalations
CUST004939,0.4134,Low Usage
CUST000333,0.4133,Support Escalations
CUST006156,0.4133,Contract Expiry
CUST013247,0.4133,Low Usage
CUST014795,0.4133,Support Escalations
CUST001353,0.4132,Contract Expiry
CUST007784,0.4131,Low Usage
CUST003229,0.413,Low NPS
CUST011780,0.413,Contract Expiry
CUST007502,0.4129,Contract Expiry
CUST011659,0.4129,Contract Expiry
CUST002415,0.4128,Low NPS
CUST013897,0.4128,Low NPS
CUST001067,0.4127,Low Usage
CUST014308,0.4127,Contract Expiry
CUST000560,0.4126,Low Usage
CUST003453,0.4125,Low Usage
CUST006450,0.4125,Support Escalations
CUST007549,0.4125,Revenue Decline
CUST009465,0.4125,Support Escalations
CUST011589,0.4124,Support Escalations
CUST010822,0.4123,Support Escalations
CUST008409,0.4122,Contract Expiry
CUST000908,0.4121,Low NPS
CUST002917,0.4121,Low Usage
CUST002298,0.4119,Support Escalations
CUST012424,0.4119,Support Escalations
CUST006342,0.4118,Revenue Decline
CUST012205,0.4118,Support Escalations
CUST005519,0.4117,Contract Expiry
CUST010494,0.4116,Low NPS
CUST002751,0.4115,Support Escalations
CUST013936,0.4114,Support Escalations
CUST000128,0.4113,Revenue Decline
CUST009323,0.4113,Contract Expiry
CUST012870,0.4113,Contract Expiry
CUST014987,0.4113,Revenue Decline
CUST012732,0.4112,Contract Expiry
CUST009516,0.4111,Low NPS
CUST005996,0.4109,Support Escalations
CUST008575,0.4109,Low NPS
CUST000434,0.4108,Revenue Decline
CUST000224,0.4106,Contract Expiry
CUST006272,0.4106,Support Escalations
CUST014676,0.4106,Revenue Decline
CUST008823,0.4105,Low Usage
CUST011802,0.4105,Low Usage
CUST004825,0.4104,Low NPS
CUST010041,0.4104,Low NPS
CUST014340,0.4102,Support Escalations
CUST001043,0.4101,Support Escalations
CUST002891,0.4101,Contract Expiry
CUST013997,0.4101,Revenue Decline
CUST008929,0.4099,Contract Expiry
CUST011160,0.4099,Support Escalations
CUST014341,0.4099,Revenue Decline
CUST002285,0.4098,Contract Expiry
CUST005103,0.4098,Low NPS
CUST001593,0.4096,Revenue Decline
CUST004157,0.4096,Revenue Decline
CUST001714,0.4095,Contract Expiry
CUST007374,0.4095,Low NPS
CUST013322,0.4095,Low Usage
CUST012998,0.4093,Low Usage
CUST001335,0.4092,Contract Expiry
CUST004822,0.4092,Contract Expiry
CUST005734,0.4092,Low Usage
CUST006758,0.4092,Low NPS
CUST013736,0.4092,Support Escalations
CUST002606,0.4091,Support Escalations
CUST003005,0.4091,Contract Expiry
CUST009435,0.4091,Contract Expiry
CUST012290,0.4091,Low NPS
CUST013308,0.4089,Contract Expiry
CUST006351,0.4088,Low Usage
CUST010575,0.4087,Low NPS
CUST002073,0.4086,Support Escalations
CUST007382,0.4086,Contract Expiry
CUST009301,0.4085,Low Usage
CUST012652,0.4085,Revenue Decline
CUST014653,0.4085,Support Escalations
CUST010246,0.4084,Revenue Decline
CUST001158,0.4083,Support Escalations
CUST002965,0.4082,Revenue Decline
CUST006038,0.4081,Contract Expiry
CUST012566,0.408,Revenue Decline
CUST001777,0.4077,Low NPS
CUST009370,0.4076,Revenue Decline
CUST007241,0.4074,Contract Expiry
CUST011274,0.4074,Low NPS
CUST013309,0.407,Revenue Decline
CUST007736,0.4068,Support Escalations
CUST014820,0.4068,Revenue Decline
CUST005505,0.4064,Low Usage
CUST011028,0.4064,Revenue Decline
CUST004082,0.4063,Low NPS
CUST004845,0.4062,Support Escalations
CUST014684,0.4062,Support Escalations
CUST007673,0.4061,Contract Expiry
CUST000751,0.4059,Low Usage
CUST006449,0.4059,Low NPS
CUST005636,0.4058,Contract Expiry
CUST002070,0.4057,Revenue Decline
CUST013274,0.4057,Low Usage
CUST009918,0.4056,Low Usage
CUST000147,0.4055,Contract Expiry
CUST010971,0.4054,Contract Expiry
CUST008560,0.4053,Low NPS
CUST002276,0.4052,Low Usage
CUST005236,0.4052,Low Usage
CUST006458,0.405,Revenue Decline
CUST013601,0.405,Revenue Decline
CUST005582,0.4049,Revenue Decline
CUST008093,0.4047,Contract Expiry
CUST000917,0.4046,Low NPS
CUST005425,0.4045,Support Escalations
CUST007771,0.4045,Contract Expiry
CUST009695,0.4044,Low Usage
CUST014194,0.4041,Contract Expiry
CUST006564,0.404,Low NPS
CUST011637,0.404,Low Usage
CUST013444,0.404,Support Escalations
CUST010400,0.4039,Revenue Decline
CUST004213,0.4038,Contract Expiry
CUST010199,0.4038,Low NPS
CUST013392,0.4038,Contract Expiry
CUST008225,0.4037,Low Usage
CUST012604,0.4037,Low Usage
CUST001570,0.4036,Contract Expiry
CUST001376,0.4035,Support Escalations
CUST004729,0.4033,Revenue Decline
CUST001270,0.4032,Revenue Decline
CUST010471,0.4032,Low NPS
CUST001022,0.4031,Support Escalations
CUST003709,0.4031,Support Escalations
CUST010983,0.4031,Contract Expiry
CUST000658,0.4029,Contract Expiry
CUST000717,0.4029,Low Usage
CUST014105,0.4029,Support Escalations
CUST002001,0.4028,Revenue Decline
CUST012133,0.4028,Support Escalations
CUST007246,0.4027,Support Escalations
CUST002096,0.4025,Low NPS
CUST008285,0.4025,Low Usage
CUST013281,0.4025,Revenue Decline
CUST008113,0.4024,Support Escalations
CUST009728,0.4024,Low NPS
CUST012763,0.4024,Low NPS
CUST013728,0.4024,Low Usage
CUST002715,0.4023,Low NPS
CUST006824,0.4023,Low Usage
CUST009914,0.4021,Revenue Decline
CUST010381,0.4021,Support Escalations
CUST010633,0.4021,Low NPS
CUST011280,0.4021,Contract Expiry
CUST005695,0.402,Low Usage
CUST012074,0.402,Low Usage
CUST010026,0.4019,Support Escalations
CUST003092,0.4018,Low Usage
CUST011935,0.4017,Revenue Decline
CUST001307,0.4016,Support Escalations
CUST003339,0.4016,Contract Expiry
CUST014291,0.4016,Low NPS
CUST014300,0.4016,Low NPS
CUST012454,0.4015,Low Usage
CUST003893,0.4013,Revenue Decline
CUST005575,0.4013,Revenue Decline
CUST003892,0.4012,Low NPS
CUST004832,0.4011,Revenue Decline
CUST005511,0.4011,Low NPS
CUST010630,0.4011,Contract Expiry
CUST011724,0.4011,Contract Expiry
CUST001428,0.401,Low Usage
CUST010319,0.401,Low NPS
CUST001792,0.4009,Low NPS
CUST002786,0.4009,Contract Expiry
CUST010208,0.4009,Low Usage
CUST001227,0.4008,Support Escalations
CUST007950,0.4007,Low NPS
CUST001879,0.4006,Low NPS
CUST012263,0.4006,Revenue Decline
CUST013353,0.4006,Revenue Decline
CUST009867,0.4005,Low NPS
CUST001503,0.4004,Low Usage
CUST000136,0.4003,Support Escalations
CUST003506,0.4002,Low NPS
CUST008978,0.4002,Contract Expiry
CUST010417,0.4002,Contract Expiry
CUST013081,0.4,Low NPS
CUST003280,0.3999,Contract Expiry
CUST008121,0.3999,Low NPS
CUST009953,0.3999,Low Usage
CUST002018,0.3998,Support Escalations
CUST007298,0.3998,Contract Expiry
CUST008665,0.3998,Low Usage
CUST014746,0.3998,Low NPS
CUST000760,0.3997,Support Escalations
CUST010128,0.3997,Low Usage
CUST007581,0.3995,Support Escalations
CUST008284,0.3995,Low Usage
CUST009555,0.3995,Revenue Decline
CUST013257,0.3995,Support Escalations
CUST007769,0.3993,Revenue Decline
CUST000715,0.3992,Low Usage
CUST007601,0.3992,Revenue Decline
CUST012255,0.3992,Revenue Decline
CUST014168,0.399,Low NPS
CUST014878,0.399,Low NPS
CUST000259,0.3989,Support Escalations
CUST012031,0.3989,Revenue Decline
CUST013704,0.3988,Contract Expiry
CUST007829,0.3987,Contract Expiry
CUST008128,0.3987,Low Usage
CUST002208,0.3986,Revenue Decline
CUST007758,0.3986,Low NPS
CUST012377,0.3986,Low Usage
CUST014631,0.3986,Low NPS
CUST013764,0.3985,Contract Expiry
CUST001791,0.3983,Low NPS
CUST007105,0.3983,Contract Expiry
CUST012287,0.3983,Low NPS
CUST007400,0.3981,Support Escalations
CUST013332,0.3981,Revenue Decline
CUST006355,0.398,Support Escalations
CUST007054,0.398,Contract Expiry
CUST012819,0.3979,Revenue Decline
CUST012518,0.3977,Low Usage
CUST002188,0.3976,Contract Expiry
CUST007871,0.3976,Low Usage
CUST013030,0.3976,Support Escalations
CUST003031,0.3975,Contract Expiry
CUST003185,0.3975,Support Escalations
CUST005038,0.3975,Revenue Decline
CUST008567,0.3975,Revenue Decline
CUST009501,0.3975,Low NPS
CUST000314,0.3974,Support Escalations
CUST010202,0.3973,Support Escalations
CUST008075,0.3972,Support Escalations
CUST014379,0.3972,Support Escalations
CUST009093,0.3971,Low Usage
CUST001093,0.397,Low Usage
CUST004253,0.397,Low Usage
CUST007691,0.397,Low Usage
CUST012346,0.397,Contract Expiry
CUST004076,0.3969,Revenue Decline
CUST004251,0.3969,Low NPS
CUST009057,0.3969,Low Usage
CUST010602,0.3969,Revenue Decline
CUST010900,0.3969,Revenue Decline
CUST012144,0.3969,Revenue Decline
CUST006020,0.3968,Low NPS
CUST013339,0.3968,Low NPS
CUST004754,0.3966,Contract Expiry
CUST005812,0.3966,Low NPS
CUST012234,0.3966,Low Usage
CUST010893,0.3963,Contract Expiry
CUST002721,0.3962,Contract Expiry
CUST013362,0.3961,Revenue Decline
CUST012438,0.396,Contract Expiry
CUST000875,0.3959,Low NPS
CUST004370,0.3958,Low NPS
CUST005681,0.3956,Revenue Decline
CUST012911,0.3956,Contract Expiry
CUST013358,0.3956,Revenue Decline
CUST000220,0.3955,Low Usage
CUST011390,0.3955,Support Escalations
CUST010821,0.3954,Support Escalations
CUST003933,0.3953,Revenue Decline
CUST006905,0.3953,Revenue Decline
CUST008946,0.3952,Revenue Decline
CUST002904,0.3951,Low NPS
CUST003733,0.3951,Low Usage
CUST010989,0.395,Low NPS
CUST001471,0.3949,Support Escalations
CUST011588,0.3949,Support Escalations
CUST003637,0.3948,Contract Expiry
CUST007679,0.3947,Revenue Decline
CUST009356,0.3947,Revenue Decline
CUST013582,0.3947,Revenue Decline
CUST014718,0.3947,Contract Expiry
CUST001695,0.3946,Revenue Decline
CUST008293,0.3945,Support Escalations
CUST014312,0.3944,Low NPS
CUST004840,0.3943,Revenue Decline
CUST006784,0.3943,Support Escalations
CUST001783,0.3942,Contract Expiry
CUST005964,0.3942,Low Usage
CUST000122,0.394,Low NPS
CUST000337,0.3939,Low Usage
CUST002725,0.3939,Contract Expiry
CUST008307,0.3939,Contract Expiry
CUST005474,0.3938,Revenue Decline
CUST007228,0.3936,Low NPS
CUST008026,0.3936,Contract Expiry
CUST009682,0.3936,Contract Expiry
CUST010974,0.3936,Contract Expiry
CUST007662,0.3935,Low Usage
CUST010241,0.3935,Low Usage
CUST011342,0.3935,Revenue Decline
CUST003976,0.3934,Low Usage
CUST014051,0.3933,Revenue Decline
CUST000541,0.3932,Support Escalations
CUST003159,0.3932,Low Usage
CUST014256,0.3932,Revenue Decline
CUST002896,0.3931,Low NPS
CUST003791,0.3931,Revenue Decline
CUST010929,0.393,Low NPS
CUST009714,0.3929,Contract Expiry
CUST005985,0.3928,Low NPS
CUST013942,0.3928,Low NPS
CUST004968,0.3925,Contract Expiry
CUST006295,0.3925,Low Usage
CUST011735,0.3925,Low NPS
CUST005589,0.3922,Contract Expiry
CUST012313,0.3922,Contract Expiry
CUST008925,0.3921,Low NPS
CUST013379,0.3921,Contract Expiry
CUST013713,0.3921,Low NPS
CUST004610,0.392,Contract Expiry
CUST011077,0.392,Low Usage
CUST006965,0.3918,Revenue Decline
CUST008936,0.3916,Revenue Decline
CUST012376,0.3916,Contract Expiry
CUST005612,0.3915,Contract Expiry
CUST006641,0.3915,Contract Expiry
CUST006767,0.3914,Contract Expiry
CUST002866,0.3913,Low Usage
CUST008573,0.3913,Revenue Decline
CUST011220,0.3913,Low NPS
CUST002149,0.3912,Contract Expiry
CUST000922,0.391,Low NPS
CUST001733,0.391,Low Usage
CUST005343,0.391,Revenue Decline
CUST004935,0.3909,Low NPS
CUST014548,0.3908,Support Escalations
CUST003160,0.3907,Revenue Decline
CUST003557,0.3907,Contract Expiry
CUST007181,0.3906,Contract Expiry
CUST009804,0.3906,Low Usage
CUST014151,0.3906,Low NPS
CUST005266,0.3905,Revenue Decline
CUST006766,0.3904,Low NPS
CUST009875,0.3904,Contract Expiry
CUST009427,0.3901,Low NPS
CUST001127,0.39,Revenue Decline
CUST008770,0.39,Revenue Decline
CUST012755,0.39,Low Usage
CUST011255,0.3899,Low NPS
CUST013453,0.3899,Revenue Decline
CUST008649,0.3898,Revenue Decline
CUST009852,0.3898,Support Escalations
CUST010581,0.3898,Low NPS
CUST003042,0.3897,Support Escalations
CUST004790,0.3896,Low NPS
CUST011781,0.3896,Support Escalations
CUST007907,0.3895,Contract Expiry
CUST001486,0.3894,Low NPS
CUST012648,0.3894,Contract Expiry
CUST000047,0.3893,Contract Expiry
CUST005366,0.3893,Low Usage
CUST011792,0.3893,Low NPS
CUST014475,0.3893,Revenue Decline
CUST003224,0.3892,Contract Expiry
CUST006504,0.3892,Low Usage
CUST010687,0.3892,Support Escalations
CUST001045,0.3891,Revenue Decline
CUST001449,0.3891,Contract Expiry
CUST002683,0.3891,Low Usage
CUST005981,0.3889,Revenue Decline
CUST000261,0.3888,Contract Expiry
CUST006030,0.3888,Low NPS
CUST011922,0.3887,Low NPS
CUST012220,0.3887,Low Usage
CUST001055,0.3886,Low Usage
CUST008578,0.3886,Low NPS
CUST001681,0.3885,Support Escalations
CUST009426,0.3884,Low Usage
CUST000805,0.3883,Support Escalations
CUST001666,0.3883,Revenue Decline
CUST001298,0.3882,Contract Expiry
CUST003847,0.3882,Revenue Decline
CUST001655,0.3881,Revenue Decline
CUST002914,0.3881,Low NPS
CUST003474,0.3881,Support Escalations
CUST009815,0.3879,Low Usage
CUST014022,0.3879,Low Usage
CUST000543,0.3878,Low Usage
CUST007778,0.3877,Contract Expiry
CUST010301,0.3876,Support Escalations
CUST000548,0.3875,Contract Expiry
CUST009382,0.3875,Low Usage
CUST010936,0.3874,Revenue Decline
CUST004899,0.3873,Low Usage
CUST007440,0.3872,Low NPS
CUST008358,0.3872,Low Usage
CUST012328,0.3872,Support Escalations
CUST013911,0.3872,Support Escalations
CUST009272,0.3871,Low Usage
CUST012026,0.3871,Low NPS
CUST009511,0.3869,Support Escalations
CUST010950,0.3869,Low Usage
CUST005866,0.3868,Contract Expiry
CUST007052,0.3867,Contract Expiry
CUST013807,0.3867,Contract Expiry
CUST001518,0.3866,Low NPS
CUST005886,0.3866,Contract Expiry
CUST010362,0.3866,Support Escalations
CUST011252,0.3866,Contract Expiry
CUST005607,0.3864,Low NPS
CUST010525,0.3864,Low Usage
CUST011281,0.3863,Low Usage
CUST006225,0.3862,Revenue Decline
CUST008451,0.3862,Low NPS
CUST012951,0.3862,Low Usage
CUST002325,0.3861,Support Escalations
CUST009126,0.3861,Contract Expiry
CUST002433,0.386,Low Usage
CUST004482,0.386,Contract Expiry
CUST008227,0.3858,Revenue Decline
CUST007654,0.3857,Low Usage
CUST011360,0.3857,Revenue Decline
CUST007231,0.3856,Revenue Decline
CUST002010,0.3855,Support Escalations
CUST008988,0.3855,Revenue Decline
CUST011895,0.3855,Contract Expiry
CUST006138,0.3853,Low NPS
CUST006383,0.3853,Low NPS
CUST001936,0.3852,Support Escalations
CUST012997,0.3852,Low NPS
CUST001002,0.3851,Low NPS
CUST007462,0.3851,Contract Expiry
CUST011795,0.3851,Support Escalations
CUST011348,0.385,Contract Expiry
CUST001256,0.3849,Low Usage
CUST002443,0.3849,Support Escalations
CUST007684,0.3849,Low NPS
CUST004819,0.3848,Contract Expiry
CUST012913,0.3848,Revenue Decline
CUST013989,0.3848,Contract Expiry
CUST006245,0.3847,Contract Expiry
CUST009142,0.3847,Support Escalations
CUST000010,0.3846,Contract Expiry
CUST004778,0.3846,Support Escalations
CUST014944,0.3846,Revenue Decline
CUST003217,0.3844,Revenue Decline
CUST012582,0.3841,Contract Expiry
CUST004133,0.384,Revenue Decline
CUST005301,0.3839,Low Usage
CUST009803,0.3839,Support Escalations
CUST012152,0.3838,Low NPS
CUST014401,0.3838,Revenue Decline
CUST009629,0.3837,Revenue Decline
CUST007446,0.3835,Low NPS
CUST010988,0.3835,Low NPS
CUST013947,0.3835,Low Usage
CUST005566,0.3834,Contract Expiry
CUST004773,0.3833,Low NPS
CUST008147,0.3833,Support Escalations
CUST004678,0.3832,Revenue Decline
CUST006753,0.3832,Contract Expiry
CUST008135,0.3832,Low Usage
CUST011844,0.3832,Support Escalations
CUST000996,0.3831,Revenue Decline
CUST005333,0.3831,Revenue Decline
CUST009094,0.383,Low Usage
CUST009626,0.383,Low Usage
CUST013335,0.383,Low NPS
CUST003593,0.3829,Low NPS
CUST014815,0.3829,Contract Expiry
CUST002709,0.3828,Revenue Decline
CUST004603,0.3828,Support Escalations
CUST005050,0.3828,Contract Expiry
CUST008563,0.3827,Revenue Decline
CUST008869,0.3827,Support Escalations
CUST011339,0.3826,Low NPS
CUST011424,0.3826,Contract Expiry
CUST013697,0.3826,Low Usage
CUST012685,0.3825,Low Usage
CUST010373,0.3824,Low Usage
CUST000232,0.3823,Low NPS
CUST006363,0.3823,Low Usage
CUST009065,0.3823,Low Usage
CUST014016,0.3823,Support Escalations
CUST001448,0.3822,Revenue Decline
CUST010046,0.3822,Low Usage
CUST013169,0.3822,Support Escalations
CUST011455,0.3821,Support Escalations
CUST012960,0.382,Low NPS
CUST013822,0.382,Revenue Decline
CUST002500,0.3819,Contract Expiry
CUST002821,0.3819,Low Usage
CUST011120,0.3819,Revenue Decline
CUST002894,0.3818,Revenue Decline
CUST006433,0.3817,Low NPS
CUST012366,0.3817,Contract Expiry
CUST013179,0.3817,Revenue Decline
CUST012000,0.3816,Contract Expiry
CUST007710,0.3815,Low Usage
CUST014532,0.3815,Revenue Decline
CUST001441,0.3814,Revenue Decline
CUST009520,0.3814,Revenue Decline
CUST004274,0.3813,Contract Expiry
CUST005339,0.3813,Contract Expiry
CUST007702,0.3813,Revenue Decline
CUST000512,0.3812,Contract Expiry
CUST012585,0.3811,Contract Expiry
CUST003729,0.381,Contract Expiry
CUST009145,0.381,Support Escalations
CUST013909,0.381,Support Escalations
CUST001781,0.3809,Contract Expiry
CUST005921,0.3809,Revenue Decline
CUST002217,0.3808,Contract Expiry
CUST003966,0.3808,Support Escalations
CUST000970,0.3807,Support Escalations
CUST011791,0.3807,Low Usage
CUST002321,0.3806,Support Escalations
CUST011070,0.3806,Contract Expiry
CUST001161,0.3805,Revenue Decline
CUST009580,0.3805,Revenue Decline
CUST006409,0.3804,Low Usage
CUST001664,0.3803,Low Usage
CUST006258,0.3802,Low NPS
CUST014819,0.3802,Low Usage
CUST007035,0.3801,Support Escalations
CUST006987,0.38,Contract Expiry
CUST013657,0.38,Contract Expiry
CUST011401,0.3799,Low Usage
CUST003256,0.3798,Low Usage
CUST005536,0.3798,Support Escalations
CUST011037,0.3797,Revenue Decline
CUST011191,0.3797,Low Usage
CUST012111,0.3797,Low NPS
CUST012651,0.3797,Support Escalations
CUST006281,0.3796,Low NPS
CUST012362,0.3796,Support Escalations
CUST010148,0.3795,Low NPS
CUST009127,0.3794,Revenue Decline
CUST014478,0.3794,Contract Expiry
CUST007809,0.3793,Low NPS
CUST008213,0.3793,Revenue Decline
CUST012356,0.3793,Low NPS
CUST001629,0.3792,Contract Expiry
CUST010266,0.3792,Low Usage
CUST011202,0.3792,Low Usage
CUST007602,0.3791,Low NPS
CUST012024,0.3791,Revenue Decline
CUST006904,0.379,Revenue Decline
CUST005748,0.3789,Low Usage
CUST006983,0.3789,Revenue Decline
CUST005230,0.3788,Low Usage
CUST007597,0.3787,Support Escalations
CUST009923,0.3787,Support Escalations
CUST011050,0.3787,Low Usage
CUST002899,0.3784,Revenue Decline
CUST013068,0.3784,Revenue Decline
CUST004555,0.3783,Revenue Decline
CUST002441,0.3782,Low Usage
CUST006981,0.3782,Revenue Decline
CUST012705,0.3782,Support Escalations
CUST006701,0.3781,Low NPS
CUST004377,0.378,Low NPS
CUST008279,0.378,Support Escalations
CUST014236,0.378,Low Usage
CUST008286,0.3779,Low Usage
CUST010598,0.3779,Revenue Decline
CUST012476,0.3779,Support Escalations
CUST008395,0.3776,Contract Expiry
CUST003993,0.3775,Support Escalations
CUST009468,0.3775,Contract Expiry
CUST009939,0.3775,Support Escalations
CUST004898,0.3774,Low Usage
CUST011017,0.3773,Contract Expiry
CUST011769,0.3773,Low NPS
CUST010682,0.3772,Contract Expiry
CUST012342,0.3772,Revenue Decline
CUST004167,0.3771,Support Escalations
CUST009820,0.3771,Low NPS
CUST014743,0.3771,Contract Expiry
CUST001985,0.377,Revenue Decline
CUST007404,0.377,Revenue Decline
CUST008305,0.3769,Low NPS
CUST011022,0.3769,Revenue Decline
CUST013721,0.3768,Support Escalations
CUST004097,0.3767,Revenue Decline
CUST010486,0.3767,Low NPS
CUST010667,0.3767,Revenue Decline
CUST014319,0.3767,Low Usage
CUST014424,0.3766,Low Usage
CUST006236,0.3765,Revenue Decline
CUST000113,0.3764,Low Usage
CUST006996,0.3764,Low NPS
CUST008960,0.3763,Contract Expiry
CUST011814,0.3763,Support Escalations
CUST008340,0.3762,Low NPS
CUST010987,0.3762,Contract Expiry
CUST013723,0.3762,Low NPS
CUST003441,0.3761,Revenue Decline
CUST004159,0.376,Revenue Decline
CUST005225,0.376,Contract Expiry
CUST011670,0.376,Contract Expiry
CUST013207,0.376,Support Escalations
CUST007260,0.3759,Revenue Decline
CUST010832,0.3759,Low NPS
CUST000687,0.3758,Low Usage
CUST008262,0.3758,Low NPS
CUST004645,0.3757,Low Usage
CUST009103,0.3756,Support Escalations
CUST001662,0.3755,Low NPS
CUST010121,0.3755,Contract Expiry
CUST010580,0.3755,Low NPS
CUST011377,0.3755,Revenue Decline
CUST008413,0.3753,Support Escalations
CUST008930,0.3753,Low Usage
CUST006137,0.3752,Low NPS
CUST001412,0.3751,Low Usage
CUST004163,0.3751,Low Usage
CUST011159,0.3751,Support Escalations
CUST006269,0.375,Contract Expiry
CUST007926,0.375,Revenue Decline
CUST008263,0.375,Revenue Decline
CUST007119,0.3749,Contract Expiry
CUST001054,0.3747,Revenue Decline
CUST004005,0.3746,Contract Expiry
CUST006408,0.3746,Revenue Decline
CUST010265,0.3746,Low Usage
CUST003102,0.3745,Low NPS
CUST000700,0.3744,Revenue Decline
CUST008670,0.3744,Support Escalations
CUST010096,0.3744,Support Escalations
CUST002910,0.3739,Contract Expiry
CUST006359,0.3738,Revenue Decline
CUST007029,0.3738,Revenue Decline
CUST004389,0.3736,Low Usage
CUST005001,0.3735,Revenue Decline
CUST011509,0.3735,Low Usage
CUST012583,0.3734,Revenue Decline
CUST002741,0.3733,Low NPS
CUST002937,0.3733,Low Usage
CUST004138,0.3732,Support Escalations
CUST012707,0.373,Low Usage
CUST014235,0.3729,Support Escalations
CUST003605,0.3728,Low Usage
CUST003921,0.3728,Low Usage
CUST007147,0.3728,Revenue Decline
CUST011332,0.3728,Support Escalations
CUST014914,0.3728,Low Usage
CUST008509,0.3727,Low NPS
CUST000800,0.3726,Low Usage
CUST002485,0.3726,Low Usage
CUST002915,0.3725,Support Escalations
CUST011501,0.3725,Low NPS
CUST004833,0.3724,Contract Expiry
CUST005221,0.3724,Revenue Decline
CUST008359,0.3724,Support Escalations
CUST009295,0.3723,Support Escalations
CUST003240,0.372,Low Usage
CUST007232,0.372,Low Usage
CUST014829,0.372,Support Escalations
CUST005402,0.3719,Contract Expiry
CUST007171,0.3718,Revenue Decline
CUST008123,0.3718,Support Escalations
CUST007016,0.3717,Low Usage
CUST010449,0.3717,Low NPS
CUST003765,0.3716,Low Usage
CUST002806,0.3715,Contract Expiry
CUST003446,0.3715,Low Usage
CUST003683,0.3715,Low NPS
CUST004443,0.3715,Low Usage
CUST006554,0.3715,Contract Expiry
CUST010966,0.3715,Contract Expiry
CUST004766,0.3713,Low Usage
CUST010831,0.3713,Contract Expiry
CUST004035,0.3712,Low Usage
CUST007323,0.3712,Contract Expiry
CUST008470,0.3712,Low NPS
CUST000670,0.3711,Low Usage
CUST001337,0.3711,Low Usage
CUST007170,0.3711,Low Usage
CUST001176,0.371,Revenue Decline
CUST008851,0.3709,Revenue Decline
CUST011652,0.3708,Support Escalations
CUST002431,0.3707,Low NPS
CUST003040,0.3707,Support Escalations
CUST009904,0.3707,Low Usage
CUST011330,0.3707,Support Escalations
CUST009874,0.3706,Support Escalations
CUST012792,0.3704,Low NPS
CUST001171,0.3702,Contract Expiry
CUST003098,0.3701,Contract Expiry
CUST005099,0.3701,Revenue Decline
CUST006091,0.3701,Support Escalations
CUST010599,0.3701,Support Escalations
CUST013275,0.3701,Revenue Decline
CUST002413,0.37,Low NPS
CUST008012,0.37,Low NPS
CUST011453,0.37,Revenue Decline
CUST010085,0.3699,Contract Expiry
CUST008579,0.3698,Low Usage
CUST013127,0.3698,Revenue Decline
CUST002371,0.3697,Contract Expiry
CUST006833,0.3696,Revenue Decline
CUST004505,0.3695,Revenue Decline
CUST007958,0.3695,Low NPS
CUST009116,0.3695,Low Usage
CUST002374,0.3694,Contract Expiry
CUST003998,0.3694,Low NPS
CUST014761,0.3694,Contract Expiry
CUST005260,0.3693,Support Escalations
CUST014070,0.3693,Revenue Decline
CUST001261,0.3691,Revenue Decline
CUST006268,0.3691,Low NPS
CUST008852,0.369,Support Escalations
CUST009574,0.369,Contract Expiry
CUST010607,0.369,Contract Expiry
CUST003931,0.3689,Support Escalations
CUST011254,0.3689,Low NPS
CUST003714,0.3688,Low NPS
CUST004566,0.3686,Low Usage
CUST001004,0.3685,Support Escalations
CUST011225,0.3685,Revenue Decline
CUST004308,0.3683,Revenue Decline
CUST006510,0.3683,Support Escalations
CUST010450,0.3683,Support Escalations
CUST011193,0.3682,Contract Expiry
CUST004120,0.3681,Low NPS
CUST002426,0.368,Low NPS
CUST002699,0.3679,Low NPS
CUST009039,0.3679,Revenue Decline
CUST002190,0.3678,Support Escalations
CUST007015,0.3678,Support Escalations
CUST013788,0.3678,Low NPS
CUST014461,0.3678,Low Usage
CUST009936,0.3675,Low Usage
CUST012197,0.3675,Contract Expiry
CUST003067,0.3674,Revenue Decline
CUST009279,0.3674,Low NPS
CUST009351,0.3674,Revenue Decline
CUST002046,0.3673,Support Escalations
CUST007728,0.3673,Revenue Decline
CUST013095,0.3673,Contract Expiry
CUST003818,0.3672,Low Usage
CUST004811,0.3672,Low Usage
CUST007970,0.3672,Low NPS
CUST007642,0.3671,Contract Expiry
CUST011350,0.3671,Support Escalations
CUST004953,0.367,Low Usage
CUST006088,0.3669,Contract Expiry
CUST010391,0.3669,Low NPS
CUST002749,0.3667,Contract Expiry
CUST005376,0.3667,Low NPS
CUST000758,0.3665,Support Escalations
CUST004028,0.3665,Contract Expiry
CUST005406,0.3665,Contract Expiry
CUST008637,0.3665,Contract Expiry
CUST002977,0.3663,Low Usage
CUST012201,0.3663,Support Escalations
CUST001747,0.3662,Low NPS
CUST012245,0.3662,Revenue Decline
CUST006382,0.3661,Contract Expiry
CUST007129,0.3661,Low NPS
CUST010725,0.3661,Revenue Decline
CUST013316,0.3661,Revenue Decline
CUST013426,0.3661,Low Usage
CUST005542,0.366,Low Usage
CUST009772,0.366,Revenue Decline
CUST014060,0.366,Low Usage
CUST007142,0.3659,Low Usage
CUST007905,0.3658,Contract Expiry
CUST014268,0.3658,Low Usage
CUST009615,0.3657,Contract Expiry
CUST013407,0.3657,Contract Expiry
CUST006336,0.3654,Support Escalations
CUST008219,0.3654,Revenue Decline
CUST010037,0.3654,Low NPS
CUST005721,0.3653,Low Usage
CUST000358,0.3652,Low Usage
CUST000936,0.3652,Revenue Decline
CUST002903,0.3651,Low Usage
CUST012803,0.3651,Support Escalations
CUST010050,0.365,Low Usage
CUST014352,0.365,Revenue Decline
CUST001947,0.3649,Low Usage
CUST004058,0.3649,Low Usage
CUST002600,0.3647,Contract Expiry
CUST006503,0.3647,Contract Expiry
CUST011672,0.3645,Low Usage
CUST001638,0.3644,Low Usage
CUST008408,0.3644,Low Usage
CUST008111,0.3643,Low Usage
CUST002250,0.3642,Revenue Decline
CUST004447,0.3642,Low Usage
CUST009990,0.3642,Support Escalations
CUST011766,0.3642,Contract Expiry
CUST014877,0.3642,Revenue Decline
CUST003528,0.3641,Low Usage
CUST003985,0.3641,Support Escalations
CUST010070,0.364,Low NPS
CUST003514,0.3639,Low Usage
CUST007423,0.3638,Low NPS
CUST013618,0.3638,Support Escalations
CUST009260,0.3637,Low NPS
CUST000312,0.3636,Revenue Decline
CUST010156,0.3636,Contract Expiry
CUST011681,0.3636,Revenue Decline
CUST013396,0.3636,Revenue Decline
CUST004135,0.3635,Low NPS
CUST009562,0.3635,Support Escalations
CUST011074,0.3635,Revenue Decline
CUST005424,0.3634,Low Usage
CUST009298,0.3633,Contract Expiry
CUST009976,0.3633,Contract Expiry
CUST010048,0.3629,Low NPS
CUST003072,0.3628,Low Usage
CUST004448,0.3628,Contract Expiry
CUST011995,0.3627,Low Usage
CUST003008,0.3626,Low Usage
CUST012224,0.3626,Revenue Decline
CUST007942,0.3625,Revenue Decline
CUST012789,0.3625,Contract Expiry
CUST002845,0.3624,Low NPS
CUST011382,0.3624,Low NPS
CUST005327,0.3623,Revenue Decline
CUST009081,0.3623,Low Usage
CUST011437,0.3623,Low Usage
CUST002691,0.3622,Contract Expiry
CUST003308,0.3622,Low NPS
CUST004681,0.3622,Contract Expiry
CUST007322,0.3622,Low NPS
CUST012171,0.3622,Revenue Decline
CUST014348,0.3622,Low NPS
CUST012561,0.3621,Support Escalations
CUST013398,0.3621,Revenue Decline
CUST014865,0.3621,Contract Expiry
CUST012493,0.3619,Support Escalations
CUST000821,0.3617,Support Escalations
CUST007509,0.3617,Low NPS
CUST002735,0.3616,Low Usage
CUST006439,0.3616,Low NPS
CUST012520,0.3616,Revenue Decline
CUST013689,0.3616,Low Usage
CUST014086,0.3616,Low NPS
CUST003136,0.3615,Low NPS
CUST004546,0.3615,Low Usage
CUST005111,0.3615,Contract Expiry
CUST012348,0.3613,Low NPS
CUST014039,0.3613,Low NPS
CUST002446,0.3612,Support Escalations
CUST003436,0.3612,Support Escalations
CUST002293,0.3611,Contract Expiry
CUST014919,0.3611,Support Escalations
CUST008202,0.361,Low Usage
CUST009462,0.361,Support Escalations
CUST000819,0.3609,Low Usage
CUST001840,0.3607,Low Usage
CUST002201,0.3607,Support Escalations
CUST014996,0.3607,Revenue Decline
CUST003127,0.3606,Low Usage
CUST007827,0.3606,Low Usage
CUST000378,0.3604,Low NPS
CUST000386,0.3604,Low Usage
CUST002985,0.3604,Revenue Decline
CUST007943,0.3604,Contract Expiry
CUST007578,0.3603,Low Usage
CUST014432,0.3601,Revenue Decline
CUST005495,0.36,Revenue Decline
CUST012442,0.36,Revenue Decline
CUST003377,0.3599,Support Escalations
CUST007196,0.3599,Low NPS
CUST009373,0.3599,Low Usage
CUST010061,0.3599,Support Escalations
CUST014129,0.3599,Revenue Decline
CUST005003,0.3598,Revenue Decline
CUST007653,0.3597,Low Usage
CUST008442,0.3597,Low Usage
CUST012054,0.3597,Low NPS
CUST013584,0.3597,Low NPS
CUST001576,0.3596,Support Escalations
CUST006230,0.3596,Revenue Decline
CUST006344,0.3596,Support Escalations
CUST012513,0.3595,Support Escalations
CUST005352,0.3593,Revenue Decline
CUST006876,0.3593,Low Usage
CUST004290,0.359,Contract Expiry
CUST011734,0.359,Support Escalations
CUST014320,0.359,Low Usage
CUST014082,0.3589,Revenue Decline
CUST000799,0.3588,Support Escalations
CUST002825,0.3588,Support Escalations
CUST006147,0.3588,Low NPS
CUST008389,0.3588,Low Usage
CUST010428,0.3588,Revenue Decline
CUST014142,0.3588,Revenue Decline
CUST012333,0.3587,Low Usage
CUST007055,0.3584,Revenue Decline
CUST000432,0.3583,Low Usage
CUST003148,0.3583,Low NPS
CUST003368,0.3583,Contract Expiry
CUST004671,0.3583,Low NPS
CUST003825,0.3582,Low NPS
CUST004616,0.3582,Revenue Decline
CUST007481,0.3582,Revenue Decline
CUST002591,0.3581,Support Escalations
CUST001942,0.358,Low NPS
CUST000963,0.3577,Low Usage
CUST013878,0.3577,Revenue Decline
CUST005530,0.3576,Contract Expiry
CUST013263,0.3576,Low NPS
CUST006521,0.3575,Low Usage
CUST003433,0.3574,Low Usage
CUST004544,0.3574,Low Usage
CUST008857,0.3574,Support Escalations
CUST009771,0.3574,Low NPS
CUST012174,0.3574,Low NPS
CUST001844,0.357,Support Escalations
CUST005149,0.357,Support Escalations
CUST007473,0.357,Support Escalations
CUST010023,0.357,Revenue Decline
CUST013848,0.357,Contract Expiry
CUST007464,0.3569,Support Escalations
CUST010504,0.3569,Low Usage
CUST000712,0.3568,Support Escalations
CUST003429,0.3568,Low NPS
CUST014285,0.3568,Contract Expiry
CUST010297,0.3567,Revenue Decline
CUST010560,0.3567,Contract Expiry
CUST001526,0.3565,Low Usage
CUST009003,0.3565,Low NPS
CUST012622,0.3564,Contract Expiry
CUST006239,0.3563,Low Usage
CUST008598,0.3563,Contract Expiry
CUST001253,0.3562,Low NPS
CUST008722,0.3562,Low Usage
CUST011557,0.3562,Revenue Decline
CUST004633,0.3561,Contract Expiry
CUST005906,0.3561,Contract Expiry
CUST012199,0.3561,Contract Expiry
CUST008231,0.3559,Contract Expiry
CUST014599,0.3559,Support Escalations
CUST000186,0.3558,Contract Expiry
CUST003960,0.3558,Low NPS
CUST009889,0.3558,Contract Expiry
CUST012740,0.3558,Revenue Decline
CUST001108,0.3557,Contract Expiry
CUST009545,0.3557,Low Usage
CUST003541,0.3556,Revenue Decline
CUST010353,0.3556,Low Usage
CUST013357,0.3556,Low NPS
CUST003262,0.3555,Low NPS
CUST003686,0.3554,Contract Expiry
CUST003955,0.3553,Contract Expiry
CUST009241,0.3553,Revenue Decline
CUST007579,0.3552,Low Usage
CUST010130,0.3552,Low Usage
CUST000401,0.3551,Support Escalations
CUST001402,0.3551,Revenue Decline
CUST013581,0.3551,Revenue Decline
CUST011266,0.355,Revenue Decline
CUST001709,0.3549,Revenue Decline
CUST012412,0.3549,Low Usage
CUST002631,0.3548,Revenue Decline
CUST010146,0.3546,Low Usage
CUST014251,0.3546,Revenue Decline
CUST002175,0.3545,Support Escalations
CUST010220,0.3545,Support Escalations
CUST011648,0.3545,Contract Expiry
CUST002330,0.3544,Contract Expiry
CUST004336,0.3543,Contract Expiry
CUST001957,0.3542,Contract Expiry
CUST002492,0.3542,Low NPS
CUST006392,0.3542,Contract Expiry
CUST009040,0.3542,Low Usage
CUST003685,0.3541,Revenue Decline
CUST014724,0.3541,Revenue Decline
CUST007613,0.3539,Revenue Decline
CUST009496,0.3539,Low NPS
CUST009303,0.3538,Low Usage
CUST012334,0.3538,Low NPS
CUST013422,0.3537,Low NPS
CUST013866,0.3536,Low NPS
CUST000977,0.3534,Contract Expiry
CUST003252,0.3534,Low Usage
CUST005257,0.3533,Low Usage
CUST006661,0.3532,Support Escalations
CUST014589,0.3532,Low NPS
CUST013949,0.3531,Low NPS
CUST009371,0.353,Low Usage
CUST001674,0.3528,Low Usage
CUST003739,0.3528,Low NPS
CUST007319,0.3527,Low Usage
CUST005296,0.3526,Contract Expiry
CUST010588,0.3526,Contract Expiry
CUST007197,0.3525,Low NPS
CUST001150,0.3524,Low Usage
CUST012793,0.3524,Low NPS
CUST013052,0.3524,Low NPS
CUST013435,0.3524,Low NPS
CUST004467,0.3523,Revenue Decline
CUST005288,0.3523,Support Escalations
CUST007596,0.3523,Support Escalations
CUST014565,0.3522,Low Usage
CUST001723,0.3521,Support Escalations
CUST011586,0.3521,Low Usage
CUST013484,0.3521,Low NPS
CUST009913,0.352,Contract Expiry
CUST010655,0.352,Support Escalations
CUST011810,0.352,Support Escalations
CUST011524,0.3519,Low Usage
CUST006827,0.3518,Low Usage
CUST005896,0.3517,Contract Expiry
CUST003139,0.3516,Contract Expiry
CUST002496,0.3515,Low NPS
CUST009775,0.3514,Contract Expiry
CUST004563,0.3513,Revenue Decline
CUST007093,0.3513,Revenue Decline
CUST012521,0.3512,Contract Expiry
CUST008430,0.351,Support Escalations
CUST001297,0.3509,Contract Expiry
CUST003346,0.3509,Support Escalations
CUST005767,0.3508,Revenue Decline
CUST005394,0.3506,Low Usage
CUST010438,0.3505,Contract Expiry
CUST011427,0.3504,Low NPS
CUST012039,0.3504,Revenue Decline
CUST006155,0.3503,Revenue Decline
CUST002181,0.3501,Low NPS
CUST004459,0.35,Revenue Decline
CUST012715,0.35,Revenue Decline
CUST014430,0.35,Revenue Decline
CUST010867,0.3499,Contract Expiry
CUST010954,0.3499,Low NPS
CUST010523,0.3498,Contract Expiry
CUST010545,0.3498,Low Usage
CUST001049,0.3496,Support Escalations
CUST003880,0.3495,Low NPS
CUST008736,0.3495,Low NPS
CUST002976,0.3494,Contract Expiry
CUST003999,0.3494,Support Escalations
CUST005747,0.3494,Contract Expiry
CUST007964,0.3494,Revenue Decline
CUST010512,0.3494,Low Usage
CUST011236,0.3494,Support Escalations
CUST012060,0.3494,Low Usage
CUST014383,0.3494,Low Usage
CUST001804,0.3493,Contract Expiry
CUST013224,0.3492,Low NPS
CUST003247,0.3491,Low Usage
CUST008544,0.3491,Low NPS
CUST006613,0.349,Revenue Decline
CUST010726,0.349,Low Usage
CUST012605,0.3489,Revenue Decline
CUST014042,0.3489,Low NPS
CUST005989,0.3488,Low Usage
CUST014523,0.3487,Low Usage
CUST000964,0.3486,Low NPS
CUST012928,0.3486,Contract Expiry
CUST000179,0.3485,Low NPS
CUST007558,0.3485,Support Escalations
CUST000686,0.3484,Revenue Decline
CUST014514,0.3484,Low Usage
CUST002184,0.3483,Support Escalations
CUST014891,0.3483,Low NPS
CUST014355,0.3482,Support Escalations
CUST000676,0.3481,Revenue Decline
CUST003476,0.3479,Low Usage
CUST004068,0.3479,Low NPS
CUST004943,0.3479,Low NPS
CUST013605,0.3479,Contract Expiry
CUST002332,0.3478,Revenue Decline
CUST003672,0.3478,Low Usage
CUST009657,0.3477,Contract Expiry
CUST009333,0.3474,Low Usage
CUST009742,0.3474,Low Usage
CUST002129,0.3473,Low NPS
CUST002213,0.3473,Support Escalations
CUST002356,0.3473,Low Usage
CUST000807,0.3472,Contract Expiry
CUST001487,0.3472,Revenue Decline
CUST010665,0.3471,Contract Expiry
CUST003125,0.347,Low NPS
CUST007396,0.347,Contract Expiry
CUST014145,0.3468,Support Escalations
CUST009300,0.3466,Revenue Decline
CUST002347,0.3465,Contract Expiry
CUST006489,0.3465,Low Usage
CUST006977,0.3465,Contract Expiry
CUST010285,0.3465,Support Escalations
CUST007127,0.3463,Low NPS
CUST002226,0.3462,Low Usage
CUST011955,0.3461,Revenue Decline
CUST009010,0.346,Low Usage
CUST013984,0.346,Contract Expiry
CUST010292,0.3459,Revenue Decline
CUST014505,0.3459,Low Usage
CUST003424,0.3457,Revenue Decline
CUST006283,0.3457,Support Escalations
CUST010737,0.3457,Contract Expiry
CUST008092,0.3456,Support Escalations
CUST000138,0.3455,Low NPS
CUST010069,0.3455,Contract Expiry
CUST013611,0.3455,Low Usage
CUST007115,0.3454,Support Escalations
CUST009948,0.3454,Contract Expiry
CUST010286,0.3454,Low Usage
CUST007160,0.3453,Contract Expiry
CUST007595,0.3452,Low NPS
CUST007810,0.3451,Low Usage
CUST011788,0.3451,Support Escalations
CUST014387,0.3451,Revenue Decline
CUST005047,0.345,Support Escalations
CUST012167,0.345,Low Usage
CUST012270,0.3448,Contract Expiry
CUST002673,0.3447,Low Usage
CUST012209,0.3446,Low Usage
CUST013473,0.3446,Low NPS
CUST014663,0.3446,Contract Expiry
CUST014784,0.3446,Contract Expiry
CUST007097,0.3445,Low Usage
CUST012593,0.3445,Low NPS
CUST014204,0.3445,Revenue Decline
CUST012373,0.3444,Revenue Decline
CUST004279,0.3443,Low NPS
CUST009560,0.3443,Low Usage
CUST004591,0.3442,Low NPS
CUST010099,0.3442,Revenue Decline
CUST012392,0.3442,Revenue Decline
CUST004960,0.3441,Low NPS
CUST006579,0.3441,Contract Expiry
CUST012014,0.3441,Low Usage
CUST012298,0.3441,Support Escalations
CUST003093,0.3437,Low NPS
CUST008513,0.3437,Low Usage
CUST007140,0.3436,Support Escalations
CUST010173,0.3436,Support Escalations
CUST004195,0.3435,Support Escalations
CUST006347,0.3435,Low Usage
CUST011486,0.3434,Support Escalations
CUST013692,0.3433,Support Escalations
CUST003081,0.3432,Low Usage
CUST009125,0.3432,Low Usage
CUST011026,0.3431,Low NPS
CUST001535,0.3429,Contract Expiry
CUST005967,0.3429,Contract Expiry
CUST011346,0.3429,Revenue Decline
CUST000418,0.3428,Low Usage
CUST002369,0.3427,Contract Expiry
CUST011234,0.3427,Contract Expiry
CUST014748,0.3427,Contract Expiry
CUST000490,0.3424,Support Escalations
CUST003181,0.3424,Revenue Decline
CUST006822,0.3424,Support Escalations
CUST004085,0.3423,Low NPS
CUST004398,0.3422,Low Usage
CUST006275,0.3422,Revenue Decline
CUST009309,0.3422,Low NPS
CUST014622,0.3422,Contract Expiry
CUST005007,0.3421,Low Usage
CUST014208,0.342,Contract Expiry
CUST011566,0.3419,Low Usage
CUST006216,0.3416,Revenue Decline
CUST008987,0.3416,Low NPS
CUST000226,0.3415,Revenue Decline
CUST000492,0.3415,Revenue Decline
CUST003841,0.3414,Support Escalations
CUST004059,0.3414,Contract Expiry
CUST003317,0.3412,Contract Expiry
CUST012119,0.3412,Revenue Decline
CUST001916,0.3411,Support Escalations
CUST009306,0.3411,Revenue Decline
CUST001507,0.341,Contract Expiry
CUST007077,0.341,Contract Expiry
CUST007594,0.341,Contract Expiry
CUST014573,0.341,Low Usage
CUST007075,0.3409,Contract Expiry
CUST007108,0.3409,Low Usage
CUST010310,0.3409,Low Usage
CUST003305,0.3408,Low NPS
CUST008189,0.3408,Support Escalations
CUST006214,0.3407,Low Usage
CUST006892,0.3407,Low NPS
CUST011009,0.3407,Contract Expiry
CUST001778,0.3406,Revenue Decline
CUST004351,0.3406,Support Escalations
CUST005465,0.3406,Revenue Decline
CUST009478,0.3406,Low Usage
CUST013864,0.3405,Low Usage
CUST005608,0.3404,Revenue Decline
CUST001613,0.3403,Contract Expiry
CUST004917,0.3403,Low NPS
CUST000069,0.3402,Revenue Decline
CUST000997,0.3402,Low Usage
CUST002013,0.3402,Revenue Decline
CUST008088,0.3401,Revenue Decline
CUST008471,0.3401,Support Escalations
CUST006721,0.34,Revenue Decline
CUST011098,0.34,Revenue Decline
CUST011286,0.34,Low NPS
CUST012107,0.34,Low NPS
CUST008167,0.3399,Low Usage
CUST009589,0.3399,Low NPS
CUST003192,0.3398,Contract Expiry
CUST010374,0.3398,Support Escalations
CUST002947,0.3397,Low NPS
CUST011699,0.3397,Contract Expiry
CUST000599,0.3396,Contract Expiry
CUST006233,0.3396,Support Escalations
CUST002582,0.3395,Revenue Decline
CUST008729,0.3394,Support Escalations
CUST003549,0.3393,Contract Expiry
CUST009632,0.3393,Support Escalations
CUST010961,0.3393,Contract Expiry
CUST014537,0.3393,Support Escalations
CUST001392,0.3392,Low Usage
CUST011318,0.3392,Contract Expiry
CUST002164,0.3391,Low NPS
CUST002403,0.3391,Contract Expiry
CUST009294,0.3391,Low Usage
CUST006859,0.339,Contract Expiry
CUST012858,0.339,Low NPS
CUST000582,0.3389,Support Escalations
CUST004985,0.3389,Low Usage
CUST007036,0.3389,Contract Expiry
CUST009330,0.3388,Support Escalations
CUST010985,0.3388,Low NPS
CUST011656,0.3387,Contract Expiry
CUST014233,0.3387,Low Usage
CUST000666,0.3386,Low Usage
CUST013361,0.3386,Support Escalations
CUST008080,0.3384,Revenue Decline
CUST010466,0.3384,Low NPS
CUST005130,0.3383,Revenue Decline
CUST005133,0.3383,Low Usage
CUST011059,0.3383,Contract Expiry
CUST007600,0.3382,Revenue Decline
CUST009618,0.3381,Contract Expiry
CUST011887,0.3381,Support Escalations
CUST002452,0.3378,Low Usage
CUST010642,0.3378,Contract Expiry
CUST010730,0.3378,Support Escalations
CUST011287,0.3378,Low NPS
CUST013938,0.3377,Low NPS
CUST007068,0.3376,Low Usage
CUST011569,0.3376,Support Escalations
CUST014838,0.3376,Low Usage
CUST014849,0.3376,Low NPS
CUST000231,0.3374,Low NPS
CUST010972,0.3372,Support Escalations
CUST011743,0.3368,Contract Expiry
CUST007051,0.3367,Revenue Decline
CUST014619,0.3367,Low Usage
CUST003294,0.3366,Contract Expiry
CUST005426,0.3366,Support Escalations
CUST005990,0.3365,Low Usage
CUST006720,0.3365,Low NPS
CUST000441,0.3364,Contract Expiry
CUST007615,0.3363,Revenue Decline
CUST007023,0.3362,Contract Expiry
CUST011175,0.3362,Contract Expiry
CUST012160,0.3362,Low NPS
CUST009662,0.3361,Support Escalations
CUST000339,0.336,Revenue Decline
CUST002364,0.336,Revenue Decline
CUST004129,0.336,Low NPS
CUST004013,0.3358,Low NPS
CUST004524,0.3358,Low NPS
CUST008526,0.3358,Support Escalations
CUST003430,0.3357,Low Usage
CUST002221,0.3356,Low NPS
CUST001349,0.3355,Low NPS
CUST002030,0.3355,Contract Expiry
CUST010940,0.3355,Low NPS
CUST004963,0.3353,Contract Expiry
CUST005411,0.3353,Contract Expiry
CUST012278,0.3353,Contract Expiry
CUST001704,0.3349,Revenue Decline
CUST003227,0.3349,Contract Expiry
CUST011141,0.3349,Contract Expiry
CUST014153,0.3349,Support Escalations
CUST012799,0.3348,Revenue Decline
CUST001189,0.3347,Support Escalations
CUST001461,0.3347,Low Usage
CUST002572,0.3347,Low Usage
CUST007364,0.3347,Revenue Decline
CUST001540,0.3346,Support Escalations
CUST012993,0.3346,Low NPS
CUST001044,0.3345,Support Escalations
CUST008059,0.3345,Contract Expiry
CUST014976,0.3344,Low NPS
CUST004166,0.3343,Low NPS
CUST007556,0.3343,Contract Expiry
CUST001029,0.3342,Low NPS
CUST006384,0.3342,Low NPS
CUST006809,0.3341,Low NPS
CUST007782,0.3341,Revenue Decline
CUST002144,0.334,Contract Expiry
CUST006916,0.334,Revenue Decline
CUST011329,0.3339,Contract Expiry
CUST009584,0.3338,Revenue Decline
CUST013858,0.3338,Contract Expiry
CUST014937,0.3338,Low NPS
CUST008356,0.3336,Low NPS
CUST014331,0.3336,Revenue Decline
CUST004767,0.3335,Support Escalations
CUST005567,0.3335,Low Usage
CUST006731,0.3335,Contract Expiry
CUST010747,0.3335,Low NPS
CUST003529,0.3334,Low NPS
CUST006012,0.3333,Low NPS
CUST014081,0.3333,Revenue Decline
CUST003863,0.3332,Revenue Decline
CUST004250,0.3332,Revenue Decline
CUST011604,0.3332,Low Usage
CUST011725,0.3332,Low Usage
CUST000243,0.3331,Revenue Decline
CUST001668,0.333,Support Escalations
CUST013794,0.333,Revenue Decline
CUST011465,0.3328,Support Escalations
CUST013093,0.3328,Support Escalations
CUST007588,0.3327,Revenue Decline
CUST011645,0.3327,Contract Expiry
CUST014588,0.3327,Low NPS
CUST013480,0.3326,Low Usage
CUST011606,0.3323,Revenue Decline
CUST013941,0.3323,Low NPS
CUST002671,0.3322,Support Escalations
CUST003088,0.3322,Low NPS
CUST007873,0.3322,Low NPS
CUST008354,0.3322,Low NPS
CUST000623,0.332,Low Usage
CUST005618,0.332,Support Escalations
CUST007287,0.3319,Revenue Decline
CUST005441,0.3317,Low NPS
CUST008216,0.3317,Contract Expiry
CUST009557,0.3317,Low Usage
CUST014135,0.3317,Revenue Decline
CUST004275,0.3316,Revenue Decline
CUST010732,0.3315,Revenue Decline
CUST012308,0.3315,Contract Expiry
CUST013412,0.3315,Revenue Decline
CUST014881,0.3313,Support Escalations
CUST003776,0.3312,Low Usage
CUST010531,0.3312,Contract Expiry
CUST007048,0.3311,Low NPS
CUST005647,0.331,Contract Expiry
CUST006008,0.331,Low NPS
CUST005087,0.3309,Support Escalations
CUST008903,0.3309,Contract Expiry
CUST007866,0.3308,Support Escalations
CUST002963,0.3307,Contract Expiry
CUST004997,0.3305,Low NPS
CUST007704,0.3305,Support Escalations
CUST002494,0.3304,Support Escalations
CUST004306,0.3304,Low Usage
CUST014167,0.3304,Contract Expiry
CUST000351,0.3303,Contract Expiry
CUST009263,0.3303,Revenue Decline
CUST001939,0.3302,Low Usage
CUST003900,0.3302,Contract Expiry
CUST007666,0.3302,Support Escalations
CUST011797,0.3302,Revenue Decline
CUST000934,0.33,Contract Expiry
CUST004659,0.3299,Revenue Decline
CUST005781,0.3299,Support Escalations
CUST011750,0.3299,Low NPS
CUST008723,0.3298,Low Usage
CUST001683,0.3297,Low NPS
CUST003917,0.3297,Low NPS
CUST009338,0.3296,Support Escalations
CUST014812,0.3296,Low NPS
CUST009733,0.3294,Support Escalations
CUST013334,0.3294,Revenue Decline
CUST009117,0.3293,Low Usage
CUST011541,0.3293,Revenue Decline
CUST008056,0.3292,Contract Expiry
CUST003860,0.3291,Support Escalations
CUST006938,0.329,Low NPS
CUST008254,0.329,Contract Expiry
CUST001730,0.3289,Revenue Decline
CUST003392,0.3289,Contract Expiry
CUST009821,0.3289,Low Usage
CUST013829,0.3289,Support Escalations
CUST014518,0.3289,Support Escalations
CUST002862,0.3288,Revenue Decline
CUST008145,0.3288,Low Usage
CUST008394,0.3287,Support Escalations
CUST004969,0.3286,Contract Expiry
CUST005150,0.3286,Low NPS
CUST006487,0.3286,Contract Expiry
CUST006785,0.3286,Revenue Decline
CUST000867,0.3285,Support Escalations
CUST009308,0.3285,Support Escalations
CUST009220,0.3284,Contract Expiry
CUST009638,0.3283,Contract Expiry
CUST002951,0.3282,Support Escalations
CUST013365,0.3282,Low Usage
CUST002194,0.3281,Support Escalations
CUST006368,0.3281,Revenue Decline
CUST008194,0.3281,Contract Expiry
CUST009633,0.328,Support Escalations
CUST008181,0.3278,Low NPS
CUST009866,0.3278,Support Escalations
CUST014689,0.3278,Low NPS
CUST008690,0.3277,Low NPS
CUST009746,0.3276,Contract Expiry
CUST010028,0.3275,Support Escalations
CUST013593,0.3275,Contract Expiry
CUST000491,0.3274,Revenue Decline
CUST008992,0.3273,Revenue Decline
CUST006714,0.3272,Low Usage
CUST013059,0.3272,Low Usage
CUST002547,0.3271,Low NPS
CUST011779,0.3271,Low Usage
CUST014158,0.3271,Low NPS
CUST009359,0.327,Support Escalations
CUST014230,0.327,Support Escalations
CUST014841,0.327,Low NPS
CUST008630,0.3269,Low NPS
CUST010944,0.3269,Revenue Decline
CUST002361,0.3268,Support Escalations
CUST003507,0.3268,Revenue Decline
CUST004368,0.3268,Support Escalations
CUST011885,0.3268,Support Escalations
CUST012572,0.3268,Revenue Decline
CUST014043,0.3267,Contract Expiry
CUST013833,0.3266,Low NPS
CUST004847,0.3265,Support Escalations
CUST013990,0.3264,Revenue Decline
CUST001657,0.3263,Low Usage
CUST014558,0.3263,Low NPS
CUST011093,0.3262,Contract Expiry
CUST013425,0.3262,Support Escalations
CUST007545,0.3261,Low NPS
CUST014613,0.3261,Contract Expiry
CUST005727,0.326,Low Usage
CUST007566,0.326,Low NPS
CUST008674,0.3258,Revenue Decline
CUST011749,0.3258,Revenue Decline
CUST012524,0.3258,Contract Expiry
CUST009115,0.3257,Low Usage
CUST000663,0.3256,Support Escalations
CUST009257,0.3256,Low NPS
CUST005660,0.3255,Low NPS
CUST013124,0.3255,Revenue Decline
CUST001415,0.3254,Low NPS
CUST009183,0.3254,Low Usage
CUST007767,0.3253,Revenue Decline
CUST000296,0.3252,Low NPS
CUST001313,0.3252,Low Usage
CUST004235,0.3252,Contract Expiry
CUST001964,0.3249,Support Escalations
CUST005487,0.3248,Support Escalations
CUST012314,0.3248,Low NPS
CUST013259,0.3248,Revenue Decline
CUST000524,0.3247,Low Usage
CUST005672,0.3247,Low NPS
CUST009670,0.3247,Support Escalations
CUST005291,0.3246,Low NPS
CUST006954,0.3245,Contract Expiry
CUST007836,0.3245,Support Escalations
CUST001597,0.3243,Contract Expiry
CUST006545,0.3243,Revenue Decline
CUST006514,0.3242,Contract Expiry
CUST007845,0.3242,Revenue Decline
CUST011169,0.3242,Low Usage
CUST013558,0.3242,Support Escalations
CUST014450,0.3242,Revenue Decline
CUST000740,0.3241,Contract Expiry
CUST009158,0.3241,Support Escalations
CUST011530,0.324,Contract Expiry
CUST013867,0.324,Contract Expiry
CUST002944,0.3239,Contract Expiry
CUST003052,0.3238,Low NPS
CUST007738,0.3238,Revenue Decline
CUST011570,0.3238,Low NPS
CUST001431,0.3236,Low Usage
CUST006972,0.3235,Contract Expiry
CUST008265,0.3235,Low Usage
CUST009984,0.3235,Revenue Decline
CUST006127,0.3234,Contract Expiry
CUST007531,0.3234,Contract Expiry
CUST009033,0.3234,Contract Expiry
CUST009452,0.3234,Low NPS
CUST009650,0.3234,Support Escalations
CUST014608,0.3234,Revenue Decline
CUST002143,0.3233,Contract Expiry
CUST004545,0.3233,Revenue Decline
CUST004966,0.3233,Low NPS
CUST010818,0.3233,Support Escalations
CUST001035,0.3231,Contract Expiry
CUST013254,0.3231,Low NPS
CUST013851,0.3231,Low NPS
CUST014624,0.3231,Contract Expiry
CUST000192,0.323,Support Escalations
CUST005337,0.323,Low NPS
CUST000206,0.3229,Low Usage
CUST004405,0.3229,Support Escalations
CUST006708,0.3229,Low Usage
CUST006182,0.3228,Low NPS
CUST009205,0.3228,Low NPS
CUST011924,0.3228,Contract Expiry
CUST000870,0.3227,Support Escalations
CUST007212,0.3226,Support Escalations
CUST011262,0.3226,Low NPS
CUST009892,0.3225,Low NPS
CUST010294,0.3225,Low Usage
CUST011505,0.3225,Contract Expiry
CUST001226,0.3224,Low NPS
CUST002020,0.3224,Support Escalations
CUST009403,0.3224,Low Usage
CUST004752,0.3223,Low Usage
CUST002736,0.3222,Contract Expiry
CUST009280,0.3222,Revenue Decline
CUST002395,0.322,Low Usage
CUST004628,0.322,Revenue Decline
CUST010022,0.322,Contract Expiry
CUST011478,0.3219,Low NPS
CUST014397,0.3219,Contract Expiry
CUST003580,0.3218,Revenue Decline
CUST006301,0.3216,Support Escalations
CUST010606,0.3216,Support Escalations
CUST007087,0.3214,Low Usage
CUST010421,0.3214,Low Usage
CUST001222,0.3213,Contract Expiry
CUST008310,0.3213,Support Escalations
CUST012464,0.3213,Low Usage
CUST002798,0.3212,Low NPS
CUST003332,0.3211,Revenue Decline
CUST007934,0.3211,Revenue Decline
CUST012627,0.3211,Contract Expiry
CUST013688,0.3211,Low Usage
CUST000939,0.321,Low NPS
CUST011284,0.321,Support Escalations
CUST013260,0.321,Revenue Decline
CUST008528,0.3208,Support Escalations
CUST012660,0.3207,Low NPS
CUST011951,0.3205,Low Usage
CUST012661,0.3205,Low NPS
CUST001401,0.3204,Support Escalations
CUST004517,0.3202,Low NPS
CUST001919,0.3201,Contract Expiry
CUST008527,0.32,Revenue Decline
CUST009252,0.32,Contract Expiry
CUST010551,0.32,Contract Expiry
CUST000489,0.3199,Low NPS
CUST002126,0.3198,Low NPS
CUST014217,0.3198,Contract Expiry
CUST014220,0.3198,Contract Expiry
CUST000156,0.3197,Support Escalations
CUST001619,0.3197,Low Usage
CUST013923,0.3196,Low Usage
CUST011547,0.3195,Revenue Decline
CUST002841,0.3194,Revenue Decline
CUST007250,0.3194,Support Escalations
CUST013701,0.3193,Contract Expiry
CUST014299,0.3193,Contract Expiry
CUST001355,0.3192,Low NPS
CUST010201,0.3191,Contract Expiry
CUST010020,0.319,Support Escalations
CUST014399,0.319,Support Escalations
CUST010833,0.3189,Revenue Decline
CUST002881,0.3188,Contract Expiry
CUST011728,0.3188,Low Usage
CUST003655,0.3187,Contract Expiry
CUST009788,0.3187,Revenue Decline
CUST007291,0.3185,Low NPS
CUST007038,0.3184,Revenue Decline
CUST013893,0.3184,Low Usage
CUST014933,0.3183,Low NPS
CUST002479,0.3182,Low Usage
CUST006530,0.3182,Contract Expiry
CUST006683,0.3182,Support Escalations
CUST004385,0.318,Contract Expiry
CUST011503,0.3178,Low Usage
CUST002088,0.3177,Revenue Decline
CUST006672,0.3177,Low NPS
CUST001910,0.3176,Support Escalations
CUST011127,0.3176,Low NPS
CUST014376,0.3176,Low NPS
CUST001302,0.3175,Low Usage
CUST002587,0.3175,Contract Expiry
CUST004215,0.3175,Low Usage
CUST005322,0.3174,Low NPS
CUST009277,0.3173,Low Usage
CUST009997,0.3172,Low Usage
CUST011096,0.3172,Revenue Decline
CUST003469,0.3171,Contract Expiry
CUST000215,0.317,Low NPS
CUST004148,0.317,Support Escalations
CUST000230,0.3168,Revenue Decline
CUST010862,0.3168,Revenue Decline
CUST003750,0.3167,Low Usage
CUST012035,0.3167,Contract Expiry
CUST013538,0.3167,Contract Expiry
CUST005349,0.3166,Contract Expiry
CUST009174,0.3166,Low NPS
CUST014553,0.3166,Support Escalations
CUST008566,0.3165,Low NPS
CUST011726,0.3165,Contract Expiry
CUST011910,0.3165,Low NPS
CUST012568,0.3165,Low Usage
CUST002079,0.3164,Low NPS
CUST014973,0.3164,Low Usage
CUST001729,0.3163,Low Usage
CUST000942,0.3162,Revenue Decline
CUST013249,0.3162,Revenue Decline
CUST001014,0.3161,Low NPS
CUST008229,0.3161,Low NPS
CUST002880,0.316,Low Usage
CUST003283,0.316,Support Escalations
CUST010766,0.3158,Contract Expiry
CUST000054,0.3156,Contract Expiry
CUST001987,0.3156,Low Usage
CUST003230,0.3156,Low NPS
CUST007444,0.3156,Low NPS
CUST007753,0.3156,Contract Expiry
CUST003421,0.3155,Support Escalations
CUST009140,0.3154,Low Usage
CUST013165,0.3154,Contract Expiry
CUST013319,0.3154,Support Escalations
CUST014476,0.3154,Contract Expiry
CUST000028,0.3153,Contract Expiry
CUST001057,0.3152,Low NPS
CUST007941,0.3152,Low Usage
CUST003004,0.3151,Revenue Decline
CUST004071,0.3151,Revenue Decline
CUST011643,0.3151,Low Usage
CUST000160,0.315,Support Escalations
CUST008238,0.315,Contract Expiry
CUST011695,0.315,Contract Expiry
CUST012526,0.315,Support Escalations
CUST008955,0.3149,Support Escalations
CUST009899,0.3149,Low Usage
CUST002940,0.3148,Revenue Decline
CUST005102,0.3148,Low Usage
CUST013432,0.3148,Support Escalations
CUST008935,0.3147,Contract Expiry
CUST009782,0.3147,Contract Expiry
CUST005651,0.3146,Support Escalations
CUST010769,0.3146,Support Escalations
CUST003222,0.3145,Revenue Decline
CUST003411,0.3145,Contract Expiry
CUST012482,0.3145,Contract Expiry
CUST005432,0.3144,Support Escalations
CUST010197,0.3144,Low Usage
CUST012892,0.3144,Contract Expiry
CUST006608,0.3143,Contract Expiry
CUST001470,0.3142,Support Escalations
CUST010376,0.3142,Support Escalations
CUST011039,0.3142,Contract Expiry
CUST012065,0.3142,Revenue Decline
CUST003648,0.314,Contract Expiry
CUST007275,0.314,Low Usage
CUST006385,0.3139,Low NPS
CUST007928,0.3139,Low Usage
CUST014102,0.3139,Low NPS
CUST005025,0.3137,Support Escalations
CUST006367,0.3137,Low Usage
CUST008023,0.3137,Low NPS
CUST013535,0.3137,Contract Expiry
CUST005574,0.3134,Support Escalations
CUST008127,0.3134,Contract Expiry
CUST001279,0.3133,Low NPS
CUST004698,0.3133,Support Escalations
CUST013383,0.3133,Low Usage
CUST001614,0.313,Support Escalations
CUST007008,0.313,Revenue Decline
CUST006398,0.3129,Contract Expiry
CUST012972,0.3129,Support Escalations
CUST009008,0.3128,Low Usage
CUST006174,0.3127,Contract Expiry
CUST006865,0.3127,Contract Expiry
CUST009049,0.3127,Low NPS
CUST004184,0.3126,Contract Expiry
CUST008502,0.3124,Low Usage
CUST007066,0.3122,Contract Expiry
CUST008165,0.3122,Low Usage
CUST006828,0.312,Low NPS
CUST009530,0.312,Low NPS
CUST000212,0.3119,Low NPS
CUST000861,0.3119,Contract Expiry
CUST004552,0.3119,Support Escalations
CUST007887,0.3119,Contract Expiry
CUST013887,0.3119,Contract Expiry
CUST010057,0.3118,Revenue Decline
CUST000745,0.3117,Contract Expiry
CUST002077,0.3116,Low NPS
CUST012539,0.3116,Support Escalations
CUST001452,0.3115,Support Escalations
CUST005861,0.3115,Low Usage
CUST010058,0.3115,Revenue Decline
CUST013598,0.3114,Revenue Decline
CUST012986,0.3113,Revenue Decline
CUST001707,0.3112,Low Usage
CUST009624,0.3112,Low NPS
CUST010067,0.3112,Low Usage
CUST014907,0.3112,Low NPS
CUST001898,0.3111,Contract Expiry
CUST001958,0.3111,Revenue Decline
CUST010210,0.3111,Support Escalations
CUST003679,0.311,Support Escalations
CUST004428,0.3108,Revenue Decline
CUST008091,0.3108,Low Usage
CUST010544,0.3108,Contract Expiry
CUST012617,0.3108,Low NPS
CUST004488,0.3107,Revenue Decline
CUST006526,0.3106,Contract Expiry
CUST008460,0.3106,Contract Expiry
CUST001420,0.3104,Revenue Decline
CUST006843,0.3104,Revenue Decline
CUST010423,0.3104,Low NPS
CUST006256,0.3103,Low NPS
CUST004228,0.3102,Low Usage
CUST005700,0.3102,Low Usage
CUST003742,0.3101,Support Escalations
CUST007244,0.3099,Support Escalations
CUST013791,0.3098,Contract Expiry
CUST001696,0.3097,Low NPS
CUST003122,0.3096,Low NPS
CUST011305,0.3096,Revenue Decline
CUST014830,0.3096,Low Usage
CUST002759,0.3094,Contract Expiry
CUST007018,0.3094,Support Escalations
CUST001284,0.3093,Revenue Decline
CUST012009,0.3093,Contract Expiry
CUST001300,0.3092,Low NPS
CUST002324,0.3092,Revenue Decline
CUST004022,0.3092,Support Escalations
CUST006029,0.3092,Support Escalations
CUST009877,0.3092,Low NPS
CUST000688,0.3091,Support Escalations
CUST014385,0.3091,Revenue Decline
CUST000410,0.309,Low NPS
CUST001501,0.309,Low Usage
CUST005716,0.3089,Low NPS
CUST006195,0.3089,Revenue Decline
CUST007208,0.3089,Low Usage
CUST008971,0.3089,Low Usage
CUST009248,0.3089,Contract Expiry
CUST000094,0.3087,Low NPS
CUST008466,0.3087,Revenue Decline
CUST014693,0.3087,Contract Expiry
CUST000863,0.3085,Contract Expiry
CUST001580,0.3084,Low NPS
CUST010040,0.3084,Contract Expiry
CUST013715,0.3084,Support Escalations
CUST014472,0.3084,Support Escalations
CUST004535,0.3083,Low Usage
CUST001132,0.3082,Low Usage
CUST006491,0.3082,Contract Expiry
CUST001932,0.308,Revenue Decline
CUST009020,0.308,Low NPS
CUST001062,0.3079,Low Usage
CUST009778,0.3079,Contract Expiry
CUST004124,0.3078,Low NPS
CUST007326,0.3078,Revenue Decline
CUST001922,0.3077,Low NPS
CUST003732,0.3077,Contract Expiry
CUST004246,0.3077,Support Escalations
CUST010236,0.3077,Revenue Decline
CUST014328,0.3076,Revenue Decline
CUST001352,0.3075,Support Escalations
CUST001404,0.3075,Low NPS
CUST003350,0.3075,Revenue Decline
CUST003183,0.3074,Revenue Decline
CUST004660,0.3074,Low Usage
CUST007082,0.3074,Support Escalations
CUST014374,0.3074,Revenue Decline
CUST010854,0.3073,Low Usage
CUST011658,0.3073,Low Usage
CUST014851,0.3072,Low Usage
CUST005986,0.3071,Low NPS
CUST010462,0.307,Support Escalations
CUST013198,0.307,Contract Expiry
CUST014852,0.307,Low Usage
CUST004472,0.3068,Revenue Decline
CUST005968,0.3068,Contract Expiry
CUST010137,0.3068,Contract Expiry
CUST011916,0.3068,Low NPS
CUST000731,0.3066,Revenue Decline
CUST011261,0.3066,Support Escalations
CUST000898,0.3065,Low Usage
CUST002868,0.3065,Revenue Decline
CUST000649,0.3064,Low NPS
CUST011736,0.3064,Low Usage
CUST007572,0.3063,Contract Expiry
CUST011961,0.3063,Contract Expiry
CUST005492,0.3062,Low NPS
CUST013094,0.3062,Support Escalations
CUST006308,0.306,Revenue Decline
CUST014508,0.306,Revenue Decline
CUST001965,0.3059,Low Usage
CUST005063,0.3059,Low Usage
CUST009601,0.3059,Support Escalations
CUST011359,0.3059,Revenue Decline
CUST009582,0.3058,Low Usage
CUST013023,0.3058,Low Usage
CUST009096,0.3057,Support Escalations
CUST013197,0.3057,Low Usage
CUST000262,0.3054,Revenue Decline
CUST007106,0.3054,Revenue Decline
CUST013802,0.3054,Low NPS
CUST010742,0.3051,Low NPS
CUST012878,0.305,Low Usage
CUST008440,0.3049,Low Usage
CUST006112,0.3047,Support Escalations
CUST006169,0.3047,Support Escalations
CUST000405,0.3045,Low NPS
CUST010209,0.3045,Low Usage
CUST012332,0.3045,Low NPS
CUST001437,0.3044,Revenue Decline
CUST003022,0.3043,Contract Expiry
CUST011513,0.3043,Revenue Decline
CUST001678,0.3042,Revenue Decline
CUST010342,0.3042,Contract Expiry
CUST000674,0.3041,Revenue Decline
CUST007056,0.3041,Contract Expiry
CUST008601,0.3041,Revenue Decline
CUST010612,0.3041,Low NPS
CUST013476,0.3041,Low Usage
CUST014413,0.3041,Contract Expiry
CUST002044,0.3039,Support Escalations
CUST007059,0.3038,Support Escalations
CUST002307,0.3036,Low NPS
CUST001172,0.3035,Revenue Decline
CUST008773,0.3035,Revenue Decline
CUST000345,0.3032,Support Escalations
CUST014741,0.303,Contract Expiry
CUST005782,0.3029,Contract Expiry
CUST011337,0.3029,Low NPS
CUST000064,0.3028,Support Escalations
CUST007741,0.3028,Low Usage
CUST010344,0.3028,Low Usage
CUST009556,0.3027,Revenue Decline
CUST003673,0.3026,Low NPS
CUST006941,0.3025,Revenue Decline
CUST008587,0.3025,Contract Expiry
CUST008746,0.3025,Low NPS
CUST009413,0.3025,Low Usage
CUST000467,0.3024,Contract Expiry
CUST011677,0.3024,Revenue Decline
CUST013021,0.3024,Low NPS
CUST012595,0.3023,Contract Expiry
CUST003279,0.3022,Revenue Decline
CUST007002,0.3022,Support Escalations
CUST009664,0.3022,Revenue Decline
CUST003271,0.3021,Contract Expiry
CUST004400,0.3021,Low NPS
CUST010349,0.3021,Low NPS
CUST005794,0.302,Low NPS
CUST010906,0.302,Low NPS
CUST000839,0.3018,Contract Expiry
CUST013419,0.3018,Support Escalations
CUST002659,0.3017,Support Escalations
CUST003205,0.3017,Revenue Decline
CUST010047,0.3016,Low NPS
CUST010564,0.3016,Low Usage
CUST009526,0.3015,Support Escalations
CUST014616,0.3015,Support Escalations
CUST003542,0.3014,Revenue Decline
CUST003811,0.3014,Low NPS
CUST011976,0.3014,Low Usage
CUST002487,0.3013,Support Escalations
CUST004612,0.3011,Support Escalations
CUST012771,0.3011,Low NPS
CUST008553,0.301,Revenue Decline
CUST012554,0.301,Contract Expiry
CUST002843,0.3009,Low NPS
CUST007314,0.3009,Low Usage
CUST003958,0.3008,Revenue Decline
CUST012694,0.3008,Low Usage
CUST012863,0.3008,Low NPS
CUST012634,0.3006,Low NPS
CUST013996,0.3006,Revenue Decline
CUST002080,0.3005,Low NPS
CUST002594,0.3004,Contract Expiry
CUST006646,0.3004,Revenue Decline
CUST000622,0.3003,Low NPS
CUST001825,0.3003,Low NPS
CUST003170,0.3003,Low Usage
CUST014581,0.3003,Low NPS
CUST010060,0.3002,Revenue Decline
CUST001128,0.3001,Contract Expiry
CUST002585,0.3001,Support Escalations
CUST003723,0.3001,Revenue Decline
CUST013865,0.3001,Low Usage
CUST011179,0.3,Support Escalations
CUST002424,0.2999,Low Usage
CUST000347,0.2997,Support Escalations
CUST008299,0.2997,Low NPS
CUST012269,0.2997,Revenue Decline
CUST007373,0.2996,Low NPS
CUST009447,0.2996,Low NPS
CUST010649,0.2996,Low NPS
CUST012765,0.2993,Revenue Decline
CUST013525,0.2993,Contract Expiry
CUST011673,0.2991,Low Usage
CUST007547,0.2989,Contract Expiry
CUST003757,0.2988,Revenue Decline
CUST005787,0.2987,Low Usage
CUST014827,0.2987,Low Usage
CUST002135,0.2986,Revenue Decline
CUST005629,0.2986,Contract Expiry
CUST005436,0.2985,Low Usage
CUST005527,0.2985,Support Escalations
CUST007861,0.2985,Revenue Decline
CUST009012,0.2985,Low Usage
CUST003244,0.2983,Support Escalations
CUST010911,0.2983,Low NPS
CUST001379,0.2982,Low NPS
CUST004655,0.2982,Contract Expiry
CUST000905,0.2981,Low NPS
CUST003852,0.2981,Low NPS
CUST005388,0.2981,Revenue Decline
CUST007205,0.2979,Revenue Decline
CUST007804,0.2978,Revenue Decline
CUST012092,0.2977,Revenue Decline
CUST000006,0.2976,Low NPS
CUST005080,0.2976,Contract Expiry
CUST009017,0.2976,Contract Expiry
CUST010669,0.2974,Low NPS
CUST000305,0.2973,Support Escalations
CUST012195,0.2972,Low Usage
CUST012936,0.297,Support Escalations
CUST013437,0.297,Revenue Decline
CUST013540,0.297,Support Escalations
CUST001737,0.2969,Low NPS
CUST010555,0.2969,Revenue Decline
CUST009060,0.2968,Contract Expiry
CUST013790,0.2968,Contract Expiry
CUST000279,0.2966,Low Usage
CUST000282,0.2966,Low NPS
CUST008337,0.2965,Support Escalations
CUST010228,0.2963,Support Escalations
CUST010508,0.2963,Revenue Decline
CUST002549,0.2961,Low Usage
CUST005955,0.2961,Low NPS
CUST014165,0.2961,Contract Expiry
CUST007076,0.296,Support Escalations
CUST008067,0.296,Support Escalations
CUST001991,0.2959,Low Usage
CUST007358,0.2959,Low Usage
CUST012859,0.2959,Revenue Decline
CUST014089,0.2959,Low Usage
CUST008433,0.2958,Revenue Decline
CUST002262,0.2957,Support Escalations
CUST005064,0.2956,Contract Expiry
CUST007519,0.2956,Revenue Decline
CUST008357,0.2956,Low Usage
CUST012722,0.2956,Support Escalations
CUST013282,0.2956,Low NPS
CUST004243,0.2955,Low Usage
CUST003085,0.2954,Contract Expiry
CUST005184,0.2954,Low Usage
CUST004012,0.2952,Low Usage
CUST011271,0.2952,Revenue Decline
CUST012087,0.2952,Contract Expiry
CUST005565,0.2951,Support Escalations
CUST010870,0.2951,Low Usage
CUST011085,0.2951,Contract Expiry
CUST000695,0.295,Revenue Decline
CUST000444,0.2949,Low NPS
CUST005164,0.2949,Support Escalations
CUST008754,0.2949,Contract Expiry
CUST011622,0.2949,Revenue Decline
CUST014754,0.2949,Contract Expiry
CUST008429,0.2948,Low Usage
CUST011460,0.2946,Low NPS
CUST006597,0.2945,Low NPS
CUST008423,0.2945,Low Usage
CUST010304,0.2945,Low Usage
CUST005800,0.2943,Support Escalations
CUST008467,0.2943,Support Escalations
CUST013737,0.2943,Revenue Decline
CUST003736,0.2942,Low NPS
CUST005706,0.2942,Contract Expiry
CUST007311,0.2942,Support Escalations
CUST004896,0.2941,Low Usage
CUST010550,0.2939,Low Usage
CUST009517,0.2938,Contract Expiry
CUST004182,0.2937,Contract Expiry
CUST001913,0.2936,Support Escalations
CUST009652,0.2934,Low NPS
CUST008761,0.2933,Low NPS
CUST005170,0.2932,Contract Expiry
CUST009345,0.2932,Low NPS
CUST006273,0.2929,Low NPS
CUST014551,0.2929,Support Escalations
CUST014740,0.2929,Revenue Decline
CUST012444,0.2928,Contract Expiry
CUST010514,0.2926,Support Escalations
CUST003016,0.2925,Revenue Decline
CUST010072,0.2925,Contract Expiry
CUST003406,0.2924,Low Usage
CUST004206,0.2924,Revenue Decline
CUST002145,0.2923,Low NPS
CUST006937,0.2923,Low NPS
CUST002932,0.2922,Low NPS
CUST003360,0.2922,Contract Expiry
CUST006506,0.2922,Low Usage
CUST007226,0.2922,Contract Expiry
CUST005374,0.2921,Revenue Decline
CUST008108,0.2921,Low Usage
CUST010283,0.2921,Low Usage
CUST003306,0.292,Support Escalations
CUST013750,0.292,Low NPS
CUST000142,0.2918,Support Escalations
CUST001122,0.2918,Contract Expiry
CUST006808,0.2918,Low NPS
CUST012907,0.2918,Low Usage
CUST001741,0.2917,Support Escalations
CUST007019,0.2917,Support Escalations
CUST008800,0.2916,Low NPS
CUST003534,0.2915,Low NPS
CUST009048,0.2915,Support Escalations
CUST013596,0.2915,Low Usage
CUST005586,0.2914,Contract Expiry
CUST008951,0.2914,Low NPS
CUST014556,0.2914,Revenue Decline
CUST001263,0.2913,Low Usage
CUST013037,0.2913,Support Escalations
CUST007792,0.2912,Contract Expiry
CUST013004,0.2912,Contract Expiry
CUST007163,0.2911,Support Escalations
CUST001685,0.291,Support Escalations
CUST004882,0.291,Support Escalations
CUST011998,0.291,Low NPS
CUST011040,0.2909,Low NPS
CUST011134,0.2908,Low Usage
CUST006274,0.2907,Revenue Decline
CUST004868,0.2906,Low Usage
CUST006264,0.2906,Contract Expiry
CUST003106,0.2905,Revenue Decline
CUST012682,0.2905,Revenue Decline
CUST014425,0.2905,Low NPS
CUST009365,0.2903,Low Usage
CUST006515,0.2902,Support Escalations
CUST013992,0.2902,Revenue Decline
CUST012823,0.2901,Low NPS
CUST007138,0.2898,Low Usage
CUST009078,0.2898,Contract Expiry
CUST000170,0.2897,Contract Expiry
CUST000584,0.2897,Low Usage
CUST000900,0.2897,Contract Expiry
CUST004196,0.2897,Low Usage
CUST002017,0.2896,Contract Expiry
CUST008016,0.2895,Revenue Decline
CUST010738,0.2894,Low Usage
CUST004834,0.2893,Revenue Decline
CUST005628,0.2893,Contract Expiry
CUST001751,0.2892,Revenue Decline
CUST012406,0.2892,Revenue Decline
CUST004791,0.2891,Contract Expiry
CUST012077,0.2891,Low NPS
CUST010277,0.289,Contract Expiry
CUST006110,0.2888,Revenue Decline
CUST004731,0.2886,Low NPS
CUST005936,0.2885,Contract Expiry
CUST010276,0.2885,Low NPS
CUST002141,0.2884,Support Escalations
CUST008132,0.2881,Low NPS
CUST010205,0.2881,Low Usage
CUST001786,0.288,Low NPS
CUST001590,0.2879,Support Escalations
CUST012034,0.2878,Low NPS
CUST001169,0.2877,Low NPS
CUST009213,0.2877,Contract Expiry
CUST010331,0.2876,Contract Expiry
CUST013884,0.2876,Support Escalations
CUST001091,0.2875,Revenue Decline
CUST002616,0.2875,Low NPS
CUST009227,0.2875,Support Escalations
CUST012186,0.2874,Low NPS
CUST003447,0.2873,Low Usage
CUST003903,0.2873,Revenue Decline
CUST011090,0.2873,Low NPS
CUST008249,0.2871,Revenue Decline
CUST008136,0.287,Low Usage
CUST010582,0.287,Low NPS
CUST006807,0.2868,Low NPS
CUST005848,0.2867,Contract Expiry
CUST009416,0.2867,Support Escalations
CUST009824,0.2867,Support Escalations
CUST013289,0.2866,Low NPS
CUST006417,0.2865,Contract Expiry
CUST004839,0.2864,Low NPS
CUST014533,0.2863,Revenue Decline
CUST000889,0.2862,Support Escalations
CUST011928,0.2862,Revenue Decline
CUST012967,0.2862,Contract Expiry
CUST000943,0.2861,Low NPS
CUST003400,0.286,Low Usage
CUST011218,0.286,Low Usage
CUST006555,0.2859,Support Escalations
CUST011276,0.2859,Low Usage
CUST002075,0.2858,Revenue Decline
CUST006637,0.2858,Contract Expiry
CUST009515,0.2858,Revenue Decline
CUST010327,0.2858,Contract Expiry
CUST002065,0.2857,Revenue Decline
CUST003762,0.2857,Low NPS
CUST004452,0.2855,Low Usage
CUST009581,0.2855,Low Usage
CUST000079,0.2853,Contract Expiry
CUST008427,0.2853,Support Escalations
CUST010475,0.2853,Revenue Decline
CUST013639,0.2853,Low Usage
CUST001839,0.2852,Low Usage
CUST008500,0.2852,Revenue Decline
CUST005060,0.2851,Support Escalations
CUST011563,0.2851,Low Usage
CUST010896,0.2848,Support Escalations
CUST003242,0.2847,Contract Expiry
CUST011721,0.2847,Support Escalations
CUST004108,0.2846,Low NPS
CUST003071,0.2845,Contract Expiry
CUST005675,0.2845,Low NPS
CUST001429,0.2843,Support Escalations
CUST001702,0.2843,Revenue Decline
CUST002326,0.2843,Revenue Decline
CUST001135,0.2842,Revenue Decline
CUST001521,0.2842,Low Usage
CUST001578,0.2842,Support Escalations
CUST007819,0.2842,Support Escalations
CUST010860,0.2842,Contract Expiry
CUST014673,0.2842,Support Escalations
CUST014984,0.2842,Low Usage
CUST001400,0.2841,Revenue Decline
CUST003602,0.2841,Support Escalations
CUST006113,0.2841,Contract Expiry
CUST008368,0.284,Low Usage
CUST002260,0.2839,Support Escalations
CUST005282,0.2838,Support Escalations
CUST007427,0.2838,Low NPS
CUST003478,0.2837,Low Usage
CUST010084,0.2837,Low NPS
CUST011442,0.2837,Contract Expiry
CUST008688,0.2834,Contract Expiry
CUST013206,0.2833,Low Usage
CUST003961,0.2832,Low NPS
CUST007641,0.2831,Revenue Decline
CUST003281,0.2829,Low Usage
CUST003388,0.2829,Revenue Decline
CUST012636,0.2829,Support Escalations
CUST009988,0.2828,Low NPS
CUST010493,0.2827,Low Usage
CUST010053,0.2826,Low Usage
CUST007937,0.2825,Low NPS
CUST005657,0.2824,Support Escalations
CUST006991,0.2824,Contract Expiry
CUST009264,0.2824,Contract Expiry
CUST009754,0.2824,Low NPS
CUST011808,0.2823,Contract Expiry
CUST007776,0.2822,Low NPS
CUST000600,0.2821,Revenue Decline
CUST001906,0.2821,Low NPS
CUST009388,0.2818,Low NPS
CUST012013,0.2818,Revenue Decline
CUST014571,0.2818,Low Usage
CUST009667,0.2817,Support Escalations
CUST003789,0.2815,Support Escalations
CUST003876,0.2814,Contract Expiry
CUST007329,0.2814,Revenue Decline
CUST007774,0.2814,Low Usage
CUST012335,0.2814,Revenue Decline
CUST004601,0.2813,Support Escalations
CUST006702,0.2813,Low NPS
CUST012876,0.2812,Low NPS
CUST013400,0.2812,Low NPS
CUST010168,0.2811,Low NPS
CUST014963,0.2811,Low Usage
CUST014412,0.281,Revenue Decline
CUST006690,0.2808,Contract Expiry
CUST010244,0.2808,Low NPS
CUST012996,0.2808,Revenue Decline
CUST002827,0.2807,Low NPS
CUST014480,0.2807,Low NPS
CUST013042,0.2806,Low NPS
CUST010546,0.2805,Low Usage
CUST013366,0.2805,Revenue Decline
CUST010547,0.2804,Revenue Decline
CUST004462,0.2803,Support Escalations
CUST012477,0.2803,Contract Expiry
CUST012611,0.2803,Support Escalations
CUST014181,0.2803,Revenue Decline
CUST000914,0.2802,Support Escalations
CUST006660,0.2802,Revenue Decline
CUST007062,0.2802,Support Escalations
CUST009167,0.2802,Low NPS
CUST009895,0.2802,Low NPS
CUST004727,0.2801,Support Escalations
CUST009836,0.2801,Low NPS
CUST001497,0.28,Low NPS
CUST001887,0.2799,Revenue Decline
CUST002053,0.2799,Revenue Decline
CUST007104,0.2799,Low Usage
CUST012047,0.2799,Low NPS
CUST012200,0.2799,Low Usage
CUST012988,0.2799,Low Usage
CUST014301,0.2799,Revenue Decline
CUST014857,0.2799,Contract Expiry
CUST004468,0.2798,Support Escalations
CUST007067,0.2798,Low NPS
CUST004683,0.2797,Low Usage
CUST010872,0.2797,Support Escalations
CUST011772,0.2796,Revenue Decline
CUST011053,0.2795,Support Escalations
CUST000853,0.2794,Revenue Decline
CUST010203,0.2794,Low Usage
CUST000848,0.2793,Low NPS
CUST005158,0.2792,Support Escalations
CUST008701,0.2792,Revenue Decline
CUST009190,0.2792,Support Escalations
CUST011740,0.2792,Low Usage
CUST000642,0.2791,Support Escalations
CUST002552,0.2791,Support Escalations
CUST002780,0.2791,Low Usage
CUST004638,0.2791,Low NPS
CUST008888,0.2791,Low Usage
CUST004686,0.279,Contract Expiry
CUST004930,0.2789,Contract Expiry
CUST014466,0.2789,Low NPS
CUST000338,0.2788,Low Usage
CUST005743,0.2788,Contract Expiry
CUST007625,0.2788,Low NPS
CUST008462,0.2788,Low Usage
CUST009085,0.2788,Low NPS
CUST001070,0.2787,Support Escalations
CUST014063,0.2787,Contract Expiry
CUST011058,0.2786,Support Escalations
CUST011081,0.2785,Contract Expiry
CUST000782,0.2783,Contract Expiry
CUST002005,0.2783,Low Usage
CUST000994,0.2782,Low NPS
CUST006901,0.2782,Revenue Decline
CUST007146,0.2782,Low Usage
CUST007544,0.2782,Revenue Decline
CUST013141,0.2781,Revenue Decline
CUST006033,0.2779,Support Escalations
CUST008908,0.2779,Contract Expiry
CUST001606,0.2778,Support Escalations
CUST010221,0.2778,Low Usage
CUST013136,0.2778,Support Escalations
CUST001304,0.2777,Low Usage
CUST006143,0.2777,Support Escalations
CUST008200,0.2775,Revenue Decline
CUST013863,0.2775,Low Usage
CUST000906,0.2774,Revenue Decline
CUST012102,0.2774,Low Usage
CUST003827,0.2772,Revenue Decline
CUST011702,0.2772,Low Usage
CUST013160,0.2772,Contract Expiry
CUST010874,0.2771,Support Escalations
CUST012742,0.2771,Contract Expiry
CUST005206,0.277,Revenue Decline
CUST009291,0.277,Low Usage
CUST012370,0.277,Contract Expiry
CUST013369,0.277,Low NPS
CUST000321,0.2769,Low Usage
CUST004550,0.2769,Low Usage
CUST000033,0.2768,Contract Expiry
CUST005295,0.2768,Revenue Decline
CUST006728,0.2768,Contract Expiry
CUST003891,0.2766,Low Usage
CUST010111,0.2766,Contract Expiry
CUST011927,0.2762,Support Escalations
CUST004990,0.2761,Support Escalations
CUST009675,0.2761,Low Usage
CUST010075,0.2761,Contract Expiry
CUST007216,0.276,Revenue Decline
CUST009105,0.2759,Low Usage
CUST013139,0.2759,Low NPS
CUST004884,0.2758,Low NPS
CUST012926,0.2757,Revenue Decline
CUST014900,0.2757,Low Usage
CUST001834,0.2755,Low Usage
CUST003824,0.2755,Revenue Decline
CUST005161,0.2754,Revenue Decline
CUST002222,0.2751,Low NPS
CUST003853,0.2751,Low Usage
CUST007253,0.2751,Contract Expiry
CUST003781,0.275,Low Usage
CUST010138,0.275,Low NPS
CUST001321,0.2749,Revenue Decline
CUST006740,0.2749,Contract Expiry
CUST003890,0.2748,Contract Expiry
CUST003972,0.2747,Contract Expiry
CUST003647,0.2746,Low Usage
CUST009678,0.2746,Low NPS
CUST009773,0.2746,Low Usage
CUST014213,0.2746,Low NPS
CUST004348,0.2745,Low NPS
CUST007412,0.2745,Low NPS
CUST014438,0.2745,Low NPS
CUST004503,0.2744,Revenue Decline
CUST009189,0.2744,Revenue Decline
CUST009568,0.2744,Revenue Decline
CUST010758,0.2744,Revenue Decline
CUST012136,0.2744,Low Usage
CUST008060,0.2743,Revenue Decline
CUST004219,0.2742,Contract Expiry
CUST012001,0.2742,Revenue Decline
CUST006051,0.274,Revenue Decline
CUST007406,0.274,Contract Expiry
CUST010340,0.274,Contract Expiry
CUST006191,0.2739,Low NPS
CUST011295,0.2739,Support Escalations
CUST012961,0.2739,Low Usage
CUST005546,0.2738,Low NPS
CUST014927,0.2738,Low Usage
CUST001125,0.2737,Contract Expiry
CUST006559,0.2737,Low Usage
CUST002779,0.2735,Revenue Decline
CUST011256,0.2735,Support Escalations
CUST005894,0.2734,Low NPS
CUST001073,0.2733,Revenue Decline
CUST007449,0.2733,Revenue Decline
CUST009246,0.2733,Low NPS
CUST002265,0.2732,Low Usage
CUST007658,0.2732,Support Escalations
CUST003983,0.2731,Low Usage
CUST013326,0.2731,Contract Expiry
CUST002590,0.273,Support Escalations
CUST010878,0.273,Support Escalations
CUST014177,0.273,Revenue Decline
CUST004217,0.2729,Revenue Decline
CUST004011,0.2728,Support Escalations
CUST007299,0.2728,Contract Expiry
CUST011045,0.2728,Contract Expiry
CUST002908,0.2727,Support Escalations
CUST009476,0.2727,Low NPS
CUST011095,0.2726,Low NPS
CUST011987,0.2726,Support Escalations
CUST012413,0.2726,Low NPS
CUST001824,0.2725,Contract Expiry
CUST008801,0.2725,Contract Expiry
CUST007428,0.2724,Contract Expiry
CUST010980,0.2724,Low NPS
CUST014563,0.2724,Revenue Decline
CUST009185,0.2723,Contract Expiry
CUST013906,0.2723,Low Usage
CUST009547,0.272,Contract Expiry
CUST008812,0.2719,Support Escalations
CUST013946,0.2717,Support Escalations
CUST007174,0.2716,Support Escalations
CUST008646,0.2716,Low Usage
CUST009027,0.2716,Support Escalations
CUST009226,0.2716,Low Usage
CUST001562,0.2715,Revenue Decline
CUST009006,0.2714,Support Escalations
CUST014756,0.2714,Low NPS
CUST007210,0.2713,Support Escalations
CUST012081,0.2713,Revenue Decline
CUST012802,0.2713,Support Escalations
CUST004588,0.2711,Contract Expiry
CUST010814,0.2711,Support Escalations
CUST003803,0.271,Revenue Decline
CUST004501,0.2709,Contract Expiry
CUST006963,0.2709,Support Escalations
CUST010257,0.2709,Low NPS
CUST014046,0.2707,Low Usage
CUST007447,0.2706,Low NPS
CUST011963,0.2706,Low Usage
CUST013070,0.2706,Revenue Decline
CUST006309,0.2705,Contract Expiry
CUST011143,0.2705,Low Usage
CUST012842,0.2705,Low Usage
CUST006218,0.2704,Revenue Decline
CUST011921,0.2704,Contract Expiry
CUST001849,0.2703,Revenue Decline
CUST001058,0.2702,Revenue Decline
CUST005671,0.2702,Support Escalations
CUST008581,0.2702,Low NPS
CUST009837,0.2701,Low Usage
CUST001712,0.27,Contract Expiry
CUST003099,0.27,Revenue Decline
CUST005999,0.27,Low NPS
CUST008220,0.27,Revenue Decline
CUST002890,0.2699,Low NPS
CUST010904,0.2699,Support Escalations
CUST000034,0.2698,Revenue Decline
CUST001075,0.2697,Support Escalations
CUST003697,0.2696,Low NPS
CUST009123,0.2696,Support Escalations
CUST011084,0.2696,Revenue Decline
CUST001852,0.2694,Low NPS
CUST001552,0.2693,Low Usage
CUST001827,0.2693,Low Usage
CUST005403,0.2692,Support Escalations
CUST007820,0.2692,Contract Expiry
CUST009067,0.269,Revenue Decline
CUST001371,0.2688,Revenue Decline
CUST001484,0.2688,Low NPS
CUST006078,0.2687,Support Escalations
CUST002930,0.2686,Support Escalations
CUST009922,0.2686,Low Usage
CUST004465,0.2685,Revenue Decline
CUST004883,0.2685,Low Usage
CUST007508,0.2685,Support Escalations
CUST012854,0.2685,Contract Expiry
CUST001826,0.2684,Support Escalations
CUST009620,0.2684,Support Escalations
CUST002019,0.2682,Revenue Decline
CUST006875,0.2682,Low Usage
CUST011945,0.2682,Low NPS
CUST013314,0.2682,Revenue Decline
CUST000500,0.2681,Revenue Decline
CUST005054,0.268,Contract Expiry
CUST013277,0.268,Low NPS
CUST000952,0.2679,Revenue Decline
CUST003783,0.2679,Support Escalations
CUST006591,0.2679,Low NPS
CUST009278,0.2679,Low Usage
CUST011336,0.2679,Contract Expiry
CUST011964,0.2679,Low Usage
CUST003704,0.2678,Support Escalations
CUST004955,0.2678,Contract Expiry
CUST000557,0.2677,Contract Expiry
CUST001810,0.2677,Low NPS
CUST005459,0.2677,Revenue Decline
CUST009092,0.2677,Low Usage
CUST003565,0.2676,Revenue Decline
CUST013985,0.2675,Contract Expiry
CUST006405,0.2674,Contract Expiry
CUST002192,0.2673,Contract Expiry
CUST009112,0.2673,Low NPS
CUST003539,0.2672,Support Escalations
CUST000189,0.267,Support Escalations
CUST003640,0.2669,Low Usage
CUST004952,0.2669,Low NPS
CUST012716,0.2669,Support Escalations
CUST014983,0.2669,Revenue Decline
CUST002957,0.2666,Low Usage
CUST014796,0.2666,Support Escalations
CUST002470,0.2665,Support Escalations
CUST003988,0.2665,Low Usage
CUST004267,0.2665,Revenue Decline
CUST007418,0.2665,Revenue Decline
CUST008334,0.2665,Contract Expiry
CUST010744,0.2665,Contract Expiry
CUST014439,0.2664,Low Usage
CUST000989,0.2663,Support Escalations
CUST002352,0.2663,Low NPS
CUST007563,0.2663,Low NPS
CUST009397,0.2663,Support Escalations
CUST010366,0.2663,Low NPS
CUST011968,0.2662,Revenue Decline
CUST003638,0.2661,Support Escalations
CUST011798,0.2661,Low NPS
CUST014552,0.2661,Revenue Decline
CUST004244,0.266,Low NPS
CUST001874,0.2659,Revenue Decline
CUST008139,0.2659,Revenue Decline
CUST012811,0.2659,Contract Expiry
CUST013328,0.2658,Support Escalations
CUST005512,0.2657,Revenue Decline
CUST006818,0.2657,Contract Expiry
CUST013387,0.2656,Revenue Decline
CUST006542,0.2655,Low NPS
CUST013573,0.2655,Contract Expiry
CUST010059,0.2653,Support Escalations
CUST012620,0.2651,Low Usage
CUST012931,0.265,Revenue Decline
CUST013600,0.265,Support Escalations
CUST012216,0.2649,Support Escalations
CUST013757,0.2649,Revenue Decline
CUST001442,0.2648,Support Escalations
CUST001766,0.2648,Support Escalations
CUST004314,0.2648,Revenue Decline
CUST006022,0.2647,Revenue Decline
CUST010675,0.2647,Contract Expiry
CUST011536,0.2647,Support Escalations
CUST009196,0.2646,Support Escalations
CUST003706,0.2644,Contract Expiry
CUST004592,0.2644,Low Usage
CUST009791,0.2644,Contract Expiry
CUST004331,0.2643,Low NPS
CUST010332,0.2643,Support Escalations
CUST000239,0.2642,Revenue Decline
CUST006604,0.2642,Low NPS
CUST004520,0.2641,Contract Expiry
CUST012166,0.2641,Revenue Decline
CUST004713,0.2638,Revenue Decline
CUST009255,0.2636,Low Usage
CUST012320,0.2636,Low Usage
CUST005865,0.2635,Low Usage
CUST008703,0.2635,Support Escalations
CUST010597,0.2635,Support Escalations
CUST012489,0.2635,Support Escalations
CUST004445,0.2633,Low Usage
CUST008558,0.2633,Contract Expiry
CUST003888,0.2632,Support Escalations
CUST004938,0.2631,Revenue Decline
CUST007895,0.2631,Support Escalations
CUST008797,0.2631,Low NPS
CUST009132,0.263,Contract Expiry
CUST010856,0.2629,Support Escalations
CUST000570,0.2628,Revenue Decline
CUST007151,0.2628,Support Escalations
CUST005916,0.2627,Support Escalations
CUST008029,0.2626,Support Escalations
CUST010002,0.2626,Revenue Decline
CUST010829,0.2622,Contract Expiry
CUST011960,0.2622,Low NPS
CUST005842,0.2621,Low Usage
CUST007867,0.2621,Revenue Decline
CUST002214,0.262,Revenue Decline
CUST011477,0.262,Low NPS
CUST013027,0.262,Contract Expiry
CUST007398,0.2619,Support Escalations
CUST001784,0.2618,Contract Expiry
CUST002259,0.2618,Low NPS
CUST003526,0.2618,Low NPS
CUST004231,0.2618,Low NPS
CUST010087,0.2618,Support Escalations
CUST004153,0.2617,Support Escalations
CUST006321,0.2616,Contract Expiry
CUST014090,0.2616,Low NPS
CUST001209,0.2615,Contract Expiry
CUST003266,0.2615,Support Escalations
CUST006360,0.2615,Low NPS
CUST004261,0.2614,Revenue Decline
CUST006588,0.2614,Support Escalations
CUST010211,0.2614,Low Usage
CUST005174,0.2613,Low Usage
CUST006231,0.2613,Low Usage
CUST006915,0.2613,Low NPS
CUST010804,0.2613,Support Escalations
CUST012162,0.2613,Low NPS
CUST005663,0.2612,Contract Expiry
CUST012881,0.2612,Support Escalations
CUST005673,0.2611,Low Usage
CUST007380,0.2611,Low Usage
CUST009972,0.2611,Low NPS
CUST010739,0.2611,Revenue Decline
CUST012176,0.2611,Contract Expiry
CUST001594,0.261,Support Escalations
CUST007612,0.261,Low NPS
CUST011380,0.261,Support Escalations
CUST011985,0.261,Contract Expiry
CUST001183,0.2609,Revenue Decline
CUST007521,0.2609,Contract Expiry
CUST010136,0.2609,Low NPS
CUST000269,0.2608,Low Usage
CUST002328,0.2607,Contract Expiry
CUST008063,0.2607,Support Escalations
CUST002878,0.2606,Support Escalations
CUST004800,0.2606,Revenue Decline
CUST012131,0.2606,Support Escalations
CUST000841,0.2605,Revenue Decline
CUST000880,0.2605,Support Escalations
CUST006013,0.2605,Low NPS
CUST012104,0.2603,Revenue Decline
CUST006467,0.2602,Low NPS
CUST011126,0.2601,Support Escalations
CUST005247,0.26,Low Usage
CUST005250,0.26,Support Escalations
CUST012207,0.2599,Revenue Decline
CUST014770,0.2599,Support Escalations
CUST007372,0.2598,Low Usage
CUST007911,0.2598,Low NPS
CUST002481,0.2597,Support Escalations
CUST008682,0.2597,Low Usage
CUST003120,0.2596,Support Escalations
CUST005113,0.2596,Support Escalations
CUST005238,0.2596,Contract Expiry
CUST005828,0.2596,Low Usage
CUST007643,0.2596,Low NPS
CUST014198,0.2596,Low NPS
CUST004779,0.2595,Support Escalations
CUST009053,0.2593,Low NPS
CUST012499,0.2593,Low Usage
CUST004142,0.2592,Support Escalations
CUST005191,0.2591,Revenue Decline
CUST005353,0.2591,Low Usage
CUST004776,0.259,Low Usage
CUST003548,0.2589,Low NPS
CUST013443,0.2589,Revenue Decline
CUST006177,0.2587,Low Usage
CUST009616,0.2587,Support Escalations
CUST010859,0.2587,Revenue Decline
CUST014913,0.2586,Revenue Decline
CUST004707,0.2585,Support Escalations
CUST000497,0.2584,Low NPS
CUST004841,0.2584,Support Escalations
CUST005362,0.2584,Support Escalations
CUST007120,0.2584,Low NPS
CUST011057,0.2584,Contract Expiry
CUST002535,0.2583,Support Escalations
CUST002808,0.2583,Low Usage
CUST001859,0.2582,Low Usage
CUST008696,0.2581,Low NPS
CUST010857,0.2581,Low NPS
CUST006488,0.258,Low NPS
CUST001336,0.2579,Support Escalations
CUST000145,0.2577,Support Escalations
CUST003382,0.2577,Revenue Decline
CUST000591,0.2576,Contract Expiry
CUST011170,0.2576,Low NPS
CUST003797,0.2574,Low NPS
CUST001974,0.2573,Low NPS
CUST002219,0.2573,Contract Expiry
CUST007701,0.2573,Low NPS
CUST010810,0.2572,Contract Expiry
CUST010930,0.2571,Low NPS
CUST000837,0.257,Low NPS
CUST003695,0.257,Contract Expiry
CUST006134,0.257,Contract Expiry
CUST012953,0.2569,Low Usage
CUST013214,0.2569,Revenue Decline
CUST005300,0.2568,Low NPS
CUST006976,0.2567,Revenue Decline
CUST009336,0.2567,Low Usage
CUST013798,0.2567,Support Escalations
CUST002224,0.2566,Low NPS
CUST013394,0.2566,Revenue Decline
CUST010262,0.2565,Low NPS
CUST010415,0.2565,Support Escalations
CUST010969,0.2565,Low Usage
CUST012168,0.2561,Low Usage
CUST013416,0.2561,Revenue Decline
CUST013939,0.256,Low NPS
CUST008933,0.2559,Revenue Decline
CUST012599,0.2559,Contract Expiry
CUST007222,0.2558,Support Escalations
CUST006116,0.2557,Contract Expiry
CUST009194,0.2557,Support Escalations
CUST000529,0.2555,Low Usage
CUST009321,0.2555,Revenue Decline
CUST008133,0.2554,Low Usage
CUST002055,0.2553,Low Usage
CUST014382,0.2553,Support Escalations
CUST014651,0.2553,Low Usage
CUST004562,0.2552,Support Escalations
CUST005980,0.2552,Contract Expiry
CUST002475,0.255,Support Escalations
CUST014595,0.255,Contract Expiry
CUST004684,0.2549,Support Escalations
CUST012192,0.2549,Support Escalations
CUST014205,0.2549,Support Escalations
CUST008893,0.2547,Low Usage
CUST012807,0.2547,Revenue Decline
CUST014203,0.2547,Low Usage
CUST002852,0.2546,Low Usage
CUST006480,0.2546,Low Usage
CUST001255,0.2544,Low NPS
CUST006047,0.2544,Contract Expiry
CUST014775,0.2544,Revenue Decline
CUST000858,0.2543,Contract Expiry
CUST000615,0.2542,Revenue Decline
CUST002203,0.2542,Revenue Decline
CUST006749,0.254,Revenue Decline
CUST013327,0.254,Contract Expiry
CUST006607,0.2539,Low Usage
CUST001539,0.2538,Low Usage
CUST014731,0.2538,Contract Expiry
CUST002370,0.2537,Low NPS
CUST014023,0.2537,Low NPS
CUST000985,0.2536,Low Usage
CUST013753,0.2536,Revenue Decline
CUST014272,0.2536,Low NPS
CUST000109,0.2535,Low Usage
CUST000950,0.2534,Support Escalations
CUST013632,0.2534,Revenue Decline
CUST007101,0.2532,Low Usage
CUST008668,0.2532,Revenue Decline
CUST002586,0.2531,Support Escalations
CUST006874,0.2531,Low Usage
CUST011784,0.2531,Low NPS
CUST000891,0.2529,Low Usage
CUST008420,0.2528,Low Usage
CUST000526,0.2527,Low Usage
CUST005081,0.2527,Low NPS
CUST009576,0.2527,Contract Expiry
CUST009805,0.2527,Low NPS
CUST010214,0.2525,Support Escalations
CUST006978,0.2524,Revenue Decline
CUST012696,0.2523,Contract Expiry
CUST013393,0.2523,Low Usage
CUST013637,0.2522,Low NPS
CUST014324,0.2522,Low Usage
CUST003038,0.2521,Contract Expiry
CUST002031,0.2516,Revenue Decline
CUST001604,0.2513,Low Usage
CUST001694,0.2511,Revenue Decline
CUST005049,0.2511,Low Usage
CUST008445,0.2511,Low Usage
CUST008681,0.2511,Revenue Decline
CUST010386,0.2511,Support Escalations
CUST011488,0.2511,Low NPS
CUST014321,0.2511,Low NPS
CUST002814,0.251,Support Escalations
CUST012544,0.251,Support Escalations
CUST007837,0.2509,Low NPS
CUST010458,0.2509,Contract Expiry
CUST001732,0.2508,Support Escalations
CUST005623,0.2508,Low NPS
CUST005793,0.2508,Contract Expiry
CUST009188,0.2506,Revenue Decline
CUST000637,0.2505,Revenue Decline
CUST001177,0.2504,Contract Expiry
CUST005576,0.2504,Low Usage
CUST011076,0.2504,Low Usage
CUST012190,0.2503,Contract Expiry
CUST003496,0.2502,Contract Expiry
CUST012658,0.2502,Revenue Decline
CUST008959,0.2501,Support Escalations
CUST001248,0.2499,Contract Expiry
CUST004557,0.2498,Contract Expiry
CUST013695,0.2498,Low Usage
CUST000199,0.2497,Contract Expiry
CUST005704,0.2496,Support Escalations
CUST013886,0.2496,Low NPS
CUST001545,0.2495,Low NPS
CUST009977,0.2493,Support Escalations
CUST009083,0.2492,Revenue Decline
CUST012973,0.2492,Support Escalations
CUST013922,0.2491,Contract Expiry
CUST010350,0.249,Revenue Decline
CUST010634,0.249,Support Escalations
CUST005637,0.2489,Contract Expiry
CUST002748,0.2488,Revenue Decline
CUST005348,0.2488,Low NPS
CUST012122,0.2488,Revenue Decline
CUST006674,0.2487,Low Usage
CUST009653,0.2487,Revenue Decline
CUST008364,0.2485,Support Escalations
CUST003481,0.2484,Revenue Decline
CUST005256,0.2484,Support Escalations
CUST008915,0.2484,Support Escalations
CUST008417,0.2483,Low NPS
CUST014751,0.2483,Support Escalations
CUST001718,0.2482,Low Usage
CUST002165,0.2482,Low NPS
CUST010129,0.2482,Contract Expiry
CUST001165,0.2481,Low Usage
CUST008480,0.2481,Revenue Decline
CUST004031,0.2479,Low NPS
CUST013868,0.2479,Support Escalations
CUST005997,0.2478,Support Escalations
CUST010620,0.2478,Revenue Decline
CUST013455,0.2478,Contract Expiry
CUST005283,0.2476,Support Escalations
CUST013818,0.2476,Low NPS
CUST002770,0.2475,Revenue Decline
CUST009477,0.2474,Revenue Decline
CUST001225,0.2473,Low Usage
CUST009625,0.2473,Revenue Decline
CUST006353,0.2471,Contract Expiry
CUST008068,0.2471,Contract Expiry
CUST004236,0.247,Contract Expiry
CUST002495,0.2469,Support Escalations
CUST004307,0.2469,Low NPS
CUST013060,0.2469,Low Usage
CUST005941,0.2468,Support Escalations
CUST005303,0.2467,Contract Expiry
CUST004214,0.2466,Low NPS
CUST010134,0.2466,Low NPS
CUST012710,0.2466,Revenue Decline
CUST005840,0.2465,Revenue Decline
CUST002516,0.2462,Revenue Decline
CUST000324,0.2461,Low NPS
CUST002457,0.2461,Contract Expiry
CUST007525,0.2461,Support Escalations
CUST009735,0.2461,Low Usage
CUST005534,0.246,Support Escalations
CUST010088,0.246,Low NPS
CUST012161,0.246,Support Escalations
CUST013555,0.246,Support Escalations
CUST002173,0.2459,Revenue Decline
CUST003133,0.2457,Support Escalations
CUST012326,0.2457,Support Escalations
CUST009262,0.2456,Low NPS
CUST006389,0.2455,Contract Expiry
CUST006862,0.2455,Revenue Decline
CUST006093,0.2454,Revenue Decline
CUST012049,0.2453,Support Escalations
CUST005693,0.2451,Low NPS
CUST013877,0.2451,Low NPS
CUST004020,0.245,Revenue Decline
CUST004932,0.2449,Revenue Decline
CUST005611,0.2449,Low NPS
CUST005679,0.2449,Low Usage
CUST000398,0.2448,Low NPS
CUST001086,0.2448,Support Escalations
CUST008675,0.2448,Revenue Decline
CUST005833,0.2447,Contract Expiry
CUST007808,0.2447,Revenue Decline
CUST011597,0.2447,Support Escalations
CUST012069,0.2447,Revenue Decline
CUST008283,0.2446,Revenue Decline
CUST003599,0.2445,Low Usage
CUST012987,0.2445,Revenue Decline
CUST000060,0.2444,Contract Expiry
CUST014664,0.2442,Low NPS
CUST003502,0.244,Contract Expiry
CUST012175,0.244,Low NPS
CUST013050,0.244,Support Escalations
CUST013244,0.244,Low NPS
CUST012778,0.2439,Low NPS
CUST012414,0.2438,Low NPS
CUST002473,0.2434,Support Escalations
CUST003171,0.2434,Contract Expiry
CUST011542,0.2434,Support Escalations
CUST013343,0.2434,Contract Expiry
CUST014459,0.2434,Support Escalations
CUST005846,0.2433,Low Usage
CUST007506,0.2433,Revenue Decline
CUST008832,0.2433,Contract Expiry
CUST005570,0.2432,Revenue Decline
CUST003386,0.2431,Support Escalations
CUST004871,0.2431,Support Escalations
CUST012361,0.2431,Low Usage
CUST013049,0.2431,Low Usage
CUST002162,0.243,Contract Expiry
CUST013907,0.243,Support Escalations
CUST011914,0.2428,Low NPS
CUST013602,0.2428,Low NPS
CUST006041,0.2426,Support Escalations
CUST013722,0.2426,Revenue Decline
CUST010600,0.2425,Revenue Decline
CUST000159,0.2424,Contract Expiry
CUST002436,0.2423,Low NPS
CUST003414,0.2423,Contract Expiry
CUST006023,0.2423,Revenue Decline
CUST009375,0.2423,Contract Expiry
CUST008046,0.2422,Low NPS
CUST012487,0.2422,Revenue Decline
CUST012901,0.2422,Support Escalations
CUST010574,0.2421,Low Usage
CUST003419,0.242,Contract Expiry
CUST003617,0.242,Revenue Decline
CUST008089,0.242,Contract Expiry
CUST012483,0.242,Revenue Decline
CUST006240,0.2418,Support Escalations
CUST011458,0.2418,Low Usage
CUST000581,0.2417,Revenue Decline
CUST002686,0.2417,Support Escalations
CUST001560,0.2416,Low Usage
CUST014389,0.2416,Contract Expiry
CUST014562,0.2416,Support Escalations
CUST014644,0.2414,Contract Expiry
CUST003460,0.2413,Revenue Decline
CUST007677,0.2413,Low Usage
CUST009075,0.2413,Low Usage
CUST010802,0.2413,Low Usage
CUST003416,0.2412,Support Escalations
CUST007585,0.2411,Low Usage
CUST009155,0.2411,Support Escalations
CUST005801,0.2409,Revenue Decline
CUST007164,0.2408,Low NPS
CUST008613,0.2408,Support Escalations
CUST002713,0.2407,Revenue Decline
CUST003458,0.2407,Low NPS
CUST006886,0.2407,Low NPS
CUST005419,0.2406,Low Usage
CUST012826,0.2406,Low Usage
CUST006188,0.2403,Support Escalations
CUST008863,0.2403,Revenue Decline
CUST007557,0.2402,Contract Expiry
CUST002727,0.24,Low Usage
CUST003080,0.24,Low NPS
CUST004328,0.24,Revenue Decline
CUST005442,0.2399,Low Usage
CUST013205,0.2399,Contract Expiry
CUST006899,0.2398,Support Escalations
CUST008591,0.2398,Support Escalations
CUST000614,0.2397,Support Escalations
CUST012741,0.2397,Revenue Decline
CUST001716,0.2395,Support Escalations
CUST006213,0.2395,Support Escalations
CUST006435,0.2395,Support Escalations
CUST005926,0.2394,Support Escalations
CUST008490,0.2393,Low NPS
CUST001937,0.2392,Support Escalations
CUST011685,0.2392,Low Usage
CUST002543,0.2391,Revenue Decline
CUST011217,0.2391,Low NPS
CUST009440,0.2389,Revenue Decline
CUST009432,0.2388,Low Usage
CUST009905,0.2388,Support Escalations
CUST009919,0.2388,Contract Expiry
CUST012163,0.2388,Support Escalations
CUST013716,0.2388,Support Escalations
CUST008949,0.2387,Support Escalations
CUST013547,0.2387,Contract Expiry
CUST004814,0.2385,Revenue Decline
CUST008473,0.2385,Support Escalations
CUST005460,0.2384,Low Usage
CUST003703,0.2382,Low NPS
CUST009534,0.2382,Low NPS
CUST010490,0.2382,Contract Expiry
CUST014075,0.2381,Revenue Decline
CUST011152,0.238,Contract Expiry
CUST013686,0.238,Revenue Decline
CUST001782,0.2379,Low NPS
CUST001278,0.2377,Revenue Decline
CUST001556,0.2377,Low Usage
CUST003413,0.2377,Support Escalations
CUST006612,0.2376,Low NPS
CUST011307,0.2376,Revenue Decline
CUST001499,0.2375,Low Usage
CUST009385,0.2375,Contract Expiry
CUST009595,0.2375,Revenue Decline
CUST011576,0.2375,Low NPS
CUST003772,0.2374,Low Usage
CUST004121,0.2374,Low NPS
CUST005445,0.2374,Revenue Decline
CUST009747,0.2374,Support Escalations
CUST001286,0.2373,Revenue Decline
CUST001467,0.2372,Support Escalations
CUST007331,0.2372,Revenue Decline
CUST005631,0.237,Low NPS
CUST014024,0.237,Support Escalations
CUST005386,0.2369,Contract Expiry
CUST006980,0.2369,Low NPS
CUST010032,0.2369,Low NPS
CUST007669,0.2368,Low NPS
CUST007988,0.2368,Contract Expiry
CUST012978,0.2368,Support Escalations
CUST003357,0.2367,Contract Expiry
CUST012976,0.2366,Low NPS
CUST000164,0.2365,Low NPS
CUST004942,0.2365,Contract Expiry
CUST006339,0.2364,Support Escalations
CUST010498,0.2364,Contract Expiry
CUST002223,0.2363,Revenue Decline
CUST007706,0.2363,Contract Expiry
CUST002365,0.2362,Low NPS
CUST007982,0.2362,Revenue Decline
CUST009396,0.236,Low Usage
CUST012723,0.236,Support Escalations
CUST010942,0.2359,Revenue Decline
CUST011823,0.2359,Revenue Decline
CUST004040,0.2358,Low NPS
CUST000966,0.2355,Support Escalations
CUST002923,0.2355,Low NPS
CUST008786,0.2355,Contract Expiry
CUST010484,0.2355,Contract Expiry
CUST009450,0.2354,Contract Expiry
CUST001080,0.2352,Revenue Decline
CUST013048,0.2352,Low NPS
CUST007607,0.2351,Contract Expiry
CUST009955,0.2351,Low Usage
CUST000257,0.235,Low NPS
CUST006723,0.235,Revenue Decline
CUST014603,0.2348,Support Escalations
CUST002245,0.2347,Support Escalations
CUST002730,0.2345,Revenue Decline
CUST014486,0.2344,Revenue Decline
CUST009146,0.2342,Support Escalations
CUST006133,0.2341,Contract Expiry
CUST008913,0.2341,Low Usage
CUST009218,0.2341,Contract Expiry
CUST011138,0.234,Support Escalations
CUST000162,0.2339,Low Usage
CUST001871,0.2339,Revenue Decline
CUST003060,0.2339,Low Usage
CUST003754,0.2338,Contract Expiry
CUST011314,0.2338,Low Usage
CUST000494,0.2336,Low NPS
CUST002460,0.2336,Low NPS
CUST007574,0.2336,Support Escalations
CUST009575,0.2336,Low NPS
CUST005078,0.2335,Contract Expiry
CUST000253,0.2332,Low Usage
CUST005535,0.2332,Low NPS
CUST007626,0.2332,Contract Expiry
CUST006388,0.2331,Contract Expiry
CUST008691,0.233,Contract Expiry
CUST009164,0.233,Revenue Decline
CUST013100,0.2329,Contract Expiry
CUST004842,0.2328,Support Escalations
CUST014521,0.2328,Low Usage
CUST000545,0.2327,Low Usage
CUST014175,0.2327,Revenue Decline
CUST005012,0.2324,Contract Expiry
CUST006611,0.2324,Low NPS
CUST013123,0.2323,Contract Expiry
CUST004300,0.2322,Support Escalations
CUST005363,0.2322,Contract Expiry
CUST002566,0.2321,Low Usage
CUST002158,0.232,Support Escalations
CUST008645,0.2318,Contract Expiry
CUST010316,0.2318,Support Escalations
CUST013154,0.2318,Support Escalations
CUST003952,0.2317,Low NPS
CUST003323,0.2316,Support Escalations
CUST003885,0.2316,Revenue Decline
CUST005900,0.2314,Low Usage
CUST013003,0.2313,Contract Expiry
CUST000495,0.2312,Contract Expiry
CUST001208,0.2312,Support Escalations
CUST005994,0.2312,Support Escalations
CUST014911,0.2312,Low NPS
CUST001038,0.2311,Low NPS
CUST004202,0.2311,Low Usage
CUST004359,0.2311,Contract Expiry
CUST004476,0.2311,Contract Expiry
CUST004602,0.231,Low Usage
CUST007189,0.231,Contract Expiry
CUST008328,0.231,Low Usage
CUST012365,0.231,Contract Expiry
CUST010945,0.2309,Contract Expiry
CUST012043,0.2309,Revenue Decline
CUST000995,0.2308,Low Usage
CUST006401,0.2307,Low NPS
CUST013925,0.2307,Revenue Decline
CUST003329,0.2306,Low Usage
CUST000621,0.2305,Contract Expiry
CUST008611,0.2305,Low Usage
CUST002629,0.2304,Low Usage
CUST013567,0.2304,Low Usage
CUST014492,0.2304,Revenue Decline
CUST014957,0.2304,Support Escalations
CUST001951,0.2303,Contract Expiry
CUST013156,0.2303,Low NPS
CUST013506,0.2303,Low NPS
CUST014244,0.2303,Revenue Decline
CUST001343,0.2302,Revenue Decline
CUST007512,0.2301,Low NPS
CUST010017,0.2301,Low NPS
CUST014494,0.2301,Low NPS
CUST001854,0.23,Low NPS
CUST010779,0.2299,Revenue Decline
CUST001528,0.2296,Contract Expiry
CUST005622,0.2295,Low NPS
CUST004880,0.2294,Low NPS
CUST009230,0.2294,Support Escalations
CUST002982,0.2293,Revenue Decline
CUST002061,0.2292,Low NPS
CUST003965,0.2292,Contract Expiry
CUST002615,0.229,Revenue Decline
CUST005210,0.229,Revenue Decline
CUST005112,0.2289,Revenue Decline
CUST009952,0.2289,Support Escalations
CUST005044,0.2288,Revenue Decline
CUST010324,0.2288,Revenue Decline
CUST014006,0.2288,Low Usage
CUST002161,0.2287,Low NPS
CUST007518,0.2286,Support Escalations
CUST001221,0.2285,Low Usage
CUST000808,0.2284,Revenue Decline
CUST002241,0.2283,Revenue Decline
CUST011181,0.2283,Support Escalations
CUST014699,0.2283,Contract Expiry
CUST000268,0.228,Revenue Decline
CUST011786,0.2279,Support Escalations
CUST000052,0.2278,Revenue Decline
CUST004169,0.2278,Revenue Decline
CUST011163,0.2277,Support Escalations
CUST012422,0.2277,Low NPS
CUST009937,0.2275,Low Usage
CUST003660,0.2274,Revenue Decline
CUST005114,0.2274,Support Escalations
CUST002062,0.2273,Contract Expiry
CUST003046,0.2273,Contract Expiry
CUST012393,0.2273,Low NPS
CUST005494,0.2272,Revenue Decline
CUST003861,0.227,Contract Expiry
CUST009378,0.227,Low Usage
CUST011002,0.227,Revenue Decline
CUST014332,0.2269,Low NPS
CUST001735,0.2268,Contract Expiry
CUST005332,0.2268,Support Escalations
CUST014922,0.2268,Low NPS
CUST003944,0.2266,Revenue Decline
CUST011331,0.2266,Revenue Decline
CUST013527,0.2266,Revenue Decline
CUST002444,0.2265,Revenue Decline
CUST000330,0.2264,Low NPS
CUST003456,0.2264,Support Escalations
CUST008485,0.2263,Contract Expiry
CUST001612,0.2262,Revenue Decline
CUST008450,0.2262,Low NPS
CUST004426,0.226,Revenue Decline
CUST004928,0.226,Revenue Decline
CUST007234,0.226,Contract Expiry
CUST008052,0.226,Low NPS
CUST010436,0.226,Contract Expiry
CUST012261,0.2257,Low NPS
CUST002412,0.2255,Contract Expiry
CUST007131,0.2255,Support Escalations
CUST005880,0.2254,Support Escalations
CUST002387,0.2253,Revenue Decline
CUST002857,0.2253,Support Escalations
CUST011101,0.2253,Low Usage
CUST012367,0.2253,Support Escalations
CUST013831,0.2253,Low NPS
CUST014262,0.2253,Low NPS
CUST004760,0.2252,Contract Expiry
CUST009498,0.2252,Contract Expiry
CUST011450,0.2251,Low Usage
CUST007821,0.225,Low NPS
CUST013972,0.2249,Low NPS
CUST005396,0.2247,Low Usage
CUST002242,0.2246,Low Usage
CUST008435,0.2246,Low NPS
CUST009729,0.2246,Low Usage
CUST002597,0.224,Low NPS
CUST012783,0.2239,Low NPS
CUST002840,0.2238,Low Usage
CUST012384,0.2238,Revenue Decline
CUST006654,0.2236,Support Escalations
CUST002883,0.2235,Support Escalations
CUST008543,0.2235,Revenue Decline
CUST000893,0.2234,Support Escalations
CUST008277,0.2233,Revenue Decline
CUST009138,0.2233,Revenue Decline
CUST011186,0.2233,Contract Expiry
CUST012642,0.2233,Low NPS
CUST001179,0.2232,Contract Expiry
CUST010686,0.2232,Revenue Decline
CUST011228,0.2232,Low Usage
CUST003543,0.2231,Revenue Decline
CUST009360,0.2231,Revenue Decline
CUST014225,0.2231,Low Usage
CUST004172,0.2229,Low Usage
CUST010637,0.2229,Revenue Decline
CUST000759,0.2228,Contract Expiry
CUST003832,0.2227,Low NPS
CUST011991,0.2227,Low Usage
CUST013062,0.2227,Revenue Decline
CUST008597,0.2226,Revenue Decline
CUST005690,0.2225,Low Usage
CUST005809,0.2225,Low NPS
CUST004375,0.2222,Low Usage
CUST012613,0.2222,Contract Expiry
CUST005409,0.2221,Support Escalations
CUST009200,0.2221,Low Usage
CUST000583,0.222,Revenue Decline
CUST011901,0.222,Low Usage
CUST013354,0.222,Contract Expiry
CUST000425,0.2219,Support Escalations
CUST013411,0.2219,Contract Expiry
CUST002335,0.2218,Support Escalations
CUST013133,0.2217,Contract Expiry
CUST005876,0.2215,Support Escalations
CUST007712,0.2214,Revenue Decline
CUST010404,0.2214,Revenue Decline
CUST000315,0.2213,Revenue Decline
CUST004679,0.2213,Low NPS
CUST000793,0.2212,Low Usage
CUST004080,0.221,Support Escalations
CUST007037,0.221,Contract Expiry
CUST012135,0.2209,Revenue Decline
CUST001203,0.2207,Revenue Decline
CUST013055,0.2207,Contract Expiry
CUST001800,0.2206,Contract Expiry
CUST004221,0.2206,Support Escalations
CUST013290,0.2206,Support Escalations
CUST014358,0.2205,Support Escalations
CUST012265,0.2204,Support Escalations
CUST004875,0.2202,Low NPS
CUST007294,0.2202,Low NPS
CUST000643,0.2201,Low Usage
CUST004568,0.22,Low Usage
CUST008522,0.2199,Low NPS
CUST008956,0.2198,Revenue Decline
CUST000443,0.2196,Low NPS
CUST006852,0.2196,Revenue Decline
CUST012358,0.2196,Contract Expiry
CUST000588,0.2195,Low NPS
CUST009524,0.2194,Support Escalations
CUST012397,0.2194,Low NPS
CUST004854,0.2193,Support Escalations
CUST012849,0.2193,Low Usage
CUST013843,0.2193,Low NPS
CUST004225,0.2192,Contract Expiry
CUST004484,0.2192,Low NPS
CUST004577,0.2192,Low NPS
CUST006440,0.2192,Low Usage
CUST000152,0.2191,Contract Expiry
CUST003681,0.2191,Contract Expiry
CUST012021,0.2191,Support Escalations
CUST001238,0.219,Low Usage
CUST001873,0.219,Revenue Decline
CUST006287,0.219,Revenue Decline
CUST007003,0.219,Contract Expiry
CUST001134,0.2189,Contract Expiry
CUST001498,0.2188,Support Escalations
CUST003390,0.2188,Contract Expiry
CUST006069,0.2188,Revenue Decline
CUST012753,0.2187,Support Escalations
CUST009654,0.2186,Contract Expiry
CUST006832,0.2185,Revenue Decline
CUST007954,0.2185,Contract Expiry
CUST010089,0.2185,Support Escalations
CUST003938,0.2184,Contract Expiry
CUST001510,0.2183,Revenue Decline
CUST009537,0.2183,Low NPS
CUST010763,0.2181,Support Escalations
CUST001968,0.218,Low Usage
CUST009799,0.218,Low NPS
CUST001893,0.2178,Low NPS
CUST012420,0.2178,Contract Expiry
CUST012797,0.2178,Low NPS
CUST009410,0.2177,Revenue Decline
CUST007399,0.2175,Low NPS
CUST012982,0.2173,Low NPS
CUST008191,0.2172,Contract Expiry
CUST008972,0.2171,Support Escalations
CUST010570,0.2169,Support Escalations
CUST011041,0.2169,Low NPS
CUST013924,0.2169,Low Usage
CUST003135,0.2168,Contract Expiry
CUST009554,0.2168,Contract Expiry
CUST003395,0.2167,Revenue Decline
CUST012404,0.2167,Revenue Decline
CUST001610,0.2166,Low Usage
CUST002911,0.2166,Low Usage
CUST005783,0.2166,Revenue Decline
CUST011311,0.2166,Low NPS
CUST006282,0.2164,Revenue Decline
CUST012920,0.2163,Revenue Decline
CUST014388,0.2163,Low Usage
CUST000452,0.2162,Support Escalations
CUST002753,0.2162,Low Usage
CUST014669,0.2162,Revenue Decline
CUST014765,0.2161,Low Usage
CUST007020,0.2159,Contract Expiry
CUST007089,0.2158,Low Usage
CUST009636,0.2158,Revenue Decline
CUST006705,0.2157,Low NPS
CUST003304,0.2156,Contract Expiry
CUST004077,0.2156,Low NPS
CUST011313,0.2155,Contract Expiry
CUST012738,0.2155,Low NPS
CUST014749,0.2155,Support Escalations
CUST000711,0.2153,Support Escalations
CUST001435,0.2153,Low NPS
CUST005214,0.2152,Low NPS
CUST011625,0.2152,Contract Expiry
CUST004573,0.2151,Low Usage
CUST006897,0.2151,Low NPS
CUST011192,0.2151,Low Usage
CUST009647,0.2149,Support Escalations
CUST003869,0.2148,Low Usage
CUST005957,0.2148,Low NPS
CUST010430,0.2148,Low NPS
CUST004575,0.2147,Revenue Decline
CUST008074,0.2147,Low Usage
CUST009290,0.2146,Contract Expiry
CUST014888,0.2146,Support Escalations
CUST003000,0.2145,Low NPS
CUST009026,0.2145,Low NPS
CUST007217,0.2143,Contract Expiry
CUST009630,0.2143,Low NPS
CUST002830,0.2142,Support Escalations
CUST003536,0.2142,Low Usage
CUST005915,0.2142,Low Usage
CUST007031,0.2142,Contract Expiry
CUST014504,0.2142,Revenue Decline
CUST007365,0.2141,Contract Expiry
CUST005854,0.2139,Support Escalations
CUST013801,0.2139,Low NPS
CUST004982,0.2137,Contract Expiry
CUST006760,0.2137,Contract Expiry
CUST008618,0.2137,Contract Expiry
CUST012363,0.2137,Low NPS
CUST004344,0.2136,Low Usage
CUST006144,0.2136,Revenue Decline
CUST008944,0.2136,Low Usage
CUST011438,0.2136,Support Escalations
CUST003936,0.2135,Revenue Decline
CUST001812,0.2134,Revenue Decline
CUST004695,0.2134,Support Escalations
CUST010751,0.2134,Low Usage
CUST002990,0.2133,Contract Expiry
CUST010778,0.2132,Revenue Decline
CUST002589,0.2131,Support Escalations
CUST012924,0.2131,Low NPS
CUST014497,0.2131,Low Usage
CUST000958,0.2129,Revenue Decline
CUST006857,0.2128,Contract Expiry
CUST009431,0.2127,Contract Expiry
CUST005887,0.2126,Contract Expiry
CUST006490,0.2125,Low NPS
CUST007857,0.2125,Contract Expiry
CUST010697,0.2125,Low NPS
CUST010325,0.2123,Low Usage
CUST005741,0.2122,Support Escalations
CUST002981,0.2121,Low NPS
CUST006811,0.212,Revenue Decline
CUST009144,0.212,Low NPS
CUST014941,0.212,Low Usage
CUST010601,0.2119,Low Usage
CUST014380,0.2119,Contract Expiry
CUST014898,0.2119,Low Usage
CUST003349,0.2118,Low Usage
CUST000709,0.2117,Low Usage
CUST007263,0.2117,Low Usage
CUST009392,0.2117,Revenue Decline
CUST009419,0.2117,Low NPS
CUST012232,0.2117,Revenue Decline
CUST000617,0.2115,Low Usage
CUST007856,0.2115,Contract Expiry
CUST000736,0.2114,Low NPS
CUST003562,0.2114,Support Escalations
CUST006557,0.2114,Low Usage
CUST001306,0.2112,Low NPS
CUST006810,0.211,Low NPS
CUST010951,0.211,Low Usage
CUST005121,0.2109,Revenue Decline
CUST010029,0.2109,Low Usage
CUST014264,0.2109,Revenue Decline
CUST004951,0.2106,Revenue Decline
CUST008281,0.2106,Low NPS
CUST001096,0.2105,Support Escalations
CUST008623,0.2104,Low NPS
CUST002820,0.2103,Low Usage
CUST003512,0.2103,Contract Expiry
CUST009588,0.2103,Contract Expiry
CUST013840,0.2103,Support Escalations
CUST004299,0.2102,Support Escalations
CUST007182,0.2102,Revenue Decline
CUST010495,0.2102,Low NPS
CUST012832,0.2102,Low Usage
CUST005357,0.2101,Support Escalations
CUST004118,0.21,Revenue Decline
CUST005094,0.2099,Revenue Decline
CUST007890,0.2099,Low NPS
CUST014427,0.2098,Low NPS
CUST007649,0.2097,Low NPS
CUST010670,0.2097,Contract Expiry
CUST011755,0.2097,Low Usage
CUST008259,0.2096,Revenue Decline
CUST000099,0.2095,Support Escalations
CUST001538,0.2092,Contract Expiry
CUST014011,0.2092,Low NPS
CUST004429,0.2091,Low Usage
CUST006464,0.2091,Revenue Decline
CUST005371,0.2089,Revenue Decline
CUST001388,0.2088,Support Escalations
CUST002574,0.2088,Revenue Decline
CUST006583,0.2088,Low NPS
CUST011407,0.2088,Low NPS
CUST005805,0.2087,Revenue Decline
CUST009702,0.2087,Low NPS
CUST013449,0.2087,Low NPS
CUST014094,0.2087,Low Usage
CUST009267,0.2085,Revenue Decline
CUST004160,0.2084,Revenue Decline
CUST004530,0.2084,Low Usage
CUST005705,0.2084,Support Escalations
CUST007085,0.2084,Low Usage
CUST011490,0.2083,Low Usage
CUST013741,0.2083,Low NPS
CUST013645,0.2082,Low Usage
CUST008407,0.208,Revenue Decline
CUST004891,0.2079,Low Usage
CUST001976,0.2077,Low Usage
CUST006037,0.2076,Support Escalations
CUST010151,0.2076,Low NPS
CUST003290,0.2075,Low Usage
CUST007541,0.2075,Revenue Decline
CUST008011,0.2075,Revenue Decline
CUST006428,0.2074,Contract Expiry
CUST004661,0.2073,Support Escalations
CUST005508,0.2073,Revenue Decline
CUST011388,0.2073,Low Usage
CUST001509,0.2072,Low NPS
CUST002215,0.2072,Low Usage
CUST006805,0.2071,Revenue Decline
CUST011783,0.2071,Support Escalations
CUST012929,0.2071,Contract Expiry
CUST004116,0.207,Low Usage
CUST007751,0.207,Contract Expiry
CUST013401,0.207,Low Usage
CUST006171,0.2069,Support Escalations
CUST009901,0.2068,Support Escalations
CUST014729,0.2068,Revenue Decline
CUST004582,0.2067,Low NPS
CUST007991,0.2066,Support Escalations
CUST002026,0.2065,Contract Expiry
CUST003597,0.2064,Contract Expiry
CUST006722,0.2064,Revenue Decline
CUST010596,0.2064,Revenue Decline
CUST006446,0.2063,Revenue Decline
CUST011121,0.2063,Low NPS
CUST003501,0.2062,Contract Expiry
CUST003748,0.2062,Contract Expiry
CUST004783,0.2062,Contract Expiry
CUST000865,0.2061,Support Escalations
CUST014905,0.206,Low Usage
CUST012231,0.2059,Support Escalations
CUST001020,0.2058,Revenue Decline
CUST007445,0.2058,Low Usage
CUST014694,0.2058,Low NPS
CUST010924,0.2057,Revenue Decline
CUST010184,0.2056,Low NPS
CUST011948,0.2054,Revenue Decline
CUST002657,0.2053,Low Usage
CUST005068,0.2053,Support Escalations
CUST008028,0.2052,Low Usage
CUST012970,0.2052,Revenue Decline
CUST003335,0.2051,Revenue Decline
CUST003574,0.2051,Low Usage
CUST003870,0.205,Contract Expiry
CUST002091,0.2048,Low NPS
CUST014369,0.2048,Low Usage
CUST004497,0.2047,Low NPS
CUST004663,0.2047,Contract Expiry
CUST006863,0.2047,Revenue Decline
CUST011042,0.2047,Revenue Decline
CUST000988,0.2046,Low Usage
CUST008217,0.2046,Low Usage
CUST014511,0.2046,Low Usage
CUST004780,0.2045,Revenue Decline
CUST014375,0.2045,Revenue Decline
CUST006927,0.2043,Support Escalations
CUST008158,0.2043,Revenue Decline
CUST013385,0.2042,Support Escalations
CUST013643,0.2042,Low Usage
CUST005202,0.2041,Contract Expiry
CUST005417,0.2041,Low NPS
CUST006932,0.204,Support Escalations
CUST011816,0.204,Contract Expiry
CUST001138,0.2039,Low Usage
CUST010422,0.2039,Low Usage
CUST011293,0.2038,Support Escalations
CUST011393,0.2038,Contract Expiry
CUST014645,0.2037,Revenue Decline
CUST000578,0.2036,Low Usage
CUST003284,0.2036,Low NPS
CUST014371,0.2036,Revenue Decline
CUST000640,0.2034,Low NPS
CUST007079,0.2033,Low Usage
CUST012394,0.2032,Low Usage
CUST000402,0.2031,Low Usage
CUST001149,0.2031,Contract Expiry
CUST003110,0.2031,Support Escalations
CUST006648,0.2031,Contract Expiry
CUST003635,0.203,Support Escalations
CUST013826,0.203,Low Usage
CUST002608,0.2029,Support Escalations
CUST010552,0.2029,Low NPS
CUST004223,0.2027,Support Escalations
CUST004818,0.2026,Contract Expiry
CUST011731,0.2026,Low NPS
CUST008689,0.2025,Contract Expiry
CUST002747,0.2024,Support Escalations
CUST011651,0.2024,Low Usage
CUST000176,0.2023,Low Usage
CUST005678,0.2023,Low NPS
CUST006741,0.2023,Contract Expiry
CUST008179,0.2023,Low Usage
CUST005062,0.2022,Revenue Decline
CUST006238,0.2022,Revenue Decline
CUST011145,0.2021,Support Escalations
CUST003241,0.202,Contract Expiry
CUST014768,0.202,Low Usage
CUST001163,0.2019,Revenue Decline
CUST006441,0.2019,Revenue Decline
CUST008877,0.2019,Support Escalations
CUST000770,0.2018,Low Usage
CUST005444,0.2018,Revenue Decline
CUST003286,0.2017,Low NPS
CUST003310,0.2017,Revenue Decline
CUST006855,0.2017,Revenue Decline
CUST002527,0.2016,Support Escalations
CUST000648,0.2015,Contract Expiry
CUST003587,0.2015,Revenue Decline
CUST008876,0.2013,Low Usage
CUST008621,0.2012,Low NPS
CUST014366,0.2012,Contract Expiry
CUST011356,0.2011,Revenue Decline
CUST012509,0.2011,Contract Expiry
CUST013850,0.2011,Support Escalations
CUST011209,0.201,Contract Expiry
CUST000866,0.2009,Low Usage
CUST002396,0.2009,Support Escalations
CUST003871,0.2009,Contract Expiry
CUST004828,0.2009,Contract Expiry
CUST010716,0.2009,Revenue Decline
CUST012323,0.2009,Support Escalations
CUST002233,0.2008,Low Usage
CUST011089,0.2008,Low NPS
CUST009639,0.2006,Revenue Decline
CUST011304,0.2006,Low NPS
CUST001885,0.2005,Contract Expiry
CUST006056,0.2005,Low NPS
CUST009013,0.2005,Support Escalations
CUST009823,0.2005,Support Escalations
CUST006519,0.2004,Revenue Decline
CUST010683,0.2004,Revenue Decline
CUST002268,0.2,Low Usage
CUST004143,0.2,Low NPS
CUST004168,0.2,Low Usage
CUST014612,0.2,Revenue Decline
CUST001734,0.1999,Revenue Decline
CUST005145,0.1999,Contract Expiry
CUST002248,0.1998,Revenue Decline
CUST004312,0.1998,Low NPS
CUST000042,0.1997,Support Escalations
CUST001768,0.1997,Revenue Decline
CUST005873,0.1997,Low Usage
CUST008631,0.1997,Low NPS
CUST014503,0.1997,Low NPS
CUST000949,0.1995,Revenue Decline
CUST003420,0.1995,Contract Expiry
CUST001686,0.1994,Support Escalations
CUST009779,0.1993,Support Escalations
CUST011025,0.1993,Contract Expiry
CUST011431,0.1993,Low NPS
CUST004175,0.1992,Support Escalations
CUST008066,0.1992,Support Escalations
CUST000180,0.199,Revenue Decline
CUST001572,0.199,Contract Expiry
CUST009888,0.199,Support Escalations
CUST006993,0.1989,Low NPS
CUST008073,0.1987,Low Usage
CUST007325,0.1985,Low NPS
CUST011539,0.1985,Low Usage
CUST008224,0.1984,Support Escalations
CUST010217,0.1983,Low NPS
CUST011956,0.1983,Revenue Decline
CUST005033,0.1982,Low NPS
CUST010754,0.1982,Support Escalations
CUST005329,0.1981,Contract Expiry
CUST007453,0.1981,Revenue Decline
CUST008276,0.1981,Contract Expiry
CUST014050,0.1981,Low Usage
CUST005016,0.198,Low NPS
CUST014890,0.198,Contract Expiry
CUST001554,0.1978,Low Usage
CUST003747,0.1977,Revenue Decline
CUST007178,0.1976,Contract Expiry
CUST007433,0.1976,Revenue Decline
CUST003874,0.1975,Low Usage
CUST005239,0.1974,Low NPS
CUST002228,0.1973,Low NPS
CUST013619,0.1973,Contract Expiry
CUST002008,0.1972,Low NPS
CUST003505,0.1972,Revenue Decline
CUST004037,0.1972,Low Usage
CUST010805,0.1972,Support Escalations
CUST014633,0.1972,Revenue Decline
CUST001424,0.1971,Contract Expiry
CUST011032,0.1971,Low NPS
CUST013968,0.1971,Support Escalations
CUST001728,0.1969,Low Usage
CUST013810,0.1969,Support Escalations
CUST014035,0.1969,Support Escalations
CUST006453,0.1968,Contract Expiry
CUST009206,0.1968,Low NPS
CUST011005,0.1968,Support Escalations
CUST003508,0.1967,Support Escalations
CUST006505,0.1967,Support Escalations
CUST006533,0.1967,Support Escalations
CUST008636,0.1967,Contract Expiry
CUST009996,0.1966,Low Usage
CUST007194,0.1965,Low Usage
CUST002405,0.1964,Low Usage
CUST006276,0.1964,Low NPS
CUST001283,0.1963,Revenue Decline
CUST002523,0.1963,Contract Expiry
CUST003010,0.1963,Revenue Decline
CUST003312,0.1962,Low Usage
CUST013652,0.1962,Low NPS
CUST001195,0.1961,Low Usage
CUST005496,0.1961,Support Escalations
CUST006121,0.1961,Low Usage
CUST001857,0.196,Contract Expiry
CUST007749,0.196,Low Usage
CUST001257,0.1959,Revenue Decline
CUST002851,0.1958,Revenue Decline
CUST008615,0.1956,Low NPS
CUST013131,0.1956,Revenue Decline
CUST000849,0.1955,Low Usage
CUST011952,0.1955,Low Usage
CUST001705,0.1954,Support Escalations
CUST001525,0.1953,Low Usage
CUST001436,0.1952,Revenue Decline
CUST014419,0.1952,Low Usage
CUST000575,0.1949,Low NPS
CUST002760,0.1949,Support Escalations
CUST014255,0.1948,Low NPS
CUST014805,0.1948,Low Usage
CUST005923,0.1947,Revenue Decline
CUST007199,0.1947,Low NPS
CUST003780,0.1946,Low NPS
CUST002418,0.1945,Contract Expiry
CUST002607,0.1945,Low NPS
CUST012088,0.1945,Contract Expiry
CUST000587,0.1943,Contract Expiry
CUST001141,0.1943,Revenue Decline
CUST012864,0.1943,Contract Expiry
CUST013200,0.1943,Contract Expiry
CUST008825,0.1942,Support Escalations
CUST010571,0.1942,Revenue Decline
CUST011835,0.1941,Low Usage
CUST014884,0.1941,Contract Expiry
CUST005195,0.194,Support Escalations
CUST006518,0.194,Contract Expiry
CUST009694,0.194,Contract Expiry
CUST002462,0.1939,Revenue Decline
CUST003537,0.1939,Revenue Decline
CUST008246,0.1938,Support Escalations
CUST000796,0.1936,Low NPS
CUST004183,0.1935,Contract Expiry
CUST004737,0.1934,Contract Expiry
CUST012882,0.1934,Contract Expiry
CUST006071,0.1933,Low Usage
CUST014483,0.1932,Revenue Decline
CUST012474,0.193,Revenue Decline
CUST007672,0.1929,Low Usage
CUST000534,0.1928,Revenue Decline
CUST005289,0.1928,Low NPS
CUST011417,0.1928,Support Escalations
CUST005603,0.1927,Low Usage
CUST003946,0.1926,Support Escalations
CUST009320,0.1925,Contract Expiry
CUST010877,0.1921,Low Usage
CUST011113,0.1921,Revenue Decline
CUST013057,0.1921,Contract Expiry
CUST004337,0.192,Revenue Decline
CUST011668,0.192,Support Escalations
CUST014985,0.192,Low Usage
CUST012150,0.1919,Revenue Decline
CUST013895,0.1919,Low NPS
CUST002111,0.1918,Low Usage
CUST002968,0.1918,Low Usage
CUST008533,0.1917,Support Escalations
CUST013105,0.1917,Contract Expiry
CUST002869,0.1916,Contract Expiry
CUST014360,0.1916,Revenue Decline
CUST010619,0.1915,Revenue Decline
CUST010791,0.1914,Low Usage
CUST014990,0.1914,Revenue Decline
CUST005135,0.1913,Support Escalations
CUST010135,0.1913,Support Escalations
CUST004725,0.1912,Revenue Decline
CUST006094,0.1911,Revenue Decline
CUST013509,0.1911,Low Usage
CUST014078,0.191,Revenue Decline
CUST004373,0.1908,Low Usage
CUST007366,0.1908,Low NPS
CUST010881,0.1908,Support Escalations
CUST014875,0.1908,Support Escalations
CUST010692,0.1907,Contract Expiry
CUST013460,0.1907,Contract Expiry
CUST005315,0.1906,Revenue Decline
CUST001396,0.1905,Low NPS
CUST003009,0.1905,Contract Expiry
CUST005134,0.1905,Low Usage
CUST006571,0.1905,Contract Expiry
CUST013955,0.1903,Contract Expiry
CUST003850,0.1902,Contract Expiry
CUST004162,0.1902,Low NPS
CUST007748,0.1901,Low NPS
CUST010540,0.1901,Low Usage
CUST003687,0.19,Revenue Decline
CUST004709,0.1898,Revenue Decline
CUST003058,0.1897,Contract Expiry
CUST009550,0.1897,Revenue Decline
CUST011013,0.1896,Revenue Decline
CUST014347,0.1896,Low NPS
CUST003423,0.1895,Support Escalations
CUST010233,0.1894,Low NPS
CUST007011,0.1893,Contract Expiry
CUST003297,0.1892,Revenue Decline
CUST006541,0.1892,Low NPS
CUST002472,0.1891,Contract Expiry
CUST003374,0.1891,Support Escalations
CUST010693,0.1891,Low NPS
CUST000809,0.189,Revenue Decline
CUST008289,0.189,Low NPS
CUST000961,0.1887,Revenue Decline
CUST002028,0.1887,Support Escalations
CUST008864,0.1885,Low Usage
CUST014282,0.1885,Support Escalations
CUST001469,0.1884,Contract Expiry
CUST007153,0.1884,Low Usage
CUST007111,0.1883,Low Usage
CUST008710,0.1883,Revenue Decline
CUST008748,0.1883,Low Usage
CUST013809,0.1883,Contract Expiry
CUST007609,0.1881,Support Escalations
CUST009390,0.1879,Revenue Decline
CUST011445,0.1879,Low NPS
CUST005885,0.1878,Low NPS
CUST003137,0.1877,Low NPS
CUST003142,0.1875,Low NPS
CUST011667,0.1875,Low Usage
CUST000603,0.1874,Low Usage
CUST008069,0.1874,Low Usage
CUST009442,0.1874,Support Escalations
CUST006606,0.1872,Low NPS
CUST004719,0.1871,Revenue Decline
CUST004295,0.187,Low NPS
CUST011614,0.187,Revenue Decline
CUST001439,0.1869,Low Usage
CUST002185,0.1869,Contract Expiry
CUST005686,0.1869,Contract Expiry
CUST010583,0.1868,Support Escalations
CUST000021,0.1867,Revenue Decline
CUST011514,0.1867,Low Usage
CUST001639,0.1866,Support Escalations
CUST007099,0.1866,Revenue Decline
CUST008345,0.1865,Contract Expiry
CUST011704,0.1865,Low Usage
CUST002874,0.1863,Support Escalations
CUST004102,0.1863,Low Usage
CUST000059,0.1862,Contract Expiry
CUST009676,0.1862,Revenue Decline
CUST004676,0.186,Low NPS
CUST008038,0.186,Support Escalations
CUST008182,0.186,Revenue Decline
CUST006593,0.1859,Contract Expiry
CUST007855,0.1859,Support Escalations
CUST011650,0.1859,Support Escalations
CUST004531,0.1858,Support Escalations
CUST011638,0.1858,Low NPS
CUST008656,0.1857,Low Usage
CUST001322,0.1856,Low Usage
CUST008756,0.1855,Support Escalations
CUST003608,0.1854,Low Usage
CUST012274,0.1854,Revenue Decline
CUST014162,0.1854,Revenue Decline
CUST004239,0.1853,Low Usage
CUST005587,0.1853,Support Escalations
CUST005970,0.1853,Low Usage
CUST008142,0.1853,Contract Expiry
CUST008713,0.1851,Contract Expiry
CUST012395,0.1851,Support Escalations
CUST014587,0.1851,Low Usage
CUST001722,0.1849,Contract Expiry
CUST004674,0.1849,Low NPS
CUST002653,0.1848,Contract Expiry
CUST005284,0.1848,Low NPS
CUST006247,0.1848,Low NPS
CUST003790,0.1847,Low Usage
CUST006584,0.1847,Support Escalations
CUST001317,0.1846,Low NPS
CUST012845,0.1845,Support Escalations
CUST004409,0.1844,Support Escalations
CUST009737,0.1843,Contract Expiry
CUST006194,0.1842,Contract Expiry
CUST007660,0.1841,Support Escalations
CUST013804,0.1841,Contract Expiry
CUST000106,0.184,Contract Expiry
CUST000202,0.184,Low NPS
CUST001636,0.184,Low Usage
CUST006801,0.184,Low NPS
CUST000652,0.1839,Low NPS
CUST001969,0.1839,Low NPS
CUST014993,0.1838,Low NPS
CUST005954,0.1837,Low NPS
CUST002277,0.1836,Low Usage
CUST012684,0.1836,Support Escalations
CUST007863,0.1834,Low NPS
CUST012338,0.1834,Low NPS
CUST001164,0.1833,Support Escalations
CUST012943,0.1833,Low NPS
CUST005159,0.1832,Contract Expiry
CUST000888,0.1831,Support Escalations
CUST005273,0.183,Low NPS
CUST013336,0.183,Low NPS
CUST013971,0.183,Support Escalations
CUST003997,0.1829,Support Escalations
CUST003333,0.1828,Contract Expiry
CUST004541,0.1827,Low NPS
CUST007030,0.1827,Support Escalations
CUST007193,0.1827,Contract Expiry
CUST001234,0.1826,Contract Expiry
CUST013928,0.1826,Support Escalations
CUST002471,0.1824,Contract Expiry
CUST003483,0.1824,Revenue Decline
CUST005105,0.1824,Low NPS
CUST007823,0.1824,Contract Expiry
CUST011092,0.1822,Low Usage
CUST001348,0.1821,Low NPS
CUST002258,0.1818,Low Usage
CUST010094,0.1817,Low Usage
CUST000352,0.1815,Support Escalations
CUST001888,0.1814,Revenue Decline
CUST009982,0.1814,Contract Expiry
CUST013646,0.1814,Low Usage
CUST003146,0.1813,Low NPS
CUST007267,0.1813,Low NPS
CUST003149,0.1812,Contract Expiry
CUST007471,0.1812,Revenue Decline
CUST013227,0.1809,Revenue Decline
CUST003595,0.1808,Support Escalations
CUST003766,0.1808,Low Usage
CUST007920,0.1808,Support Escalations
CUST000532,0.1807,Revenue Decline
CUST003015,0.1807,Low NPS
CUST003821,0.1806,Low Usage
CUST008569,0.1806,Revenue Decline
CUST008952,0.1806,Low Usage
CUST009711,0.1806,Low Usage
CUST008096,0.1805,Low NPS
CUST000271,0.1804,Low NPS
CUST011837,0.1804,Revenue Decline
CUST008258,0.1803,Revenue Decline
CUST003238,0.1801,Revenue Decline
CUST005694,0.1801,Support Escalations
CUST007633,0.1801,Low NPS
CUST014491,0.1801,Revenue Decline
CUST002678,0.18,Low Usage
CUST005516,0.1799,Contract Expiry
CUST002469,0.1797,Revenue Decline
CUST006716,0.1796,Low Usage
CUST013627,0.1796,Support Escalations
CUST014109,0.1796,Low NPS
CUST010240,0.1795,Support Escalations
CUST003994,0.1794,Low Usage
CUST010456,0.1794,Low NPS
CUST011640,0.1794,Support Escalations
CUST012016,0.1793,Low NPS
CUST005802,0.1791,Low Usage
CUST013236,0.1791,Contract Expiry
CUST000198,0.179,Support Escalations
CUST001691,0.179,Support Escalations
CUST003270,0.179,Revenue Decline
CUST007902,0.179,Support Escalations
CUST013102,0.179,Support Escalations
CUST002085,0.1788,Revenue Decline
CUST000515,0.1787,Low NPS
CUST000168,0.1786,Support Escalations
CUST001065,0.1785,Support Escalations
CUST003610,0.1784,Support Escalations
CUST010238,0.1784,Low Usage
CUST010259,0.1784,Low NPS
CUST011708,0.1784,Support Escalations
CUST000701,0.1783,Support Escalations
CUST003751,0.1783,Low NPS
CUST011669,0.1783,Support Escalations
CUST001921,0.1782,Contract Expiry
CUST006482,0.1782,Support Escalations
CUST013668,0.1781,Low NPS
CUST003910,0.178,Revenue Decline
CUST004704,0.178,Contract Expiry
CUST006234,0.178,Low Usage
CUST013199,0.178,Support Escalations
CUST002204,0.1779,Contract Expiry
CUST004529,0.1779,Support Escalations
CUST006838,0.1779,Support Escalations
CUST008478,0.1779,Contract Expiry
CUST014370,0.1778,Low NPS
CUST009963,0.1777,Contract Expiry
CUST005621,0.1776,Support Escalations
CUST007173,0.1776,Low NPS
CUST010392,0.1776,Support Escalations
CUST014824,0.1773,Low Usage
CUST004292,0.1772,Revenue Decline
CUST004358,0.1771,Contract Expiry
CUST006768,0.1771,Low NPS
CUST001880,0.177,Low NPS
CUST004964,0.177,Low Usage
CUST010851,0.177,Revenue Decline
CUST012628,0.177,Contract Expiry
CUST002038,0.1768,Contract Expiry
CUST002567,0.1768,Low Usage
CUST007114,0.1768,Low Usage
CUST013973,0.1768,Low Usage
CUST014316,0.1767,Revenue Decline
CUST005302,0.1765,Contract Expiry
CUST002288,0.1764,Support Escalations
CUST005351,0.1764,Support Escalations
CUST010702,0.1764,Contract Expiry
CUST002971,0.1763,Low NPS
CUST003701,0.1763,Low NPS
CUST012734,0.1763,Low Usage
CUST004341,0.1762,Low Usage
CUST011705,0.1762,Support Escalations
CUST004366,0.176,Low Usage
CUST014229,0.176,Low NPS
CUST011173,0.1759,Support Escalations
CUST001842,0.1757,Support Escalations
CUST002058,0.1757,Low Usage
CUST012285,0.1757,Support Escalations
CUST012253,0.1755,Low Usage
CUST014679,0.1755,Contract Expiry
CUST008341,0.1754,Support Escalations
CUST007345,0.1753,Support Escalations
CUST006135,0.1752,Support Escalations
CUST011238,0.1751,Contract Expiry
CUST014908,0.175,Support Escalations
CUST013349,0.1749,Revenue Decline
CUST000283,0.1748,Low NPS
CUST003830,0.1748,Revenue Decline
CUST007923,0.1748,Revenue Decline
CUST012885,0.1747,Support Escalations
CUST010532,0.1746,Support Escalations
CUST012109,0.1746,Revenue Decline
CUST012680,0.1746,Revenue Decline
CUST005475,0.1744,Low Usage
CUST009966,0.1744,Revenue Decline
CUST012485,0.1744,Low Usage
CUST005040,0.1742,Revenue Decline
CUST005837,0.1742,Contract Expiry
CUST006778,0.1742,Low Usage
CUST014708,0.1741,Support Escalations
CUST000919,0.174,Low Usage
CUST008982,0.1739,Revenue Decline
CUST001299,0.1738,Contract Expiry
CUST005042,0.1738,Support Escalations
CUST011827,0.1738,Low NPS
CUST012506,0.1738,Low NPS
CUST000135,0.1737,Contract Expiry
CUST001634,0.1737,Contract Expiry
CUST008072,0.1737,Contract Expiry
CUST003775,0.1736,Support Escalations
CUST005644,0.1736,Low Usage
CUST009054,0.1736,Low NPS
CUST011871,0.1736,Revenue Decline
CUST013485,0.1736,Revenue Decline
CUST000056,0.1735,Contract Expiry
CUST000466,0.1735,Contract Expiry
CUST000531,0.1735,Support Escalations
CUST004945,0.1735,Support Escalations
CUST011137,0.1735,Contract Expiry
CUST004907,0.1733,Contract Expiry
CUST006044,0.1733,Low NPS
CUST006288,0.1732,Support Escalations
CUST000535,0.1731,Low Usage
CUST006906,0.173,Low NPS
CUST007017,0.173,Low NPS
CUST000167,0.1729,Low NPS
CUST014879,0.1729,Support Escalations
CUST001549,0.1728,Contract Expiry
CUST011975,0.1728,Contract Expiry
CUST010938,0.1727,Revenue Decline
CUST011599,0.1727,Support Escalations
CUST000132,0.1726,Low Usage
CUST003653,0.1726,Contract Expiry
CUST000945,0.1725,Support Escalations
CUST000218,0.1724,Revenue Decline
CUST007270,0.1723,Support Escalations
CUST014774,0.1723,Contract Expiry
CUST011773,0.1722,Support Escalations
CUST006391,0.1721,Support Escalations
CUST007486,0.1721,Low Usage
CUST014059,0.1721,Revenue Decline
CUST003937,0.172,Revenue Decline
CUST005855,0.172,Low Usage
CUST010809,0.172,Low Usage
CUST014323,0.172,Revenue Decline
CUST000003,0.1719,Support Escalations
CUST001087,0.1717,Support Escalations
CUST007987,0.1717,Low NPS
CUST010360,0.1717,Low NPS
CUST005203,0.1716,Contract Expiry
CUST000884,0.1713,Support Escalations
CUST003452,0.1713,Low NPS
CUST006010,0.1713,Low Usage
CUST010785,0.1713,Low NPS
CUST008707,0.1712,Contract Expiry
CUST011055,0.1712,Revenue Decline
CUST012700,0.1712,Support Escalations
CUST003472,0.171,Revenue Decline
CUST006299,0.171,Low Usage
CUST001047,0.1709,Support Escalations
CUST009774,0.1707,Low Usage
CUST000645,0.1706,Support Escalations
CUST002025,0.1706,Contract Expiry
CUST007896,0.1706,Contract Expiry
CUST014777,0.1705,Support Escalations
CUST010372,0.1703,Low NPS
CUST010666,0.1703,Support Escalations
CUST000303,0.1702,Low NPS
CUST011317,0.1701,Support Escalations
CUST012941,0.17,Support Escalations
CUST010796,0.1699,Revenue Decline
CUST013782,0.1699,Revenue Decline
CUST014517,0.1699,Support Escalations
CUST006322,0.1698,Low Usage
CUST008547,0.1698,Contract Expiry
CUST008287,0.1697,Contract Expiry
CUST010895,0.1697,Low NPS
CUST000326,0.1696,Support Escalations
CUST001033,0.1696,Support Escalations
CUST009757,0.1696,Low Usage
CUST013670,0.1696,Revenue Decline
CUST009180,0.1695,Support Escalations
CUST000472,0.1694,Support Escalations
CUST006279,0.1694,Low NPS
CUST013261,0.1694,Support Escalations
CUST014677,0.1694,Revenue Decline
CUST008950,0.1693,Support Escalations
CUST002909,0.1692,Contract Expiry
CUST003873,0.1692,Contract Expiry
CUST006706,0.1692,Low Usage
CUST006737,0.1692,Contract Expiry
CUST007798,0.1691,Contract Expiry
CUST011492,0.1691,Support Escalations
CUST007154,0.169,Low NPS
CUST002807,0.1689,Contract Expiry
CUST006145,0.1689,Revenue Decline
CUST007209,0.1688,Support Escalations
CUST013883,0.1688,Revenue Decline
CUST006064,0.1685,Low NPS
CUST001865,0.1684,Revenue Decline
CUST009822,0.1684,Contract Expiry
CUST008243,0.1683,Low NPS
CUST000453,0.1681,Low NPS
CUST003784,0.1679,Revenue Decline
CUST010183,0.1678,Revenue Decline
CUST010868,0.1678,Contract Expiry
CUST000753,0.1677,Revenue Decline
CUST004788,0.1677,Contract Expiry
CUST006719,0.1677,Revenue Decline
CUST013659,0.1677,Support Escalations
CUST008920,0.1676,Contract Expiry
CUST012451,0.1676,Revenue Decline
CUST001797,0.1675,Low NPS
CUST011594,0.1674,Contract Expiry
CUST003174,0.1673,Revenue Decline
CUST011034,0.1673,Low NPS
CUST011441,0.1673,Support Escalations
CUST011710,0.1673,Low Usage
CUST013763,0.1673,Low Usage
CUST001254,0.1671,Low Usage
CUST011272,0.1671,Revenue Decline
CUST013714,0.1671,Contract Expiry
CUST001290,0.1669,Contract Expiry
CUST010740,0.1668,Low NPS
CUST003906,0.1667,Contract Expiry
CUST009830,0.1667,Low NPS
CUST004126,0.1666,Revenue Decline
CUST006786,0.1666,Low Usage
CUST012889,0.1666,Contract Expiry
CUST003896,0.1665,Low Usage
CUST006994,0.1665,Support Escalations
CUST005437,0.1664,Support Escalations
CUST005540,0.1664,Low NPS
CUST001312,0.1663,Support Escalations
CUST001417,0.1663,Contract Expiry
CUST005152,0.1663,Support Escalations
CUST007022,0.1663,Contract Expiry
CUST006170,0.1662,Revenue Decline
CUST008932,0.1662,Low NPS
CUST009790,0.1661,Contract Expiry
CUST001595,0.166,Support Escalations
CUST011456,0.166,Contract Expiry
CUST002521,0.1659,Contract Expiry
CUST005962,0.1659,Revenue Decline
CUST009411,0.1659,Contract Expiry
CUST014349,0.1657,Contract Expiry
CUST009259,0.1656,Contract Expiry
CUST012017,0.1655,Support Escalations
CUST003804,0.1654,Contract Expiry
CUST004425,0.1653,Low Usage
CUST004965,0.1653,Low NPS
CUST013201,0.1653,Support Escalations
CUST014350,0.1653,Contract Expiry
CUST002503,0.1652,Low NPS
CUST002856,0.1652,Revenue Decline
CUST005969,0.1651,Low Usage
CUST007787,0.1651,Support Escalations
CUST008660,0.1651,Support Escalations
CUST011265,0.165,Support Escalations
CUST003532,0.1649,Support Escalations
CUST014008,0.1649,Contract Expiry
CUST005423,0.1648,Low Usage
CUST012085,0.1648,Support Escalations
CUST009395,0.1647,Revenue Decline
CUST002850,0.1646,Low Usage
CUST003263,0.1646,Low NPS
CUST004051,0.1645,Support Escalations
CUST009212,0.1645,Contract Expiry
CUST012284,0.1645,Support Escalations
CUST009585,0.1644,Low NPS
CUST014202,0.1643,Contract Expiry
CUST007538,0.1641,Support Escalations
CUST010648,0.1641,Low Usage
CUST005101,0.164,Contract Expiry
CUST005624,0.1639,Revenue Decline
CUST006140,0.1638,Revenue Decline
CUST013752,0.1638,Revenue Decline
CUST004402,0.1637,Low Usage
CUST009509,0.1637,Low Usage
CUST012840,0.1637,Revenue Decline
CUST002785,0.1635,Low Usage
CUST008892,0.1635,Low Usage
CUST010122,0.1635,Low Usage
CUST010254,0.1634,Revenue Decline
CUST010379,0.1633,Low NPS
CUST010761,0.1633,Low Usage
CUST007917,0.1632,Contract Expiry
CUST002024,0.1631,Low NPS
CUST013090,0.163,Support Escalations
CUST000920,0.1629,Support Escalations
CUST007560,0.1628,Contract Expiry
CUST011646,0.1627,Revenue Decline
CUST009992,0.1625,Revenue Decline
CUST001755,0.1624,Low NPS
CUST002612,0.1624,Support Escalations
CUST008058,0.1624,Low Usage
CUST011371,0.1624,Contract Expiry
CUST001855,0.1623,Revenue Decline
CUST007073,0.1623,Revenue Decline
CUST010352,0.1623,Support Escalations
CUST011253,0.1623,Revenue Decline
CUST011706,0.1623,Support Escalations
CUST001488,0.1622,Low Usage
CUST002296,0.1622,Contract Expiry
CUST001266,0.1621,Low Usage
CUST007838,0.1621,Low NPS
CUST008381,0.1621,Low NPS
CUST006903,0.162,Contract Expiry
CUST011370,0.1619,Support Escalations
CUST005601,0.1618,Revenue Decline
CUST010006,0.1618,Revenue Decline
CUST006237,0.1615,Low NPS
CUST012800,0.1612,Low Usage
CUST014968,0.1612,Contract Expiry
CUST003992,0.1611,Revenue Decline
CUST013549,0.1611,Contract Expiry
CUST002837,0.161,Revenue Decline
CUST014678,0.161,Low Usage
CUST008491,0.1609,Revenue Decline
CUST006712,0.1608,Support Escalations
CUST010578,0.1605,Contract Expiry
CUST014001,0.1604,Low Usage
CUST003749,0.1603,Low Usage
CUST003319,0.1602,Low NPS
CUST012843,0.1602,Low Usage
CUST003249,0.1601,Low NPS
CUST005187,0.16,Contract Expiry
CUST000876,0.1598,Revenue Decline
CUST006215,0.1598,Low Usage
CUST000340,0.1597,Low NPS
CUST009597,0.1597,Revenue Decline
CUST014176,0.1596,Low NPS
CUST001790,0.1595,Contract Expiry
CUST005897,0.1595,Low NPS
CUST014513,0.1595,Revenue Decline
CUST001271,0.1593,Low Usage
CUST013222,0.1593,Low NPS
CUST000953,0.1592,Support Escalations
CUST011130,0.1592,Revenue Decline
CUST009451,0.1591,Low Usage
CUST002664,0.159,Revenue Decline
CUST011038,0.1589,Support Escalations
CUST004950,0.1588,Revenue Decline
CUST005244,0.1588,Low NPS
CUST009005,0.1588,Support Escalations
CUST000065,0.1587,Contract Expiry
CUST012101,0.1587,Support Escalations
CUST010674,0.1586,Low NPS
CUST013504,0.1586,Low NPS
CUST000781,0.1585,Low Usage
CUST009249,0.1585,Low Usage
CUST002289,0.1584,Support Escalations
CUST004291,0.1583,Support Escalations
CUST005682,0.1583,Contract Expiry
CUST013405,0.1583,Revenue Decline
CUST013684,0.1583,Low NPS
CUST014169,0.1583,Support Escalations
CUST000725,0.1582,Low NPS
CUST008150,0.1582,Low NPS
CUST013298,0.1581,Support Escalations
CUST014611,0.1581,Revenue Decline
CUST009594,0.158,Revenue Decline
CUST005904,0.1579,Revenue Decline
CUST007233,0.1579,Support Escalations
CUST013011,0.1579,Contract Expiry
CUST002717,0.1576,Contract Expiry
CUST002921,0.1575,Low Usage
CUST003490,0.1573,Low Usage
CUST004540,0.1573,Revenue Decline
CUST005361,0.1573,Contract Expiry
CUST008235,0.1572,Revenue Decline
CUST014779,0.1572,Support Escalations
CUST005908,0.1571,Low Usage
CUST012379,0.1571,Support Escalations
CUST014535,0.1571,Revenue Decline
CUST003216,0.157,Low Usage
CUST009828,0.157,Contract Expiry
CUST014056,0.157,Revenue Decline
CUST014711,0.157,Revenue Decline
CUST000293,0.1569,Low NPS
CUST003287,0.1569,Low Usage
CUST005580,0.1569,Revenue Decline
CUST006975,0.1569,Support Escalations
CUST009924,0.1567,Low NPS
CUST014420,0.1567,Revenue Decline
CUST001920,0.1566,Revenue Decline
CUST003728,0.1566,Contract Expiry
CUST006185,0.1566,Low Usage
CUST004647,0.1565,Low Usage
CUST008899,0.1565,Low Usage
CUST010100,0.1565,Revenue Decline
CUST007635,0.1564,Support Escalations
CUST008928,0.1564,Low Usage
CUST009622,0.1563,Low NPS
CUST002118,0.1562,Low NPS
CUST004967,0.1562,Low NPS
CUST010305,0.1562,Contract Expiry
CUST006331,0.1561,Support Escalations
CUST010899,0.1561,Contract Expiry
CUST000647,0.1558,Revenue Decline
CUST002563,0.1558,Contract Expiry
CUST004694,0.1558,Contract Expiry
CUST010229,0.1558,Low Usage
CUST006130,0.1557,Revenue Decline
CUST007576,0.1557,Support Escalations
CUST000836,0.1556,Low NPS
CUST003200,0.1553,Revenue Decline
CUST003730,0.1552,Low NPS
CUST005757,0.1552,Contract Expiry
CUST007254,0.1552,Support Escalations
CUST003461,0.1551,Revenue Decline
CUST004282,0.1551,Revenue Decline
CUST002941,0.1549,Low NPS
CUST009503,0.1549,Contract Expiry
CUST003113,0.1548,Support Escalations
CUST007273,0.1548,Support Escalations
CUST007935,0.1548,Low NPS
CUST007997,0.1548,Support Escalations
CUST000019,0.1547,Support Escalations
CUST003598,0.1547,Low Usage
CUST008622,0.1547,Contract Expiry
CUST008634,0.1547,Low NPS
CUST010108,0.1547,Low NPS
CUST009357,0.1546,Low NPS
CUST009513,0.1546,Contract Expiry
CUST013477,0.1546,Contract Expiry
CUST002758,0.1545,Revenue Decline
CUST006286,0.1545,Contract Expiry
CUST000843,0.1544,Support Escalations
CUST003887,0.1543,Low Usage
CUST007109,0.1543,Low Usage
CUST013557,0.1542,Support Escalations
CUST000835,0.1541,Low Usage
CUST001559,0.1541,Revenue Decline
CUST005756,0.1539,Revenue Decline
CUST007644,0.1539,Low NPS
CUST014182,0.1539,Low NPS
CUST006452,0.1538,Low NPS
CUST008428,0.1537,Low Usage
CUST010884,0.1537,Low NPS
CUST001708,0.1536,Low NPS
CUST007025,0.1536,Low NPS
CUST008125,0.1536,Support Escalations
CUST000310,0.1535,Low Usage
CUST003894,0.1535,Contract Expiry
CUST005066,0.1535,Low NPS
CUST009940,0.1535,Support Escalations
CUST004949,0.1534,Low NPS
CUST004910,0.1533,Support Escalations
CUST004141,0.1532,Low Usage
CUST005871,0.1532,Contract Expiry
CUST014661,0.1531,Low Usage
CUST014449,0.153,Support Escalations
CUST007080,0.1529,Low NPS
CUST007786,0.1528,Low Usage
CUST003066,0.1527,Revenue Decline
CUST010035,0.1527,Low Usage
CUST002766,0.1526,Low NPS
CUST003793,0.1525,Low NPS
CUST006024,0.1525,Support Escalations
CUST002314,0.1524,Low Usage
CUST004029,0.1524,Support Escalations
CUST010033,0.1524,Low Usage
CUST011865,0.1523,Low NPS
CUST013588,0.1523,Low Usage
CUST005336,0.1522,Revenue Decline
CUST008817,0.1522,Low Usage
CUST010731,0.1522,Revenue Decline
CUST014767,0.1521,Revenue Decline
CUST002762,0.152,Support Escalations
CUST000408,0.1519,Revenue Decline
CUST006736,0.1519,Low Usage
CUST004542,0.1518,Revenue Decline
CUST010361,0.1518,Low Usage
CUST013325,0.1518,Low Usage
CUST005868,0.1517,Revenue Decline
CUST007839,0.1517,Revenue Decline
CUST012687,0.1516,Low Usage
CUST002378,0.1515,Revenue Decline
CUST007289,0.1515,Support Escalations
CUST006547,0.1512,Low Usage
CUST008294,0.1511,Low Usage
CUST004014,0.151,Revenue Decline
CUST005119,0.151,Support Escalations
CUST000270,0.1509,Low Usage
CUST003043,0.1509,Contract Expiry
CUST007540,0.1509,Support Escalations
CUST004134,0.1508,Support Escalations
CUST000149,0.1507,Low Usage
CUST004009,0.1507,Revenue Decline
CUST001280,0.1506,Low Usage
CUST012436,0.1506,Support Escalations
CUST010287,0.1505,Support Escalations
CUST014917,0.1505,Contract Expiry
CUST003152,0.1503,Revenue Decline
CUST004483,0.1503,Support Escalations
CUST010910,0.1503,Support Escalations
CUST011481,0.1503,Contract Expiry
CUST005407,0.1502,Contract Expiry
CUST012235,0.1502,Low Usage
CUST012271,0.1502,Revenue Decline
CUST014969,0.1501,Contract Expiry
CUST005531,0.15,Low NPS
CUST009069,0.15,Revenue Decline
CUST011457,0.15,Support Escalations
CUST006913,0.1499,Support Escalations
CUST014654,0.1499,Low NPS
CUST011182,0.1498,Contract Expiry
CUST001305,0.1497,Revenue Decline
CUST004374,0.1497,Revenue Decline
CUST010107,0.1497,Contract Expiry
CUST004771,0.1496,Contract Expiry
CUST012140,0.1496,Revenue Decline
CUST004423,0.1495,Low Usage
CUST003352,0.1494,Low NPS
CUST009292,0.1494,Revenue Decline
CUST010883,0.1494,Revenue Decline
CUST010369,0.1493,Revenue Decline
CUST004585,0.1492,Low Usage
CUST007202,0.1492,Low Usage
CUST000299,0.1491,Low Usage
CUST012677,0.1488,Support Escalations
CUST007316,0.1487,Contract Expiry
CUST007747,0.1487,Contract Expiry
CUST003018,0.1486,Revenue Decline
CUST012426,0.1486,Support Escalations
CUST002157,0.1485,Low NPS
CUST014727,0.1485,Low Usage
CUST004598,0.1484,Low Usage
CUST007388,0.1483,Support Escalations
CUST008295,0.1483,Support Escalations
CUST009051,0.1479,Low Usage
CUST005231,0.1478,Low Usage
CUST006534,0.1477,Revenue Decline
CUST002391,0.1476,Contract Expiry
CUST004479,0.1476,Low NPS
CUST011154,0.1476,Revenue Decline
CUST012873,0.1476,Low NPS
CUST005892,0.1475,Low Usage
CUST008580,0.1475,Low Usage
CUST004696,0.1474,Revenue Decline
CUST011662,0.1474,Low NPS
CUST001690,0.1473,Low NPS
CUST006986,0.1473,Revenue Decline
CUST014499,0.1473,Low Usage
CUST006949,0.1472,Contract Expiry
CUST007650,0.1471,Low NPS
CUST014114,0.1471,Contract Expiry
CUST006293,0.147,Revenue Decline
CUST002669,0.1469,Low Usage
CUST014447,0.1469,Contract Expiry
CUST013269,0.1468,Revenue Decline
CUST006880,0.1467,Low NPS
CUST009688,0.1467,Revenue Decline
CUST000141,0.1466,Revenue Decline
CUST011556,0.1466,Support Escalations
CUST005076,0.1464,Low NPS
CUST009590,0.1463,Low Usage
CUST002742,0.1462,Contract Expiry
CUST003675,0.1459,Revenue Decline
CUST003676,0.1459,Revenue Decline
CUST007927,0.1458,Contract Expiry
CUST008116,0.1458,Support Escalations
CUST000096,0.1457,Support Escalations
CUST001476,0.1457,Low Usage
CUST006520,0.1457,Low Usage
CUST013849,0.1457,Contract Expiry
CUST000573,0.1456,Contract Expiry
CUST002745,0.1456,Contract Expiry
CUST008687,0.1456,Support Escalations
CUST011803,0.1456,Low Usage
CUST014559,0.1456,Contract Expiry
CUST014467,0.1455,Contract Expiry
CUST000049,0.1454,Support Escalations
CUST005229,0.1454,Low Usage
CUST003030,0.1453,Low NPS
CUST004083,0.1453,Low Usage
CUST013229,0.1453,Low Usage
CUST009258,0.1452,Revenue Decline
CUST000207,0.1451,Contract Expiry
CUST004086,0.1451,Contract Expiry
CUST004838,0.1449,Low NPS
CUST014354,0.1449,Low NPS
CUST009046,0.1447,Low NPS
CUST010261,0.1446,Support Escalations
CUST008516,0.1445,Revenue Decline
CUST009086,0.1445,Support Escalations
CUST010175,0.1445,Support Escalations
CUST001160,0.1444,Contract Expiry
CUST003901,0.1443,Low NPS
CUST007117,0.1442,Low Usage
CUST008847,0.1442,Contract Expiry
CUST011306,0.1442,Low NPS
CUST009242,0.1441,Contract Expiry
CUST001744,0.144,Low Usage
CUST007128,0.144,Support Escalations
CUST008104,0.144,Support Escalations
CUST000185,0.1439,Contract Expiry
CUST007046,0.1439,Contract Expiry
CUST007565,0.1439,Low NPS
CUST007957,0.1439,Support Escalations
CUST013649,0.1439,Low Usage
CUST011701,0.1438,Revenue Decline
CUST012082,0.1437,Contract Expiry
CUST001046,0.1436,Low NPS
CUST007490,0.1436,Support Escalations
CUST007908,0.1436,Revenue Decline
CUST009488,0.1436,Revenue Decline
CUST010489,0.1436,Low Usage
CUST006115,0.1434,Low Usage
CUST012563,0.1434,Contract Expiry
CUST012417,0.1433,Low Usage
CUST004033,0.1431,Support Escalations
CUST012025,0.1431,Contract Expiry
CUST012644,0.1431,Low Usage
CUST013345,0.143,Low NPS
CUST003666,0.1429,Revenue Decline
CUST005452,0.1428,Low Usage
CUST007356,0.1428,Low Usage
CUST003091,0.1426,Support Escalations
CUST003500,0.1426,Contract Expiry
CUST003094,0.1425,Contract Expiry
CUST014276,0.1425,Contract Expiry
CUST003970,0.1424,Contract Expiry
CUST009225,0.1424,Support Escalations
CUST006574,0.1423,Low NPS
CUST012954,0.1422,Low NPS
CUST000874,0.1421,Low Usage
CUST014163,0.1421,Contract Expiry
CUST009671,0.142,Contract Expiry
CUST012066,0.1419,Revenue Decline
CUST013748,0.1419,Revenue Decline
CUST005556,0.1418,Low Usage
CUST008635,0.1418,Contract Expiry
CUST009353,0.1418,Revenue Decline
CUST009760,0.1418,Low NPS
CUST004516,0.1416,Low Usage
CUST006472,0.1416,Low Usage
CUST012638,0.1416,Low NPS
CUST014146,0.1416,Low NPS
CUST011164,0.1414,Low Usage
CUST003021,0.1413,Low NPS
CUST009718,0.1412,Contract Expiry
CUST000749,0.1411,Support Escalations
CUST008402,0.141,Support Escalations
CUST013944,0.141,Low Usage
CUST010565,0.1409,Contract Expiry
CUST000654,0.1408,Low NPS
CUST002043,0.1408,Support Escalations
CUST003342,0.1407,Low Usage
CUST006580,0.1407,Support Escalations
CUST001529,0.1406,Support Escalations
CUST002348,0.1406,Contract Expiry
CUST002579,0.1406,Low NPS
CUST007255,0.1404,Low Usage
CUST009884,0.1404,Low NPS
CUST003991,0.1403,Contract Expiry
CUST000388,0.1402,Support Escalations
CUST002744,0.1402,Revenue Decline
CUST004795,0.1402,Contract Expiry
CUST002477,0.1401,Contract Expiry
CUST005909,0.1401,Low Usage
CUST009732,0.1401,Support Escalations
CUST009314,0.14,Low NPS
CUST014429,0.14,Revenue Decline
CUST006729,0.1399,Low NPS
CUST000618,0.1398,Support Escalations
CUST009414,0.1396,Low Usage
CUST001202,0.1394,Revenue Decline
CUST006869,0.1394,Contract Expiry
CUST009881,0.1394,Support Escalations
CUST004900,0.1393,Contract Expiry
CUST008585,0.1393,Revenue Decline
CUST001720,0.1392,Revenue Decline
CUST002180,0.1391,Low Usage
CUST006693,0.1391,Revenue Decline
CUST005312,0.139,Contract Expiry
CUST005834,0.1389,Contract Expiry
CUST005786,0.1388,Low Usage
CUST007386,0.1388,Support Escalations
CUST014435,0.1388,Support Escalations
CUST001456,0.1386,Support Escalations
CUST005316,0.1386,Support Escalations
CUST005341,0.1386,Contract Expiry
CUST013609,0.1384,Contract Expiry
CUST009090,0.1383,Low NPS
CUST010561,0.1383,Contract Expiry
CUST006128,0.1382,Low NPS
CUST009380,0.1382,Low Usage
CUST009529,0.138,Low Usage
CUST000392,0.1379,Support Escalations
CUST013960,0.1379,Support Escalations
CUST002292,0.1377,Revenue Decline
CUST008437,0.1377,Contract Expiry
CUST001769,0.1376,Support Escalations
CUST005525,0.1376,Support Escalations
CUST008739,0.1376,Contract Expiry
CUST013817,0.1376,Contract Expiry
CUST014242,0.1376,Support Escalations
CUST005359,0.1375,Support Escalations
CUST005914,0.1375,Contract Expiry
CUST011340,0.1374,Support Escalations
CUST002319,0.1373,Support Escalations
CUST009751,0.1373,Support Escalations
CUST000182,0.1372,Revenue Decline
CUST006333,0.1372,Support Escalations
CUST008015,0.1372,Contract Expiry
CUST000371,0.1371,Support Escalations
CUST004526,0.137,Contract Expiry
CUST006070,0.137,Low Usage
CUST008270,0.137,Low Usage
CUST000655,0.1369,Low NPS
CUST014567,0.1369,Revenue Decline
CUST008475,0.1368,Low NPS
CUST000187,0.1367,Support Escalations
CUST001323,0.1366,Low NPS
CUST007640,0.1366,Revenue Decline
CUST008671,0.1366,Low Usage
CUST005816,0.1365,Low Usage
CUST012504,0.1365,Revenue Decline
CUST002888,0.1364,Support Escalations
CUST008916,0.1364,Revenue Decline
CUST011853,0.1364,Low Usage
CUST012421,0.1364,Contract Expiry
CUST003132,0.1363,Low Usage
CUST010718,0.1362,Contract Expiry
CUST010145,0.1361,Low Usage
CUST000785,0.1358,Revenue Decline
CUST004654,0.1358,Low Usage
CUST005006,0.1357,Revenue Decline
CUST000037,0.1356,Low Usage
CUST005480,0.1356,Support Escalations
CUST010838,0.1356,Contract Expiry
CUST013976,0.1356,Revenue Decline
CUST011620,0.1355,Low Usage
CUST010223,0.1354,Support Escalations
CUST001941,0.1353,Low NPS
CUST004107,0.1353,Low NPS
CUST008432,0.1352,Low Usage
CUST001405,0.1351,Revenue Decline
CUST010629,0.1351,Support Escalations
CUST000366,0.135,Revenue Decline
CUST003898,0.135,Low NPS
CUST007925,0.135,Support Escalations
CUST010218,0.135,Support Escalations
CUST009716,0.1349,Revenue Decline
CUST000633,0.1348,Contract Expiry
CUST004073,0.1348,Revenue Decline
CUST013029,0.1348,Low Usage
CUST005073,0.1347,Support Escalations
CUST003857,0.1345,Low Usage
CUST007487,0.1345,Contract Expiry
CUST012242,0.1345,Revenue Decline
CUST014136,0.1345,Support Escalations
CUST010321,0.1344,Support Escalations
CUST008118,0.1343,Support Escalations
CUST012736,0.1342,Revenue Decline
CUST000762,0.1341,Contract Expiry
CUST010789,0.1341,Low NPS
CUST011717,0.134,Revenue Decline
CUST005446,0.1339,Low Usage
CUST009343,0.1339,Low Usage
CUST009394,0.1339,Revenue Decline
CUST011678,0.1337,Contract Expiry
CUST000706,0.1335,Contract Expiry
CUST011889,0.1335,Low Usage
CUST004721,0.1334,Low NPS
CUST007179,0.1334,Low NPS
CUST003731,0.1333,Contract Expiry
CUST005814,0.1333,Low Usage
CUST006636,0.1333,Low Usage
CUST008144,0.1333,Low NPS
CUST013890,0.1333,Low NPS
CUST001268,0.1332,Support Escalations
CUST012177,0.1332,Low NPS
CUST004186,0.1331,Support Escalations
CUST005641,0.133,Revenue Decline
CUST007962,0.1326,Contract Expiry
CUST004792,0.1324,Low Usage
CUST009430,0.1324,Low Usage
CUST003109,0.1321,Low Usage
CUST005320,0.1321,Contract Expiry
CUST003209,0.132,Low Usage
CUST005791,0.1319,Revenue Decline
CUST008154,0.1319,Contract Expiry
CUST010341,0.1319,Contract Expiry
CUST003073,0.1317,Contract Expiry
CUST007909,0.1317,Contract Expiry
CUST010165,0.1317,Support Escalations
CUST011675,0.1317,Revenue Decline
CUST000017,0.1314,Revenue Decline
CUST011051,0.1314,Contract Expiry
CUST011061,0.1314,Support Escalations
CUST012289,0.1314,Support Escalations
CUST012302,0.1314,Low NPS
CUST002355,0.1313,Low Usage
CUST007739,0.1313,Low Usage
CUST011406,0.1313,Low NPS
CUST002542,0.1311,Revenue Decline
CUST011178,0.1311,Low Usage
CUST000119,0.131,Revenue Decline
CUST010577,0.131,Support Escalations
CUST002757,0.1307,Support Escalations
CUST009540,0.1307,Low NPS
CUST010799,0.1307,Revenue Decline
CUST003265,0.1306,Low Usage
CUST006448,0.1306,Support Escalations
CUST006509,0.1305,Support Escalations
CUST007409,0.1305,Support Escalations
CUST013572,0.1305,Contract Expiry
CUST004988,0.1304,Support Escalations
CUST011327,0.1303,Revenue Decline
CUST005276,0.1301,Low Usage
CUST007614,0.1301,Contract Expiry
CUST013987,0.1301,Low NPS
CUST003656,0.13,Contract Expiry
CUST008940,0.13,Support Escalations
CUST013073,0.13,Support Escalations
CUST000465,0.1298,Revenue Decline
CUST001715,0.1298,Support Escalations
CUST002519,0.1298,Low Usage
CUST006192,0.1297,Revenue Decline
CUST010213,0.1297,Low Usage
CUST012100,0.1297,Revenue Decline
CUST007796,0.1296,Support Escalations
CUST012337,0.1296,Low Usage
CUST002284,0.1295,Revenue Decline
CUST003235,0.1295,Support Escalations
CUST004961,0.1295,Low NPS
CUST006726,0.1295,Revenue Decline
CUST010280,0.1295,Support Escalations
CUST011807,0.1294,Low Usage
CUST001010,0.1293,Low NPS
CUST001363,0.1293,Low Usage
CUST002322,0.1292,Support Escalations
CUST008152,0.1292,Support Escalations
CUST004474,0.1291,Low Usage
CUST001410,0.129,Revenue Decline
CUST007214,0.129,Contract Expiry
CUST008282,0.129,Contract Expiry
CUST014351,0.129,Revenue Decline
CUST000125,0.1289,Low Usage
CUST010055,0.1289,Support Escalations
CUST010451,0.1289,Low NPS
CUST005456,0.1288,Low NPS
CUST010866,0.1288,Support Escalations
CUST011626,0.1288,Support Escalations
CUST000144,0.1284,Contract Expiry
CUST006294,0.1283,Revenue Decline
CUST010405,0.1282,Support Escalations
CUST011615,0.1282,Low Usage
CUST007456,0.1279,Low Usage
CUST012052,0.1277,Revenue Decline
CUST007637,0.1276,Low NPS
CUST011082,0.1275,Low Usage
CUST012374,0.1275,Revenue Decline
CUST007510,0.1273,Low NPS
CUST008203,0.1273,Low Usage
CUST011282,0.1273,Contract Expiry
CUST014148,0.1273,Revenue Decline
CUST008993,0.1272,Revenue Decline
CUST011592,0.1272,Low NPS
CUST013177,0.1272,Low Usage
CUST000395,0.1271,Low Usage
CUST007338,0.1271,Low NPS
CUST008981,0.1269,Revenue Decline
CUST012649,0.1268,Low Usage
CUST008898,0.1267,Support Escalations
CUST014297,0.1267,Contract Expiry
CUST014454,0.1267,Contract Expiry
CUST002273,0.1266,Low Usage
CUST012463,0.1266,Support Escalations
CUST000909,0.1265,Low NPS
CUST014057,0.1265,Revenue Decline
CUST001530,0.1263,Revenue Decline
CUST000667,0.1262,Support Escalations
CUST014950,0.1262,Revenue Decline
CUST004360,0.1261,Support Escalations
CUST007133,0.1261,Low Usage
CUST004570,0.126,Contract Expiry
CUST006424,0.126,Revenue Decline
CUST001846,0.1259,Low Usage
CUST007107,0.1259,Low Usage
CUST004062,0.1258,Low Usage
CUST006715,0.1258,Low NPS
CUST014854,0.1257,Low NPS
CUST007959,0.1256,Low Usage
CUST000947,0.1253,Low Usage
CUST001366,0.1253,Contract Expiry
CUST006582,0.1253,Contract Expiry
CUST010967,0.1253,Low NPS
CUST008431,0.1252,Contract Expiry
CUST002101,0.1251,Support Escalations
CUST004216,0.1251,Contract Expiry
CUST003817,0.125,Low NPS
CUST014239,0.125,Revenue Decline
CUST006026,0.1249,Low Usage
CUST011982,0.1245,Support Escalations
CUST013097,0.1245,Low NPS
CUST013128,0.1245,Low NPS
CUST003912,0.1244,Contract Expiry
CUST010377,0.1244,Low Usage
CUST005949,0.1243,Low NPS
CUST011235,0.1243,Contract Expiry
CUST005737,0.1242,Contract Expiry
CUST008218,0.1241,Low Usage
CUST003591,0.1239,Contract Expiry
CUST013553,0.1239,Revenue Decline
CUST010800,0.1237,Low Usage
CUST013458,0.1237,Contract Expiry
CUST002447,0.1236,Revenue Decline
CUST007715,0.1236,Contract Expiry
CUST009030,0.1236,Low NPS
CUST010105,0.1236,Low NPS
CUST000442,0.1234,Support Escalations
CUST004144,0.1232,Revenue Decline
CUST005325,0.1231,Support Escalations
CUST008737,0.1231,Support Escalations
CUST008947,0.1231,Low Usage
CUST010794,0.123,Low NPS
CUST012779,0.123,Revenue Decline
CUST011198,0.1229,Contract Expiry
CUST005744,0.1228,Support Escalations
CUST013237,0.1228,Contract Expiry
CUST014802,0.1228,Low NPS
CUST005858,0.1226,Low NPS
CUST011665,0.1225,Low NPS
CUST010513,0.1224,Support Escalations
CUST013420,0.1224,Revenue Decline
CUST003375,0.1222,Support Escalations
CUST013303,0.1222,Support Escalations
CUST001952,0.1221,Support Escalations
CUST004831,0.1221,Low Usage
CUST005715,0.1221,Contract Expiry
CUST008948,0.1221,Contract Expiry
CUST010343,0.1221,Low Usage
CUST003778,0.122,Contract Expiry
CUST002059,0.1219,Low NPS
CUST003815,0.1219,Revenue Decline
CUST005919,0.1219,Support Escalations
CUST002991,0.1218,Contract Expiry
CUST000679,0.1217,Support Escalations
CUST001068,0.1217,Revenue Decline
CUST003449,0.1217,Low NPS
CUST005321,0.1217,Revenue Decline
CUST006126,0.1217,Low Usage
CUST000554,0.1216,Revenue Decline
CUST013311,0.1216,Low Usage
CUST001551,0.1213,Low Usage
CUST006313,0.1213,Low NPS
CUST010414,0.1213,Revenue Decline
CUST012408,0.1213,Low Usage
CUST000732,0.1212,Low Usage
CUST006562,0.1212,Support Escalations
CUST007070,0.1212,Revenue Decline
CUST007999,0.1212,Revenue Decline
CUST011716,0.1212,Low NPS
CUST012146,0.1211,Support Escalations
CUST012173,0.121,Support Escalations
CUST013666,0.121,Low NPS
CUST001514,0.1209,Low NPS
CUST002969,0.1208,Revenue Decline
CUST004972,0.1207,Low Usage
CUST006187,0.1207,Contract Expiry
CUST013510,0.1207,Contract Expiry
CUST008494,0.1206,Revenue Decline
CUST008564,0.1206,Support Escalations
CUST011593,0.1206,Revenue Decline
CUST002483,0.1204,Support Escalations
CUST006462,0.1203,Support Escalations
CUST008593,0.1203,Low NPS
CUST011171,0.1203,Support Escalations
CUST003369,0.1202,Support Escalations
CUST003812,0.1202,Low NPS
CUST005524,0.1202,Support Escalations
CUST008336,0.12,Support Escalations
CUST001021,0.1199,Support Escalations
CUST002756,0.1199,Revenue Decline
CUST008388,0.1199,Revenue Decline
CUST002539,0.1196,Revenue Decline
CUST009909,0.1196,Low NPS
CUST013111,0.1196,Support Escalations
CUST001110,0.1195,Contract Expiry
CUST006117,0.1195,Low NPS
CUST004981,0.1193,Low Usage
CUST005763,0.1193,Low NPS
CUST000822,0.1191,Low Usage
CUST002978,0.1191,Low Usage
CUST005684,0.1191,Low NPS
CUST012114,0.1191,Low Usage
CUST012640,0.1191,Revenue Decline
CUST014252,0.1191,Support Escalations
CUST003631,0.119,Revenue Decline
CUST008806,0.119,Low Usage
CUST011226,0.119,Contract Expiry
CUST011418,0.119,Low NPS
CUST011686,0.119,Low NPS
CUST000747,0.1189,Low Usage
CUST012756,0.1189,Revenue Decline
CUST013935,0.1188,Low Usage
CUST003855,0.1187,Revenue Decline
CUST000660,0.1186,Low Usage
CUST000134,0.1183,Support Escalations
CUST012415,0.1183,Revenue Decline
CUST013528,0.1183,Low Usage
CUST003459,0.1182,Low Usage
CUST014832,0.1182,Revenue Decline
CUST012079,0.118,Contract Expiry
CUST000915,0.1179,Support Escalations
CUST013533,0.1179,Contract Expiry
CUST012005,0.1178,Low Usage
CUST008339,0.1177,Support Escalations
CUST012011,0.1176,Low NPS
CUST006434,0.1174,Support Escalations
CUST011883,0.1173,Low Usage
CUST009973,0.1172,Low NPS
CUST010303,0.1172,Support Escalations
CUST004458,0.1171,Contract Expiry
CUST011396,0.117,Low Usage
CUST014704,0.117,Support Escalations
CUST000673,0.1168,Low Usage
CUST010481,0.1168,Revenue Decline
CUST011245,0.1168,Support Escalations
CUST014569,0.1167,Revenue Decline
CUST010762,0.1166,Low Usage
CUST012138,0.1165,Low NPS
CUST001288,0.1164,Contract Expiry
CUST001314,0.1164,Low Usage
CUST013583,0.1164,Low NPS
CUST004774,0.1163,Revenue Decline
CUST005178,0.1162,Low NPS
CUST011809,0.1161,Contract Expiry
CUST014656,0.1161,Low Usage
CUST002461,0.116,Contract Expiry
CUST009015,0.116,Support Escalations
CUST002435,0.1159,Contract Expiry
CUST000568,0.1158,Support Escalations
CUST009521,0.1158,Support Escalations
CUST003166,0.1157,Low NPS
CUST011555,0.1156,Low Usage
CUST012948,0.1156,Low NPS
CUST001084,0.1155,Contract Expiry
CUST008996,0.1155,Support Escalations
CUST012850,0.1155,Low Usage
CUST010535,0.1154,Revenue Decline
CUST011508,0.1154,Support Escalations
CUST004277,0.1152,Revenue Decline
CUST002867,0.115,Low NPS
CUST014755,0.115,Contract Expiry
CUST001416,0.1149,Contract Expiry
CUST012650,0.1149,Low Usage
CUST002693,0.1148,Contract Expiry
CUST004597,0.1148,Support Escalations
CUST011395,0.1147,Low NPS
CUST014038,0.1147,Revenue Decline
CUST011056,0.1145,Contract Expiry
CUST004350,0.1144,Low NPS
CUST004386,0.1144,Revenue Decline
CUST003915,0.1143,Low Usage
CUST004579,0.1143,Low Usage
CUST013431,0.1143,Low Usage
CUST009956,0.1142,Contract Expiry
CUST000954,0.1141,Support Escalations
CUST002799,0.1141,Support Escalations
CUST009171,0.1141,Support Escalations
CUST007671,0.114,Low NPS
CUST012249,0.114,Revenue Decline
CUST000911,0.1139,Low NPS
CUST001475,0.1139,Low Usage
CUST004136,0.1139,Low NPS
CUST009505,0.1139,Low Usage
CUST007752,0.1138,Support Escalations
CUST004772,0.1137,Low NPS
CUST008559,0.1137,Low NPS
CUST008712,0.1137,Contract Expiry
CUST012947,0.1137,Low NPS
CUST002067,0.1136,Revenue Decline
CUST003407,0.1136,Support Escalations
CUST009668,0.1135,Contract Expiry
CUST000925,0.1133,Low Usage
CUST005977,0.1131,Low Usage
CUST012897,0.1131,Low Usage
CUST001519,0.113,Support Escalations
CUST008596,0.113,Low Usage
CUST009058,0.113,Support Escalations
CUST011048,0.113,Low Usage
CUST013015,0.1129,Low NPS
CUST003773,0.1128,Low NPS
CUST008441,0.1128,Low NPS
CUST010724,0.1127,Revenue Decline
CUST013678,0.1127,Low Usage
CUST001774,0.1124,Low NPS
CUST002895,0.1124,Support Escalations
CUST010852,0.1124,Contract Expiry
CUST011269,0.1124,Revenue Decline
CUST007550,0.1123,Low NPS
CUST010710,0.1122,Low NPS
CUST004901,0.1121,Low Usage
CUST009211,0.112,Contract Expiry
CUST011984,0.1118,Low NPS
CUST008488,0.1117,Low NPS
CUST008709,0.1117,Low Usage
CUST010879,0.1116,Revenue Decline
CUST005139,0.1115,Support Escalations
CUST006456,0.1115,Low NPS
CUST009147,0.1114,Contract Expiry
CUST000639,0.1113,Low Usage
CUST013106,0.1113,Low NPS
CUST006814,0.1111,Contract Expiry
CUST010965,0.1111,Low NPS
CUST001303,0.111,Contract Expiry
CUST001750,0.111,Contract Expiry
CUST013330,0.1109,Support Escalations
CUST006310,0.1108,Contract Expiry
CUST007989,0.1108,Contract Expiry
CUST012055,0.1108,Revenue Decline
CUST012472,0.1108,Contract Expiry
CUST005987,0.1107,Low NPS
CUST009232,0.1107,Support Escalations
CUST009315,0.1107,Contract Expiry
CUST014337,0.1106,Revenue Decline
CUST011439,0.1104,Revenue Decline
CUST012156,0.1104,Contract Expiry
CUST005370,0.1103,Low Usage
CUST009137,0.1103,Support Escalations
CUST012299,0.1103,Contract Expiry
CUST000309,0.1102,Revenue Decline
CUST005551,0.1102,Revenue Decline
CUST002550,0.1101,Low Usage
CUST010163,0.1101,Revenue Decline
CUST009502,0.11,Support Escalations
CUST005212,0.1099,Support Escalations
CUST012643,0.1099,Revenue Decline
CUST010139,0.1098,Revenue Decline
CUST014717,0.1097,Support Escalations
CUST002402,0.1096,Low NPS
CUST003158,0.1096,Low NPS
CUST000944,0.1094,Revenue Decline
CUST008082,0.1092,Low NPS
CUST011754,0.1092,Low NPS
CUST003340,0.1091,Support Escalations
CUST001900,0.109,Support Escalations
CUST004179,0.109,Contract Expiry
CUST004258,0.109,Revenue Decline
CUST000823,0.1089,Revenue Decline
CUST000349,0.1087,Low Usage
CUST012932,0.1087,Low Usage
CUST001340,0.1086,Support Escalations
CUST007900,0.1086,Contract Expiry
CUST001285,0.1084,Contract Expiry
CUST010734,0.1083,Low Usage
CUST004047,0.1082,Contract Expiry
CUST004812,0.1082,Support Escalations
CUST005761,0.1082,Low Usage
CUST014315,0.1082,Low Usage
CUST010268,0.1081,Low Usage
CUST012714,0.1081,Low Usage
CUST012808,0.1081,Contract Expiry
CUST001382,0.108,Contract Expiry
CUST009148,0.108,Low Usage
CUST010628,0.108,Low Usage
CUST001036,0.1079,Low Usage
CUST014414,0.1079,Support Escalations
CUST001162,0.1078,Low Usage
CUST002681,0.1078,Revenue Decline
CUST005438,0.1078,Low Usage
CUST009945,0.1078,Revenue Decline
CUST002784,0.1077,Contract Expiry
CUST003112,0.1077,Contract Expiry
CUST000646,0.1076,Contract Expiry
CUST012214,0.1076,Low Usage
CUST002772,0.1075,Contract Expiry
CUST011909,0.1075,Low NPS
CUST009268,0.1073,Contract Expiry
CUST011634,0.1073,Low Usage
CUST001028,0.1072,Low Usage
CUST001445,0.1071,Contract Expiry
CUST007528,0.1071,Low Usage
CUST009967,0.1071,Low NPS
CUST011552,0.1071,Contract Expiry
CUST014149,0.1071,Low NPS
CUST010591,0.107,Low Usage
CUST000446,0.1069,Low Usage
CUST010932,0.1069,Support Escalations
CUST005538,0.1068,Revenue Decline
CUST010408,0.1068,Support Escalations
CUST011463,0.1068,Support Escalations
CUST012903,0.1067,Support Escalations
CUST008540,0.1066,Low Usage
CUST013821,0.1066,Contract Expiry
CUST007094,0.1065,Contract Expiry
CUST004089,0.1064,Low Usage
CUST001823,0.1063,Support Escalations
CUST011184,0.1063,Support Escalations
CUST002478,0.1062,Revenue Decline
CUST010164,0.1062,Support Escalations
CUST001897,0.1061,Support Escalations
CUST004862,0.1061,Contract Expiry
CUST013125,0.106,Contract Expiry
CUST004606,0.1059,Low NPS
CUST001224,0.1058,Support Escalations
CUST007539,0.1057,Low NPS
CUST005163,0.1056,Low NPS
CUST006966,0.1056,Low Usage
CUST003923,0.1055,Revenue Decline
CUST001506,0.1054,Contract Expiry
CUST012575,0.1054,Low Usage
CUST001993,0.1053,Low Usage
CUST012671,0.1053,Contract Expiry
CUST003418,0.1052,Low Usage
CUST000353,0.1051,Contract Expiry
CUST013016,0.1051,Low NPS
CUST000085,0.105,Low Usage
CUST008781,0.105,Revenue Decline
CUST011744,0.105,Low Usage
CUST000810,0.1048,Low Usage
CUST004794,0.1048,Low Usage
CUST006634,0.1048,Support Escalations
CUST000516,0.1047,Low NPS
CUST009361,0.1047,Low Usage
CUST011771,0.1047,Low Usage
CUST014528,0.1046,Contract Expiry
CUST005194,0.1045,Low NPS
CUST005883,0.1045,Revenue Decline
CUST000506,0.1043,Contract Expiry
CUST007930,0.1043,Revenue Decline
CUST010010,0.1043,Low NPS
CUST011270,0.1043,Support Escalations
CUST009275,0.1042,Support Escalations
CUST011641,0.1041,Revenue Decline
CUST005383,0.104,Low NPS
CUST012029,0.104,Revenue Decline
CUST007992,0.1039,Low Usage
CUST002995,0.1038,Low NPS
CUST012564,0.1038,Revenue Decline
CUST002783,0.1036,Low NPS
CUST007112,0.1036,Contract Expiry
CUST000480,0.1035,Revenue Decline
CUST006898,0.1035,Contract Expiry
CUST013171,0.1035,Revenue Decline
CUST007457,0.1034,Low Usage
CUST012106,0.1034,Low NPS
CUST002337,0.1033,Revenue Decline
CUST004995,0.1033,Support Escalations
CUST008957,0.1033,Low NPS
CUST001370,0.1032,Low NPS
CUST013086,0.1032,Low NPS
CUST004609,0.1031,Low NPS
CUST002677,0.103,Low NPS
CUST003155,0.103,Support Escalations
CUST010776,0.103,Low Usage
CUST000817,0.1029,Low NPS
CUST003614,0.1029,Low Usage
CUST012921,0.1029,Revenue Decline
CUST001124,0.1028,Support Escalations
CUST014781,0.1028,Low NPS
CUST010977,0.1026,Low NPS
CUST011703,0.1026,Revenue Decline
CUST012894,0.1026,Low Usage
CUST004287,0.1025,Low Usage
CUST004933,0.1024,Contract Expiry
CUST006627,0.1023,Low Usage
CUST007118,0.1023,Low NPS
CUST008064,0.1021,Low Usage
CUST003219,0.102,Contract Expiry
CUST006635,0.102,Low NPS
CUST010507,0.102,Low NPS
CUST005201,0.1019,Low Usage
CUST006973,0.1019,Low NPS
CUST008401,0.1019,Low NPS
CUST004613,0.1018,Revenue Decline
CUST007434,0.1018,Low NPS
CUST006092,0.1016,Contract Expiry
CUST011714,0.1016,Support Escalations
CUST013556,0.1016,Contract Expiry
CUST003364,0.1015,Contract Expiry
CUST003525,0.1015,Low Usage
CUST012610,0.1015,Revenue Decline
CUST000024,0.1014,Revenue Decline
CUST012129,0.1014,Contract Expiry
CUST009154,0.1013,Low Usage
CUST009506,0.1013,Support Escalations
CUST010863,0.1013,Support Escalations
CUST002306,0.1012,Support Escalations
CUST014104,0.1012,Low Usage
CUST009316,0.101,Revenue Decline
CUST010616,0.101,Low Usage
CUST014800,0.101,Support Escalations
CUST005708,0.1009,Support Escalations
CUST006792,0.1009,Revenue Decline
CUST014901,0.1009,Revenue Decline
CUST005859,0.1007,Low NPS
CUST008872,0.1007,Contract Expiry
CUST014119,0.1007,Support Escalations
CUST001816,0.1005,Contract Expiry
CUST005265,0.1005,Low Usage
CUST012157,0.1005,Low NPS
CUST012296,0.1005,Low NPS
CUST011878,0.1002,Revenue Decline
CUST014843,0.1002,Low NPS
CUST004532,0.1001,Low NPS
CUST004876,0.1001,Contract Expiry
CUST004325,0.1,Low NPS
CUST013945,0.1,Support Escalations
CUST003437,0.0999,Revenue Decline
CUST006470,0.0997,Low Usage
CUST005697,0.0996,Low NPS
CUST009658,0.0996,Support Escalations
CUST008995,0.0995,Low NPS
CUST002658,0.0994,Support Escalations
CUST012259,0.0994,Contract Expiry
CUST004642,0.0992,Contract Expiry
CUST008455,0.0991,Support Escalations
CUST003282,0.099,Low NPS
CUST004857,0.099,Contract Expiry
CUST003845,0.0989,Revenue Decline
CUST004651,0.0989,Contract Expiry
CUST004004,0.0987,Low NPS
CUST009098,0.0987,Revenue Decline
CUST009883,0.0987,Support Escalations
CUST009482,0.0986,Low Usage
CUST005902,0.0985,Low NPS
CUST009944,0.0985,Contract Expiry
CUST003851,0.0984,Low Usage
CUST011794,0.0984,Contract Expiry
CUST008537,0.0983,Support Escalations
CUST003831,0.0982,Contract Expiry
CUST010420,0.0981,Revenue Decline
CUST012910,0.098,Low Usage
CUST013626,0.098,Contract Expiry
CUST001414,0.0979,Low NPS
CUST008998,0.0978,Contract Expiry
CUST014210,0.0978,Contract Expiry
CUST008454,0.0976,Revenue Decline
CUST006782,0.0974,Contract Expiry
CUST006291,0.0972,Support Escalations
CUST012902,0.0972,Support Escalations
CUST006919,0.0971,Low Usage
CUST014584,0.0971,Revenue Decline
CUST012275,0.0969,Contract Expiry
CUST001116,0.0968,Low Usage
CUST004021,0.0967,Low NPS
CUST004276,0.0967,Contract Expiry
CUST004436,0.0967,Revenue Decline
CUST012360,0.0967,Revenue Decline
CUST013253,0.0967,Low Usage
CUST009042,0.0966,Revenue Decline
CUST009868,0.0965,Revenue Decline
CUST002919,0.0963,Revenue Decline
CUST011316,0.0963,Low Usage
CUST013514,0.0963,Support Escalations
CUST005550,0.0961,Contract Expiry
CUST000546,0.096,Low NPS
CUST010957,0.0959,Contract Expiry
CUST012089,0.0959,Low Usage
CUST005779,0.0958,Low Usage
CUST002962,0.0957,Contract Expiry
CUST004433,0.0957,Revenue Decline
CUST006600,0.0957,Low Usage
CUST007875,0.0956,Contract Expiry
CUST010536,0.0956,Support Escalations
CUST012836,0.0955,Low Usage
CUST003497,0.0954,Low Usage
CUST002438,0.0952,Support Escalations
CUST003208,0.0952,Low NPS
CUST012621,0.0952,Contract Expiry
CUST001034,0.0951,Support Escalations
CUST002536,0.0951,Support Escalations
CUST003883,0.0951,Support Escalations
CUST013441,0.0951,Contract Expiry
CUST008447,0.0949,Low Usage
CUST010315,0.0948,Low Usage
CUST014150,0.0948,Low NPS
CUST003911,0.0947,Support Escalations
CUST014212,0.0946,Contract Expiry
CUST013543,0.0945,Low Usage
CUST004922,0.0944,Contract Expiry
CUST008759,0.0943,Support Escalations
CUST010387,0.0943,Contract Expiry
CUST012938,0.0942,Support Escalations
CUST000708,0.094,Revenue Decline
CUST005696,0.094,Low Usage
CUST001577,0.0939,Low NPS
CUST004509,0.0938,Revenue Decline
CUST010393,0.0938,Low NPS
CUST013481,0.0938,Support Escalations
CUST014550,0.0938,Support Escalations
CUST008018,0.0937,Support Escalations
CUST011905,0.0937,Contract Expiry
CUST012862,0.0937,Low Usage
CUST006432,0.0936,Low NPS
CUST000675,0.0935,Low NPS
CUST005171,0.0935,Revenue Decline
CUST013220,0.0935,Low Usage
CUST002305,0.0933,Revenue Decline
CUST013296,0.0933,Support Escalations
CUST003582,0.0932,Support Escalations
CUST003090,0.0931,Low NPS
CUST010916,0.0931,Revenue Decline
CUST012116,0.093,Support Escalations
CUST007363,0.0929,Low Usage
CUST009631,0.0929,Revenue Decline
CUST002972,0.0928,Support Escalations
CUST004937,0.0927,Contract Expiry
CUST000580,0.0926,Contract Expiry
CUST001369,0.0926,Support Escalations
CUST002942,0.0925,Contract Expiry
CUST013143,0.0925,Support Escalations
CUST010158,0.0924,Low Usage
CUST004701,0.0922,Low NPS
CUST010759,0.0922,Contract Expiry
CUST013185,0.0922,Revenue Decline
CUST013238,0.0921,Revenue Decline
CUST002822,0.092,Contract Expiry
CUST005048,0.092,Low Usage
CUST013853,0.092,Low NPS
CUST004614,0.0919,Low Usage
CUST013168,0.0919,Support Escalations
CUST006769,0.0918,Low NPS
CUST009107,0.0918,Support Escalations
CUST007634,0.0917,Low Usage
CUST010834,0.0917,Low NPS
CUST012027,0.0914,Low NPS
CUST012965,0.0913,Contract Expiry
CUST013479,0.0913,Contract Expiry
CUST002577,0.0911,Low NPS
CUST010979,0.0909,Low Usage
CUST013071,0.0909,Revenue Decline
CUST013184,0.0909,Contract Expiry
CUST004440,0.0908,Contract Expiry
CUST011671,0.0908,Contract Expiry
CUST004139,0.0907,Support Escalations
CUST007343,0.0907,Revenue Decline
CUST001713,0.0906,Low NPS
CUST009500,0.0906,Low NPS
CUST011258,0.0906,Revenue Decline
CUST001835,0.0905,Revenue Decline
CUST012020,0.0905,Revenue Decline
CUST001703,0.0903,Low Usage
CUST008303,0.0903,Low Usage
CUST009319,0.0902,Contract Expiry
CUST014295,0.0902,Low NPS
CUST005461,0.0901,Support Escalations
CUST012339,0.0901,Revenue Decline
CUST003245,0.09,Low NPS
CUST008045,0.09,Low Usage
CUST011617,0.0899,Revenue Decline
CUST005404,0.0898,Revenue Decline
CUST007888,0.0897,Support Escalations
CUST011745,0.0897,Support Escalations
CUST000456,0.0896,Support Escalations
CUST000690,0.0896,Low Usage
CUST012386,0.0895,Low Usage
CUST003792,0.0894,Revenue Decline
CUST008909,0.0893,Low NPS
CUST011760,0.0893,Revenue Decline
CUST006352,0.0891,Contract Expiry
CUST010914,0.0891,Contract Expiry
CUST006911,0.089,Low NPS
CUST010615,0.0889,Contract Expiry
CUST014916,0.0889,Support Escalations
CUST009611,0.0888,Low NPS
CUST005549,0.0887,Support Escalations
CUST007459,0.0887,Support Escalations
CUST009649,0.0887,Contract Expiry
CUST010605,0.0887,Revenue Decline
CUST011661,0.0887,Low NPS
CUST002800,0.0886,Low Usage
CUST011275,0.0886,Low Usage
CUST006889,0.0884,Support Escalations
CUST006104,0.0883,Low Usage
CUST009084,0.0883,Contract Expiry
CUST000066,0.0882,Low NPS
CUST002771,0.0882,Low Usage
CUST008041,0.0881,Contract Expiry
CUST011471,0.0879,Revenue Decline
CUST012587,0.0879,Support Escalations
CUST011322,0.0878,Support Escalations
CUST012018,0.0878,Low NPS
CUST005784,0.0877,Low NPS
CUST006390,0.0877,Low NPS
CUST007562,0.0877,Revenue Decline
CUST009847,0.0877,Contract Expiry
CUST012279,0.0877,Low Usage
CUST013219,0.0877,Support Escalations
CUST013507,0.0877,Low Usage
CUST008918,0.0875,Low Usage
CUST000292,0.0874,Low Usage
CUST005911,0.0874,Revenue Decline
CUST002225,0.0872,Contract Expiry
CUST012866,0.0872,Low Usage
CUST005385,0.0871,Revenue Decline
CUST004095,0.087,Revenue Decline
CUST012480,0.087,Revenue Decline
CUST014759,0.087,Low NPS
CUST001166,0.0869,Low Usage
CUST003550,0.0869,Support Escalations
CUST013195,0.0869,Contract Expiry
CUST013958,0.0869,Contract Expiry
CUST008251,0.0868,Low NPS
CUST011869,0.0868,Support Escalations
CUST013367,0.0868,Low Usage
CUST001617,0.0867,Revenue Decline
CUST004101,0.0867,Contract Expiry
CUST004230,0.0866,Contract Expiry
CUST007281,0.0866,Low Usage
CUST012443,0.0866,Support Escalations
CUST013982,0.0866,Low NPS
CUST002027,0.0865,Revenue Decline
CUST002294,0.0865,Revenue Decline
CUST014924,0.0865,Low Usage
CUST000171,0.0864,Contract Expiry
CUST003337,0.0862,Revenue Decline
CUST006642,0.0862,Low Usage
CUST014496,0.0862,Contract Expiry
CUST000245,0.086,Contract Expiry
CUST001483,0.0858,Revenue Decline
CUST005489,0.0858,Low NPS
CUST012048,0.0857,Low Usage
CUST013053,0.0857,Low NPS
CUST004580,0.0856,Low NPS
CUST014423,0.0856,Low Usage
CUST000596,0.0855,Low NPS
CUST002072,0.0854,Contract Expiry
CUST002931,0.0854,Support Escalations
CUST008734,0.0854,Support Escalations
CUST006420,0.0853,Support Escalations
CUST002251,0.0851,Support Escalations
CUST012580,0.0851,Low Usage
CUST003107,0.085,Support Escalations
CUST004414,0.085,Contract Expiry
CUST006732,0.085,Contract Expiry
CUST008405,0.085,Revenue Decline
CUST011796,0.0849,Support Escalations
CUST009342,0.0848,Support Escalations
CUST013469,0.0848,Contract Expiry
CUST009066,0.0847,Low Usage
CUST014668,0.0847,Support Escalations
CUST002912,0.0845,Low Usage
CUST011452,0.0845,Revenue Decline
CUST008301,0.0844,Support Escalations
CUST009297,0.0844,Low NPS
CUST013751,0.0844,Low NPS
CUST002107,0.0843,Low NPS
CUST004481,0.0843,Low NPS
CUST006040,0.0842,Low Usage
CUST014361,0.0842,Support Escalations
CUST000102,0.084,Low Usage
CUST001341,0.084,Low NPS
CUST009110,0.084,Contract Expiry
CUST009767,0.084,Contract Expiry
CUST003422,0.0839,Support Escalations
CUST000887,0.0838,Support Escalations
CUST003664,0.0838,Revenue Decline
CUST006868,0.0837,Revenue Decline
CUST008411,0.0837,Low Usage
CUST005872,0.0834,Support Escalations
CUST012331,0.0834,Support Escalations
CUST012546,0.0833,Contract Expiry
CUST012957,0.0833,Low Usage
CUST003600,0.0831,Support Escalations
CUST007587,0.0831,Low NPS
CUST001931,0.0829,Low NPS
CUST005285,0.0829,Low NPS
CUST013012,0.0829,Contract Expiry
CUST000148,0.0828,Support Escalations
CUST006271,0.0828,Contract Expiry
CUST012884,0.0828,Contract Expiry
CUST002399,0.0827,Low Usage
CUST008495,0.0827,Low Usage
CUST006630,0.0826,Support Escalations
CUST008465,0.0826,Contract Expiry
CUST012590,0.0826,Revenue Decline
CUST009617,0.0825,Revenue Decline
CUST014683,0.0825,Low NPS
CUST005132,0.0824,Low Usage
CUST000380,0.0823,Low Usage
CUST007286,0.082,Support Escalations
CUST001320,0.0819,Low Usage
CUST004270,0.0819,Low Usage
CUST000426,0.0818,Contract Expiry
CUST004367,0.0815,Contract Expiry
CUST009538,0.0815,Low NPS
CUST012497,0.0814,Contract Expiry
CUST001650,0.0813,Contract Expiry
CUST008242,0.0812,Low Usage
CUST009150,0.0812,Support Escalations
CUST010676,0.0812,Low Usage
CUST006724,0.0811,Low Usage
CUST006924,0.0809,Low Usage
CUST001245,0.0808,Revenue Decline
CUST002401,0.0808,Support Escalations
CUST009221,0.0808,Support Escalations
CUST009797,0.0808,Low NPS
CUST000473,0.0807,Low Usage
CUST004061,0.0806,Low NPS
CUST007816,0.0806,Support Escalations
CUST001759,0.0805,Support Escalations
CUST005775,0.0804,Low NPS
CUST013622,0.0804,Revenue Decline
CUST000175,0.0803,Low Usage
CUST002057,0.0803,Support Escalations
CUST004190,0.0803,Low NPS
CUST013368,0.0802,Low Usage
CUST006036,0.0801,Revenue Decline
CUST007341,0.0801,Revenue Decline
CUST010115,0.0801,Low Usage
CUST013144,0.08,Low NPS
CUST013787,0.08,Revenue Decline
CUST002109,0.0799,Contract Expiry
CUST005754,0.0799,Contract Expiry
CUST012219,0.0799,Revenue Decline
CUST001115,0.0798,Support Escalations
CUST003698,0.0798,Low Usage
CUST004301,0.0798,Low NPS
CUST005448,0.0798,Low NPS
CUST013505,0.0798,Low NPS
CUST008351,0.0797,Support Escalations
CUST008626,0.0795,Revenue Decline
CUST013075,0.0795,Low NPS
CUST003760,0.0794,Contract Expiry
CUST010920,0.0794,Revenue Decline
CUST002996,0.0793,Low NPS
CUST013301,0.0793,Support Escalations
CUST006222,0.0792,Low Usage
CUST011135,0.0792,Support Escalations
CUST013088,0.0792,Low Usage
CUST000748,0.0791,Revenue Decline
CUST002847,0.079,Revenue Decline
CUST011246,0.0789,Revenue Decline
CUST013424,0.0788,Low Usage
CUST013617,0.0788,Support Escalations
CUST001459,0.0787,Low NPS
CUST008412,0.0787,Low NPS
CUST009734,0.0787,Revenue Decline
CUST013026,0.0787,Revenue Decline
CUST002875,0.0786,Low Usage
CUST003624,0.0786,Revenue Decline
CUST011504,0.0786,Contract Expiry
CUST008535,0.0785,Support Escalations
CUST009453,0.0785,Contract Expiry
CUST013228,0.0785,Contract Expiry
CUST001495,0.0784,Contract Expiry
CUST005773,0.0784,Contract Expiry
CUST006057,0.0783,Contract Expiry
CUST013956,0.0783,Revenue Decline
CUST014804,0.0782,Support Escalations
CUST004137,0.0781,Low NPS
CUST005308,0.0779,Support Escalations
CUST003982,0.0778,Low Usage
CUST000023,0.0777,Low Usage
CUST012134,0.0777,Revenue Decline
CUST005971,0.0776,Low NPS
CUST000285,0.0775,Contract Expiry
CUST001197,0.0775,Low Usage
CUST007415,0.0774,Revenue Decline
CUST008824,0.0774,Low Usage
CUST010760,0.0774,Revenue Decline
CUST012178,0.0774,Low NPS
CUST005797,0.0773,Support Escalations
CUST010118,0.0773,Support Escalations
CUST010521,0.0773,Low Usage
CUST011908,0.0773,Support Escalations
CUST013762,0.0773,Low Usage
CUST014484,0.0773,Contract Expiry
CUST002230,0.0772,Support Escalations
CUST001862,0.0771,Low NPS
CUST005485,0.0771,Revenue Decline
CUST007618,0.0771,Revenue Decline
CUST013192,0.077,Low Usage
CUST014275,0.077,Revenue Decline
CUST004724,0.0769,Low NPS
CUST006475,0.0769,Low Usage
CUST012479,0.0769,Low NPS
CUST000980,0.0768,Low Usage
CUST001443,0.0768,Low Usage
CUST004996,0.0768,Low Usage
CUST007327,0.0767,Contract Expiry
CUST010402,0.0767,Revenue Decline
CUST011988,0.0767,Low NPS
CUST014769,0.0767,Revenue Decline
CUST012347,0.0766,Revenue Decline
CUST006888,0.0765,Low Usage
CUST005827,0.0764,Support Escalations
CUST006601,0.0764,Low Usage
CUST006397,0.0763,Low NPS
CUST000605,0.0762,Support Escalations
CUST006548,0.0762,Support Escalations
CUST011369,0.0762,Revenue Decline
CUST000013,0.0761,Low Usage
CUST007188,0.0761,Contract Expiry
CUST004728,0.076,Revenue Decline
CUST007645,0.076,Low NPS
CUST002924,0.0759,Support Escalations
CUST009593,0.0759,Revenue Decline
CUST012276,0.0759,Low NPS
CUST012912,0.0759,Low NPS
CUST008751,0.0758,Low NPS
CUST001785,0.0757,Support Escalations
CUST005815,0.0757,Revenue Decline
CUST007040,0.0757,Low NPS
CUST000723,0.0756,Support Escalations
CUST005769,0.0756,Contract Expiry
CUST005951,0.0756,Low Usage
CUST002975,0.0755,Contract Expiry
CUST006895,0.0755,Low Usage
CUST013147,0.0755,Contract Expiry
CUST003651,0.0754,Low Usage
CUST004835,0.0754,Revenue Decline
CUST000576,0.0753,Contract Expiry
CUST008833,0.0753,Low Usage
CUST003062,0.0752,Low Usage
CUST003468,0.0752,Support Escalations
CUST011237,0.0751,Low NPS
CUST003128,0.075,Low Usage
CUST000178,0.0749,Contract Expiry
CUST000597,0.0749,Revenue Decline
CUST005408,0.0749,Support Escalations
CUST007266,0.0748,Revenue Decline
CUST000278,0.0747,Low NPS
CUST002716,0.0747,Contract Expiry
CUST005942,0.0747,Low Usage
CUST008327,0.0747,Low Usage
CUST001926,0.0744,Low Usage
CUST010677,0.0744,Support Escalations
CUST012743,0.0744,Contract Expiry
CUST002256,0.0743,Contract Expiry
CUST004199,0.0743,Revenue Decline
CUST007760,0.0743,Revenue Decline
CUST004256,0.0742,Low NPS
CUST008051,0.074,Contract Expiry
CUST009558,0.0739,Support Escalations
CUST007252,0.0738,Low Usage
CUST007332,0.0738,Revenue Decline
CUST008042,0.0738,Low Usage
CUST000301,0.0737,Revenue Decline
CUST013783,0.0737,Revenue Decline
CUST007483,0.0736,Low Usage
CUST009740,0.0736,Low Usage
CUST010741,0.0736,Low NPS
CUST012781,0.0736,Revenue Decline
CUST010086,0.0735,Contract Expiry
CUST010880,0.0735,Revenue Decline
CUST002022,0.0734,Revenue Decline
CUST009934,0.0732,Support Escalations
CUST006798,0.0731,Contract Expiry
CUST010964,0.073,Support Escalations
CUST014512,0.0729,Contract Expiry
CUST005249,0.0728,Revenue Decline
CUST005645,0.0728,Contract Expiry
CUST004408,0.0727,Revenue Decline
CUST004895,0.0727,Low Usage
CUST006430,0.0727,Contract Expiry
CUST007416,0.0727,Revenue Decline
CUST008398,0.0727,Contract Expiry
CUST009325,0.0727,Revenue Decline
CUST008228,0.0726,Support Escalations
CUST002680,0.0725,Contract Expiry
CUST009724,0.0725,Contract Expiry
CUST014128,0.0725,Revenue Decline
CUST000126,0.0724,Support Escalations
CUST009122,0.0724,Contract Expiry
CUST003409,0.0723,Support Escalations
CUST006735,0.0722,Support Escalations
CUST010068,0.0722,Low Usage
CUST002994,0.0721,Support Escalations
CUST004321,0.0721,Revenue Decline
CUST004821,0.0721,Revenue Decline
CUST012040,0.0721,Low Usage
CUST000002,0.0719,Support Escalations
CUST000975,0.0716,Low Usage
CUST005439,0.0716,Contract Expiry
CUST007090,0.0716,Contract Expiry
CUST004496,0.0715,Contract Expiry
CUST005216,0.0714,Low Usage
CUST007569,0.0714,Support Escalations
CUST013530,0.0714,Contract Expiry
CUST006730,0.0713,Low Usage
CUST011263,0.0713,Support Escalations
CUST013784,0.0713,Low NPS
CUST005497,0.0712,Contract Expiry
CUST000211,0.0711,Low Usage
CUST000632,0.071,Support Escalations
CUST001505,0.071,Low Usage
CUST003989,0.071,Low Usage
CUST005606,0.071,Contract Expiry
CUST005928,0.0709,Revenue Decline
CUST013132,0.0709,Low Usage
CUST002897,0.0708,Revenue Decline
CUST005893,0.0708,Low NPS
CUST002630,0.0707,Support Escalations
CUST003523,0.0707,Contract Expiry
CUST012130,0.0707,Contract Expiry
CUST005072,0.0706,Revenue Decline
CUST008896,0.0706,Contract Expiry
CUST009364,0.0706,Low Usage
CUST000769,0.0705,Low Usage
CUST007800,0.0705,Low Usage
CUST011949,0.0704,Support Escalations
CUST003585,0.0703,Revenue Decline
CUST012601,0.0703,Low Usage
CUST006052,0.0702,Contract Expiry
CUST002029,0.0699,Low Usage
CUST012062,0.0699,Support Escalations
CUST013409,0.0699,Revenue Decline
CUST008308,0.0698,Low Usage
CUST014628,0.0698,Low Usage
CUST007375,0.0695,Low NPS
CUST009418,0.0695,Contract Expiry
CUST014395,0.0695,Low NPS
CUST005364,0.0694,Low Usage
CUST000423,0.0692,Low Usage
CUST002863,0.0691,Revenue Decline
CUST013500,0.0691,Low Usage
CUST000140,0.069,Revenue Decline
CUST002781,0.069,Revenue Decline
CUST009160,0.069,Support Escalations
CUST000689,0.0689,Revenue Decline
CUST009195,0.0689,Low NPS
CUST006494,0.0688,Low Usage
CUST004437,0.0687,Revenue Decline
CUST006497,0.0687,Contract Expiry
CUST014713,0.0687,Support Escalations
CUST010091,0.0685,Low Usage
CUST003343,0.0684,Support Escalations
CUST009050,0.0684,Low Usage
CUST011158,0.0684,Support Escalations
CUST007402,0.0683,Low Usage
CUST007763,0.0683,Revenue Decline
CUST008137,0.0683,Low Usage
CUST008980,0.0682,Revenue Decline
CUST014789,0.0682,Low Usage
CUST004607,0.0681,Low NPS
CUST000204,0.068,Contract Expiry
CUST006315,0.068,Support Escalations
CUST008963,0.068,Low NPS
CUST010383,0.068,Support Escalations
CUST011751,0.0679,Low NPS
CUST014738,0.0679,Low Usage
CUST004852,0.0678,Low Usage
CUST008887,0.0678,Support Escalations
CUST010618,0.0678,Revenue Decline
CUST013592,0.0678,Revenue Decline
CUST004572,0.0677,Contract Expiry
CUST004753,0.0677,Low NPS
CUST010302,0.0677,Revenue Decline
CUST014353,0.0676,Support Escalations
CUST007526,0.0675,Contract Expiry
CUST012056,0.0674,Contract Expiry
CUST006998,0.0673,Low NPS
CUST002048,0.0669,Low Usage
CUST008755,0.0668,Contract Expiry
CUST005905,0.0667,Revenue Decline
CUST000112,0.0666,Low Usage
CUST000869,0.0666,Contract Expiry
CUST010444,0.0666,Low NPS
CUST011290,0.0666,Low NPS
CUST012383,0.0666,Low NPS
CUST010065,0.0663,Low NPS
CUST012633,0.0663,Support Escalations
CUST003399,0.0661,Low Usage
CUST012773,0.0661,Contract Expiry
CUST011939,0.066,Low Usage
CUST001218,0.0659,Support Escalations
CUST014728,0.0659,Contract Expiry
CUST010886,0.0656,Low Usage
CUST009384,0.0655,Contract Expiry
CUST014418,0.0655,Low Usage
CUST004227,0.0653,Revenue Decline
CUST009749,0.0653,Low NPS
CUST012909,0.0653,Contract Expiry
CUST002138,0.0652,Revenue Decline
CUST009187,0.0652,Support Escalations
CUST007206,0.0651,Low NPS
CUST011088,0.065,Low Usage
CUST012703,0.065,Support Escalations
CUST000400,0.0648,Low Usage
CUST009957,0.0648,Revenue Decline
CUST013271,0.0648,Support Escalations
CUST005683,0.0647,Contract Expiry
CUST000137,0.0646,Support Escalations
CUST001463,0.0646,Low NPS
CUST006907,0.0646,Support Escalations
CUST009087,0.0646,Low Usage
CUST011194,0.0645,Revenue Decline
CUST002707,0.0644,Support Escalations
CUST006136,0.0643,Contract Expiry
CUST006241,0.0643,Support Escalations
CUST008954,0.0643,Revenue Decline
CUST008086,0.0642,Support Escalations
CUST000146,0.064,Low NPS
CUST006120,0.064,Support Escalations
CUST002685,0.0639,Low Usage
CUST008464,0.0639,Low Usage
CUST012070,0.0638,Low Usage
CUST013662,0.0638,Revenue Decline
CUST003124,0.0636,Revenue Decline
CUST004708,0.0636,Revenue Decline
CUST008304,0.0636,Support Escalations
CUST006914,0.0635,Low Usage
CUST010994,0.0635,Low Usage
CUST010997,0.0635,Low NPS
CUST013302,0.0635,Revenue Decline
CUST002842,0.0633,Low NPS
CUST001364,0.0632,Support Escalations
CUST001531,0.0632,Revenue Decline
CUST000901,0.063,Revenue Decline
CUST008991,0.063,Revenue Decline
CUST011279,0.063,Revenue Decline
CUST011840,0.063,Low Usage
CUST006455,0.0629,Low Usage
CUST000381,0.0628,Contract Expiry
CUST010473,0.0628,Revenue Decline
CUST012655,0.0628,Support Escalations
CUST000635,0.0627,Low NPS
CUST010142,0.0627,Low Usage
CUST000730,0.0626,Contract Expiry
CUST001546,0.0626,Low Usage
CUST004354,0.0626,Low Usage
CUST010278,0.0626,Low NPS
CUST000051,0.0625,Support Escalations
CUST002522,0.0625,Low Usage
CUST006823,0.0625,Revenue Decline
CUST011511,0.0625,Low NPS
CUST001544,0.0624,Revenue Decline
CUST006845,0.0623,Contract Expiry
CUST011378,0.0623,Support Escalations
CUST012229,0.0623,Support Escalations
CUST009071,0.0622,Low Usage
CUST013043,0.0621,Revenue Decline
CUST001930,0.062,Revenue Decline
CUST004770,0.062,Low Usage
CUST009855,0.062,Contract Expiry
CUST013428,0.0618,Revenue Decline
CUST005504,0.0617,Support Escalations
CUST001350,0.0614,Revenue Decline
CUST004971,0.0613,Support Escalations
CUST013374,0.0613,Revenue Decline
CUST008989,0.0612,Revenue Decline
CUST000229,0.0611,Contract Expiry
CUST005486,0.0611,Low Usage
CUST003278,0.061,Support Escalations
CUST006831,0.0609,Low NPS
CUST007219,0.0609,Contract Expiry
CUST005281,0.0608,Support Escalations
CUST009203,0.0607,Low Usage
CUST009527,0.0607,Support Escalations
CUST012855,0.0607,Low NPS
CUST003239,0.0606,Revenue Decline
CUST005243,0.0605,Revenue Decline
CUST011978,0.0604,Revenue Decline
CUST007727,0.0603,Contract Expiry
CUST001848,0.0601,Low NPS
CUST009525,0.0601,Revenue Decline
CUST002069,0.06,Contract Expiry
CUST005477,0.0599,Low Usage
CUST002316,0.0598,Contract Expiry
CUST006473,0.0598,Contract Expiry
CUST014786,0.0598,Contract Expiry
CUST006781,0.0597,Revenue Decline
CUST006933,0.0597,Low Usage
CUST009561,0.0597,Low NPS
CUST010388,0.0597,Low NPS
CUST005185,0.0596,Revenue Decline
CUST012256,0.0596,Contract Expiry
CUST012962,0.0596,Low Usage
CUST014224,0.0595,Low Usage
CUST003623,0.0594,Contract Expiry
CUST008600,0.0594,Revenue Decline
CUST014561,0.0594,Contract Expiry
CUST014803,0.0593,Revenue Decline
CUST000130,0.0592,Low NPS
CUST002928,0.0592,Support Escalations
CUST005899,0.0592,Support Escalations
CUST002317,0.0591,Revenue Decline
CUST004986,0.059,Contract Expiry
CUST003141,0.0588,Revenue Decline
CUST002246,0.0587,Low NPS
CUST011630,0.0585,Contract Expiry
CUST014072,0.0585,Revenue Decline
CUST005664,0.0584,Low NPS
CUST014871,0.0584,Revenue Decline
CUST008022,0.0583,Low NPS
CUST001761,0.0582,Support Escalations
CUST010409,0.0582,Support Escalations
CUST010237,0.0581,Low Usage
CUST010337,0.0581,Low NPS
CUST002501,0.058,Low NPS
CUST008745,0.058,Contract Expiry
CUST005597,0.0577,Revenue Decline
CUST010658,0.0577,Low NPS
CUST002705,0.0573,Low Usage
CUST002796,0.0573,Low Usage
CUST011843,0.0573,Low NPS
CUST014975,0.0573,Contract Expiry
CUST004652,0.0572,Low Usage
CUST003144,0.0571,Low Usage
CUST011967,0.0571,Low NPS
CUST001767,0.057,Contract Expiry
CUST006777,0.057,Low Usage
CUST010777,0.057,Low NPS
CUST002440,0.0569,Contract Expiry
CUST003520,0.0569,Low NPS
CUST007513,0.0569,Low NPS
CUST009406,0.0569,Support Escalations
CUST011587,0.0569,Contract Expiry
CUST006416,0.0568,Low NPS
CUST010044,0.0567,Contract Expiry
CUST008344,0.0566,Contract Expiry
CUST012007,0.0565,Contract Expiry
CUST014685,0.0564,Contract Expiry
CUST000389,0.0563,Support Escalations
CUST005449,0.0563,Revenue Decline
CUST013273,0.0563,Low Usage
CUST002765,0.0562,Support Escalations
CUST007186,0.0562,Low Usage
CUST012739,0.0562,Support Escalations
CUST005372,0.0561,Low NPS
CUST000332,0.0559,Revenue Decline
CUST001120,0.0559,Revenue Decline
CUST006881,0.0559,Low NPS
CUST011805,0.0559,Low NPS
CUST013457,0.0558,Low NPS
CUST013570,0.0558,Low Usage
CUST000767,0.0556,Revenue Decline
CUST008846,0.0556,Revenue Decline
CUST002244,0.0554,Support Escalations
CUST011867,0.0554,Support Escalations
CUST014974,0.0554,Low NPS
CUST013276,0.0553,Support Escalations
CUST002120,0.0552,Low Usage
CUST004617,0.0552,Low Usage
CUST010613,0.0552,Support Escalations
CUST001599,0.0551,Low Usage
CUST011484,0.055,Revenue Decline
CUST013747,0.055,Contract Expiry
CUST002551,0.0549,Revenue Decline
CUST013931,0.0549,Low Usage
CUST004893,0.0548,Contract Expiry
CUST014402,0.0548,Contract Expiry
CUST013934,0.0547,Support Escalations
CUST002675,0.0546,Support Escalations
CUST013235,0.0544,Low NPS
CUST000750,0.0543,Low NPS
CUST004180,0.0543,Low NPS
CUST013438,0.0543,Support Escalations
CUST012798,0.0542,Low Usage
CUST005345,0.054,Revenue Decline
CUST006687,0.054,Support Escalations
CUST008517,0.054,Low Usage
CUST000937,0.0538,Contract Expiry
CUST003189,0.0538,Contract Expiry
CUST012407,0.0537,Low Usage
CUST001962,0.0535,Revenue Decline
CUST011312,0.0535,Contract Expiry
CUST008983,0.0534,Low Usage
CUST006844,0.0532,Revenue Decline
CUST010847,0.0532,Contract Expiry
CUST012523,0.0532,Contract Expiry
CUST005286,0.053,Contract Expiry
CUST001775,0.0529,Low NPS
CUST002155,0.0529,Support Escalations
CUST013633,0.0529,Low NPS
CUST011321,0.0528,Contract Expiry
CUST002168,0.0527,Support Escalations
CUST012294,0.0526,Contract Expiry
CUST005844,0.0525,Contract Expiry
CUST001663,0.0524,Low Usage
CUST003864,0.0524,Support Escalations
CUST002502,0.0523,Low Usage
CUST008708,0.0523,Support Escalations
CUST009398,0.0523,Low Usage
CUST011694,0.0523,Low NPS
CUST010192,0.0522,Low NPS
CUST010443,0.0522,Contract Expiry
CUST001693,0.0521,Low Usage
CUST011177,0.0521,Low NPS
CUST000124,0.052,Low Usage
CUST003844,0.052,Revenue Decline
CUST006204,0.052,Support Escalations
CUST007862,0.052,Support Escalations
CUST006320,0.0519,Support Escalations
CUST009887,0.0519,Low NPS
CUST001902,0.0518,Contract Expiry
CUST008599,0.0518,Low NPS
CUST013137,0.0518,Low Usage
CUST000057,0.0517,Revenue Decline
CUST006747,0.0517,Low Usage
CUST009376,0.0516,Contract Expiry
CUST012266,0.0516,Support Escalations
CUST009204,0.0515,Contract Expiry
CUST010326,0.0515,Support Escalations
CUST010709,0.0515,Revenue Decline
CUST013683,0.0515,Support Escalations
CUST001677,0.0514,Low Usage
CUST002254,0.0514,Contract Expiry
CUST006015,0.0514,Revenue Decline
CUST008146,0.0514,Contract Expiry
CUST010461,0.0514,Revenue Decline
CUST012871,0.0514,Low Usage
CUST003068,0.0513,Low NPS
CUST011180,0.0513,Low NPS
CUST001557,0.0512,Revenue Decline
CUST009544,0.0512,Revenue Decline
CUST002232,0.051,Contract Expiry
CUST004025,0.051,Low NPS
CUST010195,0.051,Low Usage
CUST008377,0.0509,Revenue Decline
CUST006928,0.0508,Revenue Decline
CUST013295,0.0508,Contract Expiry
CUST014618,0.0508,Contract Expiry
CUST004751,0.0505,Low Usage
CUST006893,0.0504,Low NPS
CUST003451,0.0501,Support Escalations
CUST004369,0.0501,Support Escalations
CUST002406,0.05,Contract Expiry
CUST002834,0.05,Contract Expiry
CUST009156,0.05,Low NPS
CUST010614,0.05,Low NPS
CUST012602,0.05,Revenue Decline
CUST005123,0.0499,Contract Expiry
CUST011820,0.0499,Support Escalations
CUST012791,0.0499,Revenue Decline
CUST001727,0.0497,Low NPS
CUST005918,0.0497,Contract Expiry
CUST005745,0.0496,Low NPS
CUST000897,0.0495,Low Usage
CUST004008,0.0495,Support Escalations
CUST006062,0.0495,Low NPS
CUST000631,0.0494,Low Usage
CUST004913,0.0494,Low Usage
CUST011325,0.0494,Low NPS
CUST006334,0.0493,Low NPS
CUST010887,0.0493,Revenue Decline
CUST006330,0.0491,Support Escalations
CUST014067,0.049,Support Escalations
CUST005223,0.0489,Contract Expiry
CUST009223,0.0489,Low NPS
CUST010499,0.0489,Contract Expiry
CUST013245,0.0489,Contract Expiry
CUST013304,0.0489,Contract Expiry
CUST008699,0.0488,Support Escalations
CUST010993,0.0488,Support Escalations
CUST004866,0.0487,Revenue Decline
CUST007711,0.0487,Low NPS
CUST000393,0.0486,Revenue Decline
CUST010119,0.0486,Contract Expiry
CUST010696,0.0486,Low Usage
CUST014501,0.0486,Low NPS
CUST008787,0.0485,Revenue Decline
CUST011756,0.0484,Low Usage
CUST001977,0.0483,Contract Expiry
CUST002934,0.0483,Low Usage
CUST007630,0.0483,Low NPS
CUST007812,0.0483,Contract Expiry
CUST010363,0.0483,Support Escalations
CUST002498,0.0481,Low NPS
CUST002898,0.048,Low NPS
CUST002948,0.048,Revenue Decline
CUST004909,0.048,Contract Expiry
CUST014776,0.0479,Contract Expiry
CUST001422,0.0477,Low Usage
CUST004357,0.0476,Low NPS
CUST007431,0.0476,Revenue Decline
CUST012847,0.0476,Support Escalations
CUST006011,0.0475,Low NPS
CUST010496,0.0475,Low NPS
CUST012956,0.0474,Revenue Decline
CUST009198,0.0473,Low Usage
CUST000027,0.0472,Contract Expiry
CUST000356,0.0472,Low NPS
CUST003609,0.0471,Contract Expiry
CUST004691,0.0471,Revenue Decline
CUST007918,0.0471,Revenue Decline
CUST006021,0.0467,Contract Expiry
CUST008362,0.0467,Support Escalations
CUST013013,0.0467,Low Usage
CUST003691,0.0466,Low Usage
CUST008906,0.0466,Low NPS
CUST006438,0.0465,Low Usage
CUST013978,0.0465,Revenue Decline
CUST002617,0.0461,Revenue Decline
CUST011001,0.0461,Low Usage
CUST013518,0.0459,Contract Expiry
CUST000544,0.0456,Support Escalations
CUST001157,0.0456,Low NPS
CUST009858,0.0456,Low Usage
CUST011499,0.0456,Contract Expiry
CUST009825,0.0455,Low NPS
CUST014339,0.0455,Revenue Decline
CUST012637,0.0454,Low Usage
CUST003119,0.0452,Contract Expiry
CUST004658,0.0451,Low NPS
CUST014531,0.0451,Low Usage
CUST010439,0.045,Revenue Decline
CUST010827,0.045,Support Escalations
CUST001292,0.0447,Low NPS
CUST005541,0.0447,Low Usage
CUST008523,0.0447,Low Usage
CUST010178,0.0447,Contract Expiry
CUST014179,0.0445,Contract Expiry
CUST013516,0.0444,Revenue Decline
CUST009610,0.0443,Support Escalations
CUST010656,0.0442,Low Usage
CUST001103,0.0441,Revenue Decline
CUST009841,0.0441,Low Usage
CUST008686,0.0439,Low Usage
CUST002980,0.0438,Low Usage
CUST011886,0.0438,Low Usage
CUST011389,0.0437,Contract Expiry
CUST011877,0.0437,Support Escalations
CUST003867,0.0435,Low NPS
CUST007148,0.0435,Low Usage
CUST011628,0.0435,Revenue Decline
CUST014172,0.0435,Low Usage
CUST003442,0.0434,Support Escalations
CUST000275,0.0433,Support Escalations
CUST004720,0.0433,Contract Expiry
CUST007806,0.0433,Low NPS
CUST009897,0.0432,Low Usage
CUST006709,0.0431,Low NPS
CUST008487,0.0431,Contract Expiry
CUST013702,0.043,Contract Expiry
CUST004309,0.0427,Revenue Decline
CUST003627,0.0426,Low Usage
CUST004155,0.0425,Revenue Decline
CUST005677,0.0425,Support Escalations
CUST012767,0.0425,Contract Expiry
CUST002518,0.0423,Low Usage
CUST002858,0.0423,Support Escalations
CUST005514,0.0423,Revenue Decline
CUST004324,0.0422,Low Usage
CUST012959,0.042,Support Escalations
CUST001508,0.0419,Support Escalations
CUST012188,0.0418,Revenue Decline
CUST002087,0.0417,Low NPS
CUST004229,0.0417,Low NPS
CUST004921,0.0417,Support Escalations
CUST005711,0.0417,Support Escalations
CUST014259,0.0417,Support Escalations
CUST002670,0.0416,Support Escalations
CUST013447,0.0416,Low Usage
CUST000487,0.0415,Revenue Decline
CUST003225,0.0414,Low Usage
CUST002700,0.0413,Low NPS
CUST005157,0.0413,Support Escalations
CUST012908,0.0412,Revenue Decline
CUST006454,0.0411,Low Usage
CUST007121,0.0411,Revenue Decline
CUST010275,0.0411,Support Escalations
CUST007879,0.0409,Support Escalations
CUST009605,0.0409,Revenue Decline
CUST006968,0.0408,Revenue Decline
CUST013761,0.0408,Revenue Decline
CUST005227,0.0407,Low NPS
CUST007407,0.0406,Support Escalations
CUST011660,0.0406,Support Escalations
CUST000846,0.0405,Revenue Decline
CUST006101,0.0404,Low Usage
CUST000294,0.0402,Support Escalations
CUST000726,0.0402,Low NPS
CUST004782,0.0401,Support Escalations
CUST005418,0.0401,Contract Expiry
CUST010281,0.0401,Contract Expiry
CUST007065,0.04,Low Usage
CUST013047,0.04,Revenue Decline
CUST005581,0.0399,Support Escalations
CUST000103,0.0398,Low Usage
CUST014690,0.0398,Low NPS
CUST003696,0.0397,Support Escalations
CUST010946,0.0397,Revenue Decline
CUST001009,0.0395,Support Escalations
CUST007288,0.0394,Low Usage
CUST012990,0.0394,Low NPS
CUST002514,0.0392,Support Escalations
CUST004815,0.0392,Revenue Decline
CUST011264,0.0392,Low Usage
CUST011632,0.0392,Low Usage
CUST003351,0.0391,Support Escalations
CUST003834,0.0391,Contract Expiry
CUST000979,0.0389,Low NPS
CUST005074,0.0389,Low NPS
CUST002385,0.0388,Low NPS
CUST007072,0.0388,Revenue Decline
CUST010569,0.0388,Low Usage
CUST014009,0.0388,Support Escalations
CUST013961,0.0386,Low Usage
CUST014600,0.0386,Low NPS
CUST001001,0.0384,Low Usage
CUST003403,0.0384,Low Usage
CUST013315,0.0384,Low NPS
CUST007697,0.0383,Support Escalations
CUST000039,0.0382,Support Escalations
CUST000672,0.038,Low Usage
CUST010736,0.038,Revenue Decline
CUST011804,0.038,Revenue Decline
CUST013279,0.038,Low NPS
CUST007429,0.0377,Contract Expiry
CUST006681,0.0375,Contract Expiry
CUST002134,0.0373,Contract Expiry
CUST009063,0.0373,Low Usage
CUST004664,0.0372,Low NPS
CUST008269,0.0372,Contract Expiry
CUST014942,0.0372,Revenue Decline
CUST011115,0.0371,Low NPS
CUST012949,0.0371,Support Escalations
CUST004630,0.037,Low NPS
CUST005728,0.037,Low NPS
CUST006173,0.037,Low Usage
CUST007408,0.037,Low NPS
CUST009009,0.037,Low Usage
CUST004294,0.0369,Low Usage
CUST009962,0.0369,Low NPS
CUST013745,0.0369,Low NPS
CUST002279,0.0368,Contract Expiry
CUST007551,0.0367,Revenue Decline
CUST012641,0.0367,Revenue Decline
CUST000073,0.0366,Support Escalations
CUST001089,0.0366,Contract Expiry
CUST014219,0.0365,Low NPS
CUST010479,0.0364,Low Usage
CUST001242,0.0363,Revenue Decline
CUST006936,0.0362,Contract Expiry
CUST007716,0.0362,Revenue Decline
CUST007830,0.0362,Low NPS
CUST007946,0.0362,Revenue Decline
CUST011758,0.0362,Support Escalations
CUST013243,0.0361,Low Usage
CUST003835,0.036,Support Escalations
CUST006999,0.036,Low Usage
CUST008595,0.0359,Low Usage
CUST008798,0.0358,Support Escalations
CUST012244,0.0358,Contract Expiry
CUST010526,0.0354,Low NPS
CUST011060,0.0353,Support Escalations
CUST000493,0.0352,Low NPS
CUST003877,0.035,Low Usage
CUST003313,0.0348,Low NPS
CUST003556,0.0348,Support Escalations
CUST014290,0.0348,Revenue Decline
CUST000286,0.0346,Support Escalations
CUST002110,0.0346,Low Usage
CUST008997,0.0346,Low NPS
CUST010161,0.0345,Low Usage
CUST013548,0.0343,Contract Expiry
CUST009710,0.0341,Low Usage
CUST003473,0.034,Low Usage
CUST004492,0.0339,Low Usage
CUST014342,0.0339,Low NPS
CUST011227,0.0338,Contract Expiry
CUST006549,0.0337,Support Escalations
CUST007686,0.0337,Low NPS
CUST000886,0.0336,Revenue Decline
CUST003157,0.0336,Low NPS
CUST004599,0.0335,Revenue Decline
CUST006908,0.0335,Contract Expiry
CUST000746,0.0332,Support Escalations
CUST005228,0.0332,Contract Expiry
CUST006817,0.0332,Revenue Decline
CUST002873,0.0331,Low Usage
CUST004460,0.0331,Low Usage
CUST004855,0.033,Revenue Decline
CUST000907,0.0329,Contract Expiry
CUST006957,0.0329,Support Escalations
CUST009930,0.0329,Revenue Decline
CUST001421,0.0328,Contract Expiry
CUST010672,0.0328,Low NPS
CUST001092,0.0327,Low Usage
CUST003570,0.0326,Contract Expiry
CUST006323,0.0325,Contract Expiry
CUST014107,0.0325,Support Escalations
CUST011300,0.0324,Low Usage
CUST010153,0.0323,Low Usage
CUST007001,0.0322,Low NPS
CUST008678,0.0321,Support Escalations
CUST009484,0.0321,Contract Expiry
CUST002916,0.0319,Revenue Decline
CUST009726,0.0319,Revenue Decline
CUST002054,0.0317,Revenue Decline
CUST001308,0.0316,Contract Expiry
CUST007947,0.0316,Contract Expiry
CUST003671,0.0313,Revenue Decline
CUST004722,0.0313,Support Escalations
CUST014657,0.0313,Low NPS
CUST010986,0.0312,Contract Expiry
CUST001915,0.0311,Low Usage
CUST004027,0.0311,Low Usage
CUST004099,0.0309,Low Usage
CUST007932,0.0309,Support Escalations
CUST013318,0.0309,Contract Expiry
CUST009284,0.0308,Low Usage
CUST009152,0.0307,Low NPS
CUST011491,0.0307,Revenue Decline
CUST000032,0.0306,Contract Expiry
CUST008673,0.0306,Revenue Decline
CUST010652,0.0306,Low NPS
CUST005596,0.0305,Low Usage
CUST001647,0.0304,Support Escalations
CUST005082,0.0304,Contract Expiry
CUST013669,0.0304,Support Escalations
CUST002456,0.0303,Revenue Decline
CUST008765,0.0303,Low NPS
CUST010568,0.0303,Support Escalations
CUST014122,0.0303,Support Escalations
CUST014547,0.0302,Low NPS
CUST014760,0.0302,Contract Expiry
CUST001211,0.0301,Support Escalations
CUST005685,0.03,Support Escalations
CUST012939,0.03,Support Escalations
CUST002992,0.0299,Contract Expiry
CUST003336,0.0299,Low NPS
CUST012805,0.0298,Contract Expiry
CUST007261,0.0297,Low NPS
CUST009289,0.0297,Support Escalations
CUST002323,0.0295,Support Escalations
CUST000203,0.0293,Support Escalations
CUST001836,0.0293,Revenue Decline
CUST010432,0.0293,Contract Expiry
CUST005838,0.0292,Low Usage
CUST010557,0.0292,Revenue Decline
CUST010712,0.0292,Contract Expiry
CUST006296,0.029,Contract Expiry
CUST011468,0.029,Revenue Decline
CUST012542,0.029,Low NPS
CUST001458,0.0288,Revenue Decline
CUST009701,0.0288,Low Usage
CUST000918,0.0287,Low Usage
CUST003738,0.0283,Support Escalations
CUST009240,0.0283,Support Escalations
CUST012023,0.0283,Contract Expiry
CUST008185,0.0282,Low NPS
CUST000165,0.0281,Low NPS
CUST009350,0.0281,Low NPS
CUST000814,0.028,Support Escalations
CUST007258,0.028,Support Escalations
CUST004744,0.0278,Support Escalations
CUST005032,0.0278,Revenue Decline
CUST001107,0.0276,Low Usage
CUST008037,0.0276,Support Escalations
CUST000798,0.0275,Support Escalations
CUST005232,0.0274,Support Escalations
CUST005481,0.0274,Support Escalations
CUST000976,0.0273,Low Usage
CUST013223,0.0273,Low Usage
CUST003618,0.0271,Contract Expiry
CUST006711,0.0271,Contract Expiry
CUST006900,0.027,Low Usage
CUST007405,0.027,Support Escalations
CUST007868,0.027,Revenue Decline
CUST011063,0.0269,Revenue Decline
CUST011168,0.0267,Low NPS
CUST009327,0.0266,Contract Expiry
CUST012507,0.0265,Low Usage
CUST013967,0.0265,Support Escalations
CUST006107,0.0264,Contract Expiry
CUST010045,0.0264,Contract Expiry
CUST000503,0.0263,Support Escalations
CUST010483,0.0258,Support Escalations
CUST010803,0.0257,Low Usage
CUST011200,0.0257,Low Usage
CUST013164,0.0256,Support Escalations
CUST007854,0.0255,Revenue Decline
CUST006756,0.0254,Low NPS
CUST002987,0.0253,Contract Expiry
CUST005085,0.0253,Low Usage
CUST011419,0.0253,Support Escalations
CUST008321,0.0252,Support Escalations
CUST004117,0.0251,Low Usage
CUST001858,0.025,Support Escalations
CUST002039,0.025,Low Usage
CUST002695,0.025,Support Escalations
CUST009660,0.025,Low NPS
CUST011031,0.025,Support Escalations
CUST009408,0.0249,Low NPS
CUST009481,0.0249,Revenue Decline
CUST003273,0.0248,Contract Expiry
CUST005953,0.0248,Low Usage
CUST006043,0.0248,Revenue Decline
CUST006050,0.0248,Low Usage
CUST013297,0.0248,Low Usage
CUST013854,0.0247,Contract Expiry
CUST001098,0.0245,Contract Expiry
CUST003596,0.0244,Support Escalations
CUST007695,0.0244,Revenue Decline
CUST003221,0.0243,Low Usage
CUST014068,0.0243,Low Usage
CUST002884,0.0241,Low Usage
CUST011415,0.0241,Support Escalations
CUST014404,0.0241,Revenue Decline
CUST002464,0.024,Low NPS
CUST004789,0.024,Support Escalations
CUST007086,0.024,Low Usage
CUST012439,0.0239,Contract Expiry
CUST013554,0.0239,Low Usage
CUST005874,0.0238,Revenue Decline
CUST013152,0.0238,Contract Expiry
CUST010566,0.0236,Low Usage
CUST013189,0.0236,Low Usage
CUST008571,0.0235,Contract Expiry
CUST000081,0.0234,Low NPS
CUST004252,0.0234,Support Escalations
CUST000598,0.0233,Contract Expiry
CUST002117,0.0233,Low NPS
CUST010915,0.0232,Revenue Decline
CUST012630,0.0232,Contract Expiry
CUST005405,0.0231,Low Usage
CUST005627,0.0231,Low Usage
CUST005196,0.023,Low NPS
CUST007592,0.023,Support Escalations
CUST008725,0.023,Low NPS
CUST005148,0.0229,Support Escalations
CUST009609,0.0227,Contract Expiry
CUST003348,0.0226,Contract Expiry
CUST008366,0.0226,Low NPS
CUST003258,0.0223,Support Escalations
CUST012396,0.0223,Support Escalations
CUST001200,0.0221,Low Usage
CUST004091,0.022,Low Usage
CUST003878,0.0219,Low NPS
CUST000484,0.0218,Contract Expiry
CUST012918,0.0218,Low NPS
CUST002334,0.0217,Support Escalations
CUST003318,0.0216,Contract Expiry
CUST008207,0.0216,Revenue Decline
CUST006836,0.0214,Low Usage
CUST002773,0.0213,Support Escalations
CUST004441,0.0212,Low NPS
CUST007411,0.0212,Revenue Decline
CUST010644,0.0209,Low Usage
CUST000435,0.0208,Contract Expiry
CUST002098,0.0208,Support Escalations
CUST007984,0.0208,Low Usage
CUST003491,0.0207,Low Usage
CUST006762,0.0207,Low Usage
CUST011374,0.0207,Support Escalations
CUST013103,0.0207,Contract Expiry
CUST014033,0.0207,Low NPS
CUST009446,0.0204,Contract Expiry
CUST007145,0.0203,Revenue Decline
CUST009567,0.0203,Low NPS
CUST014346,0.0202,Support Escalations
CUST001558,0.0199,Low NPS
CUST012093,0.0199,Revenue Decline
CUST005639,0.0198,Low Usage
CUST006830,0.0198,Revenue Decline
CUST010253,0.0198,Revenue Decline
CUST000115,0.0197,Revenue Decline
CUST000826,0.0197,Contract Expiry
CUST012083,0.0197,Low NPS
CUST013161,0.0197,Low Usage
CUST006697,0.0195,Low Usage
CUST008365,0.0195,Contract Expiry
CUST000101,0.0194,Low Usage
CUST003220,0.0194,Support Escalations
CUST006063,0.0194,Revenue Decline
CUST010515,0.0193,Contract Expiry
CUST002865,0.0192,Low Usage
CUST006208,0.0191,Revenue Decline
CUST007638,0.0191,Low Usage
CUST012309,0.0191,Support Escalations
CUST000619,0.019,Low NPS
CUST002668,0.019,Contract Expiry
CUST008180,0.019,Low NPS
CUST011953,0.019,Low Usage
CUST006163,0.0188,Low NPS
CUST002712,0.0187,Revenue Decline
CUST009412,0.0187,Support Escalations
CUST013703,0.0187,Low NPS
CUST004165,0.0186,Support Escalations
CUST012725,0.0185,Support Escalations
CUST002198,0.0184,Revenue Decline
CUST008616,0.0184,Low Usage
CUST012468,0.0183,Contract Expiry
CUST011979,0.018,Low Usage
CUST001553,0.0179,Low NPS
CUST009872,0.0179,Contract Expiry
CUST010595,0.0179,Revenue Decline
CUST002905,0.0178,Revenue Decline
CUST005751,0.0178,Support Escalations
CUST014254,0.0177,Support Escalations
CUST014785,0.0177,Support Escalations
CUST008837,0.0175,Low NPS
CUST009421,0.0175,Support Escalations
CUST008685,0.0174,Support Escalations
CUST008711,0.0173,Revenue Decline
CUST014021,0.0172,Revenue Decline
CUST014939,0.0171,Revenue Decline
CUST003032,0.0169,Support Escalations
CUST005501,0.0169,Revenue Decline
CUST011487,0.0169,Low NPS
CUST013180,0.0168,Contract Expiry
CUST011654,0.0166,Contract Expiry
CUST010991,0.0165,Support Escalations
CUST004289,0.0164,Support Escalations
CUST008410,0.0164,Support Escalations
CUST002199,0.0163,Low Usage
CUST013914,0.0163,Low NPS
CUST002050,0.0162,Contract Expiry
CUST003204,0.0162,Low Usage
CUST003978,0.0162,Contract Expiry
CUST008927,0.0162,Low Usage
CUST012596,0.0161,Contract Expiry
CUST000912,0.016,Low NPS
CUST004450,0.016,Low NPS
CUST008831,0.0159,Low Usage
CUST014076,0.0159,Support Escalations
CUST007676,0.0158,Contract Expiry
CUST006348,0.0157,Low Usage
CUST008343,0.0157,Low NPS
CUST012615,0.0157,Support Escalations
CUST011129,0.0156,Support Escalations
CUST003494,0.0155,Contract Expiry
CUST001181,0.0153,Revenue Decline
CUST007952,0.0153,Low NPS
CUST010242,0.0153,Low Usage
CUST007257,0.0152,Revenue Decline
CUST005547,0.0151,Revenue Decline
CUST004877,0.015,Contract Expiry
CUST007990,0.015,Low NPS
CUST013775,0.0149,Low NPS
CUST014604,0.0148,Low NPS
CUST014848,0.0147,Contract Expiry
CUST004255,0.0146,Contract Expiry
CUST004608,0.0146,Revenue Decline
CUST009312,0.0146,Support Escalations
CUST008771,0.0145,Low Usage
CUST009801,0.0145,Contract Expiry
CUST000184,0.0143,Support Escalations
CUST001820,0.0142,Low Usage
CUST014750,0.0142,Low Usage
CUST000601,0.0141,Revenue Decline
CUST002338,0.0141,Low Usage
CUST014037,0.0139,Revenue Decline
CUST006698,0.0138,Contract Expiry
CUST012143,0.0138,Contract Expiry
CUST014530,0.0138,Support Escalations
CUST008961,0.0137,Low Usage
CUST011571,0.0137,Revenue Decline
CUST004100,0.0136,Low Usage
CUST004119,0.0136,Contract Expiry
CUST002777,0.0135,Low Usage
CUST010011,0.0135,Low Usage
CUST005009,0.0134,Contract Expiry
CUST002195,0.0133,Low Usage
CUST010052,0.0133,Support Escalations
CUST012851,0.0133,Support Escalations
CUST003644,0.0132,Contract Expiry
CUST005420,0.0132,Contract Expiry
CUST002128,0.0131,Contract Expiry
CUST008539,0.0131,Support Escalations
CUST001736,0.0129,Low Usage
CUST012226,0.0129,Low NPS
CUST001193,0.0128,Low Usage
CUST009586,0.0127,Support Escalations
CUST002901,0.0126,Low NPS
CUST004522,0.0126,Contract Expiry
CUST004878,0.0126,Revenue Decline
CUST008110,0.0125,Contract Expiry
CUST010976,0.0125,Low Usage
CUST013879,0.0123,Contract Expiry
CUST001241,0.0122,Low NPS
CUST002090,0.0122,Low NPS
CUST004892,0.0122,Low Usage
CUST008866,0.0122,Low Usage
CUST010196,0.0122,Contract Expiry
CUST014586,0.0122,Revenue Decline
CUST005789,0.0121,Support Escalations
CUST013819,0.0121,Revenue Decline
CUST002959,0.0119,Support Escalations
CUST009238,0.0119,Low NPS
CUST004406,0.0118,Low NPS
CUST008076,0.0118,Low Usage
CUST008278,0.0118,Low NPS
CUST010051,0.0118,Low Usage
CUST010231,0.0117,Revenue Decline
CUST002359,0.0116,Support Escalations
CUST011655,0.0116,Low Usage
CUST014696,0.0116,Support Escalations
CUST003561,0.0115,Support Escalations
CUST009644,0.0115,Support Escalations
CUST005267,0.0112,Contract Expiry
CUST006804,0.0112,Revenue Decline
CUST009400,0.0112,Low NPS
CUST011064,0.0112,Revenue Decline
CUST001889,0.011,Contract Expiry
CUST003622,0.0109,Contract Expiry
CUST013885,0.0109,Contract Expiry
CUST008163,0.0108,Support Escalations
CUST005626,0.0106,Revenue Decline
CUST013293,0.0106,Revenue Decline
CUST008584,0.0105,Support Escalations
CUST008661,0.0105,Contract Expiry
CUST010454,0.0105,Low Usage
CUST013522,0.0105,Support Escalations
CUST006752,0.0104,Revenue Decline
CUST012004,0.0104,Low NPS
CUST014703,0.0104,Low NPS
CUST000960,0.0103,Low Usage
CUST012782,0.0103,Support Escalations
CUST013707,0.0103,Low Usage
CUST008732,0.0102,Revenue Decline
