Sum of current_arr,customer_id,Sum of revenue_at_risk
27336,CUST000001,20327.05
183492,CUST000002,13193.07
2352,CUST000003,404.31
32124,CUST000004,13434.26
40500,CUST000005,30755.7
198024,CUST000006,58931.94
7464,CUST000007,4581.4
208776,CUST000008,181301.08
85788,CUST000009,45081.59
217524,CUST000010,83659.73
142848,CUST000011,74195.25
196680,CUST000012,146172.58
18828,CUST000013,1432.81
29184,CUST000014,14842.98
20280,CUST000015,8659.56
15888,CUST000016,14195.93
285336,CUST000017,37493.15
19896,CUST000018,8672.67
22968,CUST000019,3553.15
10908,CUST000020,5716.88
70944,CUST000021,13245.24
51240,CUST000022,38153.3
84096,CUST000023,6534.26
93912,CUST000024,9522.68
6816,CUST000025,5441.89
18084,CUST000026,8110.67
1548,CUST000027,73.07
5844,CUST000028,1842.61
30348,CUST000029,15689.92
88020,CUST000030,51702.95
29604,CUST000031,27605.73
9420,CUST000032,288.25
29736,CUST000033,8230.92
295464,CUST000034,79716.19
20472,CUST000035,10113.17
55716,CUST000036,46534
86880,CUST000037,11780.93
22332,CUST000038,9966.77
201168,CUST000039,7684.62
187164,CUST000040,145314.13
60012,CUST000041,45417.08
4836,CUST000042,965.75
23376,CUST000043,17230.45
78444,CUST000044,51153.33
10968,CUST000045,4718.43
5484,CUST000046,2581.87
101292,CUST000047,39432.98
82644,CUST000048,77982.88
234660,CUST000049,34119.56
66144,CUST000050,32952.94
14076,CUST000051,879.75
22056,CUST000052,5024.36
28776,CUST000053,18718.79
62772,CUST000054,19810.84
48444,CUST000055,21480.07
17652,CUST000056,3062.62
142488,CUST000057,7366.63
6492,CUST000058,5627.27
28980,CUST000059,5396.08
11988,CUST000060,2929.87
50532,CUST000061,47939.71
21648,CUST000062,11417.16
42072,CUST000063,29088.58
4704,CUST000064,1424.37
75180,CUST000065,11931.07
22428,CUST000066,1978.15
127260,CUST000067,77424.98
23532,CUST000068,14250.98
12288,CUST000069,4180.38
146400,CUST000070,98922.48
16488,CUST000071,7360.24
135444,CUST000072,112784.22
22704,CUST000073,830.97
21288,CUST000074,12219.31
9252,CUST000075,4201.33
21708,CUST000076,10630.41
36024,CUST000077,30670.83
22272,CUST000078,18501.35
13368,CUST000079,3813.89
91152,CUST000080,51783.45
12984,CUST000081,303.83
190188,CUST000082,153709.94
35688,CUST000083,22708.27
12000,CUST000084,8274
78312,CUST000085,8222.76
8640,CUST000086,6090.34
91080,CUST000087,81452.84
22788,CUST000088,9864.93
18588,CUST000089,11725.31
12696,CUST000090,10678.61
16716,CUST000091,11181.33
13584,CUST000092,10455.6
3132,CUST000093,1440.41
157584,CUST000094,48646.18
15216,CUST000095,7579.09
35412,CUST000096,5159.53
20844,CUST000097,9711.22
22008,CUST000098,19312.02
241872,CUST000099,50672.18
21192,CUST000100,18220.88
14160,CUST000101,274.7
26172,CUST000102,2198.45
12192,CUST000103,485.24
23472,CUST000104,13106.76
116412,CUST000105,57786.92
8244,CUST000106,1516.9
6060,CUST000107,3139.08
42024,CUST000108,30211.05
21240,CUST000109,5384.34
46680,CUST000110,32358.58
44868,CUST000111,29056.52
263004,CUST000112,17516.07
256608,CUST000113,96587.25
110172,CUST000114,102393.86
41436,CUST000115,816.29
39660,CUST000116,37538.19
4056,CUST000117,2059.23
14940,CUST000118,10918.15
35928,CUST000119,4706.57
91128,CUST000120,83373.01
18324,CUST000121,8953.11
4620,CUST000122,1820.28
88068,CUST000123,77957.79
87252,CUST000124,4537.1
57132,CUST000125,7364.31
14604,CUST000126,1057.33
71832,CUST000127,31857.49
18012,CUST000128,7408.34
19884,CUST000129,9363.38
213120,CUST000130,12616.7
23268,CUST000131,19058.82
12072,CUST000132,2083.63
81504,CUST000133,70460.21
78960,CUST000134,9340.97
74772,CUST000135,12987.9
37692,CUST000136,15088.11
17796,CUST000137,1149.62
60444,CUST000138,20883.4
69636,CUST000139,61126.48
92904,CUST000140,6410.38
5340,CUST000141,782.84
183516,CUST000142,53549.97
15096,CUST000143,8893.05
170736,CUST000144,21922.5
193308,CUST000145,49815.47
93684,CUST000146,5995.78
5532,CUST000147,2243.23
15936,CUST000148,1319.5
101484,CUST000149,15293.64
197616,CUST000150,184770.96
16788,CUST000151,15161.24
287568,CUST000152,63006.15
282960,CUST000153,194025.67
55536,CUST000154,22997.46
7680,CUST000155,4335.36
208440,CUST000156,66638.27
1368,CUST000157,1133.52
4332,CUST000158,2708.8
13932,CUST000159,3377.12
86160,CUST000160,27140.4
221292,CUST000161,157449.26
137196,CUST000162,32090.14
11136,CUST000163,9623.73
7632,CUST000164,1804.97
91620,CUST000165,2574.52
215724,CUST000166,135819.83
86628,CUST000167,14977.98
20460,CUST000168,3654.16
47052,CUST000169,35561.9
34176,CUST000170,9900.79
74124,CUST000171,6404.31
14832,CUST000172,7166.82
6120,CUST000173,5191.6
246756,CUST000174,222105.08
141240,CUST000175,11341.57
32184,CUST000176,6510.82
68160,CUST000177,62311.87
6384,CUST000178,478.16
10476,CUST000179,3650.89
21252,CUST000180,4229.15
2268,CUST000181,1799.66
17016,CUST000182,2334.6
23544,CUST000183,14639.66
19872,CUST000184,284.17
34020,CUST000185,4895.48
209520,CUST000186,74547.22
7740,CUST000187,1058.06
6408,CUST000188,4185.71
15036,CUST000189,4014.61
6576,CUST000190,5492.93
12816,CUST000191,10848.74
16236,CUST000192,5244.23
199620,CUST000193,87473.48
138528,CUST000194,71452.74
43524,CUST000195,26388.6
29004,CUST000196,21866.12
1260,CUST000197,786.62
89952,CUST000198,16101.41
219000,CUST000199,54684.3
86232,CUST000200,43900.71
243144,CUST000201,166796.78
10428,CUST000202,1918.75
25380,CUST000203,743.63
2952,CUST000204,200.74
63792,CUST000205,60104.82
85560,CUST000206,27627.32
23076,CUST000207,3348.33
2268,CUST000208,2052.77
13356,CUST000209,6509.71
291444,CUST000210,165248.75
214464,CUST000211,15248.39
22608,CUST000212,7051.44
68472,CUST000213,61638.49
5880,CUST000214,5331.98
263592,CUST000215,83558.66
220812,CUST000216,134805.73
10188,CUST000217,8916.54
8832,CUST000218,1522.64
71328,CUST000219,57483.24
10728,CUST000220,4242.92
12672,CUST000221,9874.02
63096,CUST000222,52874.45
78936,CUST000223,47187.94
7176,CUST000224,2946.47
76128,CUST000225,37858.45
2100,CUST000226,717.15
198144,CUST000227,174188.39
280044,CUST000228,131424.65
19452,CUST000229,1188.52
4812,CUST000230,1524.44
21000,CUST000231,7085.4
20100,CUST000232,7684.23
18516,CUST000233,7747.09
12156,CUST000234,8057
241272,CUST000235,190339.48
22512,CUST000236,14481.97
19032,CUST000237,15461.6
22020,CUST000238,17409.01
18864,CUST000239,4983.87
74868,CUST000240,67119.16
12324,CUST000241,11398.47
78984,CUST000242,51576.55
66576,CUST000243,22176.47
245052,CUST000244,179329.05
262824,CUST000245,22602.86
23784,CUST000246,11209.4
41208,CUST000247,25738.52
16152,CUST000248,15090.81
7416,CUST000249,5467.08
247248,CUST000250,219135.9
112536,CUST000251,61658.47
11628,CUST000252,10669.85
22260,CUST000253,5191.03
30684,CUST000254,28904.33
65604,CUST000255,44407.35
8916,CUST000256,8428.29
23400,CUST000257,5499
19656,CUST000258,14991.63
73272,CUST000259,29228.2
66264,CUST000260,52282.3
225084,CUST000261,87512.66
14052,CUST000262,4291.48
1428,CUST000263,603.62
81072,CUST000264,42465.51
12612,CUST000265,6061.33
229428,CUST000266,97483.96
17196,CUST000267,12854.01
26364,CUST000268,6010.99
233976,CUST000269,61020.94
75984,CUST000270,11465.99
37308,CUST000271,6730.36
206328,CUST000272,158728.13
20556,CUST000273,14134.31
151344,CUST000274,112842.09
5256,CUST000275,227.58
23916,CUST000276,20087.05
17088,CUST000277,15023.77
251964,CUST000278,18821.71
1476,CUST000279,437.78
14904,CUST000280,6447.47
8436,CUST000281,5323.12
28488,CUST000282,8449.54
1800,CUST000283,314.64
118464,CUST000284,73115.98
22428,CUST000285,1738.17
16008,CUST000286,553.88
267396,CUST000287,171828.67
91932,CUST000288,71955.18
13356,CUST000289,9135.5
59760,CUST000290,39148.78
10392,CUST000291,5191.84
9060,CUST000292,791.84
288156,CUST000293,45211.68
2340,CUST000294,94.07
219168,CUST000295,161504.9
6372,CUST000296,2072.17
233004,CUST000297,181347.01
123636,CUST000298,111321.85
18468,CUST000299,2753.58
10944,CUST000300,9916.36
7044,CUST000301,519.14
113496,CUST000302,86903.89
55068,CUST000303,9372.57
81708,CUST000304,34472.61
10212,CUST000305,3036.03
2040,CUST000306,875.77
7908,CUST000307,7250.05
14856,CUST000308,6766.91
86928,CUST000309,9579.47
23328,CUST000310,3580.85
10044,CUST000311,7946.81
5760,CUST000312,2094.34
21624,CUST000313,9538.35
174504,CUST000314,69347.89
7980,CUST000315,1765.97
17484,CUST000316,8546.18
64032,CUST000317,39616.6
54792,CUST000318,28749.36
12000,CUST000319,11173.2
18360,CUST000320,10244.88
18732,CUST000321,5186.89
6996,CUST000322,3832.41
92916,CUST000323,55062.02
20136,CUST000324,4955.47
247908,CUST000325,120161.01
21168,CUST000326,3590.09
7836,CUST000327,6326
56496,CUST000328,27349.71
22164,CUST000329,16780.36
291600,CUST000330,66018.24
17988,CUST000331,8418.38
7008,CUST000332,391.75
12576,CUST000333,5197.66
3768,CUST000334,3573.95
24804,CUST000335,23469.54
52932,CUST000336,47808.18
16500,CUST000337,6499.35
107016,CUST000338,29836.06
6900,CUST000339,2318.4
5460,CUST000340,871.96
13692,CUST000341,12652.78
80532,CUST000342,48206.46
13680,CUST000343,9060.26
87156,CUST000344,61662.87
4500,CUST000345,1364.4
10068,CUST000346,8354.43
115188,CUST000347,34521.84
22272,CUST000348,19639.45
264024,CUST000349,28699.41
20232,CUST000350,17116.27
23904,CUST000351,7895.49
77340,CUST000352,14037.21
18804,CUST000353,1976.3
3852,CUST000354,3535.75
57636,CUST000355,40869.69
3144,CUST000356,148.4
60996,CUST000357,29564.76
23988,CUST000358,8760.42
18972,CUST000359,13430.28
296520,CUST000360,218120.11
67392,CUST000361,44155.24
41340,CUST000362,28768.51
92508,CUST000363,85236.87
290892,CUST000364,214852.83
147276,CUST000365,118675
17064,CUST000366,2303.64
17424,CUST000367,9264.34
22560,CUST000368,10855.87
73008,CUST000369,68671.32
43104,CUST000370,37603.93
165972,CUST000371,22754.76
244020,CUST000372,112834.85
22272,CUST000373,13022.44
115404,CUST000374,66034.17
272352,CUST000375,114360.6
17940,CUST000376,9405.94
194124,CUST000377,163510.65
9120,CUST000378,3286.85
9828,CUST000379,6796.06
11304,CUST000380,930.32
38268,CUST000381,2403.23
23640,CUST000382,20588.08
7488,CUST000383,3290.98
18084,CUST000384,7698.36
7284,CUST000385,3822.64
16020,CUST000386,5773.61
84444,CUST000387,59583.69
20616,CUST000388,2890.36
22332,CUST000389,1257.29
1596,CUST000390,677.82
11760,CUST000391,9429.17
84864,CUST000392,11702.75
14208,CUST000393,690.51
56916,CUST000394,27723.78
126816,CUST000395,16118.31
90588,CUST000396,80451.2
53592,CUST000397,45167.34
13932,CUST000398,3410.55
232248,CUST000399,164129.66
118812,CUST000400,7699.02
81684,CUST000401,29005.99
22860,CUST000402,4642.87
22824,CUST000403,11802.29
91380,CUST000404,86207.89
12864,CUST000405,3917.09
6816,CUST000406,3151.04
18996,CUST000407,13688.52
18912,CUST000408,2872.73
5784,CUST000409,4989.28
293100,CUST000410,90567.9
4980,CUST000411,3789.78
48324,CUST000412,42955.2
139788,CUST000413,86025.54
13344,CUST000414,5968.77
19584,CUST000415,11207.92
233700,CUST000416,141037.95
13008,CUST000417,10605.42
16704,CUST000418,5726.13
105192,CUST000419,72855.98
14880,CUST000420,9721.1
6864,CUST000421,3209.61
15588,CUST000422,8462.73
2508,CUST000423,173.55
7404,CUST000424,4151.42
5436,CUST000425,1206.25
21600,CUST000426,1766.88
69708,CUST000427,53884.28
97656,CUST000428,54374.86
13344,CUST000429,11634.63
5556,CUST000430,4709.27
23532,CUST000431,20279.88
2388,CUST000432,855.62
5436,CUST000433,3004.48
90684,CUST000434,37252.99
18024,CUST000435,374.9
180876,CUST000436,125310.89
7788,CUST000437,6946.12
277356,CUST000438,159535.17
249612,CUST000439,213518.1
77052,CUST000440,41823.83
7248,CUST000441,2438.23
10368,CUST000442,1279.41
12888,CUST000443,2830.2
90360,CUST000444,26647.16
221940,CUST000445,131321.9
4728,CUST000446,505.42
19644,CUST000447,14367.62
43944,CUST000448,33915.98
16080,CUST000449,13606.9
43056,CUST000450,24602.2
23364,CUST000451,11677.33
22656,CUST000452,4898.23
145920,CUST000453,24529.15
125196,CUST000454,63762.32
12888,CUST000455,8930.1
95208,CUST000456,8530.64
20556,CUST000457,9825.77
169476,CUST000458,159748.08
22044,CUST000459,15318.38
73992,CUST000460,70070.42
13380,CUST000461,11951.02
64776,CUST000462,49560.12
73068,CUST000463,55027.51
20484,CUST000464,17685.89
42036,CUST000465,5456.27
49032,CUST000466,8507.05
259416,CUST000467,78447.4
61860,CUST000468,48393.08
12000,CUST000469,8138.4
20376,CUST000470,12741.11
11436,CUST000471,6327.54
36924,CUST000472,6254.93
18120,CUST000473,1462.28
100416,CUST000474,79479.26
10524,CUST000475,4978.9
30888,CUST000476,16003.07
18624,CUST000477,17135.94
174480,CUST000478,94690.3
81888,CUST000479,75541.68
13512,CUST000480,1398.49
15984,CUST000481,12130.26
81720,CUST000482,72812.52
4884,CUST000483,3844.2
1332,CUST000484,29.04
18228,CUST000485,12918.18
151224,CUST000486,117516.17
17688,CUST000487,734.05
4200,CUST000488,2982
89220,CUST000489,28541.48
26052,CUST000490,8920.2
11340,CUST000491,3712.72
7452,CUST000492,2544.86
36264,CUST000493,1276.49
9624,CUST000494,2248.17
40344,CUST000495,9327.53
20352,CUST000496,10668.52
48312,CUST000497,12483.82
104292,CUST000498,90254.3
47388,CUST000499,37076.37
6744,CUST000500,1808.07
79224,CUST000501,62745.41
16956,CUST000502,11280.83
61500,CUST000503,1617.45
93240,CUST000504,69501.1
167652,CUST000505,113165.1
25668,CUST000506,2677.17
125592,CUST000507,96379.3
23256,CUST000508,20472.26
245808,CUST000509,224791.42
11436,CUST000510,9105.34
14304,CUST000511,7130.54
21816,CUST000512,8316.26
171768,CUST000513,98113.88
262716,CUST000514,126077.41
87624,CUST000515,15658.41
71700,CUST000516,7506.99
4896,CUST000517,3879.59
17508,CUST000518,10805.94
19776,CUST000519,9187.93
76548,CUST000520,69084.57
162276,CUST000521,115005
76932,CUST000522,41666.37
27948,CUST000523,18920.8
81132,CUST000524,26343.56
11340,CUST000525,9895.28
22152,CUST000526,5597.81
75504,CUST000527,50255.46
20304,CUST000528,11075.83
110736,CUST000529,28293.05
7260,CUST000530,3486.25
8412,CUST000531,1459.48
27180,CUST000532,4911.43
8220,CUST000533,5741.67
19140,CUST000534,3690.19
76008,CUST000535,13156.98
8976,CUST000536,5462.79
23700,CUST000537,13627.5
228768,CUST000538,107795.48
4152,CUST000539,3887.93
213192,CUST000540,193215.91
58956,CUST000541,23181.5
87168,CUST000542,43880.37
83004,CUST000543,32188.95
19188,CUST000544,874.97
22836,CUST000545,5313.94
3780,CUST000546,362.88
276372,CUST000547,222562.37
7788,CUST000548,3017.85
13200,CUST000549,7527.96
34752,CUST000550,16670.53
39924,CUST000551,37839.97
40896,CUST000552,34798.41
195756,CUST000553,160617.8
30096,CUST000554,3659.67
46128,CUST000555,43803.15
296328,CUST000556,189146.16
95412,CUST000557,25541.79
192540,CUST000558,182104.33
23352,CUST000559,12965.03
15420,CUST000560,6362.29
204408,CUST000561,132149.77
77868,CUST000562,43107.72
63696,CUST000563,51224.32
191220,CUST000564,104539.97
100944,CUST000565,90334.79
21576,CUST000566,14969.43
23976,CUST000567,17428.15
1500,CUST000568,173.7
44412,CUST000569,27189.03
15252,CUST000570,4008.23
68676,CUST000571,54288.38
28764,CUST000572,24363.11
33564,CUST000573,4886.92
23340,CUST000574,15973.9
15672,CUST000575,3054.47
18012,CUST000576,1356.3
8148,CUST000577,6535.51
7332,CUST000578,1492.8
2508,CUST000579,1849.9
20100,CUST000580,1861.26
23304,CUST000581,5632.58
78216,CUST000582,26507.4
19104,CUST000583,4241.09
172428,CUST000584,49952.39
126552,CUST000585,74172.13
167004,CUST000586,94591.07
17604,CUST000587,3420.46
269184,CUST000588,59085.89
58176,CUST000589,30961.27
7680,CUST000590,4201.73
21444,CUST000591,5523.97
91836,CUST000592,48388.39
4524,CUST000593,3459.5
42072,CUST000594,28495.37
12888,CUST000595,9435.3
138420,CUST000596,11834.91
12084,CUST000597,905.09
84900,CUST000598,1978.17
8940,CUST000599,3036.02
57132,CUST000600,16116.94
239268,CUST000601,3373.68
19848,CUST000602,16698.12
158760,CUST000603,29751.62
85092,CUST000604,42103.52
193260,CUST000605,14726.41
95292,CUST000606,44082.08
22260,CUST000607,20425.78
69072,CUST000608,53371.93
5856,CUST000609,5132.78
20592,CUST000610,15551.08
14004,CUST000611,7511.75
75324,CUST000612,70360.15
71388,CUST000613,34808.79
143280,CUST000614,34344.22
38604,CUST000615,9813.14
76032,CUST000616,53184.38
52440,CUST000617,11091.06
20748,CUST000618,2900.57
58380,CUST000619,1109.22
36276,CUST000620,34037.77
10224,CUST000621,2356.63
4572,CUST000622,1372.97
12192,CUST000623,4047.74
95448,CUST000624,61497.15
21468,CUST000625,20383.87
23232,CUST000626,19965.58
2868,CUST000627,2449.85
86064,CUST000628,59341.13
141936,CUST000629,102491.99
38604,CUST000630,26706.25
288552,CUST000631,14254.47
293064,CUST000632,20807.54
13296,CUST000633,1792.3
76848,CUST000634,45570.86
33372,CUST000635,2092.42
12288,CUST000636,6277.94
156564,CUST000637,39219.28
23316,CUST000638,18603.84
130260,CUST000639,14497.94
4356,CUST000640,886.01
80760,CUST000641,48237.95
68736,CUST000642,19184.22
18684,CUST000643,4112.35
241368,CUST000644,138279.73
97908,CUST000645,16703.1
4080,CUST000646,439.01
13260,CUST000647,2065.91
5736,CUST000648,1155.8
74688,CUST000649,22884.4
71364,CUST000650,63442.6
10512,CUST000651,6414.42
5328,CUST000652,979.82
23340,CUST000653,19911.35
250656,CUST000654,35292.36
5916,CUST000655,809.9
12528,CUST000656,11583.39
16500,CUST000657,13831.95
35784,CUST000658,14417.37
15432,CUST000659,12705.17
12720,CUST000660,1508.59
8244,CUST000661,6130.24
10776,CUST000662,9423.61
172068,CUST000663,56025.34
143328,CUST000664,119607.22
64140,CUST000665,40831.52
2280,CUST000666,772.01
7572,CUST000667,955.59
87000,CUST000668,36757.5
17760,CUST000669,13131.74
18156,CUST000670,6737.69
89592,CUST000671,46560.96
36984,CUST000672,1405.39
10752,CUST000673,1255.83
12036,CUST000674,3660.15
149220,CUST000675,13952.07
143928,CUST000676,50101.34
152676,CUST000677,135545.75
66372,CUST000678,50821.04
28080,CUST000679,3417.34
19080,CUST000680,17074.69
41976,CUST000681,26033.52
52332,CUST000682,24794.9
8976,CUST000683,3845.32
289548,CUST000684,223299.42
25908,CUST000685,18861.02
28056,CUST000686,9774.71
4284,CUST000687,1609.93
228216,CUST000688,70541.57
52080,CUST000689,3588.31
36912,CUST000690,3307.32
20724,CUST000691,15688.07
250368,CUST000692,118574.28
67692,CUST000693,46281.02
151896,CUST000694,102863.97
7740,CUST000695,2283.3
95700,CUST000696,50701.86
61308,CUST000697,41554.56
14724,CUST000698,7325.19
121080,CUST000699,69778.4
44292,CUST000700,16582.92
17148,CUST000701,3057.49
70056,CUST000702,53522.78
90864,CUST000703,66676
83796,CUST000704,75759.96
21888,CUST000705,13478.63
21792,CUST000706,2909.23
11148,CUST000707,8960.76
54264,CUST000708,5100.82
35856,CUST000709,7590.72
10248,CUST000710,6981.96
6348,CUST000711,1366.72
15012,CUST000712,5356.28
112800,CUST000713,105073.2
51624,CUST000714,28981.71
11400,CUST000715,4550.88
66756,CUST000716,48091.02
20484,CUST000717,8253
11772,CUST000718,7634.14
2196,CUST000719,1154.66
4920,CUST000720,2952
76536,CUST000721,51309.73
95004,CUST000722,76858.24
77880,CUST000723,5887.73
3684,CUST000724,3420.23
137064,CUST000725,21683.52
3864,CUST000726,155.33
41820,CUST000727,34886.24
52200,CUST000728,37745.82
5184,CUST000729,2689.98
75756,CUST000730,4742.33
77388,CUST000731,23727.16
5856,CUST000732,709.75
74112,CUST000733,53360.64
78492,CUST000734,34520.78
14844,CUST000735,11814.34
284604,CUST000736,60165.29
19680,CUST000737,15673.15
38712,CUST000738,30508.93
35196,CUST000739,32436.63
23496,CUST000740,7615.05
21360,CUST000741,18455.04
12552,CUST000742,9052.5
85932,CUST000743,55864.39
78600,CUST000744,60639.9
4668,CUST000745,1455.02
27300,CUST000746,906.36
3024,CUST000747,359.55
20940,CUST000748,1656.35
25668,CUST000749,3621.75
73332,CUST000750,3981.93
66948,CUST000751,27174.19
84612,CUST000752,72064.04
163476,CUST000753,27414.93
7992,CUST000754,6479.91
2100,CUST000755,1614.48
12012,CUST000756,7517.11
17196,CUST000757,7385.68
60972,CUST000758,22346.24
61968,CUST000759,13806.47
2508,CUST000760,1002.45
38856,CUST000761,31220.8
21396,CUST000762,2869.2
51708,CUST000763,24008.02
13116,CUST000764,9513.03
2496,CUST000765,1117.71
78876,CUST000766,32875.52
22080,CUST000767,1227.65
41856,CUST000768,39654.37
66876,CUST000769,4714.76
14172,CUST000770,2859.91
4860,CUST000771,2421.25
35796,CUST000772,23972.58
14904,CUST000773,10462.61
4212,CUST000774,2996.84
245544,CUST000775,166135.07
8856,CUST000776,4464.31
4008,CUST000777,1854.5
61236,CUST000778,39037.95
19836,CUST000779,11179.57
246516,CUST000780,127867.85
168804,CUST000781,26755.43
14976,CUST000782,4167.82
17580,CUST000783,14368.13
6696,CUST000784,4772.91
15012,CUST000785,2038.63
12972,CUST000786,8234.63
38424,CUST000787,23830.56
87276,CUST000788,67385.8
19692,CUST000789,15275.08
1596,CUST000790,1398.57
13020,CUST000791,6457.92
181656,CUST000792,90555.52
13152,CUST000793,2909.22
14232,CUST000794,8761.22
7344,CUST000795,4386.57
102180,CUST000796,19782.05
21948,CUST000797,19443.73
2052,CUST000798,56.43
20436,CUST000799,7332.44
7692,CUST000800,2866.04
44940,CUST000801,21000.46
22248,CUST000802,13893.88
44304,CUST000803,39084.99
295656,CUST000804,273422.67
111912,CUST000805,43455.43
83244,CUST000806,71889.52
22200,CUST000807,7707.84
2748,CUST000808,627.64
18144,CUST000809,3429.22
16656,CUST000810,1745.55
108576,CUST000811,81334.28
29976,CUST000812,15395.67
34152,CUST000813,31522.3
18648,CUST000814,522.14
130776,CUST000815,108230.22
59928,CUST000816,49620.38
18312,CUST000817,1884.3
235800,CUST000818,174468.42
5268,CUST000819,1901.22
22068,CUST000820,10976.62
20748,CUST000821,7504.55
9432,CUST000822,1123.35
12768,CUST000823,1390.44
52356,CUST000824,46753.91
53436,CUST000825,33092.91
206952,CUST000826,4076.95
13788,CUST000827,6962.94
91740,CUST000828,56676.97
247044,CUST000829,168088.74
10164,CUST000830,5559.71
5196,CUST000831,4322.55
47220,CUST000832,23968.87
19080,CUST000833,9389.27
17880,CUST000834,16687.4
22512,CUST000835,3469.1
17544,CUST000836,2729.85
2304,CUST000837,592.13
19404,CUST000838,8279.69
1608,CUST000839,485.29
13704,CUST000840,7398.79
14472,CUST000841,3769.96
2292,CUST000842,970.43
59724,CUST000843,9221.39
153900,CUST000844,82290.33
65568,CUST000845,44192.83
12672,CUST000846,513.22
60624,CUST000847,46492.55
14208,CUST000848,3968.29
24900,CUST000849,4867.95
1932,CUST000850,1422.15
150372,CUST000851,138853.5
19560,CUST000852,9713.5
24516,CUST000853,6849.77
7344,CUST000854,4061.23
258252,CUST000855,218532.84
74064,CUST000856,65679.96
47460,CUST000857,36677.09
92940,CUST000858,23634.64
87372,CUST000859,65712.48
64020,CUST000860,47624.48
230904,CUST000861,72018.96
20556,CUST000862,16231.02
11916,CUST000863,3676.09
59484,CUST000864,24905.95
82860,CUST000865,17077.45
12288,CUST000866,2468.66
13944,CUST000867,4580.6
9900,CUST000868,4491.63
25560,CUST000869,1702.3
92544,CUST000870,29863.95
82956,CUST000871,47633.34
9744,CUST000872,7982.28
54336,CUST000873,50391.21
281280,CUST000874,39969.89
54492,CUST000875,21573.38
47916,CUST000876,7656.98
19176,CUST000877,17900.8
48336,CUST000878,34226.72
18876,CUST000879,17905.77
64260,CUST000880,16739.73
27276,CUST000881,16111.93
48756,CUST000882,39804.4
51480,CUST000883,30913.74
103344,CUST000884,17702.83
17100,CUST000885,9420.39
20400,CUST000886,685.44
10248,CUST000887,858.78
14988,CUST000888,2744.3
4584,CUST000889,1311.94
17448,CUST000890,14303.87
5076,CUST000891,1283.72
17964,CUST000892,12307.14
13104,CUST000893,2927.43
1620,CUST000894,1166.24
12552,CUST000895,7575.13
119244,CUST000896,89492.62
192648,CUST000897,9536.08
194556,CUST000898,59631.41
35088,CUST000899,23435.28
185616,CUST000900,53772.96
39852,CUST000901,2510.68
65208,CUST000902,49382.02
8472,CUST000903,7771.37
61824,CUST000904,46201.08
156876,CUST000905,46764.74
10968,CUST000906,3042.52
14328,CUST000907,471.39
4164,CUST000908,1715.98
12012,CUST000909,1519.52
87324,CUST000910,54149.61
10548,CUST000911,1201.42
86556,CUST000912,1384.9
102480,CUST000913,90592.32
86316,CUST000914,24185.74
21504,CUST000915,2535.32
15360,CUST000916,8918.02
67932,CUST000917,27485.29
19188,CUST000918,550.7
9636,CUST000919,1676.66
54288,CUST000920,8843.52
14316,CUST000921,6293.31
17964,CUST000922,7023.92
13860,CUST000923,8816.35
10044,CUST000924,5958.1
37824,CUST000925,4285.46
92160,CUST000926,84879.36
38544,CUST000927,21391.92
2508,CUST000928,1408.99
12012,CUST000929,5118.31
2196,CUST000930,1594.52
42132,CUST000931,25873.26
66096,CUST000932,40364.83
18396,CUST000933,9597.19
191676,CUST000934,63253.08
13536,CUST000935,10543.19
22308,CUST000936,8146.88
64308,CUST000937,3459.77
14952,CUST000938,8241.54
22596,CUST000939,7253.32
9360,CUST000940,7241.83
7056,CUST000941,6647.46
19248,CUST000942,6086.22
18204,CUST000943,5208.16
17460,CUST000944,1910.12
6300,CUST000945,1086.75
229560,CUST000946,134086
15708,CUST000947,1968.21
96036,CUST000948,88737.26
137472,CUST000949,27425.66
21612,CUST000950,5476.48
11484,CUST000951,10678.97
31860,CUST000952,8535.29
275028,CUST000953,43784.46
84540,CUST000954,9646.01
1896,CUST000955,786.46
282888,CUST000956,148035.29
4836,CUST000957,3687.93
14208,CUST000958,3024.88
9960,CUST000959,5680.19
79092,CUST000960,814.65
6660,CUST000961,1256.74
34656,CUST000962,29596.22
72660,CUST000963,25990.48
16032,CUST000964,5588.76
203100,CUST000965,90866.94
19932,CUST000966,4693.99
77892,CUST000967,51034.84
8064,CUST000968,7579.35
23328,CUST000969,11318.75
138492,CUST000970,52723.9
43836,CUST000971,27239.69
275256,CUST000972,161712.9
24540,CUST000973,16790.27
13476,CUST000974,9473.63
19488,CUST000975,1395.34
63384,CUST000976,1730.38
16548,CUST000977,5848.06
10296,CUST000978,7913.51
35364,CUST000979,1375.66
64044,CUST000980,4918.58
120204,CUST000981,84539.47
77400,CUST000982,44621.1
94368,CUST000983,85035
15780,CUST000984,11219.58
13440,CUST000985,3408.38
19368,CUST000986,10474.21
268044,CUST000987,238988.03
4848,CUST000988,991.9
28440,CUST000989,7573.57
230604,CUST000990,120813.44
14508,CUST000991,7523.85
73620,CUST000992,64307.07
68280,CUST000993,53251.57
13764,CUST000994,3829.14
232188,CUST000995,53588.99
1728,CUST000996,662
37848,CUST000997,12875.89
12420,CUST000998,5736.8
1536,CUST000999,1414.2
188916,CUST001000,121472.99
12756,CUST001001,489.83
179016,CUST001002,68939.06
21192,CUST001003,9481.3
5004,CUST001004,1843.97
3372,CUST001005,1872.81
17448,CUST001006,13253.5
18120,CUST001007,16893.28
4932,CUST001008,2361.93
34008,CUST001009,1343.32
4200,CUST001010,543.06
177480,CUST001011,132133.86
2028,CUST001012,1885.63
7884,CUST001013,7080.62
16620,CUST001014,5253.58
6324,CUST001015,3346.03
11220,CUST001016,4999.63
2484,CUST001017,1878.9
276132,CUST001018,137624.19
206952,CUST001019,109746.65
260736,CUST001020,53659.47
68220,CUST001021,8179.58
11436,CUST001022,4609.85
217992,CUST001023,138250.53
49872,CUST001024,45059.35
94476,CUST001025,47105.73
68964,CUST001026,32971.69
81276,CUST001027,47863.44
241728,CUST001028,25913.24
141660,CUST001029,47342.77
107400,CUST001030,79916.34
60144,CUST001031,35003.81
12228,CUST001032,10584.56
23016,CUST001033,3903.51
87420,CUST001034,8313.64
11040,CUST001035,3567.02
202164,CUST001036,21813.5
41628,CUST001037,38193.69
140100,CUST001038,32377.11
3528,CUST001039,3306.44
24312,CUST001040,12562.01
8724,CUST001041,6380.73
7212,CUST001042,5910.96
85128,CUST001043,34910.99
29376,CUST001044,9826.27
14568,CUST001045,5668.41
67308,CUST001046,9665.43
5016,CUST001047,857.23
15816,CUST001048,13007.08
27276,CUST001049,9535.69
43620,CUST001050,39079.16
19020,CUST001051,10734.89
11256,CUST001052,4810.81
34800,CUST001053,14783.04
181884,CUST001054,68151.93
7296,CUST001055,2835.23
34236,CUST001056,18196.43
258000,CUST001057,81321.6
55176,CUST001058,14908.56
38604,CUST001059,21116.39
20280,CUST001060,17990.39
13920,CUST001061,13005.46
5208,CUST001062,1603.54
84180,CUST001063,64448.21
8124,CUST001064,7494.39
56112,CUST001065,10015.99
16104,CUST001066,8031.06
6984,CUST001067,2882.3
255660,CUST001068,31113.82
31284,CUST001069,18088.41
15204,CUST001070,4237.35
9396,CUST001071,6332.9
127116,CUST001072,90735.4
34332,CUST001073,9382.94
48924,CUST001074,42955.27
31248,CUST001075,8427.59
9504,CUST001076,6973.08
62304,CUST001077,57263.61
11304,CUST001078,10667.58
222036,CUST001079,146343.93
224088,CUST001080,52705.5
15180,CUST001081,9643.85
76704,CUST001082,41926.41
78348,CUST001083,40913.33
198408,CUST001084,22916.12
76836,CUST001085,35044.9
2820,CUST001086,690.34
19044,CUST001087,3269.85
47376,CUST001088,26838.5
12588,CUST001089,460.72
14304,CUST001090,10323.2
76380,CUST001091,21959.25
16308,CUST001092,533.27
88608,CUST001093,35177.38
30384,CUST001094,24753.84
23124,CUST001095,18418.27
90900,CUST001096,19134.45
21504,CUST001097,19975.07
207168,CUST001098,5075.62
58320,CUST001099,55001.59
94416,CUST001100,74994.63
269760,CUST001101,251389.34
54852,CUST001102,40332.68
294048,CUST001103,12967.52
32160,CUST001104,15366.05
101760,CUST001105,86048.26
73740,CUST001106,51094.45
75780,CUST001107,2091.53
15432,CUST001108,5489.16
86352,CUST001109,53529.6
16200,CUST001110,1935.9
5328,CUST001111,5001.39
15852,CUST001112,8593.37
13980,CUST001113,7742.12
22668,CUST001114,15115.02
75720,CUST001115,6042.46
37452,CUST001116,3625.35
149652,CUST001117,65487.72
12768,CUST001118,9067.83
94116,CUST001119,79311.55
57804,CUST001120,3231.24
147660,CUST001121,68543.77
87252,CUST001122,25460.13
241440,CUST001123,218165.18
17700,CUST001124,1819.56
14784,CUST001125,4046.38
20940,CUST001126,12492.8
14232,CUST001127,5550.48
30456,CUST001128,9139.85
6696,CUST001129,3550.89
15108,CUST001130,13538.28
5928,CUST001131,4170.35
124500,CUST001132,38370.9
26700,CUST001133,20612.4
76716,CUST001134,16793.13
64980,CUST001135,18467.32
11700,CUST001136,6691.23
14952,CUST001137,7173.97
12144,CUST001138,2476.16
53172,CUST001139,27771.74
12468,CUST001140,7115.49
6252,CUST001141,1214.76
52824,CUST001142,44694.39
18792,CUST001143,13299.1
48780,CUST001144,33097.23
7560,CUST001145,4838.4
12192,CUST001146,5722.92
22920,CUST001147,13211.09
20100,CUST001148,12055.98
222588,CUST001149,45207.62
274212,CUST001150,96632.31
16812,CUST001151,11201.84
7320,CUST001152,6894.71
205128,CUST001153,175917.77
95124,CUST001154,67690.24
22380,CUST001155,10301.51
68868,CUST001156,63041.77
25764,CUST001157,1174.84
45744,CUST001158,18677.28
15732,CUST001159,7600.13
41160,CUST001160,5943.5
64812,CUST001161,24660.97
92004,CUST001162,9918.03
15156,CUST001163,3060
21084,CUST001164,3864.7
22200,CUST001165,5507.82
8988,CUST001166,781.06
9936,CUST001167,6293.46
9348,CUST001168,7097
59604,CUST001169,17148.07
60360,CUST001170,54849.13
13224,CUST001171,4895.52
20880,CUST001172,6337.08
50040,CUST001173,22402.91
31620,CUST001174,25441.45
22860,CUST001175,9877.81
16104,CUST001176,5974.58
19872,CUST001177,4975.95
3060,CUST001178,2119.66
150888,CUST001179,33678.2
13632,CUST001180,7665.27
24852,CUST001181,380.24
6780,CUST001182,3844.26
52524,CUST001183,13703.51
15600,CUST001184,7814.04
3420,CUST001185,2951.12
75276,CUST001186,44096.68
7764,CUST001187,6449.55
82596,CUST001188,65069.13
90276,CUST001189,30215.38
7524,CUST001190,3291
22968,CUST001191,18147.02
37212,CUST001192,25233.46
2748,CUST001193,35.17
71268,CUST001194,33895.06
200724,CUST001195,39361.98
20820,CUST001196,17565.83
8448,CUST001197,654.72
22932,CUST001198,19590.81
78528,CUST001199,43567.33
13632,CUST001200,301.27
69252,CUST001201,44923.77
13956,CUST001202,1945.47
4740,CUST001203,1046.12
83544,CUST001204,58196.75
30312,CUST001205,21175.96
16164,CUST001206,9405.83
171684,CUST001207,110169.62
81180,CUST001208,18768.82
47508,CUST001209,12423.34
5328,CUST001210,3255.94
20232,CUST001211,608.98
24840,CUST001212,10770.62
9660,CUST001213,6350.48
47256,CUST001214,35007.24
21648,CUST001215,9183.08
17676,CUST001216,10356.37
19716,CUST001217,14666.73
11844,CUST001218,780.52
51804,CUST001219,36511.46
58884,CUST001220,47931.58
23436,CUST001221,5355.13
238332,CUST001222,76576.07
240120,CUST001223,178769.34
13200,CUST001224,1396.56
29592,CUST001225,7318.1
23928,CUST001226,7714.39
12636,CUST001227,5064.51
16236,CUST001228,6872.7
248988,CUST001229,233974.02
70800,CUST001230,59882.64
59004,CUST001231,28593.34
4116,CUST001232,2102.04
18984,CUST001233,8318.79
22032,CUST001234,4023.04
15768,CUST001235,7294.28
34080,CUST001236,26582.4
20340,CUST001237,11166.66
7752,CUST001238,1697.69
19908,CUST001239,10531.33
272796,CUST001240,142835.99
28596,CUST001241,348.87
22800,CUST001242,827.64
18312,CUST001243,16760.97
20532,CUST001244,12557.37
25200,CUST001245,2036.16
111084,CUST001246,52742.68
15936,CUST001247,8710.62
18672,CUST001248,4666.13
34188,CUST001249,21241
76800,CUST001250,66639.36
30924,CUST001251,22846.65
38940,CUST001252,28040.69
72984,CUST001253,25996.9
29088,CUST001254,4860.6
20592,CUST001255,5238.6
19620,CUST001256,7551.74
16764,CUST001257,3284.07
3144,CUST001258,2649.76
56880,CUST001259,48268.37
52284,CUST001260,29143.1
49920,CUST001261,18425.47
150588,CUST001262,92686.91
7932,CUST001263,2310.59
14316,CUST001264,8635.41
20964,CUST001265,18540.56
34980,CUST001266,5670.26
27576,CUST001267,18677.22
22572,CUST001268,3006.59
4284,CUST001269,2681.78
102672,CUST001270,41397.35
36192,CUST001271,5765.39
19368,CUST001272,10522.63
9984,CUST001273,5589.04
71856,CUST001274,35597.46
18480,CUST001275,13494.1
276996,CUST001276,220793.51
36396,CUST001277,33316.9
82860,CUST001278,19695.82
194016,CUST001279,60785.21
17904,CUST001280,2696.34
90432,CUST001281,38044.74
20340,CUST001282,15513.32
13992,CUST001283,2746.63
21168,CUST001284,6547.26
9792,CUST001285,1061.45
16764,CUST001286,3978.1
69492,CUST001287,57574.12
7980,CUST001288,928.87
18396,CUST001289,15726.74
190752,CUST001290,31836.51
288492,CUST001291,258661.93
93756,CUST001292,4190.89
18912,CUST001293,11782.18
46788,CUST001294,43321.01
15036,CUST001295,10108.7
54900,CUST001296,45863.46
9816,CUST001297,3444.43
10740,CUST001298,4169.27
120876,CUST001299,21008.25
78192,CUST001300,24176.97
9276,CUST001301,8402.2
11772,CUST001302,3737.61
27624,CUST001303,3066.26
11664,CUST001304,3239.09
226824,CUST001305,33955.55
2100,CUST001306,443.52
12036,CUST001307,4833.66
67044,CUST001308,2118.59
224856,CUST001309,194657.84
61692,CUST001310,55855.94
141600,CUST001311,73731.12
85356,CUST001312,14194.7
46884,CUST001313,15246.68
87096,CUST001314,10137.97
76848,CUST001315,49098.19
224892,CUST001316,204404.34
227220,CUST001317,41944.81
11004,CUST001318,5577.93
62340,CUST001319,34891.7
61824,CUST001320,5063.39
16452,CUST001321,4522.65
296808,CUST001322,55087.56
18324,CUST001323,2503.06
6708,CUST001324,4440.03
169056,CUST001325,85542.34
13320,CUST001326,6903.76
11916,CUST001327,10291.85
15192,CUST001328,10512.86
92604,CUST001329,79676.48
59928,CUST001330,35201.71
9216,CUST001331,4909.36
55884,CUST001332,39090.86
85416,CUST001333,59073.71
20496,CUST001334,18348.02
51840,CUST001335,21212.93
16704,CUST001336,4307.96
6240,CUST001337,2315.66
15756,CUST001338,9206.23
120348,CUST001339,103571.49
12372,CUST001340,1343.6
17904,CUST001341,1503.94
101868,CUST001342,59582.59
48672,CUST001343,11204.29
18504,CUST001344,16662.85
14940,CUST001345,6191.14
18084,CUST001346,15557.67
6288,CUST001347,3514.99
28908,CUST001348,5264.15
29484,CUST001349,9891.88
73656,CUST001350,4522.48
86880,CUST001351,78035.62
60516,CUST001352,18608.67
286344,CUST001353,118317.34
90276,CUST001354,48342.8
78888,CUST001355,25181.05
43224,CUST001356,28277.14
16992,CUST001357,13994.61
15432,CUST001358,12739.12
247128,CUST001359,124082.97
281952,CUST001360,237629.15
13860,CUST001361,8302.14
52536,CUST001362,28148.79
14052,CUST001363,1816.92
115104,CUST001364,7274.57
11988,CUST001365,9764.23
19536,CUST001366,2447.86
68136,CUST001367,31601.48
37248,CUST001368,31303.22
19068,CUST001369,1765.7
18240,CUST001370,1882.37
264900,CUST001371,71205.12
6096,CUST001372,5728.41
298500,CUST001373,269545.5
17448,CUST001374,8568.71
68424,CUST001375,60322.6
19272,CUST001376,7776.25
13428,CUST001377,11549.42
101916,CUST001378,42621.27
21132,CUST001379,6301.56
46956,CUST001380,29760.71
17268,CUST001381,8773.87
213828,CUST001382,23093.42
17004,CUST001383,11025.39
134652,CUST001384,121106.01
63180,CUST001385,50177.56
284892,CUST001386,156947
71112,CUST001387,64079.02
24132,CUST001388,5038.76
19848,CUST001389,16414.3
1992,CUST001390,1196.59
31644,CUST001391,19723.71
18072,CUST001392,6130.02
2100,CUST001393,1692.81
6600,CUST001394,4820.64
72324,CUST001395,43481.19
83664,CUST001396,15937.99
4416,CUST001397,3164.06
21204,CUST001398,12730.88
14292,CUST001399,6864.45
252048,CUST001400,71606.84
15744,CUST001401,5044.38
8460,CUST001402,3004.15
103956,CUST001403,66802.13
12996,CUST001404,3996.27
28200,CUST001405,3809.82
74448,CUST001406,39062.87
14388,CUST001407,12937.69
14772,CUST001408,8253.12
71448,CUST001409,48820.42
8568,CUST001410,1105.27
72264,CUST001411,44102.72
242664,CUST001412,91023.27
53436,CUST001413,33344.06
6756,CUST001414,661.41
250512,CUST001415,81516.6
250584,CUST001416,28792.1
65352,CUST001417,10868.04
8796,CUST001418,6724.54
104784,CUST001419,84654.99
20760,CUST001420,6443.9
19488,CUST001421,639.21
42408,CUST001422,2022.86
79584,CUST001423,36505.18
3576,CUST001424,704.83
238860,CUST001425,205897.32
269772,CUST001426,157034.28
73824,CUST001427,48502.37
22008,CUST001428,8825.21
10596,CUST001429,3012.44
22920,CUST001430,18336
5808,CUST001431,1879.47
8616,CUST001432,7041
123072,CUST001433,80095.26
145716,CUST001434,69083.96
12024,CUST001435,2588.77
106416,CUST001436,20772.4
3132,CUST001437,953.38
91512,CUST001438,62246.46
4368,CUST001439,816.38
75432,CUST001440,45998.43
17316,CUST001441,6604.32
4644,CUST001442,1229.73
16932,CUST001443,1300.38
124632,CUST001444,93798.04
133860,CUST001445,14336.41
23748,CUST001446,19793.96
27768,CUST001447,15364.03
17952,CUST001448,6861.25
8760,CUST001449,3408.52
180504,CUST001450,115630.86
141312,CUST001451,115098.62
85416,CUST001452,26607.08
51204,CUST001453,28535.99
1548,CUST001454,1033.14
22860,CUST001455,17492.47
3060,CUST001456,424.12
95844,CUST001457,55896.22
23676,CUST001458,681.87
92880,CUST001459,7309.66
156804,CUST001460,76755.56
5688,CUST001461,1903.77
10032,CUST001462,8790.04
16680,CUST001463,1077.53
13704,CUST001464,8045.62
96420,CUST001465,63502.21
4104,CUST001466,3027.93
1692,CUST001467,401.34
12252,CUST001468,9608.02
83028,CUST001469,15642.48
59112,CUST001470,18572.99
65616,CUST001471,25911.76
91404,CUST001472,48087.64
17892,CUST001473,10209.18
29280,CUST001474,21383.18
276072,CUST001475,31444.6
6540,CUST001476,952.88
24024,CUST001477,14837.22
11904,CUST001478,7799.5
284220,CUST001479,253126.33
15288,CUST001480,13075.83
70056,CUST001481,42040.61
20148,CUST001482,11631.44
173172,CUST001483,14858.16
16068,CUST001484,4319.08
9912,CUST001485,4847.96
266988,CUST001486,103965.13
218508,CUST001487,75865.98
86892,CUST001488,14093.88
54132,CUST001489,30470.9
189936,CUST001490,97798.05
20160,CUST001491,16998.91
245460,CUST001492,140476.76
85476,CUST001493,76304.43
6960,CUST001494,5089.85
11184,CUST001495,876.83
15012,CUST001496,11577.25
215640,CUST001497,60379.2
47832,CUST001498,10465.64
20688,CUST001499,4913.4
12552,CUST001500,10109.38
228288,CUST001501,70540.99
35376,CUST001502,21735.01
39660,CUST001503,15879.86
171588,CUST001504,119888.54
8592,CUST001505,610.03
9264,CUST001506,976.43
65892,CUST001507,22469.17
107472,CUST001508,4503.08
17664,CUST001509,3659.98
15396,CUST001510,3360.95
68268,CUST001511,53952.2
3132,CUST001512,1564.43
10236,CUST001513,8569.58
18168,CUST001514,2196.51
41208,CUST001515,36790.5
2952,CUST001516,1378.58
16524,CUST001517,12769.75
3252,CUST001518,1257.22
244944,CUST001519,27678.67
11292,CUST001520,6644.21
13044,CUST001521,3707.1
12216,CUST001522,11216.73
12480,CUST001523,9514.75
20076,CUST001524,11838.82
12216,CUST001525,2385.78
15648,CUST001526,5578.51
295212,CUST001527,196758.8
61056,CUST001528,14018.46
19212,CUST001529,2701.21
19476,CUST001530,2459.82
46932,CUST001531,2966.1
35664,CUST001532,24044.67
4692,CUST001533,3260.94
248244,CUST001534,206936.2
253968,CUST001535,87085.63
70452,CUST001536,45202
1824,CUST001537,1034.21
285180,CUST001538,59659.66
3036,CUST001539,770.54
200652,CUST001540,67138.16
18360,CUST001541,11799.97
18396,CUST001542,11657.55
10656,CUST001543,6949.84
20844,CUST001544,1300.67
85632,CUST001545,21365.18
76704,CUST001546,4801.67
13116,CUST001547,9680.92
4704,CUST001548,2666.7
173628,CUST001549,30002.92
17676,CUST001550,10950.28
59328,CUST001551,7196.49
265920,CUST001552,71612.26
22188,CUST001553,397.17
19908,CUST001554,3937.8
253944,CUST001555,132050.88
55056,CUST001556,13086.81
8568,CUST001557,438.68
23592,CUST001558,469.48
18432,CUST001559,2840.37
149016,CUST001560,36002.27
56364,CUST001561,44882.65
1440,CUST001562,390.96
216444,CUST001563,140710.24
73764,CUST001564,50130.01
84396,CUST001565,44417.61
51780,CUST001566,28582.56
13332,CUST001567,6148.72
9444,CUST001568,8419.33
32280,CUST001569,30294.78
20016,CUST001570,8078.46
92004,CUST001571,66702.9
68424,CUST001572,13616.38
41868,CUST001573,24970.08
32604,CUST001574,17655.07
15552,CUST001575,14530.23
75780,CUST001576,27250.49
1896,CUST001577,178.03
17832,CUST001578,5067.85
33732,CUST001579,31927.34
95064,CUST001580,29317.74
31428,CUST001581,17307.4
13740,CUST001582,7092.59
7200,CUST001583,3633.12
20988,CUST001584,16223.72
14772,CUST001585,7275.21
84252,CUST001586,70721.13
235536,CUST001587,149023.63
16944,CUST001588,15083.55
8268,CUST001589,7270.88
40488,CUST001590,11656.5
19380,CUST001591,18383.87
9120,CUST001592,5568.67
2112,CUST001593,865.08
5124,CUST001594,1337.36
10680,CUST001595,1772.88
16908,CUST001596,14152
6300,CUST001597,2043.09
11772,CUST001598,8234.51
229476,CUST001599,12644.13
9492,CUST001600,4868.45
260916,CUST001601,126231.16
21720,CUST001602,12521.58
7920,CUST001603,5612.11
85056,CUST001604,21374.57
63228,CUST001605,29805.68
2196,CUST001606,610.05
78768,CUST001607,37162.74
19656,CUST001608,15593.1
76968,CUST001609,57156.44
49008,CUST001610,10615.13
27684,CUST001611,16970.29
169080,CUST001612,38245.9
8064,CUST001613,2744.18
1200,CUST001614,375.6
51828,CUST001615,34413.79
22104,CUST001616,9182
17484,CUST001617,1515.86
64008,CUST001618,51200
92004,CUST001619,29413.68
16860,CUST001620,8396.28
45852,CUST001621,26493.29
277332,CUST001622,176521.82
297696,CUST001623,233631.82
71544,CUST001624,53693.77
91752,CUST001625,50757.21
123288,CUST001626,108320.84
79656,CUST001627,35088.47
14568,CUST001628,12697.47
21528,CUST001629,8163.42
64140,CUST001630,51760.98
202404,CUST001631,191211.06
30336,CUST001632,18647.54
177924,CUST001633,167711.16
77724,CUST001634,13500.66
15552,CUST001635,13819.51
13848,CUST001636,2548.03
15756,CUST001637,11404.19
38880,CUST001638,14167.87
3780,CUST001639,705.35
13848,CUST001640,8177.24
2784,CUST001641,1385.88
21504,CUST001642,16702.16
72288,CUST001643,55350.92
14712,CUST001644,12368.38
1776,CUST001645,1676.01
4344,CUST001646,2013.01
55704,CUST001647,1693.4
190368,CUST001648,84656.65
252048,CUST001649,199672.43
18636,CUST001650,1515.11
38436,CUST001651,17519.13
22020,CUST001652,18505.61
37356,CUST001653,22619.06
58524,CUST001654,50658.37
8748,CUST001655,3395.1
15264,CUST001656,10194.83
51348,CUST001657,16754.85
22908,CUST001658,18005.69
57180,CUST001659,29293.31
7548,CUST001660,6684.51
82392,CUST001661,37480.12
178896,CUST001662,67175.45
9384,CUST001663,491.72
4452,CUST001664,1693.1
18288,CUST001665,8774.58
243588,CUST001666,94585.22
23412,CUST001667,18741.31
75600,CUST001668,25174.8
2280,CUST001669,1810.32
8136,CUST001670,6913.16
10776,CUST001671,6866.47
19416,CUST001672,13094.15
22056,CUST001673,16945.62
54720,CUST001674,19305.22
19632,CUST001675,14586.58
122952,CUST001676,95029.6
107136,CUST001677,5506.79
39192,CUST001678,11922.21
78600,CUST001679,55530.9
8880,CUST001680,8348.98
15420,CUST001681,5990.67
69828,CUST001682,42734.74
27996,CUST001683,9230.28
51348,CUST001684,28020.6
22848,CUST001685,6648.77
31344,CUST001686,6249.99
19836,CUST001687,18076.55
36996,CUST001688,15664.11
91920,CUST001689,79455.65
91500,CUST001690,13477.95
24264,CUST001691,4343.26
171720,CUST001692,75642.66
23316,CUST001693,1214.76
7308,CUST001694,1835.04
224124,CUST001695,88439.33
216456,CUST001696,67036.42
63492,CUST001697,26393.62
95064,CUST001698,47218.29
86676,CUST001699,70207.56
53820,CUST001700,43292.81
22692,CUST001701,12861.83
76068,CUST001702,21626.13
45084,CUST001703,4071.09
46908,CUST001704,15709.49
8868,CUST001705,1732.81
23712,CUST001706,18580.72
148452,CUST001707,46198.26
88656,CUST001708,13617.56
14028,CUST001709,4978.54
22980,CUST001710,15890.67
4440,CUST001711,1837.72
48096,CUST001712,12985.92
37056,CUST001713,3357.27
272736,CUST001714,111685.39
10548,CUST001715,1369.13
11568,CUST001716,2770.54
25920,CUST001717,14859.94
21456,CUST001718,5325.38
94308,CUST001719,51312.98
29484,CUST001720,4104.17
75468,CUST001721,67898.56
81396,CUST001722,15050.12
6684,CUST001723,2353.44
8976,CUST001724,8273.18
93816,CUST001725,63729.21
88608,CUST001726,83752.28
21960,CUST001727,1091.41
7728,CUST001728,1521.64
14844,CUST001729,4695.16
22500,CUST001730,7400.25
33168,CUST001731,26564.25
21252,CUST001732,5330
59136,CUST001733,23122.18
19500,CUST001734,3898.05
175980,CUST001735,39912.26
91416,CUST001736,1179.27
14724,CUST001737,4371.56
30864,CUST001738,14339.41
254724,CUST001739,121528.82
270048,CUST001740,200321.61
9048,CUST001741,2639.3
44616,CUST001742,24338.03
3684,CUST001743,2967.83
93828,CUST001744,13511.23
3636,CUST001745,1665.29
257832,CUST001746,116823.68
13668,CUST001747,5005.22
15648,CUST001748,10756.44
51828,CUST001749,36113.75
180828,CUST001750,20071.91
11112,CUST001751,3213.59
18300,CUST001752,15864.27
1608,CUST001753,673.43
12528,CUST001754,7947.76
19716,CUST001755,3201.88
2484,CUST001756,1366.95
9276,CUST001757,8223.17
208140,CUST001758,190011.01
16176,CUST001759,1302.17
23688,CUST001760,10842
159300,CUST001761,9271.26
20664,CUST001762,12375.67
4308,CUST001763,3314.58
8112,CUST001764,6498.52
263304,CUST001765,231786.51
8304,CUST001766,2198.9
102576,CUST001767,5846.83
3348,CUST001768,668.6
185844,CUST001769,25572.13
187308,CUST001770,152431.25
76764,CUST001771,72365.42
64872,CUST001772,33882.65
12804,CUST001773,10780.97
226740,CUST001774,25485.58
63852,CUST001775,3377.77
162468,CUST001776,127537.38
68952,CUST001777,28111.73
18828,CUST001778,6412.82
9792,CUST001779,5697.96
14076,CUST001780,7526.44
22344,CUST001781,8510.83
15348,CUST001782,3651.29
59208,CUST001783,23339.79
5436,CUST001784,1423.14
296352,CUST001785,22433.85
27912,CUST001786,8038.66
15624,CUST001787,8276.03
15000,CUST001788,7650
3612,CUST001789,1567.97
12492,CUST001790,1992.47
35556,CUST001791,14161.95
263820,CUST001792,105765.44
86760,CUST001793,71828.6
11556,CUST001794,9095.73
247440,CUST001795,208715.64
10164,CUST001796,4557.54
9276,CUST001797,1553.73
207768,CUST001798,119632.81
4656,CUST001799,2670.68
20376,CUST001800,4494.95
54660,CUST001801,51626.37
41904,CUST001802,25020.88
239580,CUST001803,127576.35
11532,CUST001804,4028.13
9840,CUST001805,5995.51
83016,CUST001806,61440.14
56328,CUST001807,26676.94
187728,CUST001808,134131.66
9228,CUST001809,3828.7
13188,CUST001810,3530.43
158640,CUST001811,79684.87
63288,CUST001812,13505.66
282804,CUST001813,254919.53
49044,CUST001814,24340.54
18252,CUST001815,14231.08
23496,CUST001816,2361.35
10644,CUST001817,8156.5
86316,CUST001818,57123.93
81624,CUST001819,73355.49
14352,CUST001820,203.8
1392,CUST001821,908.84
16992,CUST001822,8900.41
15660,CUST001823,1664.66
8292,CUST001824,2259.57
220224,CUST001825,66133.27
16632,CUST001826,4464.03
2916,CUST001827,785.28
17004,CUST001828,11673.25
24552,CUST001829,11755.5
95940,CUST001830,54522.7
26040,CUST001831,16863.5
86004,CUST001832,59119.15
14736,CUST001833,12090.89
45756,CUST001834,12605.78
14448,CUST001835,1307.54
92268,CUST001836,2703.45
93696,CUST001837,48515.79
80868,CUST001838,52248.81
8328,CUST001839,2375.15
23328,CUST001840,8414.41
41592,CUST001841,17822.17
77160,CUST001842,13557.01
17148,CUST001843,12847.28
85128,CUST001844,30390.7
21648,CUST001845,20429.22
1560,CUST001846,196.4
20004,CUST001847,16457.29
2412,CUST001848,144.96
16968,CUST001849,4586.45
18912,CUST001850,13272.44
64656,CUST001851,32909.9
90120,CUST001852,24278.33
52152,CUST001853,41080.13
191172,CUST001854,43969.56
86004,CUST001855,13958.45
11028,CUST001856,8320.63
235764,CUST001857,46209.74
17976,CUST001858,449.4
13872,CUST001859,3581.75
13068,CUST001860,11358.71
58704,CUST001861,41186.73
127488,CUST001862,9829.32
15036,CUST001863,12128.04
10332,CUST001864,9193.41
17952,CUST001865,3023.12
148512,CUST001866,70884.78
66348,CUST001867,40074.19
278868,CUST001868,189239.82
91788,CUST001869,77726.08
14436,CUST001870,13506.32
96900,CUST001871,22664.91
7776,CUST001872,5442.42
23352,CUST001873,5114.09
260436,CUST001874,69249.93
175512,CUST001875,76119.55
61512,CUST001876,38180.5
54780,CUST001877,47368.27
48408,CUST001878,38663.47
174960,CUST001879,70088.98
88356,CUST001880,15639.01
7968,CUST001881,4113.88
16812,CUST001882,14629.8
17160,CUST001883,9927.06
21564,CUST001884,10788.47
12852,CUST001885,2576.83
91008,CUST001886,77356.8
185412,CUST001887,51896.82
22224,CUST001888,4031.43
95808,CUST001889,1053.89
8616,CUST001890,3622.17
8184,CUST001891,7190.46
7200,CUST001892,3260.88
196944,CUST001893,42894.4
14556,CUST001894,7962.13
105252,CUST001895,71234.55
16572,CUST001896,10075.78
86796,CUST001897,9209.06
1788,CUST001898,556.25
45672,CUST001899,39086.1
164964,CUST001900,17981.08
5304,CUST001901,4782.09
70728,CUST001902,3663.71
13044,CUST001903,8049.45
20292,CUST001904,9855.82
23928,CUST001905,14916.72
14112,CUST001906,3981
1380,CUST001907,1161.55
6960,CUST001908,3671.4
57276,CUST001909,36164.07
72072,CUST001910,22890.07
240852,CUST001911,191260.57
88584,CUST001912,57703.62
46500,CUST001913,13652.4
21060,CUST001914,13137.23
267864,CUST001915,8330.57
92004,CUST001916,31382.56
7812,CUST001917,4286.44
57576,CUST001918,53919.92
69984,CUST001919,22401.88
89484,CUST001920,14013.19
23640,CUST001921,4212.65
58176,CUST001922,17900.76
19488,CUST001923,13150.5
5232,CUST001924,4085.67
23580,CUST001925,18835.7
210972,CUST001926,15696.32
70416,CUST001927,46009.81
9732,CUST001928,4917.58
21804,CUST001929,20330.05
5952,CUST001930,369.02
6936,CUST001931,574.99
3636,CUST001932,1119.89
27216,CUST001933,19100.19
92676,CUST001934,67125.23
249732,CUST001935,104587.76
11604,CUST001936,4469.86
32604,CUST001937,7798.88
22440,CUST001938,20660.51
33024,CUST001939,10904.52
73596,CUST001940,56955.94
37608,CUST001941,5088.36
258336,CUST001942,92484.29
108480,CUST001943,54814.94
2964,CUST001944,1665.47
59868,CUST001945,55551.52
88692,CUST001946,67787.3
9600,CUST001947,3503.04
93828,CUST001948,76779.45
4764,CUST001949,2381.52
43140,CUST001950,30012.5
2688,CUST001951,619.05
15120,CUST001952,1846.15
72144,CUST001953,51741.68
46236,CUST001954,25947.64
266292,CUST001955,207068.66
87204,CUST001956,60676.54
9420,CUST001957,3336.56
8148,CUST001958,2534.84
80580,CUST001959,56285.13
202452,CUST001960,109222.85
42276,CUST001961,20854.75
9084,CUST001962,485.99
39984,CUST001963,28796.48
54216,CUST001964,17614.78
29760,CUST001965,9103.58
16692,CUST001966,8903.51
1332,CUST001967,834.9
19776,CUST001968,4311.17
7860,CUST001969,1445.45
88320,CUST001970,59730.82
8928,CUST001971,7853.96
11868,CUST001972,9645.12
95640,CUST001973,52783.72
50196,CUST001974,12915.43
131580,CUST001975,86724.38
16476,CUST001976,3422.07
17568,CUST001977,848.53
74424,CUST001978,44572.53
13476,CUST001979,8240.57
13620,CUST001980,8876.15
61740,CUST001981,39809.95
14160,CUST001982,11196.31
49428,CUST001983,45023.97
82560,CUST001984,39959.04
13716,CUST001985,5170.93
94656,CUST001986,56291.92
279552,CUST001987,88226.61
80388,CUST001988,74793
96984,CUST001989,41596.44
16968,CUST001990,14444.86
20556,CUST001991,6082.52
46680,CUST001992,41181.1
93816,CUST001993,9878.82
25584,CUST001994,11599.79
88476,CUST001995,64286.66
9108,CUST001996,6107.82
58812,CUST001997,25742.01
56676,CUST001998,40341.98
15444,CUST001999,7389.95
2100,CUST002000,1711.5
34380,CUST002001,13848.26
61500,CUST002002,26654.1
54912,CUST002003,51095.62
61152,CUST002004,27041.41
13392,CUST002005,3726.99
66048,CUST002006,52785.56
54048,CUST002007,22440.73
202968,CUST002008,40025.29
81984,CUST002009,37228.93
18492,CUST002010,7128.67
209664,CUST002011,131836.72
14628,CUST002012,9514.05
53448,CUST002013,18183.01
8328,CUST002014,6669.9
46536,CUST002015,39592.83
3852,CUST002016,2976.83
1452,CUST002017,420.5
56076,CUST002018,22419.18
267960,CUST002019,71866.87
78348,CUST002020,25259.4
24264,CUST002021,21546.43
22980,CUST002022,1686.73
256584,CUST002023,209757.42
9240,CUST002024,1507.04
185904,CUST002025,31715.22
6816,CUST002026,1407.5
6216,CUST002027,537.68
85500,CUST002028,16133.85
12312,CUST002029,860.61
95076,CUST002030,31898
263376,CUST002031,66265.4
6684,CUST002032,4790.42
8664,CUST002033,8171.02
22788,CUST002034,9876.32
76644,CUST002035,69194.2
189048,CUST002036,85506.41
54360,CUST002037,22733.35
77280,CUST002038,13663.1
87228,CUST002039,2180.7
12792,CUST002040,6113.3
11544,CUST002041,5696.96
49104,CUST002042,41031.3
4548,CUST002043,640.36
7584,CUST002044,2304.78
59124,CUST002045,42439.21
121980,CUST002046,44803.25
57264,CUST002047,29611.21
13488,CUST002048,902.35
3660,CUST002049,2668.51
29616,CUST002050,479.78
12612,CUST002051,7032.45
70704,CUST002052,60883.21
15720,CUST002053,4400.03
22164,CUST002054,702.6
88884,CUST002055,22692.09
19620,CUST002056,11254.03
6528,CUST002057,524.2
2304,CUST002058,404.81
65388,CUST002059,7970.8
59196,CUST002060,43408.43
53292,CUST002061,12214.53
3780,CUST002062,859.19
68940,CUST002063,65017.31
17844,CUST002064,15126.36
146556,CUST002065,41871.05
50076,CUST002066,34447.28
85740,CUST002067,9740.06
12564,CUST002068,7177.81
92544,CUST002069,5552.64
287556,CUST002070,116661.47
55824,CUST002071,32204.87
85224,CUST002072,7278.13
13884,CUST002073,5673
22392,CUST002074,12557.43
72372,CUST002075,20683.92
11160,CUST002076,4808.84
79248,CUST002077,24693.68
19848,CUST002078,18387.19
9792,CUST002079,3098.19
4932,CUST002080,1482.07
82224,CUST002081,68393.92
147012,CUST002082,129855.7
18624,CUST002083,17541.95
13056,CUST002084,11956.68
62232,CUST002085,11127.08
73404,CUST002086,31864.68
19440,CUST002087,810.65
19584,CUST002088,6221.84
21720,CUST002089,13032
94680,CUST002090,1155.1
16932,CUST002091,3467.67
19032,CUST002092,11607.62
72924,CUST002093,62546.91
23064,CUST002094,19304.57
20028,CUST002095,16491.06
55752,CUST002096,22440.18
8724,CUST002097,6594.47
86880,CUST002098,1807.1
17604,CUST002099,8397.11
89100,CUST002100,76216.14
230976,CUST002101,28895.1
20520,CUST002102,10383.12
155376,CUST002103,147436.29
17460,CUST002104,10676.79
71580,CUST002105,66125.6
55524,CUST002106,50987.69
14568,CUST002107,1228.08
18432,CUST002108,13471.95
20172,CUST002109,1611.74
6780,CUST002110,234.59
68340,CUST002111,13107.61
4380,CUST002112,2585.08
19824,CUST002113,11547.48
23964,CUST002114,10726.29
20820,CUST002115,11351.06
269592,CUST002116,162510.06
50232,CUST002117,1170.41
56952,CUST002118,8895.9
23388,CUST002119,13443.42
14628,CUST002120,807.47
235740,CUST002121,174824.78
272796,CUST002122,191557.35
4680,CUST002123,2019.89
22800,CUST002124,19608
38484,CUST002125,22840.25
23352,CUST002126,7467.97
9192,CUST002127,5605.28
1428,CUST002128,18.71
22332,CUST002129,7755.9
252324,CUST002130,188788.82
93312,CUST002131,66727.41
161988,CUST002132,71145.13
3840,CUST002133,1676.93
3348,CUST002134,124.88
14172,CUST002135,4231.76
11220,CUST002136,5096.12
13848,CUST002137,7698.1
239952,CUST002138,15644.87
12612,CUST002139,7989.7
16908,CUST002140,12314.1
5592,CUST002141,1612.73
12984,CUST002142,9070.62
48552,CUST002143,15696.86
181320,CUST002144,60560.88
193896,CUST002145,56675.8
15576,CUST002146,14005.94
18396,CUST002147,11804.71
85368,CUST002148,65912.63
42996,CUST002149,16820.04
2364,CUST002150,2055.97
3276,CUST002151,2860.93
75864,CUST002152,32583.59
35688,CUST002153,32993.56
15852,CUST002154,10972.75
40572,CUST002155,2146.26
13272,CUST002156,8951.96
108516,CUST002157,16114.63
13356,CUST002158,3098.59
19980,CUST002159,18275.71
13872,CUST002160,6658.56
19584,CUST002161,4478.86
81156,CUST002162,19720.91
212160,CUST002163,96405.5
175548,CUST002164,59528.33
14544,CUST002165,3609.82
18444,CUST002166,8504.53
293496,CUST002167,243484.28
9972,CUST002168,525.52
65496,CUST002169,39408.94
13872,CUST002170,9979.52
17232,CUST002171,14962.55
91848,CUST002172,82571.35
18204,CUST002173,4476.36
237492,CUST002174,101100.34
133212,CUST002175,47223.65
60744,CUST002176,33876.93
16068,CUST002177,9926.81
111600,CUST002178,98810.64
21336,CUST002179,14075.36
13656,CUST002180,1899.55
69168,CUST002181,24215.72
202416,CUST002182,189906.69
27096,CUST002183,22039.89
94512,CUST002184,32918.53
11796,CUST002185,2204.67
47520,CUST002186,24477.55
242532,CUST002187,153280.22
245100,CUST002188,97451.76
4008,CUST002189,1822.44
83808,CUST002190,30824.58
17088,CUST002191,7424.74
40068,CUST002192,10710.18
8820,CUST002193,5364.32
91092,CUST002194,29887.29
51120,CUST002195,679.9
186672,CUST002196,101549.57
38880,CUST002197,16282.94
191400,CUST002198,3521.76
23724,CUST002199,386.7
269784,CUST002200,180053.84
68052,CUST002201,24546.36
298716,CUST002202,195031.68
190788,CUST002203,48498.31
6120,CUST002204,1088.75
132744,CUST002205,72146.36
3252,CUST002206,3002.9
20976,CUST002207,16795.48
16992,CUST002208,6773.01
7128,CUST002209,5448.64
4908,CUST002210,4489.84
77256,CUST002211,39817.74
88572,CUST002212,52204.34
14148,CUST002213,4913.6
1908,CUST002214,499.9
12216,CUST002215,2531.16
67284,CUST002216,59613.62
14700,CUST002217,5597.76
24240,CUST002218,16611.67
19632,CUST002219,5051.31
45384,CUST002220,41934.82
14112,CUST002221,4735.99
8616,CUST002222,2370.26
45216,CUST002223,10684.54
5124,CUST002224,1314.82
79956,CUST002225,6972.16
15828,CUST002226,5479.65
72924,CUST002227,55925.42
46920,CUST002228,9257.32
10776,CUST002229,5814.73
13404,CUST002230,1034.79
3732,CUST002231,3371.12
23196,CUST002232,1183
38160,CUST002233,7662.53
159432,CUST002234,81677.01
72036,CUST002235,40196.09
76764,CUST002236,39003.79
162024,CUST002237,87638.78
33336,CUST002238,20164.95
141348,CUST002239,99565.53
30408,CUST002240,18016.74
270480,CUST002241,61750.58
10716,CUST002242,2406.81
76236,CUST002243,37706.33
20076,CUST002244,1112.21
23820,CUST002245,5590.55
91164,CUST002246,5351.33
36000,CUST002247,22410
1200,CUST002248,239.76
273096,CUST002249,238631.28
7812,CUST002250,2845.13
21792,CUST002251,1854.5
21108,CUST002252,17129.14
20664,CUST002253,16706.84
22752,CUST002254,1169.45
10104,CUST002255,4348.76
14124,CUST002256,1049.41
23472,CUST002257,15625.31
10644,CUST002258,1935.08
23892,CUST002259,6254.93
62784,CUST002260,17824.38
205464,CUST002261,92643.72
142416,CUST002262,42112.41
217992,CUST002263,155035.91
3756,CUST002264,2649.48
76764,CUST002265,20971.92
22464,CUST002266,12510.2
117084,CUST002267,90904.02
99588,CUST002268,19917.6
3264,CUST002269,2098.43
6816,CUST002270,6337.52
111336,CUST002271,76899.78
182772,CUST002272,132253.82
52428,CUST002273,6637.38
4764,CUST002274,4213.28
18216,CUST002275,13447.05
84000,CUST002276,34036.8
225204,CUST002277,41347.45
20760,CUST002278,12719.65
74148,CUST002279,2728.65
94368,CUST002280,44570.01
94884,CUST002281,52262.11
21108,CUST002282,15047.89
15132,CUST002283,10795.17
18312,CUST002284,2371.4
75228,CUST002285,30828.43
52080,CUST002286,37065.34
11748,CUST002287,8867.39
17316,CUST002288,3054.54
3612,CUST002289,572.14
3804,CUST002290,3492.07
207708,CUST002291,88608.23
23868,CUST002292,3286.62
4488,CUST002293,1620.62
14004,CUST002294,1211.35
194808,CUST002295,177567.49
18156,CUST002296,2944.9
7008,CUST002297,4312.02
23820,CUST002298,9811.46
47232,CUST002299,32434.21
12360,CUST002300,6617.54
19512,CUST002301,14276.93
25992,CUST002302,16634.88
66312,CUST002303,59050.84
79560,CUST002304,41140.48
83844,CUST002305,7822.65
24228,CUST002306,2451.87
77448,CUST002307,23513.21
6168,CUST002308,3718.69
29448,CUST002309,13799.33
89952,CUST002310,62993.39
17544,CUST002311,10426.4
4416,CUST002312,1845.45
160884,CUST002313,125988.26
37116,CUST002314,5656.48
295356,CUST002315,173167.22
71976,CUST002316,4304.16
21336,CUST002317,1260.96
77280,CUST002318,68632.37
6996,CUST002319,960.55
95868,CUST002320,56437.49
11604,CUST002321,4416.48
6216,CUST002322,803.11
251172,CUST002323,7409.57
185268,CUST002324,57284.87
22212,CUST002325,8576.05
82500,CUST002326,23454.75
38712,CUST002327,31430.27
6408,CUST002328,1670.57
48528,CUST002329,40768.37
24840,CUST002330,8803.3
60492,CUST002331,28086.44
175752,CUST002332,61126.55
9948,CUST002333,8420.98
20340,CUST002334,441.38
133596,CUST002335,29631.59
235908,CUST002336,119770.49
9468,CUST002337,978.04
22992,CUST002338,324.19
11808,CUST002339,7565.39
19152,CUST002340,11389.69
9456,CUST002341,3944.1
15768,CUST002342,13538.4
88452,CUST002343,79704.1
16584,CUST002344,7961.98
8052,CUST002345,5485.83
187332,CUST002346,122571.33
95832,CUST002347,33205.79
84588,CUST002348,11893.07
1884,CUST002349,1513.98
294408,CUST002350,196370.14
15648,CUST002351,9930.22
19836,CUST002352,5282.33
198696,CUST002353,126450.13
19416,CUST002354,15903.65
267600,CUST002355,35135.88
5160,CUST002356,1792.07
21996,CUST002357,9392.29
263196,CUST002358,236955.36
128712,CUST002359,1493.06
11280,CUST002360,6933.82
11628,CUST002361,3800.03
20268,CUST002362,10000.23
83580,CUST002363,77002.25
5544,CUST002364,1862.78
95376,CUST002365,22527.81
12108,CUST002366,10282.11
14712,CUST002367,13346.73
9492,CUST002368,6202.07
6348,CUST002369,2175.46
86124,CUST002370,21849.66
2796,CUST002371,1033.68
41964,CUST002372,17629.08
92280,CUST002373,74285.4
3180,CUST002374,1174.69
19968,CUST002375,10251.57
267120,CUST002376,208460.45
22296,CUST002377,10766.74
86220,CUST002378,13062.33
26016,CUST002379,12992.39
11952,CUST002380,9330.93
23376,CUST002381,15287.9
76428,CUST002382,71689.46
8988,CUST002383,5839.5
79680,CUST002384,48971.33
3936,CUST002385,152.72
9300,CUST002386,7449.3
17256,CUST002387,3887.78
23352,CUST002388,14055.57
23556,CUST002389,14404.49
45276,CUST002390,24992.35
19164,CUST002391,2828.61
20028,CUST002392,9182.84
218220,CUST002393,150855.49
17364,CUST002394,7334.55
14844,CUST002395,4779.77
64860,CUST002396,13030.37
27024,CUST002397,12574.27
52608,CUST002398,34716.02
32940,CUST002399,2724.14
171888,CUST002400,87886.33
10536,CUST002401,851.31
27048,CUST002402,2964.46
32724,CUST002403,11096.71
15984,CUST002404,11056.13
92592,CUST002405,18185.07
11172,CUST002406,558.6
15984,CUST002407,13822.96
2688,CUST002408,1316.58
62040,CUST002409,45847.56
1896,CUST002410,846.94
50712,CUST002411,29813.58
20712,CUST002412,4670.56
58548,CUST002413,21662.76
21468,CUST002414,11637.8
4224,CUST002415,1743.67
163524,CUST002416,146746.44
23964,CUST002417,17067.16
67536,CUST002418,13135.75
86400,CUST002419,40651.2
5568,CUST002420,3666.53
10740,CUST002421,8478.16
298464,CUST002422,221907.98
74796,CUST002423,40232.77
25128,CUST002424,7535.89
10092,CUST002425,7020
298272,CUST002426,109764.1
17652,CUST002427,12095.15
90348,CUST002428,57136.08
89256,CUST002429,68512.91
50148,CUST002430,37119.55
231096,CUST002431,85667.29
9672,CUST002432,4768.3
1308,CUST002433,504.89
20232,CUST002434,16918
7164,CUST002435,830.31
10584,CUST002436,2564.5
200088,CUST002437,149145.6
68052,CUST002438,6478.55
21552,CUST002439,11297.56
9360,CUST002440,532.58
40692,CUST002441,15389.71
18408,CUST002442,15344.91
16812,CUST002443,6470.94
54288,CUST002444,12296.23
154704,CUST002445,103806.38
292056,CUST002446,105490.63
287004,CUST002447,35473.69
184800,CUST002448,150260.88
23712,CUST002449,22460.01
10452,CUST002450,5625.27
49788,CUST002451,33905.63
23892,CUST002452,8070.72
6780,CUST002453,6379.3
15720,CUST002454,9062.58
221832,CUST002455,115108.62
39600,CUST002456,1199.88
16884,CUST002457,4155.15
262596,CUST002458,123656.46
27720,CUST002459,13377.67
18696,CUST002460,4367.39
25104,CUST002461,2912.06
4332,CUST002462,839.97
22560,CUST002463,20897.33
105840,CUST002464,2540.16
40104,CUST002465,26047.55
37212,CUST002466,30130.56
18444,CUST002467,12126.93
13380,CUST002468,7214.5
7380,CUST002469,1326.19
7212,CUST002470,1922
3720,CUST002471,678.53
16908,CUST002472,3197.3
23772,CUST002473,5786.1
11448,CUST002474,8966.07
1728,CUST002475,440.64
20388,CUST002476,13737.43
81912,CUST002477,11475.87
30828,CUST002478,3273.93
20100,CUST002479,6395.82
19944,CUST002480,8551.99
10392,CUST002481,2698.8
88080,CUST002482,37601.35
163908,CUST002483,19734.52
10860,CUST002484,10019.44
124968,CUST002485,46563.08
95940,CUST002486,50003.93
10032,CUST002487,3022.64
18036,CUST002488,10280.52
1632,CUST002489,1184.34
182484,CUST002490,156607.77
299892,CUST002491,169558.94
178020,CUST002492,63054.68
14532,CUST002493,7401.15
23880,CUST002494,7889.95
79428,CUST002495,19610.77
31776,CUST002496,11169.26
12816,CUST002497,6191.41
27156,CUST002498,1306.2
225276,CUST002499,125546.31
19500,CUST002500,7447.05
223512,CUST002501,12963.7
262632,CUST002502,13735.65
88788,CUST002503,14667.78
147132,CUST002504,76935.32
131124,CUST002505,107967.5
20664,CUST002506,9627.36
44064,CUST002507,21133.09
188112,CUST002508,128931.96
59700,CUST002509,44995.89
161652,CUST002510,76138.09
39900,CUST002511,22359.96
19980,CUST002512,8635.36
13500,CUST002513,6733.8
31620,CUST002514,1239.5
17088,CUST002515,8058.7
27336,CUST002516,6730.12
7992,CUST002517,6590.2
1980,CUST002518,83.75
19164,CUST002519,2487.49
20760,CUST002520,19431.36
13068,CUST002521,2167.98
14160,CUST002522,885
14196,CUST002523,2786.67
10968,CUST002524,7798.25
66732,CUST002525,61453.5
13632,CUST002526,7545.31
3012,CUST002527,607.22
12888,CUST002528,7540.77
109296,CUST002529,68594.17
10956,CUST002530,5674.11
90708,CUST002531,40818.6
72120,CUST002532,34415.66
34548,CUST002533,20721.89
14676,CUST002534,12366
13428,CUST002535,3468.45
68508,CUST002536,6515.11
14568,CUST002537,13644.39
22848,CUST002538,17494.71
21240,CUST002539,2540.3
93228,CUST002540,75887.59
22260,CUST002541,13458.4
10284,CUST002542,1348.23
5544,CUST002543,1325.57
10848,CUST002544,8671.89
122484,CUST002545,70367.06
59844,CUST002546,34362.42
18300,CUST002547,5985.93
66792,CUST002548,33776.71
6192,CUST002549,1833.45
81492,CUST002550,8972.27
12924,CUST002551,709.53
58968,CUST002552,16457.97
30852,CUST002553,28917.58
5088,CUST002554,2885.91
51732,CUST002555,21892.98
271512,CUST002556,227880.02
8352,CUST002557,5577.47
2568,CUST002558,1695.65
264120,CUST002559,219483.72
24156,CUST002560,15940.54
83160,CUST002561,46494.76
6648,CUST002562,5396.85
269988,CUST002563,42064.13
23556,CUST002564,15066.42
13140,CUST002565,10187.44
209868,CUST002566,48710.36
19872,CUST002567,3513.37
9348,CUST002568,4798.33
275304,CUST002569,120803.4
160968,CUST002570,99011.42
94968,CUST002571,88595.65
232980,CUST002572,77978.41
18720,CUST002573,9612.72
22008,CUST002574,4595.27
1428,CUST002575,748.27
49860,CUST002576,24012.58
79932,CUST002577,7281.81
69360,CUST002578,64588.03
5196,CUST002579,730.56
19140,CUST002580,8672.33
216636,CUST002581,100800.73
60420,CUST002582,20512.59
17928,CUST002583,9704.43
13224,CUST002584,7968.78
27360,CUST002585,8210.74
170196,CUST002586,43076.61
13500,CUST002587,4286.25
26544,CUST002588,19366.5
59532,CUST002589,12686.27
8184,CUST002590,2234.23
66324,CUST002591,23750.62
146568,CUST002592,97057.33
14544,CUST002593,12487.48
3204,CUST002594,962.48
12240,CUST002595,7805.45
72360,CUST002596,43126.56
82464,CUST002597,18471.94
34032,CUST002598,31690.6
37032,CUST002599,21019.36
12468,CUST002600,4547.08
13296,CUST002601,9465.42
55860,CUST002602,38839.46
22152,CUST002603,12402.9
79068,CUST002604,56438.74
2340,CUST002605,1184.98
89016,CUST002606,36416.45
101256,CUST002607,19694.29
12408,CUST002608,2517.58
166872,CUST002609,130493.9
17664,CUST002610,14341.4
68028,CUST002611,49265.88
3264,CUST002612,530.07
51924,CUST002613,40661.68
17688,CUST002614,11345.08
16044,CUST002615,3674.08
90888,CUST002616,26130.3
15936,CUST002617,734.65
62292,CUST002618,27732.4
4992,CUST002619,4374.49
13308,CUST002620,6761.79
83172,CUST002621,39215.6
15732,CUST002622,7101.42
69852,CUST002623,53827.95
84204,CUST002624,79640.14
46908,CUST002625,36775.87
83316,CUST002626,59287.67
88836,CUST002627,77313.97
209292,CUST002628,127479.76
10032,CUST002629,2311.37
20172,CUST002630,1426.16
18360,CUST002631,6514.13
93240,CUST002632,67832.1
71976,CUST002633,38744.68
22464,CUST002634,14381.45
9492,CUST002635,4074.92
58188,CUST002636,35808.9
94824,CUST002637,78116.01
2412,CUST002638,1754.73
275352,CUST002639,142384.52
9192,CUST002640,7584.32
17256,CUST002641,15677.08
22872,CUST002642,15166.42
88812,CUST002643,75241.53
133476,CUST002644,97611
19008,CUST002645,12174.62
3756,CUST002646,1909.93
62832,CUST002647,55442.96
11604,CUST002648,7926.69
8472,CUST002649,7525.68
1968,CUST002650,903.71
46596,CUST002651,28926.8
23340,CUST002652,17852.77
71064,CUST002653,13132.63
200964,CUST002654,122125.82
15468,CUST002655,9857.76
124788,CUST002656,75459.3
60588,CUST002657,12438.72
66264,CUST002658,6586.64
1644,CUST002659,495.99
12768,CUST002660,11160.51
1932,CUST002661,1322.26
114768,CUST002662,89668.24
22776,CUST002663,9750.41
22968,CUST002664,3651.91
23808,CUST002665,18870.22
242928,CUST002666,176317.14
69396,CUST002667,53705.56
18216,CUST002668,346.1
17256,CUST002669,2534.91
23652,CUST002670,983.92
291456,CUST002671,96821.68
15252,CUST002672,9511.15
8232,CUST002673,2837.57
94080,CUST002674,71331.46
5292,CUST002675,288.94
6492,CUST002676,3368.05
94020,CUST002677,9684.06
78564,CUST002678,14141.52
267708,CUST002679,115516
10572,CUST002680,766.47
90096,CUST002681,9712.35
4884,CUST002682,2102.07
258684,CUST002683,100653.94
93480,CUST002684,68268.44
59952,CUST002685,3830.93
78180,CUST002686,18896.11
15084,CUST002687,13788.28
6204,CUST002688,5525.28
76032,CUST002689,46151.42
181752,CUST002690,81006.87
12816,CUST002691,4641.96
68448,CUST002692,37235.71
22344,CUST002693,2565.09
64488,CUST002694,58432.58
2112,CUST002695,52.8
126696,CUST002696,103333.26
20880,CUST002697,14722.49
9996,CUST002698,4370.25
14928,CUST002699,5492.01
20448,CUST002700,844.5
281676,CUST002701,253114.05
5916,CUST002702,3132.52
13680,CUST002703,7604.71
13800,CUST002704,7686.6
111048,CUST002705,6363.05
4944,CUST002706,4420.92
15504,CUST002707,998.46
1932,CUST002708,804.68
82320,CUST002709,31512.1
25944,CUST002710,14723.22
27108,CUST002711,13944.36
7896,CUST002712,147.66
284628,CUST002713,68509.96
67092,CUST002714,50446.47
21048,CUST002715,8467.61
215196,CUST002716,16075.14
22440,CUST002717,3536.54
1896,CUST002718,1736.74
254016,CUST002719,202780.97
18468,CUST002720,13959.96
19644,CUST002721,7782.95
4032,CUST002722,2089.38
16464,CUST002723,13760.61
22140,CUST002724,14092.11
92868,CUST002725,36580.71
5016,CUST002726,2358.02
5844,CUST002727,1402.56
11028,CUST002728,5769.85
22884,CUST002729,20984.63
10764,CUST002730,2524.16
15096,CUST002731,9249.32
3420,CUST002732,2673.41
10764,CUST002733,8688.7
77196,CUST002734,34838.55
92292,CUST002735,33372.79
204900,CUST002736,66018.78
8580,CUST002737,3864.43
22944,CUST002738,9689.25
74136,CUST002739,65691.91
1212,CUST002740,610.48
15120,CUST002741,5644.3
16020,CUST002742,2342.12
9804,CUST002743,7840.26
143892,CUST002744,20173.66
161460,CUST002745,23508.58
21528,CUST002746,13788.68
37392,CUST002747,7568.14
17484,CUST002748,4350.02
28704,CUST002749,10525.76
16512,CUST002750,10417.42
20700,CUST002751,8518.05
23376,CUST002752,13964.82
12540,CUST002753,2711.15
231060,CUST002754,209710.06
19116,CUST002755,15946.57
15816,CUST002756,1896.34
21216,CUST002757,2772.93
20628,CUST002758,3187.03
18876,CUST002759,5840.23
35280,CUST002760,6876.07
69708,CUST002761,38520.64
6108,CUST002762,928.42
14100,CUST002763,10998
47352,CUST002764,36001.73
17964,CUST002765,1009.58
142428,CUST002766,21734.51
63876,CUST002767,48424.4
29340,CUST002768,16283.7
84072,CUST002769,49854.7
2856,CUST002770,706.86
8508,CUST002771,750.41
42600,CUST002772,4579.5
73248,CUST002773,1560.18
246612,CUST002774,174551.97
62700,CUST002775,36692.04
10860,CUST002776,7915.85
16728,CUST002777,225.83
1416,CUST002778,627.29
93000,CUST002779,25435.5
10884,CUST002780,3037.72
60960,CUST002781,4206.24
9468,CUST002782,6614.34
88788,CUST002783,9198.44
4824,CUST002784,519.54
14796,CUST002785,2419.15
183876,CUST002786,73715.89
73680,CUST002787,38379.91
24516,CUST002788,12807.16
296328,CUST002789,236321.58
13788,CUST002790,7084.27
45516,CUST002791,37104.64
11448,CUST002792,10642.06
85956,CUST002793,60427.07
20220,CUST002794,16002.11
17628,CUST002795,12032.87
67128,CUST002796,3846.43
20820,CUST002797,13970.22
78288,CUST002798,25146.11
268872,CUST002799,30678.3
8544,CUST002800,757
33876,CUST002801,26819.63
14748,CUST002802,10895.82
63876,CUST002803,28386.49
14928,CUST002804,13685.99
67020,CUST002805,60150.45
132756,CUST002806,49318.85
42924,CUST002807,7249.86
194832,CUST002808,50325.11
31056,CUST002809,19195.71
8700,CUST002810,6812.97
20388,CUST002811,17370.58
94404,CUST002812,59417.88
70008,CUST002813,39785.55
84948,CUST002814,21321.95
248532,CUST002815,162465.37
72384,CUST002816,62756.93
33492,CUST002817,18283.28
9528,CUST002818,6653.4
60972,CUST002819,40704.91
18432,CUST002820,3876.25
23076,CUST002821,8812.72
51156,CUST002822,4706.35
23220,CUST002823,13288.81
1956,CUST002824,1767.05
47616,CUST002825,17084.62
27888,CUST002826,19596.9
57336,CUST002827,16094.22
8808,CUST002828,5545.52
283956,CUST002829,237415.61
25212,CUST002830,5400.41
71820,CUST002831,38998.26
21468,CUST002832,18563.38
189840,CUST002833,89661.43
15744,CUST002834,787.2
9720,CUST002835,7166.56
19788,CUST002836,12361.56
13272,CUST002837,2136.79
26688,CUST002838,22516.67
18348,CUST002839,11295.03
3372,CUST002840,754.65
22596,CUST002841,7217.16
17916,CUST002842,1134.08
7908,CUST002843,2379.52
217416,CUST002844,188238.77
51840,CUST002845,18786.82
71916,CUST002846,36950.44
1572,CUST002847,124.19
143052,CUST002848,83370.71
47844,CUST002849,36739.41
4716,CUST002850,776.25
18336,CUST002851,3590.19
48972,CUST002852,12468.27
39588,CUST002853,27814.53
9876,CUST002854,5322.18
14448,CUST002855,11922.49
15348,CUST002856,2535.49
6540,CUST002857,1473.46
2868,CUST002858,121.32
14316,CUST002859,10592.41
89220,CUST002860,39979.48
63672,CUST002861,50561.94
60732,CUST002862,19968.68
1560,CUST002863,107.8
89760,CUST002864,66799.39
63732,CUST002865,1223.65
59016,CUST002866,23092.96
16056,CUST002867,1846.44
21096,CUST002868,6465.92
7260,CUST002869,1391.02
116388,CUST002870,100419.57
53088,CUST002871,36954.56
3648,CUST002872,1809.04
81108,CUST002873,2684.67
3804,CUST002874,708.69
69492,CUST002875,5462.07
52956,CUST002876,35125.71
219108,CUST002877,158765.66
4080,CUST002878,1063.25
49680,CUST002879,32982.55
239316,CUST002880,75623.86
1716,CUST002881,547.06
14952,CUST002882,11892.82
94680,CUST002883,21160.98
21396,CUST002884,515.64
288828,CUST002885,252406.79
30660,CUST002886,28694.69
55920,CUST002887,23536.73
5340,CUST002888,728.38
42936,CUST002889,33803.51
157356,CUST002890,42470.38
88644,CUST002891,36352.9
15204,CUST002892,12005.08
5544,CUST002893,4964.65
14532,CUST002894,5548.32
19836,CUST002895,2229.57
16308,CUST002896,6410.67
217032,CUST002897,15365.87
72012,CUST002898,3456.58
152268,CUST002899,57618.21
21816,CUST002900,17125.56
55284,CUST002901,696.58
2472,CUST002902,2246.8
222660,CUST002903,81293.17
6696,CUST002904,2645.59
19416,CUST002905,345.6
106068,CUST002906,86148.43
79260,CUST002907,55030.22
66252,CUST002908,18066.92
13956,CUST002909,2361.36
52464,CUST002910,19616.29
21624,CUST002911,4683.76
16716,CUST002912,1412.5
91404,CUST002913,62392.37
22296,CUST002914,8653.08
89244,CUST002915,33243.39
10848,CUST002916,346.05
148800,CUST002917,61320.48
154284,CUST002918,144471.54
15216,CUST002919,1465.3
12900,CUST002920,11213.97
20124,CUST002921,3169.53
11592,CUST002922,6392.99
87132,CUST002923,20519.59
205104,CUST002924,15567.39
19188,CUST002925,9899.09
2832,CUST002926,2494.99
66720,CUST002927,45302.88
15672,CUST002928,927.78
14700,CUST002929,13578.39
288264,CUST002930,77427.71
20712,CUST002931,1768.8
101856,CUST002932,29762.32
8184,CUST002933,5144.46
285228,CUST002934,13776.51
11136,CUST002935,8407.68
20268,CUST002936,16698.81
144192,CUST002937,53826.87
74892,CUST002938,32098.71
21120,CUST002939,16676.35
231516,CUST002940,72881.24
29280,CUST002941,4535.47
17916,CUST002942,1657.23
48864,CUST002943,39306.2
74376,CUST002944,24090.39
19044,CUST002945,16882.51
8904,CUST002946,7276.35
5916,CUST002947,2009.67
49884,CUST002948,2394.43
40176,CUST002949,19236.27
19764,CUST002950,15761.79
66264,CUST002951,21747.84
62040,CUST002952,56388.16
12312,CUST002953,9183.52
3000,CUST002954,2160
72264,CUST002955,53128.49
103368,CUST002956,84079.53
152868,CUST002957,40754.61
50112,CUST002958,45281.2
7296,CUST002959,86.82
153780,CUST002960,100449.1
17976,CUST002961,16913.62
19560,CUST002962,1871.89
23748,CUST002963,7853.46
45264,CUST002964,35396.45
22152,CUST002965,9042.45
64464,CUST002966,48128.82
7848,CUST002967,6498.93
13020,CUST002968,2497.24
76740,CUST002969,9270.19
43464,CUST002970,35249.3
9372,CUST002971,1652.28
11376,CUST002972,1055.69
10596,CUST002973,6590.71
10296,CUST002974,4944.14
1464,CUST002975,110.53
261720,CUST002976,91444.97
1524,CUST002977,558.24
21960,CUST002978,2615.44
15876,CUST002979,13578.74
114192,CUST002980,5001.61
62172,CUST002981,13186.68
21000,CUST002982,4815.3
14292,CUST002983,13520.23
83868,CUST002984,64100.31
19848,CUST002985,7153.22
18468,CUST002986,12211.04
10872,CUST002987,275.06
5736,CUST002988,3265.5
4020,CUST002989,2205.37
208740,CUST002990,44524.24
96384,CUST002991,11739.57
57096,CUST002992,1707.17
16248,CUST002993,13217.75
12492,CUST002994,900.67
43212,CUST002995,4485.41
210468,CUST002996,16690.11
29700,CUST002997,23540.22
278772,CUST002998,256358.73
20196,CUST002999,13210.2
32532,CUST003000,6978.11
77844,CUST003001,65147.64
77868,CUST003002,68562.77
16752,CUST003003,14487.13
20544,CUST003004,6473.41
49776,CUST003005,20363.36
62700,CUST003006,51871.71
21816,CUST003007,12509.29
16368,CUST003008,5935.04
15312,CUST003009,2916.94
78708,CUST003010,15450.38
68868,CUST003011,53785.91
21252,CUST003012,12196.52
13812,CUST003013,8900.45
110256,CUST003014,85095.58
20388,CUST003015,3684.11
87300,CUST003016,25535.25
40596,CUST003017,18726.93
88152,CUST003018,13099.39
81996,CUST003019,35750.26
17184,CUST003020,9425.42
78696,CUST003021,11119.74
3900,CUST003022,1186.77
18420,CUST003023,15443.33
56772,CUST003024,42493.84
220572,CUST003025,95375.33
84096,CUST003026,45260.47
114360,CUST003027,56322.3
6024,CUST003028,2577.07
77616,CUST003029,59081.3
28776,CUST003030,4181.15
203160,CUST003031,80756.1
15492,CUST003032,261.81
246924,CUST003033,162994.53
5076,CUST003034,2641.55
48420,CUST003035,21082.07
16584,CUST003036,13086.43
48636,CUST003037,30460.73
58272,CUST003038,14690.37
183276,CUST003039,101791.49
70572,CUST003040,26161.04
4464,CUST003041,2080.22
7032,CUST003042,2740.37
48660,CUST003043,7342.79
21060,CUST003044,12587.56
19092,CUST003045,14582.47
139812,CUST003046,31779.27
7620,CUST003047,3802.38
33084,CUST003048,28872.41
4836,CUST003049,3705.83
68064,CUST003050,48652.15
10896,CUST003051,9015.35
21732,CUST003052,7036.82
25152,CUST003053,19565.74
94524,CUST003054,81158.31
22368,CUST003055,17693.09
5184,CUST003056,2868.83
4824,CUST003057,2874.14
94176,CUST003058,17865.19
12924,CUST003059,11605.75
21732,CUST003060,5083.11
79476,CUST003061,35350.92
40884,CUST003062,3074.48
2700,CUST003063,1440.45
263292,CUST003064,134120.94
21192,CUST003065,10282.36
1536,CUST003066,234.55
222612,CUST003067,81787.65
17532,CUST003068,899.39
9132,CUST003069,4947.72
17676,CUST003070,8816.79
89592,CUST003071,25488.92
19320,CUST003072,7009.3
6624,CUST003073,872.38
65112,CUST003074,55000.11
27576,CUST003075,11421.98
14244,CUST003076,11791.18
5208,CUST003077,4260.66
11220,CUST003078,9395.63
65676,CUST003079,60487.6
8568,CUST003080,2056.32
18588,CUST003081,6379.4
72468,CUST003082,50444.97
2088,CUST003083,1000.15
2304,CUST003084,1608.65
12840,CUST003085,3792.94
20652,CUST003086,14148.69
15372,CUST003087,7317.07
23280,CUST003088,7733.62
95016,CUST003089,46272.79
43992,CUST003090,4095.66
17352,CUST003091,2474.4
74784,CUST003092,30048.21
12684,CUST003093,4359.49
20352,CUST003094,2900.16
2316,CUST003095,1479.69
6168,CUST003096,4727.77
14640,CUST003097,9685.82
50916,CUST003098,18844.01
4836,CUST003099,1305.72
115368,CUST003100,73535.56
17508,CUST003101,12260.85
21972,CUST003102,8228.51
14496,CUST003103,7836.54
8916,CUST003104,7646.36
44472,CUST003105,38054.69
19872,CUST003106,5772.82
74280,CUST003107,6313.8
91476,CUST003108,62551.29
70236,CUST003109,9278.18
263340,CUST003110,53484.35
86880,CUST003111,54638.83
24192,CUST003112,2605.48
22920,CUST003113,3548.02
2472,CUST003114,1226.11
69312,CUST003115,53696.01
274152,CUST003116,231027.89
88284,CUST003117,80735.72
28032,CUST003118,19885.9
21348,CUST003119,964.93
18264,CUST003120,4741.33
29724,CUST003121,24700.64
21384,CUST003122,6620.49
3348,CUST003123,2654.29
42336,CUST003124,2692.57
9252,CUST003125,3210.44
82128,CUST003126,53317.5
4620,CUST003127,1665.97
9048,CUST003128,678.6
23772,CUST003129,14926.44
11964,CUST003130,9407.29
14916,CUST003131,8946.62
17712,CUST003132,2414.15
45564,CUST003133,11195.07
96096,CUST003134,90551.26
46632,CUST003135,10109.82
21660,CUST003136,7830.09
2424,CUST003137,454.98
22464,CUST003138,12036.21
74628,CUST003139,26239.2
57984,CUST003140,40600.4
5448,CUST003141,320.34
20124,CUST003142,3773.25
211704,CUST003143,90312.93
164520,CUST003144,9394.09
21948,CUST003145,9380.58
279732,CUST003146,50715.41
48036,CUST003147,20045.42
70632,CUST003148,25307.45
12492,CUST003149,2263.55
16404,CUST003150,7975.62
54888,CUST003151,44640.41
10452,CUST003152,1570.94
20328,CUST003153,13481.53
254508,CUST003154,217222.58
265932,CUST003155,27391
12684,CUST003156,7716.95
21600,CUST003157,725.76
282684,CUST003158,30982.17
19032,CUST003159,7483.38
10368,CUST003160,4050.78
133440,CUST003161,56311.68
90792,CUST003162,52305.27
6492,CUST003163,5246.19
261792,CUST003164,141341.5
14952,CUST003165,8963.72
10584,CUST003166,1224.57
178800,CUST003167,89078.16
90816,CUST003168,72525.66
262140,CUST003169,119981.48
5880,CUST003170,1765.76
86520,CUST003171,21058.97
189096,CUST003172,154642.71
22980,CUST003173,10538.63
14616,CUST003174,2445.26
12864,CUST003175,7407.09
15756,CUST003176,8278.2
153408,CUST003177,91262.42
86712,CUST003178,45359.05
17568,CUST003179,13745.2
160452,CUST003180,125922.73
29148,CUST003181,9980.28
242352,CUST003182,134311.48
40728,CUST003183,12519.79
8940,CUST003184,8097.85
94332,CUST003185,37496.97
28368,CUST003186,26674.43
268488,CUST003187,113221.39
13500,CUST003188,7323.75
19548,CUST003189,1051.68
167388,CUST003190,118242.88
14364,CUST003191,9643.99
20484,CUST003192,6960.46
21636,CUST003193,19812.09
76032,CUST003194,51580.11
285612,CUST003195,119957.04
9180,CUST003196,4520.23
22932,CUST003197,19515.13
17436,CUST003198,14395.16
156900,CUST003199,90798.03
6348,CUST003200,985.84
89688,CUST003201,69777.26
76152,CUST003202,52217.43
19344,CUST003203,9693.28
48984,CUST003204,793.54
212460,CUST003205,64099.18
61068,CUST003206,28384.41
74568,CUST003207,36210.22
53832,CUST003208,5124.81
126504,CUST003209,16698.53
12192,CUST003210,6511.75
34692,CUST003211,28766.61
62580,CUST003212,52911.39
17736,CUST003213,9951.67
76080,CUST003214,61845.43
26304,CUST003215,22474.14
26640,CUST003216,4182.48
77220,CUST003217,29683.37
156468,CUST003218,141071.55
5520,CUST003219,563.04
76488,CUST003220,1483.87
197508,CUST003221,4799.44
6480,CUST003222,2037.96
20148,CUST003223,11379.59
256848,CUST003224,99965.24
35760,CUST003225,1480.46
12516,CUST003226,5841.22
244620,CUST003227,81923.24
12108,CUST003228,9992.73
1956,CUST003229,807.83
148464,CUST003230,46855.24
1392,CUST003231,627.37
10404,CUST003232,9675.72
18996,CUST003233,8555.8
170448,CUST003234,146534.15
86016,CUST003235,11139.07
9324,CUST003236,5151.51
20748,CUST003237,14984.21
17256,CUST003238,3107.81
20652,CUST003239,1251.51
48072,CUST003240,17882.78
135900,CUST003241,27451.8
23892,CUST003242,6802.05
73224,CUST003243,55386.63
52188,CUST003244,15567.68
267444,CUST003245,24069.96
2592,CUST003246,1090.2
52488,CUST003247,18323.56
46776,CUST003248,21400.02
87288,CUST003249,13974.81
17796,CUST003250,8789.44
262764,CUST003251,111963.74
44496,CUST003252,15724.89
26292,CUST003253,14218.71
68880,CUST003254,59622.53
116520,CUST003255,57001.58
24924,CUST003256,9466.14
5292,CUST003257,2532.75
65220,CUST003258,1454.41
90384,CUST003259,58207.3
88452,CUST003260,69682.49
11580,CUST003261,7344.04
39084,CUST003262,13894.36
236076,CUST003263,38858.11
17772,CUST003264,9687.52
10608,CUST003265,1385.4
3588,CUST003266,938.26
2316,CUST003267,1939.42
3972,CUST003268,2064.65
5808,CUST003269,3390.71
294996,CUST003270,52804.28
17856,CUST003271,5394.3
216372,CUST003272,92715.4
22560,CUST003273,559.49
85944,CUST003274,47492.65
14256,CUST003275,12318.61
24264,CUST003276,12818.67
44436,CUST003277,40370.11
23736,CUST003278,1447.9
19248,CUST003279,5816.75
74196,CUST003280,29670.98
27492,CUST003281,7777.49
22992,CUST003282,2276.21
110412,CUST003283,34890.19
208992,CUST003284,42550.77
22608,CUST003285,17114.26
275376,CUST003286,55543.34
28416,CUST003287,4458.47
38748,CUST003288,36213.88
15840,CUST003289,12516.77
15120,CUST003290,3137.4
72060,CUST003291,59744.95
3276,CUST003292,2628.33
15804,CUST003293,8715.91
67728,CUST003294,22797.24
18684,CUST003295,8504.96
10572,CUST003296,5397.01
30684,CUST003297,5805.41
39552,CUST003298,27789.24
1884,CUST003299,1281.31
22704,CUST003300,14301.25
257484,CUST003301,134277.91
8424,CUST003302,5260.79
44172,CUST003303,35651.22
10128,CUST003304,2183.6
34728,CUST003305,11835.3
277548,CUST003306,81044.02
269928,CUST003307,219046.57
295836,CUST003308,107151.8
16944,CUST003309,11732.03
55104,CUST003310,11114.48
74736,CUST003311,61081.73
1380,CUST003312,270.76
43848,CUST003313,1525.91
68760,CUST003314,39619.51
60972,CUST003315,45668.03
18804,CUST003316,12363.63
21012,CUST003317,7169.29
13416,CUST003318,289.79
55644,CUST003319,8914.17
20988,CUST003320,15325.44
20568,CUST003321,12462.15
72984,CUST003322,64999.55
16236,CUST003323,3760.26
23988,CUST003324,18837.78
4044,CUST003325,2598.27
23712,CUST003326,16818.92
65112,CUST003327,55019.64
18384,CUST003328,14887.36
18828,CUST003329,4341.74
51540,CUST003330,24734.05
11496,CUST003331,7952.93
7080,CUST003332,2273.39
15312,CUST003333,2799.03
290964,CUST003334,264806.34
72732,CUST003335,14917.33
65496,CUST003336,1958.33
9720,CUST003337,837.86
30732,CUST003338,13792.52
140808,CUST003339,56548.49
279864,CUST003340,30533.16
70704,CUST003341,43482.96
293508,CUST003342,41296.58
9516,CUST003343,650.89
215316,CUST003344,131601.14
10248,CUST003345,5912.07
22332,CUST003346,7836.3
74280,CUST003347,54848.35
70356,CUST003348,1590.05
16560,CUST003349,3507.41
2856,CUST003350,878.22
2316,CUST003351,90.56
259428,CUST003352,38758.54
6276,CUST003353,5150.71
262044,CUST003354,116714.4
39660,CUST003355,32215.82
91548,CUST003356,49133.81
44772,CUST003357,10597.53
71112,CUST003358,63005.23
288864,CUST003359,188657.08
130092,CUST003360,38012.88
14928,CUST003361,6677.29
20592,CUST003362,14511.18
15852,CUST003363,8236.7
22656,CUST003364,2299.58
3204,CUST003365,2448.5
189816,CUST003366,177250.18
8664,CUST003367,5772.82
23340,CUST003368,8362.72
13596,CUST003369,1634.24
89952,CUST003370,63065.35
13704,CUST003371,7938.73
58440,CUST003372,36659.41
77928,CUST003373,50458.38
83448,CUST003374,15780.02
10584,CUST003375,1293.36
19920,CUST003376,14041.61
80868,CUST003377,29104.39
102444,CUST003378,76720.31
124824,CUST003379,103953.43
21348,CUST003380,13634.97
40620,CUST003381,33738.97
232932,CUST003382,60026.58
8580,CUST003383,4878.59
46272,CUST003384,37956.92
5316,CUST003385,4800.88
23376,CUST003386,5682.71
15708,CUST003387,7253.95
2448,CUST003388,692.54
131892,CUST003389,77565.69
72288,CUST003390,15816.61
41664,CUST003391,25765.02
226716,CUST003392,74566.89
15384,CUST003393,12982.56
192744,CUST003394,146061.4
73416,CUST003395,15909.25
58236,CUST003396,28966.59
46416,CUST003397,31590.73
6120,CUST003398,3468.2
17040,CUST003399,1126.34
13008,CUST003400,3720.29
79812,CUST003401,43266.09
14628,CUST003402,13121.32
12036,CUST003403,462.18
12924,CUST003404,6056.19
95304,CUST003405,81437.27
26916,CUST003406,7870.24
68016,CUST003407,7726.62
6084,CUST003408,3637.02
8760,CUST003409,633.35
4332,CUST003410,3635.41
8472,CUST003411,2664.44
64848,CUST003412,38480.8
90840,CUST003413,21592.67
28380,CUST003414,6876.47
94548,CUST003415,75581.67
3516,CUST003416,848.06
7824,CUST003417,6405.51
6156,CUST003418,647.61
83616,CUST003419,20235.07
211932,CUST003420,42280.43
28476,CUST003421,8984.18
18192,CUST003422,1526.31
14532,CUST003423,2753.81
23292,CUST003424,8052.04
273168,CUST003425,169282.21
20292,CUST003426,12942.24
20844,CUST003427,16906.57
7188,CUST003428,4552.88
86556,CUST003429,30883.18
18936,CUST003430,6356.82
53904,CUST003431,38250.28
64632,CUST003432,54349.05
15000,CUST003433,5361
57852,CUST003434,49827.93
22920,CUST003435,13985.78
46416,CUST003436,16765.46
251556,CUST003437,25130.44
22344,CUST003438,12928.24
40692,CUST003439,37139.59
37368,CUST003440,26549.96
60216,CUST003441,22647.24
19368,CUST003442,840.57
13200,CUST003443,5965.08
73728,CUST003444,31142.71
92676,CUST003445,48460.28
20364,CUST003446,7565.23
11808,CUST003447,3392.44
149904,CUST003448,134179.07
23064,CUST003449,2806.89
14772,CUST003450,11253.31
265308,CUST003451,13291.93
53472,CUST003452,9159.75
82692,CUST003453,34110.45
34920,CUST003454,21381.52
19680,CUST003455,13614.62
105360,CUST003456,23853.5
21012,CUST003457,10880.01
19044,CUST003458,4583.89
1260,CUST003459,148.93
3072,CUST003460,741.27
6408,CUST003461,993.88
2268,CUST003462,1422.04
61896,CUST003463,55854.95
275952,CUST003464,175864.21
75084,CUST003465,42963.06
151956,CUST003466,101537
213204,CUST003467,155404.4
63816,CUST003468,4798.96
14364,CUST003469,4554.82
160728,CUST003470,133082.78
8616,CUST003471,3958.19
8352,CUST003472,1428.19
14520,CUST003473,493.68
64056,CUST003474,24860.13
15240,CUST003475,8727.95
29160,CUST003476,10144.76
176556,CUST003477,100460.36
54876,CUST003478,15568.32
16260,CUST003479,14303.92
8088,CUST003480,4407.15
39564,CUST003481,9827.7
196500,CUST003482,123755.7
69204,CUST003483,12622.81
8100,CUST003484,3405.24
15600,CUST003485,13854.36
92016,CUST003486,47765.51
15252,CUST003487,8660.09
25632,CUST003488,12967.23
43140,CUST003489,31241.99
47208,CUST003490,7425.82
206640,CUST003491,4277.45
23136,CUST003492,20385.13
1260,CUST003493,1006.99
20064,CUST003494,310.99
22716,CUST003495,19022.38
12972,CUST003496,3245.59
81312,CUST003497,7757.16
106728,CUST003498,98819.46
19296,CUST003499,15996.38
176592,CUST003500,25182.02
9120,CUST003501,1880.54
38388,CUST003502,9366.67
90480,CUST003503,70049.62
23388,CUST003504,19140.74
25296,CUST003505,4988.37
24300,CUST003506,9724.86
37884,CUST003507,12380.49
15300,CUST003508,3009.51
238368,CUST003509,125143.2
32124,CUST003510,20960.91
48828,CUST003511,32553.63
48972,CUST003512,10298.81
71472,CUST003513,48665.28
17544,CUST003514,6384.26
218580,CUST003515,110885.63
58728,CUST003516,27238.05
13716,CUST003517,11621.57
5448,CUST003518,4658.04
22260,CUST003519,19553.18
17064,CUST003520,970.94
266460,CUST003521,180659.88
13344,CUST003522,10910.05
28488,CUST003523,2014.1
81420,CUST003524,45424.22
22632,CUST003525,2297.15
5976,CUST003526,1564.52
90048,CUST003527,49643.46
23184,CUST003528,8441.29
65016,CUST003529,21676.33
225600,CUST003530,116544.96
78444,CUST003531,65532.12
40092,CUST003532,6611.17
238128,CUST003533,205099.65
63084,CUST003534,18388.99
53292,CUST003535,24556.95
11112,CUST003536,2380.19
14376,CUST003537,2787.51
60468,CUST003538,47406.91
14820,CUST003539,3959.9
48300,CUST003540,28105.77
94152,CUST003541,33480.45
13080,CUST003542,3942.31
110520,CUST003543,24657.01
4368,CUST003544,2357.41
15264,CUST003545,7491.57
4272,CUST003546,2265.01
66924,CUST003547,47971.12
26892,CUST003548,6962.34
37728,CUST003549,12801.11
15036,CUST003550,1306.63
7320,CUST003551,6503.09
12708,CUST003552,8304.68
13236,CUST003553,10979.26
4716,CUST003554,1989.21
11340,CUST003555,5954.63
17976,CUST003556,625.56
91392,CUST003557,35706.85
5676,CUST003558,5169.13
84024,CUST003559,37491.51
60204,CUST003560,40390.86
24240,CUST003561,278.76
30072,CUST003562,6357.22
83880,CUST003563,62918.39
18576,CUST003564,14054.6
20760,CUST003565,5555.38
23208,CUST003566,14667.46
59556,CUST003567,35042.75
24060,CUST003568,10138.88
283176,CUST003569,264769.56
82968,CUST003570,2704.76
84864,CUST003571,42482.92
6192,CUST003572,3214.27
16272,CUST003573,10126.07
278484,CUST003574,57117.07
170160,CUST003575,75636.12
3324,CUST003576,2793.49
226716,CUST003577,122109.24
207300,CUST003578,139222.68
4272,CUST003579,1843.8
14748,CUST003580,4745.91
77496,CUST003581,65375.63
11400,CUST003582,1062.48
14256,CUST003583,6627.61
22320,CUST003584,11503.73
292008,CUST003585,20528.16
92448,CUST003586,83942.78
17796,CUST003587,3585.89
83784,CUST003588,79569.66
78768,CUST003589,65345.93
42204,CUST003590,31560.15
16368,CUST003591,2028
2340,CUST003592,1918.1
22776,CUST003593,8720.93
15504,CUST003594,8761.31
23784,CUST003595,4300.15
54588,CUST003596,1331.95
73776,CUST003597,15227.37
5388,CUST003598,833.52
142560,CUST003599,34855.92
33072,CUST003600,2748.28
44040,CUST003601,37561.72
31680,CUST003602,9000.29
14400,CUST003603,11990.88
64944,CUST003604,48915.82
91056,CUST003605,33945.68
94080,CUST003606,44386.94
22848,CUST003607,17549.55
23220,CUST003608,4304.99
83496,CUST003609,3932.66
7236,CUST003610,1290.9
3948,CUST003611,3644.79
8160,CUST003612,5805.84
19764,CUST003613,16491.08
16464,CUST003614,1694.15
4260,CUST003615,3082.11
250032,CUST003616,179723
60672,CUST003617,14682.62
21972,CUST003618,595.44
49728,CUST003619,43094.28
18420,CUST003620,12919.79
48252,CUST003621,25337.13
1656,CUST003622,18.05
81972,CUST003623,4869.14
12768,CUST003624,1003.56
72456,CUST003625,61348.5
298812,CUST003626,176597.89
161016,CUST003627,6859.28
55596,CUST003628,52176.85
90564,CUST003629,56231.19
7440,CUST003630,3788.45
10740,CUST003631,1278.06
74856,CUST003632,48656.4
33420,CUST003633,26355.01
226272,CUST003634,207581.93
8568,CUST003635,1739.3
8880,CUST003636,8352.53
79488,CUST003637,31381.86
95496,CUST003638,25411.49
13428,CUST003639,6944.96
26364,CUST003640,7036.55
23784,CUST003641,13780.45
21912,CUST003642,20595.09
91128,CUST003643,52507.95
129240,CUST003644,1705.97
16140,CUST003645,12884.56
25560,CUST003646,17493.26
16380,CUST003647,4497.95
20352,CUST003648,6390.53
4980,CUST003649,3761.89
10440,CUST003650,4993.45
94116,CUST003651,7096.35
279096,CUST003652,179067.99
64980,CUST003653,11215.55
84936,CUST003654,63294.31
294504,CUST003655,93858.42
63084,CUST003656,8200.92
92544,CUST003657,46512.61
52524,CUST003658,29072.03
5232,CUST003659,3782.21
81528,CUST003660,18539.47
21108,CUST003661,17768.71
15960,CUST003662,9314.26
3120,CUST003663,1832.06
21348,CUST003664,1788.96
4812,CUST003665,3815.43
9972,CUST003666,1425
11184,CUST003667,6284.29
22740,CUST003668,18951.52
79320,CUST003669,62924.56
10776,CUST003670,5517.31
14532,CUST003671,454.85
18504,CUST003672,6435.69
29568,CUST003673,8947.28
7764,CUST003674,4391.32
76944,CUST003675,11226.13
62868,CUST003676,9172.44
17604,CUST003677,11081.72
18672,CUST003678,13617.49
18012,CUST003679,5601.73
16356,CUST003680,6907.14
193824,CUST003681,42466.84
76116,CUST003682,37761.15
11784,CUST003683,4377.76
3948,CUST003684,1772.26
19272,CUST003685,6824.22
20232,CUST003686,7190.45
21756,CUST003687,4133.64
22200,CUST003688,14354.52
15588,CUST003689,10501.64
72432,CUST003690,63218.65
12948,CUST003691,603.38
8940,CUST003692,6849.83
11700,CUST003693,9948.51
69264,CUST003694,53714.23
51492,CUST003695,13233.44
48972,CUST003696,1944.19
5904,CUST003697,1591.72
5544,CUST003698,442.41
13140,CUST003699,12360.8
17316,CUST003700,9503.02
125112,CUST003701,22057.25
15768,CUST003702,14167.55
84612,CUST003703,20154.58
162516,CUST003704,43521.78
22524,CUST003705,13631.52
5796,CUST003706,1532.46
13860,CUST003707,7954.25
13368,CUST003708,7757.45
20196,CUST003709,8141.01
27024,CUST003710,19146.5
67488,CUST003711,57256.82
209004,CUST003712,121305.92
54888,CUST003713,51781.34
8172,CUST003714,3013.83
13080,CUST003715,7107.67
37020,CUST003716,23629.87
18492,CUST003717,10906.58
66372,CUST003718,61526.84
11616,CUST003719,5169.12
17640,CUST003720,11107.91
264816,CUST003721,121709.43
18420,CUST003722,9817.86
3252,CUST003723,975.93
19416,CUST003724,17371.5
19728,CUST003725,11600.06
56448,CUST003726,33157.56
29496,CUST003727,20042.53
12564,CUST003728,1967.52
12516,CUST003729,4768.6
84408,CUST003730,13100.12
18096,CUST003731,2412.2
235236,CUST003732,72382.12
12612,CUST003733,4983
23268,CUST003734,17807
73332,CUST003735,48655.78
58800,CUST003736,17298.96
6852,CUST003737,4238.65
55740,CUST003738,1577.44
224496,CUST003739,79202.19
12720,CUST003740,7029.07
78372,CUST003741,41490.14
21348,CUST003742,6620.01
9096,CUST003743,5612.23
10476,CUST003744,9753.16
169212,CUST003745,72981.14
9984,CUST003746,7695.67
23868,CUST003747,4718.7
19716,CUST003748,4065.44
14352,CUST003749,2300.63
15912,CUST003750,5039.33
81504,CUST003751,14532.16
74796,CUST003752,41160.24
62196,CUST003753,47499.09
169620,CUST003754,39657.16
77472,CUST003755,52045.69
47388,CUST003756,38251.59
160524,CUST003757,47964.57
258132,CUST003758,141637.03
20712,CUST003759,8825.38
84768,CUST003760,6730.58
66408,CUST003761,56440.16
16236,CUST003762,4638.63
12672,CUST003763,8615.69
76476,CUST003764,61249.63
2124,CUST003765,789.28
21744,CUST003766,3931.32
17976,CUST003767,8423.55
16236,CUST003768,12402.68
202524,CUST003769,189927.01
8460,CUST003770,8005.7
18540,CUST003771,16971.52
22488,CUST003772,5338.65
251592,CUST003773,28379.58
44028,CUST003774,37120.01
17652,CUST003775,3064.39
44160,CUST003776,14625.79
74688,CUST003777,41227.78
58692,CUST003778,7160.42
52272,CUST003779,31995.69
36792,CUST003780,7159.72
60012,CUST003781,16503.3
82560,CUST003782,35063.23
69240,CUST003783,18549.4
14532,CUST003784,2439.92
73152,CUST003785,36751.56
27564,CUST003786,25182.47
13128,CUST003787,11616.97
5256,CUST003788,2678.46
9072,CUST003789,2553.77
64776,CUST003790,11964.13
48012,CUST003791,18873.52
15240,CUST003792,1362.46
43500,CUST003793,6633.75
18876,CUST003794,16316.41
45336,CUST003795,27079.19
12060,CUST003796,5693.53
1920,CUST003797,494.21
125880,CUST003798,81557.65
60504,CUST003799,36859.04
24120,CUST003800,19221.23
9180,CUST003801,8167.45
152016,CUST003802,81997.43
65556,CUST003803,17765.68
17784,CUST003804,2941.47
60564,CUST003805,28907.2
1704,CUST003806,1221.77
18564,CUST003807,13692.81
26820,CUST003808,12149.46
14028,CUST003809,7274.92
45168,CUST003810,39951.1
15876,CUST003811,4785.03
57432,CUST003812,6903.33
242148,CUST003813,156354.96
5244,CUST003814,3506.66
4236,CUST003815,516.37
58068,CUST003816,40293.39
22800,CUST003817,2850
14688,CUST003818,5393.43
14640,CUST003819,9586.27
23400,CUST003820,19258.2
19224,CUST003821,3471.85
41004,CUST003822,38252.63
10848,CUST003823,8875.83
53760,CUST003824,14810.88
53700,CUST003825,19235.34
13092,CUST003826,6021.01
1368,CUST003827,379.21
9564,CUST003828,9059.02
21108,CUST003829,18304.86
63072,CUST003830,11024.99
17976,CUST003831,1765.24
20736,CUST003832,4617.91
8124,CUST003833,4708.67
57072,CUST003834,2231.52
200964,CUST003835,7234.7
3480,CUST003836,2028.14
70944,CUST003837,50434.09
95268,CUST003838,80939.69
16788,CUST003839,13907.18
14616,CUST003840,11950.04
16968,CUST003841,5792.88
27072,CUST003842,13081.19
19476,CUST003843,17579.04
10584,CUST003844,550.37
169512,CUST003845,16764.74
19392,CUST003846,16855.53
74328,CUST003847,28854.13
3540,CUST003848,1742.74
20040,CUST003849,18512.95
142836,CUST003850,27167.41
9852,CUST003851,969.44
261072,CUST003852,77825.56
9432,CUST003853,2594.74
50880,CUST003854,26869.73
115836,CUST003855,13749.73
89796,CUST003856,73578.84
142272,CUST003857,19135.58
5508,CUST003858,4280.27
74328,CUST003859,65795.15
22692,CUST003860,7467.94
14916,CUST003861,3385.93
55260,CUST003862,35946.63
14184,CUST003863,4726.11
75216,CUST003864,3941.32
23352,CUST003865,21086.86
104280,CUST003866,56665.75
130332,CUST003867,5669.44
174192,CUST003868,114740.27
22224,CUST003869,4773.72
12804,CUST003870,2624.82
35352,CUST003871,7102.22
21840,CUST003872,19409.21
2472,CUST003873,418.26
95568,CUST003874,18874.68
217788,CUST003875,125816.13
19296,CUST003876,5429.89
70272,CUST003877,2459.52
3684,CUST003878,80.68
19800,CUST003879,10749.42
133380,CUST003880,46616.31
225708,CUST003881,99311.52
53376,CUST003882,33888.42
16188,CUST003883,1539.48
21084,CUST003884,15296.44
9264,CUST003885,2145.54
8340,CUST003886,6305.04
3096,CUST003887,477.71
37584,CUST003888,9892.11
48588,CUST003889,30867.96
12060,CUST003890,3314.09
19764,CUST003891,5466.72
151608,CUST003892,60825.13
15960,CUST003893,6404.75
20460,CUST003894,3140.61
200976,CUST003895,150551.12
3108,CUST003896,517.48
22068,CUST003897,14456.75
4392,CUST003898,592.92
189732,CUST003899,149565.74
3876,CUST003900,1279.86
39924,CUST003901,5761.03
11520,CUST003902,7698.82
219372,CUST003903,63025.58
13056,CUST003904,6175.49
15108,CUST003905,6590.11
41544,CUST003906,6925.38
22452,CUST003907,14169.46
224844,CUST003908,185136.55
9264,CUST003909,6500.55
196176,CUST003910,34919.33
5832,CUST003911,552.29
1344,CUST003912,167.19
1716,CUST003913,1304.33
27528,CUST003914,15770.79
8964,CUST003915,1024.59
270420,CUST003916,112251.34
3864,CUST003917,1273.96
81960,CUST003918,71854.33
52068,CUST003919,48225.38
20820,CUST003920,18488.16
10872,CUST003921,4053.08
7524,CUST003922,5901.07
60468,CUST003923,6379.37
29544,CUST003924,15614
2844,CUST003925,1668.29
12708,CUST003926,7549.82
64224,CUST003927,33004.71
12168,CUST003928,10768.68
2916,CUST003929,2412.12
22572,CUST003930,9733.05
52524,CUST003931,19376.1
13644,CUST003932,11227.65
102372,CUST003933,40467.65
3456,CUST003934,1950.22
13692,CUST003935,11962.7
250116,CUST003936,53399.77
11772,CUST003937,2024.78
46356,CUST003938,10124.15
59556,CUST003939,53374.09
230916,CUST003940,102318.88
68688,CUST003941,51673.98
13356,CUST003942,7729.12
63864,CUST003943,42271.58
77940,CUST003944,17661.2
78792,CUST003945,64837.94
276024,CUST003946,53162.22
71508,CUST003947,65222.45
92136,CUST003948,56193.75
231768,CUST003949,214431.75
3852,CUST003950,3199.09
20124,CUST003951,18675.07
61560,CUST003952,14263.45
14064,CUST003953,7700.04
36996,CUST003954,29204.64
13836,CUST003955,4915.93
95736,CUST003956,82792.49
72912,CUST003957,59343.08
35436,CUST003958,10659.15
87528,CUST003959,75948.05
91884,CUST003960,32692.33
73908,CUST003961,20930.75
60480,CUST003962,41954.98
5796,CUST003963,3516.43
19560,CUST003964,13832.83
46728,CUST003965,10710.06
181236,CUST003966,69014.67
12984,CUST003967,11000.04
54120,CUST003968,30637.33
90924,CUST003969,40443
17448,CUST003970,2484.6
37692,CUST003971,24609.11
80352,CUST003972,22072.69
37524,CUST003973,25692.68
158436,CUST003974,136809.49
74292,CUST003975,60741.14
14316,CUST003976,5631.91
90036,CUST003977,79483.78
8628,CUST003978,139.77
8448,CUST003979,4574.59
63252,CUST003980,32119.37
43044,CUST003981,32769.4
17556,CUST003982,1365.86
12540,CUST003983,3424.67
113364,CUST003984,87687.05
59556,CUST003985,21684.34
75600,CUST003986,48565.44
177744,CUST003987,103215.94
78864,CUST003988,21017.26
23856,CUST003989,1693.78
5784,CUST003990,3348.36
220956,CUST003991,31000.13
17820,CUST003992,2870.8
76704,CUST003993,28955.76
65340,CUST003994,11722
15420,CUST003995,13726.88
52788,CUST003996,48892.25
2292,CUST003997,419.21
62376,CUST003998,23041.69
48840,CUST003999,17064.7
4812,CUST004000,3610.44
16284,CUST004001,7787.01
37596,CUST004002,27091.68
14448,CUST004003,6180.85
10032,CUST004004,990.16
52332,CUST004005,19603.57
20772,CUST004006,15990.29
21876,CUST004007,11994.61
16920,CUST004008,837.54
106896,CUST004009,16109.23
30744,CUST004010,18080.55
190008,CUST004011,51834.18
70440,CUST004012,20793.89
68664,CUST004013,23057.37
37320,CUST004014,5635.32
34152,CUST004015,19405.17
11928,CUST004016,6919.43
62400,CUST004017,50113.44
19020,CUST004018,16201.24
16440,CUST004019,11233.45
88344,CUST004020,21644.28
63396,CUST004021,6130.39
16464,CUST004022,5090.67
51540,CUST004023,48901.15
12072,CUST004024,10512.3
11832,CUST004025,603.43
12552,CUST004026,10785.93
226920,CUST004027,7057.21
14904,CUST004028,5462.32
23064,CUST004029,3514.95
23436,CUST004030,13475.7
89856,CUST004031,22275.3
52428,CUST004032,43646.31
66492,CUST004033,9515.01
91680,CUST004034,82997.9
78156,CUST004035,29011.51
17088,CUST004036,13591.8
23340,CUST004037,4602.65
23916,CUST004038,16789.03
17160,CUST004039,14335.46
11016,CUST004040,2597.57
149700,CUST004041,129445.59
170772,CUST004042,151286.91
278988,CUST004043,165021.4
8760,CUST004044,5192.93
3204,CUST004045,2121.05
22152,CUST004046,21013.39
14364,CUST004047,1554.18
130008,CUST004048,66161.07
11844,CUST004049,7754.27
121452,CUST004050,94683.98
77460,CUST004051,12742.17
86976,CUST004052,53516.33
76704,CUST004053,33128.46
13152,CUST004054,7905.67
180672,CUST004055,126976.28
245112,CUST004056,140424.66
8808,CUST004057,8215.22
83400,CUST004058,30432.66
9648,CUST004059,3293.83
34440,CUST004060,29515.08
5928,CUST004061,477.8
51108,CUST004062,6429.39
9684,CUST004063,6784.61
17256,CUST004064,8534.82
7824,CUST004065,6988.4
13692,CUST004066,12737.67
40272,CUST004067,17514.29
20676,CUST004068,7193.18
75624,CUST004069,68485.09
38328,CUST004070,31145.33
20400,CUST004071,6428.04
77736,CUST004072,43679.86
201912,CUST004073,27217.74
18252,CUST004074,11122.77
11640,CUST004075,9862.57
6708,CUST004076,2662.41
137052,CUST004077,29548.41
164196,CUST004078,91801.98
21336,CUST004079,16870.38
141876,CUST004080,31354.6
13380,CUST004081,12444.74
6192,CUST004082,2515.81
60612,CUST004083,8806.92
231972,CUST004084,212880.7
5136,CUST004085,1758.05
14436,CUST004086,2094.66
5304,CUST004087,3178.69
63972,CUST004088,53486.99
68796,CUST004089,7319.89
14364,CUST004090,6966.54
165756,CUST004091,3646.63
16332,CUST004092,8012.48
113640,CUST004093,91468.84
64752,CUST004094,36759.71
70500,CUST004095,6133.5
66228,CUST004096,40743.47
55980,CUST004097,21087.67
158292,CUST004098,114049.39
33420,CUST004099,1032.68
15240,CUST004100,207.26
23856,CUST004101,2068.32
103536,CUST004102,19288.76
58992,CUST004103,53570.64
4572,CUST004104,2324.4
51984,CUST004105,38431.77
122112,CUST004106,58332.9
56364,CUST004107,7626.05
15324,CUST004108,4361.21
13908,CUST004109,8731.44
92472,CUST004110,77722.72
31788,CUST004111,13637.05
93372,CUST004112,75099.1
77004,CUST004113,53379.17
229404,CUST004114,178682.78
3948,CUST004115,1871.35
121332,CUST004116,25115.72
1812,CUST004117,45.48
293928,CUST004118,61724.88
216108,CUST004119,2939.07
78060,CUST004120,28733.89
272112,CUST004121,64599.39
5568,CUST004122,5172.67
215820,CUST004123,144232.51
168720,CUST004124,51932.02
23496,CUST004125,16628.12
92016,CUST004126,15329.87
55032,CUST004127,37289.68
109608,CUST004128,69458.59
19956,CUST004129,6705.22
4032,CUST004130,3745.73
61380,CUST004131,56076.77
14244,CUST004132,10348.27
6828,CUST004133,2621.95
51204,CUST004134,7721.56
6948,CUST004135,2525.6
13116,CUST004136,1493.91
195984,CUST004137,15306.35
14616,CUST004138,5454.69
3864,CUST004139,350.46
7692,CUST004140,4822.88
92832,CUST004141,14221.86
70068,CUST004142,18161.63
20832,CUST004143,4166.4
17004,CUST004144,2094.89
65892,CUST004145,53893.07
21996,CUST004146,9876.2
263640,CUST004147,154018.49
209304,CUST004148,66349.37
82980,CUST004149,44693.03
61956,CUST004150,54905.41
18072,CUST004151,11678.13
191124,CUST004152,88318.4
23568,CUST004153,6167.75
67344,CUST004154,38675.66
8364,CUST004155,355.47
53940,CUST004156,32272.3
18744,CUST004157,7677.54
256284,CUST004158,225914.35
44808,CUST004159,16847.81
51012,CUST004160,10630.9
8316,CUST004161,7664.03
75660,CUST004162,14390.53
37512,CUST004163,14070.75
111012,CUST004164,71291.91
46236,CUST004165,859.99
110196,CUST004166,36838.52
236928,CUST004167,89345.55
8964,CUST004168,1792.8
16716,CUST004169,3807.9
12444,CUST004170,7136.63
11160,CUST004171,9003.89
58452,CUST004172,13028.95
24960,CUST004173,18727.49
78684,CUST004174,44346.3
85464,CUST004175,17024.43
92052,CUST004176,40300.37
32052,CUST004177,28231.4
22296,CUST004178,12706.49
17484,CUST004179,1905.76
3168,CUST004180,172.02
29064,CUST004181,13584.51
49848,CUST004182,14640.36
17436,CUST004183,3373.87
215268,CUST004184,67292.78
70380,CUST004185,62096.27
6552,CUST004186,872.07
234480,CUST004187,101623.63
15480,CUST004188,8193.56
23748,CUST004189,11608.02
67836,CUST004190,5447.23
17160,CUST004191,10908.61
33936,CUST004192,25784.57
167676,CUST004193,106709.01
9072,CUST004194,5156.52
14832,CUST004195,5094.79
39156,CUST004196,11343.49
209364,CUST004197,132422.73
21300,CUST004198,13585.14
14028,CUST004199,1042.28
86628,CUST004200,40732.49
78864,CUST004201,35851.57
15912,CUST004202,3677.26
56712,CUST004203,26195.27
6480,CUST004204,3711.1
12936,CUST004205,11629.46
16992,CUST004206,4968.46
6048,CUST004207,4095.1
15648,CUST004208,8756.62
80496,CUST004209,56910.67
81084,CUST004210,58996.72
227628,CUST004211,136622.33
8880,CUST004212,5703.62
263844,CUST004213,106540.21
72600,CUST004214,17903.16
47412,CUST004215,15053.31
248940,CUST004216,31142.39
11172,CUST004217,3048.84
16308,CUST004218,13662.84
13296,CUST004219,3645.76
85248,CUST004220,50552.06
9108,CUST004221,2009.22
64800,CUST004222,28531.44
2328,CUST004223,471.89
195648,CUST004224,171035.48
63432,CUST004225,13904.29
18996,CUST004226,15987.03
22320,CUST004227,1457.5
32256,CUST004228,10005.81
190620,CUST004229,7948.85
196488,CUST004230,17015.86
30000,CUST004231,7854
10308,CUST004232,9533.87
20076,CUST004233,16106.97
10824,CUST004234,8094.19
2076,CUST004235,675.12
1860,CUST004236,459.42
170844,CUST004237,136521.44
14220,CUST004238,7038.9
22548,CUST004239,4178.14
23076,CUST004240,12892.56
7260,CUST004241,4477.24
4932,CUST004242,4070.87
5472,CUST004243,1616.98
4488,CUST004244,1193.81
127284,CUST004245,81996.35
3768,CUST004246,1159.41
213168,CUST004247,188120.76
92580,CUST004248,71851.34
19224,CUST004249,17009.4
62988,CUST004250,20987.6
8376,CUST004251,3324.43
147816,CUST004252,3458.89
49692,CUST004253,19727.72
1464,CUST004254,1363.57
43188,CUST004255,630.54
33972,CUST004256,2520.72
15552,CUST004257,12113.45
17784,CUST004258,1938.46
14556,CUST004259,8366.79
285024,CUST004260,210262.2
57816,CUST004261,15113.1
5892,CUST004262,5188.5
92388,CUST004263,53889.92
21708,CUST004264,15345.39
87528,CUST004265,57803.49
56796,CUST004266,24905.05
5736,CUST004267,1528.64
36888,CUST004268,23921.87
150060,CUST004269,114210.67
11436,CUST004270,936.61
8868,CUST004271,3964
7056,CUST004272,3688.17
82320,CUST004273,72359.28
41484,CUST004274,15817.85
18780,CUST004275,6227.45
17448,CUST004276,1687.22
22284,CUST004277,2567.12
5844,CUST004278,3212.45
19044,CUST004279,6556.85
15564,CUST004280,7708.85
12936,CUST004281,7118.68
78276,CUST004282,12140.61
14988,CUST004283,12354.61
3288,CUST004284,1980.03
65448,CUST004285,54177.85
42012,CUST004286,32672.73
15708,CUST004287,1610.07
2304,CUST004288,2120.37
15792,CUST004289,258.99
13176,CUST004290,4730.18
13020,CUST004291,2061.07
8748,CUST004292,1550.15
4476,CUST004293,3591.99
5664,CUST004294,209
158700,CUST004295,29676.9
16212,CUST004296,14157.94
2316,CUST004297,1628.84
112356,CUST004298,64368.75
74172,CUST004299,15590.95
65088,CUST004300,15113.43
22740,CUST004301,1814.65
13668,CUST004302,7190.73
6432,CUST004303,2882.82
15420,CUST004304,10072.34
135972,CUST004305,106955.58
183168,CUST004306,60518.71
2088,CUST004307,515.53
79416,CUST004308,29248.91
20292,CUST004309,866.47
74568,CUST004310,43137.59
6072,CUST004311,3473.18
95928,CUST004312,19166.41
237204,CUST004313,132668.2
171516,CUST004314,45417.44
243084,CUST004315,173148.73
4164,CUST004316,3175.88
65364,CUST004317,54899.22
16584,CUST004318,14423.1
267024,CUST004319,185581.68
3876,CUST004320,2569.01
14988,CUST004321,1080.63
7848,CUST004322,7314.34
14112,CUST004323,8575.86
11232,CUST004324,473.99
5112,CUST004325,511.2
43044,CUST004326,24014.25
12960,CUST004327,9643.54
51372,CUST004328,12329.28
24264,CUST004329,13505.34
14256,CUST004330,9190.84
77604,CUST004331,20510.74
2172,CUST004332,1843.16
49008,CUST004333,32497.2
13236,CUST004334,8979.3
46032,CUST004335,42759.12
15132,CUST004336,5361.27
116568,CUST004337,22381.06
15804,CUST004338,7034.36
92688,CUST004339,42682.82
22464,CUST004340,10459.24
23676,CUST004341,4171.71
35700,CUST004342,26864.25
17448,CUST004343,14579.55
13128,CUST004344,2804.14
6072,CUST004345,4552.18
77964,CUST004346,67820.88
7212,CUST004347,3308.87
59520,CUST004348,16338.24
72024,CUST004349,65325.77
3636,CUST004350,415.96
45876,CUST004351,15625.37
68160,CUST004352,56293.34
15024,CUST004353,11367.16
48036,CUST004354,3007.05
15360,CUST004355,11215.87
16572,CUST004356,10410.53
22524,CUST004357,1072.14
58608,CUST004358,10379.48
7656,CUST004359,1769.3
124284,CUST004360,15672.21
222240,CUST004361,125121.12
19608,CUST004362,16343.27
92472,CUST004363,65516.41
48540,CUST004364,20498.44
14484,CUST004365,6381.65
125136,CUST004366,22023.94
52164,CUST004367,4251.37
7236,CUST004368,2364.72
8484,CUST004369,425.05
22152,CUST004370,8767.76
249312,CUST004371,230189.77
17556,CUST004372,9387.19
78816,CUST004373,15038.09
267852,CUST004374,40097.44
21300,CUST004375,4732.86
70380,CUST004376,45092.47
129072,CUST004377,48789.22
4140,CUST004378,2589.98
48072,CUST004379,41779.38
23964,CUST004380,19259.87
88080,CUST004381,81077.64
13992,CUST004382,10685.69
30252,CUST004383,17960.61
152028,CUST004384,123978.83
16632,CUST004385,5288.98
18288,CUST004386,2092.15
5844,CUST004387,2424.09
7572,CUST004388,4799.13
249624,CUST004389,93259.53
87768,CUST004390,79324.72
20136,CUST004391,15432.23
272088,CUST004392,115746.24
94320,CUST004393,80379.5
12480,CUST004394,11776.13
16404,CUST004395,9780.06
29340,CUST004396,22398.16
34164,CUST004397,24505.84
9780,CUST004398,3346.72
62652,CUST004399,51756.82
18216,CUST004400,5503.05
70956,CUST004401,64215.18
22884,CUST004402,3746.11
95472,CUST004403,60070.98
283392,CUST004404,261570.82
56316,CUST004405,18184.44
59400,CUST004406,700.92
78168,CUST004407,34237.58
21768,CUST004408,1582.53
6192,CUST004409,1141.8
46596,CUST004410,26373.34
246108,CUST004411,149116.84
18768,CUST004412,10157.24
15756,CUST004413,12847.44
39336,CUST004414,3343.56
124092,CUST004415,73065.37
229764,CUST004416,186200.75
9048,CUST004417,5046.97
84636,CUST004418,55893.61
18156,CUST004419,13578.87
73260,CUST004420,45369.92
23424,CUST004421,18371.44
2376,CUST004422,1355.27
281424,CUST004423,42072.89
22320,CUST004424,20431.73
14148,CUST004425,2338.66
18756,CUST004426,4238.86
90672,CUST004427,47231.04
8172,CUST004428,2539.86
191868,CUST004429,40119.6
21480,CUST004430,9135.44
15804,CUST004431,8836.02
3648,CUST004432,1719.3
13560,CUST004433,1297.69
22332,CUST004434,9678.69
28908,CUST004435,13916.31
16824,CUST004436,1626.88
56148,CUST004437,3857.37
197820,CUST004438,116792.93
8364,CUST004439,6676.98
77568,CUST004440,7043.17
89160,CUST004441,1890.19
10572,CUST004442,8375.14
3708,CUST004443,1377.52
15408,CUST004444,7887.36
22272,CUST004445,5864.22
20328,CUST004446,14583.31
257400,CUST004447,93745.08
43188,CUST004448,15668.61
63888,CUST004449,40715.82
2556,CUST004450,40.9
15420,CUST004451,7238.15
218736,CUST004452,62449.13
8232,CUST004453,6950.28
65448,CUST004454,39079
11268,CUST004455,6224.44
89676,CUST004456,41672.44
29076,CUST004457,17529.92
51792,CUST004458,6064.84
287628,CUST004459,100669.8
21060,CUST004460,697.09
255408,CUST004461,148902.86
67212,CUST004462,18839.52
22332,CUST004463,18030.86
163224,CUST004464,129942.63
74508,CUST004465,20005.4
82668,CUST004466,59504.43
10908,CUST004467,3842.89
246516,CUST004468,68975.18
19656,CUST004469,15241.26
80256,CUST004470,34269.31
65556,CUST004471,30444.21
36348,CUST004472,11151.57
74496,CUST004473,58278.22
20400,CUST004474,2633.64
82944,CUST004475,78606.03
15684,CUST004476,3624.57
22548,CUST004477,9754.26
9828,CUST004478,5256.01
16056,CUST004479,2369.87
224724,CUST004480,121261.07
11436,CUST004481,964.05
7764,CUST004482,2996.9
296472,CUST004483,44559.74
5712,CUST004484,1252.07
6852,CUST004485,3939.9
38988,CUST004486,36796.87
94788,CUST004487,88304.5
13128,CUST004488,4078.87
43356,CUST004489,30002.35
52488,CUST004490,30343.31
9024,CUST004491,8406.76
10080,CUST004492,341.71
14352,CUST004493,9604.36
3636,CUST004494,2970.61
57096,CUST004495,48965.53
65328,CUST004496,4670.95
14232,CUST004497,2913.29
11172,CUST004498,8724.21
15576,CUST004499,10058.98
32568,CUST004500,14515.56
10908,CUST004501,2954.98
87252,CUST004502,76171
10680,CUST004503,2930.59
53736,CUST004504,39694.78
84384,CUST004505,31179.89
74892,CUST004506,54783.5
16668,CUST004507,7830.63
16284,CUST004508,11664.23
212124,CUST004509,19897.23
16020,CUST004510,9131.4
111480,CUST004511,56375.44
82596,CUST004512,49384.15
15600,CUST004513,12169.56
51612,CUST004514,38414.81
39552,CUST004515,27239.46
9876,CUST004516,1398.44
16524,CUST004517,5290.98
60048,CUST004518,50728.55
39228,CUST004519,19504.16
52056,CUST004520,13747.99
2676,CUST004521,1234.44
73116,CUST004522,921.26
222216,CUST004523,140084.97
1716,CUST004524,576.23
36792,CUST004525,21806.62
60504,CUST004526,8289.05
243528,CUST004527,125636.1
9780,CUST004528,8944.79
10272,CUST004529,1827.39
64428,CUST004530,13426.8
22896,CUST004531,4254.08
111600,CUST004532,11171.16
10644,CUST004533,6300.18
200664,CUST004534,175581
2496,CUST004535,769.52
12708,CUST004536,5816.45
14340,CUST004537,7564.35
184248,CUST004538,88162.67
5676,CUST004539,3435.68
17748,CUST004540,2791.76
94608,CUST004541,17284.88
75984,CUST004542,11534.37
19164,CUST004543,13750.17
6480,CUST004544,2315.95
89472,CUST004545,28926.3
59784,CUST004546,21611.92
14052,CUST004547,11458
18804,CUST004548,8587.79
53352,CUST004549,45765.35
21768,CUST004550,6027.56
10704,CUST004551,5267.44
51936,CUST004552,16198.84
48204,CUST004553,21576.11
16692,CUST004554,14471.96
54336,CUST004555,20555.31
76332,CUST004556,69095.73
16848,CUST004557,4208.63
175776,CUST004558,82315.9
2136,CUST004559,1562.7
78816,CUST004560,68861.54
144036,CUST004561,92197.44
6864,CUST004562,1751.69
37008,CUST004563,13000.91
266232,CUST004564,166554.74
68376,CUST004565,55193.11
45996,CUST004566,16954.13
179004,CUST004567,103249.51
60420,CUST004568,13292.4
130824,CUST004569,54265.8
10392,CUST004570,1309.39
36492,CUST004571,22876.83
44064,CUST004572,2983.13
26580,CUST004573,5717.36
61488,CUST004574,36517.72
23760,CUST004575,5101.27
23244,CUST004576,21419.35
43560,CUST004577,9548.35
14976,CUST004578,12159.01
23400,CUST004579,2674.62
10044,CUST004580,859.77
91668,CUST004581,70593.53
56124,CUST004582,11600.83
1680,CUST004583,1081.08
3972,CUST004584,2690.24
1668,CUST004585,248.87
17424,CUST004586,12905.96
38652,CUST004587,31462.73
7080,CUST004588,1919.39
207360,CUST004589,174887.42
15828,CUST004590,10964.06
51732,CUST004591,17806.15
46620,CUST004592,12326.33
23808,CUST004593,14001.48
186324,CUST004594,137059.93
15132,CUST004595,9079.2
15720,CUST004596,11315.26
269088,CUST004597,30891.3
21060,CUST004598,3125.3
1548,CUST004599,51.86
9276,CUST004600,7701.86
8880,CUST004601,2497.94
20868,CUST004602,4820.51
232164,CUST004603,88872.38
29880,CUST004604,14231.84
59520,CUST004605,46824.38
258672,CUST004606,27393.36
17004,CUST004607,1157.97
66528,CUST004608,971.31
8940,CUST004609,921.71
4368,CUST004610,1712.26
16020,CUST004611,15044.38
13512,CUST004612,4068.46
11988,CUST004613,1220.38
112668,CUST004614,10354.19
72960,CUST004615,56514.82
112032,CUST004616,40129.86
211176,CUST004617,11656.92
2544,CUST004618,2377.11
21372,CUST004619,19100.16
222300,CUST004620,174794.49
90864,CUST004621,75853.27
89424,CUST004622,54477.1
15672,CUST004623,9625.74
80508,CUST004624,51621.73
23916,CUST004625,19902.9
26412,CUST004626,22981.08
38796,CUST004627,31669.17
177984,CUST004628,57310.85
176892,CUST004629,82555.5
20808,CUST004630,769.9
201612,CUST004631,92418.94
75480,CUST004632,50760.3
210552,CUST004633,74977.57
35364,CUST004634,30561.57
76032,CUST004635,47018.19
16956,CUST004636,15480.83
73500,CUST004637,47554.5
6324,CUST004638,1765.03
35268,CUST004639,27889.93
17652,CUST004640,15569.06
15312,CUST004641,14116.13
41652,CUST004642,4131.88
94488,CUST004643,87836.04
13476,CUST004644,7295.91
42696,CUST004645,16040.89
21816,CUST004646,14337.48
27192,CUST004647,4255.55
13296,CUST004648,11509.02
67524,CUST004649,63060.66
234780,CUST004650,207334.22
71208,CUST004651,7042.47
298020,CUST004652,17046.74
54720,CUST004653,29685.6
11244,CUST004654,1526.94
9828,CUST004655,2930.71
9060,CUST004656,6168.95
31992,CUST004657,27385.15
84480,CUST004658,3810.05
85308,CUST004659,28143.11
41304,CUST004660,12696.85
66444,CUST004661,13773.84
15240,CUST004662,6950.96
76908,CUST004663,15743.07
22704,CUST004664,844.59
294888,CUST004665,131844.42
269376,CUST004666,201196.93
52044,CUST004667,28213.05
66348,CUST004668,58950.2
22584,CUST004669,16497.61
51756,CUST004670,44887.98
232572,CUST004671,83330.55
227076,CUST004672,119714.47
11016,CUST004673,8450.37
8808,CUST004674,1628.6
92160,CUST004675,68041.73
14940,CUST004676,2778.84
95076,CUST004677,62911.79
4284,CUST004678,1641.63
20700,CUST004679,4580.91
23460,CUST004680,13641.99
15120,CUST004681,5476.46
22728,CUST004682,20693.84
75420,CUST004683,21094.97
9216,CUST004684,2349.16
67668,CUST004685,32108.47
38868,CUST004686,10844.17
13020,CUST004687,6322.51
37956,CUST004688,34710.76
17544,CUST004689,15272.05
21372,CUST004690,18307.26
3360,CUST004691,158.26
17940,CUST004692,15762.08
12168,CUST004693,8374.02
7356,CUST004694,1146.06
131988,CUST004695,28166.24
12252,CUST004696,1805.94
95340,CUST004697,77063.32
91740,CUST004698,28742.14
18312,CUST004699,15204.45
5388,CUST004700,3737.66
23208,CUST004701,2139.78
210948,CUST004702,163547.98
19980,CUST004703,18523.46
81096,CUST004704,14435.09
8508,CUST004705,3839.66
9204,CUST004706,7226.06
9576,CUST004707,2475.4
20592,CUST004708,1309.65
26232,CUST004709,4978.83
11016,CUST004710,5480.46
188952,CUST004711,157831.61
181380,CUST004712,158689.36
19176,CUST004713,5058.63
7728,CUST004714,3366.32
296028,CUST004715,151921.57
19656,CUST004716,9973.45
53688,CUST004717,23676.41
13956,CUST004718,8820.19
33960,CUST004719,6353.92
15948,CUST004720,690.55
110508,CUST004721,14741.77
23772,CUST004722,744.06
75120,CUST004723,40797.67
73416,CUST004724,5645.69
6168,CUST004725,1179.32
1512,CUST004726,1219.88
20916,CUST004727,5858.57
21000,CUST004728,1596
14688,CUST004729,5923.67
147180,CUST004730,118185.54
14460,CUST004731,4173.16
11268,CUST004732,6717.98
17640,CUST004733,12395.63
132192,CUST004734,116487.59
94596,CUST004735,67721.28
5208,CUST004736,4510.13
9924,CUST004737,1919.3
13620,CUST004738,9256.15
12816,CUST004739,10498.87
20304,CUST004740,10941.83
18108,CUST004741,11236.01
14016,CUST004742,7478.94
80268,CUST004743,48794.92
27120,CUST004744,753.94
36492,CUST004745,25756.05
13560,CUST004746,11455.49
7212,CUST004747,3714.9
72900,CUST004748,50206.23
110340,CUST004749,96315.79
166224,CUST004750,118783.67
208608,CUST004751,10534.7
46620,CUST004752,15025.63
85764,CUST004753,5806.22
22272,CUST004754,8833.08
89436,CUST004755,49601.21
22632,CUST004756,20441.22
8352,CUST004757,5790.44
22032,CUST004758,12760.93
15576,CUST004759,10582.33
5208,CUST004760,1172.84
28548,CUST004761,19224.22
23664,CUST004762,17783.5
72660,CUST004763,36511.65
76416,CUST004764,61881.68
21216,CUST004765,13862.53
42792,CUST004766,15888.67
6624,CUST004767,2209.1
3828,CUST004768,2309.05
181440,CUST004769,111894.05
21612,CUST004770,1339.94
185616,CUST004771,27768.15
10224,CUST004772,1162.47
55068,CUST004773,21107.56
22692,CUST004774,2639.08
18720,CUST004775,14663.38
17664,CUST004776,4574.98
176064,CUST004777,148439.56
14364,CUST004778,5524.39
7248,CUST004779,1880.86
12072,CUST004780,2468.72
74604,CUST004781,64562.3
1920,CUST004782,76.99
21780,CUST004783,4491.04
3144,CUST004784,2901.28
230880,CUST004785,171128.26
51504,CUST004786,24783.72
7704,CUST004787,5752.58
16956,CUST004788,2843.52
12552,CUST004789,301.25
190932,CUST004790,74387.11
155376,CUST004791,44919.2
273132,CUST004792,36162.68
18840,CUST004793,10028.53
8652,CUST004794,906.73
96576,CUST004795,13539.96
65016,CUST004796,52025.8
16200,CUST004797,13816.98
50400,CUST004798,44704.8
16704,CUST004799,11201.7
5340,CUST004800,1391.6
251196,CUST004801,104422.18
7512,CUST004802,4396.02
95004,CUST004803,65267.75
1668,CUST004804,957.6
281820,CUST004805,174418.4
5196,CUST004806,2896.77
7152,CUST004807,5893.25
9708,CUST004808,5947.12
14652,CUST004809,13705.48
95220,CUST004810,55075.25
4452,CUST004811,1634.77
229200,CUST004812,24799.44
154740,CUST004813,87567.37
82788,CUST004814,19744.94
83364,CUST004815,3267.87
66360,CUST004816,54979.26
89160,CUST004817,66192.38
8268,CUST004818,1675.1
128268,CUST004819,49357.53
114864,CUST004820,106030.96
5172,CUST004821,372.9
12888,CUST004822,5273.77
271380,CUST004823,129339.71
83352,CUST004824,79142.72
41016,CUST004825,16832.97
40608,CUST004826,23938.42
6384,CUST004827,4789.92
10932,CUST004828,2196.24
14664,CUST004829,11552.3
9528,CUST004830,6544.78
35628,CUST004831,4350.18
22836,CUST004832,9159.52
12540,CUST004833,4669.9
65316,CUST004834,18895.92
83592,CUST004835,6302.84
19608,CUST004836,13939.33
28488,CUST004837,12873.73
156456,CUST004838,22670.47
2112,CUST004839,604.88
49392,CUST004840,19475.27
284856,CUST004841,73606.79
27276,CUST004842,6349.85
257676,CUST004843,213716.47
3336,CUST004844,1507.54
3540,CUST004845,1437.95
91632,CUST004846,79692.35
54384,CUST004847,17756.38
19740,CUST004848,10722.77
22392,CUST004849,14597.34
52668,CUST004850,26634.21
31320,CUST004851,26205.44
8172,CUST004852,554.06
16380,CUST004853,10578.2
63660,CUST004854,13960.64
122892,CUST004855,4055.44
17364,CUST004856,13938.08
63984,CUST004857,6334.42
69600,CUST004858,36198.96
212256,CUST004859,141956.81
78252,CUST004860,42702.12
20208,CUST004861,9863.52
14724,CUST004862,1562.22
8628,CUST004863,7799.71
210708,CUST004864,160770.2
286092,CUST004865,129370.8
23052,CUST004866,1122.63
4728,CUST004867,2085.05
60456,CUST004868,17568.51
1440,CUST004869,799.06
46536,CUST004870,34171.38
16116,CUST004871,3917.8
17016,CUST004872,13718.3
18816,CUST004873,9308.28
189324,CUST004874,115544.44
18468,CUST004875,4066.65
23424,CUST004876,2344.74
74292,CUST004877,1114.38
74676,CUST004878,940.92
20616,CUST004879,10963.59
62760,CUST004880,14397.14
16692,CUST004881,13430.38
5748,CUST004882,1672.67
7104,CUST004883,1907.42
87936,CUST004884,24252.75
65928,CUST004885,38653.59
28044,CUST004886,22115.5
49596,CUST004887,44725.67
16188,CUST004888,9518.54
7128,CUST004889,4207.66
12828,CUST004890,5364.67
64344,CUST004891,13377.12
16272,CUST004892,198.52
85920,CUST004893,4708.42
13968,CUST004894,8345.88
19356,CUST004895,1407.18
19512,CUST004896,5738.48
201336,CUST004897,94829.26
10752,CUST004898,4057.8
62352,CUST004899,24148.93
48768,CUST004900,6793.38
8676,CUST004901,972.58
66372,CUST004902,45644.02
13380,CUST004903,8490.95
19344,CUST004904,11238.86
4152,CUST004905,2561.78
20628,CUST004906,14951.17
8388,CUST004907,1453.64
22884,CUST004908,17945.63
46848,CUST004909,2248.7
11112,CUST004910,1703.47
10968,CUST004911,9208.73
86664,CUST004912,36771.54
285828,CUST004913,14119.9
53820,CUST004914,24531.16
19212,CUST004915,16700.99
56364,CUST004916,44967.2
34440,CUST004917,11719.93
13140,CUST004918,11626.27
24636,CUST004919,17154.05
15768,CUST004920,11505.91
156324,CUST004921,6518.71
14628,CUST004922,1380.88
4908,CUST004923,3255.48
54852,CUST004924,47671.87
14604,CUST004925,11862.83
37788,CUST004926,30339.99
58704,CUST004927,27555.66
10524,CUST004928,2378.42
16044,CUST004929,11030.25
4380,CUST004930,1221.58
19128,CUST004931,12616.83
78924,CUST004932,19328.49
75228,CUST004933,7703.35
40776,CUST004934,21232.06
61176,CUST004935,23913.7
3360,CUST004936,2394.34
204060,CUST004937,18916.36
14208,CUST004938,3738.12
30864,CUST004939,12759.18
197652,CUST004940,151223.55
19200,CUST004941,17877.12
12360,CUST004942,2923.14
58980,CUST004943,20519.14
76128,CUST004944,50313
3912,CUST004945,678.73
46104,CUST004946,31788.71
145092,CUST004947,66611.74
16764,CUST004948,14281.25
70572,CUST004949,10825.74
23952,CUST004950,3803.58
201132,CUST004951,42358.4
9492,CUST004952,2533.41
5928,CUST004953,2175.58
1944,CUST004954,904.35
89592,CUST004955,23992.74
58824,CUST004956,25100.2
49764,CUST004957,28315.72
2868,CUST004958,2306.16
159120,CUST004959,89807.33
21516,CUST004960,7403.66
19896,CUST004961,2576.53
16908,CUST004962,13117.23
5316,CUST004963,1782.45
104568,CUST004964,18508.54
20868,CUST004965,3449.48
109968,CUST004966,35552.65
18552,CUST004967,2897.82
20520,CUST004968,8054.1
94284,CUST004969,30981.72
6744,CUST004970,4683.03
15936,CUST004971,976.88
8088,CUST004972,976.22
244884,CUST004973,105887.84
75108,CUST004974,56143.23
68604,CUST004975,59136.65
73620,CUST004976,65426.09
42876,CUST004977,40603.57
79500,CUST004978,48177
22944,CUST004979,16035.56
16968,CUST004980,9357.85
20892,CUST004981,2492.42
19848,CUST004982,4241.52
14328,CUST004983,10546.84
18672,CUST004984,13781.8
93384,CUST004985,31647.84
42636,CUST004986,2515.52
81732,CUST004987,55422.47
150024,CUST004988,19563.13
71436,CUST004989,63170.85
58548,CUST004990,16165.1
64620,CUST004991,30087.07
11556,CUST004992,8632.33
38364,CUST004993,33971.32
14904,CUST004994,12637.1
35220,CUST004995,3638.23
8028,CUST004996,616.55
247248,CUST004997,81715.46
28440,CUST004998,24688.76
87636,CUST004999,82491.77
149256,CUST005000,134793.09
15336,CUST005001,5728
72108,CUST005002,54665.07
280800,CUST005003,101031.84
62352,CUST005004,29361.56
44952,CUST005005,39081.27
9384,CUST005006,1273.41
15000,CUST005007,5131.5
64548,CUST005008,61094.68
24084,CUST005009,322.73
3372,CUST005010,1425.68
32736,CUST005011,27943.45
13728,CUST005012,3190.39
202728,CUST005013,156911.47
32148,CUST005014,20115
13236,CUST005015,10952.79
90336,CUST005016,17886.53
16608,CUST005017,12087.3
27312,CUST005018,18741.49
93060,CUST005019,86871.51
39036,CUST005020,18038.54
13008,CUST005021,12331.58
15600,CUST005022,11870.04
5820,CUST005023,3933.74
92472,CUST005024,64397.5
245952,CUST005025,77155.14
30900,CUST005026,17714.97
6588,CUST005027,2879.61
23952,CUST005028,17305.32
91284,CUST005029,83734.81
96372,CUST005030,66727.97
4164,CUST005031,1986.64
52392,CUST005032,1456.5
52788,CUST005033,10462.58
14016,CUST005034,12509.28
5988,CUST005035,4010.16
13464,CUST005036,10957
17952,CUST005037,16752.81
11988,CUST005038,4765.23
65304,CUST005039,42597.8
96552,CUST005040,16819.36
7188,CUST005041,5618.14
18480,CUST005042,3211.82
16512,CUST005043,14923.55
87060,CUST005044,19919.33
12036,CUST005045,9750.36
76848,CUST005046,57566.84
13008,CUST005047,4487.76
208296,CUST005048,19163.23
77556,CUST005049,19474.31
7644,CUST005050,2926.12
22476,CUST005051,12640.5
72996,CUST005052,40038.31
12156,CUST005053,10916.09
15204,CUST005054,4074.67
94692,CUST005055,80526.08
14736,CUST005056,11631.12
36228,CUST005057,16418.53
46332,CUST005058,39071.78
22164,CUST005059,9743.29
68364,CUST005060,19490.58
84084,CUST005061,65358.49
93264,CUST005062,18857.98
39876,CUST005063,12198.07
8952,CUST005064,2646.21
19896,CUST005065,8678.64
22548,CUST005066,3461.12
32580,CUST005067,23135.06
16224,CUST005068,3330.79
30300,CUST005069,20146.47
41172,CUST005070,38475.23
22332,CUST005071,12188.81
78696,CUST005072,5555.94
171300,CUST005073,23074.11
19884,CUST005074,773.49
295320,CUST005075,146655.91
77148,CUST005076,11294.47
232560,CUST005077,218211.05
173664,CUST005078,40550.54
51840,CUST005079,45816.19
88128,CUST005080,26226.89
222300,CUST005081,56175.21
191856,CUST005082,5832.42
21600,CUST005083,18949.68
16368,CUST005084,10467.34
2868,CUST005085,72.56
12528,CUST005086,6639.84
7512,CUST005087,2485.72
81180,CUST005088,40500.7
46284,CUST005089,21438.75
23568,CUST005090,21463.38
51156,CUST005091,24278.64
17712,CUST005092,12187.63
46368,CUST005093,41262.88
59016,CUST005094,12387.46
80784,CUST005095,51128.19
85008,CUST005096,63101.44
71232,CUST005097,39362.8
105600,CUST005098,72885.12
195912,CUST005099,72507.03
76332,CUST005100,63332.66
4956,CUST005101,812.78
55452,CUST005102,17456.29
19776,CUST005103,8104.2
10092,CUST005104,6783.84
9168,CUST005105,1672.24
1596,CUST005106,1052.4
3396,CUST005107,2088.54
2316,CUST005108,1898.43
20436,CUST005109,13890.35
16428,CUST005110,9635.02
73488,CUST005111,26565.91
11172,CUST005112,2557.27
13668,CUST005113,3548.21
60792,CUST005114,13824.1
24252,CUST005115,22127.52
237492,CUST005116,177596.52
3360,CUST005117,2458.51
247572,CUST005118,160352.38
11112,CUST005119,1677.91
85296,CUST005120,57907.45
2172,CUST005121,458.07
34164,CUST005122,29059.9
80220,CUST005123,4002.98
5292,CUST005124,4999.35
17436,CUST005125,7493.99
6564,CUST005126,3408.03
61296,CUST005127,44390.56
32640,CUST005128,14619.46
187476,CUST005129,168372.2
22248,CUST005130,7526.5
3312,CUST005131,3030.48
11808,CUST005132,972.98
4200,CUST005133,1420.86
36912,CUST005134,7031.74
88428,CUST005135,16916.28
16776,CUST005136,11919.35
86820,CUST005137,59957.89
20040,CUST005138,10068.1
153468,CUST005139,17111.68
64656,CUST005140,60479.22
13560,CUST005141,5966.4
86928,CUST005142,74010.5
15516,CUST005143,10778.97
20184,CUST005144,10634.95
4392,CUST005145,877.96
214068,CUST005146,146529.55
274548,CUST005147,158469.11
51204,CUST005148,1172.57
92544,CUST005149,33038.21
14928,CUST005150,4905.34
77400,CUST005151,73506.78
32616,CUST005152,5424.04
7860,CUST005153,5517.72
3468,CUST005154,1891.79
3996,CUST005155,3080.92
14196,CUST005156,12263.92
168420,CUST005157,6955.75
2016,CUST005158,562.87
21084,CUST005159,3862.59
232200,CUST005160,109900.26
22176,CUST005161,6107.27
87468,CUST005162,55559.67
41916,CUST005163,4426.33
10752,CUST005164,3170.76
204588,CUST005165,193110.61
53544,CUST005166,25187.1
132792,CUST005167,123217.7
73848,CUST005168,51988.99
10872,CUST005169,8676.94
13548,CUST005170,3972.27
7128,CUST005171,666.47
78084,CUST005172,66426.06
7848,CUST005173,4116.28
87720,CUST005174,22921.24
21864,CUST005175,19242.51
299580,CUST005176,275613.6
3744,CUST005177,2889.62
52836,CUST005178,6139.54
23724,CUST005179,14001.9
66780,CUST005180,28555.13
63924,CUST005181,46089.2
23328,CUST005182,14822.61
61776,CUST005183,38066.37
84156,CUST005184,24859.68
135972,CUST005185,8103.93
29232,CUST005186,21769.07
31308,CUST005187,5009.28
10920,CUST005188,8038.21
17472,CUST005189,8437.23
20292,CUST005190,12739.32
90696,CUST005191,23499.33
99120,CUST005192,46328.69
91560,CUST005193,86963.69
6180,CUST005194,645.81
3324,CUST005195,644.86
5340,CUST005196,122.82
83976,CUST005197,59329.04
51108,CUST005198,33450.19
4572,CUST005199,2520.54
230928,CUST005200,190030.65
267516,CUST005201,27259.88
13860,CUST005202,2828.83
2640,CUST005203,453.02
21204,CUST005204,12739.36
17460,CUST005205,15754.16
39120,CUST005206,10836.24
21396,CUST005207,9745.88
3912,CUST005208,2583.88
85308,CUST005209,35701.4
9588,CUST005210,2195.65
78108,CUST005211,54300.68
3336,CUST005212,366.63
87456,CUST005213,81124.19
21672,CUST005214,4663.81
11148,CUST005215,4877.25
21948,CUST005216,1567.09
48012,CUST005217,24308.48
250092,CUST005218,214453.89
40908,CUST005219,23113.02
126288,CUST005220,79523.55
19488,CUST005221,7257.33
77040,CUST005222,55283.9
92064,CUST005223,4501.93
88320,CUST005224,40848
51060,CUST005225,19198.56
19716,CUST005226,13190
8724,CUST005227,355.07
9588,CUST005228,318.32
105840,CUST005229,15389.14
6732,CUST005230,2550.08
58548,CUST005231,8653.39
279228,CUST005232,7650.85
17796,CUST005233,11530.03
68580,CUST005234,39899.84
160140,CUST005235,103658.62
2688,CUST005236,1089.18
250428,CUST005237,208781.82
18024,CUST005238,4679.03
64884,CUST005239,12808.1
298248,CUST005240,174892.63
10200,CUST005241,7753.02
22404,CUST005242,11000.36
37884,CUST005243,2291.98
14640,CUST005244,2324.83
74220,CUST005245,33851.74
242892,CUST005246,208789.96
4188,CUST005247,1088.88
22344,CUST005248,19139.87
158772,CUST005249,11558.6
33636,CUST005250,8745.36
18276,CUST005251,14056.07
5808,CUST005252,5456.62
6924,CUST005253,4148.17
70512,CUST005254,41214.26
10452,CUST005255,4488.09
95568,CUST005256,23739.09
25716,CUST005257,9085.46
4644,CUST005258,2236.09
16812,CUST005259,9029.73
78984,CUST005260,29168.79
60564,CUST005261,56518.32
52440,CUST005262,27824.66
22416,CUST005263,9719.58
59820,CUST005264,40396.45
1968,CUST005265,197.78
84156,CUST005266,32862.92
63492,CUST005267,711.11
30684,CUST005268,22746.05
9744,CUST005269,4133.4
246408,CUST005270,143039.84
14544,CUST005271,13208.86
37968,CUST005272,35033.07
84492,CUST005273,15462.04
149664,CUST005274,124774.88
22308,CUST005275,12715.56
2964,CUST005276,385.62
13104,CUST005277,9170.18
62616,CUST005278,39235.19
5892,CUST005279,4023.65
15204,CUST005280,10676.25
41568,CUST005281,2527.33
16980,CUST005282,4818.92
54672,CUST005283,13536.79
46812,CUST005284,8650.86
16536,CUST005285,1370.83
11964,CUST005286,634.09
203652,CUST005287,91154.64
17004,CUST005288,5990.51
10476,CUST005289,2019.77
15948,CUST005290,9056.87
70236,CUST005291,22798.61
36408,CUST005292,23665.2
11796,CUST005293,6599.86
31308,CUST005294,13559.49
9720,CUST005295,2690.5
8076,CUST005296,2847.6
66924,CUST005297,37504.21
112620,CUST005298,104680.29
51408,CUST005299,40591.76
8472,CUST005300,2175.61
14520,CUST005301,5574.23
43728,CUST005302,7717.99
158880,CUST005303,39195.7
4824,CUST005304,3478.1
81252,CUST005305,40276.62
50508,CUST005306,28425.9
22116,CUST005307,18024.54
15336,CUST005308,1194.67
20400,CUST005309,15532.56
9372,CUST005310,4136.8
27372,CUST005311,25776.21
24600,CUST005312,3419.4
6324,CUST005313,5616.98
9660,CUST005314,4925.63
70116,CUST005315,13364.11
245844,CUST005316,34073.98
23700,CUST005317,18121.02
18408,CUST005318,12070.13
41712,CUST005319,30282.91
285720,CUST005320,37743.61
70932,CUST005321,8632.42
35820,CUST005322,11369.27
96096,CUST005323,73580.71
215664,CUST005324,145810.43
120228,CUST005325,14800.07
167268,CUST005326,95894.74
11796,CUST005327,4273.69
12804,CUST005328,10830.9
199104,CUST005329,39442.5
256920,CUST005330,195875.81
77568,CUST005331,49480.63
52440,CUST005332,11893.39
80556,CUST005333,30861
78396,CUST005334,53497.43
11460,CUST005335,6360.3
120048,CUST005336,18271.31
61968,CUST005337,20015.66
33288,CUST005338,18092.03
7668,CUST005339,2923.81
19824,CUST005340,9352.96
6744,CUST005341,934.72
20172,CUST005342,12916.13
3324,CUST005343,1299.68
15912,CUST005344,10546.47
125904,CUST005345,6798.82
80688,CUST005346,63759.66
21084,CUST005347,12036.86
97548,CUST005348,24269.94
15528,CUST005349,4916.16
11424,CUST005350,7927.11
26124,CUST005351,4608.27
20568,CUST005352,7390.08
1548,CUST005353,401.09
21456,CUST005354,17192.69
95964,CUST005355,44604.07
168804,CUST005356,149965.47
6876,CUST005357,1444.65
65088,CUST005358,37998.37
71304,CUST005359,9804.3
265620,CUST005360,237012.73
299268,CUST005361,47074.86
23100,CUST005362,5969.04
13740,CUST005363,3190.43
16596,CUST005364,1151.76
4968,CUST005365,3310.68
8364,CUST005366,3256.11
141192,CUST005367,119759.05
19368,CUST005368,16716.52
11508,CUST005369,5009.43
5160,CUST005370,569.15
7800,CUST005371,1629.42
94572,CUST005372,5305.49
97476,CUST005373,78497.42
3480,CUST005374,1016.51
72816,CUST005375,32927.4
14712,CUST005376,5394.89
18276,CUST005377,8087.13
62124,CUST005378,43859.54
12948,CUST005379,8544.39
62844,CUST005380,57194.32
23340,CUST005381,11529.96
26784,CUST005382,13804.47
94068,CUST005383,9783.07
7872,CUST005384,4345.34
22464,CUST005385,1956.61
13632,CUST005386,3229.42
21144,CUST005387,13145.22
60900,CUST005388,18154.29
147072,CUST005389,67358.98
19080,CUST005390,15733.37
12204,CUST005391,5798.12
20220,CUST005392,14594.8
63852,CUST005393,41273.93
6576,CUST005394,2305.55
18924,CUST005395,10065.68
6504,CUST005396,1461.45
52284,CUST005397,43489.83
36840,CUST005398,18714.72
86760,CUST005399,38660.26
2952,CUST005400,1970.46
73608,CUST005401,35302.4
16884,CUST005402,6279.16
46380,CUST005403,12485.5
2508,CUST005404,225.22
22752,CUST005405,525.57
66084,CUST005406,24219.79
15360,CUST005407,2307.07
10284,CUST005408,770.27
61836,CUST005409,13733.78
78840,CUST005410,47335.54
94884,CUST005411,31814.61
43224,CUST005412,28748.28
75288,CUST005413,57881.41
46488,CUST005414,31662.98
47652,CUST005415,34766.9
154548,CUST005416,139139.56
13656,CUST005417,2787.19
19524,CUST005418,782.91
66780,CUST005419,16067.27
19944,CUST005420,263.26
5808,CUST005421,3139.8
12936,CUST005422,11359.1
192120,CUST005423,31661.38
8676,CUST005424,3152.86
2088,CUST005425,844.6
30228,CUST005426,10174.74
6300,CUST005427,3854.97
35376,CUST005428,25106.35
2988,CUST005429,1447.39
2448,CUST005430,2277.13
10368,CUST005431,4886.44
16632,CUST005432,5229.1
21192,CUST005433,13166.59
12132,CUST005434,5288.34
74364,CUST005435,55319.38
4920,CUST005436,1468.62
70980,CUST005437,11811.07
19512,CUST005438,2103.39
73992,CUST005439,5297.83
14580,CUST005440,11360.74
6744,CUST005441,2236.98
76236,CUST005442,18289.02
75636,CUST005443,69358.21
68340,CUST005444,13791.01
1332,CUST005445,316.22
21672,CUST005446,2901.88
74472,CUST005447,59108.43
15444,CUST005448,1232.43
78132,CUST005449,4398.83
115632,CUST005450,104993.86
187500,CUST005451,144300
33312,CUST005452,4756.95
27120,CUST005453,21424.8
198972,CUST005454,113951.26
75996,CUST005455,66146.92
23916,CUST005456,3080.38
95448,CUST005457,63110.22
57948,CUST005458,41432.82
7716,CUST005459,2065.57
5268,CUST005460,1255.89
67020,CUST005461,6038.5
225048,CUST005462,151097.23
15912,CUST005463,10089.8
6612,CUST005464,5163.97
294768,CUST005465,100397.98
19416,CUST005466,8803.21
37152,CUST005467,18635.44
44832,CUST005468,28208.29
8088,CUST005469,3587.84
126060,CUST005470,109836.08
1848,CUST005471,1087.18
11316,CUST005472,10233.06
41508,CUST005473,27968.09
283752,CUST005474,111741.54
35820,CUST005475,6247.01
73788,CUST005476,33484.99
13308,CUST005477,797.15
22524,CUST005478,17800.72
64320,CUST005479,33832.32
15048,CUST005480,2040.51
20952,CUST005481,574.08
20940,CUST005482,9843.89
34836,CUST005483,16982.55
132108,CUST005484,61826.54
51816,CUST005485,3995.01
16500,CUST005486,1008.15
59736,CUST005487,19402.25
60504,CUST005488,34789.8
291180,CUST005489,24983.24
31464,CUST005490,21046.27
42324,CUST005491,37278.98
275544,CUST005492,84371.57
12288,CUST005493,11222.63
45120,CUST005494,10251.26
4260,CUST005495,1533.6
6876,CUST005496,1348.38
2580,CUST005497,183.7
13836,CUST005498,10609.44
57408,CUST005499,31878.66
22152,CUST005500,9990.55
7296,CUST005501,123.3
10404,CUST005502,7273.44
9192,CUST005503,5302.86
2712,CUST005504,167.33
8004,CUST005505,3252.83
29592,CUST005506,27914.13
21396,CUST005507,13515.85
24756,CUST005508,5131.92
19920,CUST005509,17926.01
85632,CUST005510,45247.95
251616,CUST005511,100923.18
117228,CUST005512,31147.48
50076,CUST005513,40055.79
42948,CUST005514,1816.7
8952,CUST005515,4650.56
109776,CUST005516,19748.7
50364,CUST005517,39037.14
16176,CUST005518,8248.14
49824,CUST005519,20512.54
1368,CUST005520,867.72
11160,CUST005521,5514.16
22332,CUST005522,14768.15
15552,CUST005523,8623.58
32832,CUST005524,3946.41
6840,CUST005525,941.18
33840,CUST005526,24050.09
8640,CUST005527,2579.04
9516,CUST005528,8352.19
62364,CUST005529,43623.62
4680,CUST005530,1673.57
19536,CUST005531,2930.4
293880,CUST005532,275865.16
18780,CUST005533,10289.56
261948,CUST005534,64439.21
19404,CUST005535,4525.01
17196,CUST005536,6531.04
65592,CUST005537,41834.58
15132,CUST005538,1616.1
186312,CUST005539,103999.36
71592,CUST005540,11912.91
216312,CUST005541,9669.15
22836,CUST005542,8357.98
57168,CUST005543,43058.94
107832,CUST005544,63135.64
18300,CUST005545,8322.84
112992,CUST005546,30937.21
19692,CUST005547,297.35
17604,CUST005548,12877.33
15960,CUST005549,1415.65
9480,CUST005550,911.03
14544,CUST005551,1602.75
22524,CUST005552,16627.22
140016,CUST005553,109800.55
23448,CUST005554,14887.14
84204,CUST005555,46615.33
76452,CUST005556,10840.89
28896,CUST005557,14185.05
52740,CUST005558,35747.17
69528,CUST005559,44344.96
53508,CUST005560,41441.95
6408,CUST005561,5475
13296,CUST005562,11816.16
105000,CUST005563,82593
88080,CUST005564,82257.91
14652,CUST005565,4323.81
293064,CUST005566,112360.74
57972,CUST005567,19333.66
8364,CUST005568,4507.36
50892,CUST005569,44784.96
9888,CUST005570,2404.76
19824,CUST005571,18594.91
3540,CUST005572,1693.54
15216,CUST005573,10747.06
6384,CUST005574,2000.75
16932,CUST005575,6794.81
22248,CUST005576,5570.9
138252,CUST005577,119477.38
262608,CUST005578,245328.39
18264,CUST005579,10194.96
11904,CUST005580,1867.74
19788,CUST005581,789.54
256788,CUST005582,103973.46
53532,CUST005583,26177.15
94920,CUST005584,71066.6
3012,CUST005585,1864.73
9072,CUST005586,2643.58
5796,CUST005587,1074
88512,CUST005588,59568.58
13164,CUST005589,5162.92
85488,CUST005590,41145.37
12624,CUST005591,9575.3
20664,CUST005592,18514.94
13236,CUST005593,7011.11
3528,CUST005594,2801.23
72228,CUST005595,30711.35
18792,CUST005596,573.16
4728,CUST005597,272.81
2724,CUST005598,1312.97
111156,CUST005599,58979.37
35988,CUST005600,19858.18
279264,CUST005601,45184.92
257856,CUST005602,115313.2
18192,CUST005603,3505.6
70836,CUST005604,33668.35
94584,CUST005605,72564.84
60828,CUST005606,4318.79
62364,CUST005607,24097.45
95868,CUST005608,32633.47
257208,CUST005609,198127.32
15288,CUST005610,6538.68
79368,CUST005611,19437.22
44724,CUST005612,17509.45
69780,CUST005613,52090.77
87192,CUST005614,77321.87
72756,CUST005615,41747.39
132972,CUST005616,99729
18048,CUST005617,9726.07
7272,CUST005618,2414.3
1404,CUST005619,912.04
17676,CUST005620,15293.28
34788,CUST005621,6178.35
20772,CUST005622,4767.17
7452,CUST005623,1868.96
103716,CUST005624,16999.05
18852,CUST005625,13235.99
9228,CUST005626,97.82
5760,CUST005627,133.06
15132,CUST005628,4377.69
86832,CUST005629,25928.04
48276,CUST005630,41000.81
20964,CUST005631,4968.47
84564,CUST005632,36658.49
29244,CUST005633,14195.04
35508,CUST005634,26329.18
20448,CUST005635,14959.76
48708,CUST005636,19765.71
14268,CUST005637,3551.31
178320,CUST005638,157617.05
53580,CUST005639,1060.88
23268,CUST005640,10870.81
30864,CUST005641,4104.91
67152,CUST005642,28056.11
30360,CUST005643,14949.26
10764,CUST005644,1868.63
14904,CUST005645,1085.01
22620,CUST005646,15521.84
16404,CUST005647,5429.72
282504,CUST005648,117408.66
194796,CUST005649,83002.58
243072,CUST005650,190957.36
245040,CUST005651,77089.58
78564,CUST005652,57885.96
21024,CUST005653,15894.14
17628,CUST005654,14433.81
7344,CUST005655,6662.48
7848,CUST005656,5038.42
2856,CUST005657,806.53
12720,CUST005658,9585.79
20472,CUST005659,15137
46800,CUST005660,15233.4
265512,CUST005661,165360.87
91368,CUST005662,78649.57
4452,CUST005663,1162.86
81096,CUST005664,4736.01
20052,CUST005665,15109.18
37680,CUST005666,23866.51
4812,CUST005667,2490.21
28680,CUST005668,26351.18
9084,CUST005669,7244.49
209664,CUST005670,160120.4
195744,CUST005671,52890.03
19716,CUST005672,6401.79
66624,CUST005673,17395.53
49320,CUST005674,20596.03
58068,CUST005675,16520.35
36888,CUST005676,17440.65
91116,CUST005677,3872.43
59184,CUST005678,11972.92
3684,CUST005679,902.21
238452,CUST005680,220615.79
8748,CUST005681,3460.71
7140,CUST005682,1130.26
28728,CUST005683,1858.7
26568,CUST005684,3164.25
3108,CUST005685,93.24
10656,CUST005686,1991.61
65496,CUST005687,52612.94
4680,CUST005688,3137.94
19236,CUST005689,17841.39
33384,CUST005690,7427.94
16836,CUST005691,8734.52
22260,CUST005692,10769.39
7908,CUST005693,1938.25
26604,CUST005694,4791.38
70476,CUST005695,28331.35
91620,CUST005696,8612.28
9024,CUST005697,898.79
18816,CUST005698,14326.5
26964,CUST005699,21004.96
214524,CUST005700,66545.34
95052,CUST005701,52525.74
38124,CUST005702,33415.69
49812,CUST005703,32193.5
32904,CUST005704,8212.84
9012,CUST005705,1878.1
13536,CUST005706,3982.29
13512,CUST005707,5914.2
50472,CUST005708,5092.62
162768,CUST005709,114572.4
23556,CUST005710,14310.27
249828,CUST005711,10417.83
63660,CUST005712,43467.05
5280,CUST005713,4051.87
71940,CUST005714,58465.64
23592,CUST005715,2880.58
155448,CUST005716,48017.89
5052,CUST005717,2659.37
4128,CUST005718,3272.27
79428,CUST005719,64837.08
7128,CUST005720,4020.9
68676,CUST005721,25087.34
9324,CUST005722,4644.28
85992,CUST005723,45395.18
66228,CUST005724,56962.7
53268,CUST005725,48836.1
10500,CUST005726,8493.45
8472,CUST005727,2761.87
57840,CUST005728,2140.08
219000,CUST005729,183105.9
72840,CUST005730,39675.95
265824,CUST005731,121056.25
142452,CUST005732,107921.64
118260,CUST005733,63505.62
83160,CUST005734,34029.07
6972,CUST005735,5040.06
22068,CUST005736,17758.12
31104,CUST005737,3863.12
72744,CUST005738,61606.89
15480,CUST005739,9735.37
14712,CUST005740,8215.18
10944,CUST005741,2322.32
81168,CUST005742,44569.35
228996,CUST005743,63844.08
113028,CUST005744,13879.84
22944,CUST005745,1138.02
1836,CUST005746,1027.43
258288,CUST005747,90245.83
143280,CUST005748,54288.79
88404,CUST005749,79430.99
47976,CUST005750,26415.59
9372,CUST005751,166.82
10008,CUST005752,5882.7
21624,CUST005753,10502.78
7764,CUST005754,620.34
23172,CUST005755,16211.13
12756,CUST005756,1963.15
10560,CUST005757,1638.91
51636,CUST005758,25580.47
81744,CUST005759,47076.37
72180,CUST005760,45466.18
5604,CUST005761,606.35
243324,CUST005762,200669.3
15540,CUST005763,1853.92
82368,CUST005764,75514.98
31284,CUST005765,16499.18
15096,CUST005766,10964.22
8688,CUST005767,3047.75
23388,CUST005768,18135.06
13044,CUST005769,986.13
207912,CUST005770,108945.89
9864,CUST005771,6706.53
148140,CUST005772,99298.24
4176,CUST005773,327.4
71484,CUST005774,52190.47
19080,CUST005775,1534.03
17748,CUST005776,11394.22
13848,CUST005777,7066.63
68556,CUST005778,60260.72
18084,CUST005779,1732.45
7260,CUST005780,5553.9
26028,CUST005781,8586.64
8616,CUST005782,2609.79
99636,CUST005783,21581.16
63084,CUST005784,5532.47
19308,CUST005785,8047.57
208884,CUST005786,28993.1
16728,CUST005787,4996.65
73224,CUST005788,63756.14
13716,CUST005789,165.96
15624,CUST005790,13899.11
48840,CUST005791,6442
20148,CUST005792,14329.26
16752,CUST005793,4201.4
21660,CUST005794,6541.32
18756,CUST005795,14329.58
13536,CUST005796,9827.14
3708,CUST005797,286.63
36696,CUST005798,32769.53
9432,CUST005799,7945.52
4896,CUST005800,1440.89
102732,CUST005801,24748.14
22968,CUST005802,4113.57
12624,CUST005803,9781.08
143076,CUST005804,77861.96
51036,CUST005805,10651.21
251328,CUST005806,135013.4
223596,CUST005807,158999.12
58176,CUST005808,32508.75
18012,CUST005809,4007.67
21612,CUST005810,17561.91
224412,CUST005811,141873.27
274392,CUST005812,108823.87
293220,CUST005813,183702.33
19800,CUST005814,2639.34
44292,CUST005815,3352.9
42900,CUST005816,5855.85
21960,CUST005817,10264.1
16560,CUST005818,9995.62
73608,CUST005819,67976.99
9672,CUST005820,5794.5
9552,CUST005821,8319.79
88416,CUST005822,62722.31
9288,CUST005823,4803.75
87828,CUST005824,77051.5
6288,CUST005825,3509.33
6720,CUST005826,3489.7
3360,CUST005827,256.7
10512,CUST005828,2728.92
17436,CUST005829,8470.41
56808,CUST005830,49593.38
13452,CUST005831,8579.69
90804,CUST005832,50141.97
37152,CUST005833,9091.09
27432,CUST005834,3810.3
117996,CUST005835,89912.95
21960,CUST005836,10575.94
92004,CUST005837,16027.1
4500,CUST005838,131.4
89040,CUST005839,82540.08
174396,CUST005840,42988.61
40740,CUST005841,33199.03
2400,CUST005842,629.04
201516,CUST005843,158270.67
56508,CUST005844,2966.67
7164,CUST005845,5051.34
2832,CUST005846,689.03
14244,CUST005847,11221.42
47040,CUST005848,13486.37
5160,CUST005849,4562.99
28104,CUST005850,12225.24
129888,CUST005851,71022.76
14400,CUST005852,6239.52
9576,CUST005853,8408.69
72396,CUST005854,15485.5
48312,CUST005855,8309.66
74556,CUST005856,70716.37
44400,CUST005857,25299.12
1332,CUST005858,163.3
18864,CUST005859,1899.6
48612,CUST005860,27042.86
37380,CUST005861,11643.87
7728,CUST005862,5021.65
288984,CUST005863,206276.78
12432,CUST005864,9322.76
273576,CUST005865,72087.28
31908,CUST005866,12342.01
1920,CUST005867,1721.86
24696,CUST005868,3746.38
5112,CUST005869,3370.34
18024,CUST005870,15653.84
61584,CUST005871,9434.67
10812,CUST005872,901.72
4680,CUST005873,934.6
16980,CUST005874,404.12
5988,CUST005875,4544.29
60588,CUST005876,13420.24
71808,CUST005877,45461.64
54924,CUST005878,39226.72
8784,CUST005879,8296.49
56544,CUST005880,12745.02
80016,CUST005881,49457.89
72672,CUST005882,56865.84
50220,CUST005883,5247.99
19980,CUST005884,10289.7
13020,CUST005885,2445.16
77700,CUST005886,30038.82
66120,CUST005887,14057.11
14784,CUST005888,8240.6
299640,CUST005889,151827.59
49548,CUST005890,27979.76
23484,CUST005891,16077.15
42660,CUST005892,6292.35
37464,CUST005893,2652.45
143928,CUST005894,39349.92
12816,CUST005895,10229.73
19236,CUST005896,6765.3
195240,CUST005897,31140.78
15780,CUST005898,11579.36
23340,CUST005899,1381.73
8556,CUST005900,1979.86
75216,CUST005901,63219.05
3540,CUST005902,348.69
13020,CUST005903,7827.62
239904,CUST005904,37880.84
247080,CUST005905,16480.24
49272,CUST005906,17545.76
2916,CUST005907,1434.67
37872,CUST005908,5949.69
11880,CUST005909,1664.39
5832,CUST005910,5338.03
28464,CUST005911,2487.75
87060,CUST005912,71484.97
32316,CUST005913,29323.54
9924,CUST005914,1364.55
14112,CUST005915,3022.79
154992,CUST005916,40716.4
1848,CUST005917,1306.72
21408,CUST005918,1063.98
14208,CUST005919,1731.96
79824,CUST005920,67451.28
48288,CUST005921,18392.9
221508,CUST005922,164447.54
29508,CUST005923,5745.21
19524,CUST005924,17565.74
22620,CUST005925,16944.64
43092,CUST005926,10316.22
42240,CUST005927,19054.46
42204,CUST005928,2992.26
89328,CUST005929,45593.01
2616,CUST005930,1742.26
106788,CUST005931,83145.14
15144,CUST005932,10890.05
9252,CUST005933,8062.19
22920,CUST005934,12452.44
46332,CUST005935,37223.13
31020,CUST005936,8949.27
137628,CUST005937,123190.82
18072,CUST005938,10648.02
20400,CUST005939,18482.4
105252,CUST005940,80065.2
19440,CUST005941,4797.79
77760,CUST005942,5808.67
4980,CUST005943,3659.3
63456,CUST005944,36886.97
88344,CUST005945,50382.58
36324,CUST005946,20846.34
71592,CUST005947,42360.99
13620,CUST005948,7783.83
57216,CUST005949,7111.95
20628,CUST005950,17973.18
15636,CUST005951,1182.08
51384,CUST005952,41862.54
272436,CUST005953,6756.41
18660,CUST005954,3427.84
19908,CUST005955,5894.76
260028,CUST005956,198843.41
12096,CUST005957,2598.22
22704,CUST005958,11215.78
171996,CUST005959,85654.01
20772,CUST005960,12297.02
30756,CUST005961,20400.45
16992,CUST005962,2818.97
161820,CUST005963,97059.64
92076,CUST005964,36296.36
12468,CUST005965,5266.48
13044,CUST005966,5915.45
14268,CUST005967,4892.5
2040,CUST005968,625.87
4320,CUST005969,713.23
20448,CUST005970,3789.01
43152,CUST005971,3348.6
6648,CUST005972,5265.22
74472,CUST005973,56658.3
41988,CUST005974,34161.44
15996,CUST005975,11648.29
16296,CUST005976,11092.69
10356,CUST005977,1171.26
60348,CUST005978,47270.59
78036,CUST005979,42014.58
44616,CUST005980,11386
296172,CUST005981,115181.29
75144,CUST005982,32146.6
2592,CUST005983,1522.28
18396,CUST005984,8165.98
4428,CUST005985,1739.32
19368,CUST005986,5947.91
35904,CUST005987,3974.57
160188,CUST005988,113044.67
202284,CUST005989,70556.66
247164,CUST005990,83170.69
59856,CUST005991,24971.92
267792,CUST005992,147473.05
23664,CUST005993,21607.6
5748,CUST005994,1328.94
8556,CUST005995,7944.25
4512,CUST005996,1853.98
282696,CUST005997,70052.07
66984,CUST005998,34610.63
4692,CUST005999,1266.84
89292,CUST006000,76460.74
49668,CUST006001,24724.73
120384,CUST006002,83919.69
4488,CUST006003,4135.69
8352,CUST006004,6025.97
43380,CUST006005,23577.03
24828,CUST006006,22355.13
14172,CUST006007,10602.07
19956,CUST006008,6605.44
9876,CUST006009,8082.52
24024,CUST006010,4115.31
21228,CUST006011,1008.33
6732,CUST006012,2243.78
4008,CUST006013,1044.08
16800,CUST006014,9866.64
71616,CUST006015,3681.06
80484,CUST006016,42020.7
255636,CUST006017,147399.72
256200,CUST006018,198042.6
7944,CUST006019,4323.92
25464,CUST006020,10104.12
19428,CUST006021,907.29
46248,CUST006022,12241.85
213672,CUST006023,51772.73
25512,CUST006024,3890.58
93636,CUST006025,74918.16
64848,CUST006026,8099.52
20232,CUST006027,18079.32
41436,CUST006028,23829.84
7356,CUST006029,2274.48
24000,CUST006030,9331.2
146736,CUST006031,85077.53
20220,CUST006032,10152.46
39312,CUST006033,10924.8
31428,CUST006034,20993.9
56772,CUST006035,23997.52
89892,CUST006036,7200.35
9156,CUST006037,1900.79
35592,CUST006038,14525.1
13512,CUST006039,11921.64
10980,CUST006040,924.52
235212,CUST006041,57062.43
5400,CUST006042,4244.4
260796,CUST006043,6467.74
78840,CUST006044,13662.97
73020,CUST006045,66207.23
5268,CUST006046,3102.33
26772,CUST006047,6810.8
294564,CUST006048,158328.15
166164,CUST006049,119222.67
5208,CUST006050,129.16
72792,CUST006051,19945.01
5244,CUST006052,368.13
63276,CUST006053,33479.33
30756,CUST006054,16909.65
3576,CUST006055,3044.61
15396,CUST006056,3086.9
18336,CUST006057,1435.71
70740,CUST006058,44481.31
25524,CUST006059,16123.51
32340,CUST006060,30299.35
164904,CUST006061,129894.88
15048,CUST006062,744.88
5916,CUST006063,114.77
7260,CUST006064,1223.31
51096,CUST006065,41091.4
5628,CUST006066,2419.48
10428,CUST006067,6076.4
89004,CUST006068,49504.02
15000,CUST006069,3282
62316,CUST006070,8537.29
43272,CUST006071,8364.48
3444,CUST006072,3201.2
80100,CUST006073,38512.08
289116,CUST006074,238231.58
63936,CUST006075,28272.5
43692,CUST006076,20959.05
204288,CUST006077,169865.47
5004,CUST006078,1344.57
272784,CUST006079,143429.83
38016,CUST006080,26136
73740,CUST006081,63836.72
292440,CUST006082,180669.43
17712,CUST006083,8471.65
64740,CUST006084,33192.2
37320,CUST006085,24776.75
8964,CUST006086,4714.17
4800,CUST006087,3149.28
13524,CUST006088,4961.96
22452,CUST006089,12842.54
22908,CUST006090,12762.05
5508,CUST006091,2038.51
50016,CUST006092,5081.63
21300,CUST006093,5227.02
19836,CUST006094,3790.66
77556,CUST006095,73577.38
14520,CUST006096,10633
100008,CUST006097,43653.49
40716,CUST006098,23525.7
5904,CUST006099,5566.29
2820,CUST006100,2536.59
10476,CUST006101,423.23
7380,CUST006102,3619.15
51528,CUST006103,38166.79
96432,CUST006104,8514.95
23352,CUST006105,21460.49
247764,CUST006106,235202.37
16032,CUST006107,423.24
223056,CUST006108,101914.29
220836,CUST006109,148887.63
5640,CUST006110,1628.83
2760,CUST006111,1798.14
5640,CUST006112,1718.51
23376,CUST006113,6641.12
3840,CUST006114,3471.74
8280,CUST006115,1187.35
14976,CUST006116,3829.36
220296,CUST006117,26325.37
14688,CUST006118,6603.72
28536,CUST006119,26624.09
38208,CUST006120,2445.31
4116,CUST006121,807.15
248592,CUST006122,205660.16
75816,CUST006123,32653.95
4332,CUST006124,2689.74
55764,CUST006125,28183.13
228312,CUST006126,27785.57
88764,CUST006127,28706.28
6912,CUST006128,955.24
94812,CUST006129,47557.7
14160,CUST006130,2204.71
14388,CUST006131,10064.41
16260,CUST006132,11604.76
93024,CUST006133,21776.92
81816,CUST006134,21026.71
296796,CUST006135,51998.66
78660,CUST006136,5057.84
8832,CUST006137,3313.77
20496,CUST006138,7897.11
2148,CUST006139,1277.63
22788,CUST006140,3732.67
14808,CUST006141,9340.89
21252,CUST006142,9225.49
28032,CUST006143,7784.49
17520,CUST006144,3742.27
62352,CUST006145,10531.25
19212,CUST006146,10922.02
31380,CUST006147,11259.14
29784,CUST006148,19180.9
68664,CUST006149,48401.25
107364,CUST006150,88360.57
85788,CUST006151,44489.66
193416,CUST006152,127886.66
4536,CUST006153,4076.5
240552,CUST006154,128214.22
64584,CUST006155,22623.78
75024,CUST006156,31007.42
9588,CUST006157,7329.07
72204,CUST006158,59835.45
15480,CUST006159,9116.17
4872,CUST006160,3463.02
91392,CUST006161,71770.14
173160,CUST006162,111463.09
281508,CUST006163,5292.35
51804,CUST006164,26140.3
14196,CUST006165,9857.7
5820,CUST006166,3217.88
1608,CUST006167,910.45
7428,CUST006168,6496.53
10356,CUST006169,3155.47
16572,CUST006170,2754.27
102012,CUST006171,21106.28
95460,CUST006172,57018.26
222984,CUST006173,8250.41
16920,CUST006174,5290.88
77268,CUST006175,51452.76
11388,CUST006176,10002.08
61224,CUST006177,15838.65
2436,CUST006178,2127.6
3948,CUST006179,2122.44
94236,CUST006180,61988.44
154968,CUST006181,129367.29
36168,CUST006182,11675.03
19284,CUST006183,18103.82
2784,CUST006184,2365.56
22704,CUST006185,3555.45
13392,CUST006186,11284.1
155460,CUST006187,18764.02
8904,CUST006188,2139.63
75708,CUST006189,48233.57
39624,CUST006190,21424.7
215160,CUST006191,58932.32
177168,CUST006192,22978.69
77040,CUST006193,71708.83
8736,CUST006194,1609.17
2412,CUST006195,745.07
5688,CUST006196,5102.7
227340,CUST006197,140496.12
181428,CUST006198,113229.21
77532,CUST006199,42689.12
26904,CUST006200,16397.99
69924,CUST006201,40227.28
63924,CUST006202,39805.47
90072,CUST006203,38397.69
35076,CUST006204,1823.95
33408,CUST006205,28266.51
85920,CUST006206,52454.16
11292,CUST006207,5894.42
38352,CUST006208,732.52
9108,CUST006209,5292.66
1812,CUST006210,1387.81
106404,CUST006211,77270.58
8040,CUST006212,6482.65
14700,CUST006213,3520.65
22356,CUST006214,7616.69
10248,CUST006215,1637.63
64332,CUST006216,21975.81
67464,CUST006217,45754.08
24144,CUST006218,6528.54
16968,CUST006219,7718.74
29028,CUST006220,14125.02
10824,CUST006221,8124.49
85764,CUST006222,6792.51
10380,CUST006223,7537.96
19392,CUST006224,17002.91
51900,CUST006225,20043.78
60060,CUST006226,35963.93
12708,CUST006227,8313.57
84684,CUST006228,76495.06
18960,CUST006229,9155.78
283272,CUST006230,101864.61
6096,CUST006231,1592.88
20316,CUST006232,12057.55
17256,CUST006233,5860.14
2640,CUST006234,469.92
92364,CUST006235,56037.24
1296,CUST006236,487.94
3348,CUST006237,540.7
163284,CUST006238,33016.02
21036,CUST006239,7495.13
60444,CUST006240,14615.36
136608,CUST006241,8783.89
160188,CUST006242,112051.51
2616,CUST006243,1875.93
2304,CUST006244,1099.24
4356,CUST006245,1675.75
20052,CUST006246,10507.25
213408,CUST006247,39437.8
67200,CUST006248,32518.08
11904,CUST006249,9929.13
20736,CUST006250,18482
23832,CUST006251,19089.43
261324,CUST006252,110958.17
22056,CUST006253,10238.4
22572,CUST006254,9392.21
5844,CUST006255,2553.83
15600,CUST006256,4840.68
17232,CUST006257,10868.22
9732,CUST006258,3700.11
14136,CUST006259,9622.38
17220,CUST006260,11800.87
150516,CUST006261,141786.07
2868,CUST006262,2709.11
6660,CUST006263,4558.1
70536,CUST006264,20497.76
1920,CUST006265,1194.24
17568,CUST006266,9664.16
48588,CUST006267,40226.01
17628,CUST006268,6506.49
92184,CUST006269,34569
14664,CUST006270,12486.4
17556,CUST006271,1453.64
127716,CUST006272,52440.19
10452,CUST006273,3061.39
2856,CUST006274,830.24
16356,CUST006275,5597.02
205284,CUST006276,40317.78
4212,CUST006277,2579.43
54288,CUST006278,31231.89
13188,CUST006279,2234.05
291684,CUST006280,267182.54
16128,CUST006281,6122.19
74040,CUST006282,16022.26
13212,CUST006283,4567.39
73776,CUST006284,63100.61
20088,CUST006285,17368.08
14856,CUST006286,2295.25
5928,CUST006287,1298.23
19968,CUST006288,3458.46
293952,CUST006289,245626.29
74760,CUST006290,59389.34
4224,CUST006291,410.57
66132,CUST006292,55967.51
9540,CUST006293,1402.38
6036,CUST006294,774.42
69336,CUST006295,27214.38
13272,CUST006296,384.89
20544,CUST006297,14251.37
9792,CUST006298,9131.04
15960,CUST006299,2729.16
3288,CUST006300,2123.06
24768,CUST006301,7965.39
206364,CUST006302,172706.03
56436,CUST006303,39403.62
15084,CUST006304,11670.49
122460,CUST006305,114487.85
9768,CUST006306,4498.16
31752,CUST006307,28335.48
59364,CUST006308,18165.38
53196,CUST006309,14389.52
7236,CUST006310,801.75
17028,CUST006311,14409.09
4992,CUST006312,2443.58
83904,CUST006313,10177.56
93708,CUST006314,68566.14
4272,CUST006315,290.5
99972,CUST006316,72249.76
15828,CUST006317,6788.63
21504,CUST006318,19566.49
8676,CUST006319,5295.83
13476,CUST006320,699.4
10596,CUST006321,2771.91
8712,CUST006322,1479.3
4740,CUST006323,154.05
19236,CUST006324,10141.22
8232,CUST006325,4500.43
23400,CUST006326,18226.26
19764,CUST006327,18568.28
22344,CUST006328,17271.91
20496,CUST006329,11533.1
48456,CUST006330,2379.19
267120,CUST006331,41697.43
20220,CUST006332,18693.39
14424,CUST006333,1978.97
20940,CUST006334,1032.34
21744,CUST006335,14827.23
17496,CUST006336,6393.04
191880,CUST006337,100372.43
43152,CUST006338,32735.11
43428,CUST006339,10266.38
47472,CUST006340,28393
66816,CUST006341,30681.91
22980,CUST006342,9463.16
14640,CUST006343,12993
15192,CUST006344,5463.04
83520,CUST006345,43772.83
94320,CUST006346,62119.15
13752,CUST006347,4723.81
137496,CUST006348,2158.69
60540,CUST006349,34707.58
11424,CUST006350,4729.54
12072,CUST006351,4935.03
12564,CUST006352,1119.45
65088,CUST006353,16083.24
22380,CUST006354,13763.7
34980,CUST006355,13922.04
21564,CUST006356,17747.17
42972,CUST006357,39929.58
1944,CUST006358,1624.99
68256,CUST006359,25514.09
11928,CUST006360,3119.17
145152,CUST006361,104523.96
151032,CUST006362,72374.53
53172,CUST006363,20327.66
152088,CUST006364,88925.85
84588,CUST006365,52495.31
68544,CUST006366,48049.34
76956,CUST006367,24141.1
78288,CUST006368,25686.29
2532,CUST006369,1709.61
137880,CUST006370,91028.38
6732,CUST006371,4010.25
62412,CUST006372,42496.33
1380,CUST006373,807.85
32784,CUST006374,30889.08
4308,CUST006375,3399.87
149292,CUST006376,87947.92
165480,CUST006377,112178.89
7080,CUST006378,3959.14
257004,CUST006379,149139.42
22752,CUST006380,15000.39
38652,CUST006381,19994.68
280620,CUST006382,102734.98
2916,CUST006383,1123.53
194376,CUST006384,64960.46
20184,CUST006385,6335.76
171324,CUST006386,88608.77
59244,CUST006387,24888.4
3744,CUST006388,872.73
28632,CUST006389,7029.16
61836,CUST006390,5423.02
53736,CUST006391,9247.97
11796,CUST006392,4178.14
3540,CUST006393,2880.14
67728,CUST006394,49996.81
299676,CUST006395,227843.66
24264,CUST006396,14723.4
13812,CUST006397,1053.86
12768,CUST006398,3995.11
191988,CUST006399,92250.23
29232,CUST006400,23256.98
52872,CUST006401,12197.57
33384,CUST006402,27288.08
81828,CUST006403,68596.41
9348,CUST006404,4334.67
4056,CUST006405,1084.57
27696,CUST006406,24178.61
19008,CUST006407,15042.93
2604,CUST006408,975.46
45132,CUST006409,17168.21
12852,CUST006410,6613.64
14268,CUST006411,8510.86
19176,CUST006412,11858.44
87540,CUST006413,60866.56
84180,CUST006414,66838.92
2376,CUST006415,1757.29
42492,CUST006416,2413.55
41568,CUST006417,11909.23
5784,CUST006418,3728.94
13812,CUST006419,8328.64
45864,CUST006420,3912.2
87312,CUST006421,73298.42
94140,CUST006422,54271.71
10092,CUST006423,8027.18
52668,CUST006424,6636.17
43248,CUST006425,37647.38
17364,CUST006426,15080.63
10608,CUST006427,4442.63
8568,CUST006428,1777
283944,CUST006429,185670.98
4536,CUST006430,329.77
19092,CUST006431,13643.14
9444,CUST006432,883.96
189084,CUST006433,72173.36
47376,CUST006434,5561.94
11976,CUST006435,2868.25
22968,CUST006436,15174.96
91908,CUST006437,75355.37
23316,CUST006438,1084.19
88860,CUST006439,32131.78
13476,CUST006440,2953.94
1584,CUST006441,319.81
245352,CUST006442,102949.7
31848,CUST006443,18003.67
18444,CUST006444,11509.06
285348,CUST006445,185133.78
19704,CUST006446,4064.94
14088,CUST006447,6500.2
44052,CUST006448,5753.19
8424,CUST006449,3419.3
16224,CUST006450,6692.4
3756,CUST006451,3099.83
48120,CUST006452,7400.86
8772,CUST006453,1726.33
6444,CUST006454,264.85
21936,CUST006455,1379.77
39192,CUST006456,4369.91
15108,CUST006457,6458.67
7092,CUST006458,2872.26
55728,CUST006459,46984.28
60084,CUST006460,36362.84
48540,CUST006461,28357.07
82500,CUST006462,9924.75
12888,CUST006463,6802.29
273960,CUST006464,57285.04
14772,CUST006465,11959.41
32544,CUST006466,19643.56
2388,CUST006467,621.36
1968,CUST006468,1690.12
10728,CUST006469,7645.85
31524,CUST006470,3142.94
23232,CUST006471,11225.7
4536,CUST006472,642.3
42888,CUST006473,2564.7
7956,CUST006474,3335.16
120456,CUST006475,9263.07
78588,CUST006476,67546.39
7632,CUST006477,4355.58
55164,CUST006478,32833.61
46128,CUST006479,21546.39
19644,CUST006480,5001.36
21204,CUST006481,11299.61
13260,CUST006482,2362.93
21924,CUST006483,15815.97
68268,CUST006484,35424.27
84756,CUST006485,43674.77
6540,CUST006486,2825.28
23256,CUST006487,7641.92
44376,CUST006488,11449.01
17124,CUST006489,5933.47
12564,CUST006490,2669.85
257388,CUST006491,79326.98
20256,CUST006492,16148.08
16884,CUST006493,8990.73
13008,CUST006494,894.95
21756,CUST006495,17720.26
75444,CUST006496,49981.65
18924,CUST006497,1300.08
6840,CUST006498,4371.44
22068,CUST006499,15255.61
44940,CUST006500,36617.11
78960,CUST006501,53811.24
22176,CUST006502,14299.08
20232,CUST006503,7378.61
81552,CUST006504,31740.04
51768,CUST006505,10182.77
227892,CUST006506,66590.04
63096,CUST006507,42135.51
16524,CUST006508,13665.35
30012,CUST006509,3916.57
5916,CUST006510,2178.86
20796,CUST006511,14661.18
46764,CUST006512,38435.33
17640,CUST006513,15200.39
14892,CUST006514,4827.99
12960,CUST006515,3760.99
231912,CUST006516,168321.73
57180,CUST006517,25719.56
20268,CUST006518,3931.99
55860,CUST006519,11194.34
76440,CUST006520,11137.31
74880,CUST006521,26769.6
74796,CUST006522,54369.21
18576,CUST006523,16621.8
13884,CUST006524,10693.46
67848,CUST006525,57182.29
81912,CUST006526,25441.87
48624,CUST006527,45298.12
68064,CUST006528,43295.51
45624,CUST006529,28930.18
65952,CUST006530,20985.93
70320,CUST006531,40033.18
22980,CUST006532,10336.4
15384,CUST006533,3026.03
77904,CUST006534,11506.42
23268,CUST006535,16217.8
118668,CUST006536,102244.35
42240,CUST006537,35578.75
78684,CUST006538,44826.27
4992,CUST006539,2557.9
263784,CUST006540,240096.2
48624,CUST006541,9199.66
239484,CUST006542,63583
94224,CUST006543,75087.11
150228,CUST006544,88108.72
14832,CUST006545,4810.02
198900,CUST006546,150805.98
10512,CUST006547,1589.41
22500,CUST006548,1714.5
94800,CUST006549,3194.76
71412,CUST006550,50002.68
53196,CUST006551,50328.74
70356,CUST006552,31603.92
3816,CUST006553,2173.59
7188,CUST006554,2670.34
26208,CUST006555,7492.87
10728,CUST006556,7270.37
7332,CUST006557,1549.98
23196,CUST006558,15622.51
19572,CUST006559,5356.86
3084,CUST006560,1510.54
73572,CUST006561,48594.31
22080,CUST006562,2676.1
18936,CUST006563,11941.04
20964,CUST006564,8469.46
32592,CUST006565,30665.81
7728,CUST006566,4659.21
39324,CUST006567,20283.32
39948,CUST006568,28594.78
173040,CUST006569,146149.58
4140,CUST006570,3711.92
20748,CUST006571,3952.49
87924,CUST006572,83246.44
3288,CUST006573,1728.5
20352,CUST006574,2896.09
205236,CUST006575,94203.32
18132,CUST006576,8012.53
14652,CUST006577,6898.16
75876,CUST006578,50677.58
4032,CUST006579,1387.41
139332,CUST006580,19604.01
5712,CUST006581,4213.17
8172,CUST006582,1023.95
218496,CUST006583,45621.96
220464,CUST006584,40719.7
39468,CUST006585,18309.21
42108,CUST006586,24401.59
14232,CUST006587,12734.79
5712,CUST006588,1493.12
22620,CUST006589,16838.33
14160,CUST006590,10627.08
12432,CUST006591,3330.53
29076,CUST006592,26962.17
12144,CUST006593,2257.57
4368,CUST006594,2165.22
7356,CUST006595,5110.21
5664,CUST006596,3361.02
14880,CUST006597,4382.16
66660,CUST006598,61393.86
51264,CUST006599,46147.85
18324,CUST006600,1753.61
21012,CUST006601,1605.32
7152,CUST006602,4549.39
6648,CUST006603,5841.6
15192,CUST006604,4013.73
21972,CUST006605,16949.2
2964,CUST006606,554.86
91548,CUST006607,23244.04
10728,CUST006608,3371.81
84828,CUST006609,53399.23
280932,CUST006610,162294.42
35820,CUST006611,8324.57
90420,CUST006612,21483.79
166308,CUST006613,58041.49
296064,CUST006614,225867.23
64824,CUST006615,33520.49
59436,CUST006616,30104.33
83736,CUST006617,73402.98
10188,CUST006618,4286.09
14304,CUST006619,8656.78
8544,CUST006620,4058.4
14664,CUST006621,10676.86
25164,CUST006622,12363.07
284832,CUST006623,234616.12
27000,CUST006624,23238.9
22368,CUST006625,18442.42
38856,CUST006626,31317.94
1944,CUST006627,198.87
53040,CUST006628,36475.61
2256,CUST006629,1616.42
65220,CUST006630,5387.17
23700,CUST006631,14139.42
12276,CUST006632,7397.52
154056,CUST006633,120348.55
55656,CUST006634,5832.75
41496,CUST006635,4232.59
7632,CUST006636,1017.35
5040,CUST006637,1440.43
11580,CUST006638,7830.4
15396,CUST006639,11246.78
23640,CUST006640,20292.58
6072,CUST006641,2377.19
6552,CUST006642,564.78
70740,CUST006643,52948.89
17136,CUST006644,10482.09
9444,CUST006645,5673.01
187980,CUST006646,56469.19
13704,CUST006647,9368.05
11676,CUST006648,2371.4
16092,CUST006649,14207.63
65880,CUST006650,55615.9
59088,CUST006651,29390.37
92124,CUST006652,39429.07
52332,CUST006653,37396.45
15600,CUST006654,3488.16
77088,CUST006655,72023.32
17556,CUST006656,8286.43
70296,CUST006657,29243.14
36864,CUST006658,16408.17
20196,CUST006659,10243.41
12108,CUST006660,3392.66
46260,CUST006661,16339.03
70008,CUST006662,57567.58
16812,CUST006663,13187.33
75564,CUST006664,69851.36
9684,CUST006665,8393.12
41568,CUST006666,35831.62
21456,CUST006667,16370.93
55212,CUST006668,37361.96
82368,CUST006669,50755.16
58932,CUST006670,40704.33
22704,CUST006671,20049.9
8184,CUST006672,2600.06
3564,CUST006673,2290.58
76980,CUST006674,19144.93
111864,CUST006675,83316.31
3120,CUST006676,1945.63
117096,CUST006677,61510.53
8520,CUST006678,7645.85
188364,CUST006679,79734.48
12000,CUST006680,10633.2
70368,CUST006681,2638.8
9252,CUST006682,8503.51
8304,CUST006683,2642.33
10968,CUST006684,7969.35
38736,CUST006685,31182.48
90540,CUST006686,73020.51
132072,CUST006687,7131.89
158820,CUST006688,134854.06
94560,CUST006689,40708.08
13740,CUST006690,3858.19
38820,CUST006691,20031.12
68016,CUST006692,54895.71
22392,CUST006693,3114.73
57396,CUST006694,30620.77
191712,CUST006695,110464.45
21756,CUST006696,10471.16
83220,CUST006697,1622.79
146844,CUST006698,2026.45
281388,CUST006699,227164.53
16680,CUST006700,13115.48
29760,CUST006701,11252.26
39576,CUST006702,11132.73
42096,CUST006703,19065.28
293976,CUST006704,173151.86
54636,CUST006705,11784.99
8760,CUST006706,1482.19
4704,CUST006707,2705.27
13020,CUST006708,4204.16
1776,CUST006709,76.55
36828,CUST006710,28066.62
15744,CUST006711,426.66
7968,CUST006712,1281.25
20400,CUST006713,11538.24
16800,CUST006714,5496.96
30972,CUST006715,3896.28
1344,CUST006716,241.38
139944,CUST006717,69790.07
15744,CUST006718,10268.24
129384,CUST006719,21697.7
54144,CUST006720,18219.46
3300,CUST006721,1122
23772,CUST006722,4906.54
50112,CUST006723,11776.32
22584,CUST006724,1831.56
11040,CUST006725,9781.44
31416,CUST006726,4068.37
82356,CUST006727,69607.29
22356,CUST006728,6188.14
43140,CUST006729,6035.29
4272,CUST006730,304.59
172224,CUST006731,57436.7
12624,CUST006732,1073.04
193980,CUST006733,181681.67
72780,CUST006734,64621.36
45012,CUST006735,3249.87
9444,CUST006736,1434.54
14940,CUST006737,2527.85
66588,CUST006738,41883.85
1452,CUST006739,628.28
49692,CUST006740,13660.33
66324,CUST006741,13417.35
52080,CUST006742,44919
21204,CUST006743,17495.42
12048,CUST006744,10845.61
4356,CUST006745,3473.47
77268,CUST006746,57000.6
111372,CUST006747,5757.93
75168,CUST006748,31420.22
31452,CUST006749,7988.81
74436,CUST006750,54219.18
69804,CUST006751,59117.01
204600,CUST006752,2127.84
84228,CUST006753,32276.17
16872,CUST006754,10021.97
80760,CUST006755,67046.95
51108,CUST006756,1298.14
65412,CUST006757,42857.94
28536,CUST006758,11676.93
33840,CUST006759,21224.45
77244,CUST006760,16507.04
19104,CUST006761,9832.83
16116,CUST006762,333.6
265440,CUST006763,143284.51
86076,CUST006764,51163.57
95340,CUST006765,61189.21
18684,CUST006766,7294.23
60492,CUST006767,23676.57
75852,CUST006768,13433.39
6948,CUST006769,637.83
48768,CUST006770,35151.97
8412,CUST006771,4871.39
50424,CUST006772,37641.52
16032,CUST006773,7355.48
13092,CUST006774,6908.65
41484,CUST006775,37294.12
41088,CUST006776,30364.03
40344,CUST006777,2299.61
69516,CUST006778,12109.69
22056,CUST006779,14729
78144,CUST006780,44252.95
13380,CUST006781,798.79
3024,CUST006782,294.54
13644,CUST006783,9320.22
174360,CUST006784,68750.15
4656,CUST006785,1529.96
104832,CUST006786,17465.01
2436,CUST006787,1655.26
94992,CUST006788,62105.77
43164,CUST006789,37699.44
56184,CUST006790,29350.52
15288,CUST006791,11573.02
131232,CUST006792,13241.31
10728,CUST006793,6411.05
42972,CUST006794,33866.23
12828,CUST006795,9541.47
7812,CUST006796,4477.84
99468,CUST006797,71527.44
212268,CUST006798,15516.79
52320,CUST006799,34185.89
24264,CUST006800,17860.73
151908,CUST006801,27951.07
2316,CUST006802,1605.68
17856,CUST006803,10831.45
1392,CUST006804,15.59
39156,CUST006805,8109.21
14736,CUST006806,13420.08
7092,CUST006807,2033.99
43860,CUST006808,12798.35
156780,CUST006809,52380.2
13980,CUST006810,2949.78
12180,CUST006811,2582.16
26592,CUST006812,20919.93
17880,CUST006813,16522.91
42996,CUST006814,4776.86
116928,CUST006815,60814.25
151596,CUST006816,92352.28
71928,CUST006817,2388.01
178488,CUST006818,47424.26
20364,CUST006819,10513.93
20880,CUST006820,12763.94
60060,CUST006821,44066.02
2796,CUST006822,957.35
63360,CUST006823,3960
1644,CUST006824,661.38
15216,CUST006825,12951.86
3264,CUST006826,2775.38
12120,CUST006827,4263.82
28620,CUST006828,8929.44
42300,CUST006829,22909.68
81588,CUST006830,1615.44
21864,CUST006831,1331.52
9804,CUST006832,2142.17
68316,CUST006833,25249.59
16632,CUST006834,11123.48
137280,CUST006835,104950.56
57444,CUST006836,1229.3
14568,CUST006837,13127.22
88560,CUST006838,15754.82
7500,CUST006839,5383.5
83136,CUST006840,55343.64
4668,CUST006841,2358.27
20568,CUST006842,17011.79
39840,CUST006843,12366.34
17268,CUST006844,918.66
68772,CUST006845,4284.5
17520,CUST006846,14816.66
46008,CUST006847,22474.91
23412,CUST006848,9994.58
215472,CUST006849,185521.39
47040,CUST006850,23491.78
86160,CUST006851,80550.98
5388,CUST006852,1183.2
23268,CUST006853,12974.24
51168,CUST006854,47018.28
8808,CUST006855,1776.57
2808,CUST006856,1266.13
90180,CUST006857,19190.3
20160,CUST006858,12509.28
15612,CUST006859,5292.47
7584,CUST006860,5989.84
74268,CUST006861,48927.76
80088,CUST006862,19661.6
75924,CUST006863,15541.64
21984,CUST006864,16696.85
20400,CUST006865,6379.08
1356,CUST006866,754.48
35640,CUST006867,25051.36
8736,CUST006868,731.2
179424,CUST006869,25011.71
16848,CUST006870,12669.7
14508,CUST006871,11644.12
28704,CUST006872,23568.85
17172,CUST006873,7104.06
1344,CUST006874,340.17
145344,CUST006875,38981.26
18384,CUST006876,6605.37
53640,CUST006877,42209.32
17784,CUST006878,13844.84
161964,CUST006879,114621.92
13152,CUST006880,1929.4
23604,CUST006881,1319.46
167568,CUST006882,106305.14
5040,CUST006883,2879.86
19404,CUST006884,17100.75
211596,CUST006885,183220.98
78684,CUST006886,18939.24
20592,CUST006887,13123.28
12840,CUST006888,982.26
7896,CUST006889,698.01
77628,CUST006890,73335.17
216528,CUST006891,97784.04
4440,CUST006892,1512.71
15828,CUST006893,797.73
48192,CUST006894,45440.24
15552,CUST006895,1174.18
8892,CUST006896,3699.07
5400,CUST006897,1161.54
17652,CUST006898,1826.98
2712,CUST006899,650.34
13068,CUST006900,352.84
18540,CUST006901,5157.83
61044,CUST006902,37059.81
4188,CUST006903,678.46
9852,CUST006904,3733.91
221736,CUST006905,87652.24
91932,CUST006906,15904.24
20388,CUST006907,1317.06
10620,CUST006908,355.77
5796,CUST006909,3851.44
259380,CUST006910,161438.11
251268,CUST006911,22362.85
16320,CUST006912,7536.58
54096,CUST006913,8108.99
2604,CUST006914,165.35
20832,CUST006915,5443.4
64752,CUST006916,21627.17
20388,CUST006917,13358.22
13764,CUST006918,9034.69
69504,CUST006919,6748.84
273432,CUST006920,229628.19
14124,CUST006921,10766.73
14388,CUST006922,7048.68
3612,CUST006923,2895.74
4848,CUST006924,392.2
7272,CUST006925,3394.57
74916,CUST006926,49849.11
78948,CUST006927,16129.08
60708,CUST006928,3083.97
8808,CUST006929,7611.87
54096,CUST006930,30401.95
15552,CUST006931,12915.94
89208,CUST006932,18198.43
224100,CUST006933,13378.77
21264,CUST006934,10434.24
20712,CUST006935,17822.68
65340,CUST006936,2365.31
17292,CUST006937,5054.45
160176,CUST006938,52697.9
34176,CUST006939,20139.92
14400,CUST006940,11538.72
70824,CUST006941,21424.26
6744,CUST006942,4750.47
89508,CUST006943,77773.5
2544,CUST006944,1526.91
195624,CUST006945,167278.08
6912,CUST006946,3328.13
80124,CUST006947,46023.23
19968,CUST006948,14814.26
6804,CUST006949,1001.55
79476,CUST006950,51246.12
67140,CUST006951,32146.63
10212,CUST006952,8338.1
14640,CUST006953,6997.92
8232,CUST006954,2671.28
23460,CUST006955,16027.87
20928,CUST006956,11924.77
13512,CUST006957,444.54
20244,CUST006958,12863.04
18936,CUST006959,8398.12
22068,CUST006960,9859.98
7260,CUST006961,3653.96
7512,CUST006962,6442.29
91512,CUST006963,24790.6
14220,CUST006964,6936.52
13020,CUST006965,5101.24
89184,CUST006966,9417.83
160908,CUST006967,94002.45
43896,CUST006968,1790.96
11028,CUST006969,4756.38
22812,CUST006970,15309.13
8232,CUST006971,6596.3
71124,CUST006972,23008.61
20964,CUST006973,2136.23
19248,CUST006974,11240.83
3984,CUST006975,625.09
48120,CUST006976,12352.4
2904,CUST006977,1006.24
85500,CUST006978,21580.2
16956,CUST006979,11199.44
254808,CUST006980,60364.02
84312,CUST006981,31886.8
56244,CUST006982,31867.85
18312,CUST006983,6938.42
91860,CUST006984,84290.74
1692,CUST006985,1514.51
8160,CUST006986,1201.97
129384,CUST006987,49165.92
91956,CUST006988,44083.71
14028,CUST006989,9537.64
17316,CUST006990,12718.6
2664,CUST006991,752.31
3768,CUST006992,2058.46
17928,CUST006993,3565.88
24864,CUST006994,4139.86
9744,CUST006995,5379.66
35868,CUST006996,13500.72
72924,CUST006997,59396.6
184788,CUST006998,12436.23
14004,CUST006999,504.14
9936,CUST007000,7873.29
18888,CUST007001,608.19
15564,CUST007002,4703.44
76044,CUST007003,16653.64
20784,CUST007004,8978.69
12216,CUST007005,6404.85
16944,CUST007006,12509.76
10176,CUST007007,5106.32
3048,CUST007008,954.02
1788,CUST007009,752.93
77784,CUST007010,49626.19
46380,CUST007011,8779.73
163272,CUST007012,133834.06
5316,CUST007013,4457.47
37332,CUST007014,33150.82
13092,CUST007015,4815.24
8832,CUST007016,3282.85
251076,CUST007017,43436.15
10512,CUST007018,3252.41
49920,CUST007019,14561.66
149592,CUST007020,32296.91
94200,CUST007021,50641.92
70836,CUST007022,11780.03
25848,CUST007023,8690.1
45048,CUST007024,29785.74
68412,CUST007025,10508.08
86556,CUST007026,54755.33
21300,CUST007027,12332.7
290208,CUST007028,146555.04
166368,CUST007029,62188.36
34092,CUST007030,6228.61
228576,CUST007031,48960.98
39864,CUST007032,24871.15
49056,CUST007033,31989.42
96840,CUST007034,81297.18
52248,CUST007035,19859.46
12288,CUST007036,4164.4
293352,CUST007037,64830.79
62700,CUST007038,19963.68
19788,CUST007039,9492.3
2316,CUST007040,175.32
93036,CUST007041,79182.94
16596,CUST007042,12757.35
6012,CUST007043,2630.85
2544,CUST007044,1227.73
13212,CUST007045,12260.74
17616,CUST007046,2534.94
19224,CUST007047,17720.68
19044,CUST007048,6305.47
22128,CUST007049,9720.83
53448,CUST007050,47322.86
10368,CUST007051,3490.91
19428,CUST007052,7512.81
69264,CUST007053,59677.86
9816,CUST007054,3906.77
251244,CUST007055,90045.85
2340,CUST007056,711.59
12876,CUST007057,10468.19
16296,CUST007058,8002.97
27936,CUST007059,8486.96
169932,CUST007060,154808.05
18252,CUST007061,8877.77
22068,CUST007062,6183.45
183756,CUST007063,124163.93
2388,CUST007064,1819.89
30384,CUST007065,1215.36
7404,CUST007066,2311.53
139548,CUST007067,39045.53
1368,CUST007068,461.84
83556,CUST007069,50258.93
21564,CUST007070,2613.56
22212,CUST007071,12378.75
3384,CUST007072,131.3
20772,CUST007073,3371.3
19584,CUST007074,9341.57
40512,CUST007075,13810.54
76188,CUST007076,22551.65
68136,CUST007077,23234.38
104856,CUST007078,49387.18
105960,CUST007079,21541.67
57540,CUST007080,8797.87
61728,CUST007081,54437.92
140172,CUST007082,43088.87
28884,CUST007083,17668.34
94128,CUST007084,55102.53
288072,CUST007085,60034.2
90708,CUST007086,2176.99
12684,CUST007087,4076.64
103128,CUST007088,50604.91
60360,CUST007089,13025.69
17220,CUST007090,1232.95
129348,CUST007091,112067.11
9660,CUST007092,8275.72
17904,CUST007093,6289.68
3852,CUST007094,410.24
22260,CUST007095,18967.75
77256,CUST007096,55809.73
85788,CUST007097,29553.97
20796,CUST007098,8879.89
13308,CUST007099,2483.27
78792,CUST007100,69447.27
39120,CUST007101,9905.18
9840,CUST007102,7363.27
20124,CUST007103,15016.53
23436,CUST007104,6559.74
6432,CUST007105,2561.87
246696,CUST007106,75340.96
79236,CUST007107,9975.81
38700,CUST007108,13192.83
213468,CUST007109,32938.11
18228,CUST007110,13084.06
21684,CUST007111,4083.1
13260,CUST007112,1373.74
23352,CUST007113,15629.49
30996,CUST007114,5480.09
14508,CUST007115,5011.06
22932,CUST007116,12156.25
76068,CUST007117,10969.01
33300,CUST007118,3406.59
25008,CUST007119,9375.5
280680,CUST007120,72527.71
47028,CUST007121,1932.85
11844,CUST007122,6960.72
11784,CUST007123,5104.83
22884,CUST007124,15178.96
159708,CUST007125,142092.21
139188,CUST007126,88245.19
4308,CUST007127,1491.86
46944,CUST007128,6759.94
8724,CUST007129,3193.86
59748,CUST007130,41913.22
19560,CUST007131,4410.78
73500,CUST007132,54059.25
13212,CUST007133,1666.03
48252,CUST007134,33665.42
60012,CUST007135,51940.39
240120,CUST007136,144648.29
23340,CUST007137,10439.98
21204,CUST007138,6144.92
6936,CUST007139,4011.09
8556,CUST007140,2939.84
13728,CUST007141,9365.24
20064,CUST007142,7341.42
4584,CUST007143,3335.32
20916,CUST007144,16676.33
31104,CUST007145,631.41
19944,CUST007146,5548.42
200880,CUST007147,74888.06
20436,CUST007148,888.97
12012,CUST007149,5013.81
18084,CUST007150,9942.58
181020,CUST007151,47572.06
73572,CUST007152,39169.73
21084,CUST007153,3972.23
14316,CUST007154,2419.4
44520,CUST007155,34707.79
39180,CUST007156,25349.46
7512,CUST007157,6557.22
8436,CUST007158,7589.03
82620,CUST007159,59288.11
11028,CUST007160,3807.97
155952,CUST007161,71893.87
2484,CUST007162,1226.6
40068,CUST007163,11663.79
3132,CUST007164,754.19
72372,CUST007165,60047.05
288468,CUST007166,222466.52
4464,CUST007167,2404.76
54840,CUST007168,25094.78
57408,CUST007169,39341.7
44172,CUST007170,16392.23
46260,CUST007171,17199.47
66036,CUST007172,58230.54
23388,CUST007173,4153.71
18756,CUST007174,5094.13
83784,CUST007175,65351.52
10128,CUST007176,5144.01
91524,CUST007177,64442.05
72504,CUST007178,14326.79
137952,CUST007179,18402.8
12456,CUST007180,10187.76
26256,CUST007181,10255.59
20928,CUST007182,4399.07
163440,CUST007183,102722.04
72012,CUST007184,37698.28
1236,CUST007185,954.69
18564,CUST007186,1043.3
22584,CUST007187,17423.56
23592,CUST007188,1795.35
179304,CUST007189,41419.22
11796,CUST007190,8591.03
23184,CUST007191,11951.35
18480,CUST007192,10790.47
43680,CUST007193,7980.34
20724,CUST007194,4072.27
74160,CUST007195,60915.02
12372,CUST007196,4452.68
53424,CUST007197,18831.96
5412,CUST007198,4825.88
42060,CUST007199,8189.08
58692,CUST007200,30003.35
13788,CUST007201,6569.98
59496,CUST007202,8876.8
4620,CUST007203,3795.33
70092,CUST007204,59515.12
15360,CUST007205,4575.74
6984,CUST007206,454.66
4884,CUST007207,2328.2
65232,CUST007208,20150.16
11760,CUST007209,1985.09
88464,CUST007210,24000.28
7224,CUST007211,3975.37
72564,CUST007212,23409.15
83916,CUST007213,65588.75
17472,CUST007214,2253.89
18336,CUST007215,16218.19
13308,CUST007216,3673.01
150120,CUST007217,32170.72
22092,CUST007218,9404.56
7800,CUST007219,475.02
285012,CUST007220,168014.57
9264,CUST007221,3969.62
24780,CUST007222,6338.72
12384,CUST007223,10797.61
23892,CUST007224,18274.99
68256,CUST007225,46182.01
9468,CUST007226,2766.55
22644,CUST007227,16813.17
15924,CUST007228,6267.69
5268,CUST007229,4703.27
17688,CUST007230,9981.34
23220,CUST007231,8953.63
52452,CUST007232,19512.14
12648,CUST007233,1997.12
79932,CUST007234,18064.63
66672,CUST007235,39563.16
1536,CUST007236,764.77
3396,CUST007237,2695.74
3348,CUST007238,1814.28
46308,CUST007239,41102.98
11508,CUST007240,6476.7
17688,CUST007241,7206.09
19680,CUST007242,17174.74
187020,CUST007243,91078.74
134508,CUST007244,41684.03
52692,CUST007245,23843.13
53904,CUST007246,21707.14
184764,CUST007247,76418.39
20676,CUST007248,13108.58
14040,CUST007249,11776.75
17628,CUST007250,5630.38
12624,CUST007251,5528.05
51672,CUST007252,3813.39
35460,CUST007253,9755.05
5436,CUST007254,843.67
58968,CUST007255,8279.11
146448,CUST007256,129445.39
297732,CUST007257,4525.53
15852,CUST007258,443.86
24564,CUST007259,23286.67
23424,CUST007260,8805.08
7344,CUST007261,218.12
18072,CUST007262,12657.63
55728,CUST007263,11797.62
84144,CUST007264,69662.82
20748,CUST007265,11909.35
237336,CUST007266,17752.73
68340,CUST007267,12390.04
4128,CUST007268,2836.35
271032,CUST007269,207176.86
88980,CUST007270,15331.25
68712,CUST007271,61985.1
38124,CUST007272,35745.06
169212,CUST007273,26194.02
94452,CUST007274,82541.6
3252,CUST007275,1021.13
21504,CUST007276,20078.28
173940,CUST007277,91770.74
14940,CUST007278,7242.91
5652,CUST007279,2835.61
22284,CUST007280,15852.84
19464,CUST007281,1685.58
68772,CUST007282,34709.23
9264,CUST007283,8382.07
19248,CUST007284,15481.17
3600,CUST007285,1709.64
15276,CUST007286,1252.63
30804,CUST007287,10223.85
287472,CUST007288,11326.4
10548,CUST007289,1598.02
16644,CUST007290,9751.72
20268,CUST007291,6455.36
8364,CUST007292,5457.51
93876,CUST007293,66586.25
2868,CUST007294,631.53
69912,CUST007295,65053.12
18096,CUST007296,9467.83
24312,CUST007297,19819.14
23316,CUST007298,9321.74
19944,CUST007299,5440.72
8592,CUST007300,7265.4
44004,CUST007301,27643.31
23748,CUST007302,15160.72
196308,CUST007303,161954.1
18996,CUST007304,14991.64
5376,CUST007305,4719.05
19596,CUST007306,10956.12
16536,CUST007307,6941.81
198180,CUST007308,98237.83
22584,CUST007309,10196.68
228588,CUST007310,148147.88
13692,CUST007311,4028.19
179784,CUST007312,82035.44
210744,CUST007313,172852.23
23568,CUST007314,7091.61
44208,CUST007315,27621.16
229620,CUST007316,34144.49
170100,CUST007317,96395.67
21828,CUST007318,11706.36
31284,CUST007319,11033.87
17988,CUST007320,16705.46
66780,CUST007321,36468.56
294456,CUST007322,106651.96
20184,CUST007323,7492.3
3852,CUST007324,1879.01
23820,CUST007325,4728.27
53448,CUST007326,16451.29
245028,CUST007327,18793.65
245832,CUST007328,187963.15
20004,CUST007329,5629.13
10884,CUST007330,6920.05
72024,CUST007331,17084.09
83652,CUST007332,6173.52
19164,CUST007333,18152.14
4920,CUST007334,4452.6
10248,CUST007335,6165.2
10860,CUST007336,6723.43
20064,CUST007337,10756.31
15672,CUST007338,1991.91
7692,CUST007339,3314.48
13296,CUST007340,5868.85
10380,CUST007341,831.44
2484,CUST007342,1743.02
7632,CUST007343,692.22
18360,CUST007344,14721.05
24192,CUST007345,4240.86
2196,CUST007346,1650.51
21624,CUST007347,16866.72
94248,CUST007348,56680.75
201816,CUST007349,159353.91
37296,CUST007350,33010.69
270960,CUST007351,167832.62
13164,CUST007352,11987.14
89088,CUST007353,69773.72
127080,CUST007354,119823.73
144756,CUST007355,60392.2
21276,CUST007356,3038.21
121476,CUST007357,69630.04
7128,CUST007358,2109.18
93108,CUST007359,42149.99
6120,CUST007360,2769.91
76620,CUST007361,49113.42
74244,CUST007362,57583.65
66324,CUST007363,6161.5
7692,CUST007364,2574.51
16836,CUST007365,3604.59
5880,CUST007366,1121.9
20316,CUST007367,9054.84
83016,CUST007368,55529.4
282144,CUST007369,125723.37
84564,CUST007370,68158.58
19728,CUST007371,13320.35
40680,CUST007372,10568.66
54144,CUST007373,16221.54
10536,CUST007374,4314.49
20232,CUST007375,1406.12
19080,CUST007376,15357.49
96168,CUST007377,66057.8
23220,CUST007378,10602.25
6564,CUST007379,5911.54
245064,CUST007380,63986.21
4416,CUST007381,3293.01
74256,CUST007382,30341
16416,CUST007383,13909.28
261816,CUST007384,165703.35
50496,CUST007385,23415
72516,CUST007386,10065.22
26400,CUST007387,16164.72
10020,CUST007388,1485.97
3708,CUST007389,1773.54
18348,CUST007390,14144.47
16416,CUST007391,8690.63
110208,CUST007392,95561.36
10512,CUST007393,7204.92
284160,CUST007394,261313.54
12720,CUST007395,7228.78
13812,CUST007396,4792.76
51936,CUST007397,28798.51
88800,CUST007398,23256.72
8268,CUST007399,1798.29
89004,CUST007400,35432.49
68160,CUST007401,51556.22
4020,CUST007402,274.57
110724,CUST007403,54155.11
136344,CUST007404,51401.69
31944,CUST007405,862.49
85032,CUST007406,23298.77
15828,CUST007407,642.62
23688,CUST007408,876.46
64224,CUST007409,8381.23
39228,CUST007410,29366.08
5760,CUST007411,122.11
17664,CUST007412,4848.77
93888,CUST007413,49103.42
3948,CUST007414,2065.2
1932,CUST007415,149.54
195720,CUST007416,14228.84
21336,CUST007417,16885.31
21564,CUST007418,5746.81
14904,CUST007419,8486.34
12132,CUST007420,10768.36
123360,CUST007421,114737.14
192600,CUST007422,163055.16
11004,CUST007423,4003.26
22668,CUST007424,17633.44
73332,CUST007425,59868.24
80964,CUST007426,52683.27
19392,CUST007427,5503.45
8448,CUST007428,2301.24
7536,CUST007429,284.11
87228,CUST007430,39086.87
3312,CUST007431,157.65
21156,CUST007432,10224.69
91644,CUST007433,18108.85
267660,CUST007434,27247.79
6852,CUST007435,5294.54
20460,CUST007436,17661.07
12000,CUST007437,9003.6
49872,CUST007438,34840.58
86880,CUST007439,67540.51
5040,CUST007440,1951.49
12420,CUST007441,8112.74
7296,CUST007442,3326.25
50532,CUST007443,38586.24
18480,CUST007444,5832.29
65040,CUST007445,13385.23
5736,CUST007446,2199.76
203868,CUST007447,55166.68
3612,CUST007448,3196.98
32952,CUST007449,9005.78
91572,CUST007450,52727.16
164076,CUST007451,82825.56
22812,CUST007452,16730.32
175236,CUST007453,34714.25
61260,CUST007454,26249.91
52908,CUST007455,27009.53
58596,CUST007456,7494.43
266448,CUST007457,27550.72
70860,CUST007458,53683.54
15288,CUST007459,1356.05
4440,CUST007460,3391.72
6156,CUST007461,3088.47
131436,CUST007462,50616
74112,CUST007463,52789.98
5940,CUST007464,2119.99
17136,CUST007465,12814.3
5148,CUST007466,2893.18
69660,CUST007467,45676.06
294048,CUST007468,220183.14
68148,CUST007469,49666.26
15060,CUST007470,14005.8
290616,CUST007471,52659.62
38292,CUST007472,17350.11
69936,CUST007473,24967.15
12072,CUST007474,9573.1
139908,CUST007475,89485.16
39300,CUST007476,31671.87
68280,CUST007477,28800.5
124800,CUST007478,97169.28
14004,CUST007479,9722.98
6588,CUST007480,2785.41
59460,CUST007481,21298.57
41160,CUST007482,27396.1
76044,CUST007483,5596.84
86484,CUST007484,63384.12
83160,CUST007485,46860.66
1884,CUST007486,324.24
104892,CUST007487,14107.97
3840,CUST007488,3142.66
67464,CUST007489,33752.24
54972,CUST007490,7893.98
70944,CUST007491,49554.38
20016,CUST007492,12001.59
47424,CUST007493,42027.15
39864,CUST007494,31161.69
16152,CUST007495,7373.39
37368,CUST007496,24419.99
75684,CUST007497,57133.85
16932,CUST007498,8867.29
21276,CUST007499,15042.13
53556,CUST007500,42603.8
7320,CUST007501,5216.23
18252,CUST007502,7536.25
16284,CUST007503,14942.2
110832,CUST007504,67075.53
1248,CUST007505,636.23
21888,CUST007506,5325.35
5112,CUST007507,3008.92
258480,CUST007508,69401.88
63228,CUST007509,22869.57
58980,CUST007510,7508.15
152496,CUST007511,107540.18
27732,CUST007512,6381.13
67848,CUST007513,3860.55
12132,CUST007514,7172.44
13188,CUST007515,11291.57
39384,CUST007516,33299.17
76080,CUST007517,42764.57
37500,CUST007518,8572.5
39420,CUST007519,11652.55
17280,CUST007520,7542.72
9144,CUST007521,2385.67
96108,CUST007522,55867.58
12876,CUST007523,6483.07
47736,CUST007524,23237.88
178068,CUST007525,43822.53
7692,CUST007526,519.21
20292,CUST007527,18153.22
161784,CUST007528,17327.07
2256,CUST007529,1010.24
195360,CUST007530,151013.28
38040,CUST007531,12302.14
6744,CUST007532,3701.11
57420,CUST007533,24989.18
102336,CUST007534,51157.77
9492,CUST007535,5266.16
7608,CUST007536,3332.3
2904,CUST007537,1315.8
4860,CUST007538,797.53
274284,CUST007539,28991.82
65772,CUST007540,9924.99
270312,CUST007541,56089.74
6780,CUST007542,4103.26
62868,CUST007543,36394.29
14328,CUST007544,3986.05
171660,CUST007545,55978.33
234720,CUST007546,127359.07
7920,CUST007547,2367.29
56844,CUST007548,52859.24
16968,CUST007549,6999.3
20028,CUST007550,2249.14
18672,CUST007551,685.26
74136,CUST007552,63623.52
81744,CUST007553,69318.91
61020,CUST007554,51641.23
14232,CUST007555,6112.64
72276,CUST007556,24161.87
12276,CUST007557,2948.7
3540,CUST007558,1233.69
21420,CUST007559,19946.3
79752,CUST007560,12983.63
2304,CUST007561,1483.55
19608,CUST007562,1719.62
16596,CUST007563,4419.51
14868,CUST007564,12649.69
21540,CUST007565,3099.61
23832,CUST007566,7769.23
4428,CUST007567,2690.01
20004,CUST007568,15463.09
3936,CUST007569,281.03
80724,CUST007570,48547.41
28056,CUST007571,11682.52
20976,CUST007572,6424.95
4644,CUST007573,3645.54
65532,CUST007574,15308.28
252888,CUST007575,133373.13
20316,CUST007576,3163.2
21024,CUST007577,16276.78
46716,CUST007578,16831.77
17652,CUST007579,6269.99
182640,CUST007580,131683.44
5088,CUST007581,2032.66
21216,CUST007582,13196.35
14196,CUST007583,6182.36
18048,CUST007584,8935.56
20328,CUST007585,4901.08
8436,CUST007586,7676.76
76596,CUST007587,6365.13
50088,CUST007588,16664.28
173604,CUST007589,98954.28
68676,CUST007590,45353.63
42372,CUST007591,38596.65
79680,CUST007592,1832.64
237600,CUST007593,213649.92
9132,CUST007594,3114.01
3648,CUST007595,1259.29
18636,CUST007596,6565.46
232476,CUST007597,88038.66
3588,CUST007598,1998.16
21300,CUST007599,9229.29
10500,CUST007600,3551.1
211152,CUST007601,84291.88
20124,CUST007602,7629.01
4632,CUST007603,3917.75
14844,CUST007604,12482.32
101484,CUST007605,42643.58
12504,CUST007606,6312.02
30096,CUST007607,7075.57
16260,CUST007608,6757.66
76368,CUST007609,14364.82
5208,CUST007610,4716.89
20712,CUST007611,10834.45
4140,CUST007612,1080.54
63624,CUST007613,22516.53
12024,CUST007614,1564.32
287028,CUST007615,96527.52
34212,CUST007616,18796.07
45192,CUST007617,24173.2
12120,CUST007618,934.45
1284,CUST007619,1083.82
62304,CUST007620,42273.26
3852,CUST007621,3109.33
6492,CUST007622,5253.98
51600,CUST007623,24045.6
13212,CUST007624,11995.17
249408,CUST007625,69534.95
6468,CUST007626,1508.34
7476,CUST007627,4203.01
122856,CUST007628,73529.32
3144,CUST007629,1764.41
20304,CUST007630,980.68
23544,CUST007631,13561.34
42876,CUST007632,28388.2
87132,CUST007633,15692.47
14916,CUST007634,1367.8
50280,CUST007635,7863.79
1740,CUST007636,793.61
96828,CUST007637,12355.25
165876,CUST007638,3168.23
17604,CUST007639,11312.33
2556,CUST007640,349.15
264540,CUST007641,74891.27
9312,CUST007642,3418.44
50304,CUST007643,13058.92
243408,CUST007644,37460.49
13788,CUST007645,1047.89
13896,CUST007646,13108.1
85284,CUST007647,79083.85
17448,CUST007648,13574.54
117876,CUST007649,24718.6
74268,CUST007650,10924.82
40008,CUST007651,28313.66
14676,CUST007652,8535.56
92208,CUST007653,33167.22
85044,CUST007654,32801.47
195864,CUST007655,88765.56
61056,CUST007656,31401.1
54540,CUST007657,28993.46
40344,CUST007658,11021.98
18684,CUST007659,8213.49
123852,CUST007660,22801.15
1560,CUST007661,1176.71
56880,CUST007662,22382.28
14676,CUST007663,10079.48
37212,CUST007664,21597.84
59040,CUST007665,33629.18
22908,CUST007666,7564.22
80796,CUST007667,72538.65
76908,CUST007668,66187.02
33696,CUST007669,7979.21
243696,CUST007670,183040.07
13668,CUST007671,1558.15
282912,CUST007672,54573.72
89976,CUST007673,36539.25
12324,CUST007674,11113.78
15744,CUST007675,14419.93
185076,CUST007676,2924.2
1644,CUST007677,396.7
12480,CUST007678,8991.84
88452,CUST007679,34912
7500,CUST007680,7089.75
8076,CUST007681,5347.12
13404,CUST007682,9691.09
11352,CUST007683,10156.63
29700,CUST007684,11431.53
101736,CUST007685,50959.56
243180,CUST007686,8195.17
76428,CUST007687,39689.06
253608,CUST007688,227258.13
56808,CUST007689,36181.02
153924,CUST007690,81287.26
6696,CUST007691,2658.31
11940,CUST007692,10843.91
20940,CUST007693,12323.19
38532,CUST007694,30686.88
22344,CUST007695,545.19
23268,CUST007696,18353.8
108120,CUST007697,4141
16476,CUST007698,12763.96
84876,CUST007699,45060.67
37068,CUST007700,31678.31
21312,CUST007701,5483.58
77460,CUST007702,29535.5
43176,CUST007703,31751.63
94200,CUST007704,31133.1
64128,CUST007705,53072.33
14676,CUST007706,3467.94
7896,CUST007707,3482.93
108216,CUST007708,92070.17
87012,CUST007709,49153.08
45456,CUST007710,17341.46
12192,CUST007711,593.75
30060,CUST007712,6655.28
82836,CUST007713,68132.61
16932,CUST007714,13728.47
77604,CUST007715,9591.85
80652,CUST007716,2919.6
1272,CUST007717,741.96
18720,CUST007718,14309.57
20832,CUST007719,14044.93
21276,CUST007720,10495.45
94524,CUST007721,89485.87
28968,CUST007722,21838.98
4716,CUST007723,4467
157620,CUST007724,135190.67
39984,CUST007725,23962.41
2160,CUST007726,1902.31
4560,CUST007727,274.97
17160,CUST007728,6302.87
18180,CUST007729,13255.04
39048,CUST007730,18864.09
69636,CUST007731,64510.79
65712,CUST007732,29583.54
42660,CUST007733,39622.61
18060,CUST007734,13452.89
29796,CUST007735,15157.23
162096,CUST007736,65940.65
6780,CUST007737,5420.61
35496,CUST007738,11493.6
4980,CUST007739,653.87
13752,CUST007740,8068.3
122772,CUST007741,37175.36
16680,CUST007742,12341.53
23868,CUST007743,17991.7
261384,CUST007744,198181.35
16968,CUST007745,8687.62
199068,CUST007746,166440.75
1428,CUST007747,212.34
41628,CUST007748,7913.48
5880,CUST007749,1152.48
21468,CUST007750,11354.43
2292,CUST007751,474.44
2280,CUST007752,259.46
11496,CUST007753,3628.14
97080,CUST007754,81469.54
16812,CUST007755,13999.35
145584,CUST007756,86811.74
21228,CUST007757,13360.9
88800,CUST007758,35395.68
89304,CUST007759,69585.68
78912,CUST007760,5863.16
3804,CUST007761,2898.65
21528,CUST007762,20156.67
57252,CUST007763,3910.31
135540,CUST007764,71497.35
20892,CUST007765,9196.66
9816,CUST007766,8293.54
15684,CUST007767,5102.01
94020,CUST007768,73382.61
20112,CUST007769,8030.72
1284,CUST007770,1153.8
236880,CUST007771,95817.96
21852,CUST007772,17726.34
92976,CUST007773,83520.34
8088,CUST007774,2275.96
10452,CUST007775,7976.97
10992,CUST007776,3101.94
40884,CUST007777,35303.33
65364,CUST007778,25341.62
6852,CUST007779,4747.75
91620,CUST007780,81376.88
134376,CUST007781,99276.99
4752,CUST007782,1587.64
102300,CUST007783,59702.28
7380,CUST007784,3048.68
20424,CUST007785,17125.52
17592,CUST007786,2688.06
77124,CUST007787,12733.17
56112,CUST007788,36287.63
10104,CUST007789,5243.98
10404,CUST007790,8761.21
4116,CUST007791,3059.83
14424,CUST007792,4200.27
191028,CUST007793,109153.4
17208,CUST007794,14802.32
2004,CUST007795,1799.59
169320,CUST007796,21943.87
251196,CUST007797,175008.25
73212,CUST007798,12380.15
205152,CUST007799,170481.31
5400,CUST007800,380.7
140628,CUST007801,116271.23
11016,CUST007802,7594.43
99552,CUST007803,83962.16
77724,CUST007804,23146.21
14688,CUST007805,12161.66
235320,CUST007806,10189.36
127512,CUST007807,103998.79
17928,CUST007808,4386.98
11808,CUST007809,4478.77
199416,CUST007810,68818.46
153996,CUST007811,68882.41
56340,CUST007812,2721.22
9540,CUST007813,7176.94
286956,CUST007814,270542.12
6348,CUST007815,4112.23
5568,CUST007816,448.78
20676,CUST007817,9783.88
16800,CUST007818,8379.84
8736,CUST007819,2482.77
192360,CUST007820,51783.31
6156,CUST007821,1385.1
256356,CUST007822,138739.87
17292,CUST007823,3154.06
76848,CUST007824,34128.2
21696,CUST007825,15408.5
21612,CUST007826,15296.97
2952,CUST007827,1064.49
18528,CUST007828,11804.19
54576,CUST007829,21759.45
3420,CUST007830,123.8
13800,CUST007831,12513.84
3336,CUST007832,2879.64
13788,CUST007833,9357.92
12948,CUST007834,8367
35220,CUST007835,17085.22
17184,CUST007836,5576.21
20832,CUST007837,5226.75
47196,CUST007838,7650.47
7440,CUST007839,1128.65
19344,CUST007840,13357.03
12804,CUST007841,10583.79
180636,CUST007842,102312.23
250644,CUST007843,214526.2
245820,CUST007844,153121.28
70356,CUST007845,22809.42
13404,CUST007846,11051.6
46188,CUST007847,35938.88
6168,CUST007848,4803.02
71940,CUST007849,33020.46
21204,CUST007850,15120.57
266460,CUST007851,222707.27
35940,CUST007852,16072.37
28716,CUST007853,14168.47
11676,CUST007854,297.74
19632,CUST007855,3649.59
76380,CUST007856,16154.37
268740,CUST007857,57107.25
10536,CUST007858,8369.8
6360,CUST007859,5287.07
21552,CUST007860,9778.14
7896,CUST007861,2356.96
30240,CUST007862,1572.48
24816,CUST007863,4551.25
92256,CUST007864,47954.67
75660,CUST007865,50722.46
91560,CUST007866,30288.05
39744,CUST007867,10416.9
47148,CUST007868,1273
265704,CUST007869,164231.64
6552,CUST007870,5444.06
4152,CUST007871,1650.84
5256,CUST007872,3257.14
283524,CUST007873,94186.67
19776,CUST007874,15996.81
10764,CUST007875,1029.04
165348,CUST007876,152285.51
45600,CUST007877,24587.52
15528,CUST007878,14531.1
45420,CUST007879,1857.68
82020,CUST007880,76106.36
65736,CUST007881,60661.18
14796,CUST007882,13837.22
1848,CUST007883,1418.71
117684,CUST007884,50651.19
62568,CUST007885,52450.75
69216,CUST007886,64737.72
35940,CUST007887,11209.69
18336,CUST007888,1644.74
224412,CUST007889,197594.77
15492,CUST007890,3251.77
65040,CUST007891,55739.28
74592,CUST007892,45754.73
177108,CUST007893,101465.17
4764,CUST007894,2106.64
91584,CUST007895,24095.75
11196,CUST007896,1910.04
9756,CUST007897,8094.55
92112,CUST007898,63161.2
18984,CUST007899,11921.95
290268,CUST007900,31523.1
18444,CUST007901,10376.59
18972,CUST007902,3395.99
35772,CUST007903,27319.08
74676,CUST007904,33074
68124,CUST007905,24919.76
19416,CUST007906,8995.43
52824,CUST007907,20574.95
98700,CUST007908,14173.32
18588,CUST007909,2448.04
272352,CUST007910,113679.72
22284,CUST007911,5789.38
14304,CUST007912,6608.45
1392,CUST007913,1219.39
8088,CUST007914,4832.58
2820,CUST007915,1209.5
7212,CUST007916,6762.69
65760,CUST007917,10732.03
60204,CUST007918,2835.61
61212,CUST007919,28071.82
15552,CUST007920,2811.8
21180,CUST007921,11701.95
14172,CUST007922,11557.27
8304,CUST007923,1451.54
37716,CUST007924,17602.06
2076,CUST007925,280.26
285852,CUST007926,107194.5
20940,CUST007927,3053.05
75396,CUST007928,23666.8
16500,CUST007929,8019
66072,CUST007930,6891.31
49212,CUST007931,25230.99
23832,CUST007932,736.41
58764,CUST007933,47428.42
16008,CUST007934,5140.17
17568,CUST007935,2719.53
3600,CUST007936,3053.88
63000,CUST007937,17797.5
4140,CUST007938,2034.81
23100,CUST007939,20524.35
17832,CUST007940,13680.71
23748,CUST007941,7485.37
15396,CUST007942,5581.05
1776,CUST007943,640.07
14760,CUST007944,8579.99
6840,CUST007945,2960.35
19536,CUST007946,707.2
82752,CUST007947,2614.96
5172,CUST007948,4638.25
13164,CUST007949,5980.41
15936,CUST007950,6385.56
9564,CUST007951,4903.46
23052,CUST007952,352.7
39192,CUST007953,24365.67
5712,CUST007954,1248.07
218604,CUST007955,106110.38
11688,CUST007956,9830.78
23328,CUST007957,3356.9
275820,CUST007958,101915.49
28644,CUST007959,3597.69
145920,CUST007960,128657.66
43740,CUST007961,24490.03
16224,CUST007962,2151.3
90732,CUST007963,45438.59
23172,CUST007964,8096.3
21948,CUST007965,16586.1
52644,CUST007966,49817.02
16956,CUST007967,14153.17
284076,CUST007968,153344.22
80220,CUST007969,35882.41
41100,CUST007970,15091.92
14244,CUST007971,7490.92
17232,CUST007972,7461.46
69660,CUST007973,34272.72
94320,CUST007974,42198.77
207900,CUST007975,101995.74
11136,CUST007976,8678.28
84852,CUST007977,41865.98
49812,CUST007978,34300.54
86592,CUST007979,58527.53
39324,CUST007980,24695.47
57192,CUST007981,39496.8
255768,CUST007982,60412.4
44808,CUST007983,24971.5
20748,CUST007984,431.56
147324,CUST007985,75974.99
31596,CUST007986,23987.68
60000,CUST007987,10302
5760,CUST007988,1363.97
19680,CUST007989,2180.54
12960,CUST007990,194.4
47376,CUST007991,9787.88
45084,CUST007992,4684.23
72684,CUST007993,43297.86
16656,CUST007994,11454.33
72168,CUST007995,37137.65
43644,CUST007996,29123.64
8868,CUST007997,1372.77
9624,CUST007998,4574.29
10668,CUST007999,1292.96
26376,CUST008000,13947.63
8400,CUST008001,7173.6
14712,CUST008002,6623.34
215232,CUST008003,146293.19
41928,CUST008004,26288.86
25752,CUST008005,23892.71
242172,CUST008006,206524.28
13620,CUST008007,10136
163068,CUST008008,119594.07
1992,CUST008009,1239.82
22980,CUST008010,19135.45
11328,CUST008011,2350.56
274416,CUST008012,101533.92
49920,CUST008013,37719.55
13284,CUST008014,5819.72
21480,CUST008015,2947.06
8112,CUST008016,2348.42
6828,CUST008017,4647.14
138060,CUST008018,12936.22
17424,CUST008019,8813.06
53064,CUST008020,32538.84
14664,CUST008021,13158.01
44112,CUST008022,2571.73
61164,CUST008023,19187.15
59040,CUST008024,28587.17
18732,CUST008025,10075.94
23532,CUST008026,9262.2
12036,CUST008027,5106.87
64032,CUST008028,13139.37
7620,CUST008029,2001.01
86532,CUST008030,37805.83
83520,CUST008031,64385.57
19068,CUST008032,8336.53
14964,CUST008033,6679.93
69540,CUST008034,43399.91
86484,CUST008035,77576.15
14136,CUST008036,10688.23
19620,CUST008037,541.51
5208,CUST008038,968.69
22236,CUST008039,14680.21
172140,CUST008040,100960.11
15972,CUST008041,1407.13
69420,CUST008042,5123.2
84384,CUST008043,76662.86
4320,CUST008044,3684.53
89148,CUST008045,8023.32
12000,CUST008046,2906.4
213960,CUST008047,133425.46
31284,CUST008048,27329.7
12420,CUST008049,9714.92
13092,CUST008050,7760.94
180420,CUST008051,13351.08
5352,CUST008052,1209.55
75024,CUST008053,55600.29
295536,CUST008054,151107.56
1740,CUST008055,807.88
140076,CUST008056,46113.02
76200,CUST008057,60022.74
3108,CUST008058,504.74
77988,CUST008059,26086.99
7764,CUST008060,2129.67
19116,CUST008061,9273.17
4608,CUST008062,2715.03
13788,CUST008063,3594.53
38208,CUST008064,3901.04
16980,CUST008065,7800.61
17352,CUST008066,3456.52
228588,CUST008067,67662.05
227628,CUST008068,56246.88
52056,CUST008069,9755.29
20784,CUST008070,17123.94
23652,CUST008071,19302.4
5652,CUST008072,981.75
20784,CUST008073,4129.78
42756,CUST008074,9179.71
52008,CUST008075,20657.58
14088,CUST008076,166.24
16224,CUST008077,9766.85
4428,CUST008078,3242.18
8016,CUST008079,5510.2
19608,CUST008080,6635.35
88608,CUST008081,60926.86
218364,CUST008082,23845.35
71424,CUST008083,37983.28
42552,CUST008084,35518.15
59028,CUST008085,48975.53
1584,CUST008086,101.69
11280,CUST008087,9833.9
61668,CUST008088,20973.29
22056,CUST008089,5337.55
5712,CUST008090,4500.48
6144,CUST008091,1909.56
18300,CUST008092,6324.48
203184,CUST008093,82228.56
90060,CUST008094,50127.4
20976,CUST008095,15675.36
13644,CUST008096,2462.74
82776,CUST008097,36868.43
23820,CUST008098,20578.1
75168,CUST008099,36223.46
3936,CUST008100,3285.38
72888,CUST008101,58529.06
61860,CUST008102,46364.07
18744,CUST008103,12335.43
70500,CUST008104,10152
90588,CUST008105,46480.7
80988,CUST008106,62846.69
2028,CUST008107,1176.04
15348,CUST008108,4483.15
80040,CUST008109,44606.29
12996,CUST008110,162.45
8280,CUST008111,3016.4
29316,CUST008112,26730.33
19920,CUST008113,8015.81
18096,CUST008114,8137.77
15900,CUST008115,9331.71
41004,CUST008116,5978.38
23388,CUST008117,20646.93
55932,CUST008118,7511.67
262080,CUST008119,195170.98
207456,CUST008120,157977.74
160236,CUST008121,64078.38
15900,CUST008122,9875.49
113976,CUST008123,42376.28
86820,CUST008124,65592.51
10620,CUST008125,1631.23
72216,CUST008126,30034.63
2928,CUST008127,917.64
51960,CUST008128,20716.45
46428,CUST008129,20442.25
94308,CUST008130,74380.72
57660,CUST008131,27180.92
16104,CUST008132,4639.56
40188,CUST008133,10264.02
5436,CUST008134,3448.05
41256,CUST008135,15809.3
121944,CUST008136,34997.93
16896,CUST008137,1154
2508,CUST008138,1426.8
13980,CUST008139,3717.28
9504,CUST008140,4155.15
12936,CUST008141,7999.62
22008,CUST008142,4078.08
28212,CUST008143,21929.19
85680,CUST008144,11421.14
34320,CUST008145,11284.42
139248,CUST008146,7157.35
14400,CUST008147,5519.52
1656,CUST008148,1492.88
41748,CUST008149,34287.63
12336,CUST008150,1951.56
8592,CUST008151,8051.56
260496,CUST008152,33656.08
140640,CUST008153,114480.96
23712,CUST008154,3127.61
81696,CUST008155,71688.24
15120,CUST008156,9896.04
276732,CUST008157,180069.51
23652,CUST008158,4832.1
20520,CUST008159,14388.62
9672,CUST008160,7549
1344,CUST008161,664.61
20328,CUST008162,9580.59
269412,CUST008163,2909.65
191484,CUST008164,120500.88
242424,CUST008165,75684.77
70800,CUST008166,32539.68
22392,CUST008167,7611.04
242892,CUST008168,100630.16
89724,CUST008169,63919.38
19440,CUST008170,18333.86
50028,CUST008171,34624.38
22848,CUST008172,11652.48
27828,CUST008173,13616.24
133344,CUST008174,84260.07
65232,CUST008175,46334.29
62868,CUST008176,50860.21
27912,CUST008177,21871.84
23928,CUST008178,11155.23
17052,CUST008179,3449.62
16416,CUST008180,311.9
4920,CUST008181,1612.78
83856,CUST008182,15597.22
88140,CUST008183,56127.55
4320,CUST008184,2752.7
88608,CUST008185,2498.75
44160,CUST008186,29785.92
221064,CUST008187,176165.9
38124,CUST008188,18631.2
7656,CUST008189,2609.16
2592,CUST008190,1454.37
256584,CUST008191,55730.04
2028,CUST008192,907.33
5868,CUST008193,3879.92
47580,CUST008194,15611
95124,CUST008195,51452.57
16968,CUST008196,9441
45108,CUST008197,34417.4
54792,CUST008198,48227.92
66192,CUST008199,50319.16
18504,CUST008200,5134.86
10812,CUST008201,9265.88
6864,CUST008202,2477.9
62508,CUST008203,7957.27
12888,CUST008204,5830.53
18840,CUST008205,13766.39
18912,CUST008206,15553.23
82992,CUST008207,1792.63
29784,CUST008208,25268.75
23340,CUST008209,21624.51
75324,CUST008210,51815.38
62748,CUST008211,55939.84
34104,CUST008212,30182.04
15576,CUST008213,5907.98
10428,CUST008214,7774.07
8220,CUST008215,6946.72
20976,CUST008216,6957.74
26892,CUST008217,5502.1
18000,CUST008218,2233.8
14844,CUST008219,5424
30840,CUST008220,8326.8
23124,CUST008221,11432.51
23388,CUST008222,18696.37
9636,CUST008223,4947.12
31644,CUST008224,6278.17
20376,CUST008225,8225.79
59376,CUST008226,55991.57
212280,CUST008227,81897.62
273192,CUST008228,19833.74
154764,CUST008229,48920.9
18912,CUST008230,15108.8
92112,CUST008231,32782.66
114360,CUST008232,60953.88
16092,CUST008233,9896.58
57960,CUST008234,32996.63
20160,CUST008235,3169.15
7488,CUST008236,5353.92
9060,CUST008237,5408.82
18960,CUST008238,5972.4
10860,CUST008239,9175.61
186960,CUST008240,172620.17
87636,CUST008241,74271.51
8688,CUST008242,705.47
20724,CUST008243,3487.85
20508,CUST008244,17891.18
16764,CUST008245,10497.62
74628,CUST008246,14462.91
140172,CUST008247,113665.47
11232,CUST008248,10130.14
12732,CUST008249,3655.36
80916,CUST008250,66893.26
3588,CUST008251,311.44
91584,CUST008252,53283.57
104700,CUST008253,79551.06
9348,CUST008254,3075.49
277860,CUST008255,218286.82
9924,CUST008256,6753.28
17556,CUST008257,13691.92
85020,CUST008258,15329.11
3144,CUST008259,658.98
216288,CUST008260,99816.91
165144,CUST008261,72696.39
12996,CUST008262,4883.9
21336,CUST008263,8001
37416,CUST008264,27788.86
15504,CUST008265,5015.54
127740,CUST008266,93058.59
14772,CUST008267,11287.29
4068,CUST008268,1979.9
1644,CUST008269,61.16
43236,CUST008270,5923.33
1944,CUST008271,836.89
75444,CUST008272,62761.86
68280,CUST008273,36898.51
14016,CUST008274,11746.81
58152,CUST008275,49144.26
76500,CUST008276,15154.65
26088,CUST008277,5825.45
44208,CUST008278,521.65
40224,CUST008279,15204.67
23460,CUST008280,12450.22
10848,CUST008281,2284.59
4392,CUST008282,566.57
9852,CUST008283,2409.8
16812,CUST008284,6716.39
85152,CUST008285,34273.68
30900,CUST008286,11677.11
32880,CUST008287,5579.74
18588,CUST008288,10786.62
200484,CUST008289,37891.48
19344,CUST008290,16997.57
10392,CUST008291,9350.72
60804,CUST008292,51573.95
20904,CUST008293,8246.63
72216,CUST008294,10911.84
84684,CUST008295,12558.64
22188,CUST008296,19998.04
287652,CUST008297,144199.95
14424,CUST008298,9868.9
17208,CUST008299,5157.24
64260,CUST008300,50803.96
279768,CUST008301,23612.42
18132,CUST008302,9058.75
34596,CUST008303,3124.02
95376,CUST008304,6065.91
11256,CUST008305,4242.39
17172,CUST008306,14530.95
12264,CUST008307,4830.79
188028,CUST008308,13124.35
54372,CUST008309,37745.04
1896,CUST008310,609.18
80916,CUST008311,57426.09
16644,CUST008312,13053.89
5604,CUST008313,4401.94
14556,CUST008314,10177.56
50856,CUST008315,27797.89
15648,CUST008316,9686.11
21516,CUST008317,11706.86
289392,CUST008318,155461.38
21684,CUST008319,11882.83
22356,CUST008320,18544.3
15636,CUST008321,394.03
13044,CUST008322,10441.72
12204,CUST008323,11479.08
1752,CUST008324,972.54
4404,CUST008325,3290.23
5040,CUST008326,3496.25
3528,CUST008327,263.54
17904,CUST008328,4135.82
14736,CUST008329,6144.91
261912,CUST008330,222808.54
93540,CUST008331,64636.14
265356,CUST008332,230435.15
13824,CUST008333,7001.86
20760,CUST008334,5532.54
10416,CUST008335,4959.06
229932,CUST008336,27591.84
45792,CUST008337,13577.33
4128,CUST008338,2636.55
270300,CUST008339,31814.31
268176,CUST008340,100887.81
188544,CUST008341,33070.62
212460,CUST008342,109268.18
94416,CUST008343,1482.33
65136,CUST008344,3686.7
5232,CUST008345,975.77
5796,CUST008346,5054.11
83532,CUST008347,36612.08
80952,CUST008348,57087.35
10464,CUST008349,8923.7
14112,CUST008350,8372.65
16464,CUST008351,1312.18
26100,CUST008352,13778.19
22104,CUST008353,13708.9
13080,CUST008354,4345.18
31392,CUST008355,27540.2
1476,CUST008356,492.39
74352,CUST008357,21978.45
32424,CUST008358,12554.57
108672,CUST008359,40469.45
25512,CUST008360,12189.63
58632,CUST008361,36809.17
85068,CUST008362,3972.68
8892,CUST008363,8238.44
8556,CUST008364,2126.17
13392,CUST008365,261.14
79992,CUST008366,1807.82
1452,CUST008367,1144.03
103044,CUST008368,29264.5
18612,CUST008369,9855.05
10224,CUST008370,8378.57
3612,CUST008371,3202.76
16944,CUST008372,7614.63
7392,CUST008373,3473.5
20184,CUST008374,9074.73
1740,CUST008375,1132.04
185016,CUST008376,169622.67
3996,CUST008377,203.4
179016,CUST008378,119725.9
196080,CUST008379,166569.96
14724,CUST008380,12094.29
23028,CUST008381,3732.84
209580,CUST008382,98146.31
7104,CUST008383,4418.69
151044,CUST008384,62607.74
22068,CUST008385,20331.25
9876,CUST008386,8083.51
65964,CUST008387,39782.89
55992,CUST008388,6713.44
35376,CUST008389,12692.91
58188,CUST008390,40708.32
46896,CUST008391,22383.46
60432,CUST008392,32512.42
12528,CUST008393,10314.3
1248,CUST008394,410.22
1512,CUST008395,570.93
20496,CUST008396,16513.63
9168,CUST008397,7180.38
73596,CUST008398,5350.43
21672,CUST008399,15384.95
15312,CUST008400,9553.16
18072,CUST008401,1841.54
17952,CUST008402,2531.23
22656,CUST008403,19710.72
5688,CUST008404,2961.74
1848,CUST008405,157.08
286980,CUST008406,256187.05
85308,CUST008407,17744.06
2640,CUST008408,962.02
18276,CUST008409,7533.37
13284,CUST008410,217.86
9564,CUST008411,800.51
32784,CUST008412,2580.1
8100,CUST008413,3039.93
250428,CUST008414,115647.65
7632,CUST008415,4860.06
21372,CUST008416,9281.86
43104,CUST008417,10702.72
12156,CUST008418,8534.73
40764,CUST008419,25139.16
220248,CUST008420,55678.69
17580,CUST008421,16465.43
72780,CUST008422,48245.86
81792,CUST008423,24087.74
2388,CUST008424,1341.58
1452,CUST008425,1053.86
7272,CUST008426,5243.84
82572,CUST008427,23557.79
1752,CUST008428,269.28
16488,CUST008429,4860.66
95652,CUST008430,33573.85
20436,CUST008431,2558.59
52860,CUST008432,7146.67
84072,CUST008433,24868.5
7176,CUST008434,6089.55
242388,CUST008435,54440.34
6252,CUST008436,3339.19
72216,CUST008437,9944.14
55308,CUST008438,44063.88
30096,CUST008439,25518.4
15852,CUST008440,4833.27
23616,CUST008441,2663.88
235692,CUST008442,84778.41
4188,CUST008443,3212.61
7476,CUST008444,3580.26
17748,CUST008445,4456.52
173676,CUST008446,153703.26
205980,CUST008447,19547.5
20184,CUST008448,11872.23
201888,CUST008449,104093.45
9132,CUST008450,2065.66
1272,CUST008451,491.25
137952,CUST008452,109340.76
44124,CUST008453,34504.97
213540,CUST008454,20841.5
187896,CUST008455,18620.49
66624,CUST008456,29501.11
185544,CUST008457,131996
2076,CUST008458,1277.57
239784,CUST008459,227746.84
78864,CUST008460,24495.16
121356,CUST008461,113455.72
15552,CUST008462,4335.9
68016,CUST008463,33470.67
56064,CUST008464,3582.49
16332,CUST008465,1349.02
41700,CUST008466,12872.79
16308,CUST008467,4799.44
19104,CUST008468,17963.49
11640,CUST008469,5513.87
25452,CUST008470,9447.78
152304,CUST008471,51798.59
95160,CUST008472,73644.32
233136,CUST008473,55602.94
81900,CUST008474,61719.84
2844,CUST008475,389.06
16212,CUST008476,10257.33
56064,CUST008477,47138.61
21768,CUST008478,3872.53
279624,CUST008479,255716.15
10116,CUST008480,2509.78
91680,CUST008481,42814.56
35784,CUST008482,21731.62
172200,CUST008483,77851.62
295212,CUST008484,200094.69
89040,CUST008485,20149.75
102072,CUST008486,79218.08
3228,CUST008487,139.13
7476,CUST008488,835.07
67668,CUST008489,33705.43
67860,CUST008490,16238.9
23136,CUST008491,3722.58
22140,CUST008492,15991.72
18288,CUST008493,14506.04
21072,CUST008494,2541.28
177900,CUST008495,14712.33
17868,CUST008496,9629.07
7548,CUST008497,4537.1
17004,CUST008498,13232.51
6996,CUST008499,5830.47
45312,CUST008500,12922.98
10416,CUST008501,7474.52
14748,CUST008502,4607.28
126768,CUST008503,97928.28
19980,CUST008504,12467.52
247908,CUST008505,147951.49
16836,CUST008506,15921.81
61644,CUST008507,34440.5
17640,CUST008508,10326.46
11688,CUST008509,4356.12
55164,CUST008510,29937.5
13176,CUST008511,6288.9
199092,CUST008512,94349.7
1344,CUST008513,461.93
13236,CUST008514,11507.38
221616,CUST008515,95871.08
18888,CUST008516,2729.32
133920,CUST008517,7231.68
82044,CUST008518,75185.12
223224,CUST008519,101142.79
60144,CUST008520,51344.93
16764,CUST008521,9835.44
82596,CUST008522,18162.86
14616,CUST008523,653.34
68724,CUST008524,51872.88
258120,CUST008525,159905.34
33204,CUST008526,11149.9
4332,CUST008527,1386.24
6672,CUST008528,2140.38
196716,CUST008529,84155.1
51732,CUST008530,48607.39
46056,CUST008531,23709.63
42456,CUST008532,36261.67
295020,CUST008533,56555.33
42180,CUST008534,19647.44
22092,CUST008535,1734.22
13992,CUST008536,6986.21
15972,CUST008537,1570.05
76788,CUST008538,68203.1
72792,CUST008539,953.58
4260,CUST008540,454.12
26448,CUST008541,14287.21
19044,CUST008542,14534.38
19068,CUST008543,4261.7
4392,CUST008544,1533.25
53172,CUST008545,35954.91
15264,CUST008546,8816.49
6336,CUST008547,1075.85
13896,CUST008548,8537.7
69900,CUST008549,39898.92
20124,CUST008550,8957.19
62532,CUST008551,42540.52
5232,CUST008552,4319.54
10368,CUST008553,3120.77
4752,CUST008554,2398.33
20160,CUST008555,9319.97
49044,CUST008556,31285.17
71496,CUST008557,41696.47
146856,CUST008558,38667.18
32664,CUST008559,3713.9
19836,CUST008560,8039.53
164460,CUST008561,97014.95
7260,CUST008562,4450.38
22824,CUST008563,8734.74
13464,CUST008564,1623.76
14556,CUST008565,12205.21
51684,CUST008566,16357.99
294276,CUST008567,116974.71
14616,CUST008568,7210.07
292608,CUST008569,52845
1824,CUST008570,830.28
21564,CUST008571,506.75
16392,CUST008572,15177.35
275772,CUST008573,107909.58
60372,CUST008574,32214.5
2940,CUST008575,1208.05
1992,CUST008576,1174.68
1728,CUST008577,1608.77
20988,CUST008578,8155.94
64692,CUST008579,23923.1
273660,CUST008580,40364.85
241584,CUST008581,65276
16536,CUST008582,8168.78
15000,CUST008583,8628
11724,CUST008584,123.1
2040,CUST008585,284.17
6348,CUST008586,4497.56
69048,CUST008587,20887.02
149220,CUST008588,111780.7
3432,CUST008589,3018.79
109968,CUST008590,65716.88
90168,CUST008591,21622.29
46644,CUST008592,26927.58
83448,CUST008593,10038.79
91140,CUST008594,70961.6
20064,CUST008595,720.3
88224,CUST008596,9969.31
21792,CUST008597,4850.9
249864,CUST008598,89026.54
95556,CUST008599,4949.8
13728,CUST008600,815.44
11952,CUST008601,3634.6
4332,CUST008602,3005.11
28488,CUST008603,23445.62
17028,CUST008604,14114.51
11688,CUST008605,8589.51
12972,CUST008606,10705.79
66192,CUST008607,60148.67
178296,CUST008608,129175.45
148200,CUST008609,83584.8
19500,CUST008610,17261.4
89544,CUST008611,20639.89
56280,CUST008612,29687.7
11244,CUST008613,2707.56
10656,CUST008614,9830.16
8376,CUST008615,1638.35
22572,CUST008616,415.32
12072,CUST008617,9483.76
158220,CUST008618,33811.61
16488,CUST008619,7561.4
18180,CUST008620,16367.45
13632,CUST008621,2742.76
15276,CUST008622,2363.2
13788,CUST008623,2901
173136,CUST008624,123653.73
23676,CUST008625,15600.12
169764,CUST008626,13496.24
3924,CUST008627,2131.12
13128,CUST008628,7559.1
41316,CUST008629,28371.7
43200,CUST008630,14122.08
11916,CUST008631,2379.63
77928,CUST008632,36228.73
33696,CUST008633,17764.53
9000,CUST008634,1392.3
22908,CUST008635,3248.35
90960,CUST008636,17891.83
172440,CUST008637,63199.26
85092,CUST008638,47217.55
14280,CUST008639,13297.54
57108,CUST008640,30804.06
95256,CUST008641,44656.01
16224,CUST008642,13285.83
35136,CUST008643,28959.09
23724,CUST008644,19335.06
19200,CUST008645,4450.56
94296,CUST008646,25610.79
13920,CUST008647,10600.08
1932,CUST008648,1421.57
95568,CUST008649,37252.41
228468,CUST008650,150857.42
288192,CUST008651,202051.41
21396,CUST008652,13301.89
7428,CUST008653,5675.73
31800,CUST008654,15330.78
264144,CUST008655,147048.96
129720,CUST008656,24089
8208,CUST008657,6380.08
44844,CUST008658,34682.35
62016,CUST008659,26040.52
60348,CUST008660,9963.45
12396,CUST008661,130.16
12792,CUST008662,8357.01
131544,CUST008663,71086.38
20664,CUST008664,15464.94
3732,CUST008665,1492.05
23448,CUST008666,21907.47
3888,CUST008667,3382.95
16392,CUST008668,4150.45
259800,CUST008669,210983.58
15360,CUST008670,5750.78
5460,CUST008671,745.84
10404,CUST008672,8620.75
62376,CUST008673,1908.71
33336,CUST008674,10860.87
72060,CUST008675,17640.29
199224,CUST008676,131846.44
13476,CUST008677,6091.15
17112,CUST008678,549.3
19572,CUST008679,10643.25
10356,CUST008680,4879.75
23232,CUST008681,5833.56
47112,CUST008682,12234.99
132084,CUST008683,66068.42
138144,CUST008684,74625.39
70248,CUST008685,1222.32
23508,CUST008686,1032
42996,CUST008687,6260.22
8364,CUST008688,2370.36
74616,CUST008689,15109.74
49968,CUST008690,16374.51
259728,CUST008691,60516.62
40620,CUST008692,27260.08
256452,CUST008693,213445
61716,CUST008694,37510.98
8724,CUST008695,6799.49
3612,CUST008696,932.26
82224,CUST008697,68106.14
30360,CUST008698,19803.83
44784,CUST008699,2185.46
21408,CUST008700,13262.26
39612,CUST008701,11059.67
65256,CUST008702,31831.88
8964,CUST008703,2362.01
68208,CUST008704,32964.93
111024,CUST008705,61640.52
14172,CUST008706,9714.91
51240,CUST008707,8772.29
139596,CUST008708,7300.87
252864,CUST008709,28244.91
141936,CUST008710,26726.55
3060,CUST008711,52.94
54300,CUST008712,6173.91
188844,CUST008713,34955.02
141468,CUST008714,71667.69
3636,CUST008715,3103.33
45300,CUST008716,31823.25
21768,CUST008717,15851.46
75432,CUST008718,41781.78
12264,CUST008719,9959.59
109572,CUST008720,84841.6
67896,CUST008721,37458.22
203256,CUST008722,72399.79
20112,CUST008723,6632.94
1860,CUST008724,1683.67
6216,CUST008725,142.97
56808,CUST008726,52473.55
22692,CUST008727,20409.18
47496,CUST008728,40651.83
42792,CUST008729,14523.6
58164,CUST008730,27971.07
10440,CUST008731,5942.45
1728,CUST008732,17.63
91236,CUST008733,63034.95
15780,CUST008734,1347.61
1416,CUST008735,980.44
57804,CUST008736,20202.5
290412,CUST008737,35749.72
15144,CUST008738,10877.94
22920,CUST008739,3153.79
84876,CUST008740,46350.78
3948,CUST008741,2840.19
50292,CUST008742,42466.56
19428,CUST008743,10257.98
19116,CUST008744,15319.56
76620,CUST008745,4443.96
165288,CUST008746,49999.62
13740,CUST008747,11606.18
78396,CUST008748,14761.97
44796,CUST008749,33117.68
22488,CUST008750,16904.23
16116,CUST008751,1221.59
8124,CUST008752,4633.93
3204,CUST008753,2970.43
72432,CUST008754,21360.2
23448,CUST008755,1566.33
15984,CUST008756,2965.03
11232,CUST008757,10017.82
18096,CUST008758,10130.14
7656,CUST008759,721.96
23040,CUST008760,13757.18
30456,CUST008761,8932.74
8532,CUST008762,6033.83
17520,CUST008763,15799.54
64092,CUST008764,60297.75
19752,CUST008765,598.49
296064,CUST008766,212721.98
95328,CUST008767,74899.21
6396,CUST008768,4217.52
3960,CUST008769,3461.04
6456,CUST008770,2517.84
66300,CUST008771,961.35
63996,CUST008772,54223.81
44700,CUST008773,13566.45
2844,CUST008774,1653.79
57144,CUST008775,29697.74
60768,CUST008776,57200.92
15636,CUST008777,12524.44
114348,CUST008778,94565.8
89784,CUST008779,63064.28
1416,CUST008780,724.28
3648,CUST008781,383.04
18804,CUST008782,13852.91
12000,CUST008783,10515.6
44928,CUST008784,20985.87
90432,CUST008785,47947.05
8400,CUST008786,1978.2
28644,CUST008787,1389.23
58620,CUST008788,55354.87
12840,CUST008789,5702.24
15024,CUST008790,13004.77
20748,CUST008791,13278.72
1932,CUST008792,1190.88
19440,CUST008793,14278.68
96060,CUST008794,53025.12
6708,CUST008795,2895.17
57516,CUST008796,25341.55
86268,CUST008797,22697.11
84720,CUST008798,3032.98
5448,CUST008799,3482.91
3132,CUST008800,913.29
3684,CUST008801,1003.89
6252,CUST008802,3281.05
19056,CUST008803,14152.89
20904,CUST008804,9916.86
87348,CUST008805,72394.02
25872,CUST008806,3078.77
102912,CUST008807,70247.73
16848,CUST008808,7111.54
154260,CUST008809,121865.4
7716,CUST008810,4695.19
135012,CUST008811,120903.25
83532,CUST008812,22712.35
247812,CUST008813,115926.45
3096,CUST008814,2040.88
9720,CUST008815,8656.63
8664,CUST008816,3630.22
73200,CUST008817,11141.04
10164,CUST008818,6706.21
51948,CUST008819,35667.5
9528,CUST008820,4581.06
57948,CUST008821,38181.94
13932,CUST008822,10703.96
3120,CUST008823,1280.76
19644,CUST008824,1520.45
20520,CUST008825,3984.98
11604,CUST008826,8553.31
16896,CUST008827,7364.97
78252,CUST008828,53148.76
34860,CUST008829,16408.6
4464,CUST008830,3267.65
15996,CUST008831,254.34
75192,CUST008832,18294.21
34044,CUST008833,2563.51
244824,CUST008834,121946.83
8124,CUST008835,3597.31
21720,CUST008836,15660.12
169812,CUST008837,2971.71
21252,CUST008838,20055.51
20940,CUST008839,15933.25
207600,CUST008840,134711.64
8856,CUST008841,6252.34
6672,CUST008842,3343.34
10800,CUST008843,4633.2
4824,CUST008844,2125.45
256704,CUST008845,229673.07
12672,CUST008846,704.56
101400,CUST008847,14621.88
13764,CUST008848,6587.45
16164,CUST008849,10960.81
94224,CUST008850,88768.43
227208,CUST008851,84271.45
200868,CUST008852,74120.29
64440,CUST008853,48162.46
91980,CUST008854,57607.07
1356,CUST008855,1190.16
130356,CUST008856,73677.21
54624,CUST008857,19522.62
12672,CUST008858,6882.16
227724,CUST008859,173571.23
89292,CUST008860,82282.58
6456,CUST008861,4097.62
11016,CUST008862,8122.1
29220,CUST008863,7021.57
13548,CUST008864,2553.8
14712,CUST008865,6279.08
85572,CUST008866,1043.98
89580,CUST008867,55602.31
71016,CUST008868,44931.82
55080,CUST008869,21079.12
25608,CUST008870,20483.84
67776,CUST008871,63777.22
18240,CUST008872,1836.77
14028,CUST008873,12661.67
14364,CUST008874,12544.08
67404,CUST008875,35535.39
6084,CUST008876,1224.71
45036,CUST008877,9092.77
20340,CUST008878,8565.17
14556,CUST008879,7842.77
7152,CUST008880,3149.03
7320,CUST008881,5151.82
22248,CUST008882,15457.91
18372,CUST008883,13400.54
101964,CUST008884,72302.67
16356,CUST008885,9298.39
135636,CUST008886,67872.25
6984,CUST008887,473.52
11112,CUST008888,3101.36
94860,CUST008889,39746.34
1728,CUST008890,1039.05
14616,CUST008891,10003.19
119772,CUST008892,19582.72
23592,CUST008893,6008.88
60456,CUST008894,36309.87
89472,CUST008895,57181.56
18132,CUST008896,1280.12
92184,CUST008897,56176.93
8856,CUST008898,1122.06
12456,CUST008899,1949.36
7032,CUST008900,2913.36
20892,CUST008901,16765.83
111972,CUST008902,58583.75
90888,CUST008903,30074.84
13572,CUST008904,9051.17
22368,CUST008905,11423.34
93192,CUST008906,4342.75
22140,CUST008907,17295.77
17340,CUST008908,4818.79
20676,CUST008909,1846.37
12936,CUST008910,7955.64
9564,CUST008911,8255.64
10044,CUST008912,6067.58
3792,CUST008913,887.71
163368,CUST008914,111531.33
7632,CUST008915,1895.79
55020,CUST008916,7504.73
171048,CUST008917,119733.6
82368,CUST008918,7207.2
67080,CUST008919,56568.56
88272,CUST008920,14794.39
40668,CUST008921,36861.48
23676,CUST008922,16587.41
20736,CUST008923,13339.47
76440,CUST008924,35575.18
22728,CUST008925,8911.65
120348,CUST008926,74928.66
174780,CUST008927,2831.44
88536,CUST008928,13847.03
23820,CUST008929,9763.82
145392,CUST008930,54565.62
23052,CUST008931,11196.36
8340,CUST008932,1386.11
248172,CUST008933,63507.21
73392,CUST008934,46647.96
13224,CUST008935,4161.59
69528,CUST008936,27227.16
22776,CUST008937,11440.38
240744,CUST008938,191800.74
1632,CUST008939,862.02
6312,CUST008940,820.56
13356,CUST008941,12415.74
84312,CUST008942,50663.08
12804,CUST008943,10740
29688,CUST008944,6341.36
76668,CUST008945,64171.12
4356,CUST008946,1721.49
241836,CUST008947,29770.01
15564,CUST008948,1900.36
9900,CUST008949,2363.13
40800,CUST008950,6907.44
62280,CUST008951,18148.39
49812,CUST008952,8996.05
69864,CUST008953,45551.33
15300,CUST008954,983.79
239880,CUST008955,75538.21
13140,CUST008956,2888.17
63384,CUST008957,6547.57
12696,CUST008958,7230.37
69732,CUST008959,17439.97
204000,CUST008960,76765.2
3000,CUST008961,41.1
14040,CUST008962,11160.4
262488,CUST008963,17849.18
9240,CUST008964,5502.42
19032,CUST008965,15455.89
15012,CUST008966,12485.48
5556,CUST008967,5105.96
50472,CUST008968,38283.01
29496,CUST008969,12503.35
15024,CUST008970,8668.85
224676,CUST008971,69402.42
7308,CUST008972,1586.57
90816,CUST008973,56569.29
109752,CUST008974,77034.93
5172,CUST008975,4494.47
18240,CUST008976,17129.18
18588,CUST008977,13266.26
95400,CUST008978,38179.08
21564,CUST008979,12427.33
50724,CUST008980,3459.38
180636,CUST008981,22922.71
20100,CUST008982,3495.39
141072,CUST008983,7533.24
16356,CUST008984,13107.7
94740,CUST008985,64840.06
7452,CUST008986,3879.51
21060,CUST008987,7194.1
23052,CUST008988,8886.55
40428,CUST008989,2474.19
82728,CUST008990,65826.67
14400,CUST008991,907.2
90864,CUST008992,29739.79
17232,CUST008993,2191.91
73512,CUST008994,58015.67
14844,CUST008995,1476.98
186816,CUST008996,21577.25
14508,CUST008997,501.98
15516,CUST008998,1517.46
65124,CUST008999,60265.75
284796,CUST009000,120525.67
6072,CUST009001,3159.26
23508,CUST009002,22139.83
244320,CUST009003,87100.08
18372,CUST009004,15485.76
19416,CUST009005,3083.26
39552,CUST009006,10734.41
20904,CUST009007,11384.32
33456,CUST009008,10465.04
241728,CUST009009,8943.94
6492,CUST009010,2246.23
199500,CUST009011,107390.85
79200,CUST009012,23641.2
207456,CUST009013,41594.93
59208,CUST009014,41552.17
43932,CUST009015,5096.11
50484,CUST009016,37358.16
192036,CUST009017,57149.91
205872,CUST009018,150245.39
8340,CUST009019,5831.33
50712,CUST009020,15619.3
264804,CUST009021,251272.52
89664,CUST009022,77882.15
25584,CUST009023,18430.71
83028,CUST009024,47998.49
16464,CUST009025,8192.49
66804,CUST009026,14329.46
48336,CUST009027,13128.06
15384,CUST009028,8810.42
8928,CUST009029,6054.97
17184,CUST009030,2123.94
37200,CUST009031,18209.4
45108,CUST009032,23920.77
18324,CUST009033,5925.98
21108,CUST009034,10963.5
173724,CUST009035,154735.97
9756,CUST009036,8493.57
60768,CUST009037,46779.21
66900,CUST009038,40059.72
19176,CUST009039,7054.85
89196,CUST009040,31593.22
5676,CUST009041,3461.79
32028,CUST009042,3093.9
22020,CUST009043,9384.92
3984,CUST009044,3003.14
19212,CUST009045,15158.27
17052,CUST009046,2467.42
84312,CUST009047,77449
39156,CUST009048,11413.97
13464,CUST009049,4210.19
250476,CUST009050,17132.56
6180,CUST009051,914.02
284940,CUST009052,182675.03
72468,CUST009053,18790.95
80784,CUST009054,14024.1
10836,CUST009055,9344.97
94044,CUST009056,75865.29
21780,CUST009057,8644.48
231204,CUST009058,26126.05
14412,CUST009059,6776.52
78528,CUST009060,23307.11
1380,CUST009061,1152.85
19056,CUST009062,13177.22
16284,CUST009063,607.39
64932,CUST009064,28076.6
20280,CUST009065,7753.04
74328,CUST009066,6295.58
49932,CUST009067,13431.71
10176,CUST009068,9611.23
92256,CUST009069,13838.4
253416,CUST009070,149084.63
77208,CUST009071,4802.34
16656,CUST009072,13824.48
19464,CUST009073,9288.22
16944,CUST009074,12718.17
21624,CUST009075,5217.87
33864,CUST009076,22461.99
286704,CUST009077,260527.92
58488,CUST009078,16949.82
72348,CUST009079,58478.89
53964,CUST009080,22600.12
69528,CUST009081,25189.99
32232,CUST009082,16103.11
3588,CUST009083,894.13
2796,CUST009084,246.89
22896,CUST009085,6383.4
90912,CUST009086,13136.78
79080,CUST009087,5108.57
8268,CUST009088,5091.43
48456,CUST009089,21621.07
4392,CUST009090,607.41
87360,CUST009091,59081.57
16356,CUST009092,4378.5
83256,CUST009093,33060.96
17172,CUST009094,6576.88
21000,CUST009095,17761.8
70596,CUST009096,21581.2
11148,CUST009097,5897.29
274764,CUST009098,27119.21
52308,CUST009099,40366.08
14568,CUST009100,10149.53
268044,CUST009101,166428.52
7608,CUST009102,5878.7
22476,CUST009103,8441.99
17112,CUST009104,13557.84
77304,CUST009105,21328.17
19860,CUST009106,18219.56
191292,CUST009107,17560.61
57084,CUST009108,24945.71
12048,CUST009109,7402.29
16236,CUST009110,1363.82
10560,CUST009111,4598.88
11448,CUST009112,3060.05
269340,CUST009113,124623.62
89064,CUST009114,82045.76
55956,CUST009115,18224.87
64272,CUST009116,23748.5
13836,CUST009117,4556.19
5652,CUST009118,2849.17
288960,CUST009119,224464.13
23292,CUST009120,10381.24
2916,CUST009121,2463.44
184164,CUST009122,13333.47
63168,CUST009123,17030.09
4368,CUST009124,2080.04
63756,CUST009125,21881.06
4344,CUST009126,1677.22
9720,CUST009127,3687.77
1860,CUST009128,1003.47
14256,CUST009129,12850.36
23544,CUST009130,10295.79
11940,CUST009131,6033.28
45720,CUST009132,12024.36
115608,CUST009133,80879.36
95616,CUST009134,60132.9
9048,CUST009135,6438.56
19980,CUST009136,9944.05
9444,CUST009137,1041.67
2628,CUST009138,586.83
10008,CUST009139,4412.53
62004,CUST009140,19556.06
2820,CUST009141,2025.32
52380,CUST009142,20150.59
139392,CUST009143,89322.39
254796,CUST009144,54016.75
69948,CUST009145,26650.19
5016,CUST009146,1174.75
168708,CUST009147,18794.07
15084,CUST009148,1629.07
62268,CUST009149,56701.24
18072,CUST009150,1467.45
3660,CUST009151,1955.54
20616,CUST009152,632.91
12888,CUST009153,10550.12
15564,CUST009154,1576.63
8508,CUST009155,2051.28
243324,CUST009156,12166.2
58824,CUST009157,43553.29
17976,CUST009158,5826.02
265440,CUST009159,192921.79
14904,CUST009160,1028.38
103884,CUST009161,94939.59
17832,CUST009162,9083.62
77148,CUST009163,64156.28
88704,CUST009164,20668.03
36300,CUST009165,17609.13
16704,CUST009166,10792.45
238704,CUST009167,66884.86
17664,CUST009168,16044.21
21108,CUST009169,18237.31
18756,CUST009170,15543.1
11460,CUST009171,1307.59
67728,CUST009172,33748.86
59100,CUST009173,29632.74
57624,CUST009174,18243.76
14172,CUST009175,11300.75
22812,CUST009176,9647.19
43440,CUST009177,36294.12
2760,CUST009178,2368.63
6180,CUST009179,4084.98
211224,CUST009180,35802.47
44628,CUST009181,33386.21
60672,CUST009182,41784.81
82932,CUST009183,26986.07
290040,CUST009184,255583.25
42144,CUST009185,11475.81
14508,CUST009186,13261.76
51504,CUST009187,3358.06
30972,CUST009188,7761.58
4932,CUST009189,1353.34
12144,CUST009190,3390.6
227052,CUST009191,93931.41
78252,CUST009192,54220.81
44232,CUST009193,32276.09
73992,CUST009194,18919.75
22320,CUST009195,1537.85
79176,CUST009196,20949.97
2388,CUST009197,2064.19
18192,CUST009198,860.48
27000,CUST009199,17363.7
6852,CUST009200,1521.83
81036,CUST009201,55833.8
85608,CUST009202,37547.67
8124,CUST009203,493.13
31692,CUST009204,1632.14
46164,CUST009205,14901.74
35796,CUST009206,7044.65
238488,CUST009207,173643.11
53436,CUST009208,23437.03
81276,CUST009209,65573.48
172200,CUST009210,124311.18
4224,CUST009211,473.09
17388,CUST009212,2860.33
22704,CUST009213,6531.94
180156,CUST009214,100779.27
17952,CUST009215,9771.27
74724,CUST009216,54787.64
94884,CUST009217,89238.4
34176,CUST009218,8000.6
3528,CUST009219,2992.45
48720,CUST009220,15999.65
260064,CUST009221,21013.17
54384,CUST009222,24130.18
3780,CUST009223,184.84
22152,CUST009224,15103.23
3408,CUST009225,485.3
42456,CUST009226,11531.05
3936,CUST009227,1131.6
259500,CUST009228,179080.95
13896,CUST009229,6076.72
6540,CUST009230,1500.28
118656,CUST009231,53169.75
12624,CUST009232,1397.48
95424,CUST009233,52340.06
4092,CUST009234,2290.7
51264,CUST009235,47168.01
11724,CUST009236,8787.14
20664,CUST009237,19112.13
17832,CUST009238,212.2
12228,CUST009239,10292.31
4416,CUST009240,124.97
57840,CUST009241,20550.55
17160,CUST009242,2472.76
4512,CUST009243,3869.49
32544,CUST009244,27672.16
49524,CUST009245,45002.46
7884,CUST009246,2154.7
34356,CUST009247,21699.25
224484,CUST009248,69343.11
66240,CUST009249,10499.04
4680,CUST009250,2046.1
20928,CUST009251,12556.8
15024,CUST009252,4807.68
17688,CUST009253,8603.44
237996,CUST009254,150508.67
56928,CUST009255,15006.22
169956,CUST009256,152773.45
45660,CUST009257,14866.9
4344,CUST009258,630.75
9588,CUST009259,1587.77
16032,CUST009260,5830.84
78456,CUST009261,53805.12
2292,CUST009262,562.92
94692,CUST009263,31276.77
239760,CUST009264,67708.22
10020,CUST009265,8537.04
14340,CUST009266,9091.56
22188,CUST009267,4626.2
83484,CUST009268,8957.83
4692,CUST009269,3339.3
8052,CUST009270,5605.8
84684,CUST009271,53554.16
17736,CUST009272,6865.61
19632,CUST009273,15670.26
19332,CUST009274,11257.02
6684,CUST009275,696.47
6732,CUST009276,4387.92
19968,CUST009277,6335.85
95544,CUST009278,25596.24
22572,CUST009279,8292.95
23316,CUST009280,7512.42
9876,CUST009281,4596.29
4188,CUST009282,3617.59
21936,CUST009283,13365.6
18168,CUST009284,559.57
13584,CUST009285,6595.03
7068,CUST009286,4551.79
7068,CUST009287,3405.36
22908,CUST009288,14816.89
14664,CUST009289,435.52
23184,CUST009290,4975.29
15324,CUST009291,4244.75
34692,CUST009292,5182.98
18744,CUST009293,17679.34
33876,CUST009294,11487.35
10308,CUST009295,3837.67
18288,CUST009296,11578.13
81768,CUST009297,6901.22
66624,CUST009298,24204.5
15264,CUST009299,9582.74
90552,CUST009300,31385.32
12456,CUST009301,5088.28
12024,CUST009302,6936.65
197208,CUST009303,69772.19
41220,CUST009304,31265.37
41772,CUST009305,18860.06
6684,CUST009306,2279.91
17400,CUST009307,9129.78
262740,CUST009308,86310.09
80388,CUST009309,27508.77
13740,CUST009310,11119.78
69912,CUST009311,45589.62
16788,CUST009312,245.1
11328,CUST009313,4824.6
79116,CUST009314,11076.24
85584,CUST009315,9474.15
5904,CUST009316,596.3
76452,CUST009317,70404.65
41892,CUST009318,36768.61
22776,CUST009319,2054.4
40188,CUST009320,7736.19
22128,CUST009321,5653.7
12888,CUST009322,6456.89
172368,CUST009323,70894.96
7068,CUST009324,4993.54
89688,CUST009325,6520.32
50568,CUST009326,22816.28
15924,CUST009327,423.58
15492,CUST009328,8765.37
15792,CUST009329,6667.38
11928,CUST009330,4041.21
90600,CUST009331,72344.1
44592,CUST009332,34482.99
148560,CUST009333,51609.74
17520,CUST009334,9157.7
6048,CUST009335,5094.84
204336,CUST009336,52453.05
92124,CUST009337,50502.38
55404,CUST009338,18261.16
10608,CUST009339,9313.82
164376,CUST009340,79459.36
17580,CUST009341,12024.72
28656,CUST009342,2430.03
61716,CUST009343,8263.77
267036,CUST009344,185055.95
278088,CUST009345,81535.4
7368,CUST009346,5884.08
56676,CUST009347,51342.79
104448,CUST009348,78795.57
78348,CUST009349,32765.13
78204,CUST009350,2197.53
6132,CUST009351,2252.9
277968,CUST009352,193743.7
120900,CUST009353,17143.62
49656,CUST009354,44983.37
20556,CUST009355,16728.47
68232,CUST009356,26931.17
74736,CUST009357,11554.19
9444,CUST009358,5583.29
74604,CUST009359,24395.51
68220,CUST009360,15219.88
13764,CUST009361,1441.09
8424,CUST009362,7167.98
45528,CUST009363,19212.82
152220,CUST009364,10746.73
207936,CUST009365,60363.82
21576,CUST009366,14371.77
21132,CUST009367,9703.81
6648,CUST009368,2788.17
18348,CUST009369,15933.4
275076,CUST009370,112120.98
163104,CUST009371,57575.71
62700,CUST009372,48241.38
18072,CUST009373,6504.11
22104,CUST009374,16284.02
64092,CUST009375,15529.49
275796,CUST009376,14231.07
8088,CUST009377,6353.93
287940,CUST009378,65362.38
131052,CUST009379,105090.6
18900,CUST009380,2611.98
213864,CUST009381,100323.6
4152,CUST009382,1608.9
16872,CUST009383,11128.77
15972,CUST009384,1046.17
22776,CUST009385,5409.3
126384,CUST009386,56266.16
13008,CUST009387,5683.2
136908,CUST009388,38580.67
19020,CUST009389,11335.92
9564,CUST009390,1797.08
49932,CUST009391,38946.96
145908,CUST009392,30888.72
83988,CUST009393,55070.93
22884,CUST009394,3064.17
23844,CUST009395,3927.11
19212,CUST009396,4534.03
93672,CUST009397,24944.85
11040,CUST009398,577.39
11760,CUST009399,10127.71
288672,CUST009400,3233.13
28704,CUST009401,14837.1
50616,CUST009402,25237.14
10512,CUST009403,3389.07
81192,CUST009404,66715.47
59100,CUST009405,26134.02
70848,CUST009406,4031.25
1920,CUST009407,1281.6
14496,CUST009408,360.95
50268,CUST009409,34710.05
262332,CUST009410,57109.68
1488,CUST009411,246.86
5316,CUST009412,99.41
52752,CUST009413,15957.48
8856,CUST009414,1236.3
5208,CUST009415,2704.51
52728,CUST009416,15117.12
4668,CUST009417,4369.25
8688,CUST009418,603.82
18240,CUST009419,3861.41
17256,CUST009420,12760.81
12804,CUST009421,224.07
15072,CUST009422,9216.53
90720,CUST009423,60219.94
1992,CUST009424,927.08
12384,CUST009425,7344.95
78636,CUST009426,30542.22
9360,CUST009427,3651.34
13440,CUST009428,6819.46
57516,CUST009429,23972.67
18552,CUST009430,2456.28
71412,CUST009431,15189.33
13812,CUST009432,3298.31
21480,CUST009433,17007.86
193788,CUST009434,154739.72
13872,CUST009435,5675.04
18852,CUST009436,13880.73
31704,CUST009437,23286.59
3180,CUST009438,1511.14
221280,CUST009439,123850.42
71688,CUST009440,17126.26
53292,CUST009441,26336.91
16308,CUST009442,3056.12
29652,CUST009443,27905.5
58188,CUST009444,41825.53
22848,CUST009445,19637.86
9108,CUST009446,185.8
37872,CUST009447,11346.45
41808,CUST009448,34203.12
217680,CUST009449,135962.93
76176,CUST009450,17931.83
13392,CUST009451,2130.67
4800,CUST009452,1552.32
3168,CUST009453,248.69
22404,CUST009454,10861.46
14832,CUST009455,12137.03
70008,CUST009456,61172.99
18996,CUST009457,14968.85
12216,CUST009458,9356.23
21456,CUST009459,14585.79
92892,CUST009460,73449.7
4704,CUST009461,2415.03
69480,CUST009462,25082.28
16464,CUST009463,8632.08
88188,CUST009464,80286.36
3972,CUST009465,1638.45
7428,CUST009466,3269.81
8400,CUST009467,7714.56
72060,CUST009468,27202.65
126864,CUST009469,82258.62
12912,CUST009470,9979.68
89880,CUST009471,74941.94
123972,CUST009472,65370.44
101592,CUST009473,71866.18
7404,CUST009474,6359.3
213612,CUST009475,162580.09
10392,CUST009476,2833.9
6060,CUST009477,1499.24
87204,CUST009478,29701.68
128748,CUST009479,96264.88
19404,CUST009480,18232
92916,CUST009481,2313.61
17352,CUST009482,1710.91
19164,CUST009483,9020.49
62892,CUST009484,2018.83
10236,CUST009485,4361.56
18780,CUST009486,15947.98
223968,CUST009487,204370.8
19440,CUST009488,2791.58
1836,CUST009489,1442.91
15768,CUST009490,6687.21
12756,CUST009491,8874.35
20328,CUST009492,11032.01
95100,CUST009493,67064.52
8412,CUST009494,3527.15
16176,CUST009495,12732.13
268620,CUST009496,95064.62
20124,CUST009497,11523
16152,CUST009498,3637.43
15900,CUST009499,8892.87
15492,CUST009500,1403.58
88296,CUST009501,35097.66
10272,CUST009502,1129.92
87492,CUST009503,13552.51
16344,CUST009504,10586.01
22860,CUST009505,2603.75
94428,CUST009506,9565.56
77940,CUST009507,68509.26
31836,CUST009508,20320.92
13440,CUST009509,2200.13
15204,CUST009510,9833.95
78468,CUST009511,30359.27
5508,CUST009512,5186.88
18060,CUST009513,2792.08
16428,CUST009514,12718.56
14832,CUST009515,4238.99
38844,CUST009516,15968.77
7128,CUST009517,2094.21
43752,CUST009518,27104.36
22464,CUST009519,10230.11
6876,CUST009520,2622.51
46380,CUST009521,5370.8
10392,CUST009522,8003.92
30936,CUST009523,19124.64
46584,CUST009524,10220.53
11328,CUST009525,680.81
12480,CUST009526,3762.72
9936,CUST009527,603.12
36072,CUST009528,30394.27
77748,CUST009529,10729.22
1452,CUST009530,453.02
70080,CUST009531,64809.98
11352,CUST009532,5341.12
9456,CUST009533,6839.52
66372,CUST009534,15809.81
37020,CUST009535,33706.71
10944,CUST009536,10037.84
288096,CUST009537,62891.36
79428,CUST009538,6473.38
278808,CUST009539,220063.15
23880,CUST009540,3121.12
70728,CUST009541,64765.63
7848,CUST009542,4554.19
16908,CUST009543,8195.31
22080,CUST009544,1130.5
19800,CUST009545,7042.86
29304,CUST009546,20805.84
27216,CUST009547,7402.75
13752,CUST009548,5760.71
22392,CUST009549,16319.29
75768,CUST009550,14373.19
22272,CUST009551,20875.55
4836,CUST009552,2177.65
1452,CUST009553,1066.49
11580,CUST009554,2510.54
76908,CUST009555,30724.75
21804,CUST009556,6600.07
9348,CUST009557,3100.73
13884,CUST009558,1026.03
26436,CUST009559,21592.92
80436,CUST009560,27694.11
16272,CUST009561,971.44
8316,CUST009562,3022.87
38208,CUST009563,27872.74
37308,CUST009564,17456.41
19668,CUST009565,16015.65
58680,CUST009566,54085.36
13356,CUST009567,271.13
3084,CUST009568,846.25
248724,CUST009569,223279.53
10044,CUST009570,4221.49
4716,CUST009571,2280.66
148128,CUST009572,132219.05
11244,CUST009573,8543.19
20700,CUST009574,7638.3
21900,CUST009575,5115.84
148260,CUST009576,37465.3
63072,CUST009577,51145.08
17904,CUST009578,15007.13
69924,CUST009579,63959.48
111612,CUST009580,42468.37
33492,CUST009581,9561.97
20388,CUST009582,6234.65
217824,CUST009583,182710.77
1680,CUST009584,560.78
76332,CUST009585,12548.98
63012,CUST009586,800.25
53544,CUST009587,24753.39
101940,CUST009588,21437.98
53700,CUST009589,18252.63
4776,CUST009590,698.73
211260,CUST009591,129016.48
17448,CUST009592,13023.19
20556,CUST009593,1560.2
6804,CUST009594,1075.03
10452,CUST009595,2482.35
7584,CUST009596,6978.8
13908,CUST009597,2221.11
18600,CUST009598,12610.8
19308,CUST009599,9688.75
202152,CUST009600,91069.48
8880,CUST009601,2716.39
9768,CUST009602,6458.6
11808,CUST009603,4888.51
89832,CUST009604,40235.75
10860,CUST009605,444.17
16164,CUST009606,11309.95
5280,CUST009607,4793.71
140796,CUST009608,66821.78
92928,CUST009609,2109.47
29064,CUST009610,1287.54
28884,CUST009611,2564.9
17364,CUST009612,10461.81
22596,CUST009613,15731.34
66108,CUST009614,43750.27
16236,CUST009615,5937.51
8436,CUST009616,2182.39
21744,CUST009617,1793.88
6768,CUST009618,2288.26
17580,CUST009619,9210.16
78060,CUST009620,20951.3
4044,CUST009621,3715.22
10740,CUST009622,1678.66
5520,CUST009623,4227.22
14904,CUST009624,4638.12
18552,CUST009625,4587.91
8376,CUST009626,3208.01
1428,CUST009627,835.67
8688,CUST009628,4395.26
91044,CUST009629,34933.58
16728,CUST009630,3584.81
9708,CUST009631,901.87
62088,CUST009632,21066.46
50208,CUST009633,16468.22
161208,CUST009634,71866.53
87672,CUST009635,38952.67
5220,CUST009636,1126.48
13368,CUST009637,12460.31
52164,CUST009638,17125.44
8460,CUST009639,1697.08
13464,CUST009640,8447.31
8016,CUST009641,6653.28
28044,CUST009642,17577.98
16248,CUST009643,9467.71
21828,CUST009644,251.02
57684,CUST009645,49988.95
231468,CUST009646,200057.79
259500,CUST009647,55766.55
91200,CUST009648,44742.72
58896,CUST009649,5224.08
49788,CUST009650,16101.44
16536,CUST009651,10903.84
7812,CUST009652,2292.04
210564,CUST009653,52367.27
45288,CUST009654,9899.96
76932,CUST009655,64845.98
55848,CUST009656,26108.94
3564,CUST009657,1239.2
20124,CUST009658,2004.35
83328,CUST009659,55313.13
18204,CUST009660,455.1
22548,CUST009661,17609.99
294984,CUST009662,99144.12
17664,CUST009663,16496.41
4752,CUST009664,1436.05
2736,CUST009665,1821.63
137160,CUST009666,105421.18
35856,CUST009667,10100.64
10260,CUST009668,1164.51
77604,CUST009669,73584.11
152556,CUST009670,49534.93
4692,CUST009671,666.26
17676,CUST009672,8434.99
23124,CUST009673,15900.06
14016,CUST009674,7691.98
40440,CUST009675,11165.48
12348,CUST009676,2299.2
21468,CUST009677,11998.47
55740,CUST009678,15306.2
23304,CUST009679,12246.25
40524,CUST009680,34660.18
20676,CUST009681,19226.61
36216,CUST009682,14254.62
92712,CUST009683,73363.01
40356,CUST009684,18382.16
90816,CUST009685,67203.84
13992,CUST009686,8077.58
36324,CUST009687,18921.17
1404,CUST009688,205.97
22236,CUST009689,19736.67
150708,CUST009690,111162.22
6060,CUST009691,3994.75
90900,CUST009692,80246.52
2244,CUST009693,2090.51
2772,CUST009694,537.77
60552,CUST009695,24487.23
8868,CUST009696,7650.42
63792,CUST009697,54580.44
140340,CUST009698,113942.05
130680,CUST009699,63170.71
2136,CUST009700,1456.97
74604,CUST009701,2148.6
9300,CUST009702,1940.91
23856,CUST009703,17195.4
87696,CUST009704,54082.12
16728,CUST009705,12796.92
102312,CUST009706,47012.36
9252,CUST009707,6557.82
211068,CUST009708,102431.3
20232,CUST009709,15813.33
5484,CUST009710,187
9096,CUST009711,1642.74
88452,CUST009712,41236.32
76488,CUST009713,40378.02
192132,CUST009714,75488.66
22200,CUST009715,9938.94
44664,CUST009716,6025.17
12372,CUST009717,5214.8
286164,CUST009718,40406.36
21504,CUST009719,10390.73
241500,CUST009720,119542.5
5436,CUST009721,3217.02
39924,CUST009722,23519.23
15528,CUST009723,12850.97
13260,CUST009724,961.35
10620,CUST009725,7313.99
9516,CUST009726,303.56
18756,CUST009727,12234.54
11772,CUST009728,4737.05
3492,CUST009729,784.3
20760,CUST009730,15337.49
15192,CUST009731,6635.87
93636,CUST009732,13118.4
22932,CUST009733,7553.8
6564,CUST009734,516.59
89652,CUST009735,22063.36
125736,CUST009736,109729.81
19860,CUST009737,3660.2
68736,CUST009738,47682.16
11364,CUST009739,7701.38
92088,CUST009740,6777.68
69900,CUST009741,57933.12
67140,CUST009742,23324.44
218280,CUST009743,199071.36
4812,CUST009744,3048.4
29484,CUST009745,23439.78
49224,CUST009746,16125.78
2748,CUST009747,652.38
7716,CUST009748,5200.58
17148,CUST009749,1119.76
85908,CUST009750,43752.94
18696,CUST009751,2566.96
2568,CUST009752,1846.39
55308,CUST009753,38964.49
51912,CUST009754,14659.95
22500,CUST009755,19296
94608,CUST009756,41324.77
20532,CUST009757,3482.23
59820,CUST009758,52420.27
12792,CUST009759,6046.78
90756,CUST009760,12869.2
72564,CUST009761,57282.02
9672,CUST009762,5254.8
3708,CUST009763,2306.38
18132,CUST009764,11035.14
58416,CUST009765,51306.77
6204,CUST009766,4945.83
10692,CUST009767,898.13
185652,CUST009768,124702.45
140460,CUST009769,74303.34
40992,CUST009770,27604.01
29100,CUST009771,10400.34
13104,CUST009772,4796.06
21288,CUST009773,5845.68
15348,CUST009774,2619.9
172164,CUST009775,60498.43
64392,CUST009776,54597.98
84600,CUST009777,69676.56
12612,CUST009778,3883.23
3264,CUST009779,650.52
76584,CUST009780,31828.31
6912,CUST009781,3456
86604,CUST009782,27254.28
20436,CUST009783,17380.82
12672,CUST009784,11910.41
16248,CUST009785,13711.69
21768,CUST009786,12788.7
88392,CUST009787,68353.53
58680,CUST009788,18701.32
20700,CUST009789,9056.25
23520,CUST009790,3906.67
74736,CUST009791,19760.2
176004,CUST009792,126036.46
134760,CUST009793,60170.34
8928,CUST009794,4358.65
93108,CUST009795,85687.29
9588,CUST009796,5440.23
37764,CUST009797,3051.33
21576,CUST009798,16520.74
288384,CUST009799,62867.71
57816,CUST009800,35678.25
3528,CUST009801,51.16
87936,CUST009802,79265.51
7704,CUST009803,2957.57
241116,CUST009804,94179.91
18672,CUST009805,4718.41
9612,CUST009806,5380.8
23652,CUST009807,17949.5
119736,CUST009808,70632.27
259116,CUST009809,198716.06
56196,CUST009810,27637.19
23160,CUST009811,9933.32
55752,CUST009812,33278.37
116100,CUST009813,95712.84
115668,CUST009814,109549.16
5760,CUST009815,2234.3
88920,CUST009816,58313.74
5676,CUST009817,4265.51
21816,CUST009818,13499.74
12576,CUST009819,10709.72
72444,CUST009820,27318.63
103080,CUST009821,33903.01
16332,CUST009822,2750.31
21984,CUST009823,4407.79
169680,CUST009824,48647.26
3576,CUST009825,162.71
36456,CUST009826,28833.05
2964,CUST009827,2400.84
35256,CUST009828,5535.19
10128,CUST009829,7168.6
209052,CUST009830,34848.97
10980,CUST009831,10315.71
3288,CUST009832,2458.11
10176,CUST009833,5543.88
65016,CUST009834,57396.12
21840,CUST009835,18271.34
17820,CUST009836,4991.38
231372,CUST009837,62493.58
195720,CUST009838,171861.73
22488,CUST009839,10717.78
11748,CUST009840,5028.14
102396,CUST009841,4515.66
95508,CUST009842,68842.17
40152,CUST009843,35414.06
166872,CUST009844,109568.16
18828,CUST009845,14286.69
18780,CUST009846,15553.6
50892,CUST009847,4463.23
9264,CUST009848,8469.15
4056,CUST009849,3342.96
19056,CUST009850,17194.23
15912,CUST009851,8161.26
132516,CUST009852,51654.74
18168,CUST009853,10769.99
158088,CUST009854,149519.63
19356,CUST009855,1200.07
37776,CUST009856,25211.7
23148,CUST009857,9805.49
7020,CUST009858,320.11
92112,CUST009859,52807.81
13932,CUST009860,10416.96
15396,CUST009861,8597.13
6612,CUST009862,4560.3
12612,CUST009863,10307.79
52524,CUST009864,32212.97
18648,CUST009865,13486.23
30480,CUST009866,9991.34
3840,CUST009867,1537.92
159420,CUST009868,15384.03
29076,CUST009869,15038.11
8760,CUST009870,5792.99
58800,CUST009871,51032.52
15576,CUST009872,278.81
25308,CUST009873,14660.92
10404,CUST009874,3855.72
23520,CUST009875,9182.21
52812,CUST009876,47831.83
4212,CUST009877,1302.35
5640,CUST009878,5293.7
149748,CUST009879,97456
244644,CUST009880,152388.75
79500,CUST009881,11082.3
93648,CUST009882,79675.72
12912,CUST009883,1274.41
10296,CUST009884,1445.56
76800,CUST009885,40327.68
129048,CUST009886,84384.49
48120,CUST009887,2497.43
17796,CUST009888,3541.4
2928,CUST009889,1041.78
56700,CUST009890,34382.88
43716,CUST009891,27130.15
18072,CUST009892,5828.22
8472,CUST009893,5875.33
83748,CUST009894,74133.73
16164,CUST009895,4529.15
88476,CUST009896,48546.78
14544,CUST009897,628.3
1884,CUST009898,1653.96
95304,CUST009899,30011.23
7224,CUST009900,5512.63
18324,CUST009901,3789.4
4836,CUST009902,3568
11328,CUST009903,9436.22
68400,CUST009904,25355.88
18036,CUST009905,4307
51216,CUST009906,29940.87
13512,CUST009907,11563.57
37428,CUST009908,20398.26
35760,CUST009909,4276.9
243684,CUST009910,216440.13
62592,CUST009911,44540.47
43032,CUST009912,17970.16
18156,CUST009913,6390.91
44256,CUST009914,17795.34
8700,CUST009915,6607.65
14664,CUST009916,12181.38
85848,CUST009917,43911.25
7068,CUST009918,2866.78
240912,CUST009919,57529.79
72612,CUST009920,55148.81
79596,CUST009921,47208.39
63228,CUST009922,16983.04
133632,CUST009923,50606.44
3732,CUST009924,584.8
11088,CUST009925,5061.67
85812,CUST009926,79461.91
127152,CUST009927,89438.72
11256,CUST009928,10214.82
23112,CUST009929,19021.18
33984,CUST009930,1118.07
11976,CUST009931,5737.7
22692,CUST009932,17139.27
21540,CUST009933,10776.46
6612,CUST009934,484
107556,CUST009935,52960.57
11040,CUST009936,4057.2
20424,CUST009937,4646.46
49080,CUST009938,36250.49
12720,CUST009939,4801.8
61848,CUST009940,9493.67
44736,CUST009941,26175.03
80832,CUST009942,68214.12
117144,CUST009943,105101.6
157716,CUST009944,15535.03
12012,CUST009945,1294.89
9840,CUST009946,6753.19
15840,CUST009947,14785.06
18756,CUST009948,6478.32
52584,CUST009949,48719.08
5556,CUST009950,2419.08
43104,CUST009951,25737.4
61320,CUST009952,14036.15
60888,CUST009953,24349.11
165264,CUST009954,99637.67
1500,CUST009955,352.65
213048,CUST009956,24330.08
283200,CUST009957,18351.36
76200,CUST009958,37787.58
61980,CUST009959,43559.54
68856,CUST009960,39654.17
79200,CUST009961,71375.04
7248,CUST009962,267.45
45768,CUST009963,8132.97
9048,CUST009964,4334.9
3360,CUST009965,3152.69
12828,CUST009966,2237.2
27648,CUST009967,2961.1
86112,CUST009968,47301.32
42228,CUST009969,30311.26
3432,CUST009970,2887
7188,CUST009971,6342.69
53196,CUST009972,13889.48
195804,CUST009973,22948.23
68052,CUST009974,55326.28
268668,CUST009975,207116.16
21924,CUST009976,7964.99
299052,CUST009977,74553.66
184776,CUST009978,90059.82
13932,CUST009979,7442.47
59340,CUST009980,37307.06
93816,CUST009981,89115.82
7164,CUST009982,1299.55
78276,CUST009983,44586.01
16116,CUST009984,5213.53
275892,CUST009985,136235.47
15288,CUST009986,13708.75
61800,CUST009987,30473.58
162492,CUST009988,45952.74
28092,CUST009989,20231.86
206040,CUST009990,75039.77
11520,CUST009991,10146.82
24708,CUST009992,4015.05
7680,CUST009993,7034.88
39696,CUST009994,29589.4
21780,CUST009995,18197.19
4068,CUST009996,799.77
11364,CUST009997,3604.66
81132,CUST009998,62642.02
82620,CUST009999,77059.67
3876,CUST010000,3391.11
22056,CUST010001,18500.57
29064,CUST010002,7632.21
85392,CUST010003,74513.06
93300,CUST010004,68771.43
234600,CUST010005,204805.8
77904,CUST010006,12604.87
22668,CUST010007,12052.58
199980,CUST010008,87031.3
294768,CUST010009,271569.76
177516,CUST010010,18514.92
223488,CUST010011,3017.09
16548,CUST010012,9185.79
20544,CUST010013,16336.59
37704,CUST010014,19949.19
93420,CUST010015,52707.56
2544,CUST010016,1880.27
80688,CUST010017,18566.31
95928,CUST010018,44203.62
26676,CUST010019,16128.31
28116,CUST010020,8969
3432,CUST010021,1641.18
182016,CUST010022,58609.15
11052,CUST010023,3945.56
98484,CUST010024,55948.76
90984,CUST010025,63443.14
90996,CUST010026,36571.29
49056,CUST010027,27844.19
11160,CUST010028,3654.9
12852,CUST010029,2710.49
8208,CUST010030,7720.44
10788,CUST010031,5801.79
14196,CUST010032,3363.03
98076,CUST010033,14946.78
21948,CUST010034,10587.72
90732,CUST010035,13854.78
7608,CUST010036,6629.61
15348,CUST010037,5608.16
11556,CUST010038,9218.22
79092,CUST010039,64926.62
61836,CUST010040,19070.22
251604,CUST010041,103258.28
81756,CUST010042,55626.78
16296,CUST010043,11100.84
12108,CUST010044,686.52
23508,CUST010045,620.61
297492,CUST010046,113701.44
2208,CUST010047,665.93
94212,CUST010048,34189.53
19836,CUST010049,17245.42
221412,CUST010050,80815.38
22224,CUST010051,262.24
169104,CUST010052,2249.08
3624,CUST010053,1024.14
114444,CUST010054,71790.72
16428,CUST010055,2117.57
83220,CUST010056,76021.47
83004,CUST010057,25880.65
13884,CUST010058,4324.87
18684,CUST010059,4956.87
58104,CUST010060,17442.82
233748,CUST010061,84125.91
16380,CUST010062,12270.26
1488,CUST010063,1250.07
232164,CUST010064,217166.21
12192,CUST010065,808.33
93432,CUST010066,64748.38
76500,CUST010067,23806.8
58092,CUST010068,4194.24
59664,CUST010069,20613.91
83676,CUST010070,30458.06
94596,CUST010071,85079.64
11664,CUST010072,3411.72
145200,CUST010073,87642.72
20040,CUST010074,12993.94
3360,CUST010075,927.7
12072,CUST010076,7074.19
56292,CUST010077,50623.4
8568,CUST010078,6605.07
29064,CUST010079,22449.03
1920,CUST010080,1208.06
6732,CUST010081,5370.12
19836,CUST010082,11834.16
159096,CUST010083,123235.76
20676,CUST010084,5865.78
14664,CUST010085,5424.21
62808,CUST010086,4616.39
72408,CUST010087,18956.41
19980,CUST010088,4915.08
22968,CUST010089,5018.51
77796,CUST010090,49353.78
22956,CUST010091,1572.49
19032,CUST010092,17570.34
15252,CUST010093,6360.08
24300,CUST010094,4415.31
41304,CUST010095,20850.26
50688,CUST010096,18977.59
21180,CUST010097,10545.52
8172,CUST010098,4048.41
47988,CUST010099,16517.47
43248,CUST010100,6768.31
1776,CUST010101,1123.5
7932,CUST010102,6693.81
57408,CUST010103,30317.16
74400,CUST010104,40659.6
194076,CUST010105,23987.79
45480,CUST010106,25145.89
40356,CUST010107,6041.29
46656,CUST010108,7217.68
88680,CUST010109,78792.18
8844,CUST010110,4497.17
62388,CUST010111,17256.52
150876,CUST010112,118301.87
8856,CUST010113,5985.77
80376,CUST010114,72016.9
8280,CUST010115,663.23
113352,CUST010116,59838.52
12312,CUST010117,5270.77
176856,CUST010118,13670.97
84204,CUST010119,4092.31
1452,CUST010120,1292.43
34008,CUST010121,12770
207312,CUST010122,33895.51
24324,CUST010123,14463.05
5772,CUST010124,4511.97
285756,CUST010125,214802.79
82656,CUST010126,51296.31
5580,CUST010127,2336.9
20400,CUST010128,8153.88
184368,CUST010129,45760.14
14028,CUST010130,4982.75
44472,CUST010131,40998.74
187512,CUST010132,173411.1
30708,CUST010133,25865.35
13572,CUST010134,3346.86
23520,CUST010135,4499.38
9612,CUST010136,2507.77
16536,CUST010137,5073.24
6504,CUST010138,1788.6
57864,CUST010139,6353.47
188868,CUST010140,124350.69
18816,CUST010141,12166.43
43908,CUST010142,2753.03
22404,CUST010143,21055.28
36036,CUST010144,20165.75
62184,CUST010145,8463.24
2064,CUST010146,731.89
23544,CUST010147,9942.63
22272,CUST010148,8452.22
52596,CUST010149,28727.94
90636,CUST010150,67342.55
9948,CUST010151,2065.2
3768,CUST010152,2802.64
50112,CUST010153,1618.62
18660,CUST010154,12856.74
189480,CUST010155,151261.88
108024,CUST010156,39277.53
35568,CUST010157,29717.06
228636,CUST010158,21125.97
10392,CUST010159,7036.42
103344,CUST010160,81683.1
55824,CUST010161,1925.93
12672,CUST010162,11982.64
27048,CUST010163,2977.98
85236,CUST010164,9052.06
21912,CUST010165,2885.81
31332,CUST010166,16283.24
86604,CUST010167,77796.37
12948,CUST010168,3639.68
263472,CUST010169,176236.42
45840,CUST010170,24661.92
131508,CUST010171,103746.66
72492,CUST010172,47402.52
10176,CUST010173,3496.47
2976,CUST010174,1248.73
16908,CUST010175,2443.21
203160,CUST010176,120697.36
108216,CUST010177,73457.02
15984,CUST010178,714.48
97056,CUST010179,87476.57
15216,CUST010180,9406.53
10236,CUST010181,7904.24
1800,CUST010182,1043.46
20928,CUST010183,3511.72
84636,CUST010184,17401.16
14136,CUST010185,11971.78
23988,CUST010186,17499.25
212568,CUST010187,142675.64
50484,CUST010188,23091.38
264360,CUST010189,140798.14
149040,CUST010190,65980.01
6324,CUST010191,2727.54
14592,CUST010192,761.7
4380,CUST010193,1950.85
23364,CUST010194,18744.94
73020,CUST010195,3724.02
242208,CUST010196,2954.94
14592,CUST010197,4587.72
189180,CUST010198,100530.25
159264,CUST010199,64310.8
11340,CUST010200,5640.52
22788,CUST010201,7271.65
70692,CUST010202,28085.93
81960,CUST010203,22899.62
30624,CUST010204,15633.55
105096,CUST010205,30278.16
11256,CUST010206,9823.11
6936,CUST010207,5760.35
7488,CUST010208,3001.94
179400,CUST010209,54627.3
16620,CUST010210,5170.48
10248,CUST010211,2678.83
79368,CUST010212,68042.19
43956,CUST010213,5701.09
219600,CUST010214,55449
20196,CUST010215,9793.04
22812,CUST010216,13096.37
257244,CUST010217,51011.49
127764,CUST010218,17248.14
13596,CUST010219,7049.53
22632,CUST010220,8023.04
81660,CUST010221,22685.15
4980,CUST010222,3289.79
60336,CUST010223,8169.49
2508,CUST010224,2102.46
9864,CUST010225,7562.73
7692,CUST010226,3520.63
204936,CUST010227,190016.66
8640,CUST010228,2560.03
3972,CUST010229,618.84
16140,CUST010230,9288.57
15456,CUST010231,180.84
22992,CUST010232,20557.15
104628,CUST010233,19816.54
32820,CUST010234,27956.08
90780,CUST010235,51617.51
61404,CUST010236,18894.01
17112,CUST010237,994.21
18444,CUST010238,3290.41
21684,CUST010239,13194.71
19956,CUST010240,3582.1
23748,CUST010241,9344.84
21720,CUST010242,332.32
71676,CUST010243,34641.01
15384,CUST010244,4319.83
283272,CUST010245,207978.3
5076,CUST010246,2073.04
22812,CUST010247,16456.58
90780,CUST010248,47033.12
2748,CUST010249,2449.57
13788,CUST010250,11958.33
239448,CUST010251,152193.15
131388,CUST010252,60937.75
7152,CUST010253,141.61
47388,CUST010254,7743.2
90828,CUST010255,78202.91
120900,CUST010256,86794.11
3972,CUST010257,1076.01
61572,CUST010258,34344.86
20256,CUST010259,3613.67
1608,CUST010260,1425.17
15216,CUST010261,2200.23
1764,CUST010262,452.47
51936,CUST010263,26752.23
44568,CUST010264,31915.14
126300,CUST010265,47311.98
140412,CUST010266,53244.23
21276,CUST010267,10172.06
283380,CUST010268,30633.38
67056,CUST010269,38791.9
13416,CUST010270,11403.6
8508,CUST010271,5603.37
19200,CUST010272,13167.36
61008,CUST010273,47628.95
56640,CUST010274,33508.22
136272,CUST010275,5600.78
3264,CUST010276,941.66
19176,CUST010277,5541.86
36204,CUST010278,2266.37
83904,CUST010279,35281.63
4080,CUST010280,528.36
8616,CUST010281,345.5
11832,CUST010282,11128
5724,CUST010283,1671.98
10332,CUST010284,9190.31
6756,CUST010285,2340.95
8724,CUST010286,3013.27
27636,CUST010287,4159.22
17688,CUST010288,8382.34
91524,CUST010289,39639.04
1284,CUST010290,1160.99
14040,CUST010291,6076.51
12048,CUST010292,4167.4
15168,CUST010293,8063.31
65844,CUST010294,21234.69
86088,CUST010295,45643.86
185040,CUST010296,164371.03
58944,CUST010297,21025.32
34308,CUST010298,27106.75
14664,CUST010299,11009.73
8952,CUST010300,8208.09
220908,CUST010301,85623.94
11856,CUST010302,802.65
29220,CUST010303,3424.58
5040,CUST010304,1484.28
23784,CUST010305,3715.06
7752,CUST010306,4333.37
94764,CUST010307,86358.43
44052,CUST010308,21849.79
81528,CUST010309,55381.97
71280,CUST010310,24299.35
51408,CUST010311,26480.26
121644,CUST010312,111632.7
3312,CUST010313,2550.24
128388,CUST010314,74773.17
75372,CUST010315,7145.27
78960,CUST010316,18302.93
45780,CUST010317,41485.84
12564,CUST010318,7118.76
36852,CUST010319,14777.65
9480,CUST010320,8869.49
18120,CUST010321,2435.33
34464,CUST010322,32675.32
2892,CUST010323,2254.6
197868,CUST010324,45272.2
48060,CUST010325,10203.14
15156,CUST010326,780.53
10140,CUST010327,2898.01
13824,CUST010328,6905.09
65520,CUST010329,59675.62
24660,CUST010330,18628.16
35280,CUST010331,10146.53
18996,CUST010332,5020.64
21960,CUST010333,18714.31
36552,CUST010334,30107.88
204816,CUST010335,179685.08
20556,CUST010336,17279.37
23880,CUST010337,1387.43
16956,CUST010338,9034.16
19500,CUST010339,10387.65
19560,CUST010340,5359.44
8580,CUST010341,1131.7
19656,CUST010342,5979.36
54744,CUST010343,6684.24
67536,CUST010344,20449.9
214872,CUST010345,97014.71
58080,CUST010346,33541.2
13464,CUST010347,11288.22
17220,CUST010348,12656.7
19176,CUST010349,5793.07
17244,CUST010350,4293.76
12564,CUST010351,8192.98
7404,CUST010352,1201.67
18336,CUST010353,6520.28
87708,CUST010354,65693.29
219504,CUST010355,136750.99
87756,CUST010356,45878.84
11316,CUST010357,4867.01
210324,CUST010358,89513.89
45600,CUST010359,40351.44
39012,CUST010360,6698.36
11976,CUST010361,1817.96
55536,CUST010362,21470.22
39636,CUST010363,1914.42
21336,CUST010364,13559.03
21276,CUST010365,9648.67
289308,CUST010366,77042.72
4440,CUST010367,2979.24
16428,CUST010368,11116.83
22200,CUST010369,3314.46
29832,CUST010370,23060.14
3996,CUST010371,3104.89
24732,CUST010372,4211.86
90984,CUST010373,34792.28
80532,CUST010374,27364.77
15084,CUST010375,10246.56
17112,CUST010376,5376.59
114552,CUST010377,14250.27
92232,CUST010378,77069.06
174636,CUST010379,28518.06
4632,CUST010380,3872.35
18864,CUST010381,7585.21
156540,CUST010382,133293.81
107232,CUST010383,7291.78
24924,CUST010384,18488.62
70980,CUST010385,46499
20952,CUST010386,5261.05
50868,CUST010387,4796.85
8520,CUST010388,508.64
16008,CUST010389,8228.11
182016,CUST010390,154222.16
33852,CUST010391,12420.3
13152,CUST010392,2335.8
44304,CUST010393,4155.72
2256,CUST010394,1389.92
84072,CUST010395,73697.52
95052,CUST010396,73769.86
60192,CUST010397,40081.85
7752,CUST010398,6715.56
193224,CUST010399,99819.52
31104,CUST010400,12562.91
61284,CUST010401,36555.91
259644,CUST010402,19914.69
2892,CUST010403,2617.55
9912,CUST010404,2194.52
7092,CUST010405,909.19
12144,CUST010406,10547.06
6792,CUST010407,5538.2
15300,CUST010408,1634.04
27072,CUST010409,1575.59
255252,CUST010410,229752.33
21504,CUST010411,17437.59
3084,CUST010412,2299.74
25992,CUST010413,17076.74
74856,CUST010414,9080.03
178608,CUST010415,45812.95
12396,CUST010416,9738.3
76284,CUST010417,30528.86
40572,CUST010418,27260.33
138696,CUST010419,105741.83
281976,CUST010420,27661.85
7740,CUST010421,2487.64
12396,CUST010422,2527.54
10932,CUST010423,3393.29
12948,CUST010424,9007.92
279420,CUST010425,224793.39
60708,CUST010426,30706.11
47856,CUST010427,44333.8
286812,CUST010428,102908.15
2820,CUST010429,1847.66
86688,CUST010430,18620.58
65280,CUST010431,52902.91
42336,CUST010432,1240.44
77412,CUST010433,51626.06
14736,CUST010434,7204.43
26208,CUST010435,22591.3
276180,CUST010436,62416.68
14904,CUST010437,11130.31
11172,CUST010438,3915.79
33180,CUST010439,1493.1
15540,CUST010440,7296.03
74100,CUST010441,70076.37
68484,CUST010442,49452.3
17172,CUST010443,896.38
20412,CUST010444,1359.44
185472,CUST010445,132927.78
6696,CUST010446,3199.35
23064,CUST010447,16479.23
3000,CUST010448,1439.4
65148,CUST010449,24215.51
2376,CUST010450,875.08
21024,CUST010451,2709.99
111276,CUST010452,59977.76
18816,CUST010453,7977.98
19308,CUST010454,202.73
9240,CUST010455,4729.96
5184,CUST010456,930.01
197340,CUST010457,168331.02
65340,CUST010458,16393.81
20268,CUST010459,15417.87
224712,CUST010460,117030.01
30108,CUST010461,1547.55
14652,CUST010462,4498.16
265572,CUST010463,229055.85
16128,CUST010464,11907.3
31440,CUST010465,21787.92
21156,CUST010466,7159.19
17412,CUST010467,11042.69
2868,CUST010468,2390.19
30072,CUST010469,12672.34
11592,CUST010470,6555.28
47232,CUST010471,19043.94
52596,CUST010472,35139.39
295728,CUST010473,18571.72
87324,CUST010474,70627.65
43920,CUST010475,12530.38
13644,CUST010476,5858.73
41112,CUST010477,21337.13
8988,CUST010478,4092.24
24288,CUST010479,884.08
3600,CUST010480,1879.56
9132,CUST010481,1066.62
21492,CUST010482,9297.44
140448,CUST010483,3623.56
59664,CUST010484,14050.87
12864,CUST010485,9534.8
13380,CUST010486,5040.25
45168,CUST010487,21639.99
41160,CUST010488,39048.49
62040,CUST010489,8908.94
10932,CUST010490,2604
12348,CUST010491,11062.57
192240,CUST010492,80721.58
11808,CUST010493,3338.12
16104,CUST010494,6628.41
14184,CUST010495,2981.48
51480,CUST010496,2445.3
30576,CUST010497,17688.22
20808,CUST010498,4919.01
10680,CUST010499,522.25
117264,CUST010500,105080.27
7368,CUST010501,6177.33
9144,CUST010502,6978.7
10716,CUST010503,9418.29
9036,CUST010504,3224.95
111888,CUST010505,67994.34
2748,CUST010506,1757.9
20604,CUST010507,2101.61
7572,CUST010508,2243.58
18036,CUST010509,14616.37
74520,CUST010510,46194.95
33636,CUST010511,25946.81
14844,CUST010512,5186.49
35340,CUST010513,4325.62
18252,CUST010514,5340.54
6924,CUST010515,133.63
28188,CUST010516,11999.63
107856,CUST010517,96283.05
166428,CUST010518,154295.4
18324,CUST010519,8546.31
58188,CUST010520,30764
13608,CUST010521,1051.9
1260,CUST010522,974.61
166848,CUST010523,58363.43
251352,CUST010524,175142.07
66108,CUST010525,25544.13
115320,CUST010526,4082.33
6156,CUST010527,5530.55
30384,CUST010528,27625.13
14940,CUST010529,13974.88
247812,CUST010530,120436.63
53568,CUST010531,17741.72
3768,CUST010532,657.89
94512,CUST010533,66630.96
42156,CUST010534,39108.12
9444,CUST010535,1089.84
15600,CUST010536,1491.36
44316,CUST010537,19627.56
15084,CUST010538,10326.51
115992,CUST010539,107466.59
71340,CUST010540,13561.73
248748,CUST010541,118752.3
124260,CUST010542,112641.69
232176,CUST010543,189362.75
9444,CUST010544,2935.2
85224,CUST010545,29811.36
8856,CUST010546,2484.11
53448,CUST010547,14986.82
85236,CUST010548,36804.9
3264,CUST010549,2842.94
108396,CUST010550,31857.58
54468,CUST010551,17429.76
6588,CUST010552,1336.71
11688,CUST010553,9478.97
8352,CUST010554,4646.22
14640,CUST010555,4346.62
79860,CUST010556,68360.16
79644,CUST010557,2325.6
53604,CUST010558,29321.39
232284,CUST010559,119138.46
2880,CUST010560,1027.3
211164,CUST010561,29203.98
16284,CUST010562,9929.98
250128,CUST010563,125889.42
58632,CUST010564,17683.41
98556,CUST010565,13886.54
1716,CUST010566,40.5
136884,CUST010567,71138.61
74100,CUST010568,2245.23
6708,CUST010569,260.27
85608,CUST010570,18568.38
149460,CUST010571,29025.13
8196,CUST010572,3680.82
22992,CUST010573,14776.96
5160,CUST010574,1249.24
99468,CUST010575,40652.57
18024,CUST010576,9258.93
17220,CUST010577,2255.82
78192,CUST010578,12549.82
12732,CUST010579,11624.32
120744,CUST010580,45339.37
18780,CUST010581,7320.44
63264,CUST010582,18156.77
79944,CUST010583,14933.54
12660,CUST010584,8478.4
5964,CUST010585,3914.17
45300,CUST010586,19116.6
194244,CUST010587,130493.12
13560,CUST010588,4781.26
27912,CUST010589,19887.3
4308,CUST010590,3112.96
44664,CUST010591,4779.05
23760,CUST010592,11699.42
59172,CUST010593,49704.48
16596,CUST010594,14996.15
211020,CUST010595,3777.26
11088,CUST010596,2288.56
88848,CUST010597,23411.45
4680,CUST010598,1768.57
16368,CUST010599,6057.8
32328,CUST010600,7839.54
19032,CUST010601,4032.88
3708,CUST010602,1471.71
30720,CUST010603,18748.42
23808,CUST010604,19713.02
74772,CUST010605,6632.28
1476,CUST010606,474.68
221688,CUST010607,81802.87
15276,CUST010608,9756.78
43200,CUST010609,20563.2
63348,CUST010610,53497.39
64128,CUST010611,45748.92
245628,CUST010612,74695.47
20772,CUST010613,1146.61
41568,CUST010614,2078.4
91428,CUST010615,8127.95
65592,CUST010616,6624.79
87252,CUST010617,41165.49
71016,CUST010618,4814.88
87804,CUST010619,16814.47
86304,CUST010620,21386.13
247728,CUST010621,158322.96
89844,CUST010622,83366.25
20940,CUST010623,10310.86
22284,CUST010624,9414.99
15324,CUST010625,6682.8
23784,CUST010626,20972.73
20868,CUST010627,17643.89
3732,CUST010628,403.06
5640,CUST010629,761.96
58284,CUST010630,23377.71
6204,CUST010631,5496.74
5712,CUST010632,4559.89
234564,CUST010633,94318.18
21744,CUST010634,5414.26
17328,CUST010635,13815.61
82812,CUST010636,40064.45
20088,CUST010637,4477.62
10680,CUST010638,7857.28
34068,CUST010639,15957.45
6444,CUST010640,2868.22
17436,CUST010641,15903.38
16380,CUST010642,5533.16
12360,CUST010643,7988.27
195540,CUST010644,4086.79
8304,CUST010645,4758.19
11316,CUST010646,9360.6
88848,CUST010647,81420.31
76524,CUST010648,12557.59
186288,CUST010649,55811.88
292560,CUST010650,246832.87
288672,CUST010651,126063.06
21564,CUST010652,659.86
86124,CUST010653,63938.46
45900,CUST010654,25116.48
8832,CUST010655,3108.86
263064,CUST010656,11627.43
43452,CUST010657,20126.97
14856,CUST010658,857.19
174648,CUST010659,119651.34
19452,CUST010660,17213.07
19092,CUST010661,15183.87
87804,CUST010662,82316.25
74256,CUST010663,59553.31
15900,CUST010664,10350.9
15120,CUST010665,5248.15
79392,CUST010666,13520.46
6240,CUST010667,2350.61
2004,CUST010668,1839.07
9864,CUST010669,2933.55
268596,CUST010670,56324.58
32772,CUST010671,21747.5
67428,CUST010672,2211.64
12396,CUST010673,9404.85
3600,CUST010674,570.96
3240,CUST010675,857.63
228624,CUST010676,18564.27
19020,CUST010677,1415.09
215004,CUST010678,167122.61
154380,CUST010679,99822.11
8988,CUST010680,6573.82
19548,CUST010681,17190.51
5028,CUST010682,1896.56
153168,CUST010683,30694.87
39708,CUST010684,33573.11
40164,CUST010685,32697.51
3420,CUST010686,763.34
7104,CUST010687,2764.88
10392,CUST010688,7077.99
220140,CUST010689,207019.66
10452,CUST010690,9731.86
72936,CUST010691,50165.38
24036,CUST010692,4583.67
2172,CUST010693,410.73
2352,CUST010694,1173.88
26328,CUST010695,21244.06
32724,CUST010696,1590.39
3624,CUST010697,770.1
3084,CUST010698,1318.72
19080,CUST010699,9975.02
276132,CUST010700,235319.69
7356,CUST010701,6372.5
18360,CUST010702,3238.7
173460,CUST010703,84908.67
20628,CUST010704,19369.69
14724,CUST010705,9804.71
1608,CUST010706,838.73
18036,CUST010707,12392.54
249024,CUST010708,228355.01
8292,CUST010709,427.04
11232,CUST010710,1260.23
14196,CUST010711,8382.74
93876,CUST010712,2741.18
61944,CUST010713,51853.32
211536,CUST010714,154315.51
33816,CUST010715,21763.98
12384,CUST010716,2487.95
107040,CUST010717,50009.09
82548,CUST010718,11243.04
3588,CUST010719,2160.69
19824,CUST010720,18769.36
22656,CUST010721,18265.27
4320,CUST010722,2233.87
21036,CUST010723,17178
30444,CUST010724,3431.04
101496,CUST010725,37157.69
9108,CUST010726,3178.69
182760,CUST010727,146884.21
3312,CUST010728,2446.91
3936,CUST010729,1903.84
94668,CUST010730,31978.85
1896,CUST010731,288.57
287160,CUST010732,95193.54
53844,CUST010733,27740.43
41508,CUST010734,4495.32
7476,CUST010735,6472.72
10500,CUST010736,399
4716,CUST010737,1630.32
4056,CUST010738,1173.81
12984,CUST010739,3390.12
14520,CUST010740,2421.94
55476,CUST010741,4083.03
3024,CUST010742,922.62
8976,CUST010743,5098.37
18696,CUST010744,4982.48
92100,CUST010745,76277.22
2772,CUST010746,2176.02
67548,CUST010747,22527.26
81876,CUST010748,51508.19
162756,CUST010749,84502.92
65628,CUST010750,48079.07
91140,CUST010751,19449.28
23820,CUST010752,17614.89
86304,CUST010753,39613.54
17868,CUST010754,3541.44
68424,CUST010755,41198.09
57960,CUST010756,26818.09
35292,CUST010757,20688.17
13176,CUST010758,3615.49
176172,CUST010759,16243.06
4188,CUST010760,324.15
45480,CUST010761,7426.88
7872,CUST010762,917.88
12468,CUST010763,2719.27
5664,CUST010764,3778.45
36516,CUST010765,25940.97
68520,CUST010766,21638.62
262368,CUST010767,246678.39
13512,CUST010768,10867.7
15876,CUST010769,4994.59
12396,CUST010770,9671.36
5136,CUST010771,2658.91
233508,CUST010772,123479.03
244800,CUST010773,161690.4
5520,CUST010774,3097.27
12060,CUST010775,10311.3
11484,CUST010776,1182.85
4704,CUST010777,268.13
131340,CUST010778,28001.69
9252,CUST010779,2127.03
94116,CUST010780,61664.8
11796,CUST010781,5229.17
191568,CUST010782,129806.48
15048,CUST010783,12820.9
89232,CUST010784,58545.12
22848,CUST010785,3913.86
20568,CUST010786,15864.1
110748,CUST010787,103560.45
16956,CUST010788,8469.52
78072,CUST010789,10469.46
93840,CUST010790,49941.65
48924,CUST010791,9364.05
22620,CUST010792,11156.18
7296,CUST010793,3606.41
6240,CUST010794,767.52
33540,CUST010795,19664.5
42336,CUST010796,7192.89
23652,CUST010797,21402.69
273852,CUST010798,241564.85
13728,CUST010799,1794.25
78360,CUST010800,9693.13
18660,CUST010801,15633.35
14628,CUST010802,3529.74
92688,CUST010803,2382.08
7584,CUST010804,1981.7
11256,CUST010805,2219.68
258492,CUST010806,199736.77
14112,CUST010807,8527.88
21624,CUST010808,14165.88
142896,CUST010809,24578.11
13860,CUST010810,3564.79
5412,CUST010811,2245.44
18636,CUST010812,10810.74
253800,CUST010813,184766.4
23772,CUST010814,6444.59
3180,CUST010815,2631.77
9804,CUST010816,6269.66
19812,CUST010817,10868.86
87288,CUST010818,28220.21
83940,CUST010819,67664.03
41052,CUST010820,28806.19
207696,CUST010821,82123
60492,CUST010822,24940.85
91080,CUST010823,38062.33
15936,CUST010824,9665.18
279096,CUST010825,223946.63
169524,CUST010826,89661.24
116868,CUST010827,5259.06
32196,CUST010828,15096.7
22932,CUST010829,6012.77
3204,CUST010830,2591.4
8244,CUST010831,3061
11628,CUST010832,4370.97
30696,CUST010833,9788.95
150636,CUST010834,13813.32
17304,CUST010835,15025.06
5976,CUST010836,3715.88
15228,CUST010837,11771.24
22788,CUST010838,3090.05
43476,CUST010839,24350.91
10812,CUST010840,6517.47
6168,CUST010841,4389.77
27792,CUST010842,13429.09
25044,CUST010843,11277.31
57672,CUST010844,50757.13
14328,CUST010845,13293.52
32100,CUST010846,25208.13
34680,CUST010847,1844.98
57060,CUST010848,49927.5
177600,CUST010849,136663.2
68916,CUST010850,58296.04
19140,CUST010851,3387.78
38592,CUST010852,4337.74
22032,CUST010853,9317.33
31752,CUST010854,9757.39
41472,CUST010855,30498.51
87000,CUST010856,22872.3
21372,CUST010857,5516.11
118884,CUST010858,49467.63
95292,CUST010859,24652.04
246612,CUST010860,70087.13
1572,CUST010861,870.42
10344,CUST010862,3276.98
4728,CUST010863,478.95
33180,CUST010864,26169.07
17412,CUST010865,13431.62
60696,CUST010866,7817.64
58104,CUST010867,20330.59
14664,CUST010868,2460.62
9636,CUST010869,6790.49
95640,CUST010870,28223.36
71604,CUST010871,48196.65
163308,CUST010872,45677.25
11256,CUST010873,5207.03
70764,CUST010874,19608.7
80592,CUST010875,64296.3
18816,CUST010876,13643.48
9516,CUST010877,1828.02
5388,CUST010878,1470.92
76020,CUST010879,8483.83
9732,CUST010880,715.3
46572,CUST010881,8885.94
7836,CUST010882,6697.43
3036,CUST010883,453.58
12276,CUST010884,1886.82
23280,CUST010885,20614.44
57564,CUST010886,3776.2
296220,CUST010887,14603.65
2256,CUST010888,1899.78
113160,CUST010889,56806.32
10788,CUST010890,9927.12
13152,CUST010891,5775.04
16152,CUST010892,12805.31
23448,CUST010893,9292.44
67668,CUST010894,47875.11
205392,CUST010895,34855.02
14160,CUST010896,4032.77
62124,CUST010897,45468.56
210888,CUST010898,194987.04
150864,CUST010899,23549.87
8592,CUST010900,3410.16
43704,CUST010901,37152.77
87156,CUST010902,61689.02
18048,CUST010903,13021.63
1464,CUST010904,395.13
19716,CUST010905,13379.28
94188,CUST010906,28444.78
20244,CUST010907,15010.93
55464,CUST010908,41991.79
23892,CUST010909,19426.59
58020,CUST010910,8720.41
1524,CUST010911,454.61
43488,CUST010912,32646.44
17532,CUST010913,12076.04
52536,CUST010914,4680.96
139572,CUST010915,3238.07
235884,CUST010916,21960.8
21972,CUST010917,16944.81
103188,CUST010918,73727.83
59844,CUST010919,26032.14
150816,CUST010920,11974.79
236916,CUST010921,176786.72
177936,CUST010922,77633.48
32652,CUST010923,17380.66
149292,CUST010924,30709.36
80880,CUST010925,62423.18
280188,CUST010926,201427.15
95676,CUST010927,40021.27
56868,CUST010928,28462.43
41460,CUST010929,16293.78
23172,CUST010930,5957.52
205404,CUST010931,160810.79
86016,CUST010932,9195.11
24624,CUST010933,15335.83
13428,CUST010934,10816.25
62484,CUST010935,54061.16
161904,CUST010936,62721.61
54552,CUST010937,23970.15
16140,CUST010938,2787.38
12864,CUST010939,8454.22
120012,CUST010940,40264.03
41580,CUST010941,17326.39
88464,CUST010942,20868.66
187932,CUST010943,104396.23
23748,CUST010944,7763.22
4152,CUST010945,958.7
73452,CUST010946,2916.04
39600,CUST010947,32511.6
8256,CUST010948,7225.65
92052,CUST010949,57458.86
52620,CUST010950,20358.68
21444,CUST010951,4524.68
63960,CUST010952,51327.9
18828,CUST010953,7956.71
2292,CUST010954,801.97
80460,CUST010955,55276.02
41988,CUST010956,29672.92
3672,CUST010957,352.14
23928,CUST010958,10482.86
80028,CUST010959,35780.52
8100,CUST010960,3938.22
16884,CUST010961,5728.74
1968,CUST010962,1600.97
3924,CUST010963,2572.18
3792,CUST010964,276.82
4776,CUST010965,530.61
7380,CUST010966,2741.67
14268,CUST010967,1787.78
201948,CUST010968,137486.2
22704,CUST010969,5823.58
192072,CUST010970,173498.64
54132,CUST010971,21945.11
10152,CUST010972,3423.25
17508,CUST010973,10683.38
94848,CUST010974,37332.17
8664,CUST010975,5874.19
16584,CUST010976,207.3
66240,CUST010977,6796.22
13512,CUST010978,7308.64
92760,CUST010979,8431.88
166080,CUST010980,45240.19
19176,CUST010981,12241.96
13140,CUST010982,6518.75
19512,CUST010983,7865.29
91872,CUST010984,84228.25
5388,CUST010985,1825.45
20028,CUST010986,624.87
7332,CUST010987,2758.3
14304,CUST010988,5485.58
109884,CUST010989,43404.18
22812,CUST010990,13814.95
54444,CUST010991,898.33
3300,CUST010992,2437.38
52140,CUST010993,2544.43
3876,CUST010994,246.13
4680,CUST010995,3232.48
4644,CUST010996,3974.34
72804,CUST010997,4623.05
75684,CUST010998,64815.78
40020,CUST010999,24792.39
7788,CUST011000,5261.57
10068,CUST011001,464.13
17256,CUST011002,3917.11
5160,CUST011003,3344.71
172860,CUST011004,147812.59
223776,CUST011005,44039.12
8856,CUST011006,4399.66
18012,CUST011007,16992.52
73584,CUST011008,62259.42
19452,CUST011009,6627.3
6372,CUST011010,4234.83
104976,CUST011011,78836.98
14952,CUST011012,12963.38
14532,CUST011013,2755.27
201936,CUST011014,118516.24
14280,CUST011015,8116.75
3312,CUST011016,2730.08
72228,CUST011017,27251.62
263820,CUST011018,185966.72
13428,CUST011019,6989.27
12252,CUST011020,9491.62
17028,CUST011021,9459.05
17244,CUST011022,6499.26
84264,CUST011023,59363.99
11424,CUST011024,10719.14
78084,CUST011025,15562.14
21996,CUST011026,7546.83
22248,CUST011027,10118.39
115572,CUST011028,46968.46
17988,CUST011029,16354.69
122472,CUST011030,81529.61
16764,CUST011031,419.1
45108,CUST011032,8890.79
260352,CUST011033,107811.76
12132,CUST011034,2029.68
66732,CUST011035,28774.84
75564,CUST011036,34918.12
19800,CUST011037,7518.06
3672,CUST011038,583.48
21588,CUST011039,6782.95
18984,CUST011040,5522.45
75336,CUST011041,16340.38
9288,CUST011042,1901.25
140748,CUST011043,98734.72
17208,CUST011044,8337.28
256212,CUST011045,69894.63
94980,CUST011046,60302.8
40308,CUST011047,27756.09
87708,CUST011048,9911
139284,CUST011049,70213.06
19284,CUST011050,7302.85
224508,CUST011051,29500.35
21936,CUST011052,12532.04
46452,CUST011053,12983.33
13500,CUST011054,11322.45
263148,CUST011055,45050.94
192984,CUST011056,22096.67
63876,CUST011057,16505.56
77148,CUST011058,21493.43
23472,CUST011059,7940.58
9360,CUST011060,330.41
7128,CUST011061,936.62
14868,CUST011062,6486.91
4500,CUST011063,121.05
57636,CUST011064,645.52
134796,CUST011065,96203.91
9792,CUST011066,6510.7
55452,CUST011067,49080.57
19296,CUST011068,12843.42
31116,CUST011069,23271.66
1788,CUST011070,680.51
75048,CUST011071,49869.4
84480,CUST011072,78228.48
17688,CUST011073,9333.96
15660,CUST011074,5692.41
21276,CUST011075,13752.81
69972,CUST011076,17520.99
246240,CUST011077,96526.08
197616,CUST011078,165266.26
12876,CUST011079,11969.53
18312,CUST011080,8797.08
46020,CUST011081,12816.57
7752,CUST011082,988.38
33864,CUST011083,23907.98
92796,CUST011084,25017.8
61308,CUST011085,18091.99
39780,CUST011086,34537
8916,CUST011087,6168.98
54972,CUST011088,3573.18
226212,CUST011089,45423.37
16812,CUST011090,4830.09
81372,CUST011091,58693.62
53748,CUST011092,9792.89
6912,CUST011093,2254.69
36552,CUST011094,31968.38
62040,CUST011095,16912.1
41724,CUST011096,13234.85
22692,CUST011097,18875.21
86232,CUST011098,29318.88
81288,CUST011099,66257.85
27924,CUST011100,13869.85
146976,CUST011101,33113.69
216732,CUST011102,104638.21
14316,CUST011103,6399.25
95940,CUST011104,57161.05
14484,CUST011105,9720.21
235836,CUST011106,162396.67
64968,CUST011107,45951.87
21444,CUST011108,14446.82
2388,CUST011109,1053.59
46620,CUST011110,42988.3
12588,CUST011111,8222.48
40308,CUST011112,17304.22
23448,CUST011113,4504.36
8400,CUST011114,7666.68
12852,CUST011115,476.81
4848,CUST011116,2304.25
143496,CUST011117,133723.92
269964,CUST011118,142190.04
10080,CUST011119,7800.91
1464,CUST011120,559.1
38712,CUST011121,7986.29
242232,CUST011122,182497.59
130848,CUST011123,101158.59
88200,CUST011124,79891.56
2808,CUST011125,1950.72
67872,CUST011126,17653.51
91116,CUST011127,28938.44
12144,CUST011128,7462.49
84852,CUST011129,1323.69
15408,CUST011130,2452.95
67704,CUST011131,53648.65
18300,CUST011132,8262.45
6468,CUST011133,2878.26
80124,CUST011134,23300.06
22764,CUST011135,1802.91
73836,CUST011136,48015.55
265164,CUST011137,46005.95
80676,CUST011138,18878.18
40860,CUST011139,37607.54
14064,CUST011140,11902.36
11244,CUST011141,3765.62
14760,CUST011142,12807.25
6612,CUST011143,1788.55
24240,CUST011144,15940.22
13920,CUST011145,2813.23
211764,CUST011146,199164.04
87024,CUST011147,82524.86
113940,CUST011148,89192.23
15984,CUST011149,9400.19
17916,CUST011150,8771.67
88032,CUST011151,62212.21
21792,CUST011152,5186.5
17808,CUST011153,8392.91
3600,CUST011154,531.36
1224,CUST011155,944.81
89556,CUST011156,39673.31
17088,CUST011157,14036.08
18456,CUST011158,1262.39
23412,CUST011159,8781.84
78672,CUST011160,32247.65
20280,CUST011161,12790.6
18288,CUST011162,8502.09
33600,CUST011163,7650.72
18516,CUST011164,2618.16
30708,CUST011165,28162.31
28092,CUST011166,21026.86
73164,CUST011167,48580.9
1512,CUST011168,40.37
111360,CUST011169,36102.91
80952,CUST011170,20853.24
44076,CUST011171,5302.34
21816,CUST011172,13146.32
17808,CUST011173,3132.43
231828,CUST011174,212609.46
50916,CUST011175,17117.96
6720,CUST011176,6334.27
21660,CUST011177,1128.49
89364,CUST011178,11715.62
263172,CUST011179,78951.6
14448,CUST011180,741.18
12252,CUST011181,2797.13
15384,CUST011182,2304.52
22764,CUST011183,19907.12
11556,CUST011184,1228.4
93912,CUST011185,67766.9
6204,CUST011186,1385.35
3648,CUST011187,1873.98
65808,CUST011188,34338.61
18024,CUST011189,12369.87
10572,CUST011190,8016.75
92148,CUST011191,34988.6
21972,CUST011192,4726.18
213624,CUST011193,78656.36
21096,CUST011194,1360.69
1848,CUST011195,1289.35
66048,CUST011196,60949.09
60492,CUST011197,33125.42
18444,CUST011198,2266.77
67764,CUST011199,45259.58
26724,CUST011200,686.81
29880,CUST011201,22114.19
49848,CUST011202,18902.36
81192,CUST011203,66431.29
93708,CUST011204,40659.9
10800,CUST011205,6205.68
69360,CUST011206,58976.81
21576,CUST011207,9644.47
23220,CUST011208,16630.16
27216,CUST011209,5470.42
35988,CUST011210,27192.53
13500,CUST011211,8526.6
36192,CUST011212,23691.28
116064,CUST011213,61850.51
46836,CUST011214,23099.52
60216,CUST011215,37267.68
178872,CUST011216,104801.1
241200,CUST011217,57670.92
73044,CUST011218,20890.58
15768,CUST011219,12440.95
32304,CUST011220,12640.56
23208,CUST011221,12193.48
77748,CUST011222,34131.37
206688,CUST011223,167065.91
8616,CUST011224,6910.03
181956,CUST011225,67050.79
204468,CUST011226,24331.69
3444,CUST011227,116.41
209892,CUST011228,46847.89
16176,CUST011229,15088.97
13956,CUST011230,12891.16
4836,CUST011231,4464.6
149124,CUST011232,72802.34
10224,CUST011233,5783.72
11448,CUST011234,3923.23
19164,CUST011235,2382.09
36912,CUST011236,12897.05
23352,CUST011237,1753.74
22512,CUST011238,3941.85
78684,CUST011239,66165.38
91560,CUST011240,63808.16
55344,CUST011241,40722.12
9252,CUST011242,6288.58
6360,CUST011243,4977.34
194964,CUST011244,116276.53
2820,CUST011245,329.38
185172,CUST011246,14610.07
39324,CUST011247,31659.75
297156,CUST011248,125429.55
4824,CUST011249,3770.92
51660,CUST011250,30903.01
19848,CUST011251,8320.28
52116,CUST011252,20148.05
9180,CUST011253,1489.91
186468,CUST011254,68788.05
15408,CUST011255,6007.58
3816,CUST011256,1043.68
55884,CUST011257,30775.32
85656,CUST011258,7760.43
43140,CUST011259,20111.87
17724,CUST011260,15414.56
87900,CUST011261,26950.14
47760,CUST011262,15407.38
18012,CUST011263,1284.26
12012,CUST011264,470.87
6000,CUST011265,990
136752,CUST011266,48546.96
73272,CUST011267,68304.16
13596,CUST011268,11789.09
18672,CUST011269,2098.73
13644,CUST011270,1423.07
47364,CUST011271,13981.85
194964,CUST011272,32578.48
7968,CUST011273,6983.16
11208,CUST011274,4566.14
7944,CUST011275,703.84
19584,CUST011276,5599.07
14808,CUST011277,8434.64
52380,CUST011278,24503.36
4308,CUST011279,271.4
20088,CUST011280,8077.38
54348,CUST011281,20994.63
28248,CUST011282,3595.97
233292,CUST011283,175668.88
5100,CUST011284,1637.1
71820,CUST011285,40154.56
15864,CUST011286,5393.76
261156,CUST011287,88218.5
4800,CUST011288,4224.48
58800,CUST011289,49162.68
15192,CUST011290,1011.79
20268,CUST011291,18922.2
177480,CUST011292,83664.07
72192,CUST011293,14712.73
16872,CUST011294,14518.36
74424,CUST011295,20384.73
31332,CUST011296,19695.3
50484,CUST011297,31153.68
23832,CUST011298,17649.98
66888,CUST011299,46099.21
56268,CUST011300,1823.08
89316,CUST011301,59689.88
86112,CUST011302,43589.89
21576,CUST011303,9689.78
42048,CUST011304,8434.83
70236,CUST011305,21745.07
20712,CUST011306,2986.67
12072,CUST011307,2868.31
13836,CUST011308,11356.59
87168,CUST011309,50914.83
83532,CUST011310,49851.9
291996,CUST011311,63246.33
95928,CUST011312,5132.15
10512,CUST011313,2265.34
7344,CUST011314,1717.03
65100,CUST011315,34613.67
20436,CUST011316,1967.99
10776,CUST011317,1833
15120,CUST011318,5128.7
11976,CUST011319,10338.88
77328,CUST011320,49636.84
9888,CUST011321,522.09
276588,CUST011322,24284.43
55068,CUST011323,28101.2
268488,CUST011324,116550.64
154260,CUST011325,7620.44
73908,CUST011326,48291.49
151236,CUST011327,19706.05
2988,CUST011328,1319.5
23820,CUST011329,7953.5
79104,CUST011330,29323.85
21180,CUST011331,4799.39
23640,CUST011332,8812.99
40680,CUST011333,37234.4
21168,CUST011334,15454.76
281424,CUST011335,163845.05
12528,CUST011336,3356.25
2316,CUST011337,701.52
3468,CUST011338,3232.18
18204,CUST011339,6964.85
91212,CUST011340,12532.53
128424,CUST011341,111549.09
58068,CUST011342,22849.76
251028,CUST011343,179384.61
2532,CUST011344,1587.82
20400,CUST011345,16215.96
21000,CUST011346,7200.9
4368,CUST011347,4143.92
22032,CUST011348,8482.32
69672,CUST011349,62238
16980,CUST011350,6233.36
183024,CUST011351,92463.72
18732,CUST011352,12119.6
207132,CUST011353,110401.36
17040,CUST011354,15020.76
81864,CUST011355,65532.13
180924,CUST011356,36383.82
17124,CUST011357,12848.14
49956,CUST011358,45694.75
18144,CUST011359,5550.25
33960,CUST011360,13098.37
8004,CUST011361,6111.85
12648,CUST011362,7588.8
8112,CUST011363,7432.21
40356,CUST011364,22446.01
30864,CUST011365,27277.6
18624,CUST011366,10630.58
79320,CUST011367,54937.03
1848,CUST011368,835.85
14436,CUST011369,1100.02
253404,CUST011370,41026.11
125880,CUST011371,20442.91
4092,CUST011372,3678.71
47628,CUST011373,41355.39
5868,CUST011374,121.47
185268,CUST011375,123981.35
14184,CUST011376,8330.26
94164,CUST011377,35358.58
17424,CUST011378,1085.52
87636,CUST011379,64850.64
14748,CUST011380,3849.23
84108,CUST011381,76925.18
9492,CUST011382,3439.9
75528,CUST011383,59213.95
184716,CUST011384,128599.28
19908,CUST011385,13995.32
26724,CUST011386,12266.32
17808,CUST011387,7677.03
52764,CUST011388,10937.98
22680,CUST011389,991.12
96084,CUST011390,38001.22
54900,CUST011391,37024.56
56928,CUST011392,29130.06
58692,CUST011393,11961.43
4020,CUST011394,2271.7
3732,CUST011395,428.06
15576,CUST011396,1822.39
5880,CUST011397,5209.09
22704,CUST011398,21466.63
85200,CUST011399,61233.24
19332,CUST011400,14152.96
17700,CUST011401,6724.23
6768,CUST011402,2864.89
28800,CUST011403,20036.16
3036,CUST011404,2351.69
23736,CUST011405,17310.66
68952,CUST011406,9053.4
15216,CUST011407,3177.1
23856,CUST011408,12324.01
9492,CUST011409,5080.12
76344,CUST011410,58601.65
50676,CUST011411,38331.33
18396,CUST011412,13590.96
15576,CUST011413,13350.19
171912,CUST011414,89686.49
29484,CUST011415,710.56
177420,CUST011416,90413.23
158952,CUST011417,30645.95
40236,CUST011418,4788.08
84708,CUST011419,2143.11
81144,CUST011420,56646.63
13704,CUST011421,11186.58
13608,CUST011422,10723.1
20796,CUST011423,16279.11
85080,CUST011424,32551.61
12864,CUST011425,12029.13
3024,CUST011426,1558.57
65796,CUST011427,23054.92
2268,CUST011428,2124.21
18372,CUST011429,13554.86
21216,CUST011430,18557.64
64344,CUST011431,12823.76
15504,CUST011432,12919.48
12660,CUST011433,7166.83
95112,CUST011434,87626.69
92220,CUST011435,71276.84
20340,CUST011436,18446.35
277560,CUST011437,100559.99
4776,CUST011438,1020.15
21144,CUST011439,2334.3
84336,CUST011440,69197.69
110772,CUST011441,18532.16
18060,CUST011442,5123.62
57204,CUST011443,26022.1
5220,CUST011444,4275.18
23352,CUST011445,4387.84
10596,CUST011446,5252.44
7728,CUST011447,5650.71
35976,CUST011448,33144.69
9936,CUST011449,7056.55
16044,CUST011450,3611.5
292428,CUST011451,172766.46
73320,CUST011452,6195.54
10776,CUST011453,3987.12
13884,CUST011454,12335.93
3360,CUST011455,1283.86
34440,CUST011456,5717.04
85092,CUST011457,12763.8
16152,CUST011458,3905.55
84048,CUST011459,61699.64
26220,CUST011460,7724.41
68748,CUST011461,28585.42
83028,CUST011462,72516.66
60888,CUST011463,6502.84
23016,CUST011464,19338.04
19596,CUST011465,6521.55
2220,CUST011466,1627.7
38904,CUST011467,23540.81
23436,CUST011468,679.64
85188,CUST011469,58319.7
21888,CUST011470,10845.5
87420,CUST011471,7684.22
69312,CUST011472,38488.95
18372,CUST011473,13483.21
35484,CUST011474,23781.38
52764,CUST011475,22113.39
66336,CUST011476,46826.58
22608,CUST011477,5923.3
16752,CUST011478,5392.47
41664,CUST011479,19040.45
75180,CUST011480,46889.77
21624,CUST011481,3250.09
71124,CUST011482,63414.16
56688,CUST011483,46608.87
273780,CUST011484,15057.9
16428,CUST011485,10168.93
15744,CUST011486,5406.49
9252,CUST011487,156.36
6060,CUST011488,1521.67
23940,CUST011489,15994.31
124944,CUST011490,26025.84
22428,CUST011491,688.54
9456,CUST011492,1599.01
22452,CUST011493,19932.89
284184,CUST011494,220754.13
98688,CUST011495,79473.45
81804,CUST011496,42857.12
131556,CUST011497,79736.09
17496,CUST011498,15469.96
180384,CUST011499,8225.51
222828,CUST011500,149651.28
13452,CUST011501,5010.87
75564,CUST011502,40532.53
189036,CUST011503,60075.64
42684,CUST011504,3354.96
91404,CUST011505,29477.79
8052,CUST011506,6836.15
71424,CUST011507,38133.27
94872,CUST011508,10948.23
10068,CUST011509,3760.4
4248,CUST011510,2175.83
22896,CUST011511,1431
165228,CUST011512,72815.98
16272,CUST011513,4951.57
8088,CUST011514,1510.03
90876,CUST011515,54334.76
49584,CUST011516,31039.58
125712,CUST011517,64175.98
12084,CUST011518,6568.86
92028,CUST011519,82742.37
16752,CUST011520,13155.35
8448,CUST011521,7157.15
39612,CUST011522,36383.62
13860,CUST011523,6250.86
13092,CUST011524,4607.07
7404,CUST011525,3379.19
235128,CUST011526,182694.46
113016,CUST011527,71640.84
13224,CUST011528,7909.27
39984,CUST011529,18412.63
95280,CUST011530,30870.72
81180,CUST011531,70821.43
15876,CUST011532,14266.17
119364,CUST011533,89761.73
30132,CUST011534,12995.93
6720,CUST011535,4053.5
58956,CUST011536,15605.65
15864,CUST011537,13704.91
23592,CUST011538,16828.17
2040,CUST011539,404.94
21648,CUST011540,15335.44
8664,CUST011541,2853.06
21552,CUST011542,5245.76
29460,CUST011543,15814.13
43044,CUST011544,22395.79
3288,CUST011545,1807.74
12900,CUST011546,7551.66
78432,CUST011547,25059.02
57336,CUST011548,30640.36
101544,CUST011549,84890.78
179772,CUST011550,168769.95
14328,CUST011551,7030.75
74688,CUST011552,7999.08
86412,CUST011553,45081.14
20436,CUST011554,10489.8
76260,CUST011555,8815.66
21348,CUST011556,3129.62
61896,CUST011557,22047.36
96324,CUST011558,59682.35
85740,CUST011559,63361.86
77184,CUST011560,34987.51
90036,CUST011561,74765.89
18936,CUST011562,17440.06
210516,CUST011563,60018.11
297612,CUST011564,158954.57
130872,CUST011565,70906.45
84168,CUST011566,28777.04
8760,CUST011567,7844.58
234864,CUST011568,128869.88
20640,CUST011569,6968.06
41436,CUST011570,13416.98
14028,CUST011571,192.18
22560,CUST011572,15625.06
59472,CUST011573,32905.86
1368,CUST011574,1256.1
48072,CUST011575,24247.52
7260,CUST011576,1724.25
12816,CUST011577,10921.8
27552,CUST011578,13908.25
2532,CUST011579,1786.58
22704,CUST011580,21487.07
291156,CUST011581,170850.34
10884,CUST011582,8845.43
17556,CUST011583,9817.32
2736,CUST011584,2484.01
17544,CUST011585,7605.32
13140,CUST011586,4626.59
21588,CUST011587,1228.36
41136,CUST011588,16244.61
38400,CUST011589,15836.16
61956,CUST011590,37898.49
9096,CUST011591,7424.16
1452,CUST011592,184.69
17544,CUST011593,2115.81
1956,CUST011594,327.43
7992,CUST011595,3616.38
7788,CUST011596,3582.48
21888,CUST011597,5355.99
12588,CUST011598,7503.71
155676,CUST011599,26885.25
48276,CUST011600,26595.25
57804,CUST011601,26884.64
93060,CUST011602,65653.83
134160,CUST011603,85017.19
18912,CUST011604,6301.48
38856,CUST011605,17341.43
7356,CUST011606,2444.4
16200,CUST011607,7933.14
90936,CUST011608,65837.66
56736,CUST011609,46166.08
6504,CUST011610,4458.49
11352,CUST011611,6252.68
16140,CUST011612,9172.36
6852,CUST011613,4756.66
30852,CUST011614,5769.32
9576,CUST011615,1227.64
202944,CUST011616,131507.71
13800,CUST011617,1240.62
72708,CUST011618,61503.7
22056,CUST011619,15657.55
77700,CUST011620,10528.35
273576,CUST011621,167237.01
49080,CUST011622,14473.69
15972,CUST011623,13497.94
19344,CUST011624,10730.12
11028,CUST011625,2373.23
5892,CUST011626,758.89
111888,CUST011627,97644.66
61020,CUST011628,2654.37
200244,CUST011629,91952.04
3744,CUST011630,219.02
37584,CUST011631,22238.45
109392,CUST011632,4288.17
1380,CUST011633,646.39
10248,CUST011634,1099.61
14604,CUST011635,11838
22212,CUST011636,17869.55
14952,CUST011637,6040.61
133452,CUST011638,24795.38
9672,CUST011639,8239.58
68616,CUST011640,12309.71
52320,CUST011641,5446.51
21732,CUST011642,12033.01
22644,CUST011643,7135.12
68592,CUST011644,37307.19
12828,CUST011645,4267.88
10068,CUST011646,1638.06
26340,CUST011647,24622.63
87660,CUST011648,31075.47
20088,CUST011649,15220.68
17160,CUST011650,3190.04
9564,CUST011651,1935.75
18900,CUST011652,7008.12
1344,CUST011653,1208.52
73248,CUST011654,1215.92
86772,CUST011655,1006.56
256584,CUST011656,86905
167700,CUST011657,75397.92
191952,CUST011658,58986.85
7704,CUST011659,3180.98
14772,CUST011660,599.74
21168,CUST011661,1877.6
5640,CUST011662,831.34
259824,CUST011663,225345.36
48696,CUST011664,31223.88
85416,CUST011665,10463.46
23088,CUST011666,17128.99
60504,CUST011667,11344.5
3768,CUST011668,723.46
64632,CUST011669,11523.89
78960,CUST011670,29688.96
73980,CUST011671,6717.38
3324,CUST011672,1211.6
53808,CUST011673,16093.97
13344,CUST011674,7493.99
2412,CUST011675,317.66
60192,CUST011676,36506.45
12060,CUST011677,3646.94
34332,CUST011678,4590.19
69720,CUST011679,62971.1
7524,CUST011680,6424.74
17172,CUST011681,6243.74
19152,CUST011682,13345.11
35580,CUST011683,21984.88
22104,CUST011684,14582.01
20796,CUST011685,4974.4
18936,CUST011686,2253.38
210720,CUST011687,173591.14
74904,CUST011688,58103.03
19848,CUST011689,8619.99
2304,CUST011690,1563.03
20460,CUST011691,13364.47
76764,CUST011692,68304.61
197088,CUST011693,158143.41
7884,CUST011694,412.33
14364,CUST011695,4524.66
97536,CUST011696,78896.87
82176,CUST011697,56430.26
8796,CUST011698,7923.44
13020,CUST011699,4422.89
15468,CUST011700,11610.28
25800,CUST011701,3710.04
11580,CUST011702,3209.98
76260,CUST011703,7824.28
21084,CUST011704,3932.17
4644,CUST011705,818.27
58032,CUST011706,9418.59
19608,CUST011707,10888.32
27684,CUST011708,4938.83
13560,CUST011709,12456.22
145452,CUST011710,24334.12
94212,CUST011711,57083.05
6360,CUST011712,4198.24
122712,CUST011713,115852.4
9900,CUST011714,1005.84
76500,CUST011715,37622.7
10500,CUST011716,1272.6
8592,CUST011717,1151.33
9132,CUST011718,5824.39
31368,CUST011719,22396.75
16548,CUST011720,14277.61
90504,CUST011721,25766.49
72660,CUST011722,68670.97
234300,CUST011723,207566.37
251796,CUST011724,100995.38
19200,CUST011725,6397.44
21468,CUST011726,6794.62
22308,CUST011727,10277.3
84912,CUST011728,27069.95
185604,CUST011729,128660.69
21324,CUST011730,18628.65
223884,CUST011731,45358.9
11148,CUST011732,9262.87
65916,CUST011733,45033.81
28284,CUST011734,10153.96
76920,CUST011735,30191.1
21276,CUST011736,6518.97
10296,CUST011737,4532.3
22872,CUST011738,19708.8
20448,CUST011739,14250.21
218112,CUST011740,60896.87
73548,CUST011741,31544.74
184416,CUST011742,164609.72
230580,CUST011743,77659.34
53496,CUST011744,5617.08
14628,CUST011745,1312.13
15852,CUST011746,12884.51
239232,CUST011747,107415.17
295608,CUST011748,206186.58
17748,CUST011749,5782.3
13932,CUST011750,4596.17
211416,CUST011751,14355.15
221700,CUST011752,113466.06
41508,CUST011753,28794.1
1788,CUST011754,195.25
16920,CUST011755,3548.12
88872,CUST011756,4301.4
1596,CUST011757,1185.99
27996,CUST011758,1013.46
15192,CUST011759,13280.85
213636,CUST011760,19077.69
86424,CUST011761,58258.42
9828,CUST011762,5773.95
94224,CUST011763,66899.04
13812,CUST011764,12473.62
268140,CUST011765,186491.37
67344,CUST011766,24526.68
134904,CUST011767,121629.45
17016,CUST011768,11443.26
16536,CUST011769,6239.03
15768,CUST011770,8776.47
3336,CUST011771,349.28
51876,CUST011772,14504.53
22740,CUST011773,3915.83
6552,CUST011774,3861.75
1728,CUST011775,1160.01
43512,CUST011776,29131.28
178152,CUST011777,141078.57
12060,CUST011778,10639.33
113124,CUST011779,37002.86
17448,CUST011780,7206.02
20280,CUST011781,7901.09
22044,CUST011782,9309.18
101460,CUST011783,21012.37
12900,CUST011784,3264.99
5796,CUST011785,3588.88
136680,CUST011786,31149.37
21060,CUST011787,8819.93
17340,CUST011788,5984.03
39612,CUST011789,20669.54
18360,CUST011790,7608.38
16380,CUST011791,6235.87
28716,CUST011792,11179.14
20520,CUST011793,9270.94
22764,CUST011794,2239.98
16116,CUST011795,6206.27
118992,CUST011796,10102.42
23400,CUST011797,7726.68
12132,CUST011798,3228.33
215544,CUST011799,137732.62
4896,CUST011800,3483.5
7392,CUST011801,5206.92
12480,CUST011802,5123.04
9240,CUST011803,1345.34
1800,CUST011804,68.4
81864,CUST011805,4576.2
28776,CUST011806,25889.77
18180,CUST011807,2352.49
86904,CUST011808,24533
84816,CUST011809,9847.14
25164,CUST011810,8857.73
18432,CUST011811,11138.46
57036,CUST011812,30913.51
17964,CUST011813,14367.61
12468,CUST011814,4691.71
17856,CUST011815,12984.88
214752,CUST011816,43809.41
4296,CUST011817,2428.1
157716,CUST011818,89787.72
3276,CUST011819,3014.25
53976,CUST011820,2693.4
23220,CUST011821,16507.1
13704,CUST011822,10190.29
55848,CUST011823,13174.54
21288,CUST011824,11161.3
21612,CUST011825,11400.33
191808,CUST011826,151355.69
4428,CUST011827,769.59
108684,CUST011828,68025.32
67104,CUST011829,51562.71
85308,CUST011830,80897.58
90660,CUST011831,49228.38
50520,CUST011832,23693.88
8688,CUST011833,7480.37
248364,CUST011834,104114.19
90960,CUST011835,17655.34
13644,CUST011836,10111.57
66216,CUST011837,11945.37
12684,CUST011838,6002.07
257976,CUST011839,182311.64
16752,CUST011840,1055.38
92916,CUST011841,48938.86
21420,CUST011842,12528.56
16956,CUST011843,971.58
1356,CUST011844,519.62
20880,CUST011845,9009.72
11736,CUST011846,5075.82
7572,CUST011847,5005.85
58572,CUST011848,32841.32
79812,CUST011849,54423.8
4716,CUST011850,2676.33
63300,CUST011851,40834.83
10860,CUST011852,10214.92
25380,CUST011853,3461.83
92616,CUST011854,51420.4
282408,CUST011855,133946.11
52848,CUST011856,48657.15
95448,CUST011857,39897.26
80352,CUST011858,42988.32
12828,CUST011859,11827.42
50712,CUST011860,47314.3
14772,CUST011861,7196.92
22728,CUST011862,10538.97
5532,CUST011863,3524.44
298752,CUST011864,240286.23
15132,CUST011865,2304.6
72372,CUST011866,31119.96
6372,CUST011867,353.01
18840,CUST011868,17737.86
21876,CUST011869,1898.84
22104,CUST011870,17081.97
22032,CUST011871,3824.76
90276,CUST011872,45824.1
76908,CUST011873,46275.54
58368,CUST011874,51859.97
19248,CUST011875,10014.73
3792,CUST011876,2596
81948,CUST011877,3581.13
4848,CUST011878,485.77
87552,CUST011879,77623.6
16812,CUST011880,15303.96
271728,CUST011881,218279.1
14808,CUST011882,7757.91
20736,CUST011883,2432.33
25764,CUST011884,18086.33
23400,CUST011885,7647.12
27864,CUST011886,1220.44
62820,CUST011887,21239.44
16284,CUST011888,15300.45
212904,CUST011889,28422.68
67848,CUST011890,28482.59
34176,CUST011891,23003.87
59532,CUST011892,25479.7
14004,CUST011893,7863.25
47400,CUST011894,37948.44
23160,CUST011895,8928.18
23880,CUST011896,15350.06
4644,CUST011897,4204.68
233232,CUST011898,213453.93
276792,CUST011899,192176.69
30600,CUST011900,17870.4
15984,CUST011901,3548.45
78756,CUST011902,62949.67
34500,CUST011903,28524.6
31476,CUST011904,13732.98
5028,CUST011905,471.12
67584,CUST011906,51965.34
20052,CUST011907,14934.73
232572,CUST011908,17977.82
54516,CUST011909,5860.47
18024,CUST011910,5704.6
129960,CUST011911,89893.33
35316,CUST011912,18636.25
91476,CUST011913,64097.23
4380,CUST011914,1063.46
9600,CUST011915,5265.6
220716,CUST011916,67715.67
19716,CUST011917,12113.51
9996,CUST011918,7665.93
57792,CUST011919,26393.61
75720,CUST011920,35489.96
86832,CUST011921,23479.37
65304,CUST011922,25383.66
20256,CUST011923,10202.95
7560,CUST011924,2440.37
17196,CUST011925,7361.61
195492,CUST011926,123629.14
9996,CUST011927,2760.9
26076,CUST011928,7462.95
262668,CUST011929,148643.82
46344,CUST011930,32385.19
32676,CUST011931,21432.19
19908,CUST011932,18679.68
9180,CUST011933,4181.49
204036,CUST011934,120013.98
44184,CUST011935,17748.71
94920,CUST011936,42134.99
216732,CUST011937,124274.13
69960,CUST011938,56751.55
52572,CUST011939,3469.75
19116,CUST011940,8520
22488,CUST011941,15006.24
14544,CUST011942,6838.59
21984,CUST011943,19774.61
229164,CUST011944,206889.26
77040,CUST011945,20662.13
28188,CUST011946,13406.21
23556,CUST011947,21000.17
66612,CUST011948,13682.1
76464,CUST011949,5383.07
16020,CUST011950,15087.64
54360,CUST011951,17422.38
12252,CUST011952,2395.27
6456,CUST011953,122.66
54552,CUST011954,26108.59
73908,CUST011955,25579.56
49536,CUST011956,9822.99
3924,CUST011957,1890.19
23928,CUST011958,13990.7
7416,CUST011959,3605.66
138624,CUST011960,36347.21
24696,CUST011961,7564.38
56460,CUST011962,36823.21
15192,CUST011963,4110.96
17508,CUST011964,4690.39
13608,CUST011965,12232.23
66516,CUST011966,28568.62
3120,CUST011967,178.15
21204,CUST011968,5644.5
10764,CUST011969,6261.42
59376,CUST011970,55760
10368,CUST011971,4450.98
6720,CUST011972,6078.91
15576,CUST011973,12636.81
17256,CUST011974,8974.85
18504,CUST011975,3197.49
136536,CUST011976,41151.95
27456,CUST011977,23881.23
23604,CUST011978,1425.68
2544,CUST011979,45.79
8676,CUST011980,6081.88
16776,CUST011981,13459.38
11964,CUST011982,1489.52
55884,CUST011983,31563.28
5940,CUST011984,664.09
103368,CUST011985,26979.05
7608,CUST011986,7063.27
12336,CUST011987,3362.79
10536,CUST011988,808.11
112764,CUST011989,99863.8
47028,CUST011990,42593.26
5904,CUST011991,1314.82
50796,CUST011992,30492.84
17868,CUST011993,16267.03
14028,CUST011994,11114.38
62940,CUST011995,22828.34
13932,CUST011996,11637.4
11256,CUST011997,9672.28
15924,CUST011998,4633.88
63012,CUST011999,59010.74
15264,CUST012000,5824.74
20664,CUST012001,5666.07
29664,CUST012002,19136.25
5064,CUST012003,2863.19
1896,CUST012004,19.72
9588,CUST012005,1129.47
63108,CUST012006,55421.45
36984,CUST012007,2089.6
73140,CUST012008,33329.9
19860,CUST012009,6142.7
216744,CUST012010,171444.5
90876,CUST012011,10687.02
43032,CUST012012,38616.92
142308,CUST012013,40102.39
9024,CUST012014,3105.16
19104,CUST012015,9189.02
2424,CUST012016,434.62
32580,CUST012017,5391.99
27336,CUST012018,2400.1
49764,CUST012019,39796.27
12264,CUST012020,1109.89
89988,CUST012021,19716.37
8904,CUST012022,6017.32
54252,CUST012023,1535.33
177552,CUST012024,67309.96
40104,CUST012025,5738.88
23844,CUST012026,9230.01
17076,CUST012027,1560.75
74376,CUST012028,65450.88
10632,CUST012029,1105.73
22116,CUST012030,11575.51
4200,CUST012031,1675.38
15840,CUST012032,12051.07
34380,CUST012033,20603.93
86136,CUST012034,24789.94
16212,CUST012035,5134.34
11400,CUST012036,7924.14
82140,CUST012037,72348.91
76560,CUST012038,65160.22
12108,CUST012039,4242.64
21888,CUST012040,1578.12
46284,CUST012041,23840.89
15804,CUST012042,7298.29
181716,CUST012043,41958.22
18228,CUST012044,13177.02
30972,CUST012045,27230.58
75468,CUST012046,32413.51
20196,CUST012047,5652.86
84276,CUST012048,7222.45
41040,CUST012049,10067.11
22824,CUST012050,14367.71
83652,CUST012051,55904.63
90300,CUST012052,11531.31
3696,CUST012053,1641.39
22104,CUST012054,7950.81
17268,CUST012055,1913.29
30036,CUST012056,2024.43
23400,CUST012057,18605.34
44688,CUST012058,33708.16
10860,CUST012059,8942.12
37188,CUST012060,12993.49
18492,CUST012061,10982.4
14256,CUST012062,996.49
18732,CUST012063,17358.94
46332,CUST012064,43292.62
63744,CUST012065,20028.36
11364,CUST012066,1612.55
256548,CUST012067,132507.04
204888,CUST012068,121027.34
286692,CUST012069,70153.53
65640,CUST012070,4187.83
96024,CUST012071,86277.56
63072,CUST012072,36234.86
76668,CUST012073,35941.96
13824,CUST012074,5557.25
7836,CUST012075,4776.83
21624,CUST012076,16323.96
12324,CUST012077,3562.87
187956,CUST012078,143448.02
60708,CUST012079,7163.54
67272,CUST012080,61944.06
32892,CUST012081,8923.6
47280,CUST012082,6794.14
61080,CUST012083,1203.28
178416,CUST012084,81821.58
60948,CUST012085,10044.23
5748,CUST012086,5096.18
15336,CUST012087,4527.19
271788,CUST012088,52862.77
14748,CUST012089,1414.33
33744,CUST012090,31159.21
70596,CUST012091,56102.64
72840,CUST012092,21684.47
29112,CUST012093,579.33
15480,CUST012094,13150.26
12780,CUST012095,6750.4
56292,CUST012096,39984.21
9372,CUST012097,5142.42
28200,CUST012098,15436.68
15204,CUST012099,13788.51
21840,CUST012100,2832.65
180972,CUST012101,28720.26
23664,CUST012102,6564.39
18060,CUST012103,10122.63
7428,CUST012104,1933.51
17916,CUST012105,8033.53
5844,CUST012106,604.27
54036,CUST012107,18372.24
10032,CUST012108,9106.05
75276,CUST012109,13143.19
4968,CUST012110,2890.38
125952,CUST012111,47823.97
150960,CUST012112,93429.14
20100,CUST012113,18198.54
28260,CUST012114,3365.77
19068,CUST012115,14520.28
18672,CUST012116,1736.5
11676,CUST012117,10538.76
14640,CUST012118,8921.62
7620,CUST012119,2599.94
13956,CUST012120,10133.45
50532,CUST012121,33512.82
120564,CUST012122,29996.32
86748,CUST012123,79096.83
28428,CUST012124,20374.35
41232,CUST012125,35859.47
94464,CUST012126,45852.83
215100,CUST012127,188922.33
10056,CUST012128,5893.82
8496,CUST012129,861.49
27072,CUST012130,1913.99
10608,CUST012131,2764.44
17268,CUST012132,9949.82
30528,CUST012133,12296.68
44448,CUST012134,3453.61
27636,CUST012135,6104.79
108048,CUST012136,29648.37
24336,CUST012137,11428.19
18480,CUST012138,2152.92
12264,CUST012139,11535.52
53988,CUST012140,8076.6
39204,CUST012141,26066.74
4200,CUST012142,1858.5
7980,CUST012143,110.12
34116,CUST012144,13540.64
7608,CUST012145,5817.84
23868,CUST012146,2890.41
182220,CUST012147,142696.48
51756,CUST012148,48888.72
72108,CUST012149,55515.95
20808,CUST012150,3993.06
54648,CUST012151,38658
10680,CUST012152,4098.98
278844,CUST012153,262615.28
227052,CUST012154,204392.21
77508,CUST012155,59107.6
20208,CUST012156,2230.96
25188,CUST012157,2531.39
59556,CUST012158,43737.93
5712,CUST012159,3210.72
2820,CUST012160,948.08
17856,CUST012161,4392.58
14856,CUST012162,3881.87
60216,CUST012163,14379.58
20592,CUST012164,16667.16
18804,CUST012165,10400.49
21756,CUST012166,5745.76
77844,CUST012167,26856.18
30816,CUST012168,7891.98
35748,CUST012169,31351
3012,CUST012170,2853.87
20676,CUST012171,7488.85
1980,CUST012172,1841.4
15036,CUST012173,1819.36
14448,CUST012174,5163.72
140952,CUST012175,34392.29
233448,CUST012176,60953.27
45924,CUST012177,6117.08
208152,CUST012178,16110.96
22356,CUST012179,10934.32
90048,CUST012180,49292.28
57168,CUST012181,29887.43
204156,CUST012182,129067.42
11604,CUST012183,7367.38
257532,CUST012184,243290.48
4908,CUST012185,3535.72
6444,CUST012186,1852.01
270348,CUST012187,251585.85
74484,CUST012188,3113.43
20436,CUST012189,14607.65
71976,CUST012190,18015.59
91872,CUST012191,80571.74
6504,CUST012192,1657.87
56004,CUST012193,47222.57
2268,CUST012194,1114.5
6288,CUST012195,1868.79
22200,CUST012196,9479.4
277812,CUST012197,102095.91
54588,CUST012198,42807.91
173040,CUST012199,61619.54
282984,CUST012200,79207.22
14868,CUST012201,5446.15
21372,CUST012202,9643.05
15444,CUST012203,14318.13
3408,CUST012204,1842.02
127836,CUST012205,52642.86
3480,CUST012206,1525.63
1368,CUST012207,355.54
48252,CUST012208,22765.29
136140,CUST012209,46913.84
15396,CUST012210,10400
12372,CUST012211,9761.51
25872,CUST012212,20992.54
83988,CUST012213,49956.06
18072,CUST012214,1944.55
85248,CUST012215,65538.66
63168,CUST012216,16733.2
228324,CUST012217,133341.22
22452,CUST012218,16632.44
23628,CUST012219,1887.88
91776,CUST012220,35673.33
80532,CUST012221,58007.2
18144,CUST012222,13150.77
4380,CUST012223,3050.23
34440,CUST012224,12487.94
17388,CUST012225,10770.13
1992,CUST012226,25.7
26928,CUST012227,22708.38
95448,CUST012228,74735.78
97044,CUST012229,6045.84
15984,CUST012230,10485.5
85944,CUST012231,17695.87
94728,CUST012232,20053.92
189708,CUST012233,115247.61
67212,CUST012234,26656.28
5736,CUST012235,861.55
31332,CUST012236,16859.75
17544,CUST012237,14487.84
10284,CUST012238,8962.51
61824,CUST012239,42374.17
91128,CUST012240,84849.28
263496,CUST012241,160469.06
5124,CUST012242,689.18
244272,CUST012243,199887.78
35484,CUST012244,1270.33
3792,CUST012245,1388.63
11004,CUST012246,9619.7
22788,CUST012247,21368.31
229920,CUST012248,127858.51
27396,CUST012249,3123.14
13488,CUST012250,11869.44
270504,CUST012251,173420.11
49752,CUST012252,31114.9
44244,CUST012253,7764.82
19788,CUST012254,10833.93
59196,CUST012255,23631.04
20808,CUST012256,1240.16
4176,CUST012257,2729.85
21252,CUST012258,13635.28
172356,CUST012259,17132.19
85164,CUST012260,64929.03
5196,CUST012261,1172.74
5604,CUST012262,3271.62
17604,CUST012263,7052.16
76236,CUST012264,37348.02
11124,CUST012265,2451.73
6012,CUST012266,310.22
5700,CUST012267,3994.56
6984,CUST012268,5333.68
12480,CUST012269,3740.26
18132,CUST012270,6251.91
6360,CUST012271,955.27
22524,CUST012272,14264.45
1992,CUST012273,984.84
294996,CUST012274,54692.26
13272,CUST012275,1286.06
48456,CUST012276,3677.81
68664,CUST012277,35526.75
34524,CUST012278,11575.9
3564,CUST012279,312.56
18636,CUST012280,16118.28
150636,CUST012281,76402.58
9024,CUST012282,6213.02
95856,CUST012283,60063.37
22128,CUST012284,3640.06
81048,CUST012285,14240.13
94092,CUST012286,59691.96
65076,CUST012287,25919.77
20940,CUST012288,12907.42
239196,CUST012289,31430.35
2460,CUST012290,1006.39
65256,CUST012291,52707.27
7224,CUST012292,5547.31
74100,CUST012293,36605.4
74244,CUST012294,3905.23
7728,CUST012295,7122.12
5460,CUST012296,548.73
144372,CUST012297,107225.08
248748,CUST012298,85594.19
66804,CUST012299,7368.48
31668,CUST012300,23950.51
17784,CUST012301,14902.99
30876,CUST012302,4057.11
12036,CUST012303,10349.76
73080,CUST012304,48605.51
204792,CUST012305,116096.58
228720,CUST012306,203972.5
70092,CUST012307,35817.01
16272,CUST012308,5394.17
18408,CUST012309,351.59
14316,CUST012310,8702.7
238032,CUST012311,190616.03
9288,CUST012312,4245.54
279408,CUST012313,109583.82
19800,CUST012314,6431.04
189096,CUST012315,161563.62
30912,CUST012316,14831.58
12732,CUST012317,9529.9
5892,CUST012318,3176.97
31188,CUST012319,19183.74
4704,CUST012320,1239.97
18528,CUST012321,9641.97
70224,CUST012322,64058.33
23532,CUST012323,4727.58
10320,CUST012324,5989.73
80808,CUST012325,41163.6
180444,CUST012326,44335.09
87684,CUST012327,75241.64
11508,CUST012328,4455.9
50232,CUST012329,45731.21
55056,CUST012330,32516.07
12156,CUST012331,1013.81
57252,CUST012332,17433.23
22140,CUST012333,7941.62
1224,CUST012334,433.05
37608,CUST012335,10582.89
156816,CUST012336,120779.68
74844,CUST012337,9699.78
20748,CUST012338,3805.18
67116,CUST012339,6047.15
5052,CUST012340,4391.2
97212,CUST012341,70916.15
89628,CUST012342,33807.68
14832,CUST012343,10594.5
155340,CUST012344,117980.73
2076,CUST012345,1796.78
26568,CUST012346,10547.5
13704,CUST012347,1049.73
94164,CUST012348,34021.45
63192,CUST012349,33826.68
49812,CUST012350,45861.91
5592,CUST012351,4607.25
159384,CUST012352,139062.54
30504,CUST012353,28542.59
23544,CUST012354,16683.28
15072,CUST012355,11102.04
9624,CUST012356,3650.38
7200,CUST012357,6708.96
36600,CUST012358,8037.36
10092,CUST012359,6730.35
94224,CUST012360,9111.46
48480,CUST012361,11785.49
41208,CUST012362,15642.56
68520,CUST012363,14642.72
49020,CUST012364,23926.66
48744,CUST012365,11259.86
113220,CUST012366,43216.07
16044,CUST012367,3614.71
70728,CUST012368,37648.51
20148,CUST012369,8397.69
24564,CUST012370,6804.23
217860,CUST012371,160954.97
12444,CUST012372,10200.35
15516,CUST012373,5343.71
81576,CUST012374,10400.94
9240,CUST012375,6172.32
23676,CUST012376,9271.52
230532,CUST012377,91890.06
40812,CUST012378,31629.3
89868,CUST012379,14118.26
270744,CUST012380,143304.8
188748,CUST012381,113211.05
2556,CUST012382,1228.67
17316,CUST012383,1153.25
6912,CUST012384,1546.91
115380,CUST012385,74523.94
4260,CUST012386,381.27
201684,CUST012387,117722.95
16128,CUST012388,9391.33
10536,CUST012389,9232.7
13908,CUST012390,10796.78
12348,CUST012391,8069.42
22584,CUST012392,7773.41
86184,CUST012393,19589.62
12468,CUST012394,2533.5
53268,CUST012395,9859.91
176436,CUST012396,3934.52
10044,CUST012397,2203.65
6564,CUST012398,5294.52
65376,CUST012399,44076.5
272616,CUST012400,224717.37
94092,CUST012401,42077.94
14004,CUST012402,9311.26
196668,CUST012403,97685
5688,CUST012404,1232.59
80844,CUST012405,55895.54
85260,CUST012406,24657.19
17616,CUST012407,945.98
14520,CUST012408,1761.28
73080,CUST012409,57755.12
48252,CUST012410,35363.89
5568,CUST012411,5088.6
8832,CUST012412,3134.48
49128,CUST012413,13392.29
77592,CUST012414,18916.93
36024,CUST012415,4261.64
10668,CUST012416,4442.16
13056,CUST012417,1870.92
17448,CUST012418,15483.36
157320,CUST012419,88193.59
103224,CUST012420,22482.19
17712,CUST012421,2415.92
8100,CUST012422,1844.37
8676,CUST012423,7660.04
294336,CUST012424,121237
21624,CUST012425,15560.63
16956,CUST012426,2519.66
49284,CUST012427,32906.93
15780,CUST012428,7243.02
65928,CUST012429,55498.19
4008,CUST012430,2766.32
74784,CUST012431,32508.6
72312,CUST012432,30089.02
5064,CUST012433,2385.65
64596,CUST012434,50443.02
69192,CUST012435,65178.86
23244,CUST012436,3500.55
23940,CUST012437,19446.46
5592,CUST012438,2214.43
14100,CUST012439,336.99
57912,CUST012440,29042.87
39144,CUST012441,22304.25
27924,CUST012442,10052.64
12960,CUST012443,1122.34
15204,CUST012444,4451.73
30852,CUST012445,28868.22
36264,CUST012446,24460.07
277356,CUST012447,125448.12
12756,CUST012448,10965.06
69180,CUST012449,30162.48
70728,CUST012450,66470.17
54660,CUST012451,9161.02
91140,CUST012452,78708.5
56928,CUST012453,27712.55
42576,CUST012454,17094.26
50688,CUST012455,32790.07
160056,CUST012456,111703.08
3672,CUST012457,2436.74
77244,CUST012458,59524.23
11832,CUST012459,8800.64
76080,CUST012460,45016.54
70788,CUST012461,41205.69
95100,CUST012462,89603.22
19584,CUST012463,2479.33
11052,CUST012464,3551.01
96924,CUST012465,85089.58
56892,CUST012466,38618.29
9624,CUST012467,7398.93
20040,CUST012468,366.73
16632,CUST012469,9649.89
17400,CUST012470,7673.4
179460,CUST012471,89658.22
2736,CUST012472,303.15
52872,CUST012473,36640.3
164316,CUST012474,31712.99
23880,CUST012475,19815.62
8844,CUST012476,3342.15
89436,CUST012477,25068.91
94788,CUST012478,64427.4
260040,CUST012479,19997.08
22332,CUST012480,1942.88
20976,CUST012481,15776.05
10248,CUST012482,3223
7956,CUST012483,1925.35
16548,CUST012484,11730.88
14016,CUST012485,2444.39
219600,CUST012486,137623.32
236436,CUST012487,57264.8
87984,CUST012488,80311.8
1596,CUST012489,420.55
27516,CUST012490,13144.39
36324,CUST012491,28670.53
17868,CUST012492,8385.45
4620,CUST012493,1671.98
12720,CUST012494,9526.01
63708,CUST012495,38084.64
87144,CUST012496,63641.26
9096,CUST012497,740.41
57180,CUST012498,29739.32
20796,CUST012499,5392.4
3912,CUST012500,2705.54
19644,CUST012501,17583.34
93180,CUST012502,85352.88
89748,CUST012503,79642.38
10512,CUST012504,1434.89
93252,CUST012505,53079.04
5460,CUST012506,948.95
2784,CUST012507,73.78
86796,CUST012508,80485.93
90924,CUST012509,18284.82
13296,CUST012510,12051.49
16572,CUST012511,11529.14
112284,CUST012512,85032.67
22872,CUST012513,8222.48
52524,CUST012514,32212.97
280740,CUST012515,247921.49
48888,CUST012516,34294.93
45288,CUST012517,35967.73
17340,CUST012518,6896.12
4980,CUST012519,2843.08
15300,CUST012520,5532.48
5376,CUST012521,1888.05
12060,CUST012522,10468.08
29376,CUST012523,1562.8
20856,CUST012524,6794.88
22656,CUST012525,13958.36
48444,CUST012526,15259.86
2244,CUST012527,1271
56556,CUST012528,23838.35
4404,CUST012529,3698.04
153996,CUST012530,95646.92
56460,CUST012531,30714.24
22128,CUST012532,13464.89
16212,CUST012533,14866.4
23568,CUST012534,13839.13
16956,CUST012535,13695.36
33036,CUST012536,25302.27
4848,CUST012537,2536.96
42456,CUST012538,32041.54
1932,CUST012539,602.01
257028,CUST012540,178428.84
2088,CUST012541,1144.43
2220,CUST012542,64.38
8100,CUST012543,3896.91
52080,CUST012544,13072.08
19248,CUST012545,11327.45
86496,CUST012546,7205.12
8628,CUST012547,6711.72
3648,CUST012548,2851.64
76896,CUST012549,59963.5
1512,CUST012550,700.81
86544,CUST012551,74722.09
69072,CUST012552,64872.42
87144,CUST012553,78508.03
72708,CUST012554,21885.11
5052,CUST012555,3364.13
61500,CUST012556,42195.15
4752,CUST012557,3112.56
12960,CUST012558,11962.08
189132,CUST012559,100580.4
288180,CUST012560,185760.83
17484,CUST012561,6330.96
7752,CUST012562,3918.64
3996,CUST012563,573.03
18672,CUST012564,1938.15
8952,CUST012565,7423
22932,CUST012566,9356.26
71148,CUST012567,62005.48
12300,CUST012568,3892.95
83076,CUST012569,76288.69
8472,CUST012570,7022.44
81768,CUST012571,54997.16
21684,CUST012572,7086.33
278844,CUST012573,205758.99
255192,CUST012574,148317.59
35952,CUST012575,3789.34
8820,CUST012576,6959.86
32028,CUST012577,20770.16
86532,CUST012578,50110.68
21456,CUST012579,12626.86
21384,CUST012580,1819.78
23568,CUST012581,11475.26
15888,CUST012582,6102.58
20340,CUST012583,7594.96
233256,CUST012584,127567.71
16752,CUST012585,6384.19
1500,CUST012586,927.9
290136,CUST012587,25502.95
215460,CUST012588,146642.08
5904,CUST012589,2506.25
5700,CUST012590,470.82
73548,CUST012591,53513.52
22632,CUST012592,18076.18
285840,CUST012593,98471.88
8784,CUST012594,7086.93
30360,CUST012595,9177.83
23412,CUST012596,376.93
56724,CUST012597,39179.27
11412,CUST012598,10375.79
39708,CUST012599,10161.28
17964,CUST012600,9729.3
86700,CUST012601,6095.01
24144,CUST012602,1207.2
186492,CUST012603,176962.26
85320,CUST012604,34443.68
65808,CUST012605,22960.41
7680,CUST012606,4559.62
65508,CUST012607,42121.64
51480,CUST012608,34213.61
225504,CUST012609,180470.85
97860,CUST012610,9932.79
15432,CUST012611,4325.59
7980,CUST012612,6942.6
33912,CUST012613,7535.25
236652,CUST012614,132193.81
22416,CUST012615,351.93
126120,CUST012616,78333.13
9348,CUST012617,2905.36
20988,CUST012618,12170.94
25620,CUST012619,19509.63
186132,CUST012620,49343.59
273060,CUST012621,25995.31
21288,CUST012622,7587.04
85188,CUST012623,53532.14
21456,CUST012624,12427.32
17628,CUST012625,14738.77
32376,CUST012626,18755.42
58404,CUST012627,18753.52
13752,CUST012628,2434.1
9948,CUST012629,9075.56
54000,CUST012630,1252.8
12900,CUST012631,6670.59
9228,CUST012632,4802.25
9768,CUST012633,647.62
9252,CUST012634,2781.15
20040,CUST012635,15254.45
10752,CUST012636,3041.74
245784,CUST012637,11158.59
27564,CUST012638,3903.06
3204,CUST012639,1674.41
16956,CUST012640,2019.46
3792,CUST012641,139.17
7620,CUST012642,1701.55
1584,CUST012643,174.08
7728,CUST012644,1105.88
41772,CUST012645,19879.29
56028,CUST012646,35023.1
136476,CUST012647,61605.27
3636,CUST012648,1415.86
19524,CUST012649,2475.64
59076,CUST012650,6787.83
71844,CUST012651,27279.17
20892,CUST012652,8534.38
16116,CUST012653,15308.59
172896,CUST012654,92845.15
36612,CUST012655,2299.23
28668,CUST012656,26044.88
15780,CUST012657,13922.69
77172,CUST012658,19308.43
89784,CUST012659,82367.84
5316,CUST012660,1704.84
123996,CUST012661,39740.72
8160,CUST012662,4840.51
70572,CUST012663,46344.63
50412,CUST012664,42305.75
2148,CUST012665,1132.64
20904,CUST012666,18341.17
50952,CUST012667,36736.39
60276,CUST012668,46436.63
22752,CUST012669,12645.56
15660,CUST012670,9992.65
70608,CUST012671,7435.02
19092,CUST012672,12755.37
6120,CUST012673,4536.14
93972,CUST012674,62096.7
12360,CUST012675,7301.05
20292,CUST012676,11639.49
12720,CUST012677,1892.74
23628,CUST012678,14606.83
22656,CUST012679,16645.36
12000,CUST012680,2095.2
233856,CUST012681,143260.19
259656,CUST012682,75430.07
16032,CUST012683,11828.41
51396,CUST012684,9436.31
20340,CUST012685,7780.05
14856,CUST012686,8880.92
12312,CUST012687,1866.5
27876,CUST012688,25609.68
142656,CUST012689,111685.38
11232,CUST012690,10382.86
2652,CUST012691,1243.52
15288,CUST012692,8046.07
23736,CUST012693,17614.49
189384,CUST012694,56966.71
31884,CUST012695,17717.94
290016,CUST012696,73171.04
53244,CUST012697,43468.4
18480,CUST012698,14388.53
17916,CUST012699,13085.85
76812,CUST012700,13150.21
64476,CUST012701,57860.76
248796,CUST012702,158756.73
40980,CUST012703,2663.7
41364,CUST012704,31651.73
47136,CUST012705,17826.84
16440,CUST012706,15478.26
10428,CUST012707,3889.64
28452,CUST012708,19065.69
9000,CUST012709,6467.4
229068,CUST012710,56488.17
44736,CUST012711,23584.82
13896,CUST012712,6296.28
10524,CUST012713,6238.63
60120,CUST012714,6498.97
68364,CUST012715,23927.4
38820,CUST012716,10361.06
12780,CUST012717,11402.32
180672,CUST012718,99225.06
39504,CUST012719,34688.46
79956,CUST012720,54921.78
8988,CUST012721,4693.53
22512,CUST012722,6654.55
18672,CUST012723,4406.59
17760,CUST012724,13723.15
93600,CUST012725,1731.6
170280,CUST012726,155959.45
17556,CUST012727,15256.16
68400,CUST012728,48009.96
10632,CUST012729,5710.45
79044,CUST012730,74032.61
236124,CUST012731,196455.17
7668,CUST012732,3153.08
51924,CUST012733,48315.28
81708,CUST012734,14405.12
2052,CUST012735,1931.96
85368,CUST012736,11456.39
112872,CUST012737,59190.08
21024,CUST012738,4530.67
11088,CUST012739,623.15
54492,CUST012740,19388.25
5940,CUST012741,1423.82
21744,CUST012742,6025.26
16800,CUST012743,1249.92
10188,CUST012744,8225.79
68112,CUST012745,50430.12
205476,CUST012746,174634.05
136608,CUST012747,61938.07
36576,CUST012748,28222.04
20088,CUST012749,17593.07
41916,CUST012750,35037.58
1452,CUST012751,1127.19
74352,CUST012752,42499.6
68940,CUST012753,15077.18
8196,CUST012754,7481.31
11580,CUST012755,4516.2
14904,CUST012756,1772.09
96576,CUST012757,44038.66
82836,CUST012758,37847.77
14772,CUST012759,11587.16
15240,CUST012760,7769.35
175224,CUST012761,92185.35
35220,CUST012762,16634.41
17940,CUST012763,7219.06
11952,CUST012764,9455.23
12228,CUST012765,3659.84
40332,CUST012766,28631.69
71364,CUST012767,3032.97
23184,CUST012768,18528.65
14796,CUST012769,8444.08
56484,CUST012770,36951.83
22368,CUST012771,6735
55008,CUST012772,29753.83
61332,CUST012773,4054.05
12696,CUST012774,9745.45
13044,CUST012775,11789.17
70536,CUST012776,46744.21
57396,CUST012777,46146.38
17196,CUST012778,4194.1
76968,CUST012779,9467.06
48096,CUST012780,44825.47
12120,CUST012781,892.03
71940,CUST012782,740.98
157104,CUST012783,35175.59
50292,CUST012784,25452.78
15768,CUST012785,11179.51
173772,CUST012786,156638.08
64908,CUST012787,60883.7
10200,CUST012788,9148.38
1548,CUST012789,561.15
10008,CUST012790,7868.29
126684,CUST012791,6321.53
25344,CUST012792,9387.42
92196,CUST012793,32489.87
20220,CUST012794,13337.11
21864,CUST012795,16387.07
75816,CUST012796,70228.36
13716,CUST012797,2987.34
45996,CUST012798,2492.98
11124,CUST012799,3724.32
22884,CUST012800,3688.9
20676,CUST012801,14187.87
33876,CUST012802,9190.56
71220,CUST012803,26002.42
48780,CUST012804,30989.93
3624,CUST012805,108
5868,CUST012806,5002.47
87948,CUST012807,22400.36
96168,CUST012808,10395.76
91164,CUST012809,61098.11
69156,CUST012810,39266.78
16440,CUST012811,4371.4
155820,CUST012812,71568.13
43428,CUST012813,27077.36
127512,CUST012814,91375.1
210660,CUST012815,138445.75
10248,CUST012816,5534.94
84348,CUST012817,76621.72
257472,CUST012818,149127.78
62244,CUST012819,24766.89
49680,CUST012820,25297.06
122628,CUST012821,91357.86
18636,CUST012822,12579.3
29424,CUST012823,8535.9
94380,CUST012824,86168.94
23124,CUST012825,19461.16
23016,CUST012826,5537.65
23928,CUST012827,16455.29
11292,CUST012828,10336.7
35760,CUST012829,31751.3
2892,CUST012830,2688.4
14640,CUST012831,11915.5
13788,CUST012832,2898.24
4512,CUST012833,4244.89
34716,CUST012834,31737.37
21108,CUST012835,10444.24
49236,CUST012836,4702.04
276612,CUST012837,255478.84
7248,CUST012838,6392.74
95376,CUST012839,51388.59
67776,CUST012840,11094.93
210228,CUST012841,195448.97
34584,CUST012842,9354.97
5340,CUST012843,855.47
35748,CUST012844,27904.89
12996,CUST012845,2397.76
20748,CUST012846,14264.25
5628,CUST012847,267.89
194016,CUST012848,158161.84
3744,CUST012849,821.06
16512,CUST012850,1907.14
10320,CUST012851,137.26
23292,CUST012852,21836.25
106404,CUST012853,71343.88
5208,CUST012854,1398.35
2748,CUST012855,166.8
36876,CUST012856,32609.45
21048,CUST012857,19077.91
23220,CUST012858,7871.58
7704,CUST012859,2279.61
17448,CUST012860,8584.42
13248,CUST012861,9277.57
7284,CUST012862,682.51
43104,CUST012863,12965.68
14304,CUST012864,2779.27
22680,CUST012865,10253.63
12576,CUST012866,1096.63
88128,CUST012867,42839.02
66948,CUST012868,62188
296940,CUST012869,150637.66
273156,CUST012870,112349.06
188736,CUST012871,9701.03
10788,CUST012872,7267.88
46560,CUST012873,6872.26
5160,CUST012874,2820.97
162744,CUST012875,153451.32
73488,CUST012876,20664.83
87156,CUST012877,77656
82056,CUST012878,25027.08
59520,CUST012879,32926.46
98592,CUST012880,52283.34
59256,CUST012881,15477.67
95340,CUST012882,18438.76
22296,CUST012883,16169.06
10980,CUST012884,909.14
2868,CUST012885,501.04
47076,CUST012886,40744.28
23220,CUST012887,16449.05
93324,CUST012888,87724.56
95736,CUST012889,15949.62
18996,CUST012890,16391.65
286068,CUST012891,155792.63
9300,CUST012892,2923.92
251496,CUST012893,154141.9
33312,CUST012894,3417.81
7248,CUST012895,4537.25
21108,CUST012896,19284.27
32592,CUST012897,3686.16
52392,CUST012898,36485.79
6816,CUST012899,5644.33
19788,CUST012900,13046.23
44340,CUST012901,10739.15
11916,CUST012902,1158.24
18108,CUST012903,1932.12
4848,CUST012904,3279.19
88992,CUST012905,70472.76
164808,CUST012906,118266.22
242172,CUST012907,70665.79
7716,CUST012908,317.9
22128,CUST012909,1444.96
20556,CUST012910,2014.49
61944,CUST012911,24505.05
13644,CUST012912,1035.58
224256,CUST012913,86293.71
251808,CUST012914,189485.52
13080,CUST012915,12180.1
128436,CUST012916,97097.62
90684,CUST012917,52061.68
73728,CUST012918,1607.27
21612,CUST012919,13963.51
17040,CUST012920,3685.75
20928,CUST012921,2153.49
8748,CUST012922,6597.74
19092,CUST012923,10258.13
42000,CUST012924,8950.2
84156,CUST012925,43315.09
17400,CUST012926,4797.18
4140,CUST012927,2526.64
297024,CUST012928,103542.57
35280,CUST012929,7306.49
159840,CUST012930,138661.2
247284,CUST012931,65530.26
2304,CUST012932,250.44
88632,CUST012933,69115.23
74940,CUST012934,46635.16
94500,CUST012935,46597.95
6216,CUST012936,1846.15
33624,CUST012937,23600.69
17160,CUST012938,1616.47
6912,CUST012939,207.36
154044,CUST012940,145217.28
299868,CUST012941,50977.56
12516,CUST012942,9883.89
91020,CUST012943,16683.97
12504,CUST012944,9765.62
13428,CUST012945,7483.42
10896,CUST012946,8963.05
20316,CUST012947,2309.93
11940,CUST012948,1380.26
22728,CUST012949,843.21
147360,CUST012950,128438.98
10464,CUST012951,4041.2
115068,CUST012952,100477.38
4488,CUST012953,1152.97
165228,CUST012954,23495.42
8484,CUST012955,4501.61
88608,CUST012956,4200.02
181320,CUST012957,15103.96
12120,CUST012958,11196.46
15012,CUST012959,630.5
30348,CUST012960,11592.94
9816,CUST012961,2688.6
124908,CUST012962,7444.52
100032,CUST012963,72893.32
70044,CUST012964,28998.22
1872,CUST012965,170.91
6612,CUST012966,4186.72
230088,CUST012967,65851.19
53604,CUST012968,38948.67
53004,CUST012969,26417.19
73176,CUST012970,15015.72
12048,CUST012971,11375.72
83196,CUST012972,26032.03
72876,CUST012973,18160.7
22176,CUST012974,11766.59
169968,CUST012975,150914.59
84744,CUST012976,20050.43
5496,CUST012977,3538.32
23760,CUST012978,5626.37
5376,CUST012979,2997.12
14532,CUST012980,9910.82
17748,CUST012981,10989.56
13992,CUST012982,3040.46
12708,CUST012983,11787.94
4008,CUST012984,2342.28
239352,CUST012985,141696.38
17004,CUST012986,5293.35
15204,CUST012987,3717.38
7212,CUST012988,2018.64
22716,CUST012989,11003.63
2520,CUST012990,99.29
87528,CUST012991,63781.65
68436,CUST012992,60230.52
2820,CUST012993,943.57
44124,CUST012994,26099.35
11520,CUST012995,6870.53
8304,CUST012996,2331.76
73668,CUST012997,28376.91
32976,CUST012998,13497.08
285240,CUST012999,255004.56
11232,CUST013000,5463.24
10860,CUST013001,8501.21
14184,CUST013002,7249.44
45744,CUST013003,10580.59
63492,CUST013004,18488.87
1800,CUST013005,1017.36
144744,CUST013006,66596.71
206472,CUST013007,130159.95
23724,CUST013008,9890.54
74484,CUST013009,43424.17
14484,CUST013010,12841.51
18108,CUST013011,2859.25
11664,CUST013012,966.95
18804,CUST013013,878.15
98220,CUST013014,78379.56
5100,CUST013015,575.79
16944,CUST013016,1780.81
35928,CUST013017,22174.76
61476,CUST013018,54689.05
60048,CUST013019,25052.03
7728,CUST013020,3632.93
140880,CUST013021,42602.11
12624,CUST013022,6428.14
16644,CUST013023,5089.74
15948,CUST013024,11482.56
1212,CUST013025,532.07
7668,CUST013026,603.47
15684,CUST013027,4109.21
4212,CUST013028,2897.86
67056,CUST013029,9039.15
255924,CUST013030,101755.38
197112,CUST013031,182210.33
12300,CUST013032,5479.65
5076,CUST013033,3765.38
86364,CUST013034,56438.87
55020,CUST013035,27906.14
119964,CUST013036,110702.78
10812,CUST013037,3149.54
4080,CUST013038,3774.82
63828,CUST013039,60062.15
4776,CUST013040,3129.24
22884,CUST013041,17970.81
57036,CUST013042,16004.3
50148,CUST013043,3114.19
72480,CUST013044,63985.34
145236,CUST013045,88492.29
29628,CUST013046,25142.32
15840,CUST013047,633.6
11592,CUST013048,2726.44
18672,CUST013049,4539.16
7536,CUST013050,1838.78
25296,CUST013051,20148.26
57756,CUST013052,20353.21
51732,CUST013053,4433.43
15948,CUST013054,9512.98
199776,CUST013055,44090.56
8628,CUST013056,4480.52
53280,CUST013057,10235.09
12000,CUST013058,7640.4
57552,CUST013059,18831.01
202044,CUST013060,49884.66
22200,CUST013061,21074.46
260808,CUST013062,58081.94
140508,CUST013063,110902.96
9660,CUST013064,5347.78
41868,CUST013065,33364.61
20364,CUST013066,12035.12
20772,CUST013067,10481.55
209712,CUST013068,79355.02
285384,CUST013069,224939.67
240180,CUST013070,64992.71
19236,CUST013071,1748.55
23112,CUST013072,21692.92
40872,CUST013073,5313.36
12972,CUST013074,10314.04
7848,CUST013075,623.92
50520,CUST013076,36829.08
5628,CUST013077,4183.86
6336,CUST013078,5577.58
55152,CUST013079,41044.12
78120,CUST013080,51152.98
21960,CUST013081,8784
15264,CUST013082,7862.49
84780,CUST013083,56895.86
17256,CUST013084,14755.61
14820,CUST013085,8376.26
57840,CUST013086,5969.09
17436,CUST013087,8419.84
9756,CUST013088,772.68
44940,CUST013089,39048.37
35940,CUST013090,5858.22
18708,CUST013091,8055.66
44544,CUST013092,31960.32
194184,CUST013093,64624.44
21108,CUST013094,6463.27
5844,CUST013095,2146.5
19380,CUST013096,8823.71
43344,CUST013097,5396.33
4308,CUST013098,3968.96
29952,CUST013099,23299.66
77892,CUST013100,18141.05
36396,CUST013101,18703.9
14076,CUST013102,2519.6
16380,CUST013103,339.07
79620,CUST013104,35184.08
63252,CUST013105,12125.41
12456,CUST013106,1386.35
16584,CUST013107,14955.45
40212,CUST013108,28369.57
20412,CUST013109,15568.23
5772,CUST013110,5201.15
20172,CUST013111,2412.57
36456,CUST013112,23503.18
17940,CUST013113,15702.88
54684,CUST013114,28747.38
11988,CUST013115,10931.86
49404,CUST013116,39177.37
25920,CUST013117,17820
16776,CUST013118,11114.1
94008,CUST013119,43309.49
87516,CUST013120,59195.82
93684,CUST013121,65363.33
17124,CUST013122,8745.23
91728,CUST013123,21308.41
89484,CUST013124,29127.04
10992,CUST013125,1165.15
21312,CUST013126,19930.98
9096,CUST013127,3363.7
68496,CUST013128,8527.75
52596,CUST013129,31909.99
18252,CUST013130,12144.88
56436,CUST013131,11038.88
253740,CUST013132,17990.17
23784,CUST013133,5272.91
3096,CUST013134,2447.7
50160,CUST013135,43634.18
8196,CUST013136,2276.85
261060,CUST013137,13522.91
82668,CUST013138,50245.61
178944,CUST013139,49370.65
45204,CUST013140,42437.52
14328,CUST013141,3984.62
28956,CUST013142,14003.12
22284,CUST013143,2061.27
4608,CUST013144,368.64
90756,CUST013145,46929.93
18900,CUST013146,16900.38
15936,CUST013147,1203.17
62016,CUST013148,29135.12
165552,CUST013149,76385.69
21780,CUST013150,17177.89
20364,CUST013151,15106.02
89688,CUST013152,2134.57
62856,CUST013153,26525.23
26952,CUST013154,6247.47
15960,CUST013155,7035.17
10992,CUST013156,2531.46
244920,CUST013157,173305.39
19656,CUST013158,10606.38
13140,CUST013159,11167.69
7704,CUST013160,2135.55
13668,CUST013161,269.26
12300,CUST013162,11343.06
4488,CUST013163,3846.66
3648,CUST013164,93.39
7920,CUST013165,2497.97
37140,CUST013166,31936.69
42768,CUST013167,39068.57
154128,CUST013168,14164.36
12852,CUST013169,4912.03
167676,CUST013170,144687.62
14628,CUST013171,1514
4152,CUST013172,3459.86
20052,CUST013173,15480.14
33528,CUST013174,17726.25
298344,CUST013175,234140.37
10296,CUST013176,6324.83
240756,CUST013177,30624.16
8748,CUST013178,4018.83
10728,CUST013179,4094.88
55632,CUST013180,934.62
16908,CUST013181,12792.59
15420,CUST013182,9810.2
14988,CUST013183,11665.16
57756,CUST013184,5250.02
21252,CUST013185,1959.43
42204,CUST013186,37439.17
3336,CUST013187,1394.45
69756,CUST013188,50126.66
157848,CUST013189,3725.21
9024,CUST013190,4622.09
283584,CUST013191,234438.89
49752,CUST013192,3830.9
3960,CUST013193,2094.84
18840,CUST013194,16473.7
50100,CUST013195,4353.69
24636,CUST013196,20770.61
78600,CUST013197,24028.02
82740,CUST013198,25401.18
6552,CUST013199,1166.26
2508,CUST013200,487.3
12984,CUST013201,2146.26
18828,CUST013202,13492.14
59568,CUST013203,40029.7
9432,CUST013204,8859.48
226524,CUST013205,54343.11
15540,CUST013206,4402.48
17304,CUST013207,6506.3
18624,CUST013208,9298.96
13548,CUST013209,7860.55
9372,CUST013210,7889.35
7704,CUST013211,7256.4
15564,CUST013212,11560.94
17760,CUST013213,13556.21
63228,CUST013214,16243.27
75144,CUST013215,60663.75
264972,CUST013216,226551.06
20280,CUST013217,17118.35
49740,CUST013218,34892.61
5784,CUST013219,507.26
9924,CUST013220,927.89
6768,CUST013221,4669.92
22104,CUST013222,3521.17
41808,CUST013223,1141.36
83496,CUST013224,29156.8
194640,CUST013225,119041.82
90960,CUST013226,61361.62
23460,CUST013227,4243.91
24288,CUST013228,1906.61
7956,CUST013229,1156.01
15024,CUST013230,13363.85
20664,CUST013231,17287.5
5856,CUST013232,4838.23
104100,CUST013233,79417.89
22320,CUST013234,11139.91
22044,CUST013235,1199.19
22848,CUST013236,4092.08
70452,CUST013237,8651.51
23988,CUST013238,2209.29
47268,CUST013239,36642.15
8208,CUST013240,7551.36
22488,CUST013241,9771.04
4188,CUST013242,3628.06
90576,CUST013243,3269.79
190980,CUST013244,46599.12
47112,CUST013245,2303.78
108852,CUST013246,74237.06
100008,CUST013247,41333.31
17760,CUST013248,15538.22
39312,CUST013249,12430.45
222336,CUST013250,165751.49
31668,CUST013251,22107.43
20664,CUST013252,14006.06
45828,CUST013253,4431.57
129492,CUST013254,41838.87
8412,CUST013255,7282.27
16200,CUST013256,6816.96
93888,CUST013257,37508.26
35760,CUST013258,20057.78
11076,CUST013259,3597.48
289608,CUST013260,92964.17
6876,CUST013261,1164.79
20040,CUST013262,18791.51
85092,CUST013263,30428.9
81612,CUST013264,52150.07
218076,CUST013265,112156.49
94596,CUST013266,54610.27
7236,CUST013267,6817.76
47832,CUST013268,34549.05
21288,CUST013269,3125.08
78552,CUST013270,66227.19
87720,CUST013271,5684.26
86736,CUST013272,70316.88
65628,CUST013273,3694.86
12240,CUST013274,4965.77
79284,CUST013275,29343.01
161640,CUST013276,8938.69
30564,CUST013277,8191.15
7356,CUST013278,3886.17
13128,CUST013279,498.86
186528,CUST013280,140231.75
5508,CUST013281,2216.97
135012,CUST013282,39909.55
145560,CUST013283,61338.98
11664,CUST013284,5714.19
78168,CUST013285,45884.62
79140,CUST013286,69112.96
77712,CUST013287,39656.43
50448,CUST013288,30157.81
9876,CUST013289,2830.46
159528,CUST013290,35191.88
43872,CUST013291,28222.86
5664,CUST013292,4103
7080,CUST013293,75.05
85104,CUST013294,44696.62
93696,CUST013295,4759.76
8112,CUST013296,756.85
11028,CUST013297,273.49
1644,CUST013298,259.92
155856,CUST013299,129500.75
82800,CUST013300,39321.72
23304,CUST013301,1848.01
6288,CUST013302,399.29
114888,CUST013303,14039.31
11232,CUST013304,549.24
93804,CUST013305,73260.92
83040,CUST013306,37110.58
91776,CUST013307,41895.74
53328,CUST013308,21805.82
78312,CUST013309,31872.98
83448,CUST013310,68202.05
126936,CUST013311,15435.42
14376,CUST013312,11093.96
14616,CUST013313,6815.44
27324,CUST013314,7328.3
6792,CUST013315,260.81
21912,CUST013316,8021.98
23760,CUST013317,9998.21
23100,CUST013318,713.79
1608,CUST013319,507.16
13608,CUST013320,7674.91
4764,CUST013321,3066.11
19152,CUST013322,7842.74
153396,CUST013323,143686.03
193776,CUST013324,135081.25
50928,CUST013325,7730.87
3660,CUST013326,999.55
176400,CUST013327,44805.6
86160,CUST013328,22901.33
17040,CUST013329,11072.59
15660,CUST013330,1736.69
52116,CUST013331,32687.16
9048,CUST013332,3602.01
1860,CUST013333,1740.77
9996,CUST013334,3292.68
27600,CUST013335,10570.8
4980,CUST013336,911.34
74148,CUST013337,57457.29
186852,CUST013338,105328.47
151320,CUST013339,60043.78
113472,CUST013340,61422.39
11676,CUST013341,10806.14
21528,CUST013342,16014.68
14112,CUST013343,3434.86
85812,CUST013344,56704.57
204384,CUST013345,29226.91
263856,CUST013346,143036.34
65856,CUST013347,50715.71
262116,CUST013348,146994.65
86928,CUST013349,15203.71
20940,CUST013350,14050.74
17616,CUST013351,7832.07
24912,CUST013352,18761.23
17400,CUST013353,6970.44
139476,CUST013354,30963.67
14712,CUST013355,13177.54
81456,CUST013356,36630.76
20016,CUST013357,7117.69
55920,CUST013358,22121.95
7284,CUST013359,4642.09
23292,CUST013360,15962.01
27660,CUST013361,9365.68
20688,CUST013362,8194.52
56160,CUST013363,46068.05
7824,CUST013364,5650.49
68916,CUST013365,22618.23
21180,CUST013366,5940.99
29160,CUST013367,2531.09
226380,CUST013368,18155.68
178368,CUST013369,49407.94
7560,CUST013370,6487.99
20160,CUST013371,17377.92
44892,CUST013372,24964.44
10260,CUST013373,7583.17
287460,CUST013374,17621.3
15384,CUST013375,9227.32
192168,CUST013376,166821.04
14088,CUST013377,12538.32
22800,CUST013378,20235
28020,CUST013379,10986.64
8772,CUST013380,7315.85
11928,CUST013381,5525.05
56076,CUST013382,28267.91
255276,CUST013383,79977.97
11988,CUST013384,11199.19
198804,CUST013385,40595.78
199176,CUST013386,134085.28
18108,CUST013387,4809.48
2388,CUST013388,1851.66
8892,CUST013389,5847.38
64380,CUST013390,46649.75
7632,CUST013391,6114
40884,CUST013392,16508.96
69480,CUST013393,17529.8
262740,CUST013394,67419.08
68424,CUST013395,35169.94
263280,CUST013396,95728.61
59256,CUST013397,53881.48
3876,CUST013398,1403.5
19440,CUST013399,9698.62
8124,CUST013400,2284.47
23376,CUST013401,4838.83
2388,CUST013402,1192.09
78672,CUST013403,37243.32
28512,CUST013404,24132.56
11892,CUST013405,1882.5
16536,CUST013406,14505.38
1980,CUST013407,724.09
47400,CUST013408,31696.38
86136,CUST013409,6020.91
142152,CUST013410,73890.61
20904,CUST013411,4638.6
17088,CUST013412,5664.67
70920,CUST013413,36318.13
5232,CUST013414,3979.46
5172,CUST013415,4860.65
20160,CUST013416,5162.98
265692,CUST013417,212261.34
174564,CUST013418,127030.22
48204,CUST013419,14547.97
18768,CUST013420,2297.2
16656,CUST013421,8717.75
1932,CUST013422,683.35
82032,CUST013423,36996.43
4512,CUST013424,355.55
19272,CUST013425,6286.53
11868,CUST013426,4344.87
93024,CUST013427,66698.21
39672,CUST013428,2451.73
78648,CUST013429,72301.11
182568,CUST013430,84967.15
170724,CUST013431,19513.75
7428,CUST013432,2338.33
17976,CUST013433,10156.44
23196,CUST013434,10769.9
163260,CUST013435,57532.82
250116,CUST013436,216350.34
22104,CUST013437,6564.89
17100,CUST013438,928.53
41100,CUST013439,31827.84
6300,CUST013440,3693.06
75288,CUST013441,7159.89
24516,CUST013442,18269.32
18360,CUST013443,4753.4
18840,CUST013444,7611.36
22644,CUST013445,16509.74
8172,CUST013446,4292.75
223380,CUST013447,9292.61
4320,CUST013448,1871.42
41460,CUST013449,8652.7
8184,CUST013450,5729.62
10188,CUST013451,8752.51
12360,CUST013452,6193.6
10008,CUST013453,3902.12
83820,CUST013454,66050.16
30084,CUST013455,7454.82
48384,CUST013456,28174
137856,CUST013457,7692.36
45132,CUST013458,5582.83
24060,CUST013459,13622.77
128172,CUST013460,24442.4
1584,CUST013461,1236.15
14988,CUST013462,7900.17
10620,CUST013463,4674.92
22944,CUST013464,16728.47
26856,CUST013465,17088.47
8964,CUST013466,7017.02
20844,CUST013467,14803.41
52080,CUST013468,29518.94
29016,CUST013469,2460.56
95664,CUST013470,89952.86
10260,CUST013471,7147.12
285720,CUST013472,197861.1
43692,CUST013473,15056.26
18288,CUST013474,8717.89
23808,CUST013475,18253.59
68736,CUST013476,20902.62
20388,CUST013477,3151.98
50544,CUST013478,46768.36
91896,CUST013479,8390.1
60864,CUST013480,20243.37
87996,CUST013481,8254.02
253992,CUST013482,229964.36
14400,CUST013483,12601.44
47532,CUST013484,16736.02
3780,CUST013485,656.21
2952,CUST013486,2602.19
251220,CUST013487,170000.57
214656,CUST013488,202935.78
276828,CUST013489,228549.2
2880,CUST013490,2102.98
56088,CUST013491,24168.32
161568,CUST013492,97102.37
17760,CUST013493,14090.78
5808,CUST013494,2874.38
13956,CUST013495,8232.64
3804,CUST013496,2158.01
8496,CUST013497,4886.05
13272,CUST013498,6525.84
20316,CUST013499,15214.65
9144,CUST013500,631.85
168588,CUST013501,85659.56
91452,CUST013502,38812.23
4068,CUST013503,3106.73
142848,CUST013504,22655.69
98988,CUST013505,7899.24
15492,CUST013506,3567.81
16548,CUST013507,1451.26
280524,CUST013508,190924.63
85620,CUST013509,16361.98
12552,CUST013510,1515.03
1512,CUST013511,914.76
5388,CUST013512,4144.45
13572,CUST013513,10434.15
134616,CUST013514,12963.52
62688,CUST013515,46746.44
52692,CUST013516,2339.52
62640,CUST013517,26715.96
8556,CUST013518,392.72
1932,CUST013519,1617.08
253116,CUST013520,115193.09
18588,CUST013521,16835.15
11148,CUST013522,117.05
62124,CUST013523,55023.23
173172,CUST013524,109462.02
21648,CUST013525,6479.25
11088,CUST013526,5239.08
22392,CUST013527,5074.03
14256,CUST013528,1686.48
178356,CUST013529,161019.8
13296,CUST013530,949.33
5532,CUST013531,5178.51
85272,CUST013532,78220.01
51948,CUST013533,6124.67
12036,CUST013534,7783.68
72840,CUST013535,22849.91
11016,CUST013536,10179.89
76620,CUST013537,34578.61
15528,CUST013538,4917.72
135096,CUST013539,64049.01
16872,CUST013540,5010.98
3024,CUST013541,2622.72
18240,CUST013542,7627.97
23640,CUST013543,2233.98
271008,CUST013544,161602.07
180768,CUST013545,104755.06
89124,CUST013546,81245.44
10620,CUST013547,2534.99
7860,CUST013548,269.6
4344,CUST013549,699.82
81156,CUST013550,64032.08
145044,CUST013551,60280.29
32616,CUST013552,23825.99
41376,CUST013553,5126.49
6372,CUST013554,152.29
276552,CUST013555,68031.79
88536,CUST013556,8995.26
58212,CUST013557,8976.29
8616,CUST013558,2793.31
2988,CUST013559,2525.16
69768,CUST013560,34646.79
88920,CUST013561,82002.02
48648,CUST013562,45626.96
72972,CUST013563,44709.94
46092,CUST013564,25239.98
6252,CUST013565,2961.57
15156,CUST013566,9865.04
14496,CUST013567,3339.88
90576,CUST013568,56320.16
173268,CUST013569,118151.45
79776,CUST013570,4451.5
51948,CUST013571,47064.89
287376,CUST013572,37502.57
18852,CUST013573,5005.21
12216,CUST013574,7445.65
3288,CUST013575,1551.61
12180,CUST013576,11493.05
6432,CUST013577,3663.67
13812,CUST013578,11307.88
80340,CUST013579,67083.9
30288,CUST013580,17046.09
186252,CUST013581,66138.09
47844,CUST013582,18884.03
87144,CUST013583,10143.56
12804,CUST013584,4605.6
14112,CUST013585,10780.16
89028,CUST013586,54983.69
73608,CUST013587,30665.09
190608,CUST013588,29029.6
16464,CUST013589,9738.46
5004,CUST013590,4150.82
21696,CUST013591,12110.71
14472,CUST013592,981.2
18756,CUST013593,6142.59
38544,CUST013594,24799.21
13332,CUST013595,6659.33
20508,CUST013596,5978.08
117552,CUST013597,64583.07
22032,CUST013598,6860.76
69660,CUST013599,62422.33
175308,CUST013600,46456.62
21384,CUST013601,8660.52
207600,CUST013602,50405.28
58416,CUST013603,52609.45
19692,CUST013604,15631.51
7728,CUST013605,2688.57
258816,CUST013606,217612.49
16488,CUST013607,13937.31
13812,CUST013608,9477.79
7092,CUST013609,981.53
47136,CUST013610,27494.43
203940,CUST013611,70461.27
29976,CUST013612,27607.9
23940,CUST013613,16592.81
40044,CUST013614,35527.04
164568,CUST013615,102706.89
72732,CUST013616,44271.97
192516,CUST013617,15170.26
94104,CUST013618,34235.04
51468,CUST013619,10154.64
36588,CUST013620,23043.12
23412,CUST013621,11907.34
94620,CUST013622,7607.45
216900,CUST013623,98732.88
70896,CUST013624,30464.01
85428,CUST013625,65378.05
231456,CUST013626,22682.69
3564,CUST013627,640.09
53268,CUST013628,45656
6636,CUST013629,3428.16
15984,CUST013630,7172.02
21660,CUST013631,16613.22
48744,CUST013632,12351.73
60348,CUST013633,3192.41
161724,CUST013634,74522.42
42564,CUST013635,21694.87
287040,CUST013636,199751.14
55536,CUST013637,14006.18
19764,CUST013638,17313.26
20112,CUST013639,5737.95
82008,CUST013640,48852.17
3756,CUST013641,2974
9900,CUST013642,4356.99
51948,CUST013643,10607.78
3384,CUST013644,2488.26
21432,CUST013645,4462.14
8748,CUST013646,1586.89
3228,CUST013647,1631.11
56436,CUST013648,44646.52
5340,CUST013649,768.43
188076,CUST013650,114237.36
81732,CUST013651,49872.87
15396,CUST013652,3020.7
4428,CUST013653,3015.91
165552,CUST013654,97659.12
39384,CUST013655,19873.17
17628,CUST013656,16039.72
55296,CUST013657,21012.48
95424,CUST013658,40545.66
13476,CUST013659,2259.93
15084,CUST013660,9198.22
7668,CUST013661,4360.02
5772,CUST013662,368.25
66996,CUST013663,34402.45
23352,CUST013664,19982.31
10980,CUST013665,8123
143568,CUST013666,17371.73
3408,CUST013667,2510.67
25296,CUST013668,4505.22
61272,CUST013669,1862.67
7944,CUST013670,1347.3
94692,CUST013671,64684.11
16104,CUST013672,13491.93
9324,CUST013673,4973.42
12456,CUST013674,11829.46
89520,CUST013675,76271.04
62664,CUST013676,47668.5
126420,CUST013677,87255.08
3684,CUST013678,415.19
12996,CUST013679,5667.56
167820,CUST013680,133433.68
12576,CUST013681,6821.22
23436,CUST013682,10536.83
83676,CUST013683,4309.31
5544,CUST013684,877.62
21336,CUST013685,13187.78
75036,CUST013686,17858.57
45012,CUST013687,31733.46
22368,CUST013688,7182.36
90000,CUST013689,32544
88752,CUST013690,71099.23
20460,CUST013691,15154.72
206268,CUST013692,70811.8
67860,CUST013693,32545.66
4356,CUST013694,3043.1
18612,CUST013695,4649.28
237084,CUST013696,187533.44
17508,CUST013697,6698.56
15444,CUST013698,7782.23
46296,CUST013699,32786.83
14412,CUST013700,8729.35
55572,CUST013701,17744.14
20688,CUST013702,889.58
57912,CUST013703,1082.95
52164,CUST013704,20803
74892,CUST013705,41340.38
78072,CUST013706,52378.5
53364,CUST013707,549.65
262536,CUST013708,118298.72
19704,CUST013709,9838.21
76944,CUST013710,37610.23
30924,CUST013711,22450.82
7728,CUST013712,5758.13
63420,CUST013713,24866.98
249504,CUST013714,41692.12
79476,CUST013715,24510.4
11364,CUST013716,2713.72
272100,CUST013717,212591.73
14004,CUST013718,11903.4
14472,CUST013719,9046.45
79848,CUST013720,71967
26352,CUST013721,9929.43
160404,CUST013722,38914.01
17028,CUST013723,6405.93
1800,CUST013724,1491.12
93348,CUST013725,68013.35
274524,CUST013726,184754.65
12540,CUST013727,6387.88
277728,CUST013728,111757.75
11856,CUST013729,8339.51
48636,CUST013730,42279.27
34752,CUST013731,23468.03
15828,CUST013732,8447.4
202812,CUST013733,168496.21
14136,CUST013734,12073.56
10416,CUST013735,6567.29
43596,CUST013736,17839.48
2976,CUST013737,875.84
42912,CUST013738,21061.21
1656,CUST013739,685.58
11160,CUST013740,10187.96
260124,CUST013741,54183.83
194448,CUST013742,164678.01
18540,CUST013743,8129.79
12696,CUST013744,10362.48
28332,CUST013745,1045.45
34848,CUST013746,25742.22
42300,CUST013747,2326.5
53172,CUST013748,7545.11
19068,CUST013749,9837.18
26868,CUST013750,7845.46
199968,CUST013751,16877.3
114408,CUST013752,18740.03
11856,CUST013753,3006.68
182412,CUST013754,159774.67
19140,CUST013755,11899.34
10992,CUST013756,8555.07
68928,CUST013757,18259.03
47100,CUST013758,32998.26
100440,CUST013759,93308.76
12192,CUST013760,7522.46
20184,CUST013761,823.51
19908,CUST013762,1538.89
7524,CUST013763,1258.77
3336,CUST013764,1329.4
20832,CUST013765,9861.87
287472,CUST013766,126688.91
22584,CUST013767,15381.96
54300,CUST013768,46551.39
10044,CUST013769,8006.07
163680,CUST013770,93985.06
51744,CUST013771,43035.48
20868,CUST013772,15498.66
57360,CUST013773,27687.67
50052,CUST013774,30186.36
10140,CUST013775,151.09
165312,CUST013776,84457.9
38316,CUST013777,23897.69
69120,CUST013778,65069.57
12528,CUST013779,9934.7
13644,CUST013780,9271.1
265368,CUST013781,246845.31
236940,CUST013782,40256.11
68136,CUST013783,5021.62
129672,CUST013784,9245.61
2832,CUST013785,1659.55
25116,CUST013786,14562.26
19092,CUST013787,1527.36
16416,CUST013788,6037.8
8280,CUST013789,6824.38
56052,CUST013790,16636.23
71940,CUST013791,22287.01
23820,CUST013792,20146.96
23964,CUST013793,20736.05
15192,CUST013794,5058.94
89244,CUST013795,66201.2
22920,CUST013796,12461.6
10428,CUST013797,5695.77
4488,CUST013798,1152.07
234384,CUST013799,219570.93
1656,CUST013800,821.54
77988,CUST013801,16681.63
2184,CUST013802,666.99
18792,CUST013803,7851.3
27348,CUST013804,5034.77
48528,CUST013805,21206.74
10872,CUST013806,4617.34
8736,CUST013807,3378.21
5880,CUST013808,4428.82
22944,CUST013809,4320.36
53592,CUST013810,10552.26
131352,CUST013811,67856.44
9264,CUST013812,7351.91
21072,CUST013813,10472.78
22404,CUST013814,11228.88
16044,CUST013815,11813.2
10344,CUST013816,7372.17
1248,CUST013817,171.72
126516,CUST013818,31325.36
63300,CUST013819,765.93
18492,CUST013820,16733.41
16596,CUST013821,1769.13
65016,CUST013822,24836.11
17664,CUST013823,7982.36
22800,CUST013824,16659.96
14880,CUST013825,8963.71
18768,CUST013826,3809.9
5868,CUST013827,4090.58
7188,CUST013828,6586.36
23760,CUST013829,7814.66
22080,CUST013830,14056.13
57732,CUST013831,13007.02
5736,CUST013832,5402.74
23628,CUST013833,7716.9
62028,CUST013834,33476.51
59244,CUST013835,42626.06
49728,CUST013836,34570.91
8892,CUST013837,6513.39
20880,CUST013838,17570.52
11472,CUST013839,8241.48
25164,CUST013840,5291.99
10236,CUST013841,4252.03
17988,CUST013842,7860.76
42132,CUST013843,9239.55
246504,CUST013844,203834.16
51708,CUST013845,39520.42
2052,CUST013846,1650.22
14544,CUST013847,7165.83
21996,CUST013848,7852.57
5904,CUST013849,860.21
23580,CUST013850,4741.94
19656,CUST013851,6350.85
6696,CUST013852,6052.51
3612,CUST013853,332.3
176604,CUST013854,4362.12
61764,CUST013855,47675.63
52188,CUST013856,34809.4
236808,CUST013857,222078.54
234492,CUST013858,78273.43
1692,CUST013859,885.42
22860,CUST013860,18976.09
228192,CUST013861,108916.04
17568,CUST013862,13128.57
196920,CUST013863,54645.3
85740,CUST013864,29194.47
21216,CUST013865,6366.92
57564,CUST013866,20354.63
20988,CUST013867,6800.11
54912,CUST013868,13612.68
17424,CUST013869,15578.8
12156,CUST013870,7103.97
19596,CUST013871,12713.88
6084,CUST013872,2597.87
20688,CUST013873,16637.29
7056,CUST013874,3131.45
8892,CUST013875,7010.45
73284,CUST013876,66234.08
69468,CUST013877,17026.61
26736,CUST013878,9563.47
40500,CUST013879,498.15
87168,CUST013880,69080.64
61440,CUST013881,34369.54
23580,CUST013882,20726.82
15192,CUST013883,2564.41
68748,CUST013884,19771.92
11568,CUST013885,126.09
261576,CUST013886,65289.37
9396,CUST013887,2930.61
56136,CUST013888,29533.15
3732,CUST013889,1864.88
14160,CUST013890,1887.53
163188,CUST013891,78085.46
17364,CUST013892,14347.87
5220,CUST013893,1662.05
4260,CUST013894,3345.38
7680,CUST013895,1473.79
4536,CUST013896,3949.95
47412,CUST013897,19571.67
66240,CUST013898,50084.06
25356,CUST013899,17280.11
38088,CUST013900,26749.2
296352,CUST013901,186849.94
71064,CUST013902,53319.32
37500,CUST013903,25886.25
200304,CUST013904,127513.53
14172,CUST013905,11127.85
20148,CUST013906,5486.3
143652,CUST013907,34907.44
12648,CUST013908,6730
13404,CUST013909,5106.92
245940,CUST013910,203613.73
7932,CUST013911,3071.27
6756,CUST013912,3682.7
35688,CUST013913,32740.17
6216,CUST013914,101.32
6240,CUST013915,4777.97
7800,CUST013916,6434.22
23772,CUST013917,22053.28
21672,CUST013918,14695.78
89340,CUST013919,72472.61
62412,CUST013920,48955.97
18792,CUST013921,9724.86
9456,CUST013922,2355.49
62436,CUST013923,19954.55
64296,CUST013924,13945.8
47952,CUST013925,11062.53
47208,CUST013926,41396.7
13956,CUST013927,10381.87
182436,CUST013928,33312.81
223164,CUST013929,181030.64
75552,CUST013930,60275.39
197832,CUST013931,10860.98
13308,CUST013932,12155.53
21168,CUST013933,12643.65
3840,CUST013934,210.05
11316,CUST013935,1344.34
233076,CUST013936,95887.47
17148,CUST013937,14172.82
14280,CUST013938,4822.36
6144,CUST013939,1572.86
243660,CUST013940,125484.9
22164,CUST013941,7365.1
20796,CUST013942,8168.67
14352,CUST013943,11534.7
9360,CUST013944,1319.76
67992,CUST013945,6799.2
70872,CUST013946,19255.92
15504,CUST013947,5945.78
11388,CUST013948,10532.76
21036,CUST013949,7427.81
18144,CUST013950,11472.45
30624,CUST013951,28155.71
65820,CUST013952,39643.39
21036,CUST013953,13982.63
167664,CUST013954,123015.08
12288,CUST013955,2338.41
55692,CUST013956,4360.68
17568,CUST013957,13601.15
236520,CUST013958,20553.59
95172,CUST013959,58920.99
87792,CUST013960,12106.52
11376,CUST013961,439.11
12288,CUST013962,6313.57
9108,CUST013963,6621.52
21984,CUST013964,18813.91
80904,CUST013965,54577.84
85656,CUST013966,50931.06
27852,CUST013967,738.08
3768,CUST013968,742.67
157176,CUST013969,113936.88
41772,CUST013970,20764.86
12144,CUST013971,2222.35
76212,CUST013972,17140.08
49572,CUST013973,8764.33
210408,CUST013974,125171.72
20436,CUST013975,11339.94
3228,CUST013976,437.72
72708,CUST013977,54138.38
153684,CUST013978,7146.31
52848,CUST013979,23369.39
20964,CUST013980,8976.78
14088,CUST013981,10928.06
6648,CUST013982,575.72
20376,CUST013983,8614.97
10056,CUST013984,3479.38
91188,CUST013985,24392.79
103428,CUST013986,72161.72
17712,CUST013987,2304.33
101328,CUST013988,95643.5
13284,CUST013989,5111.68
78636,CUST013990,25666.79
192708,CUST013991,86872.77
68820,CUST013992,19971.56
16968,CUST013993,15717.46
70980,CUST013994,34872.47
64200,CUST013995,43238.7
41196,CUST013996,12383.52
206316,CUST013997,84610.19
130236,CUST013998,117798.46
16140,CUST013999,11302.84
17448,CUST014000,11419.72
12780,CUST014001,2049.91
13368,CUST014002,7336.36
17508,CUST014003,9217.96
78840,CUST014004,69063.84
13128,CUST014005,9935.27
5124,CUST014006,1172.37
37956,CUST014007,24808.04
294768,CUST014008,48607.24
283740,CUST014009,11009.11
20364,CUST014010,15108.05
125580,CUST014011,26271.34
7728,CUST014012,4844.68
37140,CUST014013,17975.76
10164,CUST014014,5781.28
50148,CUST014015,39075.32
2232,CUST014016,853.29
15096,CUST014017,8681.71
17616,CUST014018,9551.4
137628,CUST014019,84627.46
52728,CUST014020,49179.41
44868,CUST014021,771.73
22080,CUST014022,8564.83
46992,CUST014023,11921.87
2952,CUST014024,699.62
11508,CUST014025,7093.53
62844,CUST014026,27230.31
41520,CUST014027,31135.85
19476,CUST014028,10885.14
20340,CUST014029,10654.09
55668,CUST014030,41862.34
20148,CUST014031,17019.02
21108,CUST014032,13272.71
10920,CUST014033,226.04
18156,CUST014034,7932.36
12168,CUST014035,2395.88
12384,CUST014036,6413.67
10128,CUST014037,140.78
256692,CUST014038,29442.57
25524,CUST014039,9221.82
36036,CUST014040,15852.24
20676,CUST014041,8661.18
99552,CUST014042,34733.69
94236,CUST014043,30786.9
11796,CUST014044,10143.38
49872,CUST014045,27688.93
42516,CUST014046,11509.08
21012,CUST014047,18568.3
168444,CUST014048,97545.92
258672,CUST014049,201220.95
21516,CUST014050,4262.32
7680,CUST014051,3020.54
12324,CUST014052,11054.63
60804,CUST014053,46977.17
3888,CUST014054,3576.57
4008,CUST014055,3509.4
58632,CUST014056,9205.22
77784,CUST014057,9839.68
6372,CUST014058,4812.77
61956,CUST014059,10662.63
21492,CUST014060,7866.07
106272,CUST014061,87196.18
15084,CUST014062,13463.98
20868,CUST014063,5815.91
70380,CUST014064,32994.14
10248,CUST014065,9396.39
2868,CUST014066,1403.89
13152,CUST014067,644.45
28356,CUST014068,689.05
11280,CUST014069,8023.46
28416,CUST014070,10494.03
3888,CUST014071,2998.43
6804,CUST014072,398.03
23172,CUST014073,12714.48
79608,CUST014074,40631.92
9396,CUST014075,2237.19
3204,CUST014076,50.94
57708,CUST014077,41809.45
199608,CUST014078,38125.13
126312,CUST014079,71783.11
21912,CUST014080,11751.41
227952,CUST014081,75976.4
13824,CUST014082,4961.43
291240,CUST014083,241933.07
2796,CUST014084,2043.32
7092,CUST014085,6266.49
82824,CUST014086,29949.16
12396,CUST014087,6841.35
140328,CUST014088,75117.58
80520,CUST014089,23825.87
93588,CUST014090,24482.62
50448,CUST014091,46593.77
16140,CUST014092,7861.79
109272,CUST014093,72611.24
18936,CUST014094,3951.94
12252,CUST014095,8928.03
238620,CUST014096,199963.56
233856,CUST014097,154695.74
34824,CUST014098,22799.27
14532,CUST014099,12700.97
6036,CUST014100,2686.02
9408,CUST014101,7175.48
103596,CUST014102,32518.78
9108,CUST014103,8348.39
253992,CUST014104,25703.99
16560,CUST014105,6672.02
81456,CUST014106,66329.62
48276,CUST014107,1568.97
86664,CUST014108,51799.07
174540,CUST014109,31347.38
20484,CUST014110,16792.78
10284,CUST014111,8740.37
71280,CUST014112,39182.62
15564,CUST014113,10776.51
20748,CUST014114,3052.03
33036,CUST014115,15189.95
10956,CUST014116,7270.4
4764,CUST014117,3579.19
203412,CUST014118,127539.32
11496,CUST014119,1157.65
18864,CUST014120,8373.73
20256,CUST014121,15905.01
9456,CUST014122,286.52
9408,CUST014123,5424.65
46044,CUST014124,40067.49
77244,CUST014125,66514.81
22056,CUST014126,20622.36
75492,CUST014127,32355.87
15684,CUST014128,1137.09
80076,CUST014129,28819.35
84240,CUST014130,46862.71
159744,CUST014131,99792.08
20364,CUST014132,11135.04
64092,CUST014133,52927.17
284616,CUST014134,252568.24
75120,CUST014135,24917.3
23016,CUST014136,3095.65
12228,CUST014137,10216.49
15444,CUST014138,6855.59
1452,CUST014139,678.52
1620,CUST014140,1117.96
232344,CUST014141,198654.12
13896,CUST014142,4985.88
40332,CUST014143,16689.38
37704,CUST014144,20744.74
3804,CUST014145,1319.23
109428,CUST014146,15495
80868,CUST014147,63626.94
7620,CUST014148,970.03
16332,CUST014149,1749.16
44172,CUST014150,4187.51
36252,CUST014151,14160.03
4200,CUST014152,3719.1
59016,CUST014153,19764.46
17052,CUST014154,7560.86
50304,CUST014155,39372.94
66708,CUST014156,51772.08
207144,CUST014157,110242.04
55512,CUST014158,18157.98
19932,CUST014159,11223.71
60672,CUST014160,44581.79
4608,CUST014161,2820.56
79176,CUST014162,14679.23
23928,CUST014163,3400.17
19524,CUST014164,13411.04
12960,CUST014165,3837.46
15828,CUST014166,6777.55
22500,CUST014167,7434
83340,CUST014168,33252.66
12936,CUST014169,2047.77
3276,CUST014170,2056.02
22944,CUST014171,14523.55
288324,CUST014172,12542.09
132912,CUST014173,114742.93
10896,CUST014174,7589.06
7572,CUST014175,1762
23880,CUST014176,3811.25
4104,CUST014177,1120.39
21660,CUST014178,15315.79
4212,CUST014179,187.43
17916,CUST014180,10475.49
56076,CUST014181,15718.1
293868,CUST014182,45226.29
116172,CUST014183,52893.11
295308,CUST014184,279922.45
19572,CUST014185,14645.73
9348,CUST014186,8436.57
154284,CUST014187,95501.8
19176,CUST014188,16255.5
68160,CUST014189,29560.99
53496,CUST014190,33584.79
236856,CUST014191,183255.49
44772,CUST014192,22735.22
6720,CUST014193,4108.61
266844,CUST014194,107831.66
6372,CUST014195,5711.86
89880,CUST014196,38702.33
27144,CUST014197,14619.76
101964,CUST014198,26469.85
49440,CUST014199,25837.34
4536,CUST014200,3343.94
117096,CUST014201,85644.01
82356,CUST014202,13531.09
44472,CUST014203,11327.02
81636,CUST014204,28123.6
87792,CUST014205,22378.18
41652,CUST014206,27656.93
12528,CUST014207,5266.77
68136,CUST014208,23302.51
57984,CUST014209,47001.83
61176,CUST014210,5983.01
13416,CUST014211,7382.82
22356,CUST014212,2114.88
75996,CUST014213,20868.5
16908,CUST014214,11832.22
90444,CUST014215,61465.74
10656,CUST014216,5048.81
5556,CUST014217,1776.81
78552,CUST014218,38828.25
17256,CUST014219,629.84
3852,CUST014220,1231.87
22872,CUST014221,19878.06
7320,CUST014222,6700
21528,CUST014223,16163.22
6720,CUST014224,399.84
14184,CUST014225,3164.45
8100,CUST014226,5621.4
91104,CUST014227,54416.42
16164,CUST014228,9809.93
91092,CUST014229,16032.19
34980,CUST014230,11438.46
10488,CUST014231,9316.49
4728,CUST014232,4162.06
228300,CUST014233,77325.21
36996,CUST014234,30662.28
249456,CUST014235,93022.14
60516,CUST014236,22875.05
277764,CUST014237,248820.99
45996,CUST014238,23471.76
83412,CUST014239,10426.5
102816,CUST014240,44930.59
260064,CUST014241,222874.85
212820,CUST014242,29284.03
11592,CUST014243,5965.24
22920,CUST014244,5278.48
212016,CUST014245,121866.8
93612,CUST014246,61287.78
86664,CUST014247,60136.15
66324,CUST014248,54127.02
9684,CUST014249,4997.91
290100,CUST014250,267298.14
245220,CUST014251,86955.01
295416,CUST014252,35184.05
13776,CUST014253,6584.93
294804,CUST014254,5218.03
95388,CUST014255,18581.58
91968,CUST014256,36161.82
79080,CUST014257,59847.74
21360,CUST014258,13371.36
4260,CUST014259,177.64
137460,CUST014260,113033.36
40512,CUST014261,19940.01
78144,CUST014262,17605.84
41844,CUST014263,19009.73
19992,CUST014264,4216.31
21288,CUST014265,20074.58
215964,CUST014266,159964.53
11820,CUST014267,6050.66
19560,CUST014268,7155.05
228432,CUST014269,192956.51
41448,CUST014270,17698.3
13152,CUST014271,9157.74
16092,CUST014272,4080.93
90936,CUST014273,63764.32
21012,CUST014274,16273.79
16368,CUST014275,1260.34
68856,CUST014276,9811.98
35820,CUST014277,22337.35
50052,CUST014278,43284.97
52320,CUST014279,43702.9
6000,CUST014280,5475
7476,CUST014281,4636.62
56976,CUST014282,10739.98
22500,CUST014283,14530.5
58524,CUST014284,25013.16
8880,CUST014285,3168.38
14976,CUST014286,12467.52
32136,CUST014287,18738.5
2688,CUST014288,1752.84
8028,CUST014289,5664.56
5244,CUST014290,182.49
15288,CUST014291,6139.66
124476,CUST014292,99991.57
22296,CUST014293,9944.02
92928,CUST014294,74649.06
226992,CUST014295,20474.68
83868,CUST014296,47427.35
18108,CUST014297,2294.28
15540,CUST014298,13322.44
20544,CUST014299,6559.7
3864,CUST014300,1551.78
233244,CUST014301,65285
75396,CUST014302,34855.57
88128,CUST014303,41376.1
56964,CUST014304,33853.71
18012,CUST014305,15846.96
17112,CUST014306,10440.03
7524,CUST014307,6938.63
8184,CUST014308,3377.54
109392,CUST014309,59257.65
267636,CUST014310,249088.83
6300,CUST014311,5820.57
7860,CUST014312,3099.98
3504,CUST014313,2147.95
257712,CUST014314,117052.79
30192,CUST014315,3266.77
21480,CUST014316,3795.52
66612,CUST014317,35604.11
93012,CUST014318,41604.27
16944,CUST014319,6382.8
36840,CUST014320,13225.56
7920,CUST014321,1988.71
76572,CUST014322,46685.95
19128,CUST014323,3290.02
15744,CUST014324,3970.64
15156,CUST014325,6673.19
102732,CUST014326,62348.05
5652,CUST014327,3800.97
39084,CUST014328,12022.24
15864,CUST014329,7784.46
128952,CUST014330,79924.45
46908,CUST014331,15648.51
177684,CUST014332,40316.5
91500,CUST014333,82075.5
10908,CUST014334,4833.33
66480,CUST014335,59539.49
127356,CUST014336,70720.79
45588,CUST014337,5042.03
37668,CUST014338,28130.46
8136,CUST014339,370.19
1656,CUST014340,679.29
58740,CUST014341,24077.53
13632,CUST014342,462.12
6060,CUST014343,5430.97
1332,CUST014344,695.84
1716,CUST014345,879.62
21420,CUST014346,432.68
13008,CUST014347,2466.32
3948,CUST014348,1429.97
275628,CUST014349,45671.56
3108,CUST014350,513.75
20400,CUST014351,2631.6
3672,CUST014352,1340.28
6420,CUST014353,433.99
38052,CUST014354,5513.73
3276,CUST014355,1140.7
11880,CUST014356,9076.32
23880,CUST014357,15650.95
22116,CUST014358,4876.58
2004,CUST014359,1601.6
9180,CUST014360,1758.89
27264,CUST014361,2295.63
61536,CUST014362,37580.04
13272,CUST014363,11497.53
7608,CUST014364,5228.98
11112,CUST014365,5472.66
1836,CUST014366,369.4
3888,CUST014367,1623.63
29760,CUST014368,20126.69
137616,CUST014369,28183.76
73836,CUST014370,13128.04
5916,CUST014371,1204.5
17220,CUST014372,13462.6
56784,CUST014373,25274.56
16320,CUST014374,5016.77
11736,CUST014375,2400.01
3204,CUST014376,1017.59
54144,CUST014377,33163.2
73716,CUST014378,44642.41
21660,CUST014379,8603.35
18312,CUST014380,3880.31
64428,CUST014381,53720.07
220020,CUST014382,56171.11
156708,CUST014383,54753.78
13032,CUST014384,9887.38
1920,CUST014385,593.47
3576,CUST014386,3005.99
58284,CUST014387,20113.81
19308,CUST014388,4176.32
50604,CUST014389,12225.93
66036,CUST014390,52511.83
74532,CUST014391,33472.32
61764,CUST014392,56514.06
7404,CUST014393,5949.85
237396,CUST014394,110531.58
59784,CUST014395,4154.99
134340,CUST014396,58639.41
15888,CUST014397,5114.35
43152,CUST014398,22426.09
20760,CUST014399,6622.44
90048,CUST014400,62286.2
4848,CUST014401,1860.66
19104,CUST014402,1046.9
22416,CUST014403,14917.85
16392,CUST014404,395.05
134496,CUST014405,111066.8
23628,CUST014406,18656.67
58464,CUST014407,36680.31
23172,CUST014408,21807.17
15036,CUST014409,7923.97
5676,CUST014410,4682.13
5304,CUST014411,4895.06
208248,CUST014412,58517.69
19440,CUST014413,5911.7
15036,CUST014414,1622.38
19536,CUST014415,18053.22
8484,CUST014416,4668.75
219816,CUST014417,161740.61
19296,CUST014418,1263.89
10680,CUST014419,2084.74
39120,CUST014420,6130.1
66480,CUST014421,43763.78
44280,CUST014422,38953.12
17808,CUST014423,1524.36
15576,CUST014424,5865.92
3552,CUST014425,1031.86
8436,CUST014426,6083.2
67680,CUST014427,14199.26
15336,CUST014428,11942.14
93684,CUST014429,13115.76
95160,CUST014430,33306
10368,CUST014431,5225.47
71580,CUST014432,25775.96
69012,CUST014433,50841.14
2880,CUST014434,1325.09
60912,CUST014435,8454.59
2736,CUST014436,1908.09
20088,CUST014437,12625.31
286584,CUST014438,78667.31
6384,CUST014439,1700.7
27288,CUST014440,12197.74
3300,CUST014441,1715.34
61392,CUST014442,44742.49
10956,CUST014443,4854.6
14376,CUST014444,11000.52
237552,CUST014445,158114.61
1212,CUST014446,896.88
232944,CUST014447,34219.47
208848,CUST014448,89178.1
32100,CUST014449,4911.3
83556,CUST014450,27088.86
18216,CUST014451,8446.76
40644,CUST014452,36323.54
20964,CUST014453,14075.23
13128,CUST014454,1663.32
6900,CUST014455,6503.94
17640,CUST014456,16641.58
114444,CUST014457,103835.04
77880,CUST014458,66330.4
88404,CUST014459,21517.53
276996,CUST014460,173399.5
16560,CUST014461,6090.77
5112,CUST014462,3723.07
14916,CUST014463,11179.54
3936,CUST014464,3283.02
55008,CUST014465,28378.63
210084,CUST014466,58592.43
97848,CUST014467,14236.88
176352,CUST014468,91826.49
40104,CUST014469,17685.86
7512,CUST014470,5477
112956,CUST014471,73342.33
22584,CUST014472,6964.91
7788,CUST014473,6771.67
8280,CUST014474,4322.16
54960,CUST014475,21395.93
2040,CUST014476,643.42
15720,CUST014477,10758.77
4452,CUST014478,1689.09
23508,CUST014479,16622.51
16776,CUST014480,4709.02
13512,CUST014481,7931.54
24264,CUST014482,17703.01
17388,CUST014483,3359.36
15636,CUST014484,1208.66
59328,CUST014485,51300.92
57216,CUST014486,13411.43
6588,CUST014487,5459.48
19140,CUST014488,12199.84
176364,CUST014489,119080.97
12852,CUST014490,10088.82
17856,CUST014491,3215.87
24468,CUST014492,5637.43
15780,CUST014493,8991.44
48480,CUST014494,11155.25
171948,CUST014495,147153.1
287448,CUST014496,24778.02
58008,CUST014497,12361.5
92172,CUST014498,76180.16
84144,CUST014499,12394.41
12672,CUST014500,6076.22
176508,CUST014501,8578.29
33384,CUST014502,23465.61
253368,CUST014503,50597.59
29868,CUST014504,6397.73
69168,CUST014505,23925.21
22644,CUST014506,21278.57
23568,CUST014507,11649.66
79764,CUST014508,24407.78
54876,CUST014509,47747.61
20328,CUST014510,11430.43
84708,CUST014511,17331.26
190056,CUST014512,13855.08
84612,CUST014513,13495.61
20244,CUST014514,7053.01
95376,CUST014515,66210.02
32160,CUST014516,14565.26
18624,CUST014517,3164.22
17988,CUST014518,5916.25
17304,CUST014519,14355.4
23160,CUST014520,14954.41
44136,CUST014521,10274.86
266292,CUST014522,115277.81
15996,CUST014523,5577.81
14352,CUST014524,12181.98
22548,CUST014525,15619
71772,CUST014526,35713.75
15336,CUST014527,8098.94
12168,CUST014528,1272.77
139092,CUST014529,71382.01
89844,CUST014530,1239.85
31428,CUST014531,1417.4
219672,CUST014532,83804.87
2520,CUST014533,721.48
233232,CUST014534,128254.28
7644,CUST014535,1200.87
28644,CUST014536,24825.75
6036,CUST014537,2048.01
216072,CUST014538,191850.33
33720,CUST014539,17622.07
15744,CUST014540,10520.14
85092,CUST014541,79288.73
67272,CUST014542,28718.42
23160,CUST014543,16186.52
8268,CUST014544,6476.32
9096,CUST014545,7499.65
138624,CUST014546,125537.89
1944,CUST014547,58.71
91812,CUST014548,35880.13
15648,CUST014549,7969.53
7632,CUST014550,715.88
194436,CUST014551,56950.3
6240,CUST014552,1660.46
3564,CUST014553,1128.36
4188,CUST014554,2969.71
21852,CUST014555,18425.61
87684,CUST014556,25551.12
15036,CUST014557,11711.54
46632,CUST014558,15216.02
14472,CUST014559,2107.12
57876,CUST014560,53118.59
35376,CUST014561,2101.33
53232,CUST014562,12860.85
61872,CUST014563,16853.93
13116,CUST014564,11551.26
66192,CUST014565,23312.82
9324,CUST014566,8023.3
2232,CUST014567,305.56
5484,CUST014568,2730.48
71340,CUST014569,8325.38
18084,CUST014570,16255.71
10332,CUST014571,2911.56
8280,CUST014572,3706.13
21744,CUST014573,7414.7
10296,CUST014574,5228.31
50160,CUST014575,40449.02
47040,CUST014576,21059.81
13512,CUST014577,5902.04
284556,CUST014578,126485.14
55800,CUST014579,33680.88
210408,CUST014580,193617.44
191532,CUST014581,57517.06
17496,CUST014582,16537.22
226272,CUST014583,143524.33
10284,CUST014584,998.58
134364,CUST014585,115082.77
52332,CUST014586,638.45
23472,CUST014587,4344.67
13536,CUST014588,4503.43
18168,CUST014589,6416.94
16776,CUST014590,13806.65
2652,CUST014591,2092.69
80016,CUST014592,64948.99
18024,CUST014593,12380.69
16428,CUST014594,7804.94
6504,CUST014595,1658.52
12408,CUST014596,6182.91
8580,CUST014597,7689.4
4260,CUST014598,3261.03
12660,CUST014599,4505.69
217404,CUST014600,8391.79
64488,CUST014601,51551.71
45564,CUST014602,21483.43
83544,CUST014603,19616.13
60816,CUST014604,900.08
192660,CUST014605,92765.79
16368,CUST014606,14395.66
21540,CUST014607,16893.82
13992,CUST014608,4525.01
255684,CUST014609,153001.31
51816,CUST014610,21892.26
95904,CUST014611,15162.42
4860,CUST014612,972
1200,CUST014613,391.32
19488,CUST014614,14586.77
42684,CUST014615,17863.25
58020,CUST014616,17493.03
234876,CUST014617,190742.8
13608,CUST014618,691.29
11856,CUST014619,3991.92
28080,CUST014620,20605.1
139176,CUST014621,68544.18
5460,CUST014622,1868.41
8616,CUST014623,7439.92
88392,CUST014624,28559.46
246804,CUST014625,162915.32
11568,CUST014626,7189.51
2796,CUST014627,1234.71
233652,CUST014628,16308.91
1596,CUST014629,994.79
20400,CUST014630,16809.6
18792,CUST014631,7490.49
9024,CUST014632,5872.82
22284,CUST014633,4394.4
74100,CUST014634,42148.08
12432,CUST014635,8177.77
11280,CUST014636,9278.93
4728,CUST014637,3132.3
66948,CUST014638,55238.79
10080,CUST014639,9370.37
78624,CUST014640,69802.39
107736,CUST014641,60773.88
12624,CUST014642,10581.44
3624,CUST014643,1677.19
38064,CUST014644,9188.65
6768,CUST014645,1378.64
6084,CUST014646,5513.32
277608,CUST014647,246349.34
56100,CUST014648,27163.62
15684,CUST014649,14791.58
10668,CUST014650,5884.47
113856,CUST014651,29067.44
274020,CUST014652,163754.35
234492,CUST014653,95789.98
10104,CUST014654,1514.59
21372,CUST014655,9298.96
14400,CUST014656,1671.84
3876,CUST014657,121.32
21036,CUST014658,11754.92
23784,CUST014659,12707.79
2148,CUST014660,1517.78
5556,CUST014661,850.62
20424,CUST014662,9864.79
69480,CUST014663,23942.81
16332,CUST014664,3988.27
1236,CUST014665,1051.71
70644,CUST014666,50242.01
13152,CUST014667,5947.33
23388,CUST014668,1980.96
11220,CUST014669,2425.76
119904,CUST014670,50443.61
90768,CUST014671,84096.55
7056,CUST014672,5576.36
202968,CUST014673,57683.51
110904,CUST014674,76579.21
65640,CUST014675,56863.93
21624,CUST014676,8878.81
44832,CUST014677,7594.54
176484,CUST014678,28413.92
36108,CUST014679,6336.95
12612,CUST014680,6728.5
12888,CUST014681,11231.89
5100,CUST014682,3157.41
57012,CUST014683,4703.49
257388,CUST014684,104551.01
23088,CUST014685,1302.16
17112,CUST014686,13212.18
22404,CUST014687,15393.79
11184,CUST014688,8623.98
22668,CUST014689,7430.57
152124,CUST014690,6054.54
18264,CUST014691,11785.76
19752,CUST014692,10138.7
71592,CUST014693,22100.45
21276,CUST014694,4378.6
21300,CUST014695,11048.31
11904,CUST014696,138.09
68052,CUST014697,62832.41
94488,CUST014698,44815.66
273984,CUST014699,62550.55
89976,CUST014700,66060.38
16404,CUST014701,12193.09
15324,CUST014702,9670.98
15048,CUST014703,156.5
21744,CUST014704,2544.05
20760,CUST014705,8930.95
18708,CUST014706,9146.34
10932,CUST014707,9857.38
36396,CUST014708,6336.54
59760,CUST014709,37893.82
17748,CUST014710,9450.81
287880,CUST014711,45197.16
17964,CUST014712,15258.62
42684,CUST014713,2932.39
174288,CUST014714,76285.86
67800,CUST014715,57046.92
66432,CUST014716,56965.44
231864,CUST014717,25435.48
1356,CUST014718,535.21
84420,CUST014719,38537.73
18840,CUST014720,11767.46
284268,CUST014721,201261.74
221232,CUST014722,99156.18
3732,CUST014723,3431.57
22956,CUST014724,8128.72
23364,CUST014725,17852.43
43572,CUST014726,22544.15
12708,CUST014727,1887.14
20100,CUST014728,1324.59
18948,CUST014729,3918.45
17976,CUST014730,12304.57
188064,CUST014731,47730.64
8028,CUST014732,4308.63
22908,CUST014733,21402.94
5172,CUST014734,3584.2
12780,CUST014735,7182.36
6564,CUST014736,3386.37
63720,CUST014737,48229.67
275208,CUST014738,18686.62
85164,CUST014739,46967.95
19524,CUST014740,5718.58
9792,CUST014741,2966.98
12300,CUST014742,10836.3
18096,CUST014743,6824
1344,CUST014744,871.58
3456,CUST014745,1704.84
17676,CUST014746,7066.86
288564,CUST014747,146330.8
22572,CUST014748,7735.42
8112,CUST014749,1748.14
91092,CUST014750,1293.51
224052,CUST014751,55632.11
1212,CUST014752,1049.35
75552,CUST014753,43759.72
6840,CUST014754,2017.12
14004,CUST014755,1610.46
19836,CUST014756,5383.49
53952,CUST014757,47645.01
288168,CUST014758,164659.2
13224,CUST014759,1150.49
9792,CUST014760,295.72
123816,CUST014761,45737.63
18636,CUST014762,13710.51
38484,CUST014763,29878.98
6000,CUST014764,4960.2
23916,CUST014765,5168.25
95316,CUST014766,80646.87
73140,CUST014767,11124.59
58908,CUST014768,11899.42
19008,CUST014769,1457.91
61596,CUST014770,16008.8
91308,CUST014771,75338.23
21168,CUST014772,9235.6
10980,CUST014773,6345.34
31176,CUST014774,5371.62
276456,CUST014775,70330.41
2400,CUST014776,114.96
3420,CUST014777,583.11
1788,CUST014778,1366.93
71568,CUST014779,11250.49
15480,CUST014780,12723.01
80892,CUST014781,8315.7
48924,CUST014782,20254.54
7536,CUST014783,6802.75
22032,CUST014784,7592.23
94716,CUST014785,1676.47
79356,CUST014786,4745.49
193884,CUST014787,180564.17
109572,CUST014788,50041.53
20076,CUST014789,1369.18
19596,CUST014790,15343.67
85236,CUST014791,71802.81
110436,CUST014792,96841.33
14832,CUST014793,6566.13
14124,CUST014794,8208.87
85188,CUST014795,35208.2
32748,CUST014796,8730.62
20292,CUST014797,10117.59
37164,CUST014798,29846.41
233820,CUST014799,137205.58
42816,CUST014800,4324.42
25404,CUST014801,20267.31
20376,CUST014802,2502.17
84744,CUST014803,5025.32
46872,CUST014804,3665.39
3696,CUST014805,719.98
52416,CUST014806,25060.09
48288,CUST014807,26795.01
21228,CUST014808,16112.05
15024,CUST014809,8314.28
42792,CUST014810,29218.38
110076,CUST014811,104076.86
299916,CUST014812,98852.31
226296,CUST014813,112061.78
59892,CUST014814,39301.13
2052,CUST014815,785.71
5904,CUST014816,4691.32
86136,CUST014817,79219.28
293376,CUST014818,154814.52
146664,CUST014819,55761.65
4176,CUST014820,1698.8
157032,CUST014821,76898.57
211356,CUST014822,163948.85
21348,CUST014823,16901.21
12516,CUST014824,2219.09
55308,CUST014825,29617.43
79824,CUST014826,55174.35
183204,CUST014827,54723.03
5496,CUST014828,4809
49248,CUST014829,18320.26
6012,CUST014830,1861.32
11676,CUST014831,6343.57
80076,CUST014832,9464.98
19776,CUST014833,12644.77
17112,CUST014834,10104.64
82656,CUST014835,59256.09
52668,CUST014836,42561.01
56268,CUST014837,25421.88
67092,CUST014838,22650.26
10716,CUST014839,5529.46
87696,CUST014840,49802.56
15600,CUST014841,5101.2
219264,CUST014842,115398.64
23580,CUST014843,2362.72
13800,CUST014844,8005.38
16584,CUST014845,14967.06
271368,CUST014846,251259.63
7380,CUST014847,6521.71
2892,CUST014848,42.51
4632,CUST014849,1563.76
8940,CUST014850,8194.4
15276,CUST014851,4692.79
217656,CUST014852,66820.39
21924,CUST014853,11626.3
11196,CUST014854,1407.34
44544,CUST014855,28686.34
151896,CUST014856,136858.3
59220,CUST014857,16575.68
7140,CUST014858,4082.65
5964,CUST014859,4511.77
60936,CUST014860,46146.83
21552,CUST014861,13198.44
3684,CUST014862,2593.9
8100,CUST014863,3785.94
70560,CUST014864,34101.65
10800,CUST014865,3910.68
21024,CUST014866,9216.92
284436,CUST014867,149983.1
229044,CUST014868,148031.14
43188,CUST014869,26647
23592,CUST014870,10519.67
2076,CUST014871,121.24
120840,CUST014872,59368.69
19728,CUST014873,15650.22
21504,CUST014874,14033.51
34992,CUST014875,6676.47
28968,CUST014876,19819.91
288324,CUST014877,105007.6
180624,CUST014878,72068.98
259380,CUST014879,44846.8
1668,CUST014880,814.48
116088,CUST014881,38459.95
2448,CUST014882,1510.17
13908,CUST014883,9070.8
6144,CUST014884,1192.55
23196,CUST014885,15784.88
9816,CUST014886,6889.85
24528,CUST014887,17655.25
4872,CUST014888,1045.53
48672,CUST014889,29612.04
19620,CUST014890,3884.76
268320,CUST014891,93455.86
243276,CUST014892,228192.89
91332,CUST014893,84957.03
6636,CUST014894,4116.31
9060,CUST014895,4442.12
48216,CUST014896,24228.54
36756,CUST014897,33389.15
9792,CUST014898,2074.92
1896,CUST014899,800.68
16140,CUST014900,4449.8
2496,CUST014901,251.85
15984,CUST014902,8749.64
65244,CUST014903,58275.94
5460,CUST014904,2989.9
78444,CUST014905,16159.46
150000,CUST014906,76095
7632,CUST014907,2375.08
5220,CUST014908,913.5
15612,CUST014909,14542.58
212832,CUST014910,159070.64
267000,CUST014911,61730.4
88032,CUST014912,55028.8
16452,CUST014913,4254.49
101892,CUST014914,37985.34
6240,CUST014915,5051.28
10032,CUST014916,891.84
39288,CUST014917,5912.84
11208,CUST014918,6097.15
9852,CUST014919,3557.56
7452,CUST014920,4148.53
20304,CUST014921,17918.28
91152,CUST014922,20673.27
2676,CUST014923,1188.14
72012,CUST014924,6229.04
72276,CUST014925,66544.51
80844,CUST014926,62225.63
5376,CUST014927,1471.95
14304,CUST014928,6782.96
18948,CUST014929,13273.07
98136,CUST014930,66889.5
246012,CUST014931,223969.32
31284,CUST014932,19615.07
13584,CUST014933,4323.79
70128,CUST014934,36908.37
6000,CUST014935,2832.6
17688,CUST014936,7987.9
74748,CUST014937,24950.88
231696,CUST014938,204749.76
6504,CUST014939,111.22
95484,CUST014940,63821.51
21468,CUST014941,4551.22
71196,CUST014942,2648.49
70632,CUST014943,40528.64
18252,CUST014944,7019.72
221736,CUST014945,158142.12
18504,CUST014946,14381.31
21312,CUST014947,13190
37872,CUST014948,33270.55
59856,CUST014949,27096.81
14712,CUST014950,1856.65
2808,CUST014951,1959.7
92556,CUST014952,64178.33
3048,CUST014953,2067.76
124152,CUST014954,114046.03
19476,CUST014955,17290.79
84480,CUST014956,51414.53
95424,CUST014957,21985.69
58740,CUST014958,43027.05
11976,CUST014959,8170.03
63072,CUST014960,38007.19
82440,CUST014961,58301.57
4188,CUST014962,3847.52
2256,CUST014963,634.16
20064,CUST014964,13537.18
295896,CUST014965,188515.34
22584,CUST014966,18008.48
283524,CUST014967,263819.08
113880,CUST014968,18357.46
206268,CUST014969,30960.83
7476,CUST014970,3094.32
64260,CUST014971,47668.07
63060,CUST014972,51513.71
74064,CUST014973,23433.85
27468,CUST014974,1521.73
19644,CUST014975,1125.6
3264,CUST014976,1091.48
199056,CUST014977,164519.78
14292,CUST014978,9009.68
16020,CUST014979,10680.53
5772,CUST014980,5175.18
16044,CUST014981,12528.76
10884,CUST014982,9704.17
9492,CUST014983,2533.41
128748,CUST014984,36590.18
15552,CUST014985,2985.98
17232,CUST014986,13473.7
26964,CUST014987,11090.29
223752,CUST014988,133221.94
3504,CUST014989,2681.61
268572,CUST014990,51404.68
76380,CUST014991,53588.21
60408,CUST014992,54258.47
60540,CUST014993,11127.25
7812,CUST014994,6842.53
37776,CUST014995,26201.43
216060,CUST014996,77932.84
81276,CUST014997,62875.11
13536,CUST014998,7703.34
3240,CUST014999,2084.29
51912,CUST015000,36831.56
