subscription_id,customer_id,start_date,renewal_date,subscription_status,mrr,arr
SUB0000001,CUST000001,2025-12-04,2027-12-04,Active,2278,27336
SUB0000002,CUST000002,2024-03-30,2027-03-30,Active,15291,183492
SUB0000003,CUST000003,2024-08-28,2026-08-28,Pending Renewal,196,2352
SUB0000004,CUST000004,2023-11-01,2024-11-01,Cancelled,2677,32124
SUB0000005,CUST000005,2025-09-22,2028-09-22,Active,3375,40500
SUB0000006,CUST000006,2023-07-12,2026-07-12,Cancelled,16502,198024
SUB0000007,CUST000007,2024-12-27,2025-12-27,Active,622,7464
SUB0000008,CUST000008,2025-05-06,2028-05-06,Active,17398,208776
SUB0000009,CUST000009,2024-03-08,2027-03-08,Active,7149,85788
SUB0000010,CUST000010,2024-10-27,2025-10-27,Active,18127,217524
SUB0000011,CUST000011,2024-05-24,2025-05-24,Active,11904,142848
SUB0000012,CUST000012,2025-06-18,2026-06-18,Cancelled,16390,196680
SUB0000013,CUST000013,2025-09-29,2027-09-29,Active,1569,18828
SUB0000014,CUST000014,2025-05-27,2027-05-27,Active,2432,29184
SUB0000015,CUST000015,2025-10-02,2027-10-02,Active,1690,20280
SUB0000016,CUST000016,2024-04-23,2027-04-23,Active,1324,15888
SUB0000017,CUST000017,2024-11-27,2027-11-27,Active,23778,285336
SUB0000018,CUST000018,2023-07-09,2026-07-09,Pending Renewal,1658,19896
SUB0000019,CUST000019,2024-12-08,2027-12-08,Active,1914,22968
SUB0000020,CUST000020,2025-01-22,2027-01-22,Active,909,10908
SUB0000021,CUST000021,2023-08-28,2025-08-28,Active,5912,70944
SUB0000022,CUST000022,2024-04-20,2025-04-20,Active,4270,51240
SUB0000023,CUST000023,2025-11-14,2027-11-14,Active,7008,84096
SUB0000024,CUST000024,2023-10-27,2024-10-27,Active,7826,93912
SUB0000025,CUST000025,2025-12-19,2027-12-19,Active,568,6816
SUB0000026,CUST000026,2025-08-22,2027-08-22,Active,1507,18084
SUB0000027,CUST000027,2025-02-16,2026-02-16,Cancelled,129,1548
SUB0000028,CUST000028,2024-08-19,2027-08-19,Active,487,5844
SUB0000029,CUST000029,2025-09-30,2028-09-30,Active,2529,30348
SUB0000030,CUST000030,2024-02-02,2027-02-02,Active,7335,88020
SUB0000031,CUST000031,2024-11-03,2026-11-03,Active,2467,29604
SUB0000032,CUST000032,2024-10-23,2026-10-23,Active,785,9420
SUB0000033,CUST000033,2024-03-30,2027-03-30,Cancelled,2478,29736
SUB0000034,CUST000034,2025-10-19,2027-10-19,Active,24622,295464
SUB0000035,CUST000035,2024-09-13,2027-09-13,Active,1706,20472
SUB0000036,CUST000036,2024-12-30,2027-12-30,Active,4643,55716
SUB0000037,CUST000037,2024-12-15,2026-12-15,Active,7240,86880
SUB0000038,CUST000038,2023-10-14,2024-10-14,Active,1861,22332
SUB0000039,CUST000039,2023-11-14,2024-11-14,Active,16764,201168
SUB0000040,CUST000040,2025-09-11,2027-09-11,Active,15597,187164
SUB0000041,CUST000041,2023-08-26,2025-08-26,Active,5001,60012
SUB0000042,CUST000042,2023-07-26,2026-07-26,Active,403,4836
SUB0000043,CUST000043,2025-09-22,2026-09-22,Active,1948,23376
SUB0000044,CUST000044,2025-07-27,2028-07-27,Active,6537,78444
SUB0000045,CUST000045,2024-10-29,2025-10-29,Active,914,10968
SUB0000046,CUST000046,2024-09-15,2027-09-15,Active,457,5484
SUB0000047,CUST000047,2025-10-15,2026-10-15,Active,8441,101292
SUB0000048,CUST000048,2025-03-14,2028-03-14,Active,6887,82644
SUB0000049,CUST000049,2024-08-11,2026-08-11,Active,19555,234660
SUB0000050,CUST000050,2023-09-29,2025-09-29,Active,5512,66144
SUB0000051,CUST000051,2023-11-25,2025-11-25,Active,1173,14076
SUB0000052,CUST000052,2024-10-08,2025-10-08,Active,1838,22056
SUB0000053,CUST000053,2025-07-07,2027-07-07,Active,2398,28776
SUB0000054,CUST000054,2025-06-01,2027-06-01,Active,5231,62772
SUB0000055,CUST000055,2025-04-17,2026-04-17,Active,4037,48444
SUB0000056,CUST000056,2023-11-14,2025-11-14,Active,1471,17652
SUB0000057,CUST000057,2024-07-12,2026-07-12,Active,11874,142488
SUB0000058,CUST000058,2025-06-14,2028-06-14,Active,541,6492
SUB0000059,CUST000059,2025-05-13,2027-05-13,Active,2415,28980
SUB0000060,CUST000060,2024-10-14,2026-10-14,Active,999,11988
SUB0000061,CUST000061,2025-04-10,2027-04-10,Active,4211,50532
SUB0000062,CUST000062,2023-09-29,2025-09-29,Active,1804,21648
SUB0000063,CUST000063,2023-07-30,2024-07-30,Pending Renewal,3506,42072
SUB0000064,CUST000064,2023-07-16,2024-07-16,Cancelled,392,4704
SUB0000065,CUST000065,2025-02-18,2026-02-18,Active,6265,75180
SUB0000066,CUST000066,2023-07-10,2026-07-10,Active,1869,22428
SUB0000067,CUST000067,2024-06-24,2026-06-24,Active,10605,127260
SUB0000068,CUST000068,2024-01-09,2026-01-09,Active,1961,23532
SUB0000069,CUST000069,2025-11-27,2028-11-27,Active,1024,12288
SUB0000070,CUST000070,2025-03-14,2027-03-14,Active,12200,146400
SUB0000071,CUST000071,2025-01-18,2026-01-18,Active,1374,16488
SUB0000072,CUST000072,2024-11-22,2026-11-22,Active,11287,135444
SUB0000073,CUST000073,2025-12-05,2027-12-05,Active,1892,22704
SUB0000074,CUST000074,2025-09-03,2027-09-03,Active,1774,21288
SUB0000075,CUST000075,2024-11-19,2026-11-19,Active,771,9252
SUB0000076,CUST000076,2025-10-08,2027-10-08,Cancelled,1809,21708
SUB0000077,CUST000077,2024-01-15,2027-01-15,Pending Renewal,3002,36024
SUB0000078,CUST000078,2024-12-16,2026-12-16,Active,1856,22272
SUB0000079,CUST000079,2024-10-22,2025-10-22,Active,1114,13368
SUB0000080,CUST000080,2023-10-27,2024-10-27,Active,7596,91152
SUB0000081,CUST000081,2024-09-23,2025-09-23,Active,1082,12984
SUB0000082,CUST000082,2025-03-28,2028-03-28,Active,15849,190188
SUB0000083,CUST000083,2024-03-27,2027-03-27,Active,2974,35688
SUB0000084,CUST000084,2025-04-18,2027-04-18,Active,1000,12000
SUB0000085,CUST000085,2025-12-13,2028-12-13,Active,6526,78312
SUB0000086,CUST000086,2025-09-08,2028-09-08,Active,720,8640
SUB0000087,CUST000087,2025-11-02,2028-11-02,Active,7590,91080
SUB0000088,CUST000088,2023-09-09,2026-09-09,Active,1899,22788
SUB0000089,CUST000089,2024-06-13,2026-06-13,Active,1549,18588
SUB0000090,CUST000090,2024-01-28,2027-01-28,Active,1058,12696
SUB0000091,CUST000091,2025-11-07,2027-11-07,Active,1393,16716
SUB0000092,CUST000092,2024-03-16,2026-03-16,Cancelled,1132,13584
SUB0000093,CUST000093,2023-09-17,2024-09-17,Active,261,3132
SUB0000094,CUST000094,2025-02-14,2027-02-14,Active,13132,157584
SUB0000095,CUST000095,2025-05-22,2026-05-22,Cancelled,1268,15216
SUB0000096,CUST000096,2023-09-06,2026-09-06,Cancelled,2951,35412
SUB0000097,CUST000097,2024-10-03,2026-10-03,Active,1737,20844
SUB0000098,CUST000098,2025-07-20,2026-07-20,Active,1834,22008
SUB0000099,CUST000099,2024-01-13,2026-01-13,Active,20156,241872
SUB0000100,CUST000100,2024-03-27,2027-03-27,Active,1766,21192
SUB0000101,CUST000101,2023-08-23,2024-08-23,Active,1180,14160
SUB0000102,CUST000102,2024-10-14,2026-10-14,Pending Renewal,2181,26172
SUB0000103,CUST000103,2025-09-07,2026-09-07,Active,1016,12192
SUB0000104,CUST000104,2024-03-29,2027-03-29,Pending Renewal,1956,23472
SUB0000105,CUST000105,2024-10-06,2025-10-06,Active,9701,116412
SUB0000106,CUST000106,2024-06-02,2027-06-02,Active,687,8244
SUB0000107,CUST000107,2024-11-09,2026-11-09,Active,505,6060
SUB0000108,CUST000108,2025-03-12,2028-03-12,Active,3502,42024
SUB0000109,CUST000109,2025-11-15,2028-11-15,Active,1770,21240
SUB0000110,CUST000110,2024-08-12,2026-08-12,Cancelled,3890,46680
SUB0000111,CUST000111,2025-01-11,2028-01-11,Active,3739,44868
SUB0000112,CUST000112,2025-06-08,2028-06-08,Active,21917,263004
SUB0000113,CUST000113,2023-12-01,2026-12-01,Active,21384,256608
SUB0000114,CUST000114,2025-03-08,2027-03-08,Cancelled,9181,110172
SUB0000115,CUST000115,2024-03-28,2025-03-28,Active,3453,41436
SUB0000116,CUST000116,2025-11-10,2027-11-10,Active,3305,39660
SUB0000117,CUST000117,2024-04-24,2025-04-24,Cancelled,338,4056
SUB0000118,CUST000118,2025-06-21,2026-06-21,Active,1245,14940
SUB0000119,CUST000119,2024-08-05,2026-08-05,Active,2994,35928
SUB0000120,CUST000120,2025-03-21,2027-03-21,Active,7594,91128
SUB0000121,CUST000121,2024-04-30,2027-04-30,Active,1527,18324
SUB0000122,CUST000122,2023-10-16,2025-10-16,Active,385,4620
SUB0000123,CUST000123,2023-09-27,2025-09-27,Active,7339,88068
SUB0000124,CUST000124,2025-08-01,2027-08-01,Cancelled,7271,87252
SUB0000125,CUST000125,2025-03-16,2026-03-16,Active,4761,57132
SUB0000126,CUST000126,2023-10-05,2025-10-05,Cancelled,1217,14604
SUB0000127,CUST000127,2025-10-01,2027-10-01,Active,5986,71832
SUB0000128,CUST000128,2025-12-08,2027-12-08,Active,1501,18012
SUB0000129,CUST000129,2025-10-23,2027-10-23,Active,1657,19884
SUB0000130,CUST000130,2024-12-28,2027-12-28,Active,17760,213120
SUB0000131,CUST000131,2024-02-29,2026-02-28,Active,1939,23268
SUB0000132,CUST000132,2025-05-09,2028-05-09,Pending Renewal,1006,12072
SUB0000133,CUST000133,2023-07-05,2025-07-05,Active,6792,81504
SUB0000134,CUST000134,2025-07-27,2028-07-27,Active,6580,78960
SUB0000135,CUST000135,2024-04-20,2025-04-20,Active,6231,74772
SUB0000136,CUST000136,2025-11-28,2027-11-28,Active,3141,37692
SUB0000137,CUST000137,2023-09-21,2025-09-21,Active,1483,17796
SUB0000138,CUST000138,2025-12-15,2026-12-15,Active,5037,60444
SUB0000139,CUST000139,2024-11-15,2026-11-15,Active,5803,69636
SUB0000140,CUST000140,2025-07-06,2028-07-06,Active,7742,92904
SUB0000141,CUST000141,2025-05-03,2026-05-03,Pending Renewal,445,5340
SUB0000142,CUST000142,2025-04-25,2026-04-25,Active,15293,183516
SUB0000143,CUST000143,2023-11-07,2024-11-07,Active,1258,15096
SUB0000144,CUST000144,2023-07-04,2024-07-04,Active,14228,170736
SUB0000145,CUST000145,2025-08-27,2026-08-27,Active,16109,193308
SUB0000146,CUST000146,2024-02-05,2025-02-05,Active,7807,93684
SUB0000147,CUST000147,2024-08-23,2025-08-23,Active,461,5532
SUB0000148,CUST000148,2023-08-21,2025-08-21,Active,1328,15936
SUB0000149,CUST000149,2025-07-25,2026-07-25,Active,8457,101484
SUB0000150,CUST000150,2025-07-25,2026-07-25,Active,16468,197616
SUB0000151,CUST000151,2025-02-08,2026-02-08,Pending Renewal,1399,16788
SUB0000152,CUST000152,2023-07-12,2024-07-12,Active,23964,287568
SUB0000153,CUST000153,2024-01-21,2027-01-21,Active,23580,282960
SUB0000154,CUST000154,2024-04-09,2025-04-09,Active,4628,55536
SUB0000155,CUST000155,2024-07-31,2026-07-31,Active,640,7680
SUB0000156,CUST000156,2025-08-19,2028-08-19,Active,17370,208440
SUB0000157,CUST000157,2025-08-16,2028-08-16,Active,114,1368
SUB0000158,CUST000158,2024-03-29,2027-03-29,Active,361,4332
SUB0000159,CUST000159,2025-09-06,2028-09-06,Active,1161,13932
SUB0000160,CUST000160,2025-02-15,2026-02-15,Active,7180,86160
SUB0000161,CUST000161,2025-03-15,2028-03-15,Active,18441,221292
SUB0000162,CUST000162,2024-05-20,2026-05-20,Active,11433,137196
SUB0000163,CUST000163,2024-03-17,2026-03-17,Pending Renewal,928,11136
SUB0000164,CUST000164,2023-12-01,2024-12-01,Active,636,7632
SUB0000165,CUST000165,2025-04-24,2027-04-24,Active,7635,91620
SUB0000166,CUST000166,2025-10-19,2026-10-19,Active,17977,215724
SUB0000167,CUST000167,2025-08-19,2026-08-19,Pending Renewal,7219,86628
SUB0000168,CUST000168,2024-09-27,2025-09-27,Active,1705,20460
SUB0000169,CUST000169,2025-05-19,2026-05-19,Cancelled,3921,47052
SUB0000170,CUST000170,2024-10-16,2027-10-16,Active,2848,34176
SUB0000171,CUST000171,2025-12-20,2026-12-20,Active,6177,74124
SUB0000172,CUST000172,2024-06-02,2026-06-02,Active,1236,14832
SUB0000173,CUST000173,2025-07-23,2028-07-23,Active,510,6120
SUB0000174,CUST000174,2024-06-08,2025-06-08,Active,20563,246756
SUB0000175,CUST000175,2024-06-18,2027-06-18,Active,11770,141240
SUB0000176,CUST000176,2025-09-19,2027-09-19,Cancelled,2682,32184
SUB0000177,CUST000177,2025-10-30,2028-10-30,Cancelled,5680,68160
SUB0000178,CUST000178,2025-11-15,2026-11-15,Active,532,6384
SUB0000179,CUST000179,2025-03-02,2027-03-02,Active,873,10476
SUB0000180,CUST000180,2024-07-22,2026-07-22,Active,1771,21252
SUB0000181,CUST000181,2023-10-28,2024-10-28,Active,189,2268
SUB0000182,CUST000182,2025-12-11,2027-12-11,Active,1418,17016
SUB0000183,CUST000183,2023-10-17,2026-10-17,Active,1962,23544
SUB0000184,CUST000184,2024-07-16,2025-07-16,Pending Renewal,1656,19872
SUB0000185,CUST000185,2025-03-10,2028-03-10,Active,2835,34020
SUB0000186,CUST000186,2024-04-27,2026-04-27,Active,17460,209520
SUB0000187,CUST000187,2025-11-10,2028-11-10,Active,645,7740
SUB0000188,CUST000188,2025-08-07,2027-08-07,Active,534,6408
SUB0000189,CUST000189,2024-10-29,2025-10-29,Active,1253,15036
SUB0000190,CUST000190,2025-10-17,2028-10-17,Active,548,6576
SUB0000191,CUST000191,2025-12-06,2026-12-06,Active,1068,12816
SUB0000192,CUST000192,2025-03-08,2026-03-08,Active,1353,16236
SUB0000193,CUST000193,2025-01-08,2026-01-08,Active,16635,199620
SUB0000194,CUST000194,2024-02-16,2025-02-16,Active,11544,138528
SUB0000195,CUST000195,2024-02-19,2026-02-19,Active,3627,43524
SUB0000196,CUST000196,2025-02-10,2027-02-10,Pending Renewal,2417,29004
SUB0000197,CUST000197,2025-04-28,2027-04-28,Pending Renewal,105,1260
SUB0000198,CUST000198,2024-05-31,2025-05-31,Active,7496,89952
SUB0000199,CUST000199,2025-02-25,2028-02-25,Active,18250,219000
SUB0000200,CUST000200,2024-02-06,2025-02-06,Pending Renewal,7186,86232
SUB0000201,CUST000201,2024-12-11,2026-12-11,Active,20262,243144
SUB0000202,CUST000202,2023-09-20,2025-09-20,Active,869,10428
SUB0000203,CUST000203,2024-07-15,2025-07-15,Pending Renewal,2115,25380
SUB0000204,CUST000204,2024-07-25,2026-07-25,Active,246,2952
SUB0000205,CUST000205,2024-10-02,2027-10-02,Pending Renewal,5316,63792
SUB0000206,CUST000206,2024-09-26,2025-09-26,Active,7130,85560
SUB0000207,CUST000207,2023-12-16,2024-12-16,Active,1923,23076
SUB0000208,CUST000208,2024-06-25,2025-06-25,Active,189,2268
SUB0000209,CUST000209,2024-03-24,2025-03-24,Active,1113,13356
SUB0000210,CUST000210,2024-01-10,2027-01-10,Active,24287,291444
SUB0000211,CUST000211,2023-08-08,2024-08-08,Active,17872,214464
SUB0000212,CUST000212,2024-08-01,2025-08-01,Active,1884,22608
SUB0000213,CUST000213,2025-05-12,2026-05-12,Active,5706,68472
SUB0000214,CUST000214,2024-04-18,2027-04-18,Active,490,5880
SUB0000215,CUST000215,2025-06-25,2026-06-25,Active,21966,263592
SUB0000216,CUST000216,2023-10-22,2025-10-22,Cancelled,18401,220812
SUB0000217,CUST000217,2025-04-06,2027-04-06,Pending Renewal,849,10188
SUB0000218,CUST000218,2024-09-08,2026-09-08,Active,736,8832
SUB0000219,CUST000219,2024-01-06,2026-01-06,Active,5944,71328
SUB0000220,CUST000220,2024-07-19,2027-07-19,Active,894,10728
SUB0000221,CUST000221,2024-02-25,2025-02-25,Active,1056,12672
SUB0000222,CUST000222,2025-11-21,2028-11-21,Active,5258,63096
SUB0000223,CUST000223,2025-01-08,2026-01-08,Active,6578,78936
SUB0000224,CUST000224,2023-12-19,2025-12-19,Active,598,7176
SUB0000225,CUST000225,2025-12-06,2028-12-06,Active,6344,76128
SUB0000226,CUST000226,2025-03-10,2026-03-10,Active,175,2100
SUB0000227,CUST000227,2023-11-18,2024-11-18,Active,16512,198144
SUB0000228,CUST000228,2025-08-12,2027-08-12,Cancelled,23337,280044
SUB0000229,CUST000229,2024-11-14,2026-11-14,Active,1621,19452
SUB0000230,CUST000230,2023-12-09,2025-12-09,Active,401,4812
SUB0000231,CUST000231,2024-06-29,2027-06-29,Pending Renewal,1750,21000
SUB0000232,CUST000232,2024-11-07,2025-11-07,Active,1675,20100
SUB0000233,CUST000233,2025-12-19,2026-12-19,Active,1543,18516
SUB0000234,CUST000234,2023-08-02,2026-08-02,Active,1013,12156
SUB0000235,CUST000235,2025-05-17,2027-05-17,Active,20106,241272
SUB0000236,CUST000236,2025-02-03,2028-02-03,Active,1876,22512
SUB0000237,CUST000237,2024-03-12,2027-03-12,Active,1586,19032
SUB0000238,CUST000238,2025-04-02,2028-04-02,Active,1835,22020
SUB0000239,CUST000239,2023-09-04,2025-09-04,Active,1572,18864
SUB0000240,CUST000240,2025-05-27,2026-05-27,Active,6239,74868
SUB0000241,CUST000241,2025-11-03,2026-11-03,Active,1027,12324
SUB0000242,CUST000242,2024-08-06,2025-08-06,Active,6582,78984
SUB0000243,CUST000243,2025-03-18,2026-03-18,Active,5548,66576
SUB0000244,CUST000244,2023-07-28,2025-07-28,Active,20421,245052
SUB0000245,CUST000245,2023-09-12,2024-09-12,Active,21902,262824
SUB0000246,CUST000246,2025-04-22,2027-04-22,Active,1982,23784
SUB0000247,CUST000247,2024-12-06,2025-12-06,Active,3434,41208
SUB0000248,CUST000248,2025-05-05,2026-05-05,Cancelled,1346,16152
SUB0000249,CUST000249,2024-01-31,2025-01-31,Active,618,7416
SUB0000250,CUST000250,2023-07-24,2024-07-24,Active,20604,247248
SUB0000251,CUST000251,2023-10-29,2025-10-29,Active,9378,112536
SUB0000252,CUST000252,2024-08-23,2025-08-23,Active,969,11628
SUB0000253,CUST000253,2025-10-24,2028-10-24,Active,1855,22260
SUB0000254,CUST000254,2024-05-17,2027-05-17,Active,2557,30684
SUB0000255,CUST000255,2023-10-24,2025-10-24,Active,5467,65604
SUB0000256,CUST000256,2023-10-30,2024-10-30,Active,743,8916
SUB0000257,CUST000257,2025-04-09,2026-04-09,Active,1950,23400
SUB0000258,CUST000258,2024-11-25,2026-11-25,Active,1638,19656
SUB0000259,CUST000259,2023-10-15,2026-10-15,Pending Renewal,6106,73272
SUB0000260,CUST000260,2025-10-11,2027-10-11,Pending Renewal,5522,66264
SUB0000261,CUST000261,2025-09-30,2028-09-30,Active,18757,225084
SUB0000262,CUST000262,2024-01-12,2026-01-12,Active,1171,14052
SUB0000263,CUST000263,2025-11-04,2028-11-04,Active,119,1428
SUB0000264,CUST000264,2024-02-14,2025-02-14,Active,6756,81072
SUB0000265,CUST000265,2023-12-30,2026-12-30,Active,1051,12612
SUB0000266,CUST000266,2024-07-31,2025-07-31,Active,19119,229428
SUB0000267,CUST000267,2025-01-24,2026-01-24,Active,1433,17196
SUB0000268,CUST000268,2025-02-22,2026-02-22,Active,2197,26364
SUB0000269,CUST000269,2024-05-16,2027-05-16,Active,19498,233976
SUB0000270,CUST000270,2025-11-13,2027-11-13,Active,6332,75984
SUB0000271,CUST000271,2025-11-09,2028-11-09,Active,3109,37308
SUB0000272,CUST000272,2024-03-10,2026-03-10,Active,17194,206328
SUB0000273,CUST000273,2025-10-20,2028-10-20,Active,1713,20556
SUB0000274,CUST000274,2025-11-17,2028-11-17,Active,12612,151344
SUB0000275,CUST000275,2025-03-17,2027-03-17,Pending Renewal,438,5256
SUB0000276,CUST000276,2025-07-15,2026-07-15,Active,1993,23916
SUB0000277,CUST000277,2025-08-29,2027-08-29,Pending Renewal,1424,17088
SUB0000278,CUST000278,2025-03-10,2028-03-10,Active,20997,251964
SUB0000279,CUST000279,2023-08-07,2024-08-07,Active,123,1476
SUB0000280,CUST000280,2023-12-21,2026-12-21,Active,1242,14904
SUB0000281,CUST000281,2023-11-24,2026-11-24,Active,703,8436
SUB0000282,CUST000282,2025-08-09,2026-08-09,Active,2374,28488
SUB0000283,CUST000283,2025-03-24,2026-03-24,Active,150,1800
SUB0000284,CUST000284,2025-01-01,2027-01-01,Active,9872,118464
SUB0000285,CUST000285,2025-10-01,2028-10-01,Active,1869,22428
SUB0000286,CUST000286,2023-11-24,2026-11-24,Active,1334,16008
SUB0000287,CUST000287,2024-07-11,2026-07-11,Pending Renewal,22283,267396
SUB0000288,CUST000288,2024-02-27,2026-02-27,Active,7661,91932
SUB0000289,CUST000289,2024-05-14,2027-05-14,Pending Renewal,1113,13356
SUB0000290,CUST000290,2025-07-06,2027-07-06,Active,4980,59760
SUB0000291,CUST000291,2025-09-01,2027-09-01,Active,866,10392
SUB0000292,CUST000292,2023-08-23,2026-08-23,Active,755,9060
SUB0000293,CUST000293,2024-09-11,2027-09-11,Active,24013,288156
SUB0000294,CUST000294,2023-12-02,2025-12-02,Active,195,2340
SUB0000295,CUST000295,2025-08-07,2027-08-07,Cancelled,18264,219168
SUB0000296,CUST000296,2024-02-25,2025-02-25,Active,531,6372
SUB0000297,CUST000297,2024-07-26,2027-07-26,Active,19417,233004
SUB0000298,CUST000298,2024-10-08,2027-10-08,Active,10303,123636
SUB0000299,CUST000299,2024-08-27,2027-08-27,Active,1539,18468
SUB0000300,CUST000300,2024-12-11,2026-12-11,Active,912,10944
SUB0000301,CUST000301,2024-04-06,2026-04-06,Active,587,7044
SUB0000302,CUST000302,2024-08-10,2025-08-10,Active,9458,113496
SUB0000303,CUST000303,2023-08-21,2024-08-21,Active,4589,55068
SUB0000304,CUST000304,2024-08-23,2025-08-23,Active,6809,81708
SUB0000305,CUST000305,2024-10-11,2027-10-11,Active,851,10212
SUB0000306,CUST000306,2025-07-19,2026-07-19,Active,170,2040
SUB0000307,CUST000307,2024-01-21,2027-01-21,Active,659,7908
SUB0000308,CUST000308,2025-09-09,2026-09-09,Pending Renewal,1238,14856
SUB0000309,CUST000309,2024-07-07,2027-07-07,Active,7244,86928
SUB0000310,CUST000310,2025-03-16,2027-03-16,Active,1944,23328
SUB0000311,CUST000311,2024-04-12,2026-04-12,Active,837,10044
SUB0000312,CUST000312,2025-03-20,2027-03-20,Active,480,5760
SUB0000313,CUST000313,2025-05-02,2027-05-02,Active,1802,21624
SUB0000314,CUST000314,2024-10-01,2025-10-01,Active,14542,174504
SUB0000315,CUST000315,2025-08-14,2026-08-14,Active,665,7980
SUB0000316,CUST000316,2025-03-18,2028-03-18,Active,1457,17484
SUB0000317,CUST000317,2025-05-16,2028-05-16,Active,5336,64032
SUB0000318,CUST000318,2023-08-21,2025-08-21,Active,4566,54792
SUB0000319,CUST000319,2025-11-15,2027-11-15,Active,1000,12000
SUB0000320,CUST000320,2025-07-17,2027-07-17,Active,1530,18360
SUB0000321,CUST000321,2025-06-14,2028-06-14,Pending Renewal,1561,18732
SUB0000322,CUST000322,2024-10-26,2025-10-26,Pending Renewal,583,6996
SUB0000323,CUST000323,2023-06-26,2025-06-26,Active,7743,92916
SUB0000324,CUST000324,2025-06-06,2026-06-06,Pending Renewal,1678,20136
SUB0000325,CUST000325,2025-08-27,2027-08-27,Active,20659,247908
SUB0000326,CUST000326,2024-05-30,2026-05-30,Active,1764,21168
SUB0000327,CUST000327,2024-01-16,2026-01-16,Active,653,7836
SUB0000328,CUST000328,2023-10-23,2026-10-23,Active,4708,56496
SUB0000329,CUST000329,2025-01-07,2028-01-07,Active,1847,22164
SUB0000330,CUST000330,2025-06-24,2028-06-24,Active,24300,291600
SUB0000331,CUST000331,2024-10-11,2025-10-11,Active,1499,17988
SUB0000332,CUST000332,2025-03-31,2026-03-31,Cancelled,584,7008
SUB0000333,CUST000333,2025-10-17,2028-10-17,Pending Renewal,1048,12576
SUB0000334,CUST000334,2024-04-04,2027-04-04,Active,314,3768
SUB0000335,CUST000335,2024-07-19,2026-07-19,Active,2067,24804
SUB0000336,CUST000336,2023-08-07,2026-08-07,Active,4411,52932
SUB0000337,CUST000337,2025-07-24,2026-07-24,Pending Renewal,1375,16500
SUB0000338,CUST000338,2025-04-30,2028-04-30,Active,8918,107016
SUB0000339,CUST000339,2024-10-13,2027-10-13,Active,575,6900
SUB0000340,CUST000340,2023-11-17,2025-11-17,Active,455,5460
SUB0000341,CUST000341,2025-07-10,2027-07-10,Active,1141,13692
SUB0000342,CUST000342,2024-01-04,2026-01-04,Pending Renewal,6711,80532
SUB0000343,CUST000343,2024-06-12,2026-06-12,Pending Renewal,1140,13680
SUB0000344,CUST000344,2024-05-30,2025-05-30,Pending Renewal,7263,87156
SUB0000345,CUST000345,2025-10-03,2026-10-03,Active,375,4500
SUB0000346,CUST000346,2024-01-02,2027-01-02,Cancelled,839,10068
SUB0000347,CUST000347,2024-08-24,2027-08-24,Active,9599,115188
SUB0000348,CUST000348,2025-08-04,2026-08-04,Active,1856,22272
SUB0000349,CUST000349,2025-10-12,2027-10-12,Active,22002,264024
SUB0000350,CUST000350,2025-10-30,2026-10-30,Active,1686,20232
SUB0000351,CUST000351,2024-11-17,2025-11-17,Pending Renewal,1992,23904
SUB0000352,CUST000352,2025-11-26,2027-11-26,Active,6445,77340
SUB0000353,CUST000353,2024-03-27,2026-03-27,Active,1567,18804
SUB0000354,CUST000354,2025-05-31,2028-05-31,Active,321,3852
SUB0000355,CUST000355,2025-11-29,2026-11-29,Active,4803,57636
SUB0000356,CUST000356,2024-09-28,2025-09-28,Active,262,3144
SUB0000357,CUST000357,2025-02-28,2027-02-28,Active,5083,60996
SUB0000358,CUST000358,2025-01-26,2026-01-26,Active,1999,23988
SUB0000359,CUST000359,2025-11-13,2026-11-13,Active,1581,18972
SUB0000360,CUST000360,2025-10-27,2026-10-27,Active,24710,296520
SUB0000361,CUST000361,2025-01-06,2026-01-06,Active,5616,67392
SUB0000362,CUST000362,2024-08-25,2027-08-25,Active,3445,41340
SUB0000363,CUST000363,2025-04-26,2027-04-26,Active,7709,92508
SUB0000364,CUST000364,2025-08-22,2026-08-22,Cancelled,24241,290892
SUB0000365,CUST000365,2025-11-24,2028-11-24,Cancelled,12273,147276
SUB0000366,CUST000366,2025-10-09,2027-10-09,Cancelled,1422,17064
SUB0000367,CUST000367,2024-01-23,2027-01-23,Active,1452,17424
SUB0000368,CUST000368,2024-08-20,2026-08-20,Active,1880,22560
SUB0000369,CUST000369,2024-04-18,2025-04-18,Active,6084,73008
SUB0000370,CUST000370,2023-07-12,2024-07-12,Active,3592,43104
SUB0000371,CUST000371,2024-12-09,2025-12-09,Active,13831,165972
SUB0000372,CUST000372,2023-12-03,2024-12-03,Active,20335,244020
SUB0000373,CUST000373,2025-08-23,2027-08-23,Active,1856,22272
SUB0000374,CUST000374,2025-12-22,2027-12-22,Active,9617,115404
SUB0000375,CUST000375,2025-10-09,2026-10-09,Active,22696,272352
SUB0000376,CUST000376,2023-07-28,2025-07-28,Active,1495,17940
SUB0000377,CUST000377,2023-10-22,2026-10-22,Active,16177,194124
SUB0000378,CUST000378,2025-11-20,2028-11-20,Active,760,9120
SUB0000379,CUST000379,2024-10-31,2026-10-31,Active,819,9828
SUB0000380,CUST000380,2023-08-30,2025-08-30,Active,942,11304
SUB0000381,CUST000381,2024-08-12,2027-08-12,Active,3189,38268
SUB0000382,CUST000382,2024-11-24,2025-11-24,Active,1970,23640
SUB0000383,CUST000383,2025-12-05,2028-12-05,Active,624,7488
SUB0000384,CUST000384,2024-09-21,2025-09-21,Pending Renewal,1507,18084
SUB0000385,CUST000385,2024-03-28,2026-03-28,Active,607,7284
SUB0000386,CUST000386,2023-09-12,2026-09-12,Active,1335,16020
SUB0000387,CUST000387,2025-09-24,2026-09-24,Active,7037,84444
SUB0000388,CUST000388,2024-12-02,2026-12-02,Active,1718,20616
SUB0000389,CUST000389,2024-08-02,2025-08-02,Cancelled,1861,22332
SUB0000390,CUST000390,2024-11-28,2026-11-28,Active,133,1596
SUB0000391,CUST000391,2024-12-23,2025-12-23,Active,980,11760
SUB0000392,CUST000392,2023-11-23,2026-11-23,Active,7072,84864
SUB0000393,CUST000393,2024-03-18,2027-03-18,Active,1184,14208
SUB0000394,CUST000394,2025-08-17,2026-08-17,Active,4743,56916
SUB0000395,CUST000395,2025-03-22,2026-03-22,Active,10568,126816
SUB0000396,CUST000396,2023-08-03,2026-08-03,Pending Renewal,7549,90588
SUB0000397,CUST000397,2025-05-07,2026-05-07,Active,4466,53592
SUB0000398,CUST000398,2025-05-17,2026-05-17,Active,1161,13932
SUB0000399,CUST000399,2024-07-01,2026-07-01,Pending Renewal,19354,232248
SUB0000400,CUST000400,2024-08-16,2026-08-16,Active,9901,118812
SUB0000401,CUST000401,2024-03-04,2025-03-04,Pending Renewal,6807,81684
SUB0000402,CUST000402,2025-05-13,2028-05-13,Active,1905,22860
SUB0000403,CUST000403,2025-06-12,2026-06-12,Active,1902,22824
SUB0000404,CUST000404,2024-02-26,2025-02-26,Active,7615,91380
SUB0000405,CUST000405,2024-06-02,2025-06-02,Active,1072,12864
SUB0000406,CUST000406,2023-11-15,2026-11-15,Active,568,6816
SUB0000407,CUST000407,2025-05-29,2026-05-29,Active,1583,18996
SUB0000408,CUST000408,2025-11-21,2028-11-21,Pending Renewal,1576,18912
SUB0000409,CUST000409,2024-01-26,2025-01-26,Pending Renewal,482,5784
SUB0000410,CUST000410,2023-08-14,2024-08-14,Pending Renewal,24425,293100
SUB0000411,CUST000411,2023-11-10,2026-11-10,Active,415,4980
SUB0000412,CUST000412,2025-03-08,2026-03-08,Active,4027,48324
SUB0000413,CUST000413,2024-12-05,2025-12-05,Active,11649,139788
SUB0000414,CUST000414,2023-07-17,2024-07-17,Active,1112,13344
SUB0000415,CUST000415,2024-02-10,2026-02-10,Active,1632,19584
SUB0000416,CUST000416,2023-12-24,2025-12-24,Active,19475,233700
SUB0000417,CUST000417,2025-06-04,2028-06-04,Active,1084,13008
SUB0000418,CUST000418,2024-11-30,2026-11-30,Active,1392,16704
SUB0000419,CUST000419,2023-08-17,2024-08-17,Active,8766,105192
SUB0000420,CUST000420,2023-10-24,2024-10-24,Active,1240,14880
SUB0000421,CUST000421,2024-04-21,2026-04-21,Active,572,6864
SUB0000422,CUST000422,2024-03-19,2025-03-19,Cancelled,1299,15588
SUB0000423,CUST000423,2024-08-04,2027-08-04,Pending Renewal,209,2508
SUB0000424,CUST000424,2025-03-21,2026-03-21,Active,617,7404
SUB0000425,CUST000425,2025-06-02,2028-06-02,Active,453,5436
SUB0000426,CUST000426,2023-08-19,2026-08-19,Active,1800,21600
SUB0000427,CUST000427,2025-07-22,2028-07-22,Active,5809,69708
SUB0000428,CUST000428,2024-05-07,2025-05-07,Active,8138,97656
SUB0000429,CUST000429,2025-09-11,2027-09-11,Active,1112,13344
SUB0000430,CUST000430,2024-06-24,2026-06-24,Active,463,5556
SUB0000431,CUST000431,2025-06-11,2027-06-11,Active,1961,23532
SUB0000432,CUST000432,2025-10-07,2026-10-07,Active,199,2388
SUB0000433,CUST000433,2024-01-18,2027-01-18,Pending Renewal,453,5436
SUB0000434,CUST000434,2024-07-20,2025-07-20,Pending Renewal,7557,90684
SUB0000435,CUST000435,2024-10-04,2025-10-04,Active,1502,18024
SUB0000436,CUST000436,2024-09-22,2025-09-22,Active,15073,180876
SUB0000437,CUST000437,2024-10-12,2025-10-12,Active,649,7788
SUB0000438,CUST000438,2023-08-11,2024-08-11,Active,23113,277356
SUB0000439,CUST000439,2025-08-16,2028-08-16,Active,20801,249612
SUB0000440,CUST000440,2025-03-04,2027-03-04,Active,6421,77052
SUB0000441,CUST000441,2025-10-20,2028-10-20,Active,604,7248
SUB0000442,CUST000442,2023-12-09,2024-12-09,Active,864,10368
SUB0000443,CUST000443,2025-04-20,2026-04-20,Active,1074,12888
SUB0000444,CUST000444,2025-05-14,2028-05-14,Cancelled,7530,90360
SUB0000445,CUST000445,2025-07-26,2027-07-26,Active,18495,221940
SUB0000446,CUST000446,2024-07-14,2026-07-14,Active,394,4728
SUB0000447,CUST000447,2025-06-15,2027-06-15,Pending Renewal,1637,19644
SUB0000448,CUST000448,2025-06-19,2026-06-19,Active,3662,43944
SUB0000449,CUST000449,2024-11-10,2026-11-10,Active,1340,16080
SUB0000450,CUST000450,2023-10-20,2024-10-20,Active,3588,43056
SUB0000451,CUST000451,2025-01-08,2027-01-08,Active,1947,23364
SUB0000452,CUST000452,2024-11-06,2027-11-06,Cancelled,1888,22656
SUB0000453,CUST000453,2023-11-09,2026-11-09,Active,12160,145920
SUB0000454,CUST000454,2025-11-23,2026-11-23,Active,10433,125196
SUB0000455,CUST000455,2024-10-24,2027-10-24,Active,1074,12888
SUB0000456,CUST000456,2025-04-11,2028-04-11,Active,7934,95208
SUB0000457,CUST000457,2025-02-27,2027-02-27,Cancelled,1713,20556
SUB0000458,CUST000458,2025-07-06,2027-07-06,Active,14123,169476
SUB0000459,CUST000459,2025-02-25,2027-02-25,Active,1837,22044
SUB0000460,CUST000460,2025-05-04,2027-05-04,Active,6166,73992
SUB0000461,CUST000461,2024-01-07,2027-01-07,Active,1115,13380
SUB0000462,CUST000462,2025-12-11,2027-12-11,Active,5398,64776
SUB0000463,CUST000463,2023-10-10,2026-10-10,Active,6089,73068
SUB0000464,CUST000464,2024-03-22,2026-03-22,Active,1707,20484
SUB0000465,CUST000465,2024-12-16,2025-12-16,Pending Renewal,3503,42036
SUB0000466,CUST000466,2024-07-18,2026-07-18,Cancelled,4086,49032
SUB0000467,CUST000467,2024-09-11,2026-09-11,Active,21618,259416
SUB0000468,CUST000468,2025-11-24,2028-11-24,Active,5155,61860
SUB0000469,CUST000469,2023-08-06,2026-08-06,Active,1000,12000
SUB0000470,CUST000470,2023-07-12,2026-07-12,Active,1698,20376
SUB0000471,CUST000471,2024-08-19,2027-08-19,Active,953,11436
SUB0000472,CUST000472,2025-11-13,2028-11-13,Active,3077,36924
SUB0000473,CUST000473,2024-07-04,2026-07-04,Active,1510,18120
SUB0000474,CUST000474,2024-07-12,2025-07-12,Pending Renewal,8368,100416
SUB0000475,CUST000475,2023-09-10,2024-09-10,Active,877,10524
SUB0000476,CUST000476,2024-08-19,2027-08-19,Cancelled,2574,30888
SUB0000477,CUST000477,2023-06-30,2024-06-30,Pending Renewal,1552,18624
SUB0000478,CUST000478,2024-01-28,2025-01-28,Pending Renewal,14540,174480
SUB0000479,CUST000479,2024-10-04,2026-10-04,Active,6824,81888
SUB0000480,CUST000480,2023-09-22,2025-09-22,Cancelled,1126,13512
SUB0000481,CUST000481,2023-09-04,2025-09-04,Active,1332,15984
SUB0000482,CUST000482,2023-10-13,2025-10-13,Active,6810,81720
SUB0000483,CUST000483,2024-01-02,2025-01-02,Active,407,4884
SUB0000484,CUST000484,2024-02-28,2025-02-28,Active,111,1332
SUB0000485,CUST000485,2024-03-16,2027-03-16,Pending Renewal,1519,18228
SUB0000486,CUST000486,2025-06-24,2028-06-24,Pending Renewal,12602,151224
SUB0000487,CUST000487,2023-11-13,2025-11-13,Active,1474,17688
SUB0000488,CUST000488,2024-01-01,2026-01-01,Active,350,4200
SUB0000489,CUST000489,2023-11-17,2024-11-17,Active,7435,89220
SUB0000490,CUST000490,2024-04-05,2025-04-05,Active,2171,26052
SUB0000491,CUST000491,2024-11-17,2026-11-17,Pending Renewal,945,11340
SUB0000492,CUST000492,2024-02-13,2026-02-13,Active,621,7452
SUB0000493,CUST000493,2024-11-14,2025-11-14,Active,3022,36264
SUB0000494,CUST000494,2025-06-10,2026-06-10,Active,802,9624
SUB0000495,CUST000495,2023-07-15,2026-07-15,Active,3362,40344
SUB0000496,CUST000496,2025-03-06,2026-03-06,Active,1696,20352
SUB0000497,CUST000497,2024-03-04,2026-03-04,Active,4026,48312
SUB0000498,CUST000498,2025-11-11,2028-11-11,Active,8691,104292
SUB0000499,CUST000499,2024-12-27,2025-12-27,Active,3949,47388
SUB0000500,CUST000500,2024-05-15,2026-05-15,Active,562,6744
SUB0000501,CUST000501,2025-11-07,2026-11-07,Cancelled,6602,79224
SUB0000502,CUST000502,2025-11-19,2028-11-19,Active,1413,16956
SUB0000503,CUST000503,2023-10-17,2024-10-17,Pending Renewal,5125,61500
SUB0000504,CUST000504,2025-07-22,2027-07-22,Active,7770,93240
SUB0000505,CUST000505,2023-07-09,2024-07-09,Active,13971,167652
SUB0000506,CUST000506,2024-04-05,2025-04-05,Active,2139,25668
SUB0000507,CUST000507,2024-07-08,2026-07-08,Active,10466,125592
SUB0000508,CUST000508,2025-03-21,2027-03-21,Active,1938,23256
SUB0000509,CUST000509,2023-11-06,2026-11-06,Active,20484,245808
SUB0000510,CUST000510,2023-10-06,2025-10-06,Active,953,11436
SUB0000511,CUST000511,2024-10-03,2025-10-03,Active,1192,14304
SUB0000512,CUST000512,2025-05-02,2026-05-02,Active,1818,21816
SUB0000513,CUST000513,2025-05-08,2028-05-08,Active,14314,171768
SUB0000514,CUST000514,2023-09-23,2026-09-23,Active,21893,262716
SUB0000515,CUST000515,2024-04-29,2025-04-29,Active,7302,87624
SUB0000516,CUST000516,2024-03-15,2027-03-15,Pending Renewal,5975,71700
SUB0000517,CUST000517,2025-04-17,2028-04-17,Active,408,4896
SUB0000518,CUST000518,2023-09-01,2026-09-01,Active,1459,17508
SUB0000519,CUST000519,2025-09-12,2027-09-12,Pending Renewal,1648,19776
SUB0000520,CUST000520,2024-12-30,2026-12-30,Active,6379,76548
SUB0000521,CUST000521,2024-11-06,2027-11-06,Active,13523,162276
SUB0000522,CUST000522,2025-11-11,2028-11-11,Active,6411,76932
SUB0000523,CUST000523,2024-09-03,2025-09-03,Active,2329,27948
SUB0000524,CUST000524,2023-07-24,2024-07-24,Active,6761,81132
SUB0000525,CUST000525,2023-08-01,2024-08-01,Active,945,11340
SUB0000526,CUST000526,2025-02-17,2027-02-17,Active,1846,22152
SUB0000527,CUST000527,2024-07-24,2026-07-24,Active,6292,75504
SUB0000528,CUST000528,2024-09-30,2027-09-30,Active,1692,20304
SUB0000529,CUST000529,2024-03-18,2027-03-18,Active,9228,110736
SUB0000530,CUST000530,2023-12-08,2024-12-08,Active,605,7260
SUB0000531,CUST000531,2023-11-27,2026-11-27,Active,701,8412
SUB0000532,CUST000532,2024-11-27,2026-11-27,Active,2265,27180
SUB0000533,CUST000533,2024-12-07,2026-12-07,Active,685,8220
SUB0000534,CUST000534,2024-03-14,2025-03-14,Active,1595,19140
SUB0000535,CUST000535,2024-05-24,2026-05-24,Active,6334,76008
SUB0000536,CUST000536,2024-07-31,2026-07-31,Active,748,8976
SUB0000537,CUST000537,2024-04-19,2025-04-19,Active,1975,23700
SUB0000538,CUST000538,2025-04-28,2026-04-28,Active,19064,228768
SUB0000539,CUST000539,2024-06-25,2026-06-25,Pending Renewal,346,4152
SUB0000540,CUST000540,2024-08-25,2026-08-25,Active,17766,213192
SUB0000541,CUST000541,2025-02-27,2026-02-27,Cancelled,4913,58956
SUB0000542,CUST000542,2025-05-08,2028-05-08,Active,7264,87168
SUB0000543,CUST000543,2023-10-02,2024-10-02,Cancelled,6917,83004
SUB0000544,CUST000544,2025-10-29,2028-10-29,Active,1599,19188
SUB0000545,CUST000545,2025-06-24,2027-06-24,Active,1903,22836
SUB0000546,CUST000546,2025-04-02,2027-04-02,Active,315,3780
SUB0000547,CUST000547,2024-03-05,2025-03-05,Active,23031,276372
SUB0000548,CUST000548,2024-04-06,2026-04-06,Active,649,7788
SUB0000549,CUST000549,2024-05-11,2027-05-11,Active,1100,13200
SUB0000550,CUST000550,2025-09-22,2027-09-22,Cancelled,2896,34752
SUB0000551,CUST000551,2024-01-14,2025-01-14,Active,3327,39924
SUB0000552,CUST000552,2025-11-28,2028-11-28,Pending Renewal,3408,40896
SUB0000553,CUST000553,2024-01-09,2025-01-09,Active,16313,195756
SUB0000554,CUST000554,2024-09-29,2026-09-29,Active,2508,30096
SUB0000555,CUST000555,2024-05-14,2027-05-14,Active,3844,46128
SUB0000556,CUST000556,2025-08-31,2027-08-31,Active,24694,296328
SUB0000557,CUST000557,2024-10-16,2026-10-16,Active,7951,95412
SUB0000558,CUST000558,2024-04-17,2025-04-17,Active,16045,192540
SUB0000559,CUST000559,2023-08-29,2025-08-29,Active,1946,23352
SUB0000560,CUST000560,2025-02-09,2027-02-09,Cancelled,1285,15420
SUB0000561,CUST000561,2024-04-30,2026-04-30,Active,17034,204408
SUB0000562,CUST000562,2024-03-12,2027-03-12,Active,6489,77868
SUB0000563,CUST000563,2025-11-09,2028-11-09,Active,5308,63696
SUB0000564,CUST000564,2024-09-12,2027-09-12,Active,15935,191220
SUB0000565,CUST000565,2025-01-09,2027-01-09,Active,8412,100944
SUB0000566,CUST000566,2025-12-23,2028-12-23,Active,1798,21576
SUB0000567,CUST000567,2024-09-15,2027-09-15,Active,1998,23976
SUB0000568,CUST000568,2024-04-10,2025-04-10,Active,125,1500
SUB0000569,CUST000569,2024-06-22,2025-06-22,Active,3701,44412
SUB0000570,CUST000570,2023-12-18,2026-12-18,Active,1271,15252
SUB0000571,CUST000571,2025-03-26,2026-03-26,Active,5723,68676
SUB0000572,CUST000572,2023-10-05,2024-10-05,Active,2397,28764
SUB0000573,CUST000573,2025-10-30,2028-10-30,Cancelled,2797,33564
SUB0000574,CUST000574,2025-07-18,2028-07-18,Active,1945,23340
SUB0000575,CUST000575,2025-04-20,2028-04-20,Active,1306,15672
SUB0000576,CUST000576,2025-09-21,2026-09-21,Active,1501,18012
SUB0000577,CUST000577,2024-11-01,2026-11-01,Active,679,8148
SUB0000578,CUST000578,2023-12-08,2026-12-08,Active,611,7332
SUB0000579,CUST000579,2024-11-13,2027-11-13,Active,209,2508
SUB0000580,CUST000580,2023-08-05,2026-08-05,Active,1675,20100
SUB0000581,CUST000581,2024-04-10,2027-04-10,Cancelled,1942,23304
SUB0000582,CUST000582,2025-01-21,2027-01-21,Pending Renewal,6518,78216
SUB0000583,CUST000583,2023-12-03,2024-12-03,Active,1592,19104
SUB0000584,CUST000584,2024-04-07,2027-04-07,Active,14369,172428
SUB0000585,CUST000585,2023-07-16,2024-07-16,Active,10546,126552
SUB0000586,CUST000586,2024-05-10,2027-05-10,Active,13917,167004
SUB0000587,CUST000587,2025-01-07,2027-01-07,Active,1467,17604
SUB0000588,CUST000588,2024-06-16,2025-06-16,Active,22432,269184
SUB0000589,CUST000589,2025-09-22,2026-09-22,Active,4848,58176
SUB0000590,CUST000590,2024-10-28,2027-10-28,Cancelled,640,7680
SUB0000591,CUST000591,2025-11-09,2028-11-09,Active,1787,21444
SUB0000592,CUST000592,2023-10-13,2026-10-13,Active,7653,91836
SUB0000593,CUST000593,2024-06-27,2027-06-27,Active,377,4524
SUB0000594,CUST000594,2023-07-29,2026-07-29,Active,3506,42072
SUB0000595,CUST000595,2023-09-25,2025-09-25,Active,1074,12888
SUB0000596,CUST000596,2024-04-30,2026-04-30,Active,11535,138420
SUB0000597,CUST000597,2025-09-06,2028-09-06,Active,1007,12084
SUB0000598,CUST000598,2024-07-26,2026-07-26,Active,7075,84900
SUB0000599,CUST000599,2025-01-15,2028-01-15,Cancelled,745,8940
SUB0000600,CUST000600,2024-04-11,2025-04-11,Cancelled,4761,57132
SUB0000601,CUST000601,2023-08-19,2024-08-19,Active,19939,239268
SUB0000602,CUST000602,2024-10-01,2025-10-01,Pending Renewal,1654,19848
SUB0000603,CUST000603,2024-05-19,2026-05-19,Active,13230,158760
SUB0000604,CUST000604,2024-11-05,2026-11-05,Active,7091,85092
SUB0000605,CUST000605,2024-09-19,2027-09-19,Active,16105,193260
SUB0000606,CUST000606,2024-06-03,2027-06-03,Pending Renewal,7941,95292
SUB0000607,CUST000607,2024-01-25,2027-01-25,Active,1855,22260
SUB0000608,CUST000608,2024-06-29,2025-06-29,Active,5756,69072
SUB0000609,CUST000609,2023-07-14,2025-07-14,Active,488,5856
SUB0000610,CUST000610,2024-06-23,2027-06-23,Active,1716,20592
SUB0000611,CUST000611,2025-03-23,2027-03-23,Pending Renewal,1167,14004
SUB0000612,CUST000612,2025-11-15,2026-11-15,Active,6277,75324
SUB0000613,CUST000613,2024-05-15,2025-05-15,Active,5949,71388
SUB0000614,CUST000614,2024-09-06,2027-09-06,Active,11940,143280
SUB0000615,CUST000615,2023-07-05,2026-07-05,Active,3217,38604
SUB0000616,CUST000616,2023-10-29,2024-10-29,Active,6336,76032
SUB0000617,CUST000617,2024-12-30,2026-12-30,Active,4370,52440
SUB0000618,CUST000618,2023-07-06,2025-07-06,Active,1729,20748
SUB0000619,CUST000619,2025-10-30,2027-10-30,Cancelled,4865,58380
SUB0000620,CUST000620,2023-11-27,2026-11-27,Active,3023,36276
SUB0000621,CUST000621,2024-01-18,2027-01-18,Active,852,10224
SUB0000622,CUST000622,2025-04-16,2028-04-16,Active,381,4572
SUB0000623,CUST000623,2025-08-30,2026-08-30,Active,1016,12192
SUB0000624,CUST000624,2024-04-03,2026-04-03,Active,7954,95448
SUB0000625,CUST000625,2024-04-18,2025-04-18,Active,1789,21468
SUB0000626,CUST000626,2024-03-22,2026-03-22,Active,1936,23232
SUB0000627,CUST000627,2025-04-21,2027-04-21,Active,239,2868
SUB0000628,CUST000628,2023-09-02,2025-09-02,Active,7172,86064
SUB0000629,CUST000629,2024-12-26,2025-12-26,Active,11828,141936
SUB0000630,CUST000630,2023-10-04,2024-10-04,Active,3217,38604
SUB0000631,CUST000631,2023-07-30,2026-07-30,Active,24046,288552
SUB0000632,CUST000632,2024-10-02,2025-10-02,Active,24422,293064
SUB0000633,CUST000633,2025-03-14,2028-03-14,Active,1108,13296
SUB0000634,CUST000634,2025-07-01,2027-07-01,Active,6404,76848
SUB0000635,CUST000635,2023-12-30,2026-12-30,Active,2781,33372
SUB0000636,CUST000636,2025-04-20,2028-04-20,Active,1024,12288
SUB0000637,CUST000637,2024-02-25,2027-02-25,Active,13047,156564
SUB0000638,CUST000638,2023-11-09,2025-11-09,Pending Renewal,1943,23316
SUB0000639,CUST000639,2025-12-23,2026-12-23,Active,10855,130260
SUB0000640,CUST000640,2024-07-24,2025-07-24,Active,363,4356
SUB0000641,CUST000641,2025-04-12,2026-04-12,Active,6730,80760
SUB0000642,CUST000642,2025-04-10,2027-04-10,Active,5728,68736
SUB0000643,CUST000643,2024-08-24,2027-08-24,Active,1557,18684
SUB0000644,CUST000644,2025-05-23,2027-05-23,Active,20114,241368
SUB0000645,CUST000645,2025-08-18,2027-08-18,Active,8159,97908
SUB0000646,CUST000646,2024-06-04,2026-06-04,Active,340,4080
SUB0000647,CUST000647,2023-07-28,2025-07-28,Active,1105,13260
SUB0000648,CUST000648,2023-08-23,2024-08-23,Active,478,5736
SUB0000649,CUST000649,2023-12-13,2025-12-13,Active,6224,74688
SUB0000650,CUST000650,2024-09-07,2027-09-07,Active,5947,71364
SUB0000651,CUST000651,2024-10-11,2025-10-11,Pending Renewal,876,10512
SUB0000652,CUST000652,2025-05-15,2027-05-15,Active,444,5328
SUB0000653,CUST000653,2025-10-13,2027-10-13,Active,1945,23340
SUB0000654,CUST000654,2025-04-11,2026-04-11,Active,20888,250656
SUB0000655,CUST000655,2024-11-10,2026-11-10,Active,493,5916
SUB0000656,CUST000656,2023-07-19,2025-07-19,Active,1044,12528
SUB0000657,CUST000657,2025-11-26,2026-11-26,Active,1375,16500
SUB0000658,CUST000658,2025-09-04,2028-09-04,Active,2982,35784
SUB0000659,CUST000659,2023-09-02,2026-09-02,Active,1286,15432
SUB0000660,CUST000660,2025-06-20,2028-06-20,Active,1060,12720
SUB0000661,CUST000661,2024-11-23,2025-11-23,Active,687,8244
SUB0000662,CUST000662,2025-08-19,2027-08-19,Active,898,10776
SUB0000663,CUST000663,2025-11-22,2027-11-22,Active,14339,172068
SUB0000664,CUST000664,2025-05-29,2028-05-29,Active,11944,143328
SUB0000665,CUST000665,2025-03-16,2026-03-16,Active,5345,64140
SUB0000666,CUST000666,2023-09-28,2025-09-28,Active,190,2280
SUB0000667,CUST000667,2024-08-03,2027-08-03,Active,631,7572
SUB0000668,CUST000668,2023-12-22,2025-12-22,Active,7250,87000
SUB0000669,CUST000669,2024-08-31,2027-08-31,Active,1480,17760
SUB0000670,CUST000670,2023-11-29,2025-11-29,Active,1513,18156
SUB0000671,CUST000671,2025-12-14,2027-12-14,Active,7466,89592
SUB0000672,CUST000672,2024-11-27,2026-11-27,Active,3082,36984
SUB0000673,CUST000673,2024-09-28,2026-09-28,Active,896,10752
SUB0000674,CUST000674,2024-07-05,2027-07-05,Active,1003,12036
SUB0000675,CUST000675,2023-10-17,2026-10-17,Active,12435,149220
SUB0000676,CUST000676,2025-07-24,2027-07-24,Active,11994,143928
SUB0000677,CUST000677,2024-10-05,2025-10-05,Active,12723,152676
SUB0000678,CUST000678,2025-11-09,2028-11-09,Cancelled,5531,66372
SUB0000679,CUST000679,2023-11-17,2025-11-17,Pending Renewal,2340,28080
SUB0000680,CUST000680,2024-02-03,2027-02-03,Active,1590,19080
SUB0000681,CUST000681,2024-01-03,2026-01-03,Active,3498,41976
SUB0000682,CUST000682,2024-12-20,2025-12-20,Active,4361,52332
SUB0000683,CUST000683,2025-07-20,2026-07-20,Active,748,8976
SUB0000684,CUST000684,2024-08-23,2025-08-23,Active,24129,289548
SUB0000685,CUST000685,2024-07-07,2026-07-07,Active,2159,25908
SUB0000686,CUST000686,2024-01-20,2027-01-20,Active,2338,28056
SUB0000687,CUST000687,2023-08-01,2026-08-01,Active,357,4284
SUB0000688,CUST000688,2024-10-29,2025-10-29,Active,19018,228216
SUB0000689,CUST000689,2024-12-29,2025-12-29,Active,4340,52080
SUB0000690,CUST000690,2023-12-07,2026-12-07,Active,3076,36912
SUB0000691,CUST000691,2023-09-03,2024-09-03,Active,1727,20724
SUB0000692,CUST000692,2025-11-18,2028-11-18,Active,20864,250368
SUB0000693,CUST000693,2025-04-04,2026-04-04,Active,5641,67692
SUB0000694,CUST000694,2024-08-23,2027-08-23,Pending Renewal,12658,151896
SUB0000695,CUST000695,2025-01-09,2027-01-09,Active,645,7740
SUB0000696,CUST000696,2024-05-02,2027-05-02,Active,7975,95700
SUB0000697,CUST000697,2025-02-06,2027-02-06,Active,5109,61308
SUB0000698,CUST000698,2024-09-06,2026-09-06,Active,1227,14724
SUB0000699,CUST000699,2023-11-19,2026-11-19,Active,10090,121080
SUB0000700,CUST000700,2024-06-01,2026-06-01,Pending Renewal,3691,44292
SUB0000701,CUST000701,2025-03-29,2026-03-29,Active,1429,17148
SUB0000702,CUST000702,2024-05-30,2027-05-30,Active,5838,70056
SUB0000703,CUST000703,2023-07-21,2024-07-21,Active,7572,90864
SUB0000704,CUST000704,2023-11-22,2024-11-22,Active,6983,83796
SUB0000705,CUST000705,2024-06-23,2026-06-23,Active,1824,21888
SUB0000706,CUST000706,2025-09-18,2027-09-18,Active,1816,21792
SUB0000707,CUST000707,2025-10-07,2027-10-07,Active,929,11148
SUB0000708,CUST000708,2025-08-08,2027-08-08,Pending Renewal,4522,54264
SUB0000709,CUST000709,2023-08-07,2024-08-07,Active,2988,35856
SUB0000710,CUST000710,2025-03-08,2026-03-08,Active,854,10248
SUB0000711,CUST000711,2024-05-06,2026-05-06,Active,529,6348
SUB0000712,CUST000712,2023-11-17,2025-11-17,Active,1251,15012
SUB0000713,CUST000713,2023-11-28,2025-11-28,Active,9400,112800
SUB0000714,CUST000714,2023-07-22,2024-07-22,Active,4302,51624
SUB0000715,CUST000715,2025-03-11,2027-03-11,Active,950,11400
SUB0000716,CUST000716,2023-08-01,2026-08-01,Active,5563,66756
SUB0000717,CUST000717,2024-10-13,2026-10-13,Active,1707,20484
SUB0000718,CUST000718,2024-08-30,2027-08-30,Active,981,11772
SUB0000719,CUST000719,2025-04-04,2026-04-04,Cancelled,183,2196
SUB0000720,CUST000720,2025-07-13,2027-07-13,Active,410,4920
SUB0000721,CUST000721,2024-07-01,2026-07-01,Active,6378,76536
SUB0000722,CUST000722,2023-09-03,2026-09-03,Active,7917,95004
SUB0000723,CUST000723,2025-12-19,2028-12-19,Active,6490,77880
SUB0000724,CUST000724,2025-01-08,2026-01-08,Active,307,3684
SUB0000725,CUST000725,2024-12-05,2025-12-05,Active,11422,137064
SUB0000726,CUST000726,2024-06-12,2025-06-12,Active,322,3864
SUB0000727,CUST000727,2025-06-27,2027-06-27,Active,3485,41820
SUB0000728,CUST000728,2024-01-19,2026-01-19,Pending Renewal,4350,52200
SUB0000729,CUST000729,2025-06-15,2026-06-15,Active,432,5184
SUB0000730,CUST000730,2024-07-29,2026-07-29,Active,6313,75756
SUB0000731,CUST000731,2023-07-18,2026-07-18,Active,6449,77388
SUB0000732,CUST000732,2024-04-07,2025-04-07,Pending Renewal,488,5856
SUB0000733,CUST000733,2023-09-01,2025-09-01,Active,6176,74112
SUB0000734,CUST000734,2023-10-05,2026-10-05,Active,6541,78492
SUB0000735,CUST000735,2025-02-22,2026-02-22,Pending Renewal,1237,14844
SUB0000736,CUST000736,2024-09-01,2025-09-01,Active,23717,284604
SUB0000737,CUST000737,2024-09-15,2026-09-15,Active,1640,19680
SUB0000738,CUST000738,2024-04-09,2027-04-09,Active,3226,38712
SUB0000739,CUST000739,2023-07-26,2026-07-26,Active,2933,35196
SUB0000740,CUST000740,2023-10-20,2024-10-20,Active,1958,23496
SUB0000741,CUST000741,2025-01-01,2027-01-01,Active,1780,21360
SUB0000742,CUST000742,2024-11-22,2025-11-22,Pending Renewal,1046,12552
SUB0000743,CUST000743,2025-11-06,2028-11-06,Active,7161,85932
SUB0000744,CUST000744,2025-02-03,2027-02-03,Active,6550,78600
SUB0000745,CUST000745,2024-09-01,2026-09-01,Active,389,4668
SUB0000746,CUST000746,2024-06-26,2025-06-26,Active,2275,27300
SUB0000747,CUST000747,2025-08-21,2026-08-21,Active,252,3024
SUB0000748,CUST000748,2025-02-06,2026-02-06,Active,1745,20940
SUB0000749,CUST000749,2025-05-17,2027-05-17,Pending Renewal,2139,25668
SUB0000750,CUST000750,2024-02-17,2025-02-17,Active,6111,73332
SUB0000751,CUST000751,2025-03-09,2026-03-09,Cancelled,5579,66948
SUB0000752,CUST000752,2024-12-31,2025-12-31,Active,7051,84612
SUB0000753,CUST000753,2024-07-27,2026-07-27,Active,13623,163476
SUB0000754,CUST000754,2024-02-18,2025-02-18,Active,666,7992
SUB0000755,CUST000755,2025-05-15,2028-05-15,Active,175,2100
SUB0000756,CUST000756,2025-11-08,2027-11-08,Active,1001,12012
SUB0000757,CUST000757,2025-01-30,2026-01-30,Active,1433,17196
SUB0000758,CUST000758,2024-09-16,2025-09-16,Active,5081,60972
SUB0000759,CUST000759,2025-09-02,2026-09-02,Active,5164,61968
SUB0000760,CUST000760,2024-03-16,2026-03-16,Active,209,2508
SUB0000761,CUST000761,2025-04-06,2027-04-06,Active,3238,38856
SUB0000762,CUST000762,2023-10-23,2025-10-23,Active,1783,21396
SUB0000763,CUST000763,2025-06-30,2027-06-30,Active,4309,51708
SUB0000764,CUST000764,2025-09-15,2026-09-15,Active,1093,13116
SUB0000765,CUST000765,2023-11-11,2024-11-11,Active,208,2496
SUB0000766,CUST000766,2024-05-27,2026-05-27,Active,6573,78876
SUB0000767,CUST000767,2025-07-25,2026-07-25,Active,1840,22080
SUB0000768,CUST000768,2024-11-14,2025-11-14,Active,3488,41856
SUB0000769,CUST000769,2025-12-08,2027-12-08,Active,5573,66876
SUB0000770,CUST000770,2023-09-01,2026-09-01,Active,1181,14172
SUB0000771,CUST000771,2025-07-22,2027-07-22,Active,405,4860
SUB0000772,CUST000772,2023-07-12,2026-07-12,Active,2983,35796
SUB0000773,CUST000773,2025-01-28,2026-01-28,Active,1242,14904
SUB0000774,CUST000774,2025-02-03,2027-02-03,Active,351,4212
SUB0000775,CUST000775,2025-06-24,2027-06-24,Active,20462,245544
SUB0000776,CUST000776,2024-08-15,2027-08-15,Active,738,8856
SUB0000777,CUST000777,2025-04-16,2028-04-16,Active,334,4008
SUB0000778,CUST000778,2024-06-06,2026-06-06,Active,5103,61236
SUB0000779,CUST000779,2023-10-15,2024-10-15,Active,1653,19836
SUB0000780,CUST000780,2025-12-08,2026-12-08,Cancelled,20543,246516
SUB0000781,CUST000781,2024-07-28,2026-07-28,Active,14067,168804
SUB0000782,CUST000782,2025-12-06,2027-12-06,Active,1248,14976
SUB0000783,CUST000783,2024-05-17,2027-05-17,Active,1465,17580
SUB0000784,CUST000784,2025-03-15,2027-03-15,Active,558,6696
SUB0000785,CUST000785,2024-01-28,2027-01-28,Active,1251,15012
SUB0000786,CUST000786,2024-01-29,2026-01-29,Active,1081,12972
SUB0000787,CUST000787,2024-04-21,2025-04-21,Active,3202,38424
SUB0000788,CUST000788,2024-01-18,2026-01-18,Pending Renewal,7273,87276
SUB0000789,CUST000789,2025-04-03,2026-04-03,Active,1641,19692
SUB0000790,CUST000790,2025-06-04,2027-06-04,Active,133,1596
SUB0000791,CUST000791,2024-06-21,2027-06-21,Active,1085,13020
SUB0000792,CUST000792,2024-04-29,2027-04-29,Active,15138,181656
SUB0000793,CUST000793,2025-03-15,2026-03-15,Active,1096,13152
SUB0000794,CUST000794,2023-11-08,2024-11-08,Active,1186,14232
SUB0000795,CUST000795,2023-12-26,2025-12-26,Active,612,7344
SUB0000796,CUST000796,2024-03-27,2025-03-27,Active,8515,102180
SUB0000797,CUST000797,2025-12-06,2027-12-06,Active,1829,21948
SUB0000798,CUST000798,2024-11-12,2026-11-12,Pending Renewal,171,2052
SUB0000799,CUST000799,2024-12-26,2026-12-26,Active,1703,20436
SUB0000800,CUST000800,2024-07-03,2025-07-03,Active,641,7692
SUB0000801,CUST000801,2024-09-21,2026-09-21,Active,3745,44940
SUB0000802,CUST000802,2025-10-30,2028-10-30,Active,1854,22248
SUB0000803,CUST000803,2024-03-11,2027-03-11,Active,3692,44304
SUB0000804,CUST000804,2024-01-19,2027-01-19,Active,24638,295656
SUB0000805,CUST000805,2023-06-29,2026-06-29,Active,9326,111912
SUB0000806,CUST000806,2024-10-24,2026-10-24,Active,6937,83244
SUB0000807,CUST000807,2023-09-26,2026-09-26,Active,1850,22200
SUB0000808,CUST000808,2025-10-20,2026-10-20,Active,229,2748
SUB0000809,CUST000809,2024-05-22,2027-05-22,Active,1512,18144
SUB0000810,CUST000810,2024-01-26,2027-01-26,Active,1388,16656
SUB0000811,CUST000811,2023-07-02,2024-07-02,Active,9048,108576
SUB0000812,CUST000812,2025-03-17,2027-03-17,Active,2498,29976
SUB0000813,CUST000813,2025-06-26,2026-06-26,Active,2846,34152
SUB0000814,CUST000814,2025-01-09,2028-01-09,Pending Renewal,1554,18648
SUB0000815,CUST000815,2024-11-05,2025-11-05,Active,10898,130776
SUB0000816,CUST000816,2023-09-07,2025-09-07,Active,4994,59928
SUB0000817,CUST000817,2025-10-04,2028-10-04,Active,1526,18312
SUB0000818,CUST000818,2023-12-04,2026-12-04,Active,19650,235800
SUB0000819,CUST000819,2025-07-12,2028-07-12,Active,439,5268
SUB0000820,CUST000820,2024-02-14,2027-02-14,Active,1839,22068
SUB0000821,CUST000821,2023-07-17,2026-07-17,Cancelled,1729,20748
SUB0000822,CUST000822,2025-10-10,2026-10-10,Active,786,9432
SUB0000823,CUST000823,2025-12-23,2027-12-23,Active,1064,12768
SUB0000824,CUST000824,2025-05-17,2028-05-17,Active,4363,52356
SUB0000825,CUST000825,2025-03-13,2028-03-13,Active,4453,53436
SUB0000826,CUST000826,2024-02-23,2027-02-23,Active,17246,206952
SUB0000827,CUST000827,2024-08-19,2026-08-19,Pending Renewal,1149,13788
SUB0000828,CUST000828,2024-03-29,2027-03-29,Active,7645,91740
SUB0000829,CUST000829,2025-03-25,2026-03-25,Pending Renewal,20587,247044
SUB0000830,CUST000830,2023-08-23,2026-08-23,Active,847,10164
SUB0000831,CUST000831,2025-12-20,2026-12-20,Cancelled,433,5196
SUB0000832,CUST000832,2025-07-11,2027-07-11,Active,3935,47220
SUB0000833,CUST000833,2024-04-26,2025-04-26,Pending Renewal,1590,19080
SUB0000834,CUST000834,2025-05-27,2026-05-27,Active,1490,17880
SUB0000835,CUST000835,2025-06-09,2027-06-09,Active,1876,22512
SUB0000836,CUST000836,2025-04-11,2028-04-11,Active,1462,17544
SUB0000837,CUST000837,2025-04-21,2028-04-21,Active,192,2304
SUB0000838,CUST000838,2025-04-27,2026-04-27,Active,1617,19404
SUB0000839,CUST000839,2024-10-29,2026-10-29,Active,134,1608
SUB0000840,CUST000840,2025-01-04,2027-01-04,Active,1142,13704
SUB0000841,CUST000841,2023-09-20,2024-09-20,Active,1206,14472
SUB0000842,CUST000842,2024-09-30,2026-09-30,Active,191,2292
SUB0000843,CUST000843,2025-05-19,2027-05-19,Active,4977,59724
SUB0000844,CUST000844,2025-06-17,2027-06-17,Cancelled,12825,153900
SUB0000845,CUST000845,2023-08-17,2024-08-17,Active,5464,65568
SUB0000846,CUST000846,2024-09-02,2027-09-02,Active,1056,12672
SUB0000847,CUST000847,2023-09-06,2026-09-06,Active,5052,60624
SUB0000848,CUST000848,2025-12-21,2028-12-21,Active,1184,14208
SUB0000849,CUST000849,2025-04-10,2026-04-10,Active,2075,24900
SUB0000850,CUST000850,2023-07-10,2026-07-10,Active,161,1932
SUB0000851,CUST000851,2025-03-01,2026-03-01,Active,12531,150372
SUB0000852,CUST000852,2025-11-04,2027-11-04,Active,1630,19560
SUB0000853,CUST000853,2023-07-05,2025-07-05,Active,2043,24516
SUB0000854,CUST000854,2025-02-01,2026-02-01,Active,612,7344
SUB0000855,CUST000855,2025-03-14,2027-03-14,Pending Renewal,21521,258252
SUB0000856,CUST000856,2023-10-13,2024-10-13,Active,6172,74064
SUB0000857,CUST000857,2025-10-14,2027-10-14,Active,3955,47460
SUB0000858,CUST000858,2025-06-19,2028-06-19,Active,7745,92940
SUB0000859,CUST000859,2024-07-28,2027-07-28,Active,7281,87372
SUB0000860,CUST000860,2024-11-04,2026-11-04,Active,5335,64020
SUB0000861,CUST000861,2024-03-22,2027-03-22,Active,19242,230904
SUB0000862,CUST000862,2025-10-14,2028-10-14,Active,1713,20556
SUB0000863,CUST000863,2024-05-19,2026-05-19,Active,993,11916
SUB0000864,CUST000864,2024-08-17,2025-08-17,Active,4957,59484
SUB0000865,CUST000865,2024-09-09,2026-09-09,Active,6905,82860
SUB0000866,CUST000866,2023-06-29,2026-06-29,Pending Renewal,1024,12288
SUB0000867,CUST000867,2024-03-19,2025-03-19,Active,1162,13944
SUB0000868,CUST000868,2025-12-04,2027-12-04,Active,825,9900
SUB0000869,CUST000869,2024-09-09,2027-09-09,Active,2130,25560
SUB0000870,CUST000870,2024-05-15,2027-05-15,Pending Renewal,7712,92544
SUB0000871,CUST000871,2025-05-16,2027-05-16,Active,6913,82956
SUB0000872,CUST000872,2024-01-04,2026-01-04,Active,812,9744
SUB0000873,CUST000873,2023-10-22,2026-10-22,Active,4528,54336
SUB0000874,CUST000874,2023-09-16,2025-09-16,Cancelled,23440,281280
SUB0000875,CUST000875,2025-02-18,2027-02-18,Active,4541,54492
SUB0000876,CUST000876,2025-05-17,2028-05-17,Active,3993,47916
SUB0000877,CUST000877,2023-08-04,2026-08-04,Active,1598,19176
SUB0000878,CUST000878,2024-02-06,2025-02-06,Active,4028,48336
SUB0000879,CUST000879,2024-01-28,2027-01-28,Active,1573,18876
SUB0000880,CUST000880,2025-04-03,2026-04-03,Active,5355,64260
SUB0000881,CUST000881,2024-02-07,2027-02-07,Active,2273,27276
SUB0000882,CUST000882,2025-03-01,2026-03-01,Active,4063,48756
SUB0000883,CUST000883,2025-11-14,2026-11-14,Active,4290,51480
SUB0000884,CUST000884,2025-06-30,2027-06-30,Active,8612,103344
SUB0000885,CUST000885,2025-05-25,2027-05-25,Active,1425,17100
SUB0000886,CUST000886,2023-09-25,2024-09-25,Active,1700,20400
SUB0000887,CUST000887,2024-02-08,2026-02-08,Active,854,10248
SUB0000888,CUST000888,2024-04-15,2027-04-15,Active,1249,14988
SUB0000889,CUST000889,2025-11-04,2027-11-04,Pending Renewal,382,4584
SUB0000890,CUST000890,2024-04-24,2027-04-24,Active,1454,17448
SUB0000891,CUST000891,2023-10-18,2025-10-18,Active,423,5076
SUB0000892,CUST000892,2025-03-17,2026-03-17,Pending Renewal,1497,17964
SUB0000893,CUST000893,2024-03-11,2027-03-11,Active,1092,13104
SUB0000894,CUST000894,2023-11-05,2024-11-05,Pending Renewal,135,1620
SUB0000895,CUST000895,2025-06-28,2027-06-28,Cancelled,1046,12552
SUB0000896,CUST000896,2024-04-10,2026-04-10,Active,9937,119244
SUB0000897,CUST000897,2025-04-11,2027-04-11,Active,16054,192648
SUB0000898,CUST000898,2024-08-25,2026-08-25,Active,16213,194556
SUB0000899,CUST000899,2023-09-14,2024-09-14,Active,2924,35088
SUB0000900,CUST000900,2025-11-03,2027-11-03,Active,15468,185616
SUB0000901,CUST000901,2023-09-19,2025-09-19,Active,3321,39852
SUB0000902,CUST000902,2024-09-04,2027-09-04,Active,5434,65208
SUB0000903,CUST000903,2025-02-07,2026-02-07,Active,706,8472
SUB0000904,CUST000904,2024-07-18,2027-07-18,Active,5152,61824
SUB0000905,CUST000905,2024-01-11,2027-01-11,Active,13073,156876
SUB0000906,CUST000906,2025-06-22,2026-06-22,Active,914,10968
SUB0000907,CUST000907,2023-11-12,2024-11-12,Active,1194,14328
SUB0000908,CUST000908,2023-07-30,2024-07-30,Active,347,4164
SUB0000909,CUST000909,2025-12-17,2026-12-17,Pending Renewal,1001,12012
SUB0000910,CUST000910,2024-03-26,2026-03-26,Active,7277,87324
SUB0000911,CUST000911,2025-07-10,2026-07-10,Active,879,10548
SUB0000912,CUST000912,2023-11-29,2024-11-29,Active,7213,86556
SUB0000913,CUST000913,2025-01-14,2028-01-14,Active,8540,102480
SUB0000914,CUST000914,2023-09-30,2025-09-30,Cancelled,7193,86316
SUB0000915,CUST000915,2025-12-16,2026-12-16,Active,1792,21504
SUB0000916,CUST000916,2023-10-17,2024-10-17,Active,1280,15360
SUB0000917,CUST000917,2023-12-03,2026-12-03,Active,5661,67932
SUB0000918,CUST000918,2023-11-14,2024-11-14,Active,1599,19188
SUB0000919,CUST000919,2025-08-04,2027-08-04,Active,803,9636
SUB0000920,CUST000920,2024-04-16,2025-04-16,Pending Renewal,4524,54288
SUB0000921,CUST000921,2024-09-16,2026-09-16,Active,1193,14316
SUB0000922,CUST000922,2023-09-17,2025-09-17,Cancelled,1497,17964
SUB0000923,CUST000923,2025-04-11,2028-04-11,Active,1155,13860
SUB0000924,CUST000924,2025-05-12,2027-05-12,Active,837,10044
SUB0000925,CUST000925,2025-03-13,2028-03-13,Active,3152,37824
SUB0000926,CUST000926,2023-09-13,2026-09-13,Active,7680,92160
SUB0000927,CUST000927,2024-06-09,2027-06-09,Active,3212,38544
SUB0000928,CUST000928,2023-10-27,2025-10-27,Active,209,2508
SUB0000929,CUST000929,2024-07-20,2026-07-20,Active,1001,12012
SUB0000930,CUST000930,2024-12-02,2025-12-02,Active,183,2196
SUB0000931,CUST000931,2025-01-02,2028-01-02,Active,3511,42132
SUB0000932,CUST000932,2024-06-10,2027-06-10,Active,5508,66096
SUB0000933,CUST000933,2023-07-29,2024-07-29,Active,1533,18396
SUB0000934,CUST000934,2024-03-11,2027-03-11,Active,15973,191676
SUB0000935,CUST000935,2025-12-11,2026-12-11,Active,1128,13536
SUB0000936,CUST000936,2025-05-02,2026-05-02,Active,1859,22308
SUB0000937,CUST000937,2025-07-01,2028-07-01,Active,5359,64308
SUB0000938,CUST000938,2025-09-18,2028-09-18,Active,1246,14952
SUB0000939,CUST000939,2025-04-04,2026-04-04,Active,1883,22596
SUB0000940,CUST000940,2024-11-17,2025-11-17,Active,780,9360
SUB0000941,CUST000941,2024-01-26,2027-01-26,Pending Renewal,588,7056
SUB0000942,CUST000942,2024-08-05,2026-08-05,Active,1604,19248
SUB0000943,CUST000943,2025-03-30,2028-03-30,Active,1517,18204
SUB0000944,CUST000944,2025-11-18,2026-11-18,Active,1455,17460
SUB0000945,CUST000945,2025-03-12,2026-03-12,Pending Renewal,525,6300
SUB0000946,CUST000946,2025-09-17,2028-09-17,Active,19130,229560
SUB0000947,CUST000947,2025-03-24,2028-03-24,Active,1309,15708
SUB0000948,CUST000948,2025-01-29,2026-01-29,Active,8003,96036
SUB0000949,CUST000949,2024-06-16,2026-06-16,Active,11456,137472
SUB0000950,CUST000950,2024-12-01,2027-12-01,Active,1801,21612
SUB0000951,CUST000951,2024-03-26,2025-03-26,Active,957,11484
SUB0000952,CUST000952,2024-06-16,2027-06-16,Pending Renewal,2655,31860
SUB0000953,CUST000953,2023-07-26,2026-07-26,Cancelled,22919,275028
SUB0000954,CUST000954,2024-03-02,2025-03-02,Active,7045,84540
SUB0000955,CUST000955,2025-07-15,2028-07-15,Active,158,1896
SUB0000956,CUST000956,2024-03-28,2026-03-28,Active,23574,282888
SUB0000957,CUST000957,2025-06-02,2027-06-02,Active,403,4836
SUB0000958,CUST000958,2023-12-23,2026-12-23,Active,1184,14208
SUB0000959,CUST000959,2025-04-21,2028-04-21,Active,830,9960
SUB0000960,CUST000960,2024-09-12,2027-09-12,Active,6591,79092
SUB0000961,CUST000961,2025-05-15,2026-05-15,Active,555,6660
SUB0000962,CUST000962,2025-09-01,2026-09-01,Active,2888,34656
SUB0000963,CUST000963,2025-03-26,2026-03-26,Active,6055,72660
SUB0000964,CUST000964,2025-08-18,2027-08-18,Active,1336,16032
SUB0000965,CUST000965,2025-04-25,2027-04-25,Active,16925,203100
SUB0000966,CUST000966,2024-07-11,2027-07-11,Active,1661,19932
SUB0000967,CUST000967,2025-09-26,2028-09-26,Active,6491,77892
SUB0000968,CUST000968,2025-06-13,2028-06-13,Active,672,8064
SUB0000969,CUST000969,2025-08-16,2026-08-16,Active,1944,23328
SUB0000970,CUST000970,2023-10-06,2026-10-06,Active,11541,138492
SUB0000971,CUST000971,2025-02-04,2028-02-04,Active,3653,43836
SUB0000972,CUST000972,2025-11-04,2028-11-04,Active,22938,275256
SUB0000973,CUST000973,2023-07-20,2024-07-20,Cancelled,2045,24540
SUB0000974,CUST000974,2024-09-02,2025-09-02,Active,1123,13476
SUB0000975,CUST000975,2025-09-27,2026-09-27,Pending Renewal,1624,19488
SUB0000976,CUST000976,2024-10-02,2025-10-02,Active,5282,63384
SUB0000977,CUST000977,2024-04-23,2026-04-23,Active,1379,16548
SUB0000978,CUST000978,2024-11-14,2025-11-14,Active,858,10296
SUB0000979,CUST000979,2025-02-14,2027-02-14,Active,2947,35364
SUB0000980,CUST000980,2024-12-02,2027-12-02,Active,5337,64044
SUB0000981,CUST000981,2024-03-02,2026-03-02,Active,10017,120204
SUB0000982,CUST000982,2024-02-16,2026-02-16,Active,6450,77400
SUB0000983,CUST000983,2023-08-19,2024-08-19,Active,7864,94368
SUB0000984,CUST000984,2024-08-29,2025-08-29,Active,1315,15780
SUB0000985,CUST000985,2025-07-31,2026-07-31,Active,1120,13440
SUB0000986,CUST000986,2023-07-12,2026-07-12,Pending Renewal,1614,19368
SUB0000987,CUST000987,2025-07-31,2028-07-31,Active,22337,268044
SUB0000988,CUST000988,2025-04-07,2026-04-07,Active,404,4848
SUB0000989,CUST000989,2025-11-17,2027-11-17,Active,2370,28440
SUB0000990,CUST000990,2024-08-04,2025-08-04,Active,19217,230604
SUB0000991,CUST000991,2025-10-25,2027-10-25,Active,1209,14508
SUB0000992,CUST000992,2023-10-09,2024-10-09,Active,6135,73620
SUB0000993,CUST000993,2025-06-02,2028-06-02,Active,5690,68280
SUB0000994,CUST000994,2025-11-19,2027-11-19,Pending Renewal,1147,13764
SUB0000995,CUST000995,2025-04-16,2028-04-16,Active,19349,232188
SUB0000996,CUST000996,2024-02-09,2025-02-09,Active,144,1728
SUB0000997,CUST000997,2025-01-29,2028-01-29,Active,3154,37848
SUB0000998,CUST000998,2024-03-04,2027-03-04,Active,1035,12420
SUB0000999,CUST000999,2024-10-24,2025-10-24,Active,128,1536
SUB0001000,CUST001000,2024-12-02,2026-12-02,Active,15743,188916
SUB0001001,CUST001001,2023-07-16,2025-07-16,Active,1063,12756
SUB0001002,CUST001002,2023-08-04,2026-08-04,Active,14918,179016
SUB0001003,CUST001003,2025-05-02,2027-05-02,Active,1766,21192
SUB0001004,CUST001004,2025-01-23,2026-01-23,Active,417,5004
SUB0001005,CUST001005,2025-03-10,2028-03-10,Active,281,3372
SUB0001006,CUST001006,2024-05-31,2026-05-31,Pending Renewal,1454,17448
SUB0001007,CUST001007,2025-09-19,2027-09-19,Active,1510,18120
SUB0001008,CUST001008,2025-09-16,2027-09-16,Active,411,4932
SUB0001009,CUST001009,2024-06-05,2025-06-05,Active,2834,34008
SUB0001010,CUST001010,2024-05-14,2025-05-14,Active,350,4200
SUB0001011,CUST001011,2024-11-27,2027-11-27,Active,14790,177480
SUB0001012,CUST001012,2024-09-30,2027-09-30,Active,169,2028
SUB0001013,CUST001013,2023-07-23,2026-07-23,Active,657,7884
SUB0001014,CUST001014,2025-03-02,2027-03-02,Active,1385,16620
SUB0001015,CUST001015,2023-11-20,2024-11-20,Active,527,6324
SUB0001016,CUST001016,2024-12-07,2025-12-07,Active,935,11220
SUB0001017,CUST001017,2024-07-09,2026-07-09,Active,207,2484
SUB0001018,CUST001018,2024-11-21,2027-11-21,Active,23011,276132
SUB0001019,CUST001019,2023-12-19,2024-12-19,Active,17246,206952
SUB0001020,CUST001020,2025-06-05,2026-06-05,Active,21728,260736
SUB0001021,CUST001021,2024-08-28,2025-08-28,Active,5685,68220
SUB0001022,CUST001022,2025-11-14,2028-11-14,Active,953,11436
SUB0001023,CUST001023,2023-08-31,2026-08-31,Active,18166,217992
SUB0001024,CUST001024,2025-05-26,2026-05-26,Active,4156,49872
SUB0001025,CUST001025,2025-08-23,2028-08-23,Active,7873,94476
SUB0001026,CUST001026,2023-11-29,2026-11-29,Active,5747,68964
SUB0001027,CUST001027,2025-09-23,2027-09-23,Active,6773,81276
SUB0001028,CUST001028,2025-01-05,2027-01-05,Active,20144,241728
SUB0001029,CUST001029,2024-04-14,2027-04-14,Active,11805,141660
SUB0001030,CUST001030,2025-07-16,2027-07-16,Active,8950,107400
SUB0001031,CUST001031,2025-08-12,2026-08-12,Active,5012,60144
SUB0001032,CUST001032,2025-08-24,2026-08-24,Active,1019,12228
SUB0001033,CUST001033,2025-03-05,2026-03-05,Active,1918,23016
SUB0001034,CUST001034,2024-05-15,2025-05-15,Active,7285,87420
SUB0001035,CUST001035,2025-02-08,2028-02-08,Active,920,11040
SUB0001036,CUST001036,2025-02-26,2028-02-26,Active,16847,202164
SUB0001037,CUST001037,2025-12-08,2026-12-08,Active,3469,41628
SUB0001038,CUST001038,2023-07-25,2026-07-25,Active,11675,140100
SUB0001039,CUST001039,2025-11-15,2028-11-15,Active,294,3528
SUB0001040,CUST001040,2024-08-24,2025-08-24,Active,2026,24312
SUB0001041,CUST001041,2023-12-17,2024-12-17,Active,727,8724
SUB0001042,CUST001042,2025-09-14,2028-09-14,Active,601,7212
SUB0001043,CUST001043,2024-11-04,2026-11-04,Active,7094,85128
SUB0001044,CUST001044,2025-01-12,2026-01-12,Pending Renewal,2448,29376
SUB0001045,CUST001045,2024-12-06,2027-12-06,Active,1214,14568
SUB0001046,CUST001046,2025-11-16,2028-11-16,Cancelled,5609,67308
SUB0001047,CUST001047,2024-02-28,2027-02-28,Active,418,5016
SUB0001048,CUST001048,2025-03-27,2028-03-27,Pending Renewal,1318,15816
SUB0001049,CUST001049,2024-05-29,2026-05-29,Active,2273,27276
SUB0001050,CUST001050,2025-08-31,2026-08-31,Pending Renewal,3635,43620
SUB0001051,CUST001051,2024-08-12,2025-08-12,Active,1585,19020
SUB0001052,CUST001052,2023-09-08,2024-09-08,Active,938,11256
SUB0001053,CUST001053,2024-03-24,2027-03-24,Active,2900,34800
SUB0001054,CUST001054,2025-01-03,2026-01-03,Active,15157,181884
SUB0001055,CUST001055,2025-04-01,2026-04-01,Active,608,7296
SUB0001056,CUST001056,2025-07-29,2026-07-29,Active,2853,34236
SUB0001057,CUST001057,2024-04-29,2027-04-29,Active,21500,258000
SUB0001058,CUST001058,2024-11-29,2025-11-29,Active,4598,55176
SUB0001059,CUST001059,2025-07-02,2027-07-02,Active,3217,38604
SUB0001060,CUST001060,2025-12-19,2028-12-19,Active,1690,20280
SUB0001061,CUST001061,2025-01-15,2028-01-15,Active,1160,13920
SUB0001062,CUST001062,2024-02-10,2027-02-10,Active,434,5208
SUB0001063,CUST001063,2024-05-24,2025-05-24,Active,7015,84180
SUB0001064,CUST001064,2023-12-13,2026-12-13,Active,677,8124
SUB0001065,CUST001065,2023-10-09,2026-10-09,Active,4676,56112
SUB0001066,CUST001066,2025-06-14,2026-06-14,Active,1342,16104
SUB0001067,CUST001067,2023-06-25,2025-06-25,Active,582,6984
SUB0001068,CUST001068,2024-05-07,2026-05-07,Pending Renewal,21305,255660
SUB0001069,CUST001069,2024-06-27,2026-06-27,Active,2607,31284
SUB0001070,CUST001070,2024-10-05,2025-10-05,Active,1267,15204
SUB0001071,CUST001071,2023-12-28,2026-12-28,Active,783,9396
SUB0001072,CUST001072,2025-04-26,2026-04-26,Pending Renewal,10593,127116
SUB0001073,CUST001073,2024-01-09,2026-01-09,Pending Renewal,2861,34332
SUB0001074,CUST001074,2024-04-25,2027-04-25,Active,4077,48924
SUB0001075,CUST001075,2024-10-24,2027-10-24,Active,2604,31248
SUB0001076,CUST001076,2023-08-08,2024-08-08,Active,792,9504
SUB0001077,CUST001077,2025-11-20,2027-11-20,Active,5192,62304
SUB0001078,CUST001078,2024-03-10,2025-03-10,Cancelled,942,11304
SUB0001079,CUST001079,2023-10-14,2025-10-14,Active,18503,222036
SUB0001080,CUST001080,2023-08-09,2024-08-09,Active,18674,224088
SUB0001081,CUST001081,2025-04-22,2028-04-22,Active,1265,15180
SUB0001082,CUST001082,2025-09-10,2026-09-10,Active,6392,76704
SUB0001083,CUST001083,2025-04-13,2028-04-13,Active,6529,78348
SUB0001084,CUST001084,2024-11-12,2026-11-12,Active,16534,198408
SUB0001085,CUST001085,2025-10-19,2026-10-19,Pending Renewal,6403,76836
SUB0001086,CUST001086,2025-03-12,2027-03-12,Active,235,2820
SUB0001087,CUST001087,2023-11-12,2026-11-12,Active,1587,19044
SUB0001088,CUST001088,2023-12-17,2026-12-17,Active,3948,47376
SUB0001089,CUST001089,2023-06-28,2025-06-28,Active,1049,12588
SUB0001090,CUST001090,2025-03-24,2026-03-24,Active,1192,14304
SUB0001091,CUST001091,2025-03-09,2027-03-09,Active,6365,76380
SUB0001092,CUST001092,2024-02-09,2027-02-09,Pending Renewal,1359,16308
SUB0001093,CUST001093,2023-11-21,2026-11-21,Cancelled,7384,88608
SUB0001094,CUST001094,2023-09-10,2024-09-10,Active,2532,30384
SUB0001095,CUST001095,2025-08-12,2027-08-12,Active,1927,23124
SUB0001096,CUST001096,2024-03-16,2025-03-16,Active,7575,90900
SUB0001097,CUST001097,2024-12-22,2027-12-22,Active,1792,21504
SUB0001098,CUST001098,2025-10-16,2028-10-16,Active,17264,207168
SUB0001099,CUST001099,2023-11-12,2025-11-12,Active,4860,58320
SUB0001100,CUST001100,2025-06-19,2027-06-19,Active,7868,94416
SUB0001101,CUST001101,2023-12-17,2024-12-17,Active,22480,269760
SUB0001102,CUST001102,2025-10-16,2026-10-16,Active,4571,54852
SUB0001103,CUST001103,2025-03-03,2027-03-03,Active,24504,294048
SUB0001104,CUST001104,2024-08-09,2027-08-09,Active,2680,32160
SUB0001105,CUST001105,2023-10-02,2026-10-02,Active,8480,101760
SUB0001106,CUST001106,2024-06-05,2027-06-05,Active,6145,73740
SUB0001107,CUST001107,2023-08-13,2026-08-13,Pending Renewal,6315,75780
SUB0001108,CUST001108,2023-10-07,2024-10-07,Active,1286,15432
SUB0001109,CUST001109,2023-10-12,2026-10-12,Active,7196,86352
SUB0001110,CUST001110,2023-11-19,2026-11-19,Active,1350,16200
SUB0001111,CUST001111,2025-05-08,2026-05-08,Pending Renewal,444,5328
SUB0001112,CUST001112,2025-02-18,2026-02-18,Active,1321,15852
SUB0001113,CUST001113,2025-08-07,2028-08-07,Active,1165,13980
SUB0001114,CUST001114,2024-07-05,2026-07-05,Active,1889,22668
SUB0001115,CUST001115,2024-04-28,2026-04-28,Active,6310,75720
SUB0001116,CUST001116,2025-03-31,2028-03-31,Active,3121,37452
SUB0001117,CUST001117,2024-03-31,2026-03-31,Active,12471,149652
SUB0001118,CUST001118,2023-12-18,2024-12-18,Active,1064,12768
SUB0001119,CUST001119,2024-11-09,2026-11-09,Pending Renewal,7843,94116
SUB0001120,CUST001120,2024-06-23,2027-06-23,Active,4817,57804
SUB0001121,CUST001121,2025-08-26,2028-08-26,Active,12305,147660
SUB0001122,CUST001122,2025-11-30,2027-11-30,Active,7271,87252
SUB0001123,CUST001123,2024-07-13,2025-07-13,Active,20120,241440
SUB0001124,CUST001124,2025-11-13,2027-11-13,Active,1475,17700
SUB0001125,CUST001125,2025-05-29,2026-05-29,Active,1232,14784
SUB0001126,CUST001126,2025-11-12,2027-11-12,Active,1745,20940
SUB0001127,CUST001127,2025-03-11,2027-03-11,Active,1186,14232
SUB0001128,CUST001128,2025-12-26,2027-12-26,Active,2538,30456
SUB0001129,CUST001129,2024-09-27,2025-09-27,Active,558,6696
SUB0001130,CUST001130,2024-04-26,2025-04-26,Active,1259,15108
SUB0001131,CUST001131,2025-04-09,2027-04-09,Active,494,5928
SUB0001132,CUST001132,2023-10-27,2025-10-27,Active,10375,124500
SUB0001133,CUST001133,2025-05-10,2027-05-10,Active,2225,26700
SUB0001134,CUST001134,2023-09-13,2024-09-13,Active,6393,76716
SUB0001135,CUST001135,2024-11-22,2025-11-22,Active,5415,64980
SUB0001136,CUST001136,2024-02-07,2025-02-07,Active,975,11700
SUB0001137,CUST001137,2024-07-11,2025-07-11,Active,1246,14952
SUB0001138,CUST001138,2025-04-21,2028-04-21,Active,1012,12144
SUB0001139,CUST001139,2024-12-05,2027-12-05,Active,4431,53172
SUB0001140,CUST001140,2025-06-24,2027-06-24,Active,1039,12468
SUB0001141,CUST001141,2024-11-24,2026-11-24,Pending Renewal,521,6252
SUB0001142,CUST001142,2023-09-22,2025-09-22,Active,4402,52824
SUB0001143,CUST001143,2025-01-05,2026-01-05,Active,1566,18792
SUB0001144,CUST001144,2024-09-20,2025-09-20,Active,4065,48780
SUB0001145,CUST001145,2023-10-21,2025-10-21,Active,630,7560
SUB0001146,CUST001146,2024-11-18,2027-11-18,Active,1016,12192
SUB0001147,CUST001147,2025-03-06,2028-03-06,Active,1910,22920
SUB0001148,CUST001148,2024-03-17,2027-03-17,Active,1675,20100
SUB0001149,CUST001149,2025-11-14,2026-11-14,Active,18549,222588
SUB0001150,CUST001150,2025-03-02,2028-03-02,Active,22851,274212
SUB0001151,CUST001151,2025-12-09,2026-12-09,Active,1401,16812
SUB0001152,CUST001152,2023-06-27,2025-06-27,Active,610,7320
SUB0001153,CUST001153,2023-07-06,2026-07-06,Active,17094,205128
SUB0001154,CUST001154,2025-09-04,2027-09-04,Pending Renewal,7927,95124
SUB0001155,CUST001155,2025-03-24,2027-03-24,Active,1865,22380
SUB0001156,CUST001156,2025-11-30,2028-11-30,Active,5739,68868
SUB0001157,CUST001157,2025-10-13,2026-10-13,Active,2147,25764
SUB0001158,CUST001158,2025-02-18,2026-02-18,Cancelled,3812,45744
SUB0001159,CUST001159,2024-09-15,2026-09-15,Active,1311,15732
SUB0001160,CUST001160,2023-08-13,2025-08-13,Active,3430,41160
SUB0001161,CUST001161,2025-09-12,2027-09-12,Cancelled,5401,64812
SUB0001162,CUST001162,2024-08-19,2025-08-19,Active,7667,92004
SUB0001163,CUST001163,2023-09-17,2026-09-17,Active,1263,15156
SUB0001164,CUST001164,2024-02-15,2026-02-15,Pending Renewal,1757,21084
SUB0001165,CUST001165,2023-11-24,2024-11-24,Active,1850,22200
SUB0001166,CUST001166,2025-03-08,2026-03-08,Active,749,8988
SUB0001167,CUST001167,2023-07-16,2024-07-16,Active,828,9936
SUB0001168,CUST001168,2025-05-08,2026-05-08,Active,779,9348
SUB0001169,CUST001169,2025-06-29,2028-06-29,Active,4967,59604
SUB0001170,CUST001170,2024-06-24,2025-06-24,Active,5030,60360
SUB0001171,CUST001171,2023-10-11,2024-10-11,Active,1102,13224
SUB0001172,CUST001172,2023-07-03,2026-07-03,Active,1740,20880
SUB0001173,CUST001173,2025-07-22,2026-07-22,Active,4170,50040
SUB0001174,CUST001174,2024-09-08,2025-09-08,Active,2635,31620
SUB0001175,CUST001175,2023-09-15,2025-09-15,Active,1905,22860
SUB0001176,CUST001176,2025-08-01,2026-08-01,Active,1342,16104
SUB0001177,CUST001177,2025-11-18,2026-11-18,Active,1656,19872
SUB0001178,CUST001178,2025-05-17,2027-05-17,Pending Renewal,255,3060
SUB0001179,CUST001179,2023-08-31,2024-08-31,Cancelled,12574,150888
SUB0001180,CUST001180,2024-11-13,2027-11-13,Pending Renewal,1136,13632
SUB0001181,CUST001181,2025-07-02,2027-07-02,Active,2071,24852
SUB0001182,CUST001182,2025-06-06,2027-06-06,Active,565,6780
SUB0001183,CUST001183,2025-03-11,2026-03-11,Pending Renewal,4377,52524
SUB0001184,CUST001184,2023-10-28,2026-10-28,Active,1300,15600
SUB0001185,CUST001185,2025-04-21,2026-04-21,Active,285,3420
SUB0001186,CUST001186,2025-11-15,2026-11-15,Active,6273,75276
SUB0001187,CUST001187,2023-12-12,2025-12-12,Active,647,7764
SUB0001188,CUST001188,2024-07-24,2026-07-24,Active,6883,82596
SUB0001189,CUST001189,2025-08-26,2027-08-26,Active,7523,90276
SUB0001190,CUST001190,2025-03-02,2027-03-02,Active,627,7524
SUB0001191,CUST001191,2024-12-30,2026-12-30,Active,1914,22968
SUB0001192,CUST001192,2024-06-25,2026-06-25,Active,3101,37212
SUB0001193,CUST001193,2024-02-05,2026-02-05,Active,229,2748
SUB0001194,CUST001194,2024-08-07,2025-08-07,Active,5939,71268
SUB0001195,CUST001195,2024-07-19,2027-07-19,Active,16727,200724
SUB0001196,CUST001196,2023-07-02,2026-07-02,Active,1735,20820
SUB0001197,CUST001197,2025-09-12,2027-09-12,Active,704,8448
SUB0001198,CUST001198,2024-11-05,2026-11-05,Active,1911,22932
SUB0001199,CUST001199,2024-10-02,2025-10-02,Active,6544,78528
SUB0001200,CUST001200,2024-02-03,2027-02-03,Active,1136,13632
SUB0001201,CUST001201,2025-11-10,2028-11-10,Active,5771,69252
SUB0001202,CUST001202,2024-10-05,2026-10-05,Active,1163,13956
SUB0001203,CUST001203,2025-06-25,2026-06-25,Active,395,4740
SUB0001204,CUST001204,2023-12-20,2025-12-20,Active,6962,83544
SUB0001205,CUST001205,2025-09-15,2027-09-15,Active,2526,30312
SUB0001206,CUST001206,2024-07-08,2027-07-08,Active,1347,16164
SUB0001207,CUST001207,2024-05-07,2026-05-07,Cancelled,14307,171684
SUB0001208,CUST001208,2025-06-17,2027-06-17,Active,6765,81180
SUB0001209,CUST001209,2024-07-07,2027-07-07,Active,3959,47508
SUB0001210,CUST001210,2024-02-16,2026-02-16,Active,444,5328
SUB0001211,CUST001211,2025-12-14,2026-12-14,Active,1686,20232
SUB0001212,CUST001212,2025-07-30,2026-07-30,Active,2070,24840
SUB0001213,CUST001213,2023-08-06,2025-08-06,Active,805,9660
SUB0001214,CUST001214,2023-09-27,2026-09-27,Active,3938,47256
SUB0001215,CUST001215,2025-07-01,2026-07-01,Active,1804,21648
SUB0001216,CUST001216,2023-06-25,2026-06-25,Active,1473,17676
SUB0001217,CUST001217,2025-02-23,2027-02-23,Active,1643,19716
SUB0001218,CUST001218,2024-02-06,2026-02-06,Pending Renewal,987,11844
SUB0001219,CUST001219,2024-04-05,2026-04-05,Active,4317,51804
SUB0001220,CUST001220,2025-06-28,2028-06-28,Cancelled,4907,58884
SUB0001221,CUST001221,2025-01-03,2027-01-03,Active,1953,23436
SUB0001222,CUST001222,2024-04-17,2027-04-17,Active,19861,238332
SUB0001223,CUST001223,2023-12-09,2026-12-09,Active,20010,240120
SUB0001224,CUST001224,2023-10-13,2026-10-13,Active,1100,13200
SUB0001225,CUST001225,2025-11-27,2026-11-27,Active,2466,29592
SUB0001226,CUST001226,2025-04-19,2026-04-19,Active,1994,23928
SUB0001227,CUST001227,2023-08-05,2024-08-05,Active,1053,12636
SUB0001228,CUST001228,2023-09-01,2025-09-01,Active,1353,16236
SUB0001229,CUST001229,2024-04-26,2026-04-26,Active,20749,248988
SUB0001230,CUST001230,2024-08-16,2027-08-16,Active,5900,70800
SUB0001231,CUST001231,2025-08-02,2027-08-02,Active,4917,59004
SUB0001232,CUST001232,2023-11-13,2025-11-13,Active,343,4116
SUB0001233,CUST001233,2025-04-24,2027-04-24,Active,1582,18984
SUB0001234,CUST001234,2024-07-08,2026-07-08,Active,1836,22032
SUB0001235,CUST001235,2024-11-20,2026-11-20,Active,1314,15768
SUB0001236,CUST001236,2023-10-18,2024-10-18,Active,2840,34080
SUB0001237,CUST001237,2025-12-11,2026-12-11,Active,1695,20340
SUB0001238,CUST001238,2023-08-28,2026-08-28,Active,646,7752
SUB0001239,CUST001239,2025-11-12,2028-11-12,Active,1659,19908
SUB0001240,CUST001240,2024-09-04,2025-09-04,Cancelled,22733,272796
SUB0001241,CUST001241,2025-11-11,2028-11-11,Active,2383,28596
SUB0001242,CUST001242,2025-08-26,2028-08-26,Active,1900,22800
SUB0001243,CUST001243,2024-12-13,2027-12-13,Pending Renewal,1526,18312
SUB0001244,CUST001244,2024-04-22,2027-04-22,Active,1711,20532
SUB0001245,CUST001245,2024-01-15,2026-01-15,Active,2100,25200
SUB0001246,CUST001246,2024-06-09,2025-06-09,Active,9257,111084
SUB0001247,CUST001247,2025-07-08,2028-07-08,Cancelled,1328,15936
SUB0001248,CUST001248,2024-06-25,2025-06-25,Active,1556,18672
SUB0001249,CUST001249,2024-04-10,2027-04-10,Active,2849,34188
SUB0001250,CUST001250,2024-07-09,2027-07-09,Active,6400,76800
SUB0001251,CUST001251,2024-11-02,2026-11-02,Active,2577,30924
SUB0001252,CUST001252,2025-03-19,2028-03-19,Active,3245,38940
SUB0001253,CUST001253,2025-05-25,2028-05-25,Active,6082,72984
SUB0001254,CUST001254,2024-11-17,2025-11-17,Active,2424,29088
SUB0001255,CUST001255,2025-04-26,2028-04-26,Active,1716,20592
SUB0001256,CUST001256,2023-07-08,2024-07-08,Active,1635,19620
SUB0001257,CUST001257,2024-02-20,2027-02-20,Active,1397,16764
SUB0001258,CUST001258,2024-02-05,2025-02-05,Active,262,3144
SUB0001259,CUST001259,2025-12-20,2026-12-20,Cancelled,4740,56880
SUB0001260,CUST001260,2025-01-11,2028-01-11,Active,4357,52284
SUB0001261,CUST001261,2025-02-11,2028-02-11,Active,4160,49920
SUB0001262,CUST001262,2025-02-02,2026-02-02,Active,12549,150588
SUB0001263,CUST001263,2023-07-08,2026-07-08,Active,661,7932
SUB0001264,CUST001264,2024-06-16,2026-06-16,Pending Renewal,1193,14316
SUB0001265,CUST001265,2023-12-14,2026-12-14,Cancelled,1747,20964
SUB0001266,CUST001266,2025-11-29,2026-11-29,Active,2915,34980
SUB0001267,CUST001267,2024-03-01,2026-03-01,Active,2298,27576
SUB0001268,CUST001268,2024-02-27,2027-02-27,Active,1881,22572
SUB0001269,CUST001269,2024-01-10,2026-01-10,Active,357,4284
SUB0001270,CUST001270,2025-07-15,2028-07-15,Active,8556,102672
SUB0001271,CUST001271,2024-08-03,2027-08-03,Active,3016,36192
SUB0001272,CUST001272,2024-09-28,2027-09-28,Active,1614,19368
SUB0001273,CUST001273,2025-11-05,2027-11-05,Active,832,9984
SUB0001274,CUST001274,2025-03-26,2028-03-26,Active,5988,71856
SUB0001275,CUST001275,2023-12-14,2024-12-14,Active,1540,18480
SUB0001276,CUST001276,2025-11-03,2026-11-03,Active,23083,276996
SUB0001277,CUST001277,2025-09-11,2026-09-11,Active,3033,36396
SUB0001278,CUST001278,2025-11-17,2028-11-17,Active,6905,82860
SUB0001279,CUST001279,2025-02-09,2026-02-09,Active,16168,194016
SUB0001280,CUST001280,2025-03-02,2026-03-02,Active,1492,17904
SUB0001281,CUST001281,2023-09-01,2024-09-01,Pending Renewal,7536,90432
SUB0001282,CUST001282,2023-09-20,2026-09-20,Pending Renewal,1695,20340
SUB0001283,CUST001283,2024-04-09,2027-04-09,Active,1166,13992
SUB0001284,CUST001284,2024-05-16,2026-05-16,Pending Renewal,1764,21168
SUB0001285,CUST001285,2025-10-03,2027-10-03,Active,816,9792
SUB0001286,CUST001286,2025-11-24,2026-11-24,Active,1397,16764
SUB0001287,CUST001287,2025-04-22,2028-04-22,Active,5791,69492
SUB0001288,CUST001288,2023-12-02,2024-12-02,Active,665,7980
SUB0001289,CUST001289,2024-01-17,2027-01-17,Active,1533,18396
SUB0001290,CUST001290,2024-07-26,2026-07-26,Active,15896,190752
SUB0001291,CUST001291,2025-06-11,2028-06-11,Cancelled,24041,288492
SUB0001292,CUST001292,2024-02-09,2026-02-09,Active,7813,93756
SUB0001293,CUST001293,2024-11-03,2025-11-03,Active,1576,18912
SUB0001294,CUST001294,2024-11-17,2025-11-17,Active,3899,46788
SUB0001295,CUST001295,2025-10-11,2028-10-11,Active,1253,15036
SUB0001296,CUST001296,2025-10-31,2028-10-31,Active,4575,54900
SUB0001297,CUST001297,2024-05-17,2025-05-17,Pending Renewal,818,9816
SUB0001298,CUST001298,2024-11-25,2026-11-25,Active,895,10740
SUB0001299,CUST001299,2025-06-08,2028-06-08,Pending Renewal,10073,120876
SUB0001300,CUST001300,2025-04-18,2026-04-18,Active,6516,78192
SUB0001301,CUST001301,2024-06-13,2026-06-13,Active,773,9276
SUB0001302,CUST001302,2023-06-28,2024-06-28,Active,981,11772
SUB0001303,CUST001303,2024-01-03,2027-01-03,Active,2302,27624
SUB0001304,CUST001304,2024-11-02,2027-11-02,Active,972,11664
SUB0001305,CUST001305,2024-09-09,2026-09-09,Active,18902,226824
SUB0001306,CUST001306,2024-11-27,2026-11-27,Active,175,2100
SUB0001307,CUST001307,2023-12-30,2026-12-30,Active,1003,12036
SUB0001308,CUST001308,2025-04-18,2026-04-18,Active,5587,67044
SUB0001309,CUST001309,2025-11-25,2027-11-25,Active,18738,224856
SUB0001310,CUST001310,2025-01-31,2026-01-31,Active,5141,61692
SUB0001311,CUST001311,2025-10-06,2027-10-06,Active,11800,141600
SUB0001312,CUST001312,2024-05-19,2026-05-19,Active,7113,85356
SUB0001313,CUST001313,2023-07-10,2026-07-10,Active,3907,46884
SUB0001314,CUST001314,2024-11-06,2026-11-06,Active,7258,87096
SUB0001315,CUST001315,2025-07-20,2028-07-20,Active,6404,76848
SUB0001316,CUST001316,2025-12-13,2027-12-13,Active,18741,224892
SUB0001317,CUST001317,2023-08-09,2024-08-09,Active,18935,227220
SUB0001318,CUST001318,2023-12-03,2024-12-03,Active,917,11004
SUB0001319,CUST001319,2023-12-23,2024-12-23,Active,5195,62340
SUB0001320,CUST001320,2025-12-12,2026-12-12,Active,5152,61824
SUB0001321,CUST001321,2024-11-28,2026-11-28,Active,1371,16452
SUB0001322,CUST001322,2025-09-29,2026-09-29,Active,24734,296808
SUB0001323,CUST001323,2023-08-31,2025-08-31,Active,1527,18324
SUB0001324,CUST001324,2024-02-15,2026-02-15,Active,559,6708
SUB0001325,CUST001325,2024-08-14,2027-08-14,Active,14088,169056
SUB0001326,CUST001326,2025-09-05,2026-09-05,Active,1110,13320
SUB0001327,CUST001327,2024-02-21,2026-02-21,Active,993,11916
SUB0001328,CUST001328,2025-04-03,2026-04-03,Active,1266,15192
SUB0001329,CUST001329,2025-06-25,2026-06-25,Active,7717,92604
SUB0001330,CUST001330,2024-02-22,2025-02-22,Active,4994,59928
SUB0001331,CUST001331,2024-01-19,2027-01-19,Active,768,9216
SUB0001332,CUST001332,2024-06-12,2025-06-12,Active,4657,55884
SUB0001333,CUST001333,2024-09-25,2026-09-25,Cancelled,7118,85416
SUB0001334,CUST001334,2025-12-20,2027-12-20,Active,1708,20496
SUB0001335,CUST001335,2024-03-23,2025-03-23,Active,4320,51840
SUB0001336,CUST001336,2023-11-30,2026-11-30,Active,1392,16704
SUB0001337,CUST001337,2024-10-25,2026-10-25,Active,520,6240
SUB0001338,CUST001338,2024-10-05,2026-10-05,Pending Renewal,1313,15756
SUB0001339,CUST001339,2024-11-25,2027-11-25,Active,10029,120348
SUB0001340,CUST001340,2024-03-27,2026-03-27,Active,1031,12372
SUB0001341,CUST001341,2025-03-25,2026-03-25,Active,1492,17904
SUB0001342,CUST001342,2023-09-25,2024-09-25,Active,8489,101868
SUB0001343,CUST001343,2025-02-22,2026-02-22,Active,4056,48672
SUB0001344,CUST001344,2024-07-31,2025-07-31,Active,1542,18504
SUB0001345,CUST001345,2025-10-19,2026-10-19,Active,1245,14940
SUB0001346,CUST001346,2023-12-31,2026-12-31,Active,1507,18084
SUB0001347,CUST001347,2025-05-03,2026-05-03,Pending Renewal,524,6288
SUB0001348,CUST001348,2023-08-31,2026-08-31,Active,2409,28908
SUB0001349,CUST001349,2024-09-26,2027-09-26,Active,2457,29484
SUB0001350,CUST001350,2025-09-16,2026-09-16,Active,6138,73656
SUB0001351,CUST001351,2024-09-10,2025-09-10,Active,7240,86880
SUB0001352,CUST001352,2025-09-25,2028-09-25,Active,5043,60516
SUB0001353,CUST001353,2025-03-31,2028-03-31,Cancelled,23862,286344
SUB0001354,CUST001354,2025-11-17,2028-11-17,Active,7523,90276
SUB0001355,CUST001355,2024-12-09,2025-12-09,Active,6574,78888
SUB0001356,CUST001356,2024-05-26,2026-05-26,Active,3602,43224
SUB0001357,CUST001357,2023-12-21,2025-12-21,Active,1416,16992
SUB0001358,CUST001358,2024-04-27,2027-04-27,Active,1286,15432
SUB0001359,CUST001359,2025-09-09,2028-09-09,Active,20594,247128
SUB0001360,CUST001360,2025-12-20,2027-12-20,Active,23496,281952
SUB0001361,CUST001361,2025-03-13,2028-03-13,Active,1155,13860
SUB0001362,CUST001362,2024-04-29,2027-04-29,Active,4378,52536
SUB0001363,CUST001363,2025-02-04,2028-02-04,Active,1171,14052
SUB0001364,CUST001364,2025-04-21,2028-04-21,Active,9592,115104
SUB0001365,CUST001365,2025-01-25,2026-01-25,Active,999,11988
SUB0001366,CUST001366,2025-10-13,2027-10-13,Active,1628,19536
SUB0001367,CUST001367,2024-10-06,2026-10-06,Active,5678,68136
SUB0001368,CUST001368,2024-10-08,2027-10-08,Pending Renewal,3104,37248
SUB0001369,CUST001369,2025-02-25,2028-02-25,Active,1589,19068
SUB0001370,CUST001370,2023-08-25,2025-08-25,Active,1520,18240
SUB0001371,CUST001371,2025-07-09,2028-07-09,Pending Renewal,22075,264900
SUB0001372,CUST001372,2025-02-03,2028-02-03,Pending Renewal,508,6096
SUB0001373,CUST001373,2024-12-03,2026-12-03,Active,24875,298500
SUB0001374,CUST001374,2024-02-27,2027-02-27,Pending Renewal,1454,17448
SUB0001375,CUST001375,2024-02-12,2027-02-12,Active,5702,68424
SUB0001376,CUST001376,2024-10-06,2025-10-06,Cancelled,1606,19272
SUB0001377,CUST001377,2025-04-29,2028-04-29,Active,1119,13428
SUB0001378,CUST001378,2024-01-13,2026-01-13,Active,8493,101916
SUB0001379,CUST001379,2025-09-15,2028-09-15,Active,1761,21132
SUB0001380,CUST001380,2024-02-10,2027-02-10,Pending Renewal,3913,46956
SUB0001381,CUST001381,2024-06-12,2026-06-12,Active,1439,17268
SUB0001382,CUST001382,2024-05-14,2027-05-14,Active,17819,213828
SUB0001383,CUST001383,2024-02-16,2027-02-16,Active,1417,17004
SUB0001384,CUST001384,2023-07-21,2026-07-21,Active,11221,134652
SUB0001385,CUST001385,2024-03-14,2026-03-14,Active,5265,63180
SUB0001386,CUST001386,2025-11-14,2028-11-14,Active,23741,284892
SUB0001387,CUST001387,2025-07-16,2028-07-16,Pending Renewal,5926,71112
SUB0001388,CUST001388,2023-11-07,2024-11-07,Active,2011,24132
SUB0001389,CUST001389,2024-07-13,2025-07-13,Active,1654,19848
SUB0001390,CUST001390,2023-08-16,2024-08-16,Active,166,1992
SUB0001391,CUST001391,2025-06-17,2028-06-17,Active,2637,31644
SUB0001392,CUST001392,2024-10-11,2027-10-11,Active,1506,18072
SUB0001393,CUST001393,2024-01-23,2027-01-23,Active,175,2100
SUB0001394,CUST001394,2025-12-05,2028-12-05,Active,550,6600
SUB0001395,CUST001395,2025-08-06,2027-08-06,Active,6027,72324
SUB0001396,CUST001396,2024-09-14,2025-09-14,Active,6972,83664
SUB0001397,CUST001397,2025-06-14,2028-06-14,Active,368,4416
SUB0001398,CUST001398,2025-07-25,2026-07-25,Active,1767,21204
SUB0001399,CUST001399,2024-07-06,2026-07-06,Pending Renewal,1191,14292
SUB0001400,CUST001400,2025-01-15,2027-01-15,Active,21004,252048
SUB0001401,CUST001401,2025-05-15,2027-05-15,Active,1312,15744
SUB0001402,CUST001402,2023-09-13,2026-09-13,Active,705,8460
SUB0001403,CUST001403,2024-12-31,2027-12-31,Active,8663,103956
SUB0001404,CUST001404,2024-09-18,2026-09-18,Active,1083,12996
SUB0001405,CUST001405,2025-04-03,2026-04-03,Cancelled,2350,28200
SUB0001406,CUST001406,2025-10-01,2026-10-01,Active,6204,74448
SUB0001407,CUST001407,2025-07-16,2028-07-16,Active,1199,14388
SUB0001408,CUST001408,2025-05-08,2028-05-08,Active,1231,14772
SUB0001409,CUST001409,2024-05-06,2026-05-06,Active,5954,71448
SUB0001410,CUST001410,2023-07-01,2024-07-01,Active,714,8568
SUB0001411,CUST001411,2025-08-07,2026-08-07,Active,6022,72264
SUB0001412,CUST001412,2024-10-26,2027-10-26,Active,20222,242664
SUB0001413,CUST001413,2025-08-11,2027-08-11,Active,4453,53436
SUB0001414,CUST001414,2024-04-07,2025-04-07,Pending Renewal,563,6756
SUB0001415,CUST001415,2024-10-16,2025-10-16,Active,20876,250512
SUB0001416,CUST001416,2024-08-04,2027-08-04,Active,20882,250584
SUB0001417,CUST001417,2023-11-15,2026-11-15,Active,5446,65352
SUB0001418,CUST001418,2024-07-31,2027-07-31,Active,733,8796
SUB0001419,CUST001419,2024-03-17,2027-03-17,Active,8732,104784
SUB0001420,CUST001420,2024-08-02,2026-08-02,Active,1730,20760
SUB0001421,CUST001421,2023-12-02,2024-12-02,Cancelled,1624,19488
SUB0001422,CUST001422,2024-04-03,2027-04-03,Active,3534,42408
SUB0001423,CUST001423,2025-03-31,2026-03-31,Active,6632,79584
SUB0001424,CUST001424,2023-12-07,2025-12-07,Active,298,3576
SUB0001425,CUST001425,2023-08-11,2026-08-11,Active,19905,238860
SUB0001426,CUST001426,2024-10-23,2027-10-23,Active,22481,269772
SUB0001427,CUST001427,2024-03-29,2027-03-29,Cancelled,6152,73824
SUB0001428,CUST001428,2024-12-16,2026-12-16,Pending Renewal,1834,22008
SUB0001429,CUST001429,2024-02-16,2025-02-16,Active,883,10596
SUB0001430,CUST001430,2024-10-02,2026-10-02,Pending Renewal,1910,22920
SUB0001431,CUST001431,2023-09-19,2026-09-19,Active,484,5808
SUB0001432,CUST001432,2023-08-18,2026-08-18,Pending Renewal,718,8616
SUB0001433,CUST001433,2023-07-24,2025-07-24,Active,10256,123072
SUB0001434,CUST001434,2025-03-15,2026-03-15,Active,12143,145716
SUB0001435,CUST001435,2024-03-10,2027-03-10,Active,1002,12024
SUB0001436,CUST001436,2024-09-29,2025-09-29,Pending Renewal,8868,106416
SUB0001437,CUST001437,2025-06-05,2028-06-05,Pending Renewal,261,3132
SUB0001438,CUST001438,2023-09-30,2025-09-30,Active,7626,91512
SUB0001439,CUST001439,2023-09-23,2024-09-23,Active,364,4368
SUB0001440,CUST001440,2025-11-07,2027-11-07,Active,6286,75432
SUB0001441,CUST001441,2023-08-23,2026-08-23,Active,1443,17316
SUB0001442,CUST001442,2024-07-30,2027-07-30,Active,387,4644
SUB0001443,CUST001443,2023-09-08,2025-09-08,Active,1411,16932
SUB0001444,CUST001444,2025-02-19,2027-02-19,Active,10386,124632
SUB0001445,CUST001445,2025-07-28,2028-07-28,Active,11155,133860
SUB0001446,CUST001446,2023-11-02,2024-11-02,Active,1979,23748
SUB0001447,CUST001447,2025-10-28,2027-10-28,Active,2314,27768
SUB0001448,CUST001448,2025-04-25,2028-04-25,Active,1496,17952
SUB0001449,CUST001449,2025-07-02,2028-07-02,Active,730,8760
SUB0001450,CUST001450,2024-05-26,2025-05-26,Active,15042,180504
SUB0001451,CUST001451,2024-06-30,2025-06-30,Active,11776,141312
SUB0001452,CUST001452,2023-08-17,2025-08-17,Active,7118,85416
SUB0001453,CUST001453,2025-03-28,2028-03-28,Active,4267,51204
SUB0001454,CUST001454,2024-10-16,2025-10-16,Active,129,1548
SUB0001455,CUST001455,2024-12-15,2026-12-15,Active,1905,22860
SUB0001456,CUST001456,2025-01-15,2027-01-15,Active,255,3060
SUB0001457,CUST001457,2024-03-17,2025-03-17,Active,7987,95844
SUB0001458,CUST001458,2023-10-23,2025-10-23,Active,1973,23676
SUB0001459,CUST001459,2024-04-27,2025-04-27,Active,7740,92880
SUB0001460,CUST001460,2024-02-12,2027-02-12,Active,13067,156804
SUB0001461,CUST001461,2024-09-05,2027-09-05,Active,474,5688
SUB0001462,CUST001462,2023-12-21,2024-12-21,Active,836,10032
SUB0001463,CUST001463,2025-05-11,2026-05-11,Active,1390,16680
SUB0001464,CUST001464,2025-02-10,2028-02-10,Active,1142,13704
SUB0001465,CUST001465,2025-08-02,2026-08-02,Pending Renewal,8035,96420
SUB0001466,CUST001466,2023-11-04,2026-11-04,Active,342,4104
SUB0001467,CUST001467,2024-09-11,2027-09-11,Active,141,1692
SUB0001468,CUST001468,2023-12-19,2026-12-19,Active,1021,12252
SUB0001469,CUST001469,2024-10-19,2026-10-19,Active,6919,83028
SUB0001470,CUST001470,2024-11-30,2025-11-30,Active,4926,59112
SUB0001471,CUST001471,2025-10-12,2026-10-12,Pending Renewal,5468,65616
SUB0001472,CUST001472,2024-02-02,2025-02-02,Pending Renewal,7617,91404
SUB0001473,CUST001473,2024-10-11,2026-10-11,Active,1491,17892
SUB0001474,CUST001474,2025-06-06,2026-06-06,Active,2440,29280
SUB0001475,CUST001475,2025-07-25,2028-07-25,Active,23006,276072
SUB0001476,CUST001476,2024-06-06,2026-06-06,Active,545,6540
SUB0001477,CUST001477,2023-07-14,2024-07-14,Active,2002,24024
SUB0001478,CUST001478,2024-10-13,2027-10-13,Active,992,11904
SUB0001479,CUST001479,2023-08-08,2025-08-08,Active,23685,284220
SUB0001480,CUST001480,2025-05-05,2028-05-05,Active,1274,15288
SUB0001481,CUST001481,2025-11-26,2026-11-26,Pending Renewal,5838,70056
SUB0001482,CUST001482,2024-08-27,2025-08-27,Pending Renewal,1679,20148
SUB0001483,CUST001483,2023-07-09,2025-07-09,Active,14431,173172
SUB0001484,CUST001484,2024-02-23,2027-02-23,Pending Renewal,1339,16068
SUB0001485,CUST001485,2023-08-02,2026-08-02,Active,826,9912
SUB0001486,CUST001486,2023-08-03,2026-08-03,Active,22249,266988
SUB0001487,CUST001487,2023-10-20,2025-10-20,Active,18209,218508
SUB0001488,CUST001488,2023-11-01,2026-11-01,Active,7241,86892
SUB0001489,CUST001489,2024-10-17,2026-10-17,Active,4511,54132
SUB0001490,CUST001490,2025-10-10,2026-10-10,Active,15828,189936
SUB0001491,CUST001491,2024-06-24,2027-06-24,Active,1680,20160
SUB0001492,CUST001492,2025-03-13,2028-03-13,Pending Renewal,20455,245460
SUB0001493,CUST001493,2024-01-03,2027-01-03,Active,7123,85476
SUB0001494,CUST001494,2024-02-11,2025-02-11,Active,580,6960
SUB0001495,CUST001495,2025-04-21,2026-04-21,Active,932,11184
SUB0001496,CUST001496,2025-11-12,2028-11-12,Cancelled,1251,15012
SUB0001497,CUST001497,2024-01-21,2025-01-21,Active,17970,215640
SUB0001498,CUST001498,2024-10-09,2025-10-09,Active,3986,47832
SUB0001499,CUST001499,2023-10-04,2026-10-04,Active,1724,20688
SUB0001500,CUST001500,2025-06-25,2027-06-25,Active,1046,12552
SUB0001501,CUST001501,2024-09-21,2027-09-21,Active,19024,228288
SUB0001502,CUST001502,2025-03-01,2027-03-01,Pending Renewal,2948,35376
SUB0001503,CUST001503,2024-05-15,2025-05-15,Active,3305,39660
SUB0001504,CUST001504,2025-03-30,2028-03-30,Active,14299,171588
SUB0001505,CUST001505,2024-01-05,2027-01-05,Pending Renewal,716,8592
SUB0001506,CUST001506,2024-02-05,2027-02-05,Active,772,9264
SUB0001507,CUST001507,2024-10-01,2025-10-01,Active,5491,65892
SUB0001508,CUST001508,2023-12-07,2024-12-07,Pending Renewal,8956,107472
SUB0001509,CUST001509,2024-04-07,2026-04-07,Active,1472,17664
SUB0001510,CUST001510,2023-11-03,2026-11-03,Active,1283,15396
SUB0001511,CUST001511,2025-03-02,2027-03-02,Active,5689,68268
SUB0001512,CUST001512,2023-08-14,2025-08-14,Active,261,3132
SUB0001513,CUST001513,2024-04-06,2025-04-06,Active,853,10236
SUB0001514,CUST001514,2025-07-03,2028-07-03,Active,1514,18168
SUB0001515,CUST001515,2024-01-03,2027-01-03,Active,3434,41208
SUB0001516,CUST001516,2025-07-26,2028-07-26,Pending Renewal,246,2952
SUB0001517,CUST001517,2024-07-17,2026-07-17,Pending Renewal,1377,16524
SUB0001518,CUST001518,2024-04-06,2026-04-06,Pending Renewal,271,3252
SUB0001519,CUST001519,2024-08-16,2025-08-16,Pending Renewal,20412,244944
SUB0001520,CUST001520,2024-02-08,2026-02-08,Active,941,11292
SUB0001521,CUST001521,2024-04-26,2026-04-26,Active,1087,13044
SUB0001522,CUST001522,2024-07-31,2026-07-31,Active,1018,12216
SUB0001523,CUST001523,2023-09-08,2026-09-08,Pending Renewal,1040,12480
SUB0001524,CUST001524,2024-03-04,2027-03-04,Active,1673,20076
SUB0001525,CUST001525,2023-06-30,2025-06-30,Active,1018,12216
SUB0001526,CUST001526,2024-09-05,2025-09-05,Pending Renewal,1304,15648
SUB0001527,CUST001527,2025-06-09,2028-06-09,Active,24601,295212
SUB0001528,CUST001528,2023-11-29,2025-11-29,Pending Renewal,5088,61056
SUB0001529,CUST001529,2024-02-23,2027-02-23,Active,1601,19212
SUB0001530,CUST001530,2024-06-20,2026-06-20,Active,1623,19476
SUB0001531,CUST001531,2024-02-26,2026-02-26,Active,3911,46932
SUB0001532,CUST001532,2024-03-02,2027-03-02,Active,2972,35664
SUB0001533,CUST001533,2024-12-06,2026-12-06,Active,391,4692
SUB0001534,CUST001534,2024-05-17,2026-05-17,Active,20687,248244
SUB0001535,CUST001535,2024-03-25,2027-03-25,Active,21164,253968
SUB0001536,CUST001536,2023-11-25,2025-11-25,Active,5871,70452
SUB0001537,CUST001537,2025-02-10,2027-02-10,Active,152,1824
SUB0001538,CUST001538,2024-02-16,2025-02-16,Active,23765,285180
SUB0001539,CUST001539,2025-03-12,2026-03-12,Active,253,3036
SUB0001540,CUST001540,2025-09-26,2027-09-26,Active,16721,200652
SUB0001541,CUST001541,2023-07-19,2026-07-19,Active,1530,18360
SUB0001542,CUST001542,2025-05-20,2027-05-20,Cancelled,1533,18396
SUB0001543,CUST001543,2023-07-07,2025-07-07,Pending Renewal,888,10656
SUB0001544,CUST001544,2025-07-07,2028-07-07,Active,1737,20844
SUB0001545,CUST001545,2024-06-20,2025-06-20,Active,7136,85632
SUB0001546,CUST001546,2023-10-21,2024-10-21,Active,6392,76704
SUB0001547,CUST001547,2025-09-26,2028-09-26,Active,1093,13116
SUB0001548,CUST001548,2025-06-30,2027-06-30,Cancelled,392,4704
SUB0001549,CUST001549,2024-09-10,2026-09-10,Active,14469,173628
SUB0001550,CUST001550,2025-06-06,2026-06-06,Active,1473,17676
SUB0001551,CUST001551,2024-09-07,2027-09-07,Pending Renewal,4944,59328
SUB0001552,CUST001552,2025-02-10,2028-02-10,Active,22160,265920
SUB0001553,CUST001553,2024-07-22,2027-07-22,Active,1849,22188
SUB0001554,CUST001554,2024-05-01,2025-05-01,Active,1659,19908
SUB0001555,CUST001555,2024-03-16,2026-03-16,Active,21162,253944
SUB0001556,CUST001556,2024-07-25,2025-07-25,Active,4588,55056
SUB0001557,CUST001557,2025-06-16,2027-06-16,Pending Renewal,714,8568
SUB0001558,CUST001558,2025-11-20,2027-11-20,Active,1966,23592
SUB0001559,CUST001559,2025-04-12,2027-04-12,Active,1536,18432
SUB0001560,CUST001560,2024-12-03,2026-12-03,Active,12418,149016
SUB0001561,CUST001561,2023-09-20,2025-09-20,Active,4697,56364
SUB0001562,CUST001562,2023-12-27,2025-12-27,Active,120,1440
SUB0001563,CUST001563,2024-07-18,2027-07-18,Active,18037,216444
SUB0001564,CUST001564,2025-06-10,2028-06-10,Active,6147,73764
SUB0001565,CUST001565,2023-10-29,2025-10-29,Active,7033,84396
SUB0001566,CUST001566,2025-08-20,2028-08-20,Pending Renewal,4315,51780
SUB0001567,CUST001567,2024-03-05,2027-03-05,Active,1111,13332
SUB0001568,CUST001568,2025-04-12,2027-04-12,Active,787,9444
SUB0001569,CUST001569,2024-12-31,2026-12-31,Active,2690,32280
SUB0001570,CUST001570,2023-09-09,2025-09-09,Active,1668,20016
SUB0001571,CUST001571,2025-11-08,2028-11-08,Active,7667,92004
SUB0001572,CUST001572,2024-01-22,2027-01-22,Active,5702,68424
SUB0001573,CUST001573,2024-10-08,2026-10-08,Active,3489,41868
SUB0001574,CUST001574,2024-05-03,2025-05-03,Pending Renewal,2717,32604
SUB0001575,CUST001575,2024-08-03,2025-08-03,Active,1296,15552
SUB0001576,CUST001576,2024-01-03,2026-01-03,Active,6315,75780
SUB0001577,CUST001577,2024-08-08,2026-08-08,Pending Renewal,158,1896
SUB0001578,CUST001578,2024-06-17,2027-06-17,Active,1486,17832
SUB0001579,CUST001579,2025-09-17,2028-09-17,Active,2811,33732
SUB0001580,CUST001580,2025-01-14,2027-01-14,Active,7922,95064
SUB0001581,CUST001581,2024-06-12,2025-06-12,Active,2619,31428
SUB0001582,CUST001582,2024-11-29,2025-11-29,Active,1145,13740
SUB0001583,CUST001583,2024-07-18,2026-07-18,Pending Renewal,600,7200
SUB0001584,CUST001584,2023-07-24,2026-07-24,Active,1749,20988
SUB0001585,CUST001585,2024-06-12,2027-06-12,Active,1231,14772
SUB0001586,CUST001586,2024-05-15,2026-05-15,Active,7021,84252
SUB0001587,CUST001587,2025-04-18,2028-04-18,Active,19628,235536
SUB0001588,CUST001588,2025-12-25,2027-12-25,Cancelled,1412,16944
SUB0001589,CUST001589,2024-06-10,2026-06-10,Active,689,8268
SUB0001590,CUST001590,2023-11-03,2025-11-03,Pending Renewal,3374,40488
SUB0001591,CUST001591,2024-04-18,2026-04-18,Active,1615,19380
SUB0001592,CUST001592,2025-10-16,2026-10-16,Pending Renewal,760,9120
SUB0001593,CUST001593,2025-12-06,2027-12-06,Active,176,2112
SUB0001594,CUST001594,2024-07-07,2025-07-07,Active,427,5124
SUB0001595,CUST001595,2024-07-05,2027-07-05,Pending Renewal,890,10680
SUB0001596,CUST001596,2023-07-06,2026-07-06,Active,1409,16908
SUB0001597,CUST001597,2025-11-21,2028-11-21,Active,525,6300
SUB0001598,CUST001598,2024-11-07,2026-11-07,Active,981,11772
SUB0001599,CUST001599,2025-07-05,2028-07-05,Active,19123,229476
SUB0001600,CUST001600,2023-06-25,2024-06-25,Active,791,9492
SUB0001601,CUST001601,2025-09-25,2028-09-25,Active,21743,260916
SUB0001602,CUST001602,2024-07-25,2025-07-25,Active,1810,21720
SUB0001603,CUST001603,2024-03-26,2025-03-26,Active,660,7920
SUB0001604,CUST001604,2023-12-18,2026-12-18,Active,7088,85056
SUB0001605,CUST001605,2024-07-08,2027-07-08,Active,5269,63228
SUB0001606,CUST001606,2023-12-28,2025-12-28,Active,183,2196
SUB0001607,CUST001607,2023-08-23,2025-08-23,Active,6564,78768
SUB0001608,CUST001608,2025-10-28,2026-10-28,Active,1638,19656
SUB0001609,CUST001609,2024-08-27,2027-08-27,Active,6414,76968
SUB0001610,CUST001610,2023-10-16,2025-10-16,Active,4084,49008
SUB0001611,CUST001611,2023-09-13,2026-09-13,Active,2307,27684
SUB0001612,CUST001612,2023-09-28,2026-09-28,Active,14090,169080
SUB0001613,CUST001613,2024-04-10,2027-04-10,Cancelled,672,8064
SUB0001614,CUST001614,2025-08-23,2028-08-23,Active,100,1200
SUB0001615,CUST001615,2025-06-08,2028-06-08,Active,4319,51828
SUB0001616,CUST001616,2023-09-19,2026-09-19,Active,1842,22104
SUB0001617,CUST001617,2023-06-27,2025-06-27,Cancelled,1457,17484
SUB0001618,CUST001618,2025-04-26,2027-04-26,Active,5334,64008
SUB0001619,CUST001619,2024-01-29,2027-01-29,Active,7667,92004
SUB0001620,CUST001620,2025-10-15,2028-10-15,Active,1405,16860
SUB0001621,CUST001621,2025-04-30,2027-04-30,Active,3821,45852
SUB0001622,CUST001622,2023-08-08,2025-08-08,Pending Renewal,23111,277332
SUB0001623,CUST001623,2024-01-11,2027-01-11,Active,24808,297696
SUB0001624,CUST001624,2024-02-18,2025-02-18,Active,5962,71544
SUB0001625,CUST001625,2025-05-09,2027-05-09,Active,7646,91752
SUB0001626,CUST001626,2023-12-29,2025-12-29,Active,10274,123288
SUB0001627,CUST001627,2025-12-07,2026-12-07,Active,6638,79656
SUB0001628,CUST001628,2024-08-24,2026-08-24,Active,1214,14568
SUB0001629,CUST001629,2024-10-17,2026-10-17,Active,1794,21528
SUB0001630,CUST001630,2024-04-02,2026-04-02,Active,5345,64140
SUB0001631,CUST001631,2025-11-18,2026-11-18,Pending Renewal,16867,202404
SUB0001632,CUST001632,2024-07-02,2026-07-02,Active,2528,30336
SUB0001633,CUST001633,2023-08-18,2026-08-18,Active,14827,177924
SUB0001634,CUST001634,2025-07-23,2026-07-23,Active,6477,77724
SUB0001635,CUST001635,2025-01-19,2028-01-19,Active,1296,15552
SUB0001636,CUST001636,2025-06-14,2028-06-14,Active,1154,13848
SUB0001637,CUST001637,2025-04-04,2027-04-04,Active,1313,15756
SUB0001638,CUST001638,2025-04-01,2026-04-01,Active,3240,38880
SUB0001639,CUST001639,2024-03-03,2027-03-03,Cancelled,315,3780
SUB0001640,CUST001640,2025-02-23,2028-02-23,Active,1154,13848
SUB0001641,CUST001641,2024-01-20,2027-01-20,Active,232,2784
SUB0001642,CUST001642,2024-03-23,2027-03-23,Active,1792,21504
SUB0001643,CUST001643,2025-02-09,2026-02-09,Active,6024,72288
SUB0001644,CUST001644,2023-10-11,2025-10-11,Active,1226,14712
SUB0001645,CUST001645,2023-08-09,2026-08-09,Active,148,1776
SUB0001646,CUST001646,2025-06-25,2026-06-25,Active,362,4344
SUB0001647,CUST001647,2024-03-03,2025-03-03,Active,4642,55704
SUB0001648,CUST001648,2024-08-30,2026-08-30,Active,15864,190368
SUB0001649,CUST001649,2025-12-22,2027-12-22,Active,21004,252048
SUB0001650,CUST001650,2024-04-09,2026-04-09,Pending Renewal,1553,18636
SUB0001651,CUST001651,2023-08-24,2024-08-24,Pending Renewal,3203,38436
SUB0001652,CUST001652,2024-07-24,2025-07-24,Active,1835,22020
SUB0001653,CUST001653,2024-03-07,2027-03-07,Active,3113,37356
SUB0001654,CUST001654,2023-09-07,2025-09-07,Active,4877,58524
SUB0001655,CUST001655,2024-04-13,2025-04-13,Pending Renewal,729,8748
SUB0001656,CUST001656,2025-10-18,2028-10-18,Active,1272,15264
SUB0001657,CUST001657,2025-03-11,2028-03-11,Active,4279,51348
SUB0001658,CUST001658,2024-02-29,2026-02-28,Active,1909,22908
SUB0001659,CUST001659,2024-12-12,2025-12-12,Active,4765,57180
SUB0001660,CUST001660,2024-05-17,2025-05-17,Active,629,7548
SUB0001661,CUST001661,2024-02-12,2025-02-12,Active,6866,82392
SUB0001662,CUST001662,2025-10-02,2027-10-02,Active,14908,178896
SUB0001663,CUST001663,2023-10-11,2024-10-11,Active,782,9384
SUB0001664,CUST001664,2025-05-10,2026-05-10,Active,371,4452
SUB0001665,CUST001665,2025-03-21,2028-03-21,Active,1524,18288
SUB0001666,CUST001666,2025-01-14,2027-01-14,Active,20299,243588
SUB0001667,CUST001667,2025-04-04,2027-04-04,Active,1951,23412
SUB0001668,CUST001668,2024-04-07,2027-04-07,Active,6300,75600
SUB0001669,CUST001669,2024-04-11,2025-04-11,Active,190,2280
SUB0001670,CUST001670,2024-04-24,2026-04-24,Active,678,8136
SUB0001671,CUST001671,2025-01-04,2026-01-04,Active,898,10776
SUB0001672,CUST001672,2025-01-18,2027-01-18,Active,1618,19416
SUB0001673,CUST001673,2023-11-14,2026-11-14,Active,1838,22056
SUB0001674,CUST001674,2024-04-02,2027-04-02,Active,4560,54720
SUB0001675,CUST001675,2024-12-18,2027-12-18,Pending Renewal,1636,19632
SUB0001676,CUST001676,2025-05-30,2026-05-30,Active,10246,122952
SUB0001677,CUST001677,2024-05-22,2026-05-22,Active,8928,107136
SUB0001678,CUST001678,2025-07-28,2026-07-28,Pending Renewal,3266,39192
SUB0001679,CUST001679,2024-12-13,2026-12-13,Active,6550,78600
SUB0001680,CUST001680,2024-05-11,2026-05-11,Active,740,8880
SUB0001681,CUST001681,2023-12-11,2025-12-11,Active,1285,15420
SUB0001682,CUST001682,2023-11-16,2026-11-16,Active,5819,69828
SUB0001683,CUST001683,2023-07-08,2026-07-08,Active,2333,27996
SUB0001684,CUST001684,2025-12-12,2028-12-12,Active,4279,51348
SUB0001685,CUST001685,2024-02-29,2025-02-28,Active,1904,22848
SUB0001686,CUST001686,2024-11-09,2027-11-09,Active,2612,31344
SUB0001687,CUST001687,2025-09-27,2026-09-27,Active,1653,19836
SUB0001688,CUST001688,2025-02-08,2027-02-08,Active,3083,36996
SUB0001689,CUST001689,2023-09-23,2024-09-23,Active,7660,91920
SUB0001690,CUST001690,2025-03-27,2028-03-27,Active,7625,91500
SUB0001691,CUST001691,2024-05-07,2026-05-07,Active,2022,24264
SUB0001692,CUST001692,2024-07-07,2025-07-07,Active,14310,171720
SUB0001693,CUST001693,2025-02-17,2027-02-17,Active,1943,23316
SUB0001694,CUST001694,2025-01-06,2027-01-06,Active,609,7308
SUB0001695,CUST001695,2023-08-30,2025-08-30,Active,18677,224124
SUB0001696,CUST001696,2023-08-01,2026-08-01,Pending Renewal,18038,216456
SUB0001697,CUST001697,2025-05-22,2028-05-22,Active,5291,63492
SUB0001698,CUST001698,2024-06-01,2025-06-01,Active,7922,95064
SUB0001699,CUST001699,2024-09-16,2027-09-16,Active,7223,86676
SUB0001700,CUST001700,2025-10-07,2027-10-07,Active,4485,53820
SUB0001701,CUST001701,2025-07-22,2028-07-22,Active,1891,22692
SUB0001702,CUST001702,2024-01-27,2027-01-27,Active,6339,76068
SUB0001703,CUST001703,2023-12-31,2025-12-31,Active,3757,45084
SUB0001704,CUST001704,2023-12-14,2024-12-14,Active,3909,46908
SUB0001705,CUST001705,2024-05-06,2026-05-06,Active,739,8868
SUB0001706,CUST001706,2023-09-18,2025-09-18,Active,1976,23712
SUB0001707,CUST001707,2024-02-11,2027-02-11,Active,12371,148452
SUB0001708,CUST001708,2025-02-24,2028-02-24,Active,7388,88656
SUB0001709,CUST001709,2023-09-01,2026-09-01,Active,1169,14028
SUB0001710,CUST001710,2025-10-06,2028-10-06,Active,1915,22980
SUB0001711,CUST001711,2025-07-16,2028-07-16,Active,370,4440
SUB0001712,CUST001712,2024-09-16,2026-09-16,Active,4008,48096
SUB0001713,CUST001713,2024-12-24,2027-12-24,Pending Renewal,3088,37056
SUB0001714,CUST001714,2023-08-25,2024-08-25,Active,22728,272736
SUB0001715,CUST001715,2025-04-28,2026-04-28,Pending Renewal,879,10548
SUB0001716,CUST001716,2024-11-22,2025-11-22,Active,964,11568
SUB0001717,CUST001717,2024-06-29,2027-06-29,Active,2160,25920
SUB0001718,CUST001718,2024-04-20,2026-04-20,Active,1788,21456
SUB0001719,CUST001719,2025-07-19,2027-07-19,Active,7859,94308
SUB0001720,CUST001720,2023-11-13,2024-11-13,Active,2457,29484
SUB0001721,CUST001721,2023-07-08,2025-07-08,Active,6289,75468
SUB0001722,CUST001722,2024-05-04,2026-05-04,Active,6783,81396
SUB0001723,CUST001723,2023-09-28,2025-09-28,Active,557,6684
SUB0001724,CUST001724,2025-01-02,2028-01-02,Active,748,8976
SUB0001725,CUST001725,2024-01-19,2025-01-19,Active,7818,93816
SUB0001726,CUST001726,2025-07-13,2027-07-13,Active,7384,88608
SUB0001727,CUST001727,2025-07-03,2028-07-03,Active,1830,21960
SUB0001728,CUST001728,2024-06-05,2026-06-05,Active,644,7728
SUB0001729,CUST001729,2025-09-26,2027-09-26,Active,1237,14844
SUB0001730,CUST001730,2025-02-20,2026-02-20,Active,1875,22500
SUB0001731,CUST001731,2023-07-21,2026-07-21,Active,2764,33168
SUB0001732,CUST001732,2025-08-07,2026-08-07,Active,1771,21252
SUB0001733,CUST001733,2024-05-27,2027-05-27,Active,4928,59136
SUB0001734,CUST001734,2024-08-17,2025-08-17,Active,1625,19500
SUB0001735,CUST001735,2024-05-30,2025-05-30,Active,14665,175980
SUB0001736,CUST001736,2023-09-26,2026-09-26,Cancelled,7618,91416
SUB0001737,CUST001737,2024-06-26,2025-06-26,Active,1227,14724
SUB0001738,CUST001738,2023-11-15,2025-11-15,Active,2572,30864
SUB0001739,CUST001739,2025-08-27,2026-08-27,Pending Renewal,21227,254724
SUB0001740,CUST001740,2025-08-28,2026-08-28,Active,22504,270048
SUB0001741,CUST001741,2025-09-11,2028-09-11,Active,754,9048
SUB0001742,CUST001742,2024-09-09,2025-09-09,Pending Renewal,3718,44616
SUB0001743,CUST001743,2024-09-11,2025-09-11,Active,307,3684
SUB0001744,CUST001744,2025-06-03,2027-06-03,Active,7819,93828
SUB0001745,CUST001745,2025-06-25,2028-06-25,Active,303,3636
SUB0001746,CUST001746,2025-06-24,2027-06-24,Active,21486,257832
SUB0001747,CUST001747,2024-02-22,2027-02-22,Active,1139,13668
SUB0001748,CUST001748,2024-01-10,2025-01-10,Active,1304,15648
SUB0001749,CUST001749,2024-12-28,2026-12-28,Active,4319,51828
SUB0001750,CUST001750,2024-07-16,2025-07-16,Active,15069,180828
SUB0001751,CUST001751,2023-08-10,2025-08-10,Active,926,11112
SUB0001752,CUST001752,2024-06-21,2027-06-21,Active,1525,18300
SUB0001753,CUST001753,2025-12-23,2027-12-23,Active,134,1608
SUB0001754,CUST001754,2024-02-27,2027-02-27,Pending Renewal,1044,12528
SUB0001755,CUST001755,2024-08-26,2025-08-26,Active,1643,19716
SUB0001756,CUST001756,2024-11-22,2025-11-22,Active,207,2484
SUB0001757,CUST001757,2025-01-20,2027-01-20,Active,773,9276
SUB0001758,CUST001758,2025-08-16,2027-08-16,Pending Renewal,17345,208140
SUB0001759,CUST001759,2025-08-29,2026-08-29,Active,1348,16176
SUB0001760,CUST001760,2025-09-09,2027-09-09,Active,1974,23688
SUB0001761,CUST001761,2025-07-31,2027-07-31,Pending Renewal,13275,159300
SUB0001762,CUST001762,2025-05-10,2028-05-10,Active,1722,20664
SUB0001763,CUST001763,2024-08-19,2027-08-19,Cancelled,359,4308
SUB0001764,CUST001764,2024-07-12,2025-07-12,Active,676,8112
SUB0001765,CUST001765,2025-04-06,2027-04-06,Active,21942,263304
SUB0001766,CUST001766,2025-04-18,2027-04-18,Active,692,8304
SUB0001767,CUST001767,2025-12-10,2028-12-10,Active,8548,102576
SUB0001768,CUST001768,2023-12-19,2024-12-19,Active,279,3348
SUB0001769,CUST001769,2024-07-12,2026-07-12,Active,15487,185844
SUB0001770,CUST001770,2025-04-08,2027-04-08,Active,15609,187308
SUB0001771,CUST001771,2023-10-19,2025-10-19,Active,6397,76764
SUB0001772,CUST001772,2025-04-17,2026-04-17,Active,5406,64872
SUB0001773,CUST001773,2024-08-25,2026-08-25,Active,1067,12804
SUB0001774,CUST001774,2025-11-19,2026-11-19,Active,18895,226740
SUB0001775,CUST001775,2023-10-02,2025-10-02,Active,5321,63852
SUB0001776,CUST001776,2025-01-13,2028-01-13,Active,13539,162468
SUB0001777,CUST001777,2025-12-08,2028-12-08,Cancelled,5746,68952
SUB0001778,CUST001778,2023-08-02,2025-08-02,Pending Renewal,1569,18828
SUB0001779,CUST001779,2025-07-13,2028-07-13,Active,816,9792
SUB0001780,CUST001780,2024-02-12,2027-02-12,Active,1173,14076
SUB0001781,CUST001781,2023-10-25,2025-10-25,Active,1862,22344
SUB0001782,CUST001782,2023-09-21,2026-09-21,Active,1279,15348
SUB0001783,CUST001783,2024-01-01,2027-01-01,Active,4934,59208
SUB0001784,CUST001784,2025-12-17,2028-12-17,Active,453,5436
SUB0001785,CUST001785,2024-12-03,2027-12-03,Active,24696,296352
SUB0001786,CUST001786,2024-06-21,2026-06-21,Active,2326,27912
SUB0001787,CUST001787,2024-08-05,2027-08-05,Active,1302,15624
SUB0001788,CUST001788,2024-04-22,2027-04-22,Active,1250,15000
SUB0001789,CUST001789,2024-02-21,2027-02-21,Active,301,3612
SUB0001790,CUST001790,2025-03-13,2026-03-13,Active,1041,12492
SUB0001791,CUST001791,2023-09-25,2024-09-25,Active,2963,35556
SUB0001792,CUST001792,2025-10-26,2026-10-26,Active,21985,263820
SUB0001793,CUST001793,2024-05-03,2027-05-03,Pending Renewal,7230,86760
SUB0001794,CUST001794,2025-08-26,2026-08-26,Active,963,11556
SUB0001795,CUST001795,2023-06-28,2026-06-28,Active,20620,247440
SUB0001796,CUST001796,2025-07-26,2028-07-26,Active,847,10164
SUB0001797,CUST001797,2023-12-23,2025-12-23,Active,773,9276
SUB0001798,CUST001798,2024-04-18,2026-04-18,Active,17314,207768
SUB0001799,CUST001799,2025-06-22,2027-06-22,Active,388,4656
SUB0001800,CUST001800,2024-01-08,2025-01-08,Active,1698,20376
SUB0001801,CUST001801,2023-10-10,2025-10-10,Pending Renewal,4555,54660
SUB0001802,CUST001802,2024-03-02,2026-03-02,Active,3492,41904
SUB0001803,CUST001803,2024-05-04,2025-05-04,Active,19965,239580
SUB0001804,CUST001804,2025-01-06,2028-01-06,Active,961,11532
SUB0001805,CUST001805,2025-06-26,2028-06-26,Active,820,9840
SUB0001806,CUST001806,2024-03-13,2027-03-13,Active,6918,83016
SUB0001807,CUST001807,2023-11-25,2026-11-25,Active,4694,56328
SUB0001808,CUST001808,2024-09-23,2025-09-23,Active,15644,187728
SUB0001809,CUST001809,2023-09-12,2026-09-12,Active,769,9228
SUB0001810,CUST001810,2024-07-24,2027-07-24,Active,1099,13188
SUB0001811,CUST001811,2024-07-28,2027-07-28,Active,13220,158640
SUB0001812,CUST001812,2024-12-27,2025-12-27,Active,5274,63288
SUB0001813,CUST001813,2025-12-26,2027-12-26,Active,23567,282804
SUB0001814,CUST001814,2024-10-04,2027-10-04,Cancelled,4087,49044
SUB0001815,CUST001815,2025-07-28,2027-07-28,Active,1521,18252
SUB0001816,CUST001816,2023-11-16,2025-11-16,Active,1958,23496
SUB0001817,CUST001817,2025-09-30,2026-09-30,Pending Renewal,887,10644
SUB0001818,CUST001818,2023-08-28,2026-08-28,Pending Renewal,7193,86316
SUB0001819,CUST001819,2024-03-05,2026-03-05,Active,6802,81624
SUB0001820,CUST001820,2025-12-18,2026-12-18,Active,1196,14352
SUB0001821,CUST001821,2024-07-22,2027-07-22,Pending Renewal,116,1392
SUB0001822,CUST001822,2023-10-21,2025-10-21,Active,1416,16992
SUB0001823,CUST001823,2023-08-12,2024-08-12,Pending Renewal,1305,15660
SUB0001824,CUST001824,2025-01-27,2028-01-27,Pending Renewal,691,8292
SUB0001825,CUST001825,2024-01-07,2025-01-07,Active,18352,220224
SUB0001826,CUST001826,2024-01-11,2027-01-11,Active,1386,16632
SUB0001827,CUST001827,2025-08-11,2028-08-11,Active,243,2916
SUB0001828,CUST001828,2024-11-18,2026-11-18,Cancelled,1417,17004
SUB0001829,CUST001829,2024-07-11,2027-07-11,Pending Renewal,2046,24552
SUB0001830,CUST001830,2025-07-12,2026-07-12,Active,7995,95940
SUB0001831,CUST001831,2025-03-26,2027-03-26,Active,2170,26040
SUB0001832,CUST001832,2023-11-01,2024-11-01,Active,7167,86004
SUB0001833,CUST001833,2025-03-13,2028-03-13,Active,1228,14736
SUB0001834,CUST001834,2025-08-04,2028-08-04,Active,3813,45756
SUB0001835,CUST001835,2024-08-10,2027-08-10,Active,1204,14448
SUB0001836,CUST001836,2023-10-19,2024-10-19,Active,7689,92268
SUB0001837,CUST001837,2023-07-23,2024-07-23,Active,7808,93696
SUB0001838,CUST001838,2023-11-01,2026-11-01,Active,6739,80868
SUB0001839,CUST001839,2025-06-21,2026-06-21,Active,694,8328
SUB0001840,CUST001840,2024-12-19,2025-12-19,Active,1944,23328
SUB0001841,CUST001841,2025-05-18,2026-05-18,Pending Renewal,3466,41592
SUB0001842,CUST001842,2024-01-05,2025-01-05,Active,6430,77160
SUB0001843,CUST001843,2025-09-06,2028-09-06,Active,1429,17148
SUB0001844,CUST001844,2024-05-13,2025-05-13,Active,7094,85128
SUB0001845,CUST001845,2024-12-13,2025-12-13,Active,1804,21648
SUB0001846,CUST001846,2023-09-29,2024-09-29,Active,130,1560
SUB0001847,CUST001847,2024-11-19,2027-11-19,Active,1667,20004
SUB0001848,CUST001848,2024-07-22,2025-07-22,Active,201,2412
SUB0001849,CUST001849,2025-04-03,2026-04-03,Cancelled,1414,16968
SUB0001850,CUST001850,2024-01-11,2026-01-11,Cancelled,1576,18912
SUB0001851,CUST001851,2024-06-06,2027-06-06,Pending Renewal,5388,64656
SUB0001852,CUST001852,2025-08-22,2026-08-22,Active,7510,90120
SUB0001853,CUST001853,2025-09-19,2027-09-19,Active,4346,52152
SUB0001854,CUST001854,2024-04-25,2026-04-25,Active,15931,191172
SUB0001855,CUST001855,2024-07-08,2027-07-08,Active,7167,86004
SUB0001856,CUST001856,2024-02-29,2025-02-28,Active,919,11028
SUB0001857,CUST001857,2023-12-08,2026-12-08,Active,19647,235764
SUB0001858,CUST001858,2025-12-01,2028-12-01,Cancelled,1498,17976
SUB0001859,CUST001859,2023-09-02,2024-09-02,Active,1156,13872
SUB0001860,CUST001860,2025-03-26,2028-03-26,Active,1089,13068
SUB0001861,CUST001861,2023-08-19,2025-08-19,Active,4892,58704
SUB0001862,CUST001862,2025-11-28,2027-11-28,Active,10624,127488
SUB0001863,CUST001863,2024-11-06,2026-11-06,Active,1253,15036
SUB0001864,CUST001864,2023-06-27,2026-06-27,Active,861,10332
SUB0001865,CUST001865,2023-12-13,2024-12-13,Active,1496,17952
SUB0001866,CUST001866,2024-12-17,2027-12-17,Active,12376,148512
SUB0001867,CUST001867,2023-07-02,2026-07-02,Active,5529,66348
SUB0001868,CUST001868,2024-02-01,2026-02-01,Pending Renewal,23239,278868
SUB0001869,CUST001869,2025-12-26,2026-12-26,Cancelled,7649,91788
SUB0001870,CUST001870,2024-08-23,2025-08-23,Active,1203,14436
SUB0001871,CUST001871,2025-05-16,2026-05-16,Active,8075,96900
SUB0001872,CUST001872,2024-04-18,2026-04-18,Active,648,7776
SUB0001873,CUST001873,2024-10-05,2027-10-05,Active,1946,23352
SUB0001874,CUST001874,2025-06-10,2028-06-10,Active,21703,260436
SUB0001875,CUST001875,2025-04-06,2028-04-06,Active,14626,175512
SUB0001876,CUST001876,2023-08-21,2025-08-21,Active,5126,61512
SUB0001877,CUST001877,2025-02-23,2028-02-23,Active,4565,54780
SUB0001878,CUST001878,2023-09-07,2026-09-07,Active,4034,48408
SUB0001879,CUST001879,2023-11-06,2025-11-06,Active,14580,174960
SUB0001880,CUST001880,2024-10-01,2027-10-01,Active,7363,88356
SUB0001881,CUST001881,2025-10-07,2028-10-07,Active,664,7968
SUB0001882,CUST001882,2024-01-01,2027-01-01,Active,1401,16812
SUB0001883,CUST001883,2023-08-09,2026-08-09,Active,1430,17160
SUB0001884,CUST001884,2025-08-30,2026-08-30,Active,1797,21564
SUB0001885,CUST001885,2024-09-24,2026-09-24,Cancelled,1071,12852
SUB0001886,CUST001886,2025-02-21,2028-02-21,Active,7584,91008
SUB0001887,CUST001887,2023-11-20,2026-11-20,Cancelled,15451,185412
SUB0001888,CUST001888,2023-11-01,2024-11-01,Active,1852,22224
SUB0001889,CUST001889,2025-03-04,2026-03-04,Active,7984,95808
SUB0001890,CUST001890,2025-07-29,2026-07-29,Active,718,8616
SUB0001891,CUST001891,2024-10-22,2027-10-22,Active,682,8184
SUB0001892,CUST001892,2025-04-11,2027-04-11,Active,600,7200
SUB0001893,CUST001893,2024-08-10,2025-08-10,Active,16412,196944
SUB0001894,CUST001894,2024-03-07,2027-03-07,Active,1213,14556
SUB0001895,CUST001895,2024-08-02,2027-08-02,Active,8771,105252
SUB0001896,CUST001896,2023-11-04,2025-11-04,Active,1381,16572
SUB0001897,CUST001897,2023-08-08,2026-08-08,Active,7233,86796
SUB0001898,CUST001898,2024-10-18,2026-10-18,Cancelled,149,1788
SUB0001899,CUST001899,2025-07-03,2026-07-03,Active,3806,45672
SUB0001900,CUST001900,2025-11-09,2026-11-09,Active,13747,164964
SUB0001901,CUST001901,2024-10-16,2026-10-16,Active,442,5304
SUB0001902,CUST001902,2025-11-22,2027-11-22,Cancelled,5894,70728
SUB0001903,CUST001903,2023-10-03,2026-10-03,Active,1087,13044
SUB0001904,CUST001904,2023-09-24,2026-09-24,Active,1691,20292
SUB0001905,CUST001905,2024-02-13,2025-02-13,Pending Renewal,1994,23928
SUB0001906,CUST001906,2024-07-14,2026-07-14,Pending Renewal,1176,14112
SUB0001907,CUST001907,2023-12-24,2025-12-24,Active,115,1380
SUB0001908,CUST001908,2023-09-01,2024-09-01,Active,580,6960
SUB0001909,CUST001909,2024-09-13,2025-09-13,Pending Renewal,4773,57276
SUB0001910,CUST001910,2023-08-25,2026-08-25,Active,6006,72072
SUB0001911,CUST001911,2025-07-13,2026-07-13,Active,20071,240852
SUB0001912,CUST001912,2024-07-20,2026-07-20,Active,7382,88584
SUB0001913,CUST001913,2024-12-13,2026-12-13,Active,3875,46500
SUB0001914,CUST001914,2025-08-11,2026-08-11,Active,1755,21060
SUB0001915,CUST001915,2025-04-04,2026-04-04,Active,22322,267864
SUB0001916,CUST001916,2025-03-12,2028-03-12,Active,7667,92004
SUB0001917,CUST001917,2023-12-12,2024-12-12,Active,651,7812
SUB0001918,CUST001918,2025-02-14,2028-02-14,Active,4798,57576
SUB0001919,CUST001919,2025-08-21,2027-08-21,Active,5832,69984
SUB0001920,CUST001920,2023-10-15,2026-10-15,Active,7457,89484
SUB0001921,CUST001921,2025-07-18,2026-07-18,Cancelled,1970,23640
SUB0001922,CUST001922,2024-07-14,2026-07-14,Active,4848,58176
SUB0001923,CUST001923,2025-02-11,2027-02-11,Active,1624,19488
SUB0001924,CUST001924,2025-02-22,2026-02-22,Active,436,5232
SUB0001925,CUST001925,2024-04-17,2025-04-17,Active,1965,23580
SUB0001926,CUST001926,2024-11-11,2025-11-11,Active,17581,210972
SUB0001927,CUST001927,2024-11-22,2026-11-22,Pending Renewal,5868,70416
SUB0001928,CUST001928,2024-09-26,2027-09-26,Cancelled,811,9732
SUB0001929,CUST001929,2025-05-10,2027-05-10,Active,1817,21804
SUB0001930,CUST001930,2025-11-28,2026-11-28,Cancelled,496,5952
SUB0001931,CUST001931,2023-12-03,2026-12-03,Active,578,6936
SUB0001932,CUST001932,2024-10-28,2026-10-28,Active,303,3636
SUB0001933,CUST001933,2024-04-01,2027-04-01,Active,2268,27216
SUB0001934,CUST001934,2023-08-30,2024-08-30,Active,7723,92676
SUB0001935,CUST001935,2024-06-10,2025-06-10,Pending Renewal,20811,249732
SUB0001936,CUST001936,2025-08-24,2028-08-24,Active,967,11604
SUB0001937,CUST001937,2024-09-17,2025-09-17,Active,2717,32604
SUB0001938,CUST001938,2024-06-02,2026-06-02,Pending Renewal,1870,22440
SUB0001939,CUST001939,2025-09-30,2027-09-30,Active,2752,33024
SUB0001940,CUST001940,2023-12-03,2025-12-03,Active,6133,73596
SUB0001941,CUST001941,2024-05-17,2025-05-17,Active,3134,37608
SUB0001942,CUST001942,2023-12-03,2025-12-03,Active,21528,258336
SUB0001943,CUST001943,2025-12-08,2026-12-08,Active,9040,108480
SUB0001944,CUST001944,2024-02-17,2026-02-17,Active,247,2964
SUB0001945,CUST001945,2025-01-04,2028-01-04,Active,4989,59868
SUB0001946,CUST001946,2025-02-15,2028-02-15,Active,7391,88692
SUB0001947,CUST001947,2024-02-22,2026-02-22,Pending Renewal,800,9600
SUB0001948,CUST001948,2024-02-19,2027-02-19,Active,7819,93828
SUB0001949,CUST001949,2024-08-28,2025-08-28,Active,397,4764
SUB0001950,CUST001950,2025-10-13,2027-10-13,Active,3595,43140
SUB0001951,CUST001951,2024-07-17,2026-07-17,Active,224,2688
SUB0001952,CUST001952,2024-07-11,2025-07-11,Active,1260,15120
SUB0001953,CUST001953,2024-09-09,2025-09-09,Active,6012,72144
SUB0001954,CUST001954,2024-01-15,2027-01-15,Active,3853,46236
SUB0001955,CUST001955,2024-03-30,2025-03-30,Cancelled,22191,266292
SUB0001956,CUST001956,2024-08-17,2027-08-17,Active,7267,87204
SUB0001957,CUST001957,2025-11-08,2028-11-08,Active,785,9420
SUB0001958,CUST001958,2024-02-21,2025-02-21,Active,679,8148
SUB0001959,CUST001959,2025-01-24,2026-01-24,Active,6715,80580
SUB0001960,CUST001960,2024-07-07,2027-07-07,Active,16871,202452
SUB0001961,CUST001961,2025-12-25,2026-12-25,Active,3523,42276
SUB0001962,CUST001962,2025-04-28,2028-04-28,Active,757,9084
SUB0001963,CUST001963,2023-11-10,2025-11-10,Active,3332,39984
SUB0001964,CUST001964,2025-04-04,2026-04-04,Active,4518,54216
SUB0001965,CUST001965,2024-04-16,2025-04-16,Active,2480,29760
SUB0001966,CUST001966,2024-08-16,2027-08-16,Active,1391,16692
SUB0001967,CUST001967,2025-07-21,2028-07-21,Active,111,1332
SUB0001968,CUST001968,2024-03-12,2026-03-12,Active,1648,19776
SUB0001969,CUST001969,2024-02-17,2027-02-17,Active,655,7860
SUB0001970,CUST001970,2025-11-20,2026-11-20,Active,7360,88320
SUB0001971,CUST001971,2023-12-26,2025-12-26,Pending Renewal,744,8928
SUB0001972,CUST001972,2024-12-29,2027-12-29,Active,989,11868
SUB0001973,CUST001973,2024-08-28,2027-08-28,Active,7970,95640
SUB0001974,CUST001974,2024-08-12,2025-08-12,Active,4183,50196
SUB0001975,CUST001975,2025-12-17,2027-12-17,Active,10965,131580
SUB0001976,CUST001976,2025-02-24,2026-02-24,Pending Renewal,1373,16476
SUB0001977,CUST001977,2023-10-19,2025-10-19,Active,1464,17568
SUB0001978,CUST001978,2023-08-29,2024-08-29,Active,6202,74424
SUB0001979,CUST001979,2024-08-28,2026-08-28,Active,1123,13476
SUB0001980,CUST001980,2023-12-19,2025-12-19,Active,1135,13620
SUB0001981,CUST001981,2025-06-08,2027-06-08,Pending Renewal,5145,61740
SUB0001982,CUST001982,2024-08-02,2026-08-02,Active,1180,14160
SUB0001983,CUST001983,2024-09-03,2026-09-03,Active,4119,49428
SUB0001984,CUST001984,2025-06-06,2026-06-06,Active,6880,82560
SUB0001985,CUST001985,2024-01-05,2027-01-05,Active,1143,13716
SUB0001986,CUST001986,2024-12-06,2027-12-06,Active,7888,94656
SUB0001987,CUST001987,2025-06-01,2028-06-01,Pending Renewal,23296,279552
SUB0001988,CUST001988,2025-07-22,2028-07-22,Active,6699,80388
SUB0001989,CUST001989,2025-09-07,2028-09-07,Active,8082,96984
SUB0001990,CUST001990,2024-05-21,2025-05-21,Active,1414,16968
SUB0001991,CUST001991,2023-07-19,2026-07-19,Active,1713,20556
SUB0001992,CUST001992,2025-06-17,2028-06-17,Active,3890,46680
SUB0001993,CUST001993,2025-08-14,2028-08-14,Active,7818,93816
SUB0001994,CUST001994,2024-02-27,2027-02-27,Active,2132,25584
SUB0001995,CUST001995,2025-04-24,2027-04-24,Active,7373,88476
SUB0001996,CUST001996,2023-10-10,2024-10-10,Active,759,9108
SUB0001997,CUST001997,2023-12-14,2026-12-14,Active,4901,58812
SUB0001998,CUST001998,2023-12-17,2025-12-17,Active,4723,56676
SUB0001999,CUST001999,2023-08-07,2024-08-07,Active,1287,15444
SUB0002000,CUST002000,2025-11-11,2028-11-11,Active,175,2100
SUB0002001,CUST002001,2024-02-09,2027-02-09,Active,2865,34380
SUB0002002,CUST002002,2024-06-06,2025-06-06,Active,5125,61500
SUB0002003,CUST002003,2023-10-01,2024-10-01,Active,4576,54912
SUB0002004,CUST002004,2024-08-08,2026-08-08,Active,5096,61152
SUB0002005,CUST002005,2025-08-03,2026-08-03,Active,1116,13392
SUB0002006,CUST002006,2024-08-11,2025-08-11,Active,5504,66048
SUB0002007,CUST002007,2025-06-09,2028-06-09,Active,4504,54048
SUB0002008,CUST002008,2025-02-19,2027-02-19,Active,16914,202968
SUB0002009,CUST002009,2024-06-23,2027-06-23,Active,6832,81984
SUB0002010,CUST002010,2024-05-19,2025-05-19,Active,1541,18492
SUB0002011,CUST002011,2025-11-21,2028-11-21,Active,17472,209664
SUB0002012,CUST002012,2023-08-11,2025-08-11,Active,1219,14628
SUB0002013,CUST002013,2024-09-07,2027-09-07,Active,4454,53448
SUB0002014,CUST002014,2025-03-03,2026-03-03,Active,694,8328
SUB0002015,CUST002015,2025-01-21,2027-01-21,Active,3878,46536
SUB0002016,CUST002016,2025-03-11,2028-03-11,Active,321,3852
SUB0002017,CUST002017,2024-06-28,2026-06-28,Active,121,1452
SUB0002018,CUST002018,2024-09-29,2025-09-29,Active,4673,56076
SUB0002019,CUST002019,2025-09-10,2027-09-10,Active,22330,267960
SUB0002020,CUST002020,2023-06-29,2026-06-29,Active,6529,78348
SUB0002021,CUST002021,2025-06-30,2027-06-30,Active,2022,24264
SUB0002022,CUST002022,2024-02-12,2025-02-12,Active,1915,22980
SUB0002023,CUST002023,2025-09-28,2027-09-28,Active,21382,256584
SUB0002024,CUST002024,2024-11-19,2026-11-19,Active,770,9240
SUB0002025,CUST002025,2025-10-02,2026-10-02,Active,15492,185904
SUB0002026,CUST002026,2023-08-24,2025-08-24,Active,568,6816
SUB0002027,CUST002027,2024-03-19,2025-03-19,Active,518,6216
SUB0002028,CUST002028,2025-08-25,2027-08-25,Cancelled,7125,85500
SUB0002029,CUST002029,2025-09-05,2027-09-05,Active,1026,12312
SUB0002030,CUST002030,2025-10-19,2026-10-19,Active,7923,95076
SUB0002031,CUST002031,2025-02-01,2027-02-01,Active,21948,263376
SUB0002032,CUST002032,2024-12-03,2025-12-03,Active,557,6684
SUB0002033,CUST002033,2024-12-30,2027-12-30,Active,722,8664
SUB0002034,CUST002034,2025-03-03,2028-03-03,Pending Renewal,1899,22788
SUB0002035,CUST002035,2024-10-30,2026-10-30,Active,6387,76644
SUB0002036,CUST002036,2024-09-17,2025-09-17,Active,15754,189048
SUB0002037,CUST002037,2024-07-31,2025-07-31,Active,4530,54360
SUB0002038,CUST002038,2023-12-11,2024-12-11,Active,6440,77280
SUB0002039,CUST002039,2024-02-07,2026-02-07,Active,7269,87228
SUB0002040,CUST002040,2025-02-26,2027-02-26,Active,1066,12792
SUB0002041,CUST002041,2025-01-23,2026-01-23,Active,962,11544
SUB0002042,CUST002042,2025-03-18,2027-03-18,Pending Renewal,4092,49104
SUB0002043,CUST002043,2023-08-04,2024-08-04,Active,379,4548
SUB0002044,CUST002044,2025-08-26,2026-08-26,Active,632,7584
SUB0002045,CUST002045,2024-08-18,2027-08-18,Active,4927,59124
SUB0002046,CUST002046,2025-01-13,2028-01-13,Active,10165,121980
SUB0002047,CUST002047,2024-10-14,2027-10-14,Active,4772,57264
SUB0002048,CUST002048,2024-06-05,2026-06-05,Active,1124,13488
SUB0002049,CUST002049,2024-02-04,2027-02-04,Active,305,3660
SUB0002050,CUST002050,2024-12-02,2025-12-02,Active,2468,29616
SUB0002051,CUST002051,2025-11-21,2028-11-21,Active,1051,12612
SUB0002052,CUST002052,2025-12-10,2028-12-10,Pending Renewal,5892,70704
SUB0002053,CUST002053,2025-11-23,2026-11-23,Active,1310,15720
SUB0002054,CUST002054,2025-10-08,2028-10-08,Active,1847,22164
SUB0002055,CUST002055,2023-07-14,2026-07-14,Active,7407,88884
SUB0002056,CUST002056,2024-02-06,2027-02-06,Active,1635,19620
SUB0002057,CUST002057,2024-09-25,2026-09-25,Active,544,6528
SUB0002058,CUST002058,2024-06-20,2026-06-20,Active,192,2304
SUB0002059,CUST002059,2024-05-15,2026-05-15,Active,5449,65388
SUB0002060,CUST002060,2025-10-17,2026-10-17,Active,4933,59196
SUB0002061,CUST002061,2023-08-06,2026-08-06,Pending Renewal,4441,53292
SUB0002062,CUST002062,2025-09-13,2026-09-13,Active,315,3780
SUB0002063,CUST002063,2024-01-18,2026-01-18,Active,5745,68940
SUB0002064,CUST002064,2024-08-21,2027-08-21,Active,1487,17844
SUB0002065,CUST002065,2024-12-27,2025-12-27,Active,12213,146556
SUB0002066,CUST002066,2023-12-14,2025-12-14,Active,4173,50076
SUB0002067,CUST002067,2025-07-27,2027-07-27,Pending Renewal,7145,85740
SUB0002068,CUST002068,2024-05-04,2026-05-04,Active,1047,12564
SUB0002069,CUST002069,2023-09-10,2026-09-10,Active,7712,92544
SUB0002070,CUST002070,2024-02-16,2025-02-16,Active,23963,287556
SUB0002071,CUST002071,2023-10-14,2025-10-14,Active,4652,55824
SUB0002072,CUST002072,2024-04-02,2026-04-02,Active,7102,85224
SUB0002073,CUST002073,2024-03-22,2026-03-22,Active,1157,13884
SUB0002074,CUST002074,2025-02-04,2028-02-04,Active,1866,22392
SUB0002075,CUST002075,2024-09-10,2026-09-10,Active,6031,72372
SUB0002076,CUST002076,2024-10-16,2027-10-16,Pending Renewal,930,11160
SUB0002077,CUST002077,2024-06-18,2027-06-18,Active,6604,79248
SUB0002078,CUST002078,2024-05-23,2026-05-23,Pending Renewal,1654,19848
SUB0002079,CUST002079,2023-12-24,2025-12-24,Active,816,9792
SUB0002080,CUST002080,2024-07-08,2027-07-08,Active,411,4932
SUB0002081,CUST002081,2024-07-02,2027-07-02,Cancelled,6852,82224
SUB0002082,CUST002082,2023-07-03,2024-07-03,Active,12251,147012
SUB0002083,CUST002083,2023-08-03,2024-08-03,Active,1552,18624
SUB0002084,CUST002084,2025-09-11,2028-09-11,Active,1088,13056
SUB0002085,CUST002085,2024-03-31,2027-03-31,Active,5186,62232
SUB0002086,CUST002086,2023-12-17,2026-12-17,Active,6117,73404
SUB0002087,CUST002087,2024-02-09,2026-02-09,Active,1620,19440
SUB0002088,CUST002088,2024-05-30,2025-05-30,Active,1632,19584
SUB0002089,CUST002089,2024-05-16,2026-05-16,Active,1810,21720
SUB0002090,CUST002090,2023-06-30,2026-06-30,Active,7890,94680
SUB0002091,CUST002091,2024-09-18,2025-09-18,Active,1411,16932
SUB0002092,CUST002092,2025-09-19,2028-09-19,Active,1586,19032
SUB0002093,CUST002093,2023-10-15,2025-10-15,Active,6077,72924
SUB0002094,CUST002094,2023-07-11,2024-07-11,Active,1922,23064
SUB0002095,CUST002095,2023-10-27,2024-10-27,Pending Renewal,1669,20028
SUB0002096,CUST002096,2025-10-01,2026-10-01,Cancelled,4646,55752
SUB0002097,CUST002097,2025-02-09,2027-02-09,Active,727,8724
SUB0002098,CUST002098,2023-12-19,2025-12-19,Active,7240,86880
SUB0002099,CUST002099,2024-08-05,2025-08-05,Active,1467,17604
SUB0002100,CUST002100,2025-04-08,2026-04-08,Active,7425,89100
SUB0002101,CUST002101,2024-10-05,2025-10-05,Active,19248,230976
SUB0002102,CUST002102,2024-03-26,2027-03-26,Active,1710,20520
SUB0002103,CUST002103,2025-10-13,2027-10-13,Pending Renewal,12948,155376
SUB0002104,CUST002104,2024-06-21,2025-06-21,Active,1455,17460
SUB0002105,CUST002105,2024-04-30,2027-04-30,Active,5965,71580
SUB0002106,CUST002106,2025-01-12,2028-01-12,Active,4627,55524
SUB0002107,CUST002107,2025-09-17,2027-09-17,Active,1214,14568
SUB0002108,CUST002108,2025-04-21,2028-04-21,Active,1536,18432
SUB0002109,CUST002109,2025-01-23,2027-01-23,Active,1681,20172
SUB0002110,CUST002110,2024-08-25,2026-08-25,Active,565,6780
SUB0002111,CUST002111,2024-08-14,2026-08-14,Active,5695,68340
SUB0002112,CUST002112,2025-12-03,2028-12-03,Active,365,4380
SUB0002113,CUST002113,2025-09-26,2027-09-26,Active,1652,19824
SUB0002114,CUST002114,2025-01-23,2026-01-23,Pending Renewal,1997,23964
SUB0002115,CUST002115,2024-04-13,2027-04-13,Active,1735,20820
SUB0002116,CUST002116,2024-11-23,2027-11-23,Active,22466,269592
SUB0002117,CUST002117,2025-08-23,2027-08-23,Active,4186,50232
SUB0002118,CUST002118,2025-08-01,2027-08-01,Active,4746,56952
SUB0002119,CUST002119,2023-07-31,2025-07-31,Active,1949,23388
SUB0002120,CUST002120,2024-02-19,2026-02-19,Active,1219,14628
SUB0002121,CUST002121,2023-10-02,2026-10-02,Cancelled,19645,235740
SUB0002122,CUST002122,2023-12-31,2024-12-31,Active,22733,272796
SUB0002123,CUST002123,2023-11-26,2024-11-26,Active,390,4680
SUB0002124,CUST002124,2025-06-21,2027-06-21,Active,1900,22800
SUB0002125,CUST002125,2025-04-19,2026-04-19,Pending Renewal,3207,38484
SUB0002126,CUST002126,2023-10-24,2024-10-24,Active,1946,23352
SUB0002127,CUST002127,2025-08-29,2026-08-29,Pending Renewal,766,9192
SUB0002128,CUST002128,2025-07-26,2027-07-26,Active,119,1428
SUB0002129,CUST002129,2023-08-01,2025-08-01,Active,1861,22332
SUB0002130,CUST002130,2024-01-17,2027-01-17,Active,21027,252324
SUB0002131,CUST002131,2023-12-27,2026-12-27,Active,7776,93312
SUB0002132,CUST002132,2024-09-26,2026-09-26,Active,13499,161988
SUB0002133,CUST002133,2025-06-04,2027-06-04,Active,320,3840
SUB0002134,CUST002134,2024-08-08,2025-08-08,Active,279,3348
SUB0002135,CUST002135,2024-09-16,2025-09-16,Active,1181,14172
SUB0002136,CUST002136,2024-04-25,2026-04-25,Active,935,11220
SUB0002137,CUST002137,2024-08-10,2026-08-10,Active,1154,13848
SUB0002138,CUST002138,2024-12-15,2027-12-15,Active,19996,239952
SUB0002139,CUST002139,2024-12-25,2027-12-25,Active,1051,12612
SUB0002140,CUST002140,2025-03-21,2027-03-21,Active,1409,16908
SUB0002141,CUST002141,2025-09-12,2028-09-12,Active,466,5592
SUB0002142,CUST002142,2023-11-18,2024-11-18,Active,1082,12984
SUB0002143,CUST002143,2023-10-31,2026-10-31,Pending Renewal,4046,48552
SUB0002144,CUST002144,2024-08-19,2025-08-19,Active,15110,181320
SUB0002145,CUST002145,2025-09-24,2026-09-24,Active,16158,193896
SUB0002146,CUST002146,2023-09-16,2024-09-16,Active,1298,15576
SUB0002147,CUST002147,2025-04-03,2026-04-03,Active,1533,18396
SUB0002148,CUST002148,2023-07-28,2024-07-28,Active,7114,85368
SUB0002149,CUST002149,2024-05-29,2026-05-29,Active,3583,42996
SUB0002150,CUST002150,2025-08-21,2028-08-21,Active,197,2364
SUB0002151,CUST002151,2024-03-01,2026-03-01,Active,273,3276
SUB0002152,CUST002152,2024-08-06,2025-08-06,Active,6322,75864
SUB0002153,CUST002153,2023-08-10,2024-08-10,Active,2974,35688
SUB0002154,CUST002154,2025-11-13,2026-11-13,Active,1321,15852
SUB0002155,CUST002155,2025-10-29,2027-10-29,Active,3381,40572
SUB0002156,CUST002156,2025-03-27,2028-03-27,Active,1106,13272
SUB0002157,CUST002157,2024-10-22,2027-10-22,Active,9043,108516
SUB0002158,CUST002158,2023-07-21,2024-07-21,Active,1113,13356
SUB0002159,CUST002159,2024-10-21,2027-10-21,Pending Renewal,1665,19980
SUB0002160,CUST002160,2024-03-05,2026-03-05,Active,1156,13872
SUB0002161,CUST002161,2024-08-09,2026-08-09,Active,1632,19584
SUB0002162,CUST002162,2024-06-27,2026-06-27,Cancelled,6763,81156
SUB0002163,CUST002163,2023-09-20,2026-09-20,Cancelled,17680,212160
SUB0002164,CUST002164,2025-09-16,2028-09-16,Active,14629,175548
SUB0002165,CUST002165,2024-08-21,2027-08-21,Active,1212,14544
SUB0002166,CUST002166,2023-09-16,2024-09-16,Active,1537,18444
SUB0002167,CUST002167,2023-10-20,2024-10-20,Active,24458,293496
SUB0002168,CUST002168,2024-08-20,2025-08-20,Active,831,9972
SUB0002169,CUST002169,2025-04-23,2026-04-23,Active,5458,65496
SUB0002170,CUST002170,2023-12-10,2025-12-10,Active,1156,13872
SUB0002171,CUST002171,2024-05-20,2027-05-20,Active,1436,17232
SUB0002172,CUST002172,2025-08-16,2026-08-16,Active,7654,91848
SUB0002173,CUST002173,2024-03-30,2025-03-30,Active,1517,18204
SUB0002174,CUST002174,2023-07-23,2025-07-23,Active,19791,237492
SUB0002175,CUST002175,2023-09-07,2025-09-07,Active,11101,133212
SUB0002176,CUST002176,2025-12-13,2027-12-13,Active,5062,60744
SUB0002177,CUST002177,2023-10-11,2025-10-11,Active,1339,16068
SUB0002178,CUST002178,2024-06-24,2026-06-24,Active,9300,111600
SUB0002179,CUST002179,2024-06-09,2025-06-09,Active,1778,21336
SUB0002180,CUST002180,2025-10-21,2027-10-21,Active,1138,13656
SUB0002181,CUST002181,2024-04-16,2026-04-16,Active,5764,69168
SUB0002182,CUST002182,2025-01-14,2028-01-14,Active,16868,202416
SUB0002183,CUST002183,2025-05-04,2028-05-04,Active,2258,27096
SUB0002184,CUST002184,2024-12-06,2025-12-06,Active,7876,94512
SUB0002185,CUST002185,2025-05-30,2026-05-30,Active,983,11796
SUB0002186,CUST002186,2025-07-03,2026-07-03,Active,3960,47520
SUB0002187,CUST002187,2025-07-01,2027-07-01,Active,20211,242532
SUB0002188,CUST002188,2024-05-31,2026-05-31,Active,20425,245100
SUB0002189,CUST002189,2025-02-01,2028-02-01,Active,334,4008
SUB0002190,CUST002190,2025-08-31,2027-08-31,Pending Renewal,6984,83808
SUB0002191,CUST002191,2024-05-12,2025-05-12,Active,1424,17088
SUB0002192,CUST002192,2023-07-30,2024-07-30,Cancelled,3339,40068
SUB0002193,CUST002193,2024-09-08,2027-09-08,Active,735,8820
SUB0002194,CUST002194,2024-08-20,2025-08-20,Active,7591,91092
SUB0002195,CUST002195,2025-01-01,2027-01-01,Active,4260,51120
SUB0002196,CUST002196,2024-07-21,2027-07-21,Active,15556,186672
SUB0002197,CUST002197,2024-08-06,2025-08-06,Active,3240,38880
SUB0002198,CUST002198,2025-01-11,2028-01-11,Active,15950,191400
SUB0002199,CUST002199,2024-09-07,2025-09-07,Pending Renewal,1977,23724
SUB0002200,CUST002200,2023-06-26,2024-06-26,Cancelled,22482,269784
SUB0002201,CUST002201,2024-03-15,2025-03-15,Active,5671,68052
SUB0002202,CUST002202,2025-02-27,2028-02-27,Active,24893,298716
SUB0002203,CUST002203,2025-09-09,2026-09-09,Active,15899,190788
SUB0002204,CUST002204,2024-08-06,2025-08-06,Active,510,6120
SUB0002205,CUST002205,2024-10-03,2026-10-03,Active,11062,132744
SUB0002206,CUST002206,2024-12-04,2026-12-04,Pending Renewal,271,3252
SUB0002207,CUST002207,2024-05-26,2027-05-26,Active,1748,20976
SUB0002208,CUST002208,2025-07-30,2028-07-30,Active,1416,16992
SUB0002209,CUST002209,2025-10-20,2028-10-20,Active,594,7128
SUB0002210,CUST002210,2023-11-14,2025-11-14,Active,409,4908
SUB0002211,CUST002211,2023-11-14,2026-11-14,Active,6438,77256
SUB0002212,CUST002212,2025-03-15,2027-03-15,Active,7381,88572
SUB0002213,CUST002213,2023-10-04,2024-10-04,Active,1179,14148
SUB0002214,CUST002214,2024-09-04,2026-09-04,Active,159,1908
SUB0002215,CUST002215,2025-05-25,2028-05-25,Active,1018,12216
SUB0002216,CUST002216,2025-04-06,2028-04-06,Active,5607,67284
SUB0002217,CUST002217,2025-09-14,2027-09-14,Active,1225,14700
SUB0002218,CUST002218,2025-11-09,2026-11-09,Active,2020,24240
SUB0002219,CUST002219,2025-07-23,2028-07-23,Active,1636,19632
SUB0002220,CUST002220,2024-08-15,2027-08-15,Active,3782,45384
SUB0002221,CUST002221,2024-10-28,2025-10-28,Active,1176,14112
SUB0002222,CUST002222,2025-05-08,2027-05-08,Active,718,8616
SUB0002223,CUST002223,2025-07-11,2026-07-11,Active,3768,45216
SUB0002224,CUST002224,2025-03-15,2026-03-15,Active,427,5124
SUB0002225,CUST002225,2025-08-14,2028-08-14,Active,6663,79956
SUB0002226,CUST002226,2025-02-22,2027-02-22,Active,1319,15828
SUB0002227,CUST002227,2025-01-05,2026-01-05,Active,6077,72924
SUB0002228,CUST002228,2025-06-17,2026-06-17,Active,3910,46920
SUB0002229,CUST002229,2025-03-01,2026-03-01,Active,898,10776
SUB0002230,CUST002230,2025-07-28,2027-07-28,Active,1117,13404
SUB0002231,CUST002231,2025-02-09,2027-02-09,Active,311,3732
SUB0002232,CUST002232,2025-06-01,2027-06-01,Active,1933,23196
SUB0002233,CUST002233,2025-08-06,2028-08-06,Pending Renewal,3180,38160
SUB0002234,CUST002234,2024-09-12,2025-09-12,Active,13286,159432
SUB0002235,CUST002235,2025-12-15,2026-12-15,Active,6003,72036
SUB0002236,CUST002236,2025-06-11,2028-06-11,Active,6397,76764
SUB0002237,CUST002237,2024-02-27,2025-02-27,Active,13502,162024
SUB0002238,CUST002238,2024-12-28,2027-12-28,Active,2778,33336
SUB0002239,CUST002239,2025-08-18,2027-08-18,Active,11779,141348
SUB0002240,CUST002240,2023-11-12,2024-11-12,Active,2534,30408
SUB0002241,CUST002241,2023-11-06,2025-11-06,Active,22540,270480
SUB0002242,CUST002242,2025-12-11,2028-12-11,Active,893,10716
SUB0002243,CUST002243,2024-11-25,2025-11-25,Cancelled,6353,76236
SUB0002244,CUST002244,2025-06-23,2028-06-23,Pending Renewal,1673,20076
SUB0002245,CUST002245,2025-11-20,2027-11-20,Active,1985,23820
SUB0002246,CUST002246,2023-08-04,2025-08-04,Active,7597,91164
SUB0002247,CUST002247,2023-09-01,2025-09-01,Active,3000,36000
SUB0002248,CUST002248,2024-12-12,2026-12-12,Active,100,1200
SUB0002249,CUST002249,2025-07-11,2026-07-11,Active,22758,273096
SUB0002250,CUST002250,2025-04-26,2028-04-26,Active,651,7812
SUB0002251,CUST002251,2025-01-17,2026-01-17,Active,1816,21792
SUB0002252,CUST002252,2024-12-26,2026-12-26,Active,1759,21108
SUB0002253,CUST002253,2024-12-09,2026-12-09,Active,1722,20664
SUB0002254,CUST002254,2023-07-18,2026-07-18,Active,1896,22752
SUB0002255,CUST002255,2023-11-13,2025-11-13,Active,842,10104
SUB0002256,CUST002256,2025-11-02,2028-11-02,Active,1177,14124
SUB0002257,CUST002257,2025-06-21,2026-06-21,Active,1956,23472
SUB0002258,CUST002258,2025-11-19,2026-11-19,Active,887,10644
SUB0002259,CUST002259,2025-03-08,2028-03-08,Active,1991,23892
SUB0002260,CUST002260,2024-12-15,2025-12-15,Active,5232,62784
SUB0002261,CUST002261,2025-05-15,2027-05-15,Active,17122,205464
SUB0002262,CUST002262,2024-05-02,2026-05-02,Cancelled,11868,142416
SUB0002263,CUST002263,2024-10-29,2026-10-29,Active,18166,217992
SUB0002264,CUST002264,2025-05-26,2027-05-26,Active,313,3756
SUB0002265,CUST002265,2025-01-04,2028-01-04,Active,6397,76764
SUB0002266,CUST002266,2023-07-09,2025-07-09,Active,1872,22464
SUB0002267,CUST002267,2023-12-29,2026-12-29,Pending Renewal,9757,117084
SUB0002268,CUST002268,2025-12-07,2027-12-07,Active,8299,99588
SUB0002269,CUST002269,2023-11-05,2025-11-05,Active,272,3264
SUB0002270,CUST002270,2023-12-21,2026-12-21,Active,568,6816
SUB0002271,CUST002271,2024-06-09,2025-06-09,Pending Renewal,9278,111336
SUB0002272,CUST002272,2023-08-09,2025-08-09,Active,15231,182772
SUB0002273,CUST002273,2025-01-14,2026-01-14,Active,4369,52428
SUB0002274,CUST002274,2025-04-28,2028-04-28,Active,397,4764
SUB0002275,CUST002275,2024-09-22,2027-09-22,Active,1518,18216
SUB0002276,CUST002276,2023-07-14,2024-07-14,Cancelled,7000,84000
SUB0002277,CUST002277,2025-05-23,2026-05-23,Active,18767,225204
SUB0002278,CUST002278,2023-09-06,2024-09-06,Active,1730,20760
SUB0002279,CUST002279,2023-09-05,2025-09-05,Active,6179,74148
SUB0002280,CUST002280,2025-01-19,2027-01-19,Active,7864,94368
SUB0002281,CUST002281,2024-09-29,2025-09-29,Pending Renewal,7907,94884
SUB0002282,CUST002282,2025-06-18,2026-06-18,Pending Renewal,1759,21108
SUB0002283,CUST002283,2025-12-07,2027-12-07,Active,1261,15132
SUB0002284,CUST002284,2025-04-17,2028-04-17,Active,1526,18312
SUB0002285,CUST002285,2024-12-25,2026-12-25,Active,6269,75228
SUB0002286,CUST002286,2023-12-31,2026-12-31,Pending Renewal,4340,52080
SUB0002287,CUST002287,2025-08-06,2028-08-06,Active,979,11748
SUB0002288,CUST002288,2024-04-19,2026-04-19,Active,1443,17316
SUB0002289,CUST002289,2023-11-10,2025-11-10,Active,301,3612
SUB0002290,CUST002290,2023-10-04,2026-10-04,Active,317,3804
SUB0002291,CUST002291,2023-12-23,2025-12-23,Active,17309,207708
SUB0002292,CUST002292,2025-06-07,2028-06-07,Active,1989,23868
SUB0002293,CUST002293,2024-01-11,2025-01-11,Pending Renewal,374,4488
SUB0002294,CUST002294,2023-07-30,2026-07-30,Active,1167,14004
SUB0002295,CUST002295,2024-07-18,2025-07-18,Active,16234,194808
SUB0002296,CUST002296,2024-02-23,2025-02-23,Active,1513,18156
SUB0002297,CUST002297,2024-08-30,2026-08-30,Active,584,7008
SUB0002298,CUST002298,2025-03-12,2028-03-12,Active,1985,23820
SUB0002299,CUST002299,2024-10-16,2026-10-16,Active,3936,47232
SUB0002300,CUST002300,2023-08-23,2026-08-23,Active,1030,12360
SUB0002301,CUST002301,2025-07-16,2028-07-16,Pending Renewal,1626,19512
SUB0002302,CUST002302,2025-02-02,2026-02-02,Active,2166,25992
SUB0002303,CUST002303,2024-02-07,2025-02-07,Active,5526,66312
SUB0002304,CUST002304,2024-06-29,2025-06-29,Active,6630,79560
SUB0002305,CUST002305,2025-01-19,2028-01-19,Active,6987,83844
SUB0002306,CUST002306,2024-10-01,2027-10-01,Active,2019,24228
SUB0002307,CUST002307,2025-12-04,2026-12-04,Cancelled,6454,77448
SUB0002308,CUST002308,2024-05-25,2025-05-25,Active,514,6168
SUB0002309,CUST002309,2024-09-30,2025-09-30,Active,2454,29448
SUB0002310,CUST002310,2025-01-31,2026-01-31,Active,7496,89952
SUB0002311,CUST002311,2024-09-22,2025-09-22,Active,1462,17544
SUB0002312,CUST002312,2025-08-12,2027-08-12,Active,368,4416
SUB0002313,CUST002313,2024-06-30,2027-06-30,Active,13407,160884
SUB0002314,CUST002314,2025-10-25,2026-10-25,Active,3093,37116
SUB0002315,CUST002315,2025-06-16,2028-06-16,Active,24613,295356
SUB0002316,CUST002316,2025-05-14,2026-05-14,Active,5998,71976
SUB0002317,CUST002317,2024-09-21,2026-09-21,Active,1778,21336
SUB0002318,CUST002318,2025-06-24,2026-06-24,Pending Renewal,6440,77280
SUB0002319,CUST002319,2025-04-20,2026-04-20,Active,583,6996
SUB0002320,CUST002320,2024-02-15,2026-02-15,Pending Renewal,7989,95868
SUB0002321,CUST002321,2024-10-24,2025-10-24,Active,967,11604
SUB0002322,CUST002322,2024-03-01,2026-03-01,Active,518,6216
SUB0002323,CUST002323,2024-10-19,2026-10-19,Active,20931,251172
SUB0002324,CUST002324,2024-07-04,2025-07-04,Active,15439,185268
SUB0002325,CUST002325,2024-12-13,2027-12-13,Active,1851,22212
SUB0002326,CUST002326,2025-05-19,2026-05-19,Active,6875,82500
SUB0002327,CUST002327,2024-03-28,2027-03-28,Active,3226,38712
SUB0002328,CUST002328,2024-09-15,2027-09-15,Active,534,6408
SUB0002329,CUST002329,2024-10-06,2025-10-06,Active,4044,48528
SUB0002330,CUST002330,2024-07-11,2026-07-11,Active,2070,24840
SUB0002331,CUST002331,2025-11-09,2027-11-09,Active,5041,60492
SUB0002332,CUST002332,2024-07-25,2026-07-25,Active,14646,175752
SUB0002333,CUST002333,2023-09-13,2024-09-13,Pending Renewal,829,9948
SUB0002334,CUST002334,2025-05-21,2026-05-21,Active,1695,20340
SUB0002335,CUST002335,2025-07-20,2027-07-20,Active,11133,133596
SUB0002336,CUST002336,2025-11-26,2026-11-26,Pending Renewal,19659,235908
SUB0002337,CUST002337,2023-09-26,2025-09-26,Active,789,9468
SUB0002338,CUST002338,2023-09-19,2026-09-19,Active,1916,22992
SUB0002339,CUST002339,2025-04-09,2026-04-09,Active,984,11808
SUB0002340,CUST002340,2024-12-09,2025-12-09,Pending Renewal,1596,19152
SUB0002341,CUST002341,2024-03-14,2027-03-14,Active,788,9456
SUB0002342,CUST002342,2024-11-17,2027-11-17,Pending Renewal,1314,15768
SUB0002343,CUST002343,2024-12-26,2026-12-26,Pending Renewal,7371,88452
SUB0002344,CUST002344,2024-06-13,2026-06-13,Active,1382,16584
SUB0002345,CUST002345,2024-08-09,2026-08-09,Active,671,8052
SUB0002346,CUST002346,2025-08-30,2027-08-30,Active,15611,187332
SUB0002347,CUST002347,2025-04-05,2027-04-05,Active,7986,95832
SUB0002348,CUST002348,2025-01-14,2026-01-14,Active,7049,84588
SUB0002349,CUST002349,2024-06-26,2027-06-26,Active,157,1884
SUB0002350,CUST002350,2025-04-01,2026-04-01,Active,24534,294408
SUB0002351,CUST002351,2024-04-18,2025-04-18,Active,1304,15648
SUB0002352,CUST002352,2024-09-19,2025-09-19,Active,1653,19836
SUB0002353,CUST002353,2025-01-30,2026-01-30,Active,16558,198696
SUB0002354,CUST002354,2024-03-15,2025-03-15,Active,1618,19416
SUB0002355,CUST002355,2025-12-21,2026-12-21,Active,22300,267600
SUB0002356,CUST002356,2025-09-23,2026-09-23,Active,430,5160
SUB0002357,CUST002357,2023-08-30,2026-08-30,Active,1833,21996
SUB0002358,CUST002358,2023-06-29,2025-06-29,Active,21933,263196
SUB0002359,CUST002359,2024-06-15,2025-06-15,Active,10726,128712
SUB0002360,CUST002360,2025-02-25,2027-02-25,Active,940,11280
SUB0002361,CUST002361,2025-03-13,2028-03-13,Pending Renewal,969,11628
SUB0002362,CUST002362,2024-11-22,2026-11-22,Active,1689,20268
SUB0002363,CUST002363,2025-09-25,2027-09-25,Active,6965,83580
SUB0002364,CUST002364,2024-08-16,2026-08-16,Active,462,5544
SUB0002365,CUST002365,2025-01-16,2027-01-16,Active,7948,95376
SUB0002366,CUST002366,2024-06-18,2026-06-18,Active,1009,12108
SUB0002367,CUST002367,2025-09-30,2027-09-30,Active,1226,14712
SUB0002368,CUST002368,2023-10-05,2026-10-05,Active,791,9492
SUB0002369,CUST002369,2024-09-19,2027-09-19,Active,529,6348
SUB0002370,CUST002370,2024-03-19,2026-03-19,Active,7177,86124
SUB0002371,CUST002371,2025-09-12,2026-09-12,Active,233,2796
SUB0002372,CUST002372,2024-02-17,2025-02-17,Active,3497,41964
SUB0002373,CUST002373,2024-03-18,2027-03-18,Active,7690,92280
SUB0002374,CUST002374,2023-12-02,2024-12-02,Active,265,3180
SUB0002375,CUST002375,2023-09-05,2025-09-05,Active,1664,19968
SUB0002376,CUST002376,2024-03-20,2026-03-20,Active,22260,267120
SUB0002377,CUST002377,2024-02-21,2026-02-21,Active,1858,22296
SUB0002378,CUST002378,2024-03-22,2027-03-22,Active,7185,86220
SUB0002379,CUST002379,2023-10-30,2025-10-30,Pending Renewal,2168,26016
SUB0002380,CUST002380,2024-08-22,2027-08-22,Active,996,11952
SUB0002381,CUST002381,2024-07-26,2027-07-26,Active,1948,23376
SUB0002382,CUST002382,2025-03-03,2026-03-03,Cancelled,6369,76428
SUB0002383,CUST002383,2025-11-26,2026-11-26,Pending Renewal,749,8988
SUB0002384,CUST002384,2023-08-29,2026-08-29,Active,6640,79680
SUB0002385,CUST002385,2024-02-08,2026-02-08,Active,328,3936
SUB0002386,CUST002386,2025-02-20,2026-02-20,Active,775,9300
SUB0002387,CUST002387,2025-07-15,2026-07-15,Active,1438,17256
SUB0002388,CUST002388,2024-01-31,2025-01-31,Active,1946,23352
SUB0002389,CUST002389,2023-09-29,2026-09-29,Active,1963,23556
SUB0002390,CUST002390,2024-05-11,2025-05-11,Pending Renewal,3773,45276
SUB0002391,CUST002391,2023-11-19,2025-11-19,Active,1597,19164
SUB0002392,CUST002392,2024-09-14,2027-09-14,Active,1669,20028
SUB0002393,CUST002393,2024-12-03,2027-12-03,Active,18185,218220
SUB0002394,CUST002394,2024-10-06,2025-10-06,Active,1447,17364
SUB0002395,CUST002395,2025-09-20,2027-09-20,Active,1237,14844
SUB0002396,CUST002396,2025-06-08,2028-06-08,Active,5405,64860
SUB0002397,CUST002397,2025-02-25,2027-02-25,Active,2252,27024
SUB0002398,CUST002398,2023-12-27,2024-12-27,Cancelled,4384,52608
SUB0002399,CUST002399,2025-07-11,2027-07-11,Active,2745,32940
SUB0002400,CUST002400,2025-03-22,2027-03-22,Active,14324,171888
SUB0002401,CUST002401,2025-11-10,2026-11-10,Active,878,10536
SUB0002402,CUST002402,2025-09-10,2026-09-10,Pending Renewal,2254,27048
SUB0002403,CUST002403,2025-03-02,2026-03-02,Pending Renewal,2727,32724
SUB0002404,CUST002404,2025-11-25,2026-11-25,Active,1332,15984
SUB0002405,CUST002405,2024-06-12,2025-06-12,Active,7716,92592
SUB0002406,CUST002406,2025-04-13,2028-04-13,Active,931,11172
SUB0002407,CUST002407,2025-08-10,2028-08-10,Active,1332,15984
SUB0002408,CUST002408,2024-03-30,2026-03-30,Active,224,2688
SUB0002409,CUST002409,2023-08-12,2025-08-12,Active,5170,62040
SUB0002410,CUST002410,2025-01-25,2027-01-25,Active,158,1896
SUB0002411,CUST002411,2025-07-13,2027-07-13,Active,4226,50712
SUB0002412,CUST002412,2025-09-20,2027-09-20,Pending Renewal,1726,20712
SUB0002413,CUST002413,2023-10-24,2024-10-24,Pending Renewal,4879,58548
SUB0002414,CUST002414,2023-10-18,2026-10-18,Active,1789,21468
SUB0002415,CUST002415,2025-10-11,2026-10-11,Active,352,4224
SUB0002416,CUST002416,2025-03-06,2027-03-06,Pending Renewal,13627,163524
SUB0002417,CUST002417,2024-06-20,2026-06-20,Active,1997,23964
SUB0002418,CUST002418,2024-05-08,2025-05-08,Active,5628,67536
SUB0002419,CUST002419,2023-07-04,2026-07-04,Active,7200,86400
SUB0002420,CUST002420,2024-05-11,2026-05-11,Pending Renewal,464,5568
SUB0002421,CUST002421,2023-11-18,2025-11-18,Active,895,10740
SUB0002422,CUST002422,2025-11-01,2028-11-01,Active,24872,298464
SUB0002423,CUST002423,2025-08-26,2027-08-26,Active,6233,74796
SUB0002424,CUST002424,2024-12-09,2026-12-09,Active,2094,25128
SUB0002425,CUST002425,2024-10-31,2025-10-31,Active,841,10092
SUB0002426,CUST002426,2023-10-27,2025-10-27,Active,24856,298272
SUB0002427,CUST002427,2024-11-07,2026-11-07,Active,1471,17652
SUB0002428,CUST002428,2024-09-04,2025-09-04,Active,7529,90348
SUB0002429,CUST002429,2024-05-11,2025-05-11,Active,7438,89256
SUB0002430,CUST002430,2024-03-18,2025-03-18,Active,4179,50148
SUB0002431,CUST002431,2024-09-19,2027-09-19,Active,19258,231096
SUB0002432,CUST002432,2025-02-27,2028-02-27,Active,806,9672
SUB0002433,CUST002433,2025-03-10,2027-03-10,Active,109,1308
SUB0002434,CUST002434,2025-09-17,2027-09-17,Active,1686,20232
SUB0002435,CUST002435,2025-04-14,2026-04-14,Active,597,7164
SUB0002436,CUST002436,2024-03-11,2026-03-11,Active,882,10584
SUB0002437,CUST002437,2025-06-18,2027-06-18,Active,16674,200088
SUB0002438,CUST002438,2025-10-16,2026-10-16,Active,5671,68052
SUB0002439,CUST002439,2025-04-09,2026-04-09,Active,1796,21552
SUB0002440,CUST002440,2024-09-11,2027-09-11,Active,780,9360
SUB0002441,CUST002441,2024-01-17,2025-01-17,Active,3391,40692
SUB0002442,CUST002442,2024-04-01,2026-04-01,Active,1534,18408
SUB0002443,CUST002443,2025-07-31,2028-07-31,Active,1401,16812
SUB0002444,CUST002444,2024-08-21,2025-08-21,Active,4524,54288
SUB0002445,CUST002445,2024-02-12,2026-02-12,Pending Renewal,12892,154704
SUB0002446,CUST002446,2024-12-24,2025-12-24,Active,24338,292056
SUB0002447,CUST002447,2023-07-11,2026-07-11,Active,23917,287004
SUB0002448,CUST002448,2024-03-25,2027-03-25,Active,15400,184800
SUB0002449,CUST002449,2025-08-04,2027-08-04,Active,1976,23712
SUB0002450,CUST002450,2025-02-16,2028-02-16,Active,871,10452
SUB0002451,CUST002451,2024-03-29,2027-03-29,Pending Renewal,4149,49788
SUB0002452,CUST002452,2025-12-05,2028-12-05,Active,1991,23892
SUB0002453,CUST002453,2025-09-17,2026-09-17,Active,565,6780
SUB0002454,CUST002454,2025-07-11,2028-07-11,Active,1310,15720
SUB0002455,CUST002455,2025-12-14,2027-12-14,Active,18486,221832
SUB0002456,CUST002456,2024-03-15,2025-03-15,Active,3300,39600
SUB0002457,CUST002457,2023-11-21,2024-11-21,Active,1407,16884
SUB0002458,CUST002458,2023-09-16,2024-09-16,Pending Renewal,21883,262596
SUB0002459,CUST002459,2025-10-09,2028-10-09,Active,2310,27720
SUB0002460,CUST002460,2025-10-18,2026-10-18,Active,1558,18696
SUB0002461,CUST002461,2023-08-06,2025-08-06,Cancelled,2092,25104
SUB0002462,CUST002462,2024-03-04,2027-03-04,Active,361,4332
SUB0002463,CUST002463,2023-07-18,2024-07-18,Active,1880,22560
SUB0002464,CUST002464,2025-04-18,2026-04-18,Active,8820,105840
SUB0002465,CUST002465,2024-06-23,2027-06-23,Active,3342,40104
SUB0002466,CUST002466,2024-01-05,2026-01-05,Cancelled,3101,37212
SUB0002467,CUST002467,2024-09-02,2026-09-02,Active,1537,18444
SUB0002468,CUST002468,2024-01-22,2027-01-22,Active,1115,13380
SUB0002469,CUST002469,2024-09-14,2026-09-14,Active,615,7380
SUB0002470,CUST002470,2025-09-30,2026-09-30,Active,601,7212
SUB0002471,CUST002471,2024-08-04,2026-08-04,Active,310,3720
SUB0002472,CUST002472,2023-11-22,2024-11-22,Pending Renewal,1409,16908
SUB0002473,CUST002473,2025-06-15,2026-06-15,Active,1981,23772
SUB0002474,CUST002474,2024-04-04,2027-04-04,Active,954,11448
SUB0002475,CUST002475,2025-01-01,2028-01-01,Active,144,1728
SUB0002476,CUST002476,2025-11-29,2028-11-29,Active,1699,20388
SUB0002477,CUST002477,2024-12-04,2025-12-04,Active,6826,81912
SUB0002478,CUST002478,2025-02-01,2028-02-01,Active,2569,30828
SUB0002479,CUST002479,2025-07-16,2027-07-16,Active,1675,20100
SUB0002480,CUST002480,2023-07-09,2024-07-09,Active,1662,19944
SUB0002481,CUST002481,2025-09-19,2028-09-19,Pending Renewal,866,10392
SUB0002482,CUST002482,2025-10-24,2028-10-24,Active,7340,88080
SUB0002483,CUST002483,2025-03-09,2027-03-09,Active,13659,163908
SUB0002484,CUST002484,2024-03-09,2026-03-09,Active,905,10860
SUB0002485,CUST002485,2024-10-09,2027-10-09,Active,10414,124968
SUB0002486,CUST002486,2025-10-24,2026-10-24,Active,7995,95940
SUB0002487,CUST002487,2024-12-15,2027-12-15,Active,836,10032
SUB0002488,CUST002488,2024-11-19,2026-11-19,Active,1503,18036
SUB0002489,CUST002489,2023-11-18,2025-11-18,Active,136,1632
SUB0002490,CUST002490,2024-12-12,2026-12-12,Active,15207,182484
SUB0002491,CUST002491,2025-12-20,2028-12-20,Pending Renewal,24991,299892
SUB0002492,CUST002492,2025-11-09,2026-11-09,Active,14835,178020
SUB0002493,CUST002493,2023-12-29,2024-12-29,Active,1211,14532
SUB0002494,CUST002494,2024-05-08,2027-05-08,Active,1990,23880
SUB0002495,CUST002495,2025-11-23,2027-11-23,Pending Renewal,6619,79428
SUB0002496,CUST002496,2024-05-23,2026-05-23,Active,2648,31776
SUB0002497,CUST002497,2024-08-22,2027-08-22,Pending Renewal,1068,12816
SUB0002498,CUST002498,2024-10-19,2026-10-19,Pending Renewal,2263,27156
SUB0002499,CUST002499,2024-04-27,2025-04-27,Active,18773,225276
SUB0002500,CUST002500,2024-06-01,2026-06-01,Active,1625,19500
SUB0002501,CUST002501,2024-12-11,2027-12-11,Active,18626,223512
SUB0002502,CUST002502,2025-01-14,2026-01-14,Active,21886,262632
SUB0002503,CUST002503,2024-08-19,2025-08-19,Pending Renewal,7399,88788
SUB0002504,CUST002504,2025-06-27,2028-06-27,Pending Renewal,12261,147132
SUB0002505,CUST002505,2025-06-11,2027-06-11,Active,10927,131124
SUB0002506,CUST002506,2024-09-14,2026-09-14,Cancelled,1722,20664
SUB0002507,CUST002507,2024-12-06,2027-12-06,Pending Renewal,3672,44064
SUB0002508,CUST002508,2025-06-07,2027-06-07,Active,15676,188112
SUB0002509,CUST002509,2024-09-11,2025-09-11,Cancelled,4975,59700
SUB0002510,CUST002510,2024-04-04,2025-04-04,Active,13471,161652
SUB0002511,CUST002511,2025-02-05,2026-02-05,Active,3325,39900
SUB0002512,CUST002512,2023-12-11,2025-12-11,Active,1665,19980
SUB0002513,CUST002513,2025-02-15,2028-02-15,Active,1125,13500
SUB0002514,CUST002514,2025-12-19,2028-12-19,Active,2635,31620
SUB0002515,CUST002515,2025-05-02,2027-05-02,Active,1424,17088
SUB0002516,CUST002516,2025-06-25,2026-06-25,Active,2278,27336
SUB0002517,CUST002517,2023-06-30,2024-06-30,Active,666,7992
SUB0002518,CUST002518,2024-10-20,2026-10-20,Active,165,1980
SUB0002519,CUST002519,2025-10-10,2026-10-10,Active,1597,19164
SUB0002520,CUST002520,2024-05-25,2027-05-25,Active,1730,20760
SUB0002521,CUST002521,2023-12-04,2025-12-04,Pending Renewal,1089,13068
SUB0002522,CUST002522,2023-12-20,2024-12-20,Active,1180,14160
SUB0002523,CUST002523,2025-08-07,2027-08-07,Active,1183,14196
SUB0002524,CUST002524,2025-08-18,2027-08-18,Active,914,10968
SUB0002525,CUST002525,2025-09-15,2026-09-15,Active,5561,66732
SUB0002526,CUST002526,2024-02-03,2025-02-03,Active,1136,13632
SUB0002527,CUST002527,2025-06-17,2026-06-17,Active,251,3012
SUB0002528,CUST002528,2024-09-29,2027-09-29,Active,1074,12888
SUB0002529,CUST002529,2025-01-11,2026-01-11,Active,9108,109296
SUB0002530,CUST002530,2024-05-31,2025-05-31,Active,913,10956
SUB0002531,CUST002531,2025-10-08,2027-10-08,Active,7559,90708
SUB0002532,CUST002532,2024-01-08,2025-01-08,Active,6010,72120
SUB0002533,CUST002533,2024-04-04,2027-04-04,Active,2879,34548
SUB0002534,CUST002534,2024-01-09,2026-01-09,Active,1223,14676
SUB0002535,CUST002535,2024-04-16,2027-04-16,Active,1119,13428
SUB0002536,CUST002536,2025-02-03,2026-02-03,Active,5709,68508
SUB0002537,CUST002537,2025-02-19,2026-02-19,Active,1214,14568
SUB0002538,CUST002538,2024-09-02,2025-09-02,Active,1904,22848
SUB0002539,CUST002539,2024-04-24,2025-04-24,Cancelled,1770,21240
SUB0002540,CUST002540,2025-09-16,2027-09-16,Active,7769,93228
SUB0002541,CUST002541,2025-03-01,2027-03-01,Active,1855,22260
SUB0002542,CUST002542,2025-06-21,2027-06-21,Active,857,10284
SUB0002543,CUST002543,2023-10-19,2024-10-19,Active,462,5544
SUB0002544,CUST002544,2025-03-26,2027-03-26,Active,904,10848
SUB0002545,CUST002545,2023-10-15,2025-10-15,Active,10207,122484
SUB0002546,CUST002546,2024-02-18,2027-02-18,Active,4987,59844
SUB0002547,CUST002547,2023-06-26,2024-06-26,Active,1525,18300
SUB0002548,CUST002548,2024-05-27,2026-05-27,Pending Renewal,5566,66792
SUB0002549,CUST002549,2025-03-15,2028-03-15,Active,516,6192
SUB0002550,CUST002550,2024-12-30,2027-12-30,Active,6791,81492
SUB0002551,CUST002551,2023-07-29,2024-07-29,Active,1077,12924
SUB0002552,CUST002552,2025-01-09,2027-01-09,Active,4914,58968
SUB0002553,CUST002553,2025-10-17,2026-10-17,Active,2571,30852
SUB0002554,CUST002554,2023-09-08,2024-09-08,Active,424,5088
SUB0002555,CUST002555,2025-03-28,2026-03-28,Pending Renewal,4311,51732
SUB0002556,CUST002556,2023-12-27,2025-12-27,Active,22626,271512
SUB0002557,CUST002557,2024-04-18,2025-04-18,Active,696,8352
SUB0002558,CUST002558,2025-12-14,2027-12-14,Cancelled,214,2568
SUB0002559,CUST002559,2024-09-07,2025-09-07,Active,22010,264120
SUB0002560,CUST002560,2024-08-30,2026-08-30,Cancelled,2013,24156
SUB0002561,CUST002561,2025-11-08,2028-11-08,Active,6930,83160
SUB0002562,CUST002562,2025-07-25,2026-07-25,Active,554,6648
SUB0002563,CUST002563,2025-02-19,2026-02-19,Active,22499,269988
SUB0002564,CUST002564,2025-05-30,2026-05-30,Active,1963,23556
SUB0002565,CUST002565,2024-07-28,2026-07-28,Active,1095,13140
SUB0002566,CUST002566,2025-09-01,2027-09-01,Active,17489,209868
SUB0002567,CUST002567,2024-11-25,2025-11-25,Active,1656,19872
SUB0002568,CUST002568,2024-03-19,2027-03-19,Active,779,9348
SUB0002569,CUST002569,2024-03-31,2025-03-31,Active,22942,275304
SUB0002570,CUST002570,2024-01-01,2027-01-01,Active,13414,160968
SUB0002571,CUST002571,2024-08-13,2027-08-13,Active,7914,94968
SUB0002572,CUST002572,2025-09-14,2026-09-14,Active,19415,232980
SUB0002573,CUST002573,2024-09-09,2026-09-09,Active,1560,18720
SUB0002574,CUST002574,2025-09-13,2028-09-13,Active,1834,22008
SUB0002575,CUST002575,2024-06-28,2027-06-28,Pending Renewal,119,1428
SUB0002576,CUST002576,2023-08-27,2026-08-27,Active,4155,49860
SUB0002577,CUST002577,2025-05-01,2027-05-01,Active,6661,79932
SUB0002578,CUST002578,2023-12-01,2025-12-01,Active,5780,69360
SUB0002579,CUST002579,2023-09-01,2026-09-01,Active,433,5196
SUB0002580,CUST002580,2024-11-20,2027-11-20,Cancelled,1595,19140
SUB0002581,CUST002581,2023-07-27,2024-07-27,Active,18053,216636
SUB0002582,CUST002582,2025-02-07,2027-02-07,Active,5035,60420
SUB0002583,CUST002583,2024-11-26,2025-11-26,Active,1494,17928
SUB0002584,CUST002584,2025-06-03,2028-06-03,Active,1102,13224
SUB0002585,CUST002585,2024-06-22,2027-06-22,Active,2280,27360
SUB0002586,CUST002586,2024-11-05,2025-11-05,Active,14183,170196
SUB0002587,CUST002587,2023-11-01,2025-11-01,Active,1125,13500
SUB0002588,CUST002588,2024-11-24,2027-11-24,Active,2212,26544
SUB0002589,CUST002589,2025-03-25,2027-03-25,Active,4961,59532
SUB0002590,CUST002590,2023-10-07,2026-10-07,Pending Renewal,682,8184
SUB0002591,CUST002591,2025-09-23,2027-09-23,Active,5527,66324
SUB0002592,CUST002592,2025-04-27,2027-04-27,Active,12214,146568
SUB0002593,CUST002593,2024-11-03,2027-11-03,Active,1212,14544
SUB0002594,CUST002594,2025-11-20,2027-11-20,Active,267,3204
SUB0002595,CUST002595,2024-05-23,2027-05-23,Active,1020,12240
SUB0002596,CUST002596,2024-07-12,2026-07-12,Active,6030,72360
SUB0002597,CUST002597,2025-06-01,2026-06-01,Active,6872,82464
SUB0002598,CUST002598,2024-01-04,2026-01-04,Active,2836,34032
SUB0002599,CUST002599,2024-02-13,2025-02-13,Pending Renewal,3086,37032
SUB0002600,CUST002600,2024-10-31,2027-10-31,Active,1039,12468
SUB0002601,CUST002601,2025-06-25,2028-06-25,Active,1108,13296
SUB0002602,CUST002602,2024-01-21,2027-01-21,Active,4655,55860
SUB0002603,CUST002603,2024-01-18,2027-01-18,Active,1846,22152
SUB0002604,CUST002604,2023-07-27,2025-07-27,Active,6589,79068
SUB0002605,CUST002605,2024-12-07,2025-12-07,Active,195,2340
SUB0002606,CUST002606,2024-12-30,2027-12-30,Active,7418,89016
SUB0002607,CUST002607,2023-09-09,2024-09-09,Active,8438,101256
SUB0002608,CUST002608,2023-11-10,2024-11-10,Active,1034,12408
SUB0002609,CUST002609,2025-05-02,2027-05-02,Active,13906,166872
SUB0002610,CUST002610,2023-08-20,2026-08-20,Active,1472,17664
SUB0002611,CUST002611,2025-06-07,2027-06-07,Active,5669,68028
SUB0002612,CUST002612,2025-06-24,2027-06-24,Active,272,3264
SUB0002613,CUST002613,2024-05-16,2027-05-16,Active,4327,51924
SUB0002614,CUST002614,2023-10-21,2024-10-21,Active,1474,17688
SUB0002615,CUST002615,2024-06-15,2025-06-15,Active,1337,16044
SUB0002616,CUST002616,2024-12-19,2027-12-19,Active,7574,90888
SUB0002617,CUST002617,2023-11-03,2025-11-03,Active,1328,15936
SUB0002618,CUST002618,2025-10-22,2027-10-22,Active,5191,62292
SUB0002619,CUST002619,2025-07-23,2027-07-23,Cancelled,416,4992
SUB0002620,CUST002620,2025-02-10,2028-02-10,Active,1109,13308
SUB0002621,CUST002621,2023-10-23,2024-10-23,Active,6931,83172
SUB0002622,CUST002622,2023-09-18,2025-09-18,Active,1311,15732
SUB0002623,CUST002623,2025-07-19,2027-07-19,Active,5821,69852
SUB0002624,CUST002624,2023-12-11,2026-12-11,Active,7017,84204
SUB0002625,CUST002625,2024-09-09,2027-09-09,Active,3909,46908
SUB0002626,CUST002626,2023-12-19,2025-12-19,Active,6943,83316
SUB0002627,CUST002627,2023-08-04,2024-08-04,Active,7403,88836
SUB0002628,CUST002628,2025-07-11,2028-07-11,Active,17441,209292
SUB0002629,CUST002629,2025-07-18,2026-07-18,Active,836,10032
SUB0002630,CUST002630,2024-03-24,2026-03-24,Active,1681,20172
SUB0002631,CUST002631,2025-11-29,2027-11-29,Active,1530,18360
SUB0002632,CUST002632,2025-12-24,2028-12-24,Active,7770,93240
SUB0002633,CUST002633,2025-02-11,2027-02-11,Active,5998,71976
SUB0002634,CUST002634,2023-07-30,2024-07-30,Active,1872,22464
SUB0002635,CUST002635,2025-07-14,2027-07-14,Active,791,9492
SUB0002636,CUST002636,2023-09-23,2024-09-23,Pending Renewal,4849,58188
SUB0002637,CUST002637,2024-05-18,2027-05-18,Cancelled,7902,94824
SUB0002638,CUST002638,2025-06-20,2026-06-20,Active,201,2412
SUB0002639,CUST002639,2025-12-17,2026-12-17,Active,22946,275352
SUB0002640,CUST002640,2024-07-16,2026-07-16,Active,766,9192
SUB0002641,CUST002641,2023-07-09,2026-07-09,Active,1438,17256
SUB0002642,CUST002642,2024-03-07,2027-03-07,Active,1906,22872
SUB0002643,CUST002643,2024-11-18,2025-11-18,Active,7401,88812
SUB0002644,CUST002644,2023-12-31,2025-12-31,Active,11123,133476
SUB0002645,CUST002645,2025-05-25,2027-05-25,Active,1584,19008
SUB0002646,CUST002646,2024-09-22,2026-09-22,Cancelled,313,3756
SUB0002647,CUST002647,2023-12-18,2024-12-18,Active,5236,62832
SUB0002648,CUST002648,2025-05-19,2028-05-19,Active,967,11604
SUB0002649,CUST002649,2024-06-30,2025-06-30,Pending Renewal,706,8472
SUB0002650,CUST002650,2024-10-14,2025-10-14,Active,164,1968
SUB0002651,CUST002651,2024-03-30,2026-03-30,Active,3883,46596
SUB0002652,CUST002652,2024-11-06,2027-11-06,Active,1945,23340
SUB0002653,CUST002653,2024-10-23,2026-10-23,Active,5922,71064
SUB0002654,CUST002654,2025-04-01,2026-04-01,Active,16747,200964
SUB0002655,CUST002655,2023-12-07,2025-12-07,Active,1289,15468
SUB0002656,CUST002656,2024-10-05,2026-10-05,Active,10399,124788
SUB0002657,CUST002657,2023-08-05,2025-08-05,Active,5049,60588
SUB0002658,CUST002658,2023-11-22,2024-11-22,Active,5522,66264
SUB0002659,CUST002659,2024-06-16,2026-06-16,Active,137,1644
SUB0002660,CUST002660,2024-04-16,2027-04-16,Active,1064,12768
SUB0002661,CUST002661,2024-07-28,2026-07-28,Active,161,1932
SUB0002662,CUST002662,2025-02-03,2026-02-03,Pending Renewal,9564,114768
SUB0002663,CUST002663,2024-08-07,2026-08-07,Active,1898,22776
SUB0002664,CUST002664,2023-11-29,2025-11-29,Active,1914,22968
SUB0002665,CUST002665,2023-12-15,2024-12-15,Active,1984,23808
SUB0002666,CUST002666,2024-06-23,2027-06-23,Active,20244,242928
SUB0002667,CUST002667,2023-12-06,2024-12-06,Active,5783,69396
SUB0002668,CUST002668,2024-05-25,2025-05-25,Active,1518,18216
SUB0002669,CUST002669,2023-07-06,2024-07-06,Active,1438,17256
SUB0002670,CUST002670,2023-08-21,2026-08-21,Active,1971,23652
SUB0002671,CUST002671,2024-10-25,2025-10-25,Active,24288,291456
SUB0002672,CUST002672,2024-05-26,2025-05-26,Active,1271,15252
SUB0002673,CUST002673,2025-04-13,2026-04-13,Active,686,8232
SUB0002674,CUST002674,2025-05-11,2026-05-11,Active,7840,94080
SUB0002675,CUST002675,2025-08-27,2028-08-27,Active,441,5292
SUB0002676,CUST002676,2025-02-13,2027-02-13,Active,541,6492
SUB0002677,CUST002677,2023-07-09,2025-07-09,Cancelled,7835,94020
SUB0002678,CUST002678,2024-01-11,2025-01-11,Active,6547,78564
SUB0002679,CUST002679,2023-07-21,2024-07-21,Active,22309,267708
SUB0002680,CUST002680,2025-08-04,2027-08-04,Active,881,10572
SUB0002681,CUST002681,2025-11-23,2028-11-23,Active,7508,90096
SUB0002682,CUST002682,2023-12-22,2024-12-22,Active,407,4884
SUB0002683,CUST002683,2023-08-26,2024-08-26,Active,21557,258684
SUB0002684,CUST002684,2023-10-08,2026-10-08,Active,7790,93480
SUB0002685,CUST002685,2023-11-21,2025-11-21,Active,4996,59952
SUB0002686,CUST002686,2023-09-02,2025-09-02,Pending Renewal,6515,78180
SUB0002687,CUST002687,2025-03-25,2026-03-25,Active,1257,15084
SUB0002688,CUST002688,2024-12-04,2025-12-04,Active,517,6204
SUB0002689,CUST002689,2024-01-28,2027-01-28,Active,6336,76032
SUB0002690,CUST002690,2025-12-17,2027-12-17,Active,15146,181752
SUB0002691,CUST002691,2025-12-11,2027-12-11,Active,1068,12816
SUB0002692,CUST002692,2025-03-16,2026-03-16,Active,5704,68448
SUB0002693,CUST002693,2024-02-21,2025-02-21,Active,1862,22344
SUB0002694,CUST002694,2025-04-15,2026-04-15,Active,5374,64488
SUB0002695,CUST002695,2025-02-10,2026-02-10,Active,176,2112
SUB0002696,CUST002696,2025-11-22,2027-11-22,Cancelled,10558,126696
SUB0002697,CUST002697,2025-09-05,2026-09-05,Active,1740,20880
SUB0002698,CUST002698,2024-04-22,2027-04-22,Active,833,9996
SUB0002699,CUST002699,2024-07-21,2025-07-21,Active,1244,14928
SUB0002700,CUST002700,2023-08-17,2025-08-17,Active,1704,20448
SUB0002701,CUST002701,2023-06-26,2026-06-26,Active,23473,281676
SUB0002702,CUST002702,2024-11-06,2026-11-06,Active,493,5916
SUB0002703,CUST002703,2024-10-27,2025-10-27,Active,1140,13680
SUB0002704,CUST002704,2024-12-23,2027-12-23,Active,1150,13800
SUB0002705,CUST002705,2024-06-20,2027-06-20,Active,9254,111048
SUB0002706,CUST002706,2025-04-25,2026-04-25,Active,412,4944
SUB0002707,CUST002707,2025-04-24,2027-04-24,Active,1292,15504
SUB0002708,CUST002708,2024-03-08,2025-03-08,Active,161,1932
SUB0002709,CUST002709,2025-09-10,2027-09-10,Active,6860,82320
SUB0002710,CUST002710,2023-11-08,2024-11-08,Active,2162,25944
SUB0002711,CUST002711,2023-08-21,2026-08-21,Pending Renewal,2259,27108
SUB0002712,CUST002712,2024-05-11,2026-05-11,Active,658,7896
SUB0002713,CUST002713,2025-12-23,2027-12-23,Active,23719,284628
SUB0002714,CUST002714,2025-07-12,2028-07-12,Active,5591,67092
SUB0002715,CUST002715,2023-09-15,2024-09-15,Active,1754,21048
SUB0002716,CUST002716,2023-10-18,2026-10-18,Active,17933,215196
SUB0002717,CUST002717,2024-01-06,2025-01-06,Active,1870,22440
SUB0002718,CUST002718,2025-12-17,2026-12-17,Active,158,1896
SUB0002719,CUST002719,2024-06-02,2027-06-02,Cancelled,21168,254016
SUB0002720,CUST002720,2024-12-24,2026-12-24,Active,1539,18468
SUB0002721,CUST002721,2024-07-23,2027-07-23,Active,1637,19644
SUB0002722,CUST002722,2025-02-25,2028-02-25,Active,336,4032
SUB0002723,CUST002723,2025-04-30,2026-04-30,Active,1372,16464
SUB0002724,CUST002724,2025-11-08,2027-11-08,Active,1845,22140
SUB0002725,CUST002725,2023-07-05,2024-07-05,Active,7739,92868
SUB0002726,CUST002726,2025-07-24,2028-07-24,Active,418,5016
SUB0002727,CUST002727,2024-06-12,2025-06-12,Active,487,5844
SUB0002728,CUST002728,2025-03-14,2026-03-14,Active,919,11028
SUB0002729,CUST002729,2025-06-24,2028-06-24,Active,1907,22884
SUB0002730,CUST002730,2024-08-11,2027-08-11,Active,897,10764
SUB0002731,CUST002731,2023-09-30,2026-09-30,Active,1258,15096
SUB0002732,CUST002732,2024-08-21,2027-08-21,Active,285,3420
SUB0002733,CUST002733,2023-06-27,2025-06-27,Pending Renewal,897,10764
SUB0002734,CUST002734,2024-06-25,2027-06-25,Pending Renewal,6433,77196
SUB0002735,CUST002735,2025-11-19,2028-11-19,Active,7691,92292
SUB0002736,CUST002736,2024-11-08,2027-11-08,Cancelled,17075,204900
SUB0002737,CUST002737,2024-12-23,2025-12-23,Active,715,8580
SUB0002738,CUST002738,2024-05-15,2027-05-15,Active,1912,22944
SUB0002739,CUST002739,2025-02-11,2026-02-11,Active,6178,74136
SUB0002740,CUST002740,2025-10-22,2026-10-22,Active,101,1212
SUB0002741,CUST002741,2023-12-20,2026-12-20,Active,1260,15120
SUB0002742,CUST002742,2025-01-30,2026-01-30,Active,1335,16020
SUB0002743,CUST002743,2024-09-11,2027-09-11,Active,817,9804
SUB0002744,CUST002744,2025-01-02,2026-01-02,Active,11991,143892
SUB0002745,CUST002745,2025-05-14,2028-05-14,Active,13455,161460
SUB0002746,CUST002746,2024-09-17,2027-09-17,Active,1794,21528
SUB0002747,CUST002747,2023-08-04,2025-08-04,Pending Renewal,3116,37392
SUB0002748,CUST002748,2024-11-12,2026-11-12,Active,1457,17484
SUB0002749,CUST002749,2023-12-19,2025-12-19,Active,2392,28704
SUB0002750,CUST002750,2025-04-10,2028-04-10,Active,1376,16512
SUB0002751,CUST002751,2025-12-15,2028-12-15,Active,1725,20700
SUB0002752,CUST002752,2025-10-04,2026-10-04,Cancelled,1948,23376
SUB0002753,CUST002753,2024-11-10,2027-11-10,Active,1045,12540
SUB0002754,CUST002754,2023-12-25,2024-12-25,Active,19255,231060
SUB0002755,CUST002755,2024-02-21,2026-02-21,Active,1593,19116
SUB0002756,CUST002756,2023-10-04,2025-10-04,Pending Renewal,1318,15816
SUB0002757,CUST002757,2024-09-06,2027-09-06,Active,1768,21216
SUB0002758,CUST002758,2025-04-06,2028-04-06,Active,1719,20628
SUB0002759,CUST002759,2025-06-01,2028-06-01,Active,1573,18876
SUB0002760,CUST002760,2025-05-29,2026-05-29,Pending Renewal,2940,35280
SUB0002761,CUST002761,2024-02-06,2026-02-06,Cancelled,5809,69708
SUB0002762,CUST002762,2025-08-01,2026-08-01,Active,509,6108
SUB0002763,CUST002763,2024-03-04,2027-03-04,Active,1175,14100
SUB0002764,CUST002764,2024-11-07,2025-11-07,Active,3946,47352
SUB0002765,CUST002765,2024-08-22,2026-08-22,Active,1497,17964
SUB0002766,CUST002766,2025-02-06,2028-02-06,Active,11869,142428
SUB0002767,CUST002767,2023-12-12,2026-12-12,Active,5323,63876
SUB0002768,CUST002768,2025-06-08,2027-06-08,Active,2445,29340
SUB0002769,CUST002769,2024-11-14,2025-11-14,Cancelled,7006,84072
SUB0002770,CUST002770,2023-10-28,2024-10-28,Active,238,2856
SUB0002771,CUST002771,2024-02-23,2027-02-23,Active,709,8508
SUB0002772,CUST002772,2025-04-06,2028-04-06,Active,3550,42600
SUB0002773,CUST002773,2025-09-18,2027-09-18,Active,6104,73248
SUB0002774,CUST002774,2025-06-20,2028-06-20,Active,20551,246612
SUB0002775,CUST002775,2024-12-25,2025-12-25,Cancelled,5225,62700
SUB0002776,CUST002776,2023-10-14,2024-10-14,Active,905,10860
SUB0002777,CUST002777,2023-11-06,2026-11-06,Pending Renewal,1394,16728
SUB0002778,CUST002778,2025-09-10,2028-09-10,Active,118,1416
SUB0002779,CUST002779,2023-12-02,2025-12-02,Pending Renewal,7750,93000
SUB0002780,CUST002780,2025-08-11,2028-08-11,Active,907,10884
SUB0002781,CUST002781,2025-11-07,2028-11-07,Active,5080,60960
SUB0002782,CUST002782,2023-10-23,2025-10-23,Active,789,9468
SUB0002783,CUST002783,2025-11-21,2026-11-21,Pending Renewal,7399,88788
SUB0002784,CUST002784,2025-09-24,2028-09-24,Active,402,4824
SUB0002785,CUST002785,2024-12-09,2025-12-09,Active,1233,14796
SUB0002786,CUST002786,2024-07-20,2026-07-20,Active,15323,183876
SUB0002787,CUST002787,2023-07-13,2024-07-13,Active,6140,73680
SUB0002788,CUST002788,2025-06-11,2028-06-11,Active,2043,24516
SUB0002789,CUST002789,2024-08-11,2025-08-11,Active,24694,296328
SUB0002790,CUST002790,2024-02-10,2027-02-10,Active,1149,13788
SUB0002791,CUST002791,2025-10-24,2028-10-24,Active,3793,45516
SUB0002792,CUST002792,2023-07-18,2026-07-18,Active,954,11448
SUB0002793,CUST002793,2025-12-04,2026-12-04,Active,7163,85956
SUB0002794,CUST002794,2024-03-21,2025-03-21,Active,1685,20220
SUB0002795,CUST002795,2023-08-23,2024-08-23,Pending Renewal,1469,17628
SUB0002796,CUST002796,2025-09-03,2028-09-03,Cancelled,5594,67128
SUB0002797,CUST002797,2025-03-20,2027-03-20,Active,1735,20820
SUB0002798,CUST002798,2024-04-01,2027-04-01,Active,6524,78288
SUB0002799,CUST002799,2023-09-16,2025-09-16,Active,22406,268872
SUB0002800,CUST002800,2024-05-01,2026-05-01,Active,712,8544
SUB0002801,CUST002801,2024-07-28,2025-07-28,Active,2823,33876
SUB0002802,CUST002802,2025-09-12,2027-09-12,Active,1229,14748
SUB0002803,CUST002803,2025-08-17,2027-08-17,Active,5323,63876
SUB0002804,CUST002804,2024-03-13,2027-03-13,Active,1244,14928
SUB0002805,CUST002805,2025-04-22,2027-04-22,Active,5585,67020
SUB0002806,CUST002806,2025-06-13,2026-06-13,Cancelled,11063,132756
SUB0002807,CUST002807,2024-12-27,2025-12-27,Active,3577,42924
SUB0002808,CUST002808,2023-12-07,2024-12-07,Active,16236,194832
SUB0002809,CUST002809,2025-05-07,2027-05-07,Active,2588,31056
SUB0002810,CUST002810,2023-08-06,2024-08-06,Active,725,8700
SUB0002811,CUST002811,2023-11-29,2025-11-29,Active,1699,20388
SUB0002812,CUST002812,2025-11-01,2026-11-01,Active,7867,94404
SUB0002813,CUST002813,2023-08-21,2025-08-21,Active,5834,70008
SUB0002814,CUST002814,2023-11-21,2024-11-21,Active,7079,84948
SUB0002815,CUST002815,2025-01-20,2026-01-20,Active,20711,248532
SUB0002816,CUST002816,2025-03-16,2026-03-16,Active,6032,72384
SUB0002817,CUST002817,2025-01-08,2027-01-08,Active,2791,33492
SUB0002818,CUST002818,2025-11-12,2028-11-12,Cancelled,794,9528
SUB0002819,CUST002819,2025-03-17,2026-03-17,Active,5081,60972
SUB0002820,CUST002820,2024-04-15,2027-04-15,Active,1536,18432
SUB0002821,CUST002821,2024-05-29,2025-05-29,Active,1923,23076
SUB0002822,CUST002822,2025-06-05,2028-06-05,Active,4263,51156
SUB0002823,CUST002823,2025-01-12,2027-01-12,Active,1935,23220
SUB0002824,CUST002824,2024-06-30,2025-06-30,Active,163,1956
SUB0002825,CUST002825,2025-05-23,2027-05-23,Active,3968,47616
SUB0002826,CUST002826,2024-04-06,2025-04-06,Active,2324,27888
SUB0002827,CUST002827,2024-05-08,2027-05-08,Active,4778,57336
SUB0002828,CUST002828,2024-10-11,2027-10-11,Active,734,8808
SUB0002829,CUST002829,2025-10-09,2026-10-09,Active,23663,283956
SUB0002830,CUST002830,2025-09-01,2026-09-01,Active,2101,25212
SUB0002831,CUST002831,2025-06-13,2028-06-13,Active,5985,71820
SUB0002832,CUST002832,2023-06-27,2024-06-27,Active,1789,21468
SUB0002833,CUST002833,2025-09-30,2027-09-30,Active,15820,189840
SUB0002834,CUST002834,2024-08-27,2026-08-27,Active,1312,15744
SUB0002835,CUST002835,2024-05-05,2027-05-05,Active,810,9720
SUB0002836,CUST002836,2025-06-08,2026-06-08,Active,1649,19788
SUB0002837,CUST002837,2025-08-06,2027-08-06,Active,1106,13272
SUB0002838,CUST002838,2023-08-10,2024-08-10,Active,2224,26688
SUB0002839,CUST002839,2023-07-30,2025-07-30,Active,1529,18348
SUB0002840,CUST002840,2024-02-21,2026-02-21,Active,281,3372
SUB0002841,CUST002841,2024-03-05,2026-03-05,Active,1883,22596
SUB0002842,CUST002842,2023-12-29,2024-12-29,Active,1493,17916
SUB0002843,CUST002843,2023-11-08,2024-11-08,Active,659,7908
SUB0002844,CUST002844,2025-07-20,2026-07-20,Active,18118,217416
SUB0002845,CUST002845,2025-09-01,2026-09-01,Active,4320,51840
SUB0002846,CUST002846,2024-02-21,2026-02-21,Active,5993,71916
SUB0002847,CUST002847,2024-08-21,2026-08-21,Active,131,1572
SUB0002848,CUST002848,2025-05-03,2026-05-03,Active,11921,143052
SUB0002849,CUST002849,2024-04-22,2027-04-22,Active,3987,47844
SUB0002850,CUST002850,2025-02-08,2026-02-08,Active,393,4716
SUB0002851,CUST002851,2024-06-13,2025-06-13,Active,1528,18336
SUB0002852,CUST002852,2025-03-11,2028-03-11,Active,4081,48972
SUB0002853,CUST002853,2025-09-28,2027-09-28,Active,3299,39588
SUB0002854,CUST002854,2025-01-17,2026-01-17,Active,823,9876
SUB0002855,CUST002855,2024-05-24,2027-05-24,Cancelled,1204,14448
SUB0002856,CUST002856,2024-03-02,2027-03-02,Active,1279,15348
SUB0002857,CUST002857,2025-01-15,2027-01-15,Active,545,6540
SUB0002858,CUST002858,2023-08-23,2026-08-23,Active,239,2868
SUB0002859,CUST002859,2025-01-28,2027-01-28,Active,1193,14316
SUB0002860,CUST002860,2025-09-22,2026-09-22,Active,7435,89220
SUB0002861,CUST002861,2024-12-27,2025-12-27,Active,5306,63672
SUB0002862,CUST002862,2024-06-15,2025-06-15,Active,5061,60732
SUB0002863,CUST002863,2025-04-08,2026-04-08,Active,130,1560
SUB0002864,CUST002864,2025-11-09,2026-11-09,Active,7480,89760
SUB0002865,CUST002865,2024-02-08,2026-02-08,Active,5311,63732
SUB0002866,CUST002866,2025-05-15,2027-05-15,Active,4918,59016
SUB0002867,CUST002867,2024-05-30,2027-05-30,Active,1338,16056
SUB0002868,CUST002868,2025-10-04,2027-10-04,Active,1758,21096
SUB0002869,CUST002869,2023-10-17,2025-10-17,Active,605,7260
SUB0002870,CUST002870,2024-10-16,2026-10-16,Active,9699,116388
SUB0002871,CUST002871,2025-02-08,2028-02-08,Active,4424,53088
SUB0002872,CUST002872,2025-06-14,2026-06-14,Active,304,3648
SUB0002873,CUST002873,2025-10-17,2027-10-17,Pending Renewal,6759,81108
SUB0002874,CUST002874,2024-11-27,2026-11-27,Active,317,3804
SUB0002875,CUST002875,2023-08-17,2025-08-17,Active,5791,69492
SUB0002876,CUST002876,2025-10-11,2026-10-11,Active,4413,52956
SUB0002877,CUST002877,2025-07-12,2028-07-12,Active,18259,219108
SUB0002878,CUST002878,2025-10-27,2026-10-27,Active,340,4080
SUB0002879,CUST002879,2024-10-19,2027-10-19,Active,4140,49680
SUB0002880,CUST002880,2024-11-23,2025-11-23,Active,19943,239316
SUB0002881,CUST002881,2025-04-04,2027-04-04,Active,143,1716
SUB0002882,CUST002882,2025-01-11,2026-01-11,Active,1246,14952
SUB0002883,CUST002883,2025-05-23,2026-05-23,Active,7890,94680
SUB0002884,CUST002884,2023-10-03,2024-10-03,Active,1783,21396
SUB0002885,CUST002885,2024-07-25,2026-07-25,Active,24069,288828
SUB0002886,CUST002886,2023-07-10,2025-07-10,Active,2555,30660
SUB0002887,CUST002887,2025-10-18,2027-10-18,Active,4660,55920
SUB0002888,CUST002888,2023-07-10,2025-07-10,Active,445,5340
SUB0002889,CUST002889,2025-01-27,2026-01-27,Active,3578,42936
SUB0002890,CUST002890,2024-06-11,2027-06-11,Active,13113,157356
SUB0002891,CUST002891,2025-01-12,2027-01-12,Active,7387,88644
SUB0002892,CUST002892,2025-09-23,2027-09-23,Active,1267,15204
SUB0002893,CUST002893,2023-10-26,2024-10-26,Active,462,5544
SUB0002894,CUST002894,2024-03-26,2025-03-26,Active,1211,14532
SUB0002895,CUST002895,2025-04-23,2026-04-23,Active,1653,19836
SUB0002896,CUST002896,2025-07-10,2028-07-10,Active,1359,16308
SUB0002897,CUST002897,2024-10-20,2026-10-20,Active,18086,217032
SUB0002898,CUST002898,2024-04-25,2026-04-25,Active,6001,72012
SUB0002899,CUST002899,2025-04-19,2027-04-19,Active,12689,152268
SUB0002900,CUST002900,2024-09-30,2027-09-30,Active,1818,21816
SUB0002901,CUST002901,2023-08-26,2026-08-26,Active,4607,55284
SUB0002902,CUST002902,2024-10-02,2026-10-02,Active,206,2472
SUB0002903,CUST002903,2025-11-12,2026-11-12,Active,18555,222660
SUB0002904,CUST002904,2024-05-30,2027-05-30,Active,558,6696
SUB0002905,CUST002905,2024-04-28,2027-04-28,Active,1618,19416
SUB0002906,CUST002906,2025-09-01,2027-09-01,Active,8839,106068
SUB0002907,CUST002907,2023-12-20,2025-12-20,Active,6605,79260
SUB0002908,CUST002908,2025-05-16,2028-05-16,Active,5521,66252
SUB0002909,CUST002909,2024-04-13,2026-04-13,Active,1163,13956
SUB0002910,CUST002910,2025-07-27,2027-07-27,Pending Renewal,4372,52464
SUB0002911,CUST002911,2023-07-02,2026-07-02,Active,1802,21624
SUB0002912,CUST002912,2023-10-11,2025-10-11,Active,1393,16716
SUB0002913,CUST002913,2023-09-10,2024-09-10,Active,7617,91404
SUB0002914,CUST002914,2025-01-10,2026-01-10,Active,1858,22296
SUB0002915,CUST002915,2025-06-12,2028-06-12,Active,7437,89244
SUB0002916,CUST002916,2024-04-22,2027-04-22,Active,904,10848
SUB0002917,CUST002917,2023-09-29,2025-09-29,Active,12400,148800
SUB0002918,CUST002918,2024-08-03,2026-08-03,Active,12857,154284
SUB0002919,CUST002919,2025-01-13,2026-01-13,Active,1268,15216
SUB0002920,CUST002920,2025-06-10,2028-06-10,Active,1075,12900
SUB0002921,CUST002921,2024-01-09,2025-01-09,Active,1677,20124
SUB0002922,CUST002922,2025-10-10,2028-10-10,Active,966,11592
SUB0002923,CUST002923,2025-09-11,2028-09-11,Active,7261,87132
SUB0002924,CUST002924,2025-08-04,2028-08-04,Active,17092,205104
SUB0002925,CUST002925,2025-10-24,2028-10-24,Pending Renewal,1599,19188
SUB0002926,CUST002926,2024-06-27,2025-06-27,Active,236,2832
SUB0002927,CUST002927,2025-05-04,2028-05-04,Active,5560,66720
SUB0002928,CUST002928,2025-11-01,2027-11-01,Active,1306,15672
SUB0002929,CUST002929,2025-08-10,2028-08-10,Active,1225,14700
SUB0002930,CUST002930,2025-01-31,2028-01-31,Active,24022,288264
SUB0002931,CUST002931,2023-10-29,2025-10-29,Active,1726,20712
SUB0002932,CUST002932,2024-02-28,2026-02-28,Active,8488,101856
SUB0002933,CUST002933,2025-12-26,2028-12-26,Active,682,8184
SUB0002934,CUST002934,2025-04-22,2027-04-22,Active,23769,285228
SUB0002935,CUST002935,2023-08-30,2025-08-30,Pending Renewal,928,11136
SUB0002936,CUST002936,2024-04-03,2025-04-03,Active,1689,20268
SUB0002937,CUST002937,2025-10-07,2026-10-07,Active,12016,144192
SUB0002938,CUST002938,2024-04-01,2026-04-01,Active,6241,74892
SUB0002939,CUST002939,2025-08-21,2028-08-21,Active,1760,21120
SUB0002940,CUST002940,2025-06-20,2026-06-20,Active,19293,231516
SUB0002941,CUST002941,2023-09-04,2026-09-04,Active,2440,29280
SUB0002942,CUST002942,2024-07-09,2027-07-09,Cancelled,1493,17916
SUB0002943,CUST002943,2024-06-21,2026-06-21,Active,4072,48864
SUB0002944,CUST002944,2024-04-22,2027-04-22,Active,6198,74376
SUB0002945,CUST002945,2025-01-08,2028-01-08,Active,1587,19044
SUB0002946,CUST002946,2025-12-26,2026-12-26,Active,742,8904
SUB0002947,CUST002947,2023-12-13,2025-12-13,Active,493,5916
SUB0002948,CUST002948,2024-09-29,2026-09-29,Active,4157,49884
SUB0002949,CUST002949,2025-06-15,2026-06-15,Active,3348,40176
SUB0002950,CUST002950,2025-09-11,2026-09-11,Active,1647,19764
SUB0002951,CUST002951,2025-06-29,2027-06-29,Active,5522,66264
SUB0002952,CUST002952,2025-03-22,2028-03-22,Active,5170,62040
SUB0002953,CUST002953,2024-07-03,2025-07-03,Active,1026,12312
SUB0002954,CUST002954,2023-08-31,2025-08-31,Pending Renewal,250,3000
SUB0002955,CUST002955,2024-10-23,2027-10-23,Active,6022,72264
SUB0002956,CUST002956,2024-02-24,2027-02-24,Active,8614,103368
SUB0002957,CUST002957,2024-03-29,2025-03-29,Active,12739,152868
SUB0002958,CUST002958,2025-12-26,2027-12-26,Active,4176,50112
SUB0002959,CUST002959,2025-06-28,2026-06-28,Active,608,7296
SUB0002960,CUST002960,2024-04-06,2027-04-06,Active,12815,153780
SUB0002961,CUST002961,2025-04-07,2027-04-07,Active,1498,17976
SUB0002962,CUST002962,2025-10-05,2028-10-05,Pending Renewal,1630,19560
SUB0002963,CUST002963,2024-05-20,2025-05-20,Active,1979,23748
SUB0002964,CUST002964,2023-11-14,2024-11-14,Active,3772,45264
SUB0002965,CUST002965,2025-06-03,2028-06-03,Active,1846,22152
SUB0002966,CUST002966,2025-11-29,2027-11-29,Active,5372,64464
SUB0002967,CUST002967,2025-05-04,2027-05-04,Active,654,7848
SUB0002968,CUST002968,2025-08-07,2027-08-07,Pending Renewal,1085,13020
SUB0002969,CUST002969,2023-10-24,2024-10-24,Active,6395,76740
SUB0002970,CUST002970,2023-10-10,2024-10-10,Active,3622,43464
SUB0002971,CUST002971,2024-05-05,2026-05-05,Active,781,9372
SUB0002972,CUST002972,2025-11-21,2028-11-21,Active,948,11376
SUB0002973,CUST002973,2025-04-02,2027-04-02,Active,883,10596
SUB0002974,CUST002974,2023-06-29,2025-06-29,Active,858,10296
SUB0002975,CUST002975,2025-09-09,2028-09-09,Active,122,1464
SUB0002976,CUST002976,2024-09-09,2025-09-09,Active,21810,261720
SUB0002977,CUST002977,2024-01-17,2026-01-17,Pending Renewal,127,1524
SUB0002978,CUST002978,2024-04-10,2027-04-10,Active,1830,21960
SUB0002979,CUST002979,2024-07-18,2026-07-18,Active,1323,15876
SUB0002980,CUST002980,2024-07-29,2025-07-29,Active,9516,114192
SUB0002981,CUST002981,2024-05-21,2025-05-21,Active,5181,62172
SUB0002982,CUST002982,2025-12-03,2028-12-03,Active,1750,21000
SUB0002983,CUST002983,2024-08-17,2025-08-17,Active,1191,14292
SUB0002984,CUST002984,2023-09-15,2024-09-15,Active,6989,83868
SUB0002985,CUST002985,2025-06-21,2028-06-21,Active,1654,19848
SUB0002986,CUST002986,2024-02-18,2027-02-18,Pending Renewal,1539,18468
SUB0002987,CUST002987,2025-08-12,2026-08-12,Active,906,10872
SUB0002988,CUST002988,2025-02-28,2027-02-28,Active,478,5736
SUB0002989,CUST002989,2023-08-04,2025-08-04,Active,335,4020
SUB0002990,CUST002990,2024-12-06,2026-12-06,Active,17395,208740
SUB0002991,CUST002991,2024-10-10,2025-10-10,Active,8032,96384
SUB0002992,CUST002992,2024-03-18,2025-03-18,Active,4758,57096
SUB0002993,CUST002993,2024-12-01,2025-12-01,Active,1354,16248
SUB0002994,CUST002994,2023-11-04,2026-11-04,Active,1041,12492
SUB0002995,CUST002995,2024-08-21,2025-08-21,Active,3601,43212
SUB0002996,CUST002996,2024-03-17,2025-03-17,Active,17539,210468
SUB0002997,CUST002997,2024-07-12,2026-07-12,Active,2475,29700
SUB0002998,CUST002998,2025-09-10,2026-09-10,Active,23231,278772
SUB0002999,CUST002999,2024-06-03,2025-06-03,Active,1683,20196
SUB0003000,CUST003000,2023-08-03,2026-08-03,Pending Renewal,2711,32532
SUB0003001,CUST003001,2024-02-25,2026-02-25,Active,6487,77844
SUB0003002,CUST003002,2023-11-16,2026-11-16,Active,6489,77868
SUB0003003,CUST003003,2023-12-05,2025-12-05,Active,1396,16752
SUB0003004,CUST003004,2024-10-20,2025-10-20,Active,1712,20544
SUB0003005,CUST003005,2023-07-06,2024-07-06,Active,4148,49776
SUB0003006,CUST003006,2025-11-05,2026-11-05,Active,5225,62700
SUB0003007,CUST003007,2025-08-20,2026-08-20,Pending Renewal,1818,21816
SUB0003008,CUST003008,2025-08-30,2026-08-30,Active,1364,16368
SUB0003009,CUST003009,2024-05-15,2027-05-15,Active,1276,15312
SUB0003010,CUST003010,2025-11-21,2026-11-21,Active,6559,78708
SUB0003011,CUST003011,2025-07-19,2027-07-19,Active,5739,68868
SUB0003012,CUST003012,2024-10-26,2025-10-26,Active,1771,21252
SUB0003013,CUST003013,2024-07-24,2027-07-24,Pending Renewal,1151,13812
SUB0003014,CUST003014,2025-06-24,2028-06-24,Active,9188,110256
SUB0003015,CUST003015,2023-11-22,2025-11-22,Active,1699,20388
SUB0003016,CUST003016,2025-11-28,2026-11-28,Active,7275,87300
SUB0003017,CUST003017,2025-03-31,2028-03-31,Active,3383,40596
SUB0003018,CUST003018,2024-05-29,2026-05-29,Active,7346,88152
SUB0003019,CUST003019,2024-09-19,2025-09-19,Cancelled,6833,81996
SUB0003020,CUST003020,2024-08-04,2025-08-04,Active,1432,17184
SUB0003021,CUST003021,2025-05-25,2026-05-25,Active,6558,78696
SUB0003022,CUST003022,2023-07-28,2025-07-28,Active,325,3900
SUB0003023,CUST003023,2025-07-07,2026-07-07,Pending Renewal,1535,18420
SUB0003024,CUST003024,2024-11-22,2025-11-22,Pending Renewal,4731,56772
SUB0003025,CUST003025,2024-01-27,2027-01-27,Active,18381,220572
SUB0003026,CUST003026,2025-07-08,2028-07-08,Active,7008,84096
SUB0003027,CUST003027,2024-06-24,2026-06-24,Active,9530,114360
SUB0003028,CUST003028,2024-05-26,2025-05-26,Cancelled,502,6024
SUB0003029,CUST003029,2024-02-28,2027-02-28,Active,6468,77616
SUB0003030,CUST003030,2025-10-15,2026-10-15,Active,2398,28776
SUB0003031,CUST003031,2024-02-22,2027-02-22,Active,16930,203160
SUB0003032,CUST003032,2024-12-08,2026-12-08,Pending Renewal,1291,15492
SUB0003033,CUST003033,2025-09-14,2026-09-14,Pending Renewal,20577,246924
SUB0003034,CUST003034,2025-12-15,2026-12-15,Active,423,5076
SUB0003035,CUST003035,2025-04-05,2027-04-05,Active,4035,48420
SUB0003036,CUST003036,2024-12-09,2026-12-09,Active,1382,16584
SUB0003037,CUST003037,2025-12-06,2026-12-06,Cancelled,4053,48636
SUB0003038,CUST003038,2024-11-23,2026-11-23,Active,4856,58272
SUB0003039,CUST003039,2025-09-22,2028-09-22,Active,15273,183276
SUB0003040,CUST003040,2024-07-13,2027-07-13,Active,5881,70572
SUB0003041,CUST003041,2025-09-04,2026-09-04,Cancelled,372,4464
SUB0003042,CUST003042,2024-07-10,2026-07-10,Active,586,7032
SUB0003043,CUST003043,2024-09-15,2027-09-15,Active,4055,48660
SUB0003044,CUST003044,2023-11-19,2026-11-19,Active,1755,21060
SUB0003045,CUST003045,2024-08-28,2027-08-28,Active,1591,19092
SUB0003046,CUST003046,2023-07-08,2026-07-08,Active,11651,139812
SUB0003047,CUST003047,2023-10-24,2024-10-24,Pending Renewal,635,7620
SUB0003048,CUST003048,2024-11-06,2027-11-06,Active,2757,33084
SUB0003049,CUST003049,2024-03-16,2027-03-16,Active,403,4836
SUB0003050,CUST003050,2024-08-31,2026-08-31,Pending Renewal,5672,68064
SUB0003051,CUST003051,2025-06-03,2028-06-03,Active,908,10896
SUB0003052,CUST003052,2025-05-16,2026-05-16,Active,1811,21732
SUB0003053,CUST003053,2023-07-29,2025-07-29,Pending Renewal,2096,25152
SUB0003054,CUST003054,2024-10-14,2025-10-14,Active,7877,94524
SUB0003055,CUST003055,2024-09-22,2026-09-22,Active,1864,22368
SUB0003056,CUST003056,2025-10-13,2026-10-13,Active,432,5184
SUB0003057,CUST003057,2023-11-05,2025-11-05,Active,402,4824
SUB0003058,CUST003058,2024-03-29,2025-03-29,Pending Renewal,7848,94176
SUB0003059,CUST003059,2024-08-28,2026-08-28,Active,1077,12924
SUB0003060,CUST003060,2024-11-04,2026-11-04,Active,1811,21732
SUB0003061,CUST003061,2024-06-01,2026-06-01,Active,6623,79476
SUB0003062,CUST003062,2024-12-01,2025-12-01,Active,3407,40884
SUB0003063,CUST003063,2023-08-01,2024-08-01,Active,225,2700
SUB0003064,CUST003064,2023-10-26,2026-10-26,Active,21941,263292
SUB0003065,CUST003065,2025-06-07,2028-06-07,Pending Renewal,1766,21192
SUB0003066,CUST003066,2023-07-01,2025-07-01,Active,128,1536
SUB0003067,CUST003067,2023-12-27,2024-12-27,Active,18551,222612
SUB0003068,CUST003068,2025-06-06,2028-06-06,Pending Renewal,1461,17532
SUB0003069,CUST003069,2025-01-29,2026-01-29,Active,761,9132
SUB0003070,CUST003070,2024-04-20,2027-04-20,Active,1473,17676
SUB0003071,CUST003071,2024-01-13,2027-01-13,Active,7466,89592
SUB0003072,CUST003072,2024-01-25,2027-01-25,Active,1610,19320
SUB0003073,CUST003073,2023-06-25,2026-06-25,Active,552,6624
SUB0003074,CUST003074,2023-07-21,2026-07-21,Active,5426,65112
SUB0003075,CUST003075,2023-11-01,2026-11-01,Active,2298,27576
SUB0003076,CUST003076,2024-05-01,2027-05-01,Pending Renewal,1187,14244
SUB0003077,CUST003077,2023-11-17,2026-11-17,Pending Renewal,434,5208
SUB0003078,CUST003078,2025-03-30,2028-03-30,Active,935,11220
SUB0003079,CUST003079,2024-08-31,2026-08-31,Active,5473,65676
SUB0003080,CUST003080,2025-12-20,2027-12-20,Active,714,8568
SUB0003081,CUST003081,2024-11-15,2025-11-15,Active,1549,18588
SUB0003082,CUST003082,2024-02-18,2027-02-18,Active,6039,72468
SUB0003083,CUST003083,2025-08-02,2026-08-02,Pending Renewal,174,2088
SUB0003084,CUST003084,2023-12-10,2025-12-10,Active,192,2304
SUB0003085,CUST003085,2023-07-17,2025-07-17,Active,1070,12840
SUB0003086,CUST003086,2025-07-15,2026-07-15,Active,1721,20652
SUB0003087,CUST003087,2024-11-04,2027-11-04,Active,1281,15372
SUB0003088,CUST003088,2024-02-21,2026-02-21,Active,1940,23280
SUB0003089,CUST003089,2024-10-26,2025-10-26,Active,7918,95016
SUB0003090,CUST003090,2025-12-21,2026-12-21,Active,3666,43992
SUB0003091,CUST003091,2024-07-25,2027-07-25,Active,1446,17352
SUB0003092,CUST003092,2024-11-17,2025-11-17,Active,6232,74784
SUB0003093,CUST003093,2023-11-27,2025-11-27,Active,1057,12684
SUB0003094,CUST003094,2024-11-16,2027-11-16,Active,1696,20352
SUB0003095,CUST003095,2025-07-22,2028-07-22,Active,193,2316
SUB0003096,CUST003096,2024-10-22,2025-10-22,Active,514,6168
SUB0003097,CUST003097,2023-08-13,2026-08-13,Active,1220,14640
SUB0003098,CUST003098,2025-10-23,2028-10-23,Active,4243,50916
SUB0003099,CUST003099,2024-05-02,2026-05-02,Cancelled,403,4836
SUB0003100,CUST003100,2024-07-18,2025-07-18,Active,9614,115368
SUB0003101,CUST003101,2023-12-25,2025-12-25,Active,1459,17508
SUB0003102,CUST003102,2025-04-26,2028-04-26,Cancelled,1831,21972
SUB0003103,CUST003103,2024-05-23,2025-05-23,Active,1208,14496
SUB0003104,CUST003104,2024-01-31,2027-01-31,Active,743,8916
SUB0003105,CUST003105,2024-12-03,2025-12-03,Active,3706,44472
SUB0003106,CUST003106,2024-03-09,2026-03-09,Pending Renewal,1656,19872
SUB0003107,CUST003107,2024-04-19,2025-04-19,Pending Renewal,6190,74280
SUB0003108,CUST003108,2024-10-18,2027-10-18,Cancelled,7623,91476
SUB0003109,CUST003109,2025-02-17,2028-02-17,Active,5853,70236
SUB0003110,CUST003110,2024-02-09,2027-02-09,Active,21945,263340
SUB0003111,CUST003111,2024-05-22,2026-05-22,Active,7240,86880
SUB0003112,CUST003112,2023-12-17,2026-12-17,Active,2016,24192
SUB0003113,CUST003113,2025-10-18,2028-10-18,Pending Renewal,1910,22920
SUB0003114,CUST003114,2025-09-12,2028-09-12,Active,206,2472
SUB0003115,CUST003115,2023-10-12,2026-10-12,Active,5776,69312
SUB0003116,CUST003116,2023-08-19,2025-08-19,Active,22846,274152
SUB0003117,CUST003117,2025-03-12,2027-03-12,Active,7357,88284
SUB0003118,CUST003118,2023-07-10,2025-07-10,Active,2336,28032
SUB0003119,CUST003119,2023-10-12,2024-10-12,Pending Renewal,1779,21348
SUB0003120,CUST003120,2024-04-04,2025-04-04,Cancelled,1522,18264
SUB0003121,CUST003121,2024-11-09,2026-11-09,Active,2477,29724
SUB0003122,CUST003122,2024-05-15,2026-05-15,Pending Renewal,1782,21384
SUB0003123,CUST003123,2024-08-15,2025-08-15,Active,279,3348
SUB0003124,CUST003124,2024-10-30,2026-10-30,Active,3528,42336
SUB0003125,CUST003125,2024-09-27,2026-09-27,Active,771,9252
SUB0003126,CUST003126,2025-08-27,2027-08-27,Active,6844,82128
SUB0003127,CUST003127,2023-07-04,2026-07-04,Pending Renewal,385,4620
SUB0003128,CUST003128,2023-07-03,2026-07-03,Active,754,9048
SUB0003129,CUST003129,2025-03-25,2027-03-25,Active,1981,23772
SUB0003130,CUST003130,2024-04-09,2027-04-09,Active,997,11964
SUB0003131,CUST003131,2024-06-22,2027-06-22,Active,1243,14916
SUB0003132,CUST003132,2025-10-21,2027-10-21,Active,1476,17712
SUB0003133,CUST003133,2024-07-10,2027-07-10,Active,3797,45564
SUB0003134,CUST003134,2025-06-14,2027-06-14,Active,8008,96096
SUB0003135,CUST003135,2025-09-20,2028-09-20,Active,3886,46632
SUB0003136,CUST003136,2023-09-13,2025-09-13,Cancelled,1805,21660
SUB0003137,CUST003137,2025-03-19,2026-03-19,Active,202,2424
SUB0003138,CUST003138,2025-10-07,2027-10-07,Active,1872,22464
SUB0003139,CUST003139,2023-07-20,2024-07-20,Active,6219,74628
SUB0003140,CUST003140,2025-08-21,2026-08-21,Active,4832,57984
SUB0003141,CUST003141,2025-08-10,2028-08-10,Active,454,5448
SUB0003142,CUST003142,2024-01-30,2027-01-30,Active,1677,20124
SUB0003143,CUST003143,2025-07-08,2027-07-08,Active,17642,211704
SUB0003144,CUST003144,2024-07-30,2025-07-30,Active,13710,164520
SUB0003145,CUST003145,2024-05-13,2026-05-13,Active,1829,21948
SUB0003146,CUST003146,2025-11-17,2028-11-17,Active,23311,279732
SUB0003147,CUST003147,2024-01-28,2026-01-28,Active,4003,48036
SUB0003148,CUST003148,2024-09-19,2026-09-19,Active,5886,70632
SUB0003149,CUST003149,2024-02-12,2027-02-12,Active,1041,12492
SUB0003150,CUST003150,2023-08-04,2026-08-04,Active,1367,16404
SUB0003151,CUST003151,2024-04-25,2027-04-25,Active,4574,54888
SUB0003152,CUST003152,2025-02-21,2026-02-21,Pending Renewal,871,10452
SUB0003153,CUST003153,2025-07-13,2027-07-13,Active,1694,20328
SUB0003154,CUST003154,2024-07-20,2027-07-20,Active,21209,254508
SUB0003155,CUST003155,2025-04-05,2026-04-05,Active,22161,265932
SUB0003156,CUST003156,2025-09-01,2027-09-01,Pending Renewal,1057,12684
SUB0003157,CUST003157,2024-10-09,2027-10-09,Active,1800,21600
SUB0003158,CUST003158,2025-08-07,2028-08-07,Active,23557,282684
SUB0003159,CUST003159,2024-08-29,2027-08-29,Active,1586,19032
SUB0003160,CUST003160,2023-10-02,2025-10-02,Active,864,10368
SUB0003161,CUST003161,2023-11-27,2024-11-27,Active,11120,133440
SUB0003162,CUST003162,2025-10-30,2026-10-30,Active,7566,90792
SUB0003163,CUST003163,2023-06-29,2025-06-29,Active,541,6492
SUB0003164,CUST003164,2023-11-20,2025-11-20,Active,21816,261792
SUB0003165,CUST003165,2025-11-17,2026-11-17,Active,1246,14952
SUB0003166,CUST003166,2025-12-09,2028-12-09,Cancelled,882,10584
SUB0003167,CUST003167,2024-01-22,2026-01-22,Active,14900,178800
SUB0003168,CUST003168,2023-08-07,2024-08-07,Active,7568,90816
SUB0003169,CUST003169,2025-10-11,2027-10-11,Active,21845,262140
SUB0003170,CUST003170,2024-11-07,2026-11-07,Active,490,5880
SUB0003171,CUST003171,2023-08-21,2024-08-21,Active,7210,86520
SUB0003172,CUST003172,2024-06-25,2027-06-25,Active,15758,189096
SUB0003173,CUST003173,2025-12-03,2028-12-03,Active,1915,22980
SUB0003174,CUST003174,2023-08-22,2025-08-22,Pending Renewal,1218,14616
SUB0003175,CUST003175,2023-11-14,2025-11-14,Active,1072,12864
SUB0003176,CUST003176,2025-09-04,2026-09-04,Active,1313,15756
SUB0003177,CUST003177,2025-04-24,2026-04-24,Pending Renewal,12784,153408
SUB0003178,CUST003178,2025-12-18,2026-12-18,Active,7226,86712
SUB0003179,CUST003179,2024-01-18,2026-01-18,Active,1464,17568
SUB0003180,CUST003180,2025-10-16,2028-10-16,Active,13371,160452
SUB0003181,CUST003181,2024-12-06,2025-12-06,Active,2429,29148
SUB0003182,CUST003182,2025-05-09,2026-05-09,Active,20196,242352
SUB0003183,CUST003183,2024-09-29,2025-09-29,Pending Renewal,3394,40728
SUB0003184,CUST003184,2025-12-05,2028-12-05,Active,745,8940
SUB0003185,CUST003185,2025-08-29,2026-08-29,Pending Renewal,7861,94332
SUB0003186,CUST003186,2025-07-01,2027-07-01,Active,2364,28368
SUB0003187,CUST003187,2025-08-04,2026-08-04,Active,22374,268488
SUB0003188,CUST003188,2024-08-07,2026-08-07,Active,1125,13500
SUB0003189,CUST003189,2024-07-29,2025-07-29,Pending Renewal,1629,19548
SUB0003190,CUST003190,2024-09-16,2025-09-16,Pending Renewal,13949,167388
SUB0003191,CUST003191,2025-03-23,2026-03-23,Active,1197,14364
SUB0003192,CUST003192,2025-03-22,2026-03-22,Active,1707,20484
SUB0003193,CUST003193,2024-10-09,2027-10-09,Pending Renewal,1803,21636
SUB0003194,CUST003194,2025-03-11,2027-03-11,Active,6336,76032
SUB0003195,CUST003195,2024-04-30,2025-04-30,Active,23801,285612
SUB0003196,CUST003196,2024-06-02,2026-06-02,Active,765,9180
SUB0003197,CUST003197,2024-01-22,2026-01-22,Cancelled,1911,22932
SUB0003198,CUST003198,2024-11-16,2025-11-16,Pending Renewal,1453,17436
SUB0003199,CUST003199,2023-12-24,2025-12-24,Active,13075,156900
SUB0003200,CUST003200,2024-03-14,2025-03-14,Active,529,6348
SUB0003201,CUST003201,2023-09-16,2026-09-16,Active,7474,89688
SUB0003202,CUST003202,2023-12-01,2024-12-01,Active,6346,76152
SUB0003203,CUST003203,2023-09-26,2026-09-26,Cancelled,1612,19344
SUB0003204,CUST003204,2025-09-06,2026-09-06,Active,4082,48984
SUB0003205,CUST003205,2024-02-28,2027-02-28,Active,17705,212460
SUB0003206,CUST003206,2023-10-15,2025-10-15,Active,5089,61068
SUB0003207,CUST003207,2024-05-12,2026-05-12,Active,6214,74568
SUB0003208,CUST003208,2024-09-23,2027-09-23,Cancelled,4486,53832
SUB0003209,CUST003209,2024-05-17,2025-05-17,Pending Renewal,10542,126504
SUB0003210,CUST003210,2025-03-16,2028-03-16,Active,1016,12192
SUB0003211,CUST003211,2024-02-15,2025-02-15,Active,2891,34692
SUB0003212,CUST003212,2023-09-02,2024-09-02,Active,5215,62580
SUB0003213,CUST003213,2025-02-10,2026-02-10,Active,1478,17736
SUB0003214,CUST003214,2024-09-25,2026-09-25,Active,6340,76080
SUB0003215,CUST003215,2025-09-26,2027-09-26,Cancelled,2192,26304
SUB0003216,CUST003216,2025-08-30,2028-08-30,Cancelled,2220,26640
SUB0003217,CUST003217,2025-07-27,2027-07-27,Active,6435,77220
SUB0003218,CUST003218,2025-10-26,2027-10-26,Active,13039,156468
SUB0003219,CUST003219,2025-07-05,2026-07-05,Active,460,5520
SUB0003220,CUST003220,2024-03-02,2026-03-02,Active,6374,76488
SUB0003221,CUST003221,2023-09-04,2026-09-04,Active,16459,197508
SUB0003222,CUST003222,2023-07-09,2024-07-09,Active,540,6480
SUB0003223,CUST003223,2023-11-05,2025-11-05,Pending Renewal,1679,20148
SUB0003224,CUST003224,2025-09-22,2027-09-22,Active,21404,256848
SUB0003225,CUST003225,2024-09-17,2026-09-17,Active,2980,35760
SUB0003226,CUST003226,2024-09-20,2027-09-20,Active,1043,12516
SUB0003227,CUST003227,2025-06-02,2028-06-02,Cancelled,20385,244620
SUB0003228,CUST003228,2024-03-20,2027-03-20,Active,1009,12108
SUB0003229,CUST003229,2025-01-08,2027-01-08,Pending Renewal,163,1956
SUB0003230,CUST003230,2023-12-07,2024-12-07,Pending Renewal,12372,148464
SUB0003231,CUST003231,2024-03-01,2027-03-01,Active,116,1392
SUB0003232,CUST003232,2025-01-12,2028-01-12,Active,867,10404
SUB0003233,CUST003233,2025-05-16,2028-05-16,Active,1583,18996
SUB0003234,CUST003234,2024-09-22,2025-09-22,Active,14204,170448
SUB0003235,CUST003235,2024-07-19,2026-07-19,Active,7168,86016
SUB0003236,CUST003236,2025-09-02,2026-09-02,Active,777,9324
SUB0003237,CUST003237,2024-05-15,2026-05-15,Active,1729,20748
SUB0003238,CUST003238,2025-10-27,2027-10-27,Pending Renewal,1438,17256
SUB0003239,CUST003239,2025-12-03,2028-12-03,Active,1721,20652
SUB0003240,CUST003240,2024-01-28,2025-01-28,Active,4006,48072
SUB0003241,CUST003241,2025-02-28,2028-02-28,Active,11325,135900
SUB0003242,CUST003242,2025-03-31,2026-03-31,Active,1991,23892
SUB0003243,CUST003243,2023-10-04,2024-10-04,Active,6102,73224
SUB0003244,CUST003244,2023-09-16,2025-09-16,Active,4349,52188
SUB0003245,CUST003245,2024-06-24,2027-06-24,Active,22287,267444
SUB0003246,CUST003246,2025-10-12,2027-10-12,Active,216,2592
SUB0003247,CUST003247,2024-12-13,2026-12-13,Active,4374,52488
SUB0003248,CUST003248,2023-07-22,2025-07-22,Pending Renewal,3898,46776
SUB0003249,CUST003249,2025-09-15,2026-09-15,Active,7274,87288
SUB0003250,CUST003250,2025-04-12,2028-04-12,Active,1483,17796
SUB0003251,CUST003251,2024-02-04,2027-02-04,Active,21897,262764
SUB0003252,CUST003252,2023-09-21,2024-09-21,Active,3708,44496
SUB0003253,CUST003253,2024-06-24,2026-06-24,Pending Renewal,2191,26292
SUB0003254,CUST003254,2025-06-13,2028-06-13,Active,5740,68880
SUB0003255,CUST003255,2025-11-10,2026-11-10,Pending Renewal,9710,116520
SUB0003256,CUST003256,2023-09-06,2026-09-06,Active,2077,24924
SUB0003257,CUST003257,2024-06-01,2027-06-01,Active,441,5292
SUB0003258,CUST003258,2025-12-16,2026-12-16,Active,5435,65220
SUB0003259,CUST003259,2024-07-24,2025-07-24,Active,7532,90384
SUB0003260,CUST003260,2025-08-23,2028-08-23,Active,7371,88452
SUB0003261,CUST003261,2025-07-19,2027-07-19,Active,965,11580
SUB0003262,CUST003262,2023-10-06,2025-10-06,Active,3257,39084
SUB0003263,CUST003263,2023-07-22,2026-07-22,Active,19673,236076
SUB0003264,CUST003264,2024-04-05,2026-04-05,Pending Renewal,1481,17772
SUB0003265,CUST003265,2025-10-05,2027-10-05,Active,884,10608
SUB0003266,CUST003266,2024-04-03,2026-04-03,Active,299,3588
SUB0003267,CUST003267,2024-11-25,2026-11-25,Active,193,2316
SUB0003268,CUST003268,2024-12-16,2025-12-16,Active,331,3972
SUB0003269,CUST003269,2024-11-06,2027-11-06,Active,484,5808
SUB0003270,CUST003270,2025-02-07,2028-02-07,Active,24583,294996
SUB0003271,CUST003271,2024-08-12,2027-08-12,Active,1488,17856
SUB0003272,CUST003272,2025-07-26,2026-07-26,Active,18031,216372
SUB0003273,CUST003273,2025-10-07,2028-10-07,Active,1880,22560
SUB0003274,CUST003274,2023-12-28,2026-12-28,Active,7162,85944
SUB0003275,CUST003275,2025-06-18,2026-06-18,Active,1188,14256
SUB0003276,CUST003276,2024-12-07,2027-12-07,Active,2022,24264
SUB0003277,CUST003277,2024-10-12,2027-10-12,Pending Renewal,3703,44436
SUB0003278,CUST003278,2025-07-10,2027-07-10,Active,1978,23736
SUB0003279,CUST003279,2024-10-10,2027-10-10,Cancelled,1604,19248
SUB0003280,CUST003280,2024-12-05,2027-12-05,Active,6183,74196
SUB0003281,CUST003281,2025-12-07,2026-12-07,Active,2291,27492
SUB0003282,CUST003282,2023-08-13,2025-08-13,Active,1916,22992
SUB0003283,CUST003283,2025-05-31,2026-05-31,Active,9201,110412
SUB0003284,CUST003284,2024-06-28,2025-06-28,Active,17416,208992
SUB0003285,CUST003285,2025-03-25,2026-03-25,Active,1884,22608
SUB0003286,CUST003286,2025-03-09,2028-03-09,Active,22948,275376
SUB0003287,CUST003287,2024-08-19,2027-08-19,Active,2368,28416
SUB0003288,CUST003288,2025-09-07,2026-09-07,Active,3229,38748
SUB0003289,CUST003289,2024-06-05,2027-06-05,Active,1320,15840
SUB0003290,CUST003290,2025-01-17,2027-01-17,Active,1260,15120
SUB0003291,CUST003291,2024-02-23,2027-02-23,Cancelled,6005,72060
SUB0003292,CUST003292,2025-03-08,2026-03-08,Active,273,3276
SUB0003293,CUST003293,2025-01-12,2028-01-12,Active,1317,15804
SUB0003294,CUST003294,2025-07-14,2028-07-14,Active,5644,67728
SUB0003295,CUST003295,2024-01-31,2026-01-31,Active,1557,18684
SUB0003296,CUST003296,2025-12-26,2027-12-26,Active,881,10572
SUB0003297,CUST003297,2025-05-22,2027-05-22,Active,2557,30684
SUB0003298,CUST003298,2024-08-25,2027-08-25,Pending Renewal,3296,39552
SUB0003299,CUST003299,2025-03-27,2026-03-27,Pending Renewal,157,1884
SUB0003300,CUST003300,2024-01-04,2025-01-04,Active,1892,22704
SUB0003301,CUST003301,2025-06-04,2027-06-04,Pending Renewal,21457,257484
SUB0003302,CUST003302,2025-01-14,2027-01-14,Active,702,8424
SUB0003303,CUST003303,2024-04-30,2026-04-30,Active,3681,44172
SUB0003304,CUST003304,2024-09-25,2027-09-25,Active,844,10128
SUB0003305,CUST003305,2024-01-10,2025-01-10,Pending Renewal,2894,34728
SUB0003306,CUST003306,2025-06-24,2028-06-24,Active,23129,277548
SUB0003307,CUST003307,2025-11-05,2027-11-05,Active,22494,269928
SUB0003308,CUST003308,2024-07-27,2026-07-27,Active,24653,295836
SUB0003309,CUST003309,2024-03-20,2027-03-20,Active,1412,16944
SUB0003310,CUST003310,2023-10-31,2025-10-31,Active,4592,55104
SUB0003311,CUST003311,2025-09-01,2027-09-01,Pending Renewal,6228,74736
SUB0003312,CUST003312,2025-10-08,2028-10-08,Pending Renewal,115,1380
SUB0003313,CUST003313,2025-04-14,2026-04-14,Active,3654,43848
SUB0003314,CUST003314,2024-06-02,2025-06-02,Active,5730,68760
SUB0003315,CUST003315,2024-05-28,2025-05-28,Active,5081,60972
SUB0003316,CUST003316,2024-01-22,2026-01-22,Active,1567,18804
SUB0003317,CUST003317,2025-03-02,2028-03-02,Active,1751,21012
SUB0003318,CUST003318,2024-12-31,2026-12-31,Pending Renewal,1118,13416
SUB0003319,CUST003319,2023-07-21,2026-07-21,Cancelled,4637,55644
SUB0003320,CUST003320,2025-01-15,2028-01-15,Cancelled,1749,20988
SUB0003321,CUST003321,2025-11-15,2028-11-15,Active,1714,20568
SUB0003322,CUST003322,2025-12-03,2027-12-03,Active,6082,72984
SUB0003323,CUST003323,2025-05-22,2026-05-22,Active,1353,16236
SUB0003324,CUST003324,2023-10-20,2026-10-20,Active,1999,23988
SUB0003325,CUST003325,2024-01-22,2025-01-22,Active,337,4044
SUB0003326,CUST003326,2023-09-09,2025-09-09,Active,1976,23712
SUB0003327,CUST003327,2024-02-14,2026-02-14,Active,5426,65112
SUB0003328,CUST003328,2024-08-17,2027-08-17,Active,1532,18384
SUB0003329,CUST003329,2025-11-25,2026-11-25,Active,1569,18828
SUB0003330,CUST003330,2024-03-11,2027-03-11,Active,4295,51540
SUB0003331,CUST003331,2025-05-21,2027-05-21,Active,958,11496
SUB0003332,CUST003332,2025-05-20,2028-05-20,Active,590,7080
SUB0003333,CUST003333,2024-02-25,2026-02-25,Active,1276,15312
SUB0003334,CUST003334,2025-03-13,2028-03-13,Active,24247,290964
SUB0003335,CUST003335,2023-12-06,2026-12-06,Active,6061,72732
SUB0003336,CUST003336,2024-10-26,2027-10-26,Active,5458,65496
SUB0003337,CUST003337,2024-05-23,2026-05-23,Pending Renewal,810,9720
SUB0003338,CUST003338,2023-07-04,2024-07-04,Active,2561,30732
SUB0003339,CUST003339,2024-10-16,2025-10-16,Active,11734,140808
SUB0003340,CUST003340,2025-07-24,2026-07-24,Active,23322,279864
SUB0003341,CUST003341,2023-12-23,2026-12-23,Active,5892,70704
SUB0003342,CUST003342,2024-07-13,2025-07-13,Active,24459,293508
SUB0003343,CUST003343,2025-02-27,2028-02-27,Pending Renewal,793,9516
SUB0003344,CUST003344,2023-09-08,2025-09-08,Active,17943,215316
SUB0003345,CUST003345,2025-05-15,2027-05-15,Active,854,10248
SUB0003346,CUST003346,2025-03-28,2026-03-28,Active,1861,22332
SUB0003347,CUST003347,2024-04-20,2025-04-20,Active,6190,74280
SUB0003348,CUST003348,2024-10-26,2025-10-26,Active,5863,70356
SUB0003349,CUST003349,2024-06-03,2027-06-03,Active,1380,16560
SUB0003350,CUST003350,2024-07-24,2026-07-24,Active,238,2856
SUB0003351,CUST003351,2024-02-08,2027-02-08,Active,193,2316
SUB0003352,CUST003352,2023-09-06,2024-09-06,Active,21619,259428
SUB0003353,CUST003353,2024-06-28,2027-06-28,Cancelled,523,6276
SUB0003354,CUST003354,2023-08-06,2026-08-06,Active,21837,262044
SUB0003355,CUST003355,2025-05-30,2027-05-30,Active,3305,39660
SUB0003356,CUST003356,2024-05-15,2026-05-15,Active,7629,91548
SUB0003357,CUST003357,2025-05-04,2027-05-04,Pending Renewal,3731,44772
SUB0003358,CUST003358,2025-05-23,2028-05-23,Active,5926,71112
SUB0003359,CUST003359,2024-03-30,2027-03-30,Active,24072,288864
SUB0003360,CUST003360,2024-09-19,2027-09-19,Active,10841,130092
SUB0003361,CUST003361,2025-08-22,2026-08-22,Pending Renewal,1244,14928
SUB0003362,CUST003362,2025-07-16,2026-07-16,Active,1716,20592
SUB0003363,CUST003363,2023-11-18,2024-11-18,Active,1321,15852
SUB0003364,CUST003364,2025-08-11,2026-08-11,Active,1888,22656
SUB0003365,CUST003365,2025-08-05,2027-08-05,Active,267,3204
SUB0003366,CUST003366,2025-05-27,2026-05-27,Active,15818,189816
SUB0003367,CUST003367,2025-02-01,2028-02-01,Active,722,8664
SUB0003368,CUST003368,2023-08-28,2026-08-28,Active,1945,23340
SUB0003369,CUST003369,2024-03-15,2026-03-15,Active,1133,13596
SUB0003370,CUST003370,2025-04-19,2028-04-19,Active,7496,89952
SUB0003371,CUST003371,2025-06-15,2027-06-15,Active,1142,13704
SUB0003372,CUST003372,2025-03-18,2027-03-18,Active,4870,58440
SUB0003373,CUST003373,2025-06-12,2027-06-12,Active,6494,77928
SUB0003374,CUST003374,2023-09-01,2026-09-01,Active,6954,83448
SUB0003375,CUST003375,2024-07-29,2027-07-29,Active,882,10584
SUB0003376,CUST003376,2025-04-08,2026-04-08,Active,1660,19920
SUB0003377,CUST003377,2025-08-20,2027-08-20,Active,6739,80868
SUB0003378,CUST003378,2023-10-07,2025-10-07,Active,8537,102444
SUB0003379,CUST003379,2025-05-07,2026-05-07,Active,10402,124824
SUB0003380,CUST003380,2025-03-10,2028-03-10,Active,1779,21348
SUB0003381,CUST003381,2024-08-21,2025-08-21,Active,3385,40620
SUB0003382,CUST003382,2023-12-19,2026-12-19,Active,19411,232932
SUB0003383,CUST003383,2024-12-22,2025-12-22,Active,715,8580
SUB0003384,CUST003384,2023-10-30,2026-10-30,Active,3856,46272
SUB0003385,CUST003385,2025-03-23,2028-03-23,Active,443,5316
SUB0003386,CUST003386,2024-02-12,2025-02-12,Active,1948,23376
SUB0003387,CUST003387,2025-05-13,2026-05-13,Active,1309,15708
SUB0003388,CUST003388,2025-10-24,2027-10-24,Active,204,2448
SUB0003389,CUST003389,2025-01-13,2027-01-13,Active,10991,131892
SUB0003390,CUST003390,2024-07-11,2027-07-11,Active,6024,72288
SUB0003391,CUST003391,2025-03-17,2027-03-17,Active,3472,41664
SUB0003392,CUST003392,2023-08-07,2025-08-07,Active,18893,226716
SUB0003393,CUST003393,2024-01-03,2025-01-03,Active,1282,15384
SUB0003394,CUST003394,2025-07-09,2026-07-09,Active,16062,192744
SUB0003395,CUST003395,2024-07-19,2027-07-19,Active,6118,73416
SUB0003396,CUST003396,2024-06-12,2027-06-12,Active,4853,58236
SUB0003397,CUST003397,2024-08-10,2025-08-10,Active,3868,46416
SUB0003398,CUST003398,2023-10-29,2026-10-29,Active,510,6120
SUB0003399,CUST003399,2025-12-07,2027-12-07,Pending Renewal,1420,17040
SUB0003400,CUST003400,2025-05-04,2027-05-04,Active,1084,13008
SUB0003401,CUST003401,2024-07-29,2026-07-29,Active,6651,79812
SUB0003402,CUST003402,2025-01-16,2028-01-16,Active,1219,14628
SUB0003403,CUST003403,2024-04-09,2027-04-09,Active,1003,12036
SUB0003404,CUST003404,2023-11-17,2026-11-17,Cancelled,1077,12924
SUB0003405,CUST003405,2024-05-16,2025-05-16,Active,7942,95304
SUB0003406,CUST003406,2024-04-15,2026-04-15,Active,2243,26916
SUB0003407,CUST003407,2024-08-11,2025-08-11,Active,5668,68016
SUB0003408,CUST003408,2025-04-04,2027-04-04,Pending Renewal,507,6084
SUB0003409,CUST003409,2025-12-12,2027-12-12,Cancelled,730,8760
SUB0003410,CUST003410,2025-03-01,2028-03-01,Active,361,4332
SUB0003411,CUST003411,2025-03-14,2027-03-14,Active,706,8472
SUB0003412,CUST003412,2025-01-02,2026-01-02,Pending Renewal,5404,64848
SUB0003413,CUST003413,2025-05-17,2026-05-17,Active,7570,90840
SUB0003414,CUST003414,2025-08-30,2027-08-30,Active,2365,28380
SUB0003415,CUST003415,2025-09-17,2027-09-17,Pending Renewal,7879,94548
SUB0003416,CUST003416,2024-05-22,2027-05-22,Pending Renewal,293,3516
SUB0003417,CUST003417,2024-01-30,2026-01-30,Active,652,7824
SUB0003418,CUST003418,2024-12-07,2027-12-07,Active,513,6156
SUB0003419,CUST003419,2025-12-05,2028-12-05,Active,6968,83616
SUB0003420,CUST003420,2023-11-13,2025-11-13,Active,17661,211932
SUB0003421,CUST003421,2025-03-11,2028-03-11,Active,2373,28476
SUB0003422,CUST003422,2025-12-08,2028-12-08,Active,1516,18192
SUB0003423,CUST003423,2025-02-04,2028-02-04,Active,1211,14532
SUB0003424,CUST003424,2024-10-28,2026-10-28,Active,1941,23292
SUB0003425,CUST003425,2025-05-17,2026-05-17,Pending Renewal,22764,273168
SUB0003426,CUST003426,2025-12-12,2026-12-12,Active,1691,20292
SUB0003427,CUST003427,2025-05-13,2028-05-13,Active,1737,20844
SUB0003428,CUST003428,2023-08-16,2025-08-16,Active,599,7188
SUB0003429,CUST003429,2024-03-04,2025-03-04,Active,7213,86556
SUB0003430,CUST003430,2024-10-03,2026-10-03,Active,1578,18936
SUB0003431,CUST003431,2023-08-17,2025-08-17,Active,4492,53904
SUB0003432,CUST003432,2025-03-14,2027-03-14,Active,5386,64632
SUB0003433,CUST003433,2025-11-27,2028-11-27,Active,1250,15000
SUB0003434,CUST003434,2023-10-18,2026-10-18,Active,4821,57852
SUB0003435,CUST003435,2024-04-22,2026-04-22,Active,1910,22920
SUB0003436,CUST003436,2025-05-17,2028-05-17,Pending Renewal,3868,46416
SUB0003437,CUST003437,2024-02-28,2025-02-28,Active,20963,251556
SUB0003438,CUST003438,2025-05-30,2026-05-30,Active,1862,22344
SUB0003439,CUST003439,2025-07-23,2028-07-23,Active,3391,40692
SUB0003440,CUST003440,2025-06-23,2028-06-23,Active,3114,37368
SUB0003441,CUST003441,2024-10-04,2025-10-04,Active,5018,60216
SUB0003442,CUST003442,2024-02-17,2027-02-17,Active,1614,19368
SUB0003443,CUST003443,2025-06-03,2026-06-03,Active,1100,13200
SUB0003444,CUST003444,2023-07-03,2026-07-03,Active,6144,73728
SUB0003445,CUST003445,2023-07-12,2025-07-12,Active,7723,92676
SUB0003446,CUST003446,2024-06-04,2026-06-04,Active,1697,20364
SUB0003447,CUST003447,2024-02-14,2026-02-14,Active,984,11808
SUB0003448,CUST003448,2024-06-24,2026-06-24,Active,12492,149904
SUB0003449,CUST003449,2023-07-25,2026-07-25,Active,1922,23064
SUB0003450,CUST003450,2024-11-28,2027-11-28,Pending Renewal,1231,14772
SUB0003451,CUST003451,2025-04-12,2028-04-12,Active,22109,265308
SUB0003452,CUST003452,2024-01-09,2025-01-09,Active,4456,53472
SUB0003453,CUST003453,2025-02-10,2027-02-10,Pending Renewal,6891,82692
SUB0003454,CUST003454,2024-02-21,2026-02-21,Active,2910,34920
SUB0003455,CUST003455,2024-08-14,2026-08-14,Active,1640,19680
SUB0003456,CUST003456,2024-01-06,2027-01-06,Active,8780,105360
SUB0003457,CUST003457,2024-05-18,2026-05-18,Pending Renewal,1751,21012
SUB0003458,CUST003458,2023-11-04,2024-11-04,Active,1587,19044
SUB0003459,CUST003459,2025-07-08,2027-07-08,Active,105,1260
SUB0003460,CUST003460,2025-03-27,2026-03-27,Cancelled,256,3072
SUB0003461,CUST003461,2025-10-27,2028-10-27,Active,534,6408
SUB0003462,CUST003462,2023-10-05,2025-10-05,Active,189,2268
SUB0003463,CUST003463,2023-11-01,2025-11-01,Active,5158,61896
SUB0003464,CUST003464,2025-01-15,2028-01-15,Cancelled,22996,275952
SUB0003465,CUST003465,2025-03-02,2026-03-02,Active,6257,75084
SUB0003466,CUST003466,2025-07-15,2026-07-15,Active,12663,151956
SUB0003467,CUST003467,2025-11-14,2026-11-14,Active,17767,213204
SUB0003468,CUST003468,2024-04-22,2027-04-22,Active,5318,63816
SUB0003469,CUST003469,2024-12-29,2025-12-29,Active,1197,14364
SUB0003470,CUST003470,2025-05-21,2028-05-21,Active,13394,160728
SUB0003471,CUST003471,2024-09-10,2026-09-10,Active,718,8616
SUB0003472,CUST003472,2025-03-17,2027-03-17,Active,696,8352
SUB0003473,CUST003473,2024-01-30,2025-01-30,Active,1210,14520
SUB0003474,CUST003474,2025-09-23,2027-09-23,Active,5338,64056
SUB0003475,CUST003475,2024-09-21,2025-09-21,Active,1270,15240
SUB0003476,CUST003476,2025-11-03,2027-11-03,Active,2430,29160
SUB0003477,CUST003477,2023-11-26,2024-11-26,Active,14713,176556
SUB0003478,CUST003478,2025-08-12,2028-08-12,Active,4573,54876
SUB0003479,CUST003479,2025-04-02,2027-04-02,Pending Renewal,1355,16260
SUB0003480,CUST003480,2025-06-20,2026-06-20,Active,674,8088
SUB0003481,CUST003481,2025-09-10,2028-09-10,Pending Renewal,3297,39564
SUB0003482,CUST003482,2025-03-01,2026-03-01,Active,16375,196500
SUB0003483,CUST003483,2024-10-10,2025-10-10,Active,5767,69204
SUB0003484,CUST003484,2024-11-15,2025-11-15,Active,675,8100
SUB0003485,CUST003485,2025-01-12,2028-01-12,Active,1300,15600
SUB0003486,CUST003486,2024-01-17,2026-01-17,Active,7668,92016
SUB0003487,CUST003487,2024-04-07,2026-04-07,Active,1271,15252
SUB0003488,CUST003488,2025-04-23,2028-04-23,Active,2136,25632
SUB0003489,CUST003489,2024-12-20,2026-12-20,Active,3595,43140
SUB0003490,CUST003490,2025-11-24,2027-11-24,Pending Renewal,3934,47208
SUB0003491,CUST003491,2024-07-20,2025-07-20,Active,17220,206640
SUB0003492,CUST003492,2025-01-28,2027-01-28,Active,1928,23136
SUB0003493,CUST003493,2025-05-31,2027-05-31,Active,105,1260
SUB0003494,CUST003494,2024-05-07,2027-05-07,Active,1672,20064
SUB0003495,CUST003495,2023-12-05,2026-12-05,Active,1893,22716
SUB0003496,CUST003496,2025-05-26,2027-05-26,Active,1081,12972
SUB0003497,CUST003497,2024-03-12,2027-03-12,Active,6776,81312
SUB0003498,CUST003498,2023-07-27,2026-07-27,Active,8894,106728
SUB0003499,CUST003499,2024-05-09,2027-05-09,Active,1608,19296
SUB0003500,CUST003500,2024-03-18,2027-03-18,Active,14716,176592
SUB0003501,CUST003501,2025-07-24,2028-07-24,Active,760,9120
SUB0003502,CUST003502,2023-09-09,2026-09-09,Active,3199,38388
SUB0003503,CUST003503,2023-09-22,2024-09-22,Active,7540,90480
SUB0003504,CUST003504,2025-07-04,2027-07-04,Active,1949,23388
SUB0003505,CUST003505,2025-07-30,2027-07-30,Active,2108,25296
SUB0003506,CUST003506,2024-03-10,2027-03-10,Active,2025,24300
SUB0003507,CUST003507,2024-11-29,2026-11-29,Active,3157,37884
SUB0003508,CUST003508,2023-12-08,2025-12-08,Active,1275,15300
SUB0003509,CUST003509,2024-03-14,2027-03-14,Active,19864,238368
SUB0003510,CUST003510,2025-07-01,2028-07-01,Active,2677,32124
SUB0003511,CUST003511,2025-09-27,2028-09-27,Active,4069,48828
SUB0003512,CUST003512,2025-01-13,2028-01-13,Active,4081,48972
SUB0003513,CUST003513,2025-12-14,2028-12-14,Active,5956,71472
SUB0003514,CUST003514,2025-11-22,2028-11-22,Active,1462,17544
SUB0003515,CUST003515,2025-06-20,2027-06-20,Active,18215,218580
SUB0003516,CUST003516,2025-04-27,2027-04-27,Active,4894,58728
SUB0003517,CUST003517,2025-09-08,2028-09-08,Active,1143,13716
SUB0003518,CUST003518,2024-08-26,2025-08-26,Active,454,5448
SUB0003519,CUST003519,2024-04-01,2026-04-01,Active,1855,22260
SUB0003520,CUST003520,2024-03-17,2027-03-17,Active,1422,17064
SUB0003521,CUST003521,2024-11-28,2026-11-28,Active,22205,266460
SUB0003522,CUST003522,2025-03-11,2026-03-11,Active,1112,13344
SUB0003523,CUST003523,2025-02-12,2027-02-12,Active,2374,28488
SUB0003524,CUST003524,2023-08-30,2024-08-30,Active,6785,81420
SUB0003525,CUST003525,2025-05-17,2027-05-17,Active,1886,22632
SUB0003526,CUST003526,2025-03-20,2027-03-20,Active,498,5976
SUB0003527,CUST003527,2025-10-01,2028-10-01,Active,7504,90048
SUB0003528,CUST003528,2025-04-11,2027-04-11,Active,1932,23184
SUB0003529,CUST003529,2023-12-23,2024-12-23,Active,5418,65016
SUB0003530,CUST003530,2025-06-22,2027-06-22,Active,18800,225600
SUB0003531,CUST003531,2024-07-09,2027-07-09,Active,6537,78444
SUB0003532,CUST003532,2025-04-05,2028-04-05,Active,3341,40092
SUB0003533,CUST003533,2024-11-19,2026-11-19,Active,19844,238128
SUB0003534,CUST003534,2023-08-26,2024-08-26,Pending Renewal,5257,63084
SUB0003535,CUST003535,2025-04-11,2027-04-11,Active,4441,53292
SUB0003536,CUST003536,2023-12-12,2024-12-12,Active,926,11112
SUB0003537,CUST003537,2023-11-29,2025-11-29,Active,1198,14376
SUB0003538,CUST003538,2025-08-30,2026-08-30,Active,5039,60468
SUB0003539,CUST003539,2023-07-13,2026-07-13,Pending Renewal,1235,14820
SUB0003540,CUST003540,2024-05-06,2025-05-06,Active,4025,48300
SUB0003541,CUST003541,2025-09-23,2028-09-23,Active,7846,94152
SUB0003542,CUST003542,2024-12-30,2027-12-30,Active,1090,13080
SUB0003543,CUST003543,2023-11-14,2025-11-14,Active,9210,110520
SUB0003544,CUST003544,2024-12-24,2027-12-24,Active,364,4368
SUB0003545,CUST003545,2023-09-15,2024-09-15,Active,1272,15264
SUB0003546,CUST003546,2025-09-10,2027-09-10,Cancelled,356,4272
SUB0003547,CUST003547,2023-11-23,2026-11-23,Active,5577,66924
SUB0003548,CUST003548,2024-06-21,2025-06-21,Active,2241,26892
SUB0003549,CUST003549,2024-08-27,2026-08-27,Active,3144,37728
SUB0003550,CUST003550,2023-12-02,2026-12-02,Active,1253,15036
SUB0003551,CUST003551,2025-05-06,2028-05-06,Active,610,7320
SUB0003552,CUST003552,2023-11-15,2026-11-15,Cancelled,1059,12708
SUB0003553,CUST003553,2025-01-09,2026-01-09,Pending Renewal,1103,13236
SUB0003554,CUST003554,2024-09-03,2025-09-03,Active,393,4716
SUB0003555,CUST003555,2023-12-13,2026-12-13,Active,945,11340
SUB0003556,CUST003556,2024-11-13,2026-11-13,Active,1498,17976
SUB0003557,CUST003557,2025-11-24,2026-11-24,Active,7616,91392
SUB0003558,CUST003558,2025-07-11,2027-07-11,Active,473,5676
SUB0003559,CUST003559,2023-08-19,2025-08-19,Active,7002,84024
SUB0003560,CUST003560,2025-09-26,2028-09-26,Active,5017,60204
SUB0003561,CUST003561,2025-10-17,2027-10-17,Active,2020,24240
SUB0003562,CUST003562,2025-10-29,2028-10-29,Active,2506,30072
SUB0003563,CUST003563,2025-10-10,2027-10-10,Active,6990,83880
SUB0003564,CUST003564,2025-09-17,2027-09-17,Pending Renewal,1548,18576
SUB0003565,CUST003565,2024-06-26,2025-06-26,Cancelled,1730,20760
SUB0003566,CUST003566,2025-11-19,2027-11-19,Active,1934,23208
SUB0003567,CUST003567,2025-07-05,2028-07-05,Active,4963,59556
SUB0003568,CUST003568,2023-10-31,2024-10-31,Active,2005,24060
SUB0003569,CUST003569,2024-10-22,2026-10-22,Active,23598,283176
SUB0003570,CUST003570,2024-10-08,2026-10-08,Active,6914,82968
SUB0003571,CUST003571,2025-06-17,2026-06-17,Pending Renewal,7072,84864
SUB0003572,CUST003572,2024-09-17,2026-09-17,Active,516,6192
SUB0003573,CUST003573,2025-01-02,2026-01-02,Active,1356,16272
SUB0003574,CUST003574,2024-02-21,2025-02-21,Active,23207,278484
SUB0003575,CUST003575,2023-11-18,2026-11-18,Active,14180,170160
SUB0003576,CUST003576,2023-10-06,2026-10-06,Active,277,3324
SUB0003577,CUST003577,2024-10-06,2026-10-06,Active,18893,226716
SUB0003578,CUST003578,2023-10-16,2025-10-16,Active,17275,207300
SUB0003579,CUST003579,2023-07-31,2026-07-31,Active,356,4272
SUB0003580,CUST003580,2023-11-16,2025-11-16,Active,1229,14748
SUB0003581,CUST003581,2025-04-07,2027-04-07,Pending Renewal,6458,77496
SUB0003582,CUST003582,2024-01-30,2027-01-30,Active,950,11400
SUB0003583,CUST003583,2024-05-26,2026-05-26,Active,1188,14256
SUB0003584,CUST003584,2023-07-20,2026-07-20,Active,1860,22320
SUB0003585,CUST003585,2023-09-11,2026-09-11,Active,24334,292008
SUB0003586,CUST003586,2023-12-02,2025-12-02,Active,7704,92448
SUB0003587,CUST003587,2024-07-16,2026-07-16,Active,1483,17796
SUB0003588,CUST003588,2024-08-05,2026-08-05,Active,6982,83784
SUB0003589,CUST003589,2025-04-22,2026-04-22,Pending Renewal,6564,78768
SUB0003590,CUST003590,2025-10-16,2027-10-16,Active,3517,42204
SUB0003591,CUST003591,2025-06-19,2027-06-19,Pending Renewal,1364,16368
SUB0003592,CUST003592,2023-10-28,2026-10-28,Active,195,2340
SUB0003593,CUST003593,2024-05-02,2026-05-02,Active,1898,22776
SUB0003594,CUST003594,2024-08-24,2026-08-24,Active,1292,15504
SUB0003595,CUST003595,2023-10-28,2026-10-28,Active,1982,23784
SUB0003596,CUST003596,2024-01-24,2025-01-24,Active,4549,54588
SUB0003597,CUST003597,2025-06-30,2027-06-30,Active,6148,73776
SUB0003598,CUST003598,2023-12-31,2025-12-31,Active,449,5388
SUB0003599,CUST003599,2024-01-25,2026-01-25,Active,11880,142560
SUB0003600,CUST003600,2024-10-03,2027-10-03,Active,2756,33072
SUB0003601,CUST003601,2024-02-23,2025-02-23,Active,3670,44040
SUB0003602,CUST003602,2025-04-12,2028-04-12,Active,2640,31680
SUB0003603,CUST003603,2025-07-12,2027-07-12,Active,1200,14400
SUB0003604,CUST003604,2024-07-08,2025-07-08,Active,5412,64944
SUB0003605,CUST003605,2024-09-24,2027-09-24,Cancelled,7588,91056
SUB0003606,CUST003606,2025-09-05,2026-09-05,Active,7840,94080
SUB0003607,CUST003607,2025-08-21,2027-08-21,Active,1904,22848
SUB0003608,CUST003608,2025-11-07,2026-11-07,Active,1935,23220
SUB0003609,CUST003609,2025-03-19,2028-03-19,Active,6958,83496
SUB0003610,CUST003610,2023-08-18,2025-08-18,Active,603,7236
SUB0003611,CUST003611,2023-07-06,2024-07-06,Active,329,3948
SUB0003612,CUST003612,2023-07-21,2025-07-21,Active,680,8160
SUB0003613,CUST003613,2025-05-21,2026-05-21,Active,1647,19764
SUB0003614,CUST003614,2024-05-08,2026-05-08,Active,1372,16464
SUB0003615,CUST003615,2023-09-20,2026-09-20,Pending Renewal,355,4260
SUB0003616,CUST003616,2025-10-14,2027-10-14,Cancelled,20836,250032
SUB0003617,CUST003617,2025-04-07,2027-04-07,Active,5056,60672
SUB0003618,CUST003618,2025-08-27,2026-08-27,Active,1831,21972
SUB0003619,CUST003619,2025-07-05,2026-07-05,Active,4144,49728
SUB0003620,CUST003620,2023-07-24,2025-07-24,Active,1535,18420
SUB0003621,CUST003621,2024-04-03,2027-04-03,Cancelled,4021,48252
SUB0003622,CUST003622,2024-05-04,2026-05-04,Active,138,1656
SUB0003623,CUST003623,2024-02-21,2025-02-21,Active,6831,81972
SUB0003624,CUST003624,2025-02-21,2026-02-21,Cancelled,1064,12768
SUB0003625,CUST003625,2023-09-07,2025-09-07,Active,6038,72456
SUB0003626,CUST003626,2023-10-26,2026-10-26,Active,24901,298812
SUB0003627,CUST003627,2025-05-09,2028-05-09,Active,13418,161016
SUB0003628,CUST003628,2024-01-04,2027-01-04,Active,4633,55596
SUB0003629,CUST003629,2025-06-20,2026-06-20,Pending Renewal,7547,90564
SUB0003630,CUST003630,2023-12-15,2026-12-15,Pending Renewal,620,7440
SUB0003631,CUST003631,2023-06-26,2025-06-26,Active,895,10740
SUB0003632,CUST003632,2025-09-23,2026-09-23,Active,6238,74856
SUB0003633,CUST003633,2025-11-10,2027-11-10,Active,2785,33420
SUB0003634,CUST003634,2025-06-23,2028-06-23,Active,18856,226272
SUB0003635,CUST003635,2023-07-29,2026-07-29,Active,714,8568
SUB0003636,CUST003636,2024-12-07,2027-12-07,Active,740,8880
SUB0003637,CUST003637,2025-05-17,2026-05-17,Active,6624,79488
SUB0003638,CUST003638,2024-12-17,2025-12-17,Active,7958,95496
SUB0003639,CUST003639,2025-03-15,2028-03-15,Active,1119,13428
SUB0003640,CUST003640,2023-06-27,2024-06-27,Active,2197,26364
SUB0003641,CUST003641,2025-06-13,2026-06-13,Active,1982,23784
SUB0003642,CUST003642,2025-06-07,2027-06-07,Pending Renewal,1826,21912
SUB0003643,CUST003643,2023-07-12,2026-07-12,Active,7594,91128
SUB0003644,CUST003644,2023-08-07,2024-08-07,Active,10770,129240
SUB0003645,CUST003645,2025-09-22,2028-09-22,Cancelled,1345,16140
SUB0003646,CUST003646,2024-06-18,2027-06-18,Active,2130,25560
SUB0003647,CUST003647,2024-08-29,2025-08-29,Active,1365,16380
SUB0003648,CUST003648,2025-01-04,2028-01-04,Active,1696,20352
SUB0003649,CUST003649,2025-09-22,2028-09-22,Active,415,4980
SUB0003650,CUST003650,2025-05-03,2028-05-03,Active,870,10440
SUB0003651,CUST003651,2024-04-22,2027-04-22,Active,7843,94116
SUB0003652,CUST003652,2025-06-04,2028-06-04,Active,23258,279096
SUB0003653,CUST003653,2025-12-20,2028-12-20,Active,5415,64980
SUB0003654,CUST003654,2023-12-25,2025-12-25,Pending Renewal,7078,84936
SUB0003655,CUST003655,2024-04-24,2025-04-24,Active,24542,294504
SUB0003656,CUST003656,2024-08-29,2027-08-29,Active,5257,63084
SUB0003657,CUST003657,2025-10-07,2026-10-07,Active,7712,92544
SUB0003658,CUST003658,2025-11-30,2028-11-30,Active,4377,52524
SUB0003659,CUST003659,2024-04-05,2026-04-05,Active,436,5232
SUB0003660,CUST003660,2024-09-12,2026-09-12,Active,6794,81528
SUB0003661,CUST003661,2023-07-13,2024-07-13,Active,1759,21108
SUB0003662,CUST003662,2024-09-29,2026-09-29,Active,1330,15960
SUB0003663,CUST003663,2023-11-19,2025-11-19,Active,260,3120
SUB0003664,CUST003664,2023-07-05,2026-07-05,Active,1779,21348
SUB0003665,CUST003665,2025-12-21,2028-12-21,Active,401,4812
SUB0003666,CUST003666,2024-09-14,2027-09-14,Active,831,9972
SUB0003667,CUST003667,2024-02-16,2026-02-16,Active,932,11184
SUB0003668,CUST003668,2024-02-20,2026-02-20,Active,1895,22740
SUB0003669,CUST003669,2025-11-14,2028-11-14,Cancelled,6610,79320
SUB0003670,CUST003670,2023-09-19,2026-09-19,Active,898,10776
SUB0003671,CUST003671,2023-10-16,2025-10-16,Active,1211,14532
SUB0003672,CUST003672,2024-08-10,2026-08-10,Pending Renewal,1542,18504
SUB0003673,CUST003673,2024-11-02,2026-11-02,Active,2464,29568
SUB0003674,CUST003674,2024-08-18,2027-08-18,Active,647,7764
SUB0003675,CUST003675,2025-06-06,2026-06-06,Active,6412,76944
SUB0003676,CUST003676,2023-12-05,2026-12-05,Active,5239,62868
SUB0003677,CUST003677,2023-08-05,2026-08-05,Pending Renewal,1467,17604
SUB0003678,CUST003678,2024-01-16,2027-01-16,Cancelled,1556,18672
SUB0003679,CUST003679,2024-02-02,2027-02-02,Pending Renewal,1501,18012
SUB0003680,CUST003680,2023-07-23,2025-07-23,Active,1363,16356
SUB0003681,CUST003681,2025-11-14,2028-11-14,Active,16152,193824
SUB0003682,CUST003682,2025-09-19,2028-09-19,Active,6343,76116
SUB0003683,CUST003683,2024-12-28,2025-12-28,Active,982,11784
SUB0003684,CUST003684,2024-04-27,2027-04-27,Pending Renewal,329,3948
SUB0003685,CUST003685,2023-07-14,2024-07-14,Active,1606,19272
SUB0003686,CUST003686,2024-09-02,2025-09-02,Active,1686,20232
SUB0003687,CUST003687,2023-12-25,2024-12-25,Active,1813,21756
SUB0003688,CUST003688,2024-12-12,2025-12-12,Active,1850,22200
SUB0003689,CUST003689,2023-11-18,2025-11-18,Active,1299,15588
SUB0003690,CUST003690,2023-11-18,2025-11-18,Active,6036,72432
SUB0003691,CUST003691,2024-05-08,2027-05-08,Active,1079,12948
SUB0003692,CUST003692,2025-01-03,2027-01-03,Active,745,8940
SUB0003693,CUST003693,2023-11-01,2025-11-01,Active,975,11700
SUB0003694,CUST003694,2025-02-25,2028-02-25,Active,5772,69264
SUB0003695,CUST003695,2025-11-27,2028-11-27,Active,4291,51492
SUB0003696,CUST003696,2023-11-16,2026-11-16,Active,4081,48972
SUB0003697,CUST003697,2025-01-05,2027-01-05,Active,492,5904
SUB0003698,CUST003698,2025-04-10,2026-04-10,Pending Renewal,462,5544
SUB0003699,CUST003699,2024-11-07,2026-11-07,Active,1095,13140
SUB0003700,CUST003700,2024-05-31,2027-05-31,Active,1443,17316
SUB0003701,CUST003701,2024-02-17,2025-02-17,Cancelled,10426,125112
SUB0003702,CUST003702,2025-01-20,2027-01-20,Active,1314,15768
SUB0003703,CUST003703,2025-08-03,2028-08-03,Active,7051,84612
SUB0003704,CUST003704,2023-12-24,2024-12-24,Active,13543,162516
SUB0003705,CUST003705,2025-11-08,2027-11-08,Active,1877,22524
SUB0003706,CUST003706,2023-10-25,2025-10-25,Active,483,5796
SUB0003707,CUST003707,2025-05-08,2026-05-08,Active,1155,13860
SUB0003708,CUST003708,2024-07-21,2026-07-21,Active,1114,13368
SUB0003709,CUST003709,2025-05-29,2028-05-29,Active,1683,20196
SUB0003710,CUST003710,2024-04-17,2026-04-17,Active,2252,27024
SUB0003711,CUST003711,2025-07-17,2027-07-17,Active,5624,67488
SUB0003712,CUST003712,2024-12-24,2025-12-24,Active,17417,209004
SUB0003713,CUST003713,2025-08-21,2027-08-21,Active,4574,54888
SUB0003714,CUST003714,2024-08-29,2025-08-29,Active,681,8172
SUB0003715,CUST003715,2024-08-12,2025-08-12,Active,1090,13080
SUB0003716,CUST003716,2024-04-26,2025-04-26,Active,3085,37020
SUB0003717,CUST003717,2024-01-22,2025-01-22,Active,1541,18492
SUB0003718,CUST003718,2024-08-08,2027-08-08,Active,5531,66372
SUB0003719,CUST003719,2023-08-28,2024-08-28,Active,968,11616
SUB0003720,CUST003720,2025-05-21,2026-05-21,Active,1470,17640
SUB0003721,CUST003721,2024-06-30,2026-06-30,Active,22068,264816
SUB0003722,CUST003722,2024-06-03,2026-06-03,Active,1535,18420
SUB0003723,CUST003723,2024-12-15,2027-12-15,Active,271,3252
SUB0003724,CUST003724,2024-09-12,2027-09-12,Active,1618,19416
SUB0003725,CUST003725,2023-08-06,2024-08-06,Active,1644,19728
SUB0003726,CUST003726,2025-06-08,2028-06-08,Active,4704,56448
SUB0003727,CUST003727,2023-12-18,2025-12-18,Active,2458,29496
SUB0003728,CUST003728,2024-08-22,2027-08-22,Active,1047,12564
SUB0003729,CUST003729,2024-09-15,2027-09-15,Active,1043,12516
SUB0003730,CUST003730,2024-11-16,2025-11-16,Active,7034,84408
SUB0003731,CUST003731,2024-02-08,2025-02-08,Active,1508,18096
SUB0003732,CUST003732,2024-01-01,2027-01-01,Active,19603,235236
SUB0003733,CUST003733,2024-07-11,2027-07-11,Active,1051,12612
SUB0003734,CUST003734,2024-06-14,2025-06-14,Active,1939,23268
SUB0003735,CUST003735,2024-03-23,2027-03-23,Active,6111,73332
SUB0003736,CUST003736,2023-07-04,2026-07-04,Active,4900,58800
SUB0003737,CUST003737,2025-02-02,2028-02-02,Active,571,6852
SUB0003738,CUST003738,2024-09-15,2027-09-15,Active,4645,55740
SUB0003739,CUST003739,2025-02-18,2028-02-18,Active,18708,224496
SUB0003740,CUST003740,2025-03-04,2027-03-04,Active,1060,12720
SUB0003741,CUST003741,2025-02-12,2028-02-12,Active,6531,78372
SUB0003742,CUST003742,2025-11-24,2027-11-24,Active,1779,21348
SUB0003743,CUST003743,2025-11-03,2027-11-03,Active,758,9096
SUB0003744,CUST003744,2024-09-27,2025-09-27,Active,873,10476
SUB0003745,CUST003745,2023-06-29,2025-06-29,Active,14101,169212
SUB0003746,CUST003746,2025-03-30,2028-03-30,Active,832,9984
SUB0003747,CUST003747,2024-09-21,2026-09-21,Pending Renewal,1989,23868
SUB0003748,CUST003748,2024-08-04,2025-08-04,Pending Renewal,1643,19716
SUB0003749,CUST003749,2023-12-16,2024-12-16,Active,1196,14352
SUB0003750,CUST003750,2024-12-29,2025-12-29,Active,1326,15912
SUB0003751,CUST003751,2023-07-01,2025-07-01,Active,6792,81504
SUB0003752,CUST003752,2024-10-31,2025-10-31,Active,6233,74796
SUB0003753,CUST003753,2025-09-25,2028-09-25,Active,5183,62196
SUB0003754,CUST003754,2024-02-14,2025-02-14,Active,14135,169620
SUB0003755,CUST003755,2024-08-26,2026-08-26,Active,6456,77472
SUB0003756,CUST003756,2025-05-30,2026-05-30,Active,3949,47388
SUB0003757,CUST003757,2024-09-03,2026-09-03,Active,13377,160524
SUB0003758,CUST003758,2024-11-04,2025-11-04,Active,21511,258132
SUB0003759,CUST003759,2023-08-12,2025-08-12,Active,1726,20712
SUB0003760,CUST003760,2024-08-05,2026-08-05,Pending Renewal,7064,84768
SUB0003761,CUST003761,2023-11-03,2025-11-03,Active,5534,66408
SUB0003762,CUST003762,2024-07-26,2027-07-26,Active,1353,16236
SUB0003763,CUST003763,2024-04-23,2026-04-23,Active,1056,12672
SUB0003764,CUST003764,2024-05-14,2027-05-14,Active,6373,76476
SUB0003765,CUST003765,2025-04-04,2026-04-04,Active,177,2124
SUB0003766,CUST003766,2025-01-05,2028-01-05,Active,1812,21744
SUB0003767,CUST003767,2023-08-10,2025-08-10,Active,1498,17976
SUB0003768,CUST003768,2023-10-07,2026-10-07,Pending Renewal,1353,16236
SUB0003769,CUST003769,2023-09-16,2024-09-16,Active,16877,202524
SUB0003770,CUST003770,2025-10-27,2026-10-27,Active,705,8460
SUB0003771,CUST003771,2023-10-20,2025-10-20,Active,1545,18540
SUB0003772,CUST003772,2024-08-23,2027-08-23,Active,1874,22488
SUB0003773,CUST003773,2025-07-23,2027-07-23,Active,20966,251592
SUB0003774,CUST003774,2024-11-14,2027-11-14,Active,3669,44028
SUB0003775,CUST003775,2024-07-18,2025-07-18,Active,1471,17652
SUB0003776,CUST003776,2023-08-15,2025-08-15,Active,3680,44160
SUB0003777,CUST003777,2023-06-28,2024-06-28,Pending Renewal,6224,74688
SUB0003778,CUST003778,2023-10-09,2024-10-09,Active,4891,58692
SUB0003779,CUST003779,2024-06-18,2026-06-18,Active,4356,52272
SUB0003780,CUST003780,2023-11-27,2024-11-27,Active,3066,36792
SUB0003781,CUST003781,2025-05-04,2028-05-04,Active,5001,60012
SUB0003782,CUST003782,2024-06-15,2025-06-15,Active,6880,82560
SUB0003783,CUST003783,2023-11-01,2024-11-01,Active,5770,69240
SUB0003784,CUST003784,2023-07-06,2025-07-06,Active,1211,14532
SUB0003785,CUST003785,2023-08-05,2025-08-05,Active,6096,73152
SUB0003786,CUST003786,2025-08-25,2028-08-25,Active,2297,27564
SUB0003787,CUST003787,2025-10-23,2028-10-23,Active,1094,13128
SUB0003788,CUST003788,2024-07-09,2027-07-09,Active,438,5256
SUB0003789,CUST003789,2025-09-19,2027-09-19,Active,756,9072
SUB0003790,CUST003790,2025-08-03,2027-08-03,Pending Renewal,5398,64776
SUB0003791,CUST003791,2025-01-21,2026-01-21,Active,4001,48012
SUB0003792,CUST003792,2025-08-23,2026-08-23,Active,1270,15240
SUB0003793,CUST003793,2025-09-09,2027-09-09,Active,3625,43500
SUB0003794,CUST003794,2024-01-08,2025-01-08,Active,1573,18876
SUB0003795,CUST003795,2024-04-12,2027-04-12,Active,3778,45336
SUB0003796,CUST003796,2024-04-13,2027-04-13,Active,1005,12060
SUB0003797,CUST003797,2025-11-11,2027-11-11,Active,160,1920
SUB0003798,CUST003798,2025-07-29,2026-07-29,Active,10490,125880
SUB0003799,CUST003799,2023-08-09,2024-08-09,Pending Renewal,5042,60504
SUB0003800,CUST003800,2025-02-22,2028-02-22,Active,2010,24120
SUB0003801,CUST003801,2023-10-08,2026-10-08,Active,765,9180
SUB0003802,CUST003802,2023-07-21,2024-07-21,Active,12668,152016
SUB0003803,CUST003803,2025-01-08,2026-01-08,Active,5463,65556
SUB0003804,CUST003804,2025-08-01,2028-08-01,Active,1482,17784
SUB0003805,CUST003805,2023-11-11,2026-11-11,Active,5047,60564
SUB0003806,CUST003806,2024-06-26,2027-06-26,Pending Renewal,142,1704
SUB0003807,CUST003807,2023-08-19,2024-08-19,Pending Renewal,1547,18564
SUB0003808,CUST003808,2023-07-13,2026-07-13,Active,2235,26820
SUB0003809,CUST003809,2024-09-15,2026-09-15,Active,1169,14028
SUB0003810,CUST003810,2024-04-05,2026-04-05,Active,3764,45168
SUB0003811,CUST003811,2025-09-20,2028-09-20,Active,1323,15876
SUB0003812,CUST003812,2024-05-04,2026-05-04,Pending Renewal,4786,57432
SUB0003813,CUST003813,2024-08-03,2025-08-03,Active,20179,242148
SUB0003814,CUST003814,2025-09-05,2027-09-05,Active,437,5244
SUB0003815,CUST003815,2025-05-12,2027-05-12,Active,353,4236
SUB0003816,CUST003816,2025-01-30,2026-01-30,Active,4839,58068
SUB0003817,CUST003817,2023-11-17,2025-11-17,Active,1900,22800
SUB0003818,CUST003818,2024-11-07,2025-11-07,Active,1224,14688
SUB0003819,CUST003819,2025-10-23,2028-10-23,Active,1220,14640
SUB0003820,CUST003820,2025-11-05,2028-11-05,Active,1950,23400
SUB0003821,CUST003821,2023-11-24,2024-11-24,Pending Renewal,1602,19224
SUB0003822,CUST003822,2023-08-25,2024-08-25,Cancelled,3417,41004
SUB0003823,CUST003823,2025-07-21,2027-07-21,Pending Renewal,904,10848
SUB0003824,CUST003824,2023-11-06,2025-11-06,Active,4480,53760
SUB0003825,CUST003825,2025-09-05,2027-09-05,Active,4475,53700
SUB0003826,CUST003826,2023-12-19,2025-12-19,Active,1091,13092
SUB0003827,CUST003827,2025-06-23,2027-06-23,Active,114,1368
SUB0003828,CUST003828,2024-03-15,2025-03-15,Active,797,9564
SUB0003829,CUST003829,2024-09-15,2025-09-15,Pending Renewal,1759,21108
SUB0003830,CUST003830,2023-09-08,2025-09-08,Active,5256,63072
SUB0003831,CUST003831,2025-08-30,2026-08-30,Active,1498,17976
SUB0003832,CUST003832,2024-07-20,2025-07-20,Active,1728,20736
SUB0003833,CUST003833,2025-01-28,2028-01-28,Pending Renewal,677,8124
SUB0003834,CUST003834,2025-05-24,2026-05-24,Active,4756,57072
SUB0003835,CUST003835,2025-01-08,2027-01-08,Active,16747,200964
SUB0003836,CUST003836,2024-12-06,2026-12-06,Active,290,3480
SUB0003837,CUST003837,2025-08-19,2026-08-19,Active,5912,70944
SUB0003838,CUST003838,2025-03-25,2027-03-25,Active,7939,95268
SUB0003839,CUST003839,2023-07-07,2024-07-07,Active,1399,16788
SUB0003840,CUST003840,2023-11-23,2024-11-23,Pending Renewal,1218,14616
SUB0003841,CUST003841,2025-01-26,2026-01-26,Active,1414,16968
SUB0003842,CUST003842,2025-06-01,2027-06-01,Active,2256,27072
SUB0003843,CUST003843,2023-10-08,2026-10-08,Active,1623,19476
SUB0003844,CUST003844,2024-03-18,2027-03-18,Active,882,10584
SUB0003845,CUST003845,2024-08-12,2025-08-12,Active,14126,169512
SUB0003846,CUST003846,2025-08-27,2026-08-27,Active,1616,19392
SUB0003847,CUST003847,2024-09-07,2026-09-07,Active,6194,74328
SUB0003848,CUST003848,2024-11-04,2025-11-04,Active,295,3540
SUB0003849,CUST003849,2023-12-31,2024-12-31,Active,1670,20040
SUB0003850,CUST003850,2023-09-09,2026-09-09,Active,11903,142836
SUB0003851,CUST003851,2025-11-07,2028-11-07,Active,821,9852
SUB0003852,CUST003852,2024-03-07,2027-03-07,Active,21756,261072
SUB0003853,CUST003853,2024-01-29,2026-01-29,Active,786,9432
SUB0003854,CUST003854,2023-09-04,2026-09-04,Active,4240,50880
SUB0003855,CUST003855,2025-05-28,2028-05-28,Pending Renewal,9653,115836
SUB0003856,CUST003856,2024-06-03,2026-06-03,Active,7483,89796
SUB0003857,CUST003857,2024-08-29,2025-08-29,Active,11856,142272
SUB0003858,CUST003858,2025-05-13,2028-05-13,Active,459,5508
SUB0003859,CUST003859,2023-11-17,2026-11-17,Pending Renewal,6194,74328
SUB0003860,CUST003860,2025-12-08,2026-12-08,Active,1891,22692
SUB0003861,CUST003861,2025-01-07,2028-01-07,Cancelled,1243,14916
SUB0003862,CUST003862,2025-02-07,2026-02-07,Active,4605,55260
SUB0003863,CUST003863,2024-10-01,2026-10-01,Active,1182,14184
SUB0003864,CUST003864,2025-11-06,2028-11-06,Active,6268,75216
SUB0003865,CUST003865,2024-04-09,2026-04-09,Active,1946,23352
SUB0003866,CUST003866,2025-03-12,2028-03-12,Active,8690,104280
SUB0003867,CUST003867,2024-08-29,2025-08-29,Cancelled,10861,130332
SUB0003868,CUST003868,2024-08-03,2026-08-03,Active,14516,174192
SUB0003869,CUST003869,2023-11-07,2025-11-07,Cancelled,1852,22224
SUB0003870,CUST003870,2023-12-22,2026-12-22,Active,1067,12804
SUB0003871,CUST003871,2024-10-13,2027-10-13,Active,2946,35352
SUB0003872,CUST003872,2025-12-09,2026-12-09,Active,1820,21840
SUB0003873,CUST003873,2025-08-11,2028-08-11,Active,206,2472
SUB0003874,CUST003874,2023-11-06,2025-11-06,Active,7964,95568
SUB0003875,CUST003875,2024-08-04,2027-08-04,Active,18149,217788
SUB0003876,CUST003876,2024-06-24,2026-06-24,Active,1608,19296
SUB0003877,CUST003877,2025-01-19,2027-01-19,Active,5856,70272
SUB0003878,CUST003878,2024-01-28,2025-01-28,Active,307,3684
SUB0003879,CUST003879,2024-05-28,2025-05-28,Active,1650,19800
SUB0003880,CUST003880,2025-07-13,2027-07-13,Active,11115,133380
SUB0003881,CUST003881,2025-07-30,2028-07-30,Active,18809,225708
SUB0003882,CUST003882,2025-05-22,2026-05-22,Active,4448,53376
SUB0003883,CUST003883,2025-11-14,2026-11-14,Active,1349,16188
SUB0003884,CUST003884,2024-07-28,2027-07-28,Active,1757,21084
SUB0003885,CUST003885,2024-03-23,2025-03-23,Pending Renewal,772,9264
SUB0003886,CUST003886,2024-08-18,2026-08-18,Active,695,8340
SUB0003887,CUST003887,2023-07-22,2025-07-22,Active,258,3096
SUB0003888,CUST003888,2025-11-26,2028-11-26,Active,3132,37584
SUB0003889,CUST003889,2025-11-09,2026-11-09,Active,4049,48588
SUB0003890,CUST003890,2025-01-28,2027-01-28,Active,1005,12060
SUB0003891,CUST003891,2025-11-24,2027-11-24,Active,1647,19764
SUB0003892,CUST003892,2025-07-04,2028-07-04,Active,12634,151608
SUB0003893,CUST003893,2023-12-25,2026-12-25,Active,1330,15960
SUB0003894,CUST003894,2024-07-18,2025-07-18,Active,1705,20460
SUB0003895,CUST003895,2024-09-14,2025-09-14,Active,16748,200976
SUB0003896,CUST003896,2025-12-01,2027-12-01,Active,259,3108
SUB0003897,CUST003897,2024-09-24,2027-09-24,Active,1839,22068
SUB0003898,CUST003898,2023-07-09,2024-07-09,Active,366,4392
SUB0003899,CUST003899,2024-09-24,2026-09-24,Cancelled,15811,189732
SUB0003900,CUST003900,2025-03-14,2026-03-14,Active,323,3876
SUB0003901,CUST003901,2024-01-06,2027-01-06,Active,3327,39924
SUB0003902,CUST003902,2025-09-12,2026-09-12,Active,960,11520
SUB0003903,CUST003903,2025-08-30,2028-08-30,Active,18281,219372
SUB0003904,CUST003904,2023-09-23,2025-09-23,Active,1088,13056
SUB0003905,CUST003905,2025-02-22,2028-02-22,Active,1259,15108
SUB0003906,CUST003906,2024-01-06,2027-01-06,Active,3462,41544
SUB0003907,CUST003907,2024-09-04,2026-09-04,Active,1871,22452
SUB0003908,CUST003908,2024-09-16,2026-09-16,Pending Renewal,18737,224844
SUB0003909,CUST003909,2023-09-26,2025-09-26,Pending Renewal,772,9264
SUB0003910,CUST003910,2025-10-08,2028-10-08,Pending Renewal,16348,196176
SUB0003911,CUST003911,2024-05-12,2026-05-12,Cancelled,486,5832
SUB0003912,CUST003912,2024-01-25,2025-01-25,Active,112,1344
SUB0003913,CUST003913,2025-08-13,2027-08-13,Active,143,1716
SUB0003914,CUST003914,2024-11-07,2027-11-07,Active,2294,27528
SUB0003915,CUST003915,2024-02-21,2025-02-21,Active,747,8964
SUB0003916,CUST003916,2024-09-19,2027-09-19,Active,22535,270420
SUB0003917,CUST003917,2023-09-25,2026-09-25,Active,322,3864
SUB0003918,CUST003918,2025-03-04,2026-03-04,Active,6830,81960
SUB0003919,CUST003919,2024-07-25,2025-07-25,Active,4339,52068
SUB0003920,CUST003920,2025-05-26,2027-05-26,Active,1735,20820
SUB0003921,CUST003921,2024-08-19,2027-08-19,Active,906,10872
SUB0003922,CUST003922,2025-04-19,2028-04-19,Active,627,7524
SUB0003923,CUST003923,2024-08-04,2027-08-04,Active,5039,60468
SUB0003924,CUST003924,2024-12-05,2025-12-05,Pending Renewal,2462,29544
SUB0003925,CUST003925,2024-07-19,2025-07-19,Pending Renewal,237,2844
SUB0003926,CUST003926,2024-11-06,2027-11-06,Active,1059,12708
SUB0003927,CUST003927,2025-01-02,2026-01-02,Active,5352,64224
SUB0003928,CUST003928,2023-07-19,2026-07-19,Active,1014,12168
SUB0003929,CUST003929,2023-08-24,2025-08-24,Pending Renewal,243,2916
SUB0003930,CUST003930,2024-02-10,2027-02-10,Active,1881,22572
SUB0003931,CUST003931,2025-08-09,2028-08-09,Cancelled,4377,52524
SUB0003932,CUST003932,2024-12-03,2027-12-03,Active,1137,13644
SUB0003933,CUST003933,2025-11-02,2026-11-02,Cancelled,8531,102372
SUB0003934,CUST003934,2024-09-09,2027-09-09,Active,288,3456
SUB0003935,CUST003935,2024-12-25,2027-12-25,Active,1141,13692
SUB0003936,CUST003936,2024-10-28,2025-10-28,Active,20843,250116
SUB0003937,CUST003937,2025-10-29,2028-10-29,Active,981,11772
SUB0003938,CUST003938,2024-07-25,2026-07-25,Active,3863,46356
SUB0003939,CUST003939,2025-09-24,2026-09-24,Active,4963,59556
SUB0003940,CUST003940,2025-06-09,2027-06-09,Active,19243,230916
SUB0003941,CUST003941,2024-11-23,2025-11-23,Active,5724,68688
SUB0003942,CUST003942,2024-10-01,2026-10-01,Active,1113,13356
SUB0003943,CUST003943,2023-09-16,2024-09-16,Active,5322,63864
SUB0003944,CUST003944,2025-02-09,2026-02-09,Active,6495,77940
SUB0003945,CUST003945,2024-05-07,2025-05-07,Active,6566,78792
SUB0003946,CUST003946,2024-02-19,2027-02-19,Active,23002,276024
SUB0003947,CUST003947,2025-12-05,2027-12-05,Active,5959,71508
SUB0003948,CUST003948,2025-08-18,2026-08-18,Active,7678,92136
SUB0003949,CUST003949,2025-07-15,2026-07-15,Pending Renewal,19314,231768
SUB0003950,CUST003950,2024-01-01,2026-01-01,Active,321,3852
SUB0003951,CUST003951,2024-12-20,2027-12-20,Active,1677,20124
SUB0003952,CUST003952,2025-07-12,2028-07-12,Cancelled,5130,61560
SUB0003953,CUST003953,2023-10-26,2025-10-26,Active,1172,14064
SUB0003954,CUST003954,2024-08-08,2025-08-08,Pending Renewal,3083,36996
SUB0003955,CUST003955,2025-06-01,2027-06-01,Active,1153,13836
SUB0003956,CUST003956,2025-07-29,2028-07-29,Active,7978,95736
SUB0003957,CUST003957,2025-09-27,2026-09-27,Active,6076,72912
SUB0003958,CUST003958,2025-12-06,2028-12-06,Active,2953,35436
SUB0003959,CUST003959,2025-10-31,2027-10-31,Cancelled,7294,87528
SUB0003960,CUST003960,2025-05-21,2027-05-21,Active,7657,91884
SUB0003961,CUST003961,2025-07-19,2026-07-19,Pending Renewal,6159,73908
SUB0003962,CUST003962,2024-09-01,2027-09-01,Active,5040,60480
SUB0003963,CUST003963,2023-10-09,2024-10-09,Pending Renewal,483,5796
SUB0003964,CUST003964,2025-11-11,2027-11-11,Active,1630,19560
SUB0003965,CUST003965,2024-02-01,2026-02-01,Active,3894,46728
SUB0003966,CUST003966,2024-01-28,2026-01-28,Active,15103,181236
SUB0003967,CUST003967,2023-10-30,2026-10-30,Active,1082,12984
SUB0003968,CUST003968,2025-06-26,2027-06-26,Active,4510,54120
SUB0003969,CUST003969,2025-03-07,2028-03-07,Active,7577,90924
SUB0003970,CUST003970,2024-04-09,2026-04-09,Active,1454,17448
SUB0003971,CUST003971,2025-04-13,2028-04-13,Cancelled,3141,37692
SUB0003972,CUST003972,2025-03-28,2026-03-28,Cancelled,6696,80352
SUB0003973,CUST003973,2025-05-13,2027-05-13,Active,3127,37524
SUB0003974,CUST003974,2025-03-25,2027-03-25,Active,13203,158436
SUB0003975,CUST003975,2023-09-11,2026-09-11,Active,6191,74292
SUB0003976,CUST003976,2025-12-06,2027-12-06,Active,1193,14316
SUB0003977,CUST003977,2024-09-15,2027-09-15,Active,7503,90036
SUB0003978,CUST003978,2024-12-28,2027-12-28,Active,719,8628
SUB0003979,CUST003979,2024-12-22,2027-12-22,Pending Renewal,704,8448
SUB0003980,CUST003980,2024-02-23,2025-02-23,Active,5271,63252
SUB0003981,CUST003981,2025-06-10,2028-06-10,Active,3587,43044
SUB0003982,CUST003982,2025-08-06,2028-08-06,Active,1463,17556
SUB0003983,CUST003983,2025-10-22,2028-10-22,Active,1045,12540
SUB0003984,CUST003984,2025-09-17,2027-09-17,Pending Renewal,9447,113364
SUB0003985,CUST003985,2024-10-29,2025-10-29,Active,4963,59556
SUB0003986,CUST003986,2025-11-12,2028-11-12,Active,6300,75600
SUB0003987,CUST003987,2024-03-27,2027-03-27,Active,14812,177744
SUB0003988,CUST003988,2023-10-10,2026-10-10,Active,6572,78864
SUB0003989,CUST003989,2025-05-15,2027-05-15,Active,1988,23856
SUB0003990,CUST003990,2025-04-25,2028-04-25,Pending Renewal,482,5784
SUB0003991,CUST003991,2024-10-30,2026-10-30,Active,18413,220956
SUB0003992,CUST003992,2023-09-30,2025-09-30,Active,1485,17820
SUB0003993,CUST003993,2023-09-07,2024-09-07,Active,6392,76704
SUB0003994,CUST003994,2025-04-02,2028-04-02,Active,5445,65340
SUB0003995,CUST003995,2025-01-14,2026-01-14,Pending Renewal,1285,15420
SUB0003996,CUST003996,2023-10-03,2026-10-03,Active,4399,52788
SUB0003997,CUST003997,2024-02-01,2025-02-01,Active,191,2292
SUB0003998,CUST003998,2025-12-13,2028-12-13,Active,5198,62376
SUB0003999,CUST003999,2023-10-29,2024-10-29,Active,4070,48840
SUB0004000,CUST004000,2024-05-31,2027-05-31,Active,401,4812
SUB0004001,CUST004001,2025-10-27,2027-10-27,Active,1357,16284
SUB0004002,CUST004002,2025-01-26,2026-01-26,Pending Renewal,3133,37596
SUB0004003,CUST004003,2024-01-07,2026-01-07,Pending Renewal,1204,14448
SUB0004004,CUST004004,2023-11-17,2024-11-17,Active,836,10032
SUB0004005,CUST004005,2025-01-01,2027-01-01,Active,4361,52332
SUB0004006,CUST004006,2023-10-06,2026-10-06,Active,1731,20772
SUB0004007,CUST004007,2025-02-20,2026-02-20,Active,1823,21876
SUB0004008,CUST004008,2025-07-10,2027-07-10,Active,1410,16920
SUB0004009,CUST004009,2025-04-21,2026-04-21,Active,8908,106896
SUB0004010,CUST004010,2024-06-09,2025-06-09,Active,2562,30744
SUB0004011,CUST004011,2024-12-15,2025-12-15,Active,15834,190008
SUB0004012,CUST004012,2025-03-04,2026-03-04,Active,5870,70440
SUB0004013,CUST004013,2023-07-20,2025-07-20,Pending Renewal,5722,68664
SUB0004014,CUST004014,2025-12-18,2028-12-18,Active,3110,37320
SUB0004015,CUST004015,2025-01-09,2027-01-09,Active,2846,34152
SUB0004016,CUST004016,2025-01-20,2026-01-20,Pending Renewal,994,11928
SUB0004017,CUST004017,2025-08-15,2028-08-15,Active,5200,62400
SUB0004018,CUST004018,2023-08-27,2025-08-27,Active,1585,19020
SUB0004019,CUST004019,2025-12-07,2027-12-07,Pending Renewal,1370,16440
SUB0004020,CUST004020,2025-06-11,2028-06-11,Cancelled,7362,88344
SUB0004021,CUST004021,2024-04-11,2027-04-11,Active,5283,63396
SUB0004022,CUST004022,2025-09-20,2026-09-20,Active,1372,16464
SUB0004023,CUST004023,2024-01-23,2027-01-23,Active,4295,51540
SUB0004024,CUST004024,2025-02-18,2028-02-18,Active,1006,12072
SUB0004025,CUST004025,2024-09-04,2025-09-04,Active,986,11832
SUB0004026,CUST004026,2024-05-29,2027-05-29,Active,1046,12552
SUB0004027,CUST004027,2023-09-04,2025-09-04,Active,18910,226920
SUB0004028,CUST004028,2025-06-12,2028-06-12,Active,1242,14904
SUB0004029,CUST004029,2025-01-01,2027-01-01,Active,1922,23064
SUB0004030,CUST004030,2024-08-22,2026-08-22,Active,1953,23436
SUB0004031,CUST004031,2024-12-25,2026-12-25,Active,7488,89856
SUB0004032,CUST004032,2023-11-07,2024-11-07,Active,4369,52428
SUB0004033,CUST004033,2024-11-15,2025-11-15,Active,5541,66492
SUB0004034,CUST004034,2025-10-13,2028-10-13,Active,7640,91680
SUB0004035,CUST004035,2023-08-06,2026-08-06,Active,6513,78156
SUB0004036,CUST004036,2023-10-01,2024-10-01,Active,1424,17088
SUB0004037,CUST004037,2025-07-09,2027-07-09,Active,1945,23340
SUB0004038,CUST004038,2024-09-28,2025-09-28,Active,1993,23916
SUB0004039,CUST004039,2024-08-05,2027-08-05,Active,1430,17160
SUB0004040,CUST004040,2024-07-13,2025-07-13,Active,918,11016
SUB0004041,CUST004041,2024-04-30,2025-04-30,Active,12475,149700
SUB0004042,CUST004042,2025-08-08,2027-08-08,Active,14231,170772
SUB0004043,CUST004043,2023-09-08,2026-09-08,Active,23249,278988
SUB0004044,CUST004044,2024-10-25,2025-10-25,Active,730,8760
SUB0004045,CUST004045,2024-10-08,2027-10-08,Active,267,3204
SUB0004046,CUST004046,2024-11-18,2025-11-18,Active,1846,22152
SUB0004047,CUST004047,2025-12-20,2027-12-20,Pending Renewal,1197,14364
SUB0004048,CUST004048,2023-08-23,2026-08-23,Active,10834,130008
SUB0004049,CUST004049,2024-05-04,2027-05-04,Active,987,11844
SUB0004050,CUST004050,2024-04-07,2025-04-07,Active,10121,121452
SUB0004051,CUST004051,2025-07-22,2027-07-22,Active,6455,77460
SUB0004052,CUST004052,2025-10-24,2027-10-24,Active,7248,86976
SUB0004053,CUST004053,2023-07-12,2026-07-12,Active,6392,76704
SUB0004054,CUST004054,2025-04-30,2028-04-30,Active,1096,13152
SUB0004055,CUST004055,2025-01-20,2027-01-20,Active,15056,180672
SUB0004056,CUST004056,2024-01-18,2027-01-18,Active,20426,245112
SUB0004057,CUST004057,2025-03-31,2027-03-31,Active,734,8808
SUB0004058,CUST004058,2023-11-14,2024-11-14,Active,6950,83400
SUB0004059,CUST004059,2025-02-03,2027-02-03,Active,804,9648
SUB0004060,CUST004060,2025-01-12,2028-01-12,Active,2870,34440
SUB0004061,CUST004061,2025-09-23,2028-09-23,Active,494,5928
SUB0004062,CUST004062,2023-11-23,2026-11-23,Active,4259,51108
SUB0004063,CUST004063,2025-01-13,2028-01-13,Active,807,9684
SUB0004064,CUST004064,2023-11-29,2024-11-29,Active,1438,17256
SUB0004065,CUST004065,2025-03-15,2028-03-15,Active,652,7824
SUB0004066,CUST004066,2023-12-25,2026-12-25,Pending Renewal,1141,13692
SUB0004067,CUST004067,2023-12-31,2026-12-31,Active,3356,40272
SUB0004068,CUST004068,2023-07-04,2025-07-04,Active,1723,20676
SUB0004069,CUST004069,2024-03-02,2026-03-02,Active,6302,75624
SUB0004070,CUST004070,2024-04-27,2026-04-27,Active,3194,38328
SUB0004071,CUST004071,2024-10-03,2027-10-03,Active,1700,20400
SUB0004072,CUST004072,2023-07-13,2025-07-13,Pending Renewal,6478,77736
SUB0004073,CUST004073,2024-06-10,2027-06-10,Active,16826,201912
SUB0004074,CUST004074,2025-09-05,2028-09-05,Pending Renewal,1521,18252
SUB0004075,CUST004075,2024-02-17,2027-02-17,Active,970,11640
SUB0004076,CUST004076,2024-02-21,2025-02-21,Pending Renewal,559,6708
SUB0004077,CUST004077,2025-12-12,2028-12-12,Active,11421,137052
SUB0004078,CUST004078,2024-04-04,2025-04-04,Active,13683,164196
SUB0004079,CUST004079,2023-08-10,2025-08-10,Active,1778,21336
SUB0004080,CUST004080,2023-11-01,2025-11-01,Active,11823,141876
SUB0004081,CUST004081,2024-07-12,2027-07-12,Active,1115,13380
SUB0004082,CUST004082,2023-12-14,2025-12-14,Active,516,6192
SUB0004083,CUST004083,2023-07-24,2024-07-24,Active,5051,60612
SUB0004084,CUST004084,2023-09-27,2026-09-27,Active,19331,231972
SUB0004085,CUST004085,2024-01-06,2025-01-06,Active,428,5136
SUB0004086,CUST004086,2024-11-19,2026-11-19,Active,1203,14436
SUB0004087,CUST004087,2025-07-02,2027-07-02,Active,442,5304
SUB0004088,CUST004088,2025-10-29,2027-10-29,Active,5331,63972
SUB0004089,CUST004089,2025-08-28,2027-08-28,Active,5733,68796
SUB0004090,CUST004090,2023-09-03,2024-09-03,Pending Renewal,1197,14364
SUB0004091,CUST004091,2025-01-18,2027-01-18,Pending Renewal,13813,165756
SUB0004092,CUST004092,2024-08-14,2027-08-14,Active,1361,16332
SUB0004093,CUST004093,2024-02-20,2026-02-20,Active,9470,113640
SUB0004094,CUST004094,2025-04-14,2027-04-14,Active,5396,64752
SUB0004095,CUST004095,2024-11-29,2025-11-29,Active,5875,70500
SUB0004096,CUST004096,2023-09-08,2026-09-08,Active,5519,66228
SUB0004097,CUST004097,2025-10-31,2026-10-31,Active,4665,55980
SUB0004098,CUST004098,2024-06-07,2026-06-07,Pending Renewal,13191,158292
SUB0004099,CUST004099,2024-08-12,2026-08-12,Active,2785,33420
SUB0004100,CUST004100,2025-05-05,2026-05-05,Pending Renewal,1270,15240
SUB0004101,CUST004101,2025-02-13,2026-02-13,Active,1988,23856
SUB0004102,CUST004102,2025-07-25,2028-07-25,Cancelled,8628,103536
SUB0004103,CUST004103,2024-06-05,2026-06-05,Cancelled,4916,58992
SUB0004104,CUST004104,2025-03-22,2028-03-22,Active,381,4572
SUB0004105,CUST004105,2025-04-27,2028-04-27,Active,4332,51984
SUB0004106,CUST004106,2023-10-05,2024-10-05,Active,10176,122112
SUB0004107,CUST004107,2024-04-07,2027-04-07,Cancelled,4697,56364
SUB0004108,CUST004108,2023-10-28,2026-10-28,Active,1277,15324
SUB0004109,CUST004109,2024-06-11,2027-06-11,Active,1159,13908
SUB0004110,CUST004110,2025-03-21,2027-03-21,Active,7706,92472
SUB0004111,CUST004111,2023-07-31,2024-07-31,Pending Renewal,2649,31788
SUB0004112,CUST004112,2025-05-11,2027-05-11,Active,7781,93372
SUB0004113,CUST004113,2023-12-02,2026-12-02,Active,6417,77004
SUB0004114,CUST004114,2025-06-11,2026-06-11,Active,19117,229404
SUB0004115,CUST004115,2023-10-04,2024-10-04,Pending Renewal,329,3948
SUB0004116,CUST004116,2025-11-24,2028-11-24,Active,10111,121332
SUB0004117,CUST004117,2025-04-12,2028-04-12,Active,151,1812
SUB0004118,CUST004118,2023-09-20,2024-09-20,Active,24494,293928
SUB0004119,CUST004119,2025-02-02,2026-02-02,Active,18009,216108
SUB0004120,CUST004120,2024-08-14,2026-08-14,Active,6505,78060
SUB0004121,CUST004121,2025-04-26,2027-04-26,Active,22676,272112
SUB0004122,CUST004122,2024-04-21,2027-04-21,Active,464,5568
SUB0004123,CUST004123,2025-03-19,2026-03-19,Active,17985,215820
SUB0004124,CUST004124,2023-09-23,2025-09-23,Pending Renewal,14060,168720
SUB0004125,CUST004125,2024-01-25,2026-01-25,Active,1958,23496
SUB0004126,CUST004126,2023-11-30,2024-11-30,Active,7668,92016
SUB0004127,CUST004127,2025-09-09,2028-09-09,Active,4586,55032
SUB0004128,CUST004128,2024-01-21,2027-01-21,Active,9134,109608
SUB0004129,CUST004129,2025-09-15,2028-09-15,Pending Renewal,1663,19956
SUB0004130,CUST004130,2024-03-31,2027-03-31,Active,336,4032
SUB0004131,CUST004131,2024-06-11,2026-06-11,Pending Renewal,5115,61380
SUB0004132,CUST004132,2025-05-11,2028-05-11,Active,1187,14244
SUB0004133,CUST004133,2024-04-19,2027-04-19,Active,569,6828
SUB0004134,CUST004134,2025-04-06,2028-04-06,Active,4267,51204
SUB0004135,CUST004135,2023-10-10,2024-10-10,Active,579,6948
SUB0004136,CUST004136,2024-08-05,2025-08-05,Active,1093,13116
SUB0004137,CUST004137,2024-02-27,2025-02-27,Active,16332,195984
SUB0004138,CUST004138,2025-02-18,2026-02-18,Active,1218,14616
SUB0004139,CUST004139,2025-06-18,2026-06-18,Pending Renewal,322,3864
SUB0004140,CUST004140,2023-10-14,2024-10-14,Pending Renewal,641,7692
SUB0004141,CUST004141,2023-12-04,2025-12-04,Active,7736,92832
SUB0004142,CUST004142,2025-02-16,2028-02-16,Pending Renewal,5839,70068
SUB0004143,CUST004143,2023-10-03,2026-10-03,Active,1736,20832
SUB0004144,CUST004144,2025-04-09,2028-04-09,Active,1417,17004
SUB0004145,CUST004145,2023-08-03,2025-08-03,Pending Renewal,5491,65892
SUB0004146,CUST004146,2024-01-03,2027-01-03,Active,1833,21996
SUB0004147,CUST004147,2025-06-28,2026-06-28,Active,21970,263640
SUB0004148,CUST004148,2024-08-30,2025-08-30,Active,17442,209304
SUB0004149,CUST004149,2025-07-04,2028-07-04,Active,6915,82980
SUB0004150,CUST004150,2024-11-30,2027-11-30,Pending Renewal,5163,61956
SUB0004151,CUST004151,2025-03-15,2026-03-15,Active,1506,18072
SUB0004152,CUST004152,2025-07-11,2026-07-11,Pending Renewal,15927,191124
SUB0004153,CUST004153,2025-07-19,2027-07-19,Active,1964,23568
SUB0004154,CUST004154,2024-08-30,2025-08-30,Active,5612,67344
SUB0004155,CUST004155,2024-09-27,2027-09-27,Active,697,8364
SUB0004156,CUST004156,2025-07-24,2026-07-24,Active,4495,53940
SUB0004157,CUST004157,2025-01-27,2027-01-27,Active,1562,18744
SUB0004158,CUST004158,2025-10-25,2027-10-25,Active,21357,256284
SUB0004159,CUST004159,2025-08-26,2026-08-26,Active,3734,44808
SUB0004160,CUST004160,2023-08-08,2025-08-08,Active,4251,51012
SUB0004161,CUST004161,2024-06-30,2025-06-30,Pending Renewal,693,8316
SUB0004162,CUST004162,2023-08-04,2024-08-04,Active,6305,75660
SUB0004163,CUST004163,2025-12-19,2028-12-19,Active,3126,37512
SUB0004164,CUST004164,2023-09-06,2026-09-06,Active,9251,111012
SUB0004165,CUST004165,2025-11-09,2028-11-09,Active,3853,46236
SUB0004166,CUST004166,2024-09-09,2025-09-09,Active,9183,110196
SUB0004167,CUST004167,2024-04-03,2025-04-03,Active,19744,236928
SUB0004168,CUST004168,2024-02-27,2027-02-27,Active,747,8964
SUB0004169,CUST004169,2025-12-19,2028-12-19,Active,1393,16716
SUB0004170,CUST004170,2023-07-27,2025-07-27,Pending Renewal,1037,12444
SUB0004171,CUST004171,2024-07-29,2027-07-29,Cancelled,930,11160
SUB0004172,CUST004172,2024-09-07,2025-09-07,Active,4871,58452
SUB0004173,CUST004173,2025-03-12,2028-03-12,Active,2080,24960
SUB0004174,CUST004174,2023-10-08,2026-10-08,Active,6557,78684
SUB0004175,CUST004175,2025-04-08,2027-04-08,Active,7122,85464
SUB0004176,CUST004176,2024-07-04,2026-07-04,Cancelled,7671,92052
SUB0004177,CUST004177,2025-11-04,2026-11-04,Cancelled,2671,32052
SUB0004178,CUST004178,2025-09-25,2028-09-25,Active,1858,22296
SUB0004179,CUST004179,2024-04-01,2027-04-01,Active,1457,17484
SUB0004180,CUST004180,2025-10-12,2028-10-12,Active,264,3168
SUB0004181,CUST004181,2024-12-14,2026-12-14,Active,2422,29064
SUB0004182,CUST004182,2024-11-26,2027-11-26,Active,4154,49848
SUB0004183,CUST004183,2023-09-11,2024-09-11,Pending Renewal,1453,17436
SUB0004184,CUST004184,2024-12-06,2025-12-06,Active,17939,215268
SUB0004185,CUST004185,2023-07-05,2024-07-05,Active,5865,70380
SUB0004186,CUST004186,2023-07-18,2026-07-18,Active,546,6552
SUB0004187,CUST004187,2025-08-08,2028-08-08,Active,19540,234480
SUB0004188,CUST004188,2025-01-29,2026-01-29,Active,1290,15480
SUB0004189,CUST004189,2025-10-03,2027-10-03,Pending Renewal,1979,23748
SUB0004190,CUST004190,2025-11-08,2026-11-08,Active,5653,67836
SUB0004191,CUST004191,2024-02-15,2026-02-15,Pending Renewal,1430,17160
SUB0004192,CUST004192,2025-02-13,2028-02-13,Active,2828,33936
SUB0004193,CUST004193,2024-08-17,2025-08-17,Active,13973,167676
SUB0004194,CUST004194,2025-10-16,2026-10-16,Active,756,9072
SUB0004195,CUST004195,2025-02-01,2028-02-01,Active,1236,14832
SUB0004196,CUST004196,2025-11-11,2026-11-11,Active,3263,39156
SUB0004197,CUST004197,2025-08-10,2027-08-10,Active,17447,209364
SUB0004198,CUST004198,2024-07-17,2026-07-17,Active,1775,21300
SUB0004199,CUST004199,2024-12-25,2025-12-25,Active,1169,14028
SUB0004200,CUST004200,2023-07-27,2025-07-27,Active,7219,86628
SUB0004201,CUST004201,2024-01-21,2025-01-21,Active,6572,78864
SUB0004202,CUST004202,2023-12-03,2025-12-03,Cancelled,1326,15912
SUB0004203,CUST004203,2025-08-29,2026-08-29,Pending Renewal,4726,56712
SUB0004204,CUST004204,2024-07-04,2025-07-04,Active,540,6480
SUB0004205,CUST004205,2024-12-07,2027-12-07,Active,1078,12936
SUB0004206,CUST004206,2023-07-21,2025-07-21,Active,1416,16992
SUB0004207,CUST004207,2024-12-31,2026-12-31,Active,504,6048
SUB0004208,CUST004208,2024-06-27,2027-06-27,Active,1304,15648
SUB0004209,CUST004209,2024-04-26,2027-04-26,Active,6708,80496
SUB0004210,CUST004210,2023-11-17,2024-11-17,Active,6757,81084
SUB0004211,CUST004211,2023-07-21,2024-07-21,Active,18969,227628
SUB0004212,CUST004212,2025-09-12,2026-09-12,Active,740,8880
SUB0004213,CUST004213,2024-12-10,2027-12-10,Active,21987,263844
SUB0004214,CUST004214,2024-12-22,2027-12-22,Active,6050,72600
SUB0004215,CUST004215,2024-03-12,2026-03-12,Active,3951,47412
SUB0004216,CUST004216,2025-11-03,2026-11-03,Active,20745,248940
SUB0004217,CUST004217,2023-08-23,2024-08-23,Active,931,11172
SUB0004218,CUST004218,2024-10-20,2025-10-20,Active,1359,16308
SUB0004219,CUST004219,2024-04-23,2025-04-23,Active,1108,13296
SUB0004220,CUST004220,2023-09-03,2024-09-03,Pending Renewal,7104,85248
SUB0004221,CUST004221,2025-09-01,2026-09-01,Active,759,9108
SUB0004222,CUST004222,2025-08-08,2026-08-08,Active,5400,64800
SUB0004223,CUST004223,2024-08-05,2025-08-05,Active,194,2328
SUB0004224,CUST004224,2025-05-06,2027-05-06,Active,16304,195648
SUB0004225,CUST004225,2024-09-06,2027-09-06,Pending Renewal,5286,63432
SUB0004226,CUST004226,2024-03-31,2026-03-31,Active,1583,18996
SUB0004227,CUST004227,2024-10-21,2027-10-21,Active,1860,22320
SUB0004228,CUST004228,2024-02-24,2027-02-24,Active,2688,32256
SUB0004229,CUST004229,2025-11-17,2026-11-17,Active,15885,190620
SUB0004230,CUST004230,2024-03-26,2027-03-26,Cancelled,16374,196488
SUB0004231,CUST004231,2025-08-26,2028-08-26,Active,2500,30000
SUB0004232,CUST004232,2023-09-01,2024-09-01,Active,859,10308
SUB0004233,CUST004233,2024-11-02,2025-11-02,Active,1673,20076
SUB0004234,CUST004234,2023-09-25,2026-09-25,Active,902,10824
SUB0004235,CUST004235,2025-10-29,2026-10-29,Active,173,2076
SUB0004236,CUST004236,2023-10-10,2026-10-10,Active,155,1860
SUB0004237,CUST004237,2023-10-30,2025-10-30,Active,14237,170844
SUB0004238,CUST004238,2024-08-26,2025-08-26,Pending Renewal,1185,14220
SUB0004239,CUST004239,2025-09-04,2028-09-04,Cancelled,1879,22548
SUB0004240,CUST004240,2025-06-08,2028-06-08,Active,1923,23076
SUB0004241,CUST004241,2023-11-26,2024-11-26,Active,605,7260
SUB0004242,CUST004242,2025-06-27,2027-06-27,Pending Renewal,411,4932
SUB0004243,CUST004243,2025-08-05,2026-08-05,Active,456,5472
SUB0004244,CUST004244,2025-03-08,2028-03-08,Active,374,4488
SUB0004245,CUST004245,2023-11-16,2026-11-16,Cancelled,10607,127284
SUB0004246,CUST004246,2023-12-20,2024-12-20,Active,314,3768
SUB0004247,CUST004247,2025-09-30,2028-09-30,Active,17764,213168
SUB0004248,CUST004248,2025-05-10,2026-05-10,Active,7715,92580
SUB0004249,CUST004249,2023-12-16,2026-12-16,Active,1602,19224
SUB0004250,CUST004250,2025-10-12,2026-10-12,Cancelled,5249,62988
SUB0004251,CUST004251,2024-08-27,2026-08-27,Active,698,8376
SUB0004252,CUST004252,2024-06-26,2026-06-26,Cancelled,12318,147816
SUB0004253,CUST004253,2025-10-24,2028-10-24,Active,4141,49692
SUB0004254,CUST004254,2025-10-27,2026-10-27,Active,122,1464
SUB0004255,CUST004255,2024-01-18,2027-01-18,Cancelled,3599,43188
SUB0004256,CUST004256,2025-11-23,2028-11-23,Active,2831,33972
SUB0004257,CUST004257,2024-03-18,2026-03-18,Pending Renewal,1296,15552
SUB0004258,CUST004258,2025-10-06,2026-10-06,Active,1482,17784
SUB0004259,CUST004259,2024-04-22,2027-04-22,Active,1213,14556
SUB0004260,CUST004260,2024-12-22,2027-12-22,Active,23752,285024
SUB0004261,CUST004261,2023-11-02,2024-11-02,Active,4818,57816
SUB0004262,CUST004262,2024-02-10,2025-02-10,Pending Renewal,491,5892
SUB0004263,CUST004263,2023-10-29,2026-10-29,Active,7699,92388
SUB0004264,CUST004264,2024-04-30,2026-04-30,Active,1809,21708
SUB0004265,CUST004265,2024-09-25,2027-09-25,Active,7294,87528
SUB0004266,CUST004266,2025-12-20,2027-12-20,Active,4733,56796
SUB0004267,CUST004267,2025-09-01,2028-09-01,Active,478,5736
SUB0004268,CUST004268,2024-08-14,2027-08-14,Active,3074,36888
SUB0004269,CUST004269,2025-01-26,2028-01-26,Active,12505,150060
SUB0004270,CUST004270,2025-11-13,2027-11-13,Active,953,11436
SUB0004271,CUST004271,2024-01-15,2025-01-15,Active,739,8868
SUB0004272,CUST004272,2023-12-23,2026-12-23,Active,588,7056
SUB0004273,CUST004273,2023-08-18,2025-08-18,Active,6860,82320
SUB0004274,CUST004274,2024-08-06,2025-08-06,Active,3457,41484
SUB0004275,CUST004275,2024-11-03,2027-11-03,Pending Renewal,1565,18780
SUB0004276,CUST004276,2024-03-30,2026-03-30,Active,1454,17448
SUB0004277,CUST004277,2023-12-13,2025-12-13,Active,1857,22284
SUB0004278,CUST004278,2025-11-20,2027-11-20,Active,487,5844
SUB0004279,CUST004279,2024-11-26,2025-11-26,Active,1587,19044
SUB0004280,CUST004280,2024-06-13,2027-06-13,Active,1297,15564
SUB0004281,CUST004281,2025-12-25,2027-12-25,Active,1078,12936
SUB0004282,CUST004282,2023-12-03,2024-12-03,Active,6523,78276
SUB0004283,CUST004283,2025-12-22,2026-12-22,Pending Renewal,1249,14988
SUB0004284,CUST004284,2023-10-30,2026-10-30,Active,274,3288
SUB0004285,CUST004285,2025-05-02,2027-05-02,Active,5454,65448
SUB0004286,CUST004286,2025-07-14,2026-07-14,Cancelled,3501,42012
SUB0004287,CUST004287,2023-10-27,2026-10-27,Active,1309,15708
SUB0004288,CUST004288,2023-08-12,2025-08-12,Active,192,2304
SUB0004289,CUST004289,2024-01-16,2025-01-16,Active,1316,15792
SUB0004290,CUST004290,2024-03-28,2027-03-28,Active,1098,13176
SUB0004291,CUST004291,2024-09-14,2025-09-14,Active,1085,13020
SUB0004292,CUST004292,2024-09-21,2025-09-21,Active,729,8748
SUB0004293,CUST004293,2024-11-30,2027-11-30,Active,373,4476
SUB0004294,CUST004294,2025-11-25,2028-11-25,Active,472,5664
SUB0004295,CUST004295,2023-11-28,2024-11-28,Active,13225,158700
SUB0004296,CUST004296,2023-09-02,2025-09-02,Active,1351,16212
SUB0004297,CUST004297,2025-04-12,2028-04-12,Active,193,2316
SUB0004298,CUST004298,2024-07-29,2026-07-29,Active,9363,112356
SUB0004299,CUST004299,2025-12-19,2028-12-19,Active,6181,74172
SUB0004300,CUST004300,2024-09-12,2027-09-12,Active,5424,65088
SUB0004301,CUST004301,2025-06-11,2026-06-11,Cancelled,1895,22740
SUB0004302,CUST004302,2024-01-31,2026-01-31,Active,1139,13668
SUB0004303,CUST004303,2024-04-10,2026-04-10,Active,536,6432
SUB0004304,CUST004304,2025-10-05,2026-10-05,Pending Renewal,1285,15420
SUB0004305,CUST004305,2025-05-06,2028-05-06,Pending Renewal,11331,135972
SUB0004306,CUST004306,2025-12-14,2026-12-14,Active,15264,183168
SUB0004307,CUST004307,2024-06-21,2026-06-21,Active,174,2088
SUB0004308,CUST004308,2023-09-08,2026-09-08,Active,6618,79416
SUB0004309,CUST004309,2023-10-06,2025-10-06,Active,1691,20292
SUB0004310,CUST004310,2025-05-06,2026-05-06,Active,6214,74568
SUB0004311,CUST004311,2023-09-10,2026-09-10,Active,506,6072
SUB0004312,CUST004312,2024-04-05,2026-04-05,Active,7994,95928
SUB0004313,CUST004313,2024-12-03,2025-12-03,Cancelled,19767,237204
SUB0004314,CUST004314,2025-04-30,2028-04-30,Active,14293,171516
SUB0004315,CUST004315,2025-06-29,2026-06-29,Active,20257,243084
SUB0004316,CUST004316,2024-06-26,2026-06-26,Active,347,4164
SUB0004317,CUST004317,2023-11-19,2025-11-19,Active,5447,65364
SUB0004318,CUST004318,2025-11-16,2026-11-16,Active,1382,16584
SUB0004319,CUST004319,2025-01-09,2026-01-09,Pending Renewal,22252,267024
SUB0004320,CUST004320,2024-06-04,2027-06-04,Pending Renewal,323,3876
SUB0004321,CUST004321,2024-03-05,2025-03-05,Active,1249,14988
SUB0004322,CUST004322,2024-12-15,2025-12-15,Active,654,7848
SUB0004323,CUST004323,2025-09-20,2027-09-20,Active,1176,14112
SUB0004324,CUST004324,2024-11-23,2026-11-23,Active,936,11232
SUB0004325,CUST004325,2025-10-01,2027-10-01,Active,426,5112
SUB0004326,CUST004326,2023-12-27,2025-12-27,Pending Renewal,3587,43044
SUB0004327,CUST004327,2023-07-30,2025-07-30,Active,1080,12960
SUB0004328,CUST004328,2024-11-04,2027-11-04,Active,4281,51372
SUB0004329,CUST004329,2023-09-08,2026-09-08,Active,2022,24264
SUB0004330,CUST004330,2025-01-25,2027-01-25,Active,1188,14256
SUB0004331,CUST004331,2025-03-22,2026-03-22,Active,6467,77604
SUB0004332,CUST004332,2024-01-20,2025-01-20,Active,181,2172
SUB0004333,CUST004333,2025-09-21,2026-09-21,Cancelled,4084,49008
SUB0004334,CUST004334,2024-09-09,2026-09-09,Active,1103,13236
SUB0004335,CUST004335,2024-08-13,2025-08-13,Active,3836,46032
SUB0004336,CUST004336,2024-07-07,2027-07-07,Active,1261,15132
SUB0004337,CUST004337,2024-06-27,2027-06-27,Pending Renewal,9714,116568
SUB0004338,CUST004338,2025-11-16,2027-11-16,Active,1317,15804
SUB0004339,CUST004339,2024-12-10,2027-12-10,Active,7724,92688
SUB0004340,CUST004340,2023-07-08,2024-07-08,Active,1872,22464
SUB0004341,CUST004341,2025-07-20,2028-07-20,Active,1973,23676
SUB0004342,CUST004342,2024-01-13,2025-01-13,Active,2975,35700
SUB0004343,CUST004343,2023-10-19,2025-10-19,Active,1454,17448
SUB0004344,CUST004344,2025-08-07,2028-08-07,Active,1094,13128
SUB0004345,CUST004345,2024-04-13,2025-04-13,Active,506,6072
SUB0004346,CUST004346,2025-10-14,2028-10-14,Active,6497,77964
SUB0004347,CUST004347,2025-08-19,2027-08-19,Active,601,7212
SUB0004348,CUST004348,2025-03-11,2026-03-11,Active,4960,59520
SUB0004349,CUST004349,2025-10-28,2026-10-28,Active,6002,72024
SUB0004350,CUST004350,2025-04-02,2026-04-02,Active,303,3636
SUB0004351,CUST004351,2025-11-15,2027-11-15,Active,3823,45876
SUB0004352,CUST004352,2024-01-20,2025-01-20,Active,5680,68160
SUB0004353,CUST004353,2024-11-28,2027-11-28,Active,1252,15024
SUB0004354,CUST004354,2025-01-01,2028-01-01,Active,4003,48036
SUB0004355,CUST004355,2025-01-08,2028-01-08,Pending Renewal,1280,15360
SUB0004356,CUST004356,2025-05-13,2028-05-13,Active,1381,16572
SUB0004357,CUST004357,2024-06-25,2027-06-25,Active,1877,22524
SUB0004358,CUST004358,2025-01-18,2027-01-18,Active,4884,58608
SUB0004359,CUST004359,2024-10-17,2026-10-17,Active,638,7656
SUB0004360,CUST004360,2025-09-07,2026-09-07,Active,10357,124284
SUB0004361,CUST004361,2024-12-15,2027-12-15,Active,18520,222240
SUB0004362,CUST004362,2025-08-24,2026-08-24,Active,1634,19608
SUB0004363,CUST004363,2025-10-15,2026-10-15,Active,7706,92472
SUB0004364,CUST004364,2025-03-08,2028-03-08,Active,4045,48540
SUB0004365,CUST004365,2024-04-12,2026-04-12,Active,1207,14484
SUB0004366,CUST004366,2024-08-27,2026-08-27,Active,10428,125136
SUB0004367,CUST004367,2023-10-27,2025-10-27,Active,4347,52164
SUB0004368,CUST004368,2024-03-24,2027-03-24,Active,603,7236
SUB0004369,CUST004369,2025-05-07,2028-05-07,Active,707,8484
SUB0004370,CUST004370,2025-08-04,2027-08-04,Active,1846,22152
SUB0004371,CUST004371,2024-05-31,2026-05-31,Active,20776,249312
SUB0004372,CUST004372,2025-01-16,2027-01-16,Active,1463,17556
SUB0004373,CUST004373,2023-10-20,2026-10-20,Active,6568,78816
SUB0004374,CUST004374,2025-02-22,2027-02-22,Active,22321,267852
SUB0004375,CUST004375,2025-10-16,2026-10-16,Active,1775,21300
SUB0004376,CUST004376,2025-07-22,2027-07-22,Active,5865,70380
SUB0004377,CUST004377,2023-08-24,2025-08-24,Pending Renewal,10756,129072
SUB0004378,CUST004378,2024-07-17,2027-07-17,Active,345,4140
SUB0004379,CUST004379,2024-06-14,2025-06-14,Active,4006,48072
SUB0004380,CUST004380,2025-09-25,2027-09-25,Active,1997,23964
SUB0004381,CUST004381,2023-10-11,2024-10-11,Active,7340,88080
SUB0004382,CUST004382,2024-12-12,2026-12-12,Active,1166,13992
SUB0004383,CUST004383,2024-02-24,2027-02-24,Active,2521,30252
SUB0004384,CUST004384,2025-08-13,2028-08-13,Active,12669,152028
SUB0004385,CUST004385,2025-06-06,2028-06-06,Active,1386,16632
SUB0004386,CUST004386,2024-01-17,2026-01-17,Active,1524,18288
SUB0004387,CUST004387,2024-05-30,2025-05-30,Active,487,5844
SUB0004388,CUST004388,2025-04-26,2027-04-26,Active,631,7572
SUB0004389,CUST004389,2025-04-30,2028-04-30,Active,20802,249624
SUB0004390,CUST004390,2024-02-13,2025-02-13,Active,7314,87768
SUB0004391,CUST004391,2025-11-13,2028-11-13,Active,1678,20136
SUB0004392,CUST004392,2025-09-01,2028-09-01,Active,22674,272088
SUB0004393,CUST004393,2025-12-05,2028-12-05,Active,7860,94320
SUB0004394,CUST004394,2025-09-03,2027-09-03,Active,1040,12480
SUB0004395,CUST004395,2024-02-29,2025-02-28,Active,1367,16404
SUB0004396,CUST004396,2025-07-24,2027-07-24,Active,2445,29340
SUB0004397,CUST004397,2025-05-09,2027-05-09,Active,2847,34164
SUB0004398,CUST004398,2025-04-21,2026-04-21,Cancelled,815,9780
SUB0004399,CUST004399,2024-08-24,2026-08-24,Cancelled,5221,62652
SUB0004400,CUST004400,2025-01-07,2027-01-07,Active,1518,18216
SUB0004401,CUST004401,2024-02-19,2026-02-19,Active,5913,70956
SUB0004402,CUST004402,2024-09-03,2026-09-03,Active,1907,22884
SUB0004403,CUST004403,2024-12-11,2027-12-11,Active,7956,95472
SUB0004404,CUST004404,2025-02-07,2027-02-07,Active,23616,283392
SUB0004405,CUST004405,2023-12-15,2026-12-15,Active,4693,56316
SUB0004406,CUST004406,2025-09-30,2028-09-30,Active,4950,59400
SUB0004407,CUST004407,2024-03-20,2027-03-20,Active,6514,78168
SUB0004408,CUST004408,2023-08-18,2024-08-18,Active,1814,21768
SUB0004409,CUST004409,2024-03-30,2025-03-30,Active,516,6192
SUB0004410,CUST004410,2023-08-11,2025-08-11,Active,3883,46596
SUB0004411,CUST004411,2024-11-27,2026-11-27,Active,20509,246108
SUB0004412,CUST004412,2024-06-22,2025-06-22,Active,1564,18768
SUB0004413,CUST004413,2023-10-22,2024-10-22,Active,1313,15756
SUB0004414,CUST004414,2024-01-07,2027-01-07,Active,3278,39336
SUB0004415,CUST004415,2024-06-06,2025-06-06,Active,10341,124092
SUB0004416,CUST004416,2024-05-02,2027-05-02,Active,19147,229764
SUB0004417,CUST004417,2024-10-12,2027-10-12,Active,754,9048
SUB0004418,CUST004418,2025-12-08,2026-12-08,Active,7053,84636
SUB0004419,CUST004419,2025-08-23,2027-08-23,Pending Renewal,1513,18156
SUB0004420,CUST004420,2025-08-25,2027-08-25,Active,6105,73260
SUB0004421,CUST004421,2024-12-03,2025-12-03,Active,1952,23424
SUB0004422,CUST004422,2023-11-07,2025-11-07,Active,198,2376
SUB0004423,CUST004423,2023-09-24,2024-09-24,Active,23452,281424
SUB0004424,CUST004424,2025-11-26,2027-11-26,Active,1860,22320
SUB0004425,CUST004425,2024-06-12,2025-06-12,Active,1179,14148
SUB0004426,CUST004426,2023-10-09,2024-10-09,Active,1563,18756
SUB0004427,CUST004427,2025-12-23,2028-12-23,Active,7556,90672
SUB0004428,CUST004428,2025-03-05,2027-03-05,Active,681,8172
SUB0004429,CUST004429,2024-08-27,2026-08-27,Active,15989,191868
SUB0004430,CUST004430,2024-08-05,2027-08-05,Active,1790,21480
SUB0004431,CUST004431,2024-11-16,2025-11-16,Active,1317,15804
SUB0004432,CUST004432,2024-09-04,2025-09-04,Active,304,3648
SUB0004433,CUST004433,2024-01-28,2025-01-28,Active,1130,13560
SUB0004434,CUST004434,2024-06-11,2027-06-11,Active,1861,22332
SUB0004435,CUST004435,2025-11-24,2027-11-24,Active,2409,28908
SUB0004436,CUST004436,2024-06-08,2026-06-08,Active,1402,16824
SUB0004437,CUST004437,2024-01-28,2027-01-28,Cancelled,4679,56148
SUB0004438,CUST004438,2024-08-28,2027-08-28,Active,16485,197820
SUB0004439,CUST004439,2023-10-02,2025-10-02,Active,697,8364
SUB0004440,CUST004440,2024-04-13,2025-04-13,Active,6464,77568
SUB0004441,CUST004441,2024-05-17,2027-05-17,Cancelled,7430,89160
SUB0004442,CUST004442,2024-09-23,2027-09-23,Active,881,10572
SUB0004443,CUST004443,2025-03-01,2026-03-01,Active,309,3708
SUB0004444,CUST004444,2025-08-12,2027-08-12,Active,1284,15408
SUB0004445,CUST004445,2023-09-18,2024-09-18,Pending Renewal,1856,22272
SUB0004446,CUST004446,2024-08-29,2025-08-29,Active,1694,20328
SUB0004447,CUST004447,2024-12-13,2027-12-13,Active,21450,257400
SUB0004448,CUST004448,2024-05-04,2026-05-04,Active,3599,43188
SUB0004449,CUST004449,2024-05-20,2027-05-20,Active,5324,63888
SUB0004450,CUST004450,2024-02-20,2025-02-20,Active,213,2556
SUB0004451,CUST004451,2024-02-13,2027-02-13,Active,1285,15420
SUB0004452,CUST004452,2025-03-01,2027-03-01,Cancelled,18228,218736
SUB0004453,CUST004453,2025-11-26,2028-11-26,Pending Renewal,686,8232
SUB0004454,CUST004454,2024-07-02,2026-07-02,Active,5454,65448
SUB0004455,CUST004455,2023-10-12,2026-10-12,Active,939,11268
SUB0004456,CUST004456,2024-02-28,2025-02-28,Active,7473,89676
SUB0004457,CUST004457,2024-06-17,2025-06-17,Active,2423,29076
SUB0004458,CUST004458,2024-08-22,2027-08-22,Active,4316,51792
SUB0004459,CUST004459,2025-02-19,2028-02-19,Active,23969,287628
SUB0004460,CUST004460,2025-10-03,2027-10-03,Active,1755,21060
SUB0004461,CUST004461,2025-08-05,2027-08-05,Active,21284,255408
SUB0004462,CUST004462,2025-10-05,2027-10-05,Active,5601,67212
SUB0004463,CUST004463,2025-08-23,2027-08-23,Active,1861,22332
SUB0004464,CUST004464,2024-12-28,2026-12-28,Active,13602,163224
SUB0004465,CUST004465,2025-09-10,2027-09-10,Active,6209,74508
SUB0004466,CUST004466,2024-08-01,2027-08-01,Active,6889,82668
SUB0004467,CUST004467,2024-10-13,2025-10-13,Active,909,10908
SUB0004468,CUST004468,2023-11-16,2025-11-16,Active,20543,246516
SUB0004469,CUST004469,2023-12-16,2024-12-16,Cancelled,1638,19656
SUB0004470,CUST004470,2024-02-07,2027-02-07,Active,6688,80256
SUB0004471,CUST004471,2025-06-03,2026-06-03,Active,5463,65556
SUB0004472,CUST004472,2025-07-06,2027-07-06,Active,3029,36348
SUB0004473,CUST004473,2025-01-17,2027-01-17,Active,6208,74496
SUB0004474,CUST004474,2024-05-23,2025-05-23,Active,1700,20400
SUB0004475,CUST004475,2025-11-29,2027-11-29,Active,6912,82944
SUB0004476,CUST004476,2024-03-29,2025-03-29,Active,1307,15684
SUB0004477,CUST004477,2023-07-24,2024-07-24,Active,1879,22548
SUB0004478,CUST004478,2023-08-27,2025-08-27,Active,819,9828
SUB0004479,CUST004479,2025-01-30,2027-01-30,Active,1338,16056
SUB0004480,CUST004480,2025-03-07,2026-03-07,Active,18727,224724
SUB0004481,CUST004481,2024-04-09,2027-04-09,Active,953,11436
SUB0004482,CUST004482,2024-05-18,2025-05-18,Active,647,7764
SUB0004483,CUST004483,2025-07-27,2028-07-27,Active,24706,296472
SUB0004484,CUST004484,2024-03-11,2026-03-11,Active,476,5712
SUB0004485,CUST004485,2024-09-24,2027-09-24,Active,571,6852
SUB0004486,CUST004486,2025-09-16,2026-09-16,Pending Renewal,3249,38988
SUB0004487,CUST004487,2025-05-14,2027-05-14,Active,7899,94788
SUB0004488,CUST004488,2025-12-09,2026-12-09,Active,1094,13128
SUB0004489,CUST004489,2023-07-25,2026-07-25,Active,3613,43356
SUB0004490,CUST004490,2025-01-04,2026-01-04,Active,4374,52488
SUB0004491,CUST004491,2025-07-06,2028-07-06,Active,752,9024
SUB0004492,CUST004492,2023-09-08,2026-09-08,Pending Renewal,840,10080
SUB0004493,CUST004493,2024-06-08,2026-06-08,Active,1196,14352
SUB0004494,CUST004494,2025-11-05,2026-11-05,Active,303,3636
SUB0004495,CUST004495,2025-03-06,2026-03-06,Active,4758,57096
SUB0004496,CUST004496,2023-11-30,2025-11-30,Active,5444,65328
SUB0004497,CUST004497,2025-07-14,2026-07-14,Active,1186,14232
SUB0004498,CUST004498,2023-10-22,2024-10-22,Active,931,11172
SUB0004499,CUST004499,2024-01-22,2027-01-22,Active,1298,15576
SUB0004500,CUST004500,2025-02-02,2027-02-02,Active,2714,32568
SUB0004501,CUST004501,2025-06-25,2028-06-25,Active,909,10908
SUB0004502,CUST004502,2024-04-17,2026-04-17,Active,7271,87252
SUB0004503,CUST004503,2025-12-04,2026-12-04,Active,890,10680
SUB0004504,CUST004504,2024-04-10,2026-04-10,Active,4478,53736
SUB0004505,CUST004505,2025-01-20,2027-01-20,Active,7032,84384
SUB0004506,CUST004506,2025-02-22,2027-02-22,Pending Renewal,6241,74892
SUB0004507,CUST004507,2024-01-09,2027-01-09,Active,1389,16668
SUB0004508,CUST004508,2024-03-03,2026-03-03,Active,1357,16284
SUB0004509,CUST004509,2024-08-19,2025-08-19,Pending Renewal,17677,212124
SUB0004510,CUST004510,2025-05-02,2026-05-02,Active,1335,16020
SUB0004511,CUST004511,2025-01-30,2026-01-30,Active,9290,111480
SUB0004512,CUST004512,2023-11-06,2024-11-06,Active,6883,82596
SUB0004513,CUST004513,2023-07-10,2025-07-10,Active,1300,15600
SUB0004514,CUST004514,2024-07-24,2025-07-24,Active,4301,51612
SUB0004515,CUST004515,2023-08-08,2024-08-08,Active,3296,39552
SUB0004516,CUST004516,2024-07-24,2025-07-24,Active,823,9876
SUB0004517,CUST004517,2024-11-29,2025-11-29,Active,1377,16524
SUB0004518,CUST004518,2024-11-28,2025-11-28,Active,5004,60048
SUB0004519,CUST004519,2025-07-21,2027-07-21,Active,3269,39228
SUB0004520,CUST004520,2023-07-28,2024-07-28,Active,4338,52056
SUB0004521,CUST004521,2024-04-13,2026-04-13,Active,223,2676
SUB0004522,CUST004522,2025-05-30,2027-05-30,Pending Renewal,6093,73116
SUB0004523,CUST004523,2023-12-05,2026-12-05,Pending Renewal,18518,222216
SUB0004524,CUST004524,2023-08-08,2026-08-08,Active,143,1716
SUB0004525,CUST004525,2024-11-23,2026-11-23,Active,3066,36792
SUB0004526,CUST004526,2023-12-29,2026-12-29,Active,5042,60504
SUB0004527,CUST004527,2025-11-10,2027-11-10,Active,20294,243528
SUB0004528,CUST004528,2024-01-31,2025-01-31,Active,815,9780
SUB0004529,CUST004529,2024-09-27,2026-09-27,Active,856,10272
SUB0004530,CUST004530,2024-05-17,2025-05-17,Active,5369,64428
SUB0004531,CUST004531,2024-06-19,2025-06-19,Active,1908,22896
SUB0004532,CUST004532,2025-05-03,2026-05-03,Active,9300,111600
SUB0004533,CUST004533,2024-04-27,2025-04-27,Active,887,10644
SUB0004534,CUST004534,2024-04-15,2026-04-15,Pending Renewal,16722,200664
SUB0004535,CUST004535,2025-01-03,2026-01-03,Active,208,2496
SUB0004536,CUST004536,2025-12-15,2026-12-15,Active,1059,12708
SUB0004537,CUST004537,2023-07-04,2026-07-04,Active,1195,14340
SUB0004538,CUST004538,2025-09-01,2027-09-01,Active,15354,184248
SUB0004539,CUST004539,2024-01-21,2026-01-21,Cancelled,473,5676
SUB0004540,CUST004540,2025-02-04,2027-02-04,Active,1479,17748
SUB0004541,CUST004541,2025-03-28,2028-03-28,Active,7884,94608
SUB0004542,CUST004542,2025-09-28,2028-09-28,Active,6332,75984
SUB0004543,CUST004543,2024-01-16,2026-01-16,Active,1597,19164
SUB0004544,CUST004544,2023-06-27,2026-06-27,Active,540,6480
SUB0004545,CUST004545,2024-12-12,2025-12-12,Active,7456,89472
SUB0004546,CUST004546,2025-12-17,2028-12-17,Active,4982,59784
SUB0004547,CUST004547,2023-07-10,2026-07-10,Active,1171,14052
SUB0004548,CUST004548,2024-07-13,2027-07-13,Cancelled,1567,18804
SUB0004549,CUST004549,2023-12-16,2026-12-16,Active,4446,53352
SUB0004550,CUST004550,2024-02-24,2027-02-24,Active,1814,21768
SUB0004551,CUST004551,2025-02-27,2027-02-27,Active,892,10704
SUB0004552,CUST004552,2025-08-14,2026-08-14,Active,4328,51936
SUB0004553,CUST004553,2025-10-24,2027-10-24,Active,4017,48204
SUB0004554,CUST004554,2025-01-23,2027-01-23,Active,1391,16692
SUB0004555,CUST004555,2025-03-08,2027-03-08,Active,4528,54336
SUB0004556,CUST004556,2024-06-30,2026-06-30,Cancelled,6361,76332
SUB0004557,CUST004557,2025-10-12,2026-10-12,Active,1404,16848
SUB0004558,CUST004558,2025-12-21,2027-12-21,Active,14648,175776
SUB0004559,CUST004559,2025-09-27,2026-09-27,Active,178,2136
SUB0004560,CUST004560,2024-10-19,2026-10-19,Active,6568,78816
SUB0004561,CUST004561,2025-07-19,2026-07-19,Active,12003,144036
SUB0004562,CUST004562,2024-10-09,2027-10-09,Active,572,6864
SUB0004563,CUST004563,2024-09-30,2025-09-30,Active,3084,37008
SUB0004564,CUST004564,2025-05-01,2027-05-01,Active,22186,266232
SUB0004565,CUST004565,2025-06-06,2026-06-06,Cancelled,5698,68376
SUB0004566,CUST004566,2023-08-04,2025-08-04,Active,3833,45996
SUB0004567,CUST004567,2025-02-07,2026-02-07,Active,14917,179004
SUB0004568,CUST004568,2024-02-19,2026-02-19,Active,5035,60420
SUB0004569,CUST004569,2025-11-05,2028-11-05,Active,10902,130824
SUB0004570,CUST004570,2024-12-12,2027-12-12,Active,866,10392
SUB0004571,CUST004571,2023-09-08,2026-09-08,Active,3041,36492
SUB0004572,CUST004572,2025-10-10,2026-10-10,Active,3672,44064
SUB0004573,CUST004573,2024-03-09,2027-03-09,Active,2215,26580
SUB0004574,CUST004574,2024-11-28,2026-11-28,Active,5124,61488
SUB0004575,CUST004575,2024-05-11,2025-05-11,Active,1980,23760
SUB0004576,CUST004576,2024-04-08,2026-04-08,Active,1937,23244
SUB0004577,CUST004577,2024-07-18,2026-07-18,Pending Renewal,3630,43560
SUB0004578,CUST004578,2024-11-09,2025-11-09,Active,1248,14976
SUB0004579,CUST004579,2024-07-22,2026-07-22,Active,1950,23400
SUB0004580,CUST004580,2024-01-28,2027-01-28,Active,837,10044
SUB0004581,CUST004581,2025-08-02,2027-08-02,Pending Renewal,7639,91668
SUB0004582,CUST004582,2023-08-14,2025-08-14,Active,4677,56124
SUB0004583,CUST004583,2024-04-28,2026-04-28,Active,140,1680
SUB0004584,CUST004584,2024-12-05,2026-12-05,Active,331,3972
SUB0004585,CUST004585,2025-10-17,2028-10-17,Active,139,1668
SUB0004586,CUST004586,2025-05-17,2027-05-17,Active,1452,17424
SUB0004587,CUST004587,2025-03-28,2027-03-28,Active,3221,38652
SUB0004588,CUST004588,2025-06-25,2028-06-25,Active,590,7080
SUB0004589,CUST004589,2023-12-24,2026-12-24,Active,17280,207360
SUB0004590,CUST004590,2025-02-08,2028-02-08,Active,1319,15828
SUB0004591,CUST004591,2025-09-08,2027-09-08,Cancelled,4311,51732
SUB0004592,CUST004592,2023-12-08,2026-12-08,Active,3885,46620
SUB0004593,CUST004593,2025-07-07,2027-07-07,Active,1984,23808
SUB0004594,CUST004594,2025-08-30,2028-08-30,Active,15527,186324
SUB0004595,CUST004595,2023-08-21,2026-08-21,Active,1261,15132
SUB0004596,CUST004596,2024-03-31,2027-03-31,Active,1310,15720
SUB0004597,CUST004597,2023-06-29,2024-06-29,Active,22424,269088
SUB0004598,CUST004598,2023-11-25,2025-11-25,Active,1755,21060
SUB0004599,CUST004599,2025-04-09,2026-04-09,Active,129,1548
SUB0004600,CUST004600,2025-05-27,2027-05-27,Active,773,9276
SUB0004601,CUST004601,2023-11-11,2025-11-11,Active,740,8880
SUB0004602,CUST004602,2025-06-19,2026-06-19,Active,1739,20868
SUB0004603,CUST004603,2025-11-12,2028-11-12,Pending Renewal,19347,232164
SUB0004604,CUST004604,2023-12-18,2026-12-18,Active,2490,29880
SUB0004605,CUST004605,2025-08-08,2027-08-08,Cancelled,4960,59520
SUB0004606,CUST004606,2024-12-09,2026-12-09,Active,21556,258672
SUB0004607,CUST004607,2024-12-15,2025-12-15,Cancelled,1417,17004
SUB0004608,CUST004608,2025-06-29,2026-06-29,Active,5544,66528
SUB0004609,CUST004609,2025-08-11,2026-08-11,Active,745,8940
SUB0004610,CUST004610,2024-07-09,2026-07-09,Active,364,4368
SUB0004611,CUST004611,2024-08-06,2026-08-06,Active,1335,16020
SUB0004612,CUST004612,2024-06-09,2026-06-09,Active,1126,13512
SUB0004613,CUST004613,2023-07-07,2025-07-07,Pending Renewal,999,11988
SUB0004614,CUST004614,2025-01-02,2028-01-02,Active,9389,112668
SUB0004615,CUST004615,2023-06-28,2026-06-28,Active,6080,72960
SUB0004616,CUST004616,2025-11-11,2026-11-11,Active,9336,112032
SUB0004617,CUST004617,2024-09-15,2026-09-15,Active,17598,211176
SUB0004618,CUST004618,2024-05-05,2026-05-05,Active,212,2544
SUB0004619,CUST004619,2025-03-05,2028-03-05,Cancelled,1781,21372
SUB0004620,CUST004620,2023-12-21,2024-12-21,Active,18525,222300
SUB0004621,CUST004621,2025-01-16,2026-01-16,Active,7572,90864
SUB0004622,CUST004622,2024-07-19,2027-07-19,Active,7452,89424
SUB0004623,CUST004623,2025-07-26,2027-07-26,Active,1306,15672
SUB0004624,CUST004624,2024-03-15,2026-03-15,Active,6709,80508
SUB0004625,CUST004625,2025-12-06,2026-12-06,Active,1993,23916
SUB0004626,CUST004626,2025-04-07,2026-04-07,Active,2201,26412
SUB0004627,CUST004627,2024-10-24,2026-10-24,Pending Renewal,3233,38796
SUB0004628,CUST004628,2025-09-18,2028-09-18,Active,14832,177984
SUB0004629,CUST004629,2025-04-02,2028-04-02,Active,14741,176892
SUB0004630,CUST004630,2025-09-21,2028-09-21,Active,1734,20808
SUB0004631,CUST004631,2025-05-06,2028-05-06,Cancelled,16801,201612
SUB0004632,CUST004632,2023-11-23,2026-11-23,Active,6290,75480
SUB0004633,CUST004633,2025-06-02,2026-06-02,Active,17546,210552
SUB0004634,CUST004634,2025-10-29,2026-10-29,Active,2947,35364
SUB0004635,CUST004635,2025-06-23,2026-06-23,Active,6336,76032
SUB0004636,CUST004636,2024-09-03,2025-09-03,Active,1413,16956
SUB0004637,CUST004637,2023-12-01,2026-12-01,Active,6125,73500
SUB0004638,CUST004638,2024-09-10,2026-09-10,Active,527,6324
SUB0004639,CUST004639,2024-10-05,2026-10-05,Cancelled,2939,35268
SUB0004640,CUST004640,2025-04-12,2026-04-12,Active,1471,17652
SUB0004641,CUST004641,2023-08-11,2025-08-11,Active,1276,15312
SUB0004642,CUST004642,2025-05-13,2026-05-13,Active,3471,41652
SUB0004643,CUST004643,2025-09-05,2027-09-05,Active,7874,94488
SUB0004644,CUST004644,2025-09-04,2026-09-04,Active,1123,13476
SUB0004645,CUST004645,2025-07-09,2026-07-09,Active,3558,42696
SUB0004646,CUST004646,2025-10-04,2026-10-04,Active,1818,21816
SUB0004647,CUST004647,2023-10-24,2026-10-24,Active,2266,27192
SUB0004648,CUST004648,2023-10-24,2024-10-24,Active,1108,13296
SUB0004649,CUST004649,2025-04-25,2027-04-25,Active,5627,67524
SUB0004650,CUST004650,2024-03-13,2025-03-13,Active,19565,234780
SUB0004651,CUST004651,2025-06-14,2028-06-14,Active,5934,71208
SUB0004652,CUST004652,2023-09-20,2026-09-20,Active,24835,298020
SUB0004653,CUST004653,2023-12-28,2026-12-28,Active,4560,54720
SUB0004654,CUST004654,2025-10-18,2026-10-18,Active,937,11244
SUB0004655,CUST004655,2025-01-06,2026-01-06,Active,819,9828
SUB0004656,CUST004656,2025-01-06,2027-01-06,Pending Renewal,755,9060
SUB0004657,CUST004657,2024-12-29,2027-12-29,Active,2666,31992
SUB0004658,CUST004658,2025-04-29,2026-04-29,Active,7040,84480
SUB0004659,CUST004659,2024-03-01,2026-03-01,Active,7109,85308
SUB0004660,CUST004660,2025-06-05,2026-06-05,Active,3442,41304
SUB0004661,CUST004661,2024-11-14,2026-11-14,Active,5537,66444
SUB0004662,CUST004662,2023-11-28,2026-11-28,Cancelled,1270,15240
SUB0004663,CUST004663,2025-01-20,2026-01-20,Active,6409,76908
SUB0004664,CUST004664,2024-05-18,2026-05-18,Active,1892,22704
SUB0004665,CUST004665,2024-10-03,2026-10-03,Active,24574,294888
SUB0004666,CUST004666,2023-10-07,2026-10-07,Active,22448,269376
SUB0004667,CUST004667,2025-02-13,2028-02-13,Active,4337,52044
SUB0004668,CUST004668,2025-05-17,2026-05-17,Cancelled,5529,66348
SUB0004669,CUST004669,2025-05-05,2027-05-05,Active,1882,22584
SUB0004670,CUST004670,2023-12-27,2026-12-27,Active,4313,51756
SUB0004671,CUST004671,2024-11-06,2027-11-06,Active,19381,232572
SUB0004672,CUST004672,2024-10-28,2027-10-28,Active,18923,227076
SUB0004673,CUST004673,2024-07-28,2026-07-28,Active,918,11016
SUB0004674,CUST004674,2024-12-10,2025-12-10,Active,734,8808
SUB0004675,CUST004675,2024-06-01,2027-06-01,Active,7680,92160
SUB0004676,CUST004676,2025-11-25,2027-11-25,Active,1245,14940
SUB0004677,CUST004677,2024-11-13,2027-11-13,Active,7923,95076
SUB0004678,CUST004678,2024-06-13,2026-06-13,Active,357,4284
SUB0004679,CUST004679,2025-08-26,2027-08-26,Active,1725,20700
SUB0004680,CUST004680,2025-09-11,2028-09-11,Active,1955,23460
SUB0004681,CUST004681,2025-08-23,2027-08-23,Active,1260,15120
SUB0004682,CUST004682,2024-12-23,2027-12-23,Active,1894,22728
SUB0004683,CUST004683,2025-05-24,2026-05-24,Active,6285,75420
SUB0004684,CUST004684,2024-12-03,2027-12-03,Active,768,9216
SUB0004685,CUST004685,2025-09-13,2027-09-13,Active,5639,67668
SUB0004686,CUST004686,2025-02-28,2027-02-28,Active,3239,38868
SUB0004687,CUST004687,2024-04-08,2025-04-08,Active,1085,13020
SUB0004688,CUST004688,2023-11-19,2026-11-19,Active,3163,37956
SUB0004689,CUST004689,2024-04-27,2026-04-27,Active,1462,17544
SUB0004690,CUST004690,2025-04-30,2026-04-30,Active,1781,21372
SUB0004691,CUST004691,2025-02-07,2028-02-07,Active,280,3360
SUB0004692,CUST004692,2024-08-29,2025-08-29,Active,1495,17940
SUB0004693,CUST004693,2024-05-10,2027-05-10,Active,1014,12168
SUB0004694,CUST004694,2023-11-14,2025-11-14,Active,613,7356
SUB0004695,CUST004695,2023-07-31,2024-07-31,Active,10999,131988
SUB0004696,CUST004696,2024-09-09,2025-09-09,Active,1021,12252
SUB0004697,CUST004697,2024-03-09,2027-03-09,Active,7945,95340
SUB0004698,CUST004698,2023-06-25,2026-06-25,Pending Renewal,7645,91740
SUB0004699,CUST004699,2024-02-25,2025-02-25,Active,1526,18312
SUB0004700,CUST004700,2024-11-20,2027-11-20,Active,449,5388
SUB0004701,CUST004701,2025-03-17,2027-03-17,Pending Renewal,1934,23208
SUB0004702,CUST004702,2024-01-17,2027-01-17,Active,17579,210948
SUB0004703,CUST004703,2024-10-03,2025-10-03,Active,1665,19980
SUB0004704,CUST004704,2025-02-25,2027-02-25,Active,6758,81096
SUB0004705,CUST004705,2025-08-07,2027-08-07,Active,709,8508
SUB0004706,CUST004706,2025-09-15,2027-09-15,Active,767,9204
SUB0004707,CUST004707,2025-01-21,2027-01-21,Active,798,9576
SUB0004708,CUST004708,2024-09-10,2027-09-10,Active,1716,20592
SUB0004709,CUST004709,2023-12-07,2025-12-07,Active,2186,26232
SUB0004710,CUST004710,2025-02-15,2028-02-15,Active,918,11016
SUB0004711,CUST004711,2025-06-09,2027-06-09,Active,15746,188952
SUB0004712,CUST004712,2025-08-01,2027-08-01,Active,15115,181380
SUB0004713,CUST004713,2025-04-02,2027-04-02,Active,1598,19176
SUB0004714,CUST004714,2025-06-25,2027-06-25,Pending Renewal,644,7728
SUB0004715,CUST004715,2024-11-21,2027-11-21,Active,24669,296028
SUB0004716,CUST004716,2024-10-12,2027-10-12,Active,1638,19656
SUB0004717,CUST004717,2023-08-02,2025-08-02,Cancelled,4474,53688
SUB0004718,CUST004718,2024-05-05,2025-05-05,Active,1163,13956
SUB0004719,CUST004719,2025-12-15,2026-12-15,Active,2830,33960
SUB0004720,CUST004720,2023-12-11,2024-12-11,Active,1329,15948
SUB0004721,CUST004721,2023-12-31,2026-12-31,Active,9209,110508
SUB0004722,CUST004722,2025-04-14,2027-04-14,Cancelled,1981,23772
SUB0004723,CUST004723,2024-10-25,2026-10-25,Active,6260,75120
SUB0004724,CUST004724,2024-02-14,2027-02-14,Active,6118,73416
SUB0004725,CUST004725,2024-06-15,2026-06-15,Active,514,6168
SUB0004726,CUST004726,2023-08-26,2026-08-26,Active,126,1512
SUB0004727,CUST004727,2024-04-13,2027-04-13,Active,1743,20916
SUB0004728,CUST004728,2024-06-30,2026-06-30,Pending Renewal,1750,21000
SUB0004729,CUST004729,2025-01-01,2027-01-01,Active,1224,14688
SUB0004730,CUST004730,2024-01-24,2027-01-24,Active,12265,147180
SUB0004731,CUST004731,2025-12-03,2027-12-03,Active,1205,14460
SUB0004732,CUST004732,2024-05-11,2026-05-11,Pending Renewal,939,11268
SUB0004733,CUST004733,2025-06-08,2028-06-08,Cancelled,1470,17640
SUB0004734,CUST004734,2025-03-13,2026-03-13,Pending Renewal,11016,132192
SUB0004735,CUST004735,2025-06-13,2026-06-13,Active,7883,94596
SUB0004736,CUST004736,2024-12-13,2027-12-13,Active,434,5208
SUB0004737,CUST004737,2025-05-15,2026-05-15,Active,827,9924
SUB0004738,CUST004738,2025-08-14,2027-08-14,Active,1135,13620
SUB0004739,CUST004739,2024-06-01,2026-06-01,Active,1068,12816
SUB0004740,CUST004740,2024-11-24,2027-11-24,Active,1692,20304
SUB0004741,CUST004741,2025-09-24,2027-09-24,Active,1509,18108
SUB0004742,CUST004742,2023-10-29,2026-10-29,Active,1168,14016
SUB0004743,CUST004743,2025-01-18,2028-01-18,Active,6689,80268
SUB0004744,CUST004744,2023-08-11,2025-08-11,Active,2260,27120
SUB0004745,CUST004745,2025-10-17,2027-10-17,Active,3041,36492
SUB0004746,CUST004746,2024-12-24,2025-12-24,Active,1130,13560
SUB0004747,CUST004747,2024-08-14,2025-08-14,Active,601,7212
SUB0004748,CUST004748,2024-12-27,2027-12-27,Active,6075,72900
SUB0004749,CUST004749,2025-03-15,2026-03-15,Active,9195,110340
SUB0004750,CUST004750,2023-09-30,2024-09-30,Active,13852,166224
SUB0004751,CUST004751,2024-09-12,2027-09-12,Active,17384,208608
SUB0004752,CUST004752,2024-09-19,2026-09-19,Active,3885,46620
SUB0004753,CUST004753,2023-11-12,2024-11-12,Active,7147,85764
SUB0004754,CUST004754,2023-12-17,2024-12-17,Active,1856,22272
SUB0004755,CUST004755,2025-03-03,2027-03-03,Pending Renewal,7453,89436
SUB0004756,CUST004756,2023-12-15,2025-12-15,Active,1886,22632
SUB0004757,CUST004757,2023-10-20,2026-10-20,Active,696,8352
SUB0004758,CUST004758,2024-11-13,2025-11-13,Active,1836,22032
SUB0004759,CUST004759,2023-09-30,2024-09-30,Pending Renewal,1298,15576
SUB0004760,CUST004760,2024-10-12,2025-10-12,Active,434,5208
SUB0004761,CUST004761,2023-08-21,2025-08-21,Active,2379,28548
SUB0004762,CUST004762,2024-07-17,2025-07-17,Active,1972,23664
SUB0004763,CUST004763,2024-05-11,2026-05-11,Active,6055,72660
SUB0004764,CUST004764,2025-09-19,2026-09-19,Active,6368,76416
SUB0004765,CUST004765,2024-04-21,2025-04-21,Active,1768,21216
SUB0004766,CUST004766,2024-02-24,2026-02-24,Active,3566,42792
SUB0004767,CUST004767,2023-07-29,2026-07-29,Cancelled,552,6624
SUB0004768,CUST004768,2024-11-13,2027-11-13,Active,319,3828
SUB0004769,CUST004769,2025-01-17,2028-01-17,Pending Renewal,15120,181440
SUB0004770,CUST004770,2025-01-04,2026-01-04,Active,1801,21612
SUB0004771,CUST004771,2024-08-28,2025-08-28,Active,15468,185616
SUB0004772,CUST004772,2023-08-25,2024-08-25,Active,852,10224
SUB0004773,CUST004773,2023-11-14,2026-11-14,Active,4589,55068
SUB0004774,CUST004774,2025-12-14,2027-12-14,Active,1891,22692
SUB0004775,CUST004775,2025-02-03,2027-02-03,Pending Renewal,1560,18720
SUB0004776,CUST004776,2023-07-11,2025-07-11,Active,1472,17664
SUB0004777,CUST004777,2024-12-08,2026-12-08,Active,14672,176064
SUB0004778,CUST004778,2023-12-12,2025-12-12,Active,1197,14364
SUB0004779,CUST004779,2025-02-13,2027-02-13,Active,604,7248
SUB0004780,CUST004780,2024-09-07,2027-09-07,Active,1006,12072
SUB0004781,CUST004781,2024-10-27,2026-10-27,Active,6217,74604
SUB0004782,CUST004782,2024-11-28,2025-11-28,Active,160,1920
SUB0004783,CUST004783,2023-08-04,2024-08-04,Active,1815,21780
SUB0004784,CUST004784,2024-07-29,2025-07-29,Active,262,3144
SUB0004785,CUST004785,2025-04-05,2027-04-05,Active,19240,230880
SUB0004786,CUST004786,2024-08-01,2027-08-01,Active,4292,51504
SUB0004787,CUST004787,2024-09-06,2026-09-06,Active,642,7704
SUB0004788,CUST004788,2024-06-26,2027-06-26,Active,1413,16956
SUB0004789,CUST004789,2023-10-27,2024-10-27,Pending Renewal,1046,12552
SUB0004790,CUST004790,2024-01-03,2025-01-03,Cancelled,15911,190932
SUB0004791,CUST004791,2023-11-09,2025-11-09,Active,12948,155376
SUB0004792,CUST004792,2024-07-29,2026-07-29,Pending Renewal,22761,273132
SUB0004793,CUST004793,2025-08-12,2027-08-12,Active,1570,18840
SUB0004794,CUST004794,2025-01-04,2028-01-04,Active,721,8652
SUB0004795,CUST004795,2024-06-09,2027-06-09,Pending Renewal,8048,96576
SUB0004796,CUST004796,2024-11-08,2027-11-08,Active,5418,65016
SUB0004797,CUST004797,2023-12-13,2026-12-13,Active,1350,16200
SUB0004798,CUST004798,2024-04-28,2025-04-28,Active,4200,50400
SUB0004799,CUST004799,2024-10-28,2027-10-28,Active,1392,16704
SUB0004800,CUST004800,2024-05-17,2025-05-17,Active,445,5340
SUB0004801,CUST004801,2025-12-24,2028-12-24,Active,20933,251196
SUB0004802,CUST004802,2024-04-24,2027-04-24,Cancelled,626,7512
SUB0004803,CUST004803,2025-07-21,2026-07-21,Active,7917,95004
SUB0004804,CUST004804,2024-06-20,2027-06-20,Pending Renewal,139,1668
SUB0004805,CUST004805,2025-06-06,2027-06-06,Active,23485,281820
SUB0004806,CUST004806,2024-08-28,2026-08-28,Active,433,5196
SUB0004807,CUST004807,2023-08-14,2025-08-14,Active,596,7152
SUB0004808,CUST004808,2024-04-19,2026-04-19,Active,809,9708
SUB0004809,CUST004809,2025-01-14,2026-01-14,Active,1221,14652
SUB0004810,CUST004810,2024-02-07,2027-02-07,Pending Renewal,7935,95220
SUB0004811,CUST004811,2025-05-08,2026-05-08,Active,371,4452
SUB0004812,CUST004812,2025-02-09,2028-02-09,Active,19100,229200
SUB0004813,CUST004813,2025-08-13,2026-08-13,Active,12895,154740
SUB0004814,CUST004814,2025-05-02,2028-05-02,Active,6899,82788
SUB0004815,CUST004815,2023-11-26,2026-11-26,Active,6947,83364
SUB0004816,CUST004816,2024-10-17,2027-10-17,Active,5530,66360
SUB0004817,CUST004817,2024-05-25,2027-05-25,Active,7430,89160
SUB0004818,CUST004818,2025-08-28,2026-08-28,Active,689,8268
SUB0004819,CUST004819,2023-09-29,2025-09-29,Pending Renewal,10689,128268
SUB0004820,CUST004820,2025-06-15,2026-06-15,Pending Renewal,9572,114864
SUB0004821,CUST004821,2023-08-29,2026-08-29,Active,431,5172
SUB0004822,CUST004822,2024-08-13,2026-08-13,Active,1074,12888
SUB0004823,CUST004823,2023-09-06,2024-09-06,Pending Renewal,22615,271380
SUB0004824,CUST004824,2025-10-06,2026-10-06,Active,6946,83352
SUB0004825,CUST004825,2024-07-07,2025-07-07,Active,3418,41016
SUB0004826,CUST004826,2024-07-04,2026-07-04,Active,3384,40608
SUB0004827,CUST004827,2025-12-16,2028-12-16,Active,532,6384
SUB0004828,CUST004828,2025-09-03,2027-09-03,Active,911,10932
SUB0004829,CUST004829,2024-07-18,2027-07-18,Pending Renewal,1222,14664
SUB0004830,CUST004830,2024-01-04,2027-01-04,Pending Renewal,794,9528
SUB0004831,CUST004831,2024-06-17,2026-06-17,Active,2969,35628
SUB0004832,CUST004832,2024-06-29,2027-06-29,Active,1903,22836
SUB0004833,CUST004833,2024-02-04,2026-02-04,Active,1045,12540
SUB0004834,CUST004834,2024-04-20,2025-04-20,Active,5443,65316
SUB0004835,CUST004835,2024-07-31,2026-07-31,Active,6966,83592
SUB0004836,CUST004836,2024-12-26,2027-12-26,Active,1634,19608
SUB0004837,CUST004837,2025-01-21,2027-01-21,Active,2374,28488
SUB0004838,CUST004838,2024-06-07,2027-06-07,Pending Renewal,13038,156456
SUB0004839,CUST004839,2025-03-10,2028-03-10,Active,176,2112
SUB0004840,CUST004840,2024-03-24,2025-03-24,Active,4116,49392
SUB0004841,CUST004841,2025-04-28,2028-04-28,Active,23738,284856
SUB0004842,CUST004842,2023-10-02,2026-10-02,Active,2273,27276
SUB0004843,CUST004843,2025-03-11,2026-03-11,Active,21473,257676
SUB0004844,CUST004844,2025-11-28,2027-11-28,Pending Renewal,278,3336
SUB0004845,CUST004845,2025-06-07,2026-06-07,Active,295,3540
SUB0004846,CUST004846,2023-07-02,2025-07-02,Active,7636,91632
SUB0004847,CUST004847,2024-07-13,2025-07-13,Active,4532,54384
SUB0004848,CUST004848,2024-07-26,2027-07-26,Active,1645,19740
SUB0004849,CUST004849,2025-05-16,2027-05-16,Active,1866,22392
SUB0004850,CUST004850,2024-03-20,2026-03-20,Active,4389,52668
SUB0004851,CUST004851,2025-04-29,2026-04-29,Active,2610,31320
SUB0004852,CUST004852,2025-02-18,2028-02-18,Active,681,8172
SUB0004853,CUST004853,2025-07-06,2027-07-06,Pending Renewal,1365,16380
SUB0004854,CUST004854,2024-08-27,2027-08-27,Active,5305,63660
SUB0004855,CUST004855,2024-11-26,2027-11-26,Active,10241,122892
SUB0004856,CUST004856,2024-12-27,2025-12-27,Active,1447,17364
SUB0004857,CUST004857,2024-08-04,2027-08-04,Active,5332,63984
SUB0004858,CUST004858,2024-06-21,2026-06-21,Active,5800,69600
SUB0004859,CUST004859,2025-05-15,2027-05-15,Active,17688,212256
SUB0004860,CUST004860,2023-12-10,2024-12-10,Active,6521,78252
SUB0004861,CUST004861,2024-12-03,2025-12-03,Active,1684,20208
SUB0004862,CUST004862,2025-06-08,2026-06-08,Active,1227,14724
SUB0004863,CUST004863,2024-10-19,2026-10-19,Active,719,8628
SUB0004864,CUST004864,2023-11-28,2026-11-28,Active,17559,210708
SUB0004865,CUST004865,2023-11-30,2025-11-30,Active,23841,286092
SUB0004866,CUST004866,2025-05-28,2028-05-28,Cancelled,1921,23052
SUB0004867,CUST004867,2024-09-11,2025-09-11,Cancelled,394,4728
SUB0004868,CUST004868,2024-06-16,2025-06-16,Active,5038,60456
SUB0004869,CUST004869,2025-01-31,2028-01-31,Active,120,1440
SUB0004870,CUST004870,2024-12-06,2026-12-06,Active,3878,46536
SUB0004871,CUST004871,2023-09-17,2026-09-17,Active,1343,16116
SUB0004872,CUST004872,2025-04-23,2026-04-23,Active,1418,17016
SUB0004873,CUST004873,2023-12-16,2025-12-16,Active,1568,18816
SUB0004874,CUST004874,2025-04-29,2028-04-29,Active,15777,189324
SUB0004875,CUST004875,2024-10-15,2026-10-15,Active,1539,18468
SUB0004876,CUST004876,2024-02-12,2026-02-12,Active,1952,23424
SUB0004877,CUST004877,2024-08-24,2027-08-24,Active,6191,74292
SUB0004878,CUST004878,2025-02-19,2026-02-19,Cancelled,6223,74676
SUB0004879,CUST004879,2024-09-19,2027-09-19,Active,1718,20616
SUB0004880,CUST004880,2025-01-13,2028-01-13,Active,5230,62760
SUB0004881,CUST004881,2025-11-25,2027-11-25,Pending Renewal,1391,16692
SUB0004882,CUST004882,2025-08-03,2026-08-03,Active,479,5748
SUB0004883,CUST004883,2025-06-20,2026-06-20,Active,592,7104
SUB0004884,CUST004884,2023-12-02,2024-12-02,Active,7328,87936
SUB0004885,CUST004885,2024-03-31,2027-03-31,Active,5494,65928
SUB0004886,CUST004886,2024-01-31,2027-01-31,Active,2337,28044
SUB0004887,CUST004887,2024-09-16,2026-09-16,Active,4133,49596
SUB0004888,CUST004888,2025-01-13,2028-01-13,Active,1349,16188
SUB0004889,CUST004889,2023-10-23,2024-10-23,Active,594,7128
SUB0004890,CUST004890,2024-10-24,2026-10-24,Active,1069,12828
SUB0004891,CUST004891,2025-09-08,2026-09-08,Active,5362,64344
SUB0004892,CUST004892,2025-12-13,2027-12-13,Active,1356,16272
SUB0004893,CUST004893,2023-08-23,2025-08-23,Active,7160,85920
SUB0004894,CUST004894,2023-11-22,2025-11-22,Active,1164,13968
SUB0004895,CUST004895,2025-12-09,2026-12-09,Active,1613,19356
SUB0004896,CUST004896,2023-07-24,2024-07-24,Active,1626,19512
SUB0004897,CUST004897,2023-11-07,2026-11-07,Active,16778,201336
SUB0004898,CUST004898,2024-06-06,2027-06-06,Cancelled,896,10752
SUB0004899,CUST004899,2024-12-15,2027-12-15,Active,5196,62352
SUB0004900,CUST004900,2024-02-05,2026-02-05,Cancelled,4064,48768
SUB0004901,CUST004901,2025-03-08,2026-03-08,Active,723,8676
SUB0004902,CUST004902,2025-01-27,2026-01-27,Active,5531,66372
SUB0004903,CUST004903,2024-07-25,2026-07-25,Active,1115,13380
SUB0004904,CUST004904,2024-04-23,2027-04-23,Active,1612,19344
SUB0004905,CUST004905,2023-10-23,2025-10-23,Active,346,4152
SUB0004906,CUST004906,2024-10-06,2025-10-06,Active,1719,20628
SUB0004907,CUST004907,2023-08-28,2025-08-28,Active,699,8388
SUB0004908,CUST004908,2024-10-24,2027-10-24,Pending Renewal,1907,22884
SUB0004909,CUST004909,2024-12-14,2025-12-14,Active,3904,46848
SUB0004910,CUST004910,2024-11-15,2025-11-15,Active,926,11112
SUB0004911,CUST004911,2024-07-03,2027-07-03,Active,914,10968
SUB0004912,CUST004912,2025-10-03,2028-10-03,Active,7222,86664
SUB0004913,CUST004913,2024-04-23,2025-04-23,Active,23819,285828
SUB0004914,CUST004914,2025-04-07,2027-04-07,Active,4485,53820
SUB0004915,CUST004915,2025-10-26,2027-10-26,Pending Renewal,1601,19212
SUB0004916,CUST004916,2024-07-07,2025-07-07,Active,4697,56364
SUB0004917,CUST004917,2023-09-17,2024-09-17,Active,2870,34440
SUB0004918,CUST004918,2023-11-24,2026-11-24,Pending Renewal,1095,13140
SUB0004919,CUST004919,2023-10-09,2024-10-09,Active,2053,24636
SUB0004920,CUST004920,2025-08-06,2028-08-06,Active,1314,15768
SUB0004921,CUST004921,2025-09-04,2028-09-04,Pending Renewal,13027,156324
SUB0004922,CUST004922,2023-08-26,2026-08-26,Active,1219,14628
SUB0004923,CUST004923,2025-11-18,2028-11-18,Active,409,4908
SUB0004924,CUST004924,2024-06-27,2026-06-27,Active,4571,54852
SUB0004925,CUST004925,2024-04-12,2025-04-12,Active,1217,14604
SUB0004926,CUST004926,2023-12-23,2025-12-23,Active,3149,37788
SUB0004927,CUST004927,2024-12-22,2026-12-22,Active,4892,58704
SUB0004928,CUST004928,2024-03-06,2025-03-06,Active,877,10524
SUB0004929,CUST004929,2024-09-19,2027-09-19,Pending Renewal,1337,16044
SUB0004930,CUST004930,2024-01-25,2026-01-25,Cancelled,365,4380
SUB0004931,CUST004931,2025-02-25,2028-02-25,Active,1594,19128
SUB0004932,CUST004932,2024-07-10,2026-07-10,Active,6577,78924
SUB0004933,CUST004933,2025-09-03,2026-09-03,Active,6269,75228
SUB0004934,CUST004934,2024-04-04,2026-04-04,Active,3398,40776
SUB0004935,CUST004935,2025-11-13,2026-11-13,Active,5098,61176
SUB0004936,CUST004936,2023-10-10,2025-10-10,Pending Renewal,280,3360
SUB0004937,CUST004937,2023-09-27,2024-09-27,Active,17005,204060
SUB0004938,CUST004938,2023-09-15,2024-09-15,Pending Renewal,1184,14208
SUB0004939,CUST004939,2024-06-12,2025-06-12,Active,2572,30864
SUB0004940,CUST004940,2025-06-19,2028-06-19,Active,16471,197652
SUB0004941,CUST004941,2025-03-08,2026-03-08,Active,1600,19200
SUB0004942,CUST004942,2024-07-16,2025-07-16,Active,1030,12360
SUB0004943,CUST004943,2025-12-07,2028-12-07,Pending Renewal,4915,58980
SUB0004944,CUST004944,2023-10-06,2024-10-06,Active,6344,76128
SUB0004945,CUST004945,2024-09-25,2025-09-25,Active,326,3912
SUB0004946,CUST004946,2025-05-18,2027-05-18,Active,3842,46104
SUB0004947,CUST004947,2025-09-05,2026-09-05,Active,12091,145092
SUB0004948,CUST004948,2024-07-15,2025-07-15,Active,1397,16764
SUB0004949,CUST004949,2024-10-22,2025-10-22,Pending Renewal,5881,70572
SUB0004950,CUST004950,2025-03-18,2028-03-18,Active,1996,23952
SUB0004951,CUST004951,2025-03-02,2027-03-02,Pending Renewal,16761,201132
SUB0004952,CUST004952,2024-04-21,2027-04-21,Active,791,9492
SUB0004953,CUST004953,2024-06-28,2026-06-28,Active,494,5928
SUB0004954,CUST004954,2025-10-21,2028-10-21,Active,162,1944
SUB0004955,CUST004955,2024-12-30,2027-12-30,Active,7466,89592
SUB0004956,CUST004956,2023-07-22,2025-07-22,Active,4902,58824
SUB0004957,CUST004957,2025-02-27,2028-02-27,Pending Renewal,4147,49764
SUB0004958,CUST004958,2024-11-15,2027-11-15,Active,239,2868
SUB0004959,CUST004959,2025-06-01,2026-06-01,Active,13260,159120
SUB0004960,CUST004960,2024-08-12,2025-08-12,Active,1793,21516
SUB0004961,CUST004961,2024-01-22,2026-01-22,Active,1658,19896
SUB0004962,CUST004962,2025-08-06,2027-08-06,Active,1409,16908
SUB0004963,CUST004963,2025-07-18,2026-07-18,Active,443,5316
SUB0004964,CUST004964,2025-11-21,2026-11-21,Active,8714,104568
SUB0004965,CUST004965,2024-12-04,2026-12-04,Active,1739,20868
SUB0004966,CUST004966,2024-01-05,2026-01-05,Active,9164,109968
SUB0004967,CUST004967,2025-05-09,2028-05-09,Active,1546,18552
SUB0004968,CUST004968,2024-05-09,2025-05-09,Active,1710,20520
SUB0004969,CUST004969,2024-03-20,2025-03-20,Active,7857,94284
SUB0004970,CUST004970,2024-10-25,2027-10-25,Cancelled,562,6744
SUB0004971,CUST004971,2024-09-02,2025-09-02,Pending Renewal,1328,15936
SUB0004972,CUST004972,2025-08-12,2026-08-12,Active,674,8088
SUB0004973,CUST004973,2024-05-12,2025-05-12,Active,20407,244884
SUB0004974,CUST004974,2024-12-06,2026-12-06,Active,6259,75108
SUB0004975,CUST004975,2024-09-10,2026-09-10,Active,5717,68604
SUB0004976,CUST004976,2025-01-19,2026-01-19,Active,6135,73620
SUB0004977,CUST004977,2023-10-05,2024-10-05,Active,3573,42876
SUB0004978,CUST004978,2024-10-11,2025-10-11,Active,6625,79500
SUB0004979,CUST004979,2025-07-23,2026-07-23,Active,1912,22944
SUB0004980,CUST004980,2024-10-27,2025-10-27,Active,1414,16968
SUB0004981,CUST004981,2023-12-02,2025-12-02,Active,1741,20892
SUB0004982,CUST004982,2025-11-04,2027-11-04,Active,1654,19848
SUB0004983,CUST004983,2025-01-19,2027-01-19,Active,1194,14328
SUB0004984,CUST004984,2025-09-29,2027-09-29,Pending Renewal,1556,18672
SUB0004985,CUST004985,2025-04-07,2027-04-07,Active,7782,93384
SUB0004986,CUST004986,2025-08-26,2026-08-26,Active,3553,42636
SUB0004987,CUST004987,2025-12-24,2027-12-24,Active,6811,81732
SUB0004988,CUST004988,2025-03-18,2027-03-18,Active,12502,150024
SUB0004989,CUST004989,2025-05-07,2027-05-07,Active,5953,71436
SUB0004990,CUST004990,2025-12-13,2027-12-13,Active,4879,58548
SUB0004991,CUST004991,2025-10-11,2028-10-11,Active,5385,64620
SUB0004992,CUST004992,2024-05-20,2025-05-20,Active,963,11556
SUB0004993,CUST004993,2024-02-07,2027-02-07,Cancelled,3197,38364
SUB0004994,CUST004994,2025-06-28,2027-06-28,Active,1242,14904
SUB0004995,CUST004995,2023-09-27,2026-09-27,Active,2935,35220
SUB0004996,CUST004996,2024-07-04,2027-07-04,Active,669,8028
SUB0004997,CUST004997,2024-07-13,2026-07-13,Active,20604,247248
SUB0004998,CUST004998,2023-09-16,2025-09-16,Active,2370,28440
SUB0004999,CUST004999,2024-07-05,2027-07-05,Active,7303,87636
SUB0005000,CUST005000,2023-08-03,2025-08-03,Active,12438,149256
SUB0005001,CUST005001,2023-11-08,2026-11-08,Active,1278,15336
SUB0005002,CUST005002,2024-07-20,2026-07-20,Pending Renewal,6009,72108
SUB0005003,CUST005003,2024-11-21,2027-11-21,Cancelled,23400,280800
SUB0005004,CUST005004,2025-12-23,2028-12-23,Active,5196,62352
SUB0005005,CUST005005,2024-01-23,2027-01-23,Active,3746,44952
SUB0005006,CUST005006,2023-07-31,2025-07-31,Pending Renewal,782,9384
SUB0005007,CUST005007,2023-09-13,2024-09-13,Cancelled,1250,15000
SUB0005008,CUST005008,2025-05-27,2026-05-27,Active,5379,64548
SUB0005009,CUST005009,2024-07-14,2026-07-14,Active,2007,24084
SUB0005010,CUST005010,2025-02-03,2027-02-03,Active,281,3372
SUB0005011,CUST005011,2025-04-15,2026-04-15,Active,2728,32736
SUB0005012,CUST005012,2024-11-26,2025-11-26,Active,1144,13728
SUB0005013,CUST005013,2025-10-25,2026-10-25,Active,16894,202728
SUB0005014,CUST005014,2025-07-19,2026-07-19,Active,2679,32148
SUB0005015,CUST005015,2024-11-11,2027-11-11,Active,1103,13236
SUB0005016,CUST005016,2024-05-21,2026-05-21,Pending Renewal,7528,90336
SUB0005017,CUST005017,2025-12-01,2027-12-01,Active,1384,16608
SUB0005018,CUST005018,2024-06-02,2027-06-02,Active,2276,27312
SUB0005019,CUST005019,2025-01-14,2026-01-14,Active,7755,93060
SUB0005020,CUST005020,2023-09-18,2024-09-18,Active,3253,39036
SUB0005021,CUST005021,2025-08-16,2028-08-16,Active,1084,13008
SUB0005022,CUST005022,2023-10-09,2024-10-09,Active,1300,15600
SUB0005023,CUST005023,2023-07-14,2026-07-14,Active,485,5820
SUB0005024,CUST005024,2025-09-16,2027-09-16,Pending Renewal,7706,92472
SUB0005025,CUST005025,2025-04-20,2026-04-20,Active,20496,245952
SUB0005026,CUST005026,2023-08-18,2024-08-18,Active,2575,30900
SUB0005027,CUST005027,2024-12-24,2026-12-24,Active,549,6588
SUB0005028,CUST005028,2025-07-17,2026-07-17,Active,1996,23952
SUB0005029,CUST005029,2023-09-25,2024-09-25,Active,7607,91284
SUB0005030,CUST005030,2024-05-05,2025-05-05,Active,8031,96372
SUB0005031,CUST005031,2025-11-04,2028-11-04,Active,347,4164
SUB0005032,CUST005032,2024-09-18,2027-09-18,Pending Renewal,4366,52392
SUB0005033,CUST005033,2025-05-22,2028-05-22,Active,4399,52788
SUB0005034,CUST005034,2025-03-05,2026-03-05,Active,1168,14016
SUB0005035,CUST005035,2025-06-23,2026-06-23,Active,499,5988
SUB0005036,CUST005036,2025-02-21,2028-02-21,Active,1122,13464
SUB0005037,CUST005037,2023-10-27,2025-10-27,Active,1496,17952
SUB0005038,CUST005038,2025-03-04,2028-03-04,Pending Renewal,999,11988
SUB0005039,CUST005039,2023-08-26,2026-08-26,Active,5442,65304
SUB0005040,CUST005040,2024-12-26,2026-12-26,Active,8046,96552
SUB0005041,CUST005041,2025-07-14,2027-07-14,Active,599,7188
SUB0005042,CUST005042,2025-12-07,2027-12-07,Active,1540,18480
SUB0005043,CUST005043,2025-10-10,2028-10-10,Cancelled,1376,16512
SUB0005044,CUST005044,2024-10-28,2025-10-28,Active,7255,87060
SUB0005045,CUST005045,2025-09-19,2026-09-19,Active,1003,12036
SUB0005046,CUST005046,2024-11-17,2025-11-17,Active,6404,76848
SUB0005047,CUST005047,2024-01-26,2025-01-26,Active,1084,13008
SUB0005048,CUST005048,2024-11-13,2026-11-13,Cancelled,17358,208296
SUB0005049,CUST005049,2024-03-08,2026-03-08,Active,6463,77556
SUB0005050,CUST005050,2023-12-07,2024-12-07,Pending Renewal,637,7644
SUB0005051,CUST005051,2024-09-14,2025-09-14,Active,1873,22476
SUB0005052,CUST005052,2025-01-17,2026-01-17,Active,6083,72996
SUB0005053,CUST005053,2025-07-24,2028-07-24,Active,1013,12156
SUB0005054,CUST005054,2023-11-23,2025-11-23,Active,1267,15204
SUB0005055,CUST005055,2023-11-27,2024-11-27,Active,7891,94692
SUB0005056,CUST005056,2024-03-07,2026-03-07,Active,1228,14736
SUB0005057,CUST005057,2024-09-20,2026-09-20,Pending Renewal,3019,36228
SUB0005058,CUST005058,2023-09-21,2024-09-21,Pending Renewal,3861,46332
SUB0005059,CUST005059,2024-12-04,2026-12-04,Active,1847,22164
SUB0005060,CUST005060,2025-12-23,2027-12-23,Active,5697,68364
SUB0005061,CUST005061,2025-01-01,2026-01-01,Active,7007,84084
SUB0005062,CUST005062,2025-07-01,2027-07-01,Active,7772,93264
SUB0005063,CUST005063,2024-11-17,2027-11-17,Active,3323,39876
SUB0005064,CUST005064,2025-12-14,2027-12-14,Active,746,8952
SUB0005065,CUST005065,2024-12-28,2025-12-28,Active,1658,19896
SUB0005066,CUST005066,2024-04-11,2027-04-11,Active,1879,22548
SUB0005067,CUST005067,2025-12-13,2028-12-13,Active,2715,32580
SUB0005068,CUST005068,2023-12-24,2024-12-24,Active,1352,16224
SUB0005069,CUST005069,2025-08-05,2027-08-05,Active,2525,30300
SUB0005070,CUST005070,2025-01-31,2028-01-31,Active,3431,41172
SUB0005071,CUST005071,2025-01-08,2027-01-08,Active,1861,22332
SUB0005072,CUST005072,2025-06-16,2028-06-16,Active,6558,78696
SUB0005073,CUST005073,2023-10-26,2026-10-26,Active,14275,171300
SUB0005074,CUST005074,2023-10-03,2026-10-03,Active,1657,19884
SUB0005075,CUST005075,2023-09-19,2026-09-19,Active,24610,295320
SUB0005076,CUST005076,2025-07-29,2028-07-29,Active,6429,77148
SUB0005077,CUST005077,2025-11-22,2026-11-22,Active,19380,232560
SUB0005078,CUST005078,2024-03-12,2026-03-12,Active,14472,173664
SUB0005079,CUST005079,2023-12-11,2025-12-11,Active,4320,51840
SUB0005080,CUST005080,2025-06-13,2027-06-13,Active,7344,88128
SUB0005081,CUST005081,2025-05-01,2027-05-01,Active,18525,222300
SUB0005082,CUST005082,2025-08-26,2027-08-26,Active,15988,191856
SUB0005083,CUST005083,2023-09-07,2025-09-07,Active,1800,21600
SUB0005084,CUST005084,2025-11-15,2028-11-15,Active,1364,16368
SUB0005085,CUST005085,2025-11-09,2026-11-09,Active,239,2868
SUB0005086,CUST005086,2025-01-26,2028-01-26,Pending Renewal,1044,12528
SUB0005087,CUST005087,2025-01-01,2027-01-01,Active,626,7512
SUB0005088,CUST005088,2024-10-06,2027-10-06,Pending Renewal,6765,81180
SUB0005089,CUST005089,2024-08-04,2027-08-04,Active,3857,46284
SUB0005090,CUST005090,2024-12-07,2025-12-07,Active,1964,23568
SUB0005091,CUST005091,2024-01-10,2026-01-10,Active,4263,51156
SUB0005092,CUST005092,2024-01-09,2027-01-09,Pending Renewal,1476,17712
SUB0005093,CUST005093,2023-08-29,2025-08-29,Active,3864,46368
SUB0005094,CUST005094,2024-06-18,2026-06-18,Active,4918,59016
SUB0005095,CUST005095,2023-12-05,2026-12-05,Active,6732,80784
SUB0005096,CUST005096,2025-02-22,2028-02-22,Active,7084,85008
SUB0005097,CUST005097,2025-07-02,2028-07-02,Active,5936,71232
SUB0005098,CUST005098,2024-09-15,2027-09-15,Active,8800,105600
SUB0005099,CUST005099,2025-03-04,2026-03-04,Active,16326,195912
SUB0005100,CUST005100,2024-08-25,2027-08-25,Active,6361,76332
SUB0005101,CUST005101,2024-10-08,2026-10-08,Active,413,4956
SUB0005102,CUST005102,2023-09-11,2025-09-11,Active,4621,55452
SUB0005103,CUST005103,2024-12-13,2027-12-13,Active,1648,19776
SUB0005104,CUST005104,2024-06-30,2026-06-30,Pending Renewal,841,10092
SUB0005105,CUST005105,2025-09-16,2026-09-16,Active,764,9168
SUB0005106,CUST005106,2023-11-16,2025-11-16,Active,133,1596
SUB0005107,CUST005107,2025-07-18,2027-07-18,Active,283,3396
SUB0005108,CUST005108,2025-10-28,2027-10-28,Active,193,2316
SUB0005109,CUST005109,2024-12-22,2025-12-22,Active,1703,20436
SUB0005110,CUST005110,2025-12-08,2027-12-08,Active,1369,16428
SUB0005111,CUST005111,2024-02-22,2025-02-22,Active,6124,73488
SUB0005112,CUST005112,2024-10-17,2025-10-17,Active,931,11172
SUB0005113,CUST005113,2024-05-24,2027-05-24,Active,1139,13668
SUB0005114,CUST005114,2025-09-09,2028-09-09,Active,5066,60792
SUB0005115,CUST005115,2025-03-25,2026-03-25,Active,2021,24252
SUB0005116,CUST005116,2025-12-17,2027-12-17,Active,19791,237492
SUB0005117,CUST005117,2025-05-22,2028-05-22,Active,280,3360
SUB0005118,CUST005118,2024-04-02,2027-04-02,Active,20631,247572
SUB0005119,CUST005119,2025-04-07,2026-04-07,Pending Renewal,926,11112
SUB0005120,CUST005120,2025-10-23,2026-10-23,Active,7108,85296
SUB0005121,CUST005121,2025-07-19,2027-07-19,Active,181,2172
SUB0005122,CUST005122,2025-01-21,2026-01-21,Active,2847,34164
SUB0005123,CUST005123,2024-10-21,2027-10-21,Active,6685,80220
SUB0005124,CUST005124,2025-12-01,2026-12-01,Active,441,5292
SUB0005125,CUST005125,2024-07-20,2026-07-20,Active,1453,17436
SUB0005126,CUST005126,2024-11-27,2026-11-27,Active,547,6564
SUB0005127,CUST005127,2023-07-19,2025-07-19,Active,5108,61296
SUB0005128,CUST005128,2024-01-12,2025-01-12,Active,2720,32640
SUB0005129,CUST005129,2025-08-02,2028-08-02,Active,15623,187476
SUB0005130,CUST005130,2024-05-20,2025-05-20,Active,1854,22248
SUB0005131,CUST005131,2025-01-12,2026-01-12,Cancelled,276,3312
SUB0005132,CUST005132,2024-09-03,2026-09-03,Active,984,11808
SUB0005133,CUST005133,2024-01-10,2026-01-10,Active,350,4200
SUB0005134,CUST005134,2025-01-16,2026-01-16,Active,3076,36912
SUB0005135,CUST005135,2025-06-29,2026-06-29,Cancelled,7369,88428
SUB0005136,CUST005136,2024-04-01,2025-04-01,Pending Renewal,1398,16776
SUB0005137,CUST005137,2024-12-03,2025-12-03,Active,7235,86820
SUB0005138,CUST005138,2024-12-27,2025-12-27,Active,1670,20040
SUB0005139,CUST005139,2025-08-22,2027-08-22,Active,12789,153468
SUB0005140,CUST005140,2023-08-27,2024-08-27,Active,5388,64656
SUB0005141,CUST005141,2023-09-02,2024-09-02,Active,1130,13560
SUB0005142,CUST005142,2025-02-16,2026-02-16,Pending Renewal,7244,86928
SUB0005143,CUST005143,2025-12-16,2026-12-16,Active,1293,15516
SUB0005144,CUST005144,2025-04-12,2028-04-12,Active,1682,20184
SUB0005145,CUST005145,2024-05-06,2026-05-06,Active,366,4392
SUB0005146,CUST005146,2024-10-27,2025-10-27,Active,17839,214068
SUB0005147,CUST005147,2025-07-16,2027-07-16,Active,22879,274548
SUB0005148,CUST005148,2024-03-30,2027-03-30,Active,4267,51204
SUB0005149,CUST005149,2023-09-30,2026-09-30,Active,7712,92544
SUB0005150,CUST005150,2025-02-03,2028-02-03,Active,1244,14928
SUB0005151,CUST005151,2025-10-09,2028-10-09,Cancelled,6450,77400
SUB0005152,CUST005152,2025-02-06,2028-02-06,Active,2718,32616
SUB0005153,CUST005153,2024-03-26,2025-03-26,Active,655,7860
SUB0005154,CUST005154,2024-08-24,2025-08-24,Active,289,3468
SUB0005155,CUST005155,2023-11-29,2025-11-29,Active,333,3996
SUB0005156,CUST005156,2024-05-19,2026-05-19,Active,1183,14196
SUB0005157,CUST005157,2025-10-08,2028-10-08,Pending Renewal,14035,168420
SUB0005158,CUST005158,2024-01-13,2026-01-13,Active,168,2016
SUB0005159,CUST005159,2025-11-25,2026-11-25,Active,1757,21084
SUB0005160,CUST005160,2024-11-23,2027-11-23,Active,19350,232200
SUB0005161,CUST005161,2025-08-05,2026-08-05,Active,1848,22176
SUB0005162,CUST005162,2024-09-15,2026-09-15,Active,7289,87468
SUB0005163,CUST005163,2025-05-12,2028-05-12,Active,3493,41916
SUB0005164,CUST005164,2024-08-30,2026-08-30,Active,896,10752
SUB0005165,CUST005165,2024-04-16,2026-04-16,Active,17049,204588
SUB0005166,CUST005166,2024-09-02,2027-09-02,Active,4462,53544
SUB0005167,CUST005167,2025-09-19,2028-09-19,Active,11066,132792
SUB0005168,CUST005168,2025-10-13,2026-10-13,Pending Renewal,6154,73848
SUB0005169,CUST005169,2025-09-21,2028-09-21,Active,906,10872
SUB0005170,CUST005170,2025-03-28,2027-03-28,Active,1129,13548
SUB0005171,CUST005171,2025-10-31,2028-10-31,Pending Renewal,594,7128
SUB0005172,CUST005172,2023-12-30,2024-12-30,Active,6507,78084
SUB0005173,CUST005173,2024-04-04,2025-04-04,Active,654,7848
SUB0005174,CUST005174,2023-08-20,2026-08-20,Active,7310,87720
SUB0005175,CUST005175,2024-10-30,2027-10-30,Active,1822,21864
SUB0005176,CUST005176,2024-07-04,2025-07-04,Active,24965,299580
SUB0005177,CUST005177,2023-09-22,2024-09-22,Active,312,3744
SUB0005178,CUST005178,2024-06-22,2025-06-22,Active,4403,52836
SUB0005179,CUST005179,2024-02-07,2026-02-07,Active,1977,23724
SUB0005180,CUST005180,2024-07-09,2026-07-09,Cancelled,5565,66780
SUB0005181,CUST005181,2024-02-12,2027-02-12,Active,5327,63924
SUB0005182,CUST005182,2025-11-15,2027-11-15,Active,1944,23328
SUB0005183,CUST005183,2024-10-20,2027-10-20,Active,5148,61776
SUB0005184,CUST005184,2024-05-25,2027-05-25,Active,7013,84156
SUB0005185,CUST005185,2024-01-30,2026-01-30,Active,11331,135972
SUB0005186,CUST005186,2025-08-21,2026-08-21,Active,2436,29232
SUB0005187,CUST005187,2025-10-18,2027-10-18,Cancelled,2609,31308
SUB0005188,CUST005188,2023-11-09,2024-11-09,Active,910,10920
SUB0005189,CUST005189,2025-10-24,2028-10-24,Active,1456,17472
SUB0005190,CUST005190,2025-01-25,2028-01-25,Active,1691,20292
SUB0005191,CUST005191,2024-05-15,2026-05-15,Cancelled,7558,90696
SUB0005192,CUST005192,2023-11-01,2024-11-01,Active,8260,99120
SUB0005193,CUST005193,2024-08-30,2025-08-30,Active,7630,91560
SUB0005194,CUST005194,2024-06-07,2027-06-07,Active,515,6180
SUB0005195,CUST005195,2024-07-30,2025-07-30,Active,277,3324
SUB0005196,CUST005196,2024-01-22,2026-01-22,Active,445,5340
SUB0005197,CUST005197,2024-02-18,2025-02-18,Active,6998,83976
SUB0005198,CUST005198,2025-06-27,2027-06-27,Active,4259,51108
SUB0005199,CUST005199,2025-11-15,2027-11-15,Active,381,4572
SUB0005200,CUST005200,2023-10-18,2026-10-18,Active,19244,230928
SUB0005201,CUST005201,2025-10-29,2028-10-29,Active,22293,267516
SUB0005202,CUST005202,2025-03-25,2026-03-25,Active,1155,13860
SUB0005203,CUST005203,2024-04-24,2025-04-24,Pending Renewal,220,2640
SUB0005204,CUST005204,2025-07-25,2028-07-25,Pending Renewal,1767,21204
SUB0005205,CUST005205,2024-12-23,2025-12-23,Active,1455,17460
SUB0005206,CUST005206,2025-03-03,2028-03-03,Active,3260,39120
SUB0005207,CUST005207,2025-09-29,2026-09-29,Active,1783,21396
SUB0005208,CUST005208,2024-11-18,2025-11-18,Active,326,3912
SUB0005209,CUST005209,2024-11-15,2027-11-15,Active,7109,85308
SUB0005210,CUST005210,2025-02-04,2028-02-04,Active,799,9588
SUB0005211,CUST005211,2025-10-03,2027-10-03,Active,6509,78108
SUB0005212,CUST005212,2024-01-12,2027-01-12,Active,278,3336
SUB0005213,CUST005213,2023-11-05,2025-11-05,Active,7288,87456
SUB0005214,CUST005214,2024-02-20,2025-02-20,Active,1806,21672
SUB0005215,CUST005215,2025-06-10,2027-06-10,Active,929,11148
SUB0005216,CUST005216,2024-03-19,2027-03-19,Active,1829,21948
SUB0005217,CUST005217,2023-09-11,2025-09-11,Pending Renewal,4001,48012
SUB0005218,CUST005218,2024-02-04,2025-02-04,Cancelled,20841,250092
SUB0005219,CUST005219,2025-04-17,2026-04-17,Active,3409,40908
SUB0005220,CUST005220,2025-03-30,2026-03-30,Active,10524,126288
SUB0005221,CUST005221,2025-10-16,2027-10-16,Active,1624,19488
SUB0005222,CUST005222,2024-12-04,2027-12-04,Active,6420,77040
SUB0005223,CUST005223,2025-06-30,2026-06-30,Active,7672,92064
SUB0005224,CUST005224,2024-12-17,2026-12-17,Active,7360,88320
SUB0005225,CUST005225,2024-07-01,2025-07-01,Pending Renewal,4255,51060
SUB0005226,CUST005226,2025-11-02,2028-11-02,Active,1643,19716
SUB0005227,CUST005227,2025-01-14,2026-01-14,Active,727,8724
SUB0005228,CUST005228,2025-06-22,2026-06-22,Active,799,9588
SUB0005229,CUST005229,2025-01-02,2028-01-02,Active,8820,105840
SUB0005230,CUST005230,2024-07-04,2027-07-04,Active,561,6732
SUB0005231,CUST005231,2024-06-21,2026-06-21,Active,4879,58548
SUB0005232,CUST005232,2024-09-01,2027-09-01,Active,23269,279228
SUB0005233,CUST005233,2025-10-29,2027-10-29,Pending Renewal,1483,17796
SUB0005234,CUST005234,2024-08-14,2027-08-14,Active,5715,68580
SUB0005235,CUST005235,2024-03-27,2027-03-27,Active,13345,160140
SUB0005236,CUST005236,2025-07-02,2026-07-02,Active,224,2688
SUB0005237,CUST005237,2024-05-23,2027-05-23,Active,20869,250428
SUB0005238,CUST005238,2025-06-12,2026-06-12,Active,1502,18024
SUB0005239,CUST005239,2024-06-16,2027-06-16,Active,5407,64884
SUB0005240,CUST005240,2025-01-16,2028-01-16,Pending Renewal,24854,298248
SUB0005241,CUST005241,2023-08-14,2025-08-14,Active,850,10200
SUB0005242,CUST005242,2025-02-07,2027-02-07,Pending Renewal,1867,22404
SUB0005243,CUST005243,2024-07-24,2026-07-24,Active,3157,37884
SUB0005244,CUST005244,2025-12-08,2026-12-08,Pending Renewal,1220,14640
SUB0005245,CUST005245,2025-09-28,2028-09-28,Active,6185,74220
SUB0005246,CUST005246,2025-10-02,2028-10-02,Cancelled,20241,242892
SUB0005247,CUST005247,2025-01-03,2027-01-03,Active,349,4188
SUB0005248,CUST005248,2023-10-16,2025-10-16,Active,1862,22344
SUB0005249,CUST005249,2024-05-02,2026-05-02,Active,13231,158772
SUB0005250,CUST005250,2025-08-07,2028-08-07,Pending Renewal,2803,33636
SUB0005251,CUST005251,2024-04-21,2026-04-21,Active,1523,18276
SUB0005252,CUST005252,2024-05-04,2025-05-04,Active,484,5808
SUB0005253,CUST005253,2025-05-29,2028-05-29,Active,577,6924
SUB0005254,CUST005254,2023-08-03,2024-08-03,Active,5876,70512
SUB0005255,CUST005255,2025-06-26,2028-06-26,Active,871,10452
SUB0005256,CUST005256,2025-01-23,2028-01-23,Active,7964,95568
SUB0005257,CUST005257,2024-03-03,2027-03-03,Pending Renewal,2143,25716
SUB0005258,CUST005258,2023-12-27,2025-12-27,Active,387,4644
SUB0005259,CUST005259,2023-11-09,2025-11-09,Active,1401,16812
SUB0005260,CUST005260,2025-04-29,2027-04-29,Cancelled,6582,78984
SUB0005261,CUST005261,2025-09-03,2027-09-03,Active,5047,60564
SUB0005262,CUST005262,2024-08-22,2026-08-22,Active,4370,52440
SUB0005263,CUST005263,2025-01-17,2027-01-17,Active,1868,22416
SUB0005264,CUST005264,2025-10-17,2027-10-17,Active,4985,59820
SUB0005265,CUST005265,2024-11-20,2025-11-20,Active,164,1968
SUB0005266,CUST005266,2025-01-07,2026-01-07,Active,7013,84156
SUB0005267,CUST005267,2024-07-23,2027-07-23,Active,5291,63492
SUB0005268,CUST005268,2024-05-10,2027-05-10,Active,2557,30684
SUB0005269,CUST005269,2024-11-06,2026-11-06,Active,812,9744
SUB0005270,CUST005270,2024-02-03,2026-02-03,Active,20534,246408
SUB0005271,CUST005271,2025-12-14,2027-12-14,Active,1212,14544
SUB0005272,CUST005272,2023-08-28,2024-08-28,Active,3164,37968
SUB0005273,CUST005273,2025-03-27,2028-03-27,Active,7041,84492
SUB0005274,CUST005274,2024-04-14,2027-04-14,Active,12472,149664
SUB0005275,CUST005275,2024-03-19,2025-03-19,Pending Renewal,1859,22308
SUB0005276,CUST005276,2025-02-19,2027-02-19,Pending Renewal,247,2964
SUB0005277,CUST005277,2024-07-08,2027-07-08,Active,1092,13104
SUB0005278,CUST005278,2025-07-29,2027-07-29,Active,5218,62616
SUB0005279,CUST005279,2023-06-29,2024-06-29,Active,491,5892
SUB0005280,CUST005280,2024-09-02,2026-09-02,Active,1267,15204
SUB0005281,CUST005281,2025-04-20,2027-04-20,Active,3464,41568
SUB0005282,CUST005282,2025-09-10,2028-09-10,Active,1415,16980
SUB0005283,CUST005283,2025-03-18,2027-03-18,Cancelled,4556,54672
SUB0005284,CUST005284,2025-08-10,2026-08-10,Active,3901,46812
SUB0005285,CUST005285,2024-04-27,2026-04-27,Active,1378,16536
SUB0005286,CUST005286,2024-07-15,2026-07-15,Active,997,11964
SUB0005287,CUST005287,2025-05-09,2026-05-09,Active,16971,203652
SUB0005288,CUST005288,2025-11-10,2028-11-10,Active,1417,17004
SUB0005289,CUST005289,2024-06-03,2027-06-03,Active,873,10476
SUB0005290,CUST005290,2023-11-28,2025-11-28,Active,1329,15948
SUB0005291,CUST005291,2024-08-29,2026-08-29,Active,5853,70236
SUB0005292,CUST005292,2025-10-13,2028-10-13,Active,3034,36408
SUB0005293,CUST005293,2025-05-05,2028-05-05,Active,983,11796
SUB0005294,CUST005294,2023-07-07,2024-07-07,Active,2609,31308
SUB0005295,CUST005295,2024-07-11,2025-07-11,Active,810,9720
SUB0005296,CUST005296,2024-09-27,2027-09-27,Cancelled,673,8076
SUB0005297,CUST005297,2024-09-12,2027-09-12,Active,5577,66924
SUB0005298,CUST005298,2024-01-30,2027-01-30,Active,9385,112620
SUB0005299,CUST005299,2025-07-21,2026-07-21,Active,4284,51408
SUB0005300,CUST005300,2024-10-19,2025-10-19,Active,706,8472
SUB0005301,CUST005301,2023-11-20,2024-11-20,Active,1210,14520
SUB0005302,CUST005302,2025-10-14,2027-10-14,Active,3644,43728
SUB0005303,CUST005303,2024-12-06,2027-12-06,Active,13240,158880
SUB0005304,CUST005304,2023-11-23,2026-11-23,Active,402,4824
SUB0005305,CUST005305,2024-01-05,2026-01-05,Active,6771,81252
SUB0005306,CUST005306,2024-11-11,2027-11-11,Cancelled,4209,50508
SUB0005307,CUST005307,2023-08-27,2024-08-27,Active,1843,22116
SUB0005308,CUST005308,2025-08-30,2026-08-30,Active,1278,15336
SUB0005309,CUST005309,2025-03-14,2026-03-14,Active,1700,20400
SUB0005310,CUST005310,2025-12-09,2026-12-09,Active,781,9372
SUB0005311,CUST005311,2025-04-07,2028-04-07,Active,2281,27372
SUB0005312,CUST005312,2024-08-15,2025-08-15,Active,2050,24600
SUB0005313,CUST005313,2025-12-24,2028-12-24,Active,527,6324
SUB0005314,CUST005314,2024-09-30,2027-09-30,Active,805,9660
SUB0005315,CUST005315,2023-12-28,2024-12-28,Active,5843,70116
SUB0005316,CUST005316,2024-02-03,2027-02-03,Active,20487,245844
SUB0005317,CUST005317,2024-02-21,2025-02-21,Active,1975,23700
SUB0005318,CUST005318,2023-11-27,2024-11-27,Active,1534,18408
SUB0005319,CUST005319,2024-08-14,2027-08-14,Active,3476,41712
SUB0005320,CUST005320,2024-11-10,2026-11-10,Active,23810,285720
SUB0005321,CUST005321,2024-08-20,2025-08-20,Active,5911,70932
SUB0005322,CUST005322,2023-10-16,2025-10-16,Active,2985,35820
SUB0005323,CUST005323,2024-09-29,2026-09-29,Active,8008,96096
SUB0005324,CUST005324,2025-07-24,2027-07-24,Active,17972,215664
SUB0005325,CUST005325,2024-12-15,2026-12-15,Cancelled,10019,120228
SUB0005326,CUST005326,2023-08-27,2025-08-27,Active,13939,167268
SUB0005327,CUST005327,2025-11-08,2027-11-08,Active,983,11796
SUB0005328,CUST005328,2023-06-28,2026-06-28,Active,1067,12804
SUB0005329,CUST005329,2023-07-18,2024-07-18,Active,16592,199104
SUB0005330,CUST005330,2025-01-14,2027-01-14,Pending Renewal,21410,256920
SUB0005331,CUST005331,2025-11-13,2028-11-13,Active,6464,77568
SUB0005332,CUST005332,2024-11-23,2026-11-23,Active,4370,52440
SUB0005333,CUST005333,2025-05-29,2028-05-29,Active,6713,80556
SUB0005334,CUST005334,2024-03-14,2026-03-14,Active,6533,78396
SUB0005335,CUST005335,2024-09-17,2027-09-17,Pending Renewal,955,11460
SUB0005336,CUST005336,2023-08-03,2024-08-03,Active,10004,120048
SUB0005337,CUST005337,2025-08-21,2028-08-21,Active,5164,61968
SUB0005338,CUST005338,2025-03-18,2028-03-18,Active,2774,33288
SUB0005339,CUST005339,2023-10-10,2025-10-10,Active,639,7668
SUB0005340,CUST005340,2023-09-14,2025-09-14,Active,1652,19824
SUB0005341,CUST005341,2023-07-12,2025-07-12,Active,562,6744
SUB0005342,CUST005342,2025-06-18,2027-06-18,Active,1681,20172
SUB0005343,CUST005343,2025-06-11,2028-06-11,Cancelled,277,3324
SUB0005344,CUST005344,2023-07-13,2026-07-13,Active,1326,15912
SUB0005345,CUST005345,2023-11-07,2024-11-07,Pending Renewal,10492,125904
SUB0005346,CUST005346,2024-06-22,2026-06-22,Active,6724,80688
SUB0005347,CUST005347,2025-06-06,2026-06-06,Pending Renewal,1757,21084
SUB0005348,CUST005348,2025-04-24,2027-04-24,Active,8129,97548
SUB0005349,CUST005349,2024-01-02,2025-01-02,Active,1294,15528
SUB0005350,CUST005350,2025-07-14,2027-07-14,Cancelled,952,11424
SUB0005351,CUST005351,2023-09-24,2025-09-24,Active,2177,26124
SUB0005352,CUST005352,2023-10-30,2026-10-30,Active,1714,20568
SUB0005353,CUST005353,2024-09-02,2026-09-02,Active,129,1548
SUB0005354,CUST005354,2023-07-22,2024-07-22,Pending Renewal,1788,21456
SUB0005355,CUST005355,2024-09-16,2026-09-16,Active,7997,95964
SUB0005356,CUST005356,2025-03-03,2028-03-03,Active,14067,168804
SUB0005357,CUST005357,2023-08-05,2026-08-05,Active,573,6876
SUB0005358,CUST005358,2024-12-15,2027-12-15,Active,5424,65088
SUB0005359,CUST005359,2025-01-06,2027-01-06,Active,5942,71304
SUB0005360,CUST005360,2024-05-03,2026-05-03,Active,22135,265620
SUB0005361,CUST005361,2023-10-17,2025-10-17,Active,24939,299268
SUB0005362,CUST005362,2024-03-01,2026-03-01,Active,1925,23100
SUB0005363,CUST005363,2024-04-13,2027-04-13,Active,1145,13740
SUB0005364,CUST005364,2024-11-26,2025-11-26,Active,1383,16596
SUB0005365,CUST005365,2023-12-10,2025-12-10,Pending Renewal,414,4968
SUB0005366,CUST005366,2024-04-26,2025-04-26,Active,697,8364
SUB0005367,CUST005367,2025-09-27,2027-09-27,Active,11766,141192
SUB0005368,CUST005368,2025-10-18,2027-10-18,Active,1614,19368
SUB0005369,CUST005369,2023-09-20,2025-09-20,Active,959,11508
SUB0005370,CUST005370,2023-07-22,2024-07-22,Active,430,5160
SUB0005371,CUST005371,2023-07-27,2024-07-27,Active,650,7800
SUB0005372,CUST005372,2023-07-02,2026-07-02,Active,7881,94572
SUB0005373,CUST005373,2024-05-24,2025-05-24,Active,8123,97476
SUB0005374,CUST005374,2024-10-21,2026-10-21,Active,290,3480
SUB0005375,CUST005375,2025-06-09,2026-06-09,Active,6068,72816
SUB0005376,CUST005376,2025-08-20,2027-08-20,Active,1226,14712
SUB0005377,CUST005377,2025-10-01,2027-10-01,Active,1523,18276
SUB0005378,CUST005378,2025-03-04,2028-03-04,Active,5177,62124
SUB0005379,CUST005379,2024-08-19,2027-08-19,Pending Renewal,1079,12948
SUB0005380,CUST005380,2023-07-30,2024-07-30,Active,5237,62844
SUB0005381,CUST005381,2024-06-03,2027-06-03,Active,1945,23340
SUB0005382,CUST005382,2025-11-26,2027-11-26,Active,2232,26784
SUB0005383,CUST005383,2024-04-07,2027-04-07,Active,7839,94068
SUB0005384,CUST005384,2024-10-20,2025-10-20,Active,656,7872
SUB0005385,CUST005385,2024-11-04,2025-11-04,Active,1872,22464
SUB0005386,CUST005386,2024-01-15,2026-01-15,Active,1136,13632
SUB0005387,CUST005387,2024-04-17,2025-04-17,Cancelled,1762,21144
SUB0005388,CUST005388,2025-11-24,2028-11-24,Active,5075,60900
SUB0005389,CUST005389,2025-01-30,2028-01-30,Active,12256,147072
SUB0005390,CUST005390,2024-09-20,2025-09-20,Active,1590,19080
SUB0005391,CUST005391,2025-01-08,2028-01-08,Active,1017,12204
SUB0005392,CUST005392,2025-02-15,2026-02-15,Active,1685,20220
SUB0005393,CUST005393,2024-08-27,2026-08-27,Active,5321,63852
SUB0005394,CUST005394,2023-09-10,2024-09-10,Active,548,6576
SUB0005395,CUST005395,2023-10-10,2025-10-10,Pending Renewal,1577,18924
SUB0005396,CUST005396,2024-01-16,2025-01-16,Active,542,6504
SUB0005397,CUST005397,2024-05-11,2026-05-11,Active,4357,52284
SUB0005398,CUST005398,2025-03-22,2027-03-22,Active,3070,36840
SUB0005399,CUST005399,2025-07-31,2027-07-31,Active,7230,86760
SUB0005400,CUST005400,2023-10-05,2024-10-05,Active,246,2952
SUB0005401,CUST005401,2024-09-25,2026-09-25,Active,6134,73608
SUB0005402,CUST005402,2023-08-13,2026-08-13,Active,1407,16884
SUB0005403,CUST005403,2025-05-13,2027-05-13,Active,3865,46380
SUB0005404,CUST005404,2024-01-02,2026-01-02,Active,209,2508
SUB0005405,CUST005405,2025-04-25,2026-04-25,Active,1896,22752
SUB0005406,CUST005406,2024-02-15,2025-02-15,Active,5507,66084
SUB0005407,CUST005407,2025-02-12,2027-02-12,Pending Renewal,1280,15360
SUB0005408,CUST005408,2025-07-14,2027-07-14,Active,857,10284
SUB0005409,CUST005409,2024-01-30,2025-01-30,Active,5153,61836
SUB0005410,CUST005410,2023-10-04,2026-10-04,Pending Renewal,6570,78840
SUB0005411,CUST005411,2025-11-14,2027-11-14,Active,7907,94884
SUB0005412,CUST005412,2024-04-30,2027-04-30,Pending Renewal,3602,43224
SUB0005413,CUST005413,2025-11-15,2028-11-15,Active,6274,75288
SUB0005414,CUST005414,2025-03-23,2027-03-23,Pending Renewal,3874,46488
SUB0005415,CUST005415,2024-05-16,2027-05-16,Active,3971,47652
SUB0005416,CUST005416,2023-08-07,2024-08-07,Active,12879,154548
SUB0005417,CUST005417,2025-05-16,2026-05-16,Active,1138,13656
SUB0005418,CUST005418,2024-01-13,2025-01-13,Active,1627,19524
SUB0005419,CUST005419,2024-06-18,2027-06-18,Cancelled,5565,66780
SUB0005420,CUST005420,2024-07-25,2026-07-25,Active,1662,19944
SUB0005421,CUST005421,2023-11-21,2025-11-21,Active,484,5808
SUB0005422,CUST005422,2024-01-30,2026-01-30,Active,1078,12936
SUB0005423,CUST005423,2025-02-19,2027-02-19,Pending Renewal,16010,192120
SUB0005424,CUST005424,2023-12-29,2024-12-29,Active,723,8676
SUB0005425,CUST005425,2023-12-23,2025-12-23,Active,174,2088
SUB0005426,CUST005426,2025-06-07,2027-06-07,Active,2519,30228
SUB0005427,CUST005427,2023-10-31,2025-10-31,Active,525,6300
SUB0005428,CUST005428,2025-05-05,2026-05-05,Active,2948,35376
SUB0005429,CUST005429,2024-04-09,2026-04-09,Active,249,2988
SUB0005430,CUST005430,2024-05-01,2026-05-01,Active,204,2448
SUB0005431,CUST005431,2025-01-29,2026-01-29,Active,864,10368
SUB0005432,CUST005432,2024-11-06,2025-11-06,Active,1386,16632
SUB0005433,CUST005433,2024-08-19,2027-08-19,Active,1766,21192
SUB0005434,CUST005434,2024-12-19,2027-12-19,Active,1011,12132
SUB0005435,CUST005435,2024-11-08,2025-11-08,Active,6197,74364
SUB0005436,CUST005436,2023-08-20,2026-08-20,Active,410,4920
SUB0005437,CUST005437,2025-07-09,2027-07-09,Active,5915,70980
SUB0005438,CUST005438,2023-08-02,2025-08-02,Active,1626,19512
SUB0005439,CUST005439,2025-11-01,2028-11-01,Active,6166,73992
SUB0005440,CUST005440,2025-11-29,2026-11-29,Active,1215,14580
SUB0005441,CUST005441,2023-10-16,2024-10-16,Active,562,6744
SUB0005442,CUST005442,2024-03-08,2025-03-08,Active,6353,76236
SUB0005443,CUST005443,2024-12-12,2026-12-12,Active,6303,75636
SUB0005444,CUST005444,2024-08-03,2027-08-03,Active,5695,68340
SUB0005445,CUST005445,2024-10-19,2026-10-19,Active,111,1332
SUB0005446,CUST005446,2024-12-20,2025-12-20,Active,1806,21672
SUB0005447,CUST005447,2025-05-27,2026-05-27,Active,6206,74472
SUB0005448,CUST005448,2024-06-26,2026-06-26,Active,1287,15444
SUB0005449,CUST005449,2025-07-08,2027-07-08,Active,6511,78132
SUB0005450,CUST005450,2025-09-15,2027-09-15,Active,9636,115632
SUB0005451,CUST005451,2024-09-12,2027-09-12,Pending Renewal,15625,187500
SUB0005452,CUST005452,2025-07-11,2026-07-11,Active,2776,33312
SUB0005453,CUST005453,2025-03-06,2027-03-06,Active,2260,27120
SUB0005454,CUST005454,2025-03-02,2027-03-02,Active,16581,198972
SUB0005455,CUST005455,2023-12-08,2025-12-08,Active,6333,75996
SUB0005456,CUST005456,2023-08-28,2025-08-28,Active,1993,23916
SUB0005457,CUST005457,2025-06-30,2028-06-30,Active,7954,95448
SUB0005458,CUST005458,2024-09-15,2027-09-15,Active,4829,57948
SUB0005459,CUST005459,2024-02-07,2027-02-07,Cancelled,643,7716
SUB0005460,CUST005460,2024-07-14,2026-07-14,Active,439,5268
SUB0005461,CUST005461,2024-05-31,2027-05-31,Active,5585,67020
SUB0005462,CUST005462,2023-06-29,2025-06-29,Active,18754,225048
SUB0005463,CUST005463,2025-10-13,2028-10-13,Active,1326,15912
SUB0005464,CUST005464,2024-10-09,2026-10-09,Pending Renewal,551,6612
SUB0005465,CUST005465,2025-10-27,2026-10-27,Active,24564,294768
SUB0005466,CUST005466,2024-05-27,2025-05-27,Active,1618,19416
SUB0005467,CUST005467,2024-04-26,2027-04-26,Active,3096,37152
SUB0005468,CUST005468,2023-12-05,2024-12-05,Active,3736,44832
SUB0005469,CUST005469,2024-08-01,2026-08-01,Active,674,8088
SUB0005470,CUST005470,2024-02-04,2025-02-04,Active,10505,126060
SUB0005471,CUST005471,2023-11-22,2026-11-22,Active,154,1848
SUB0005472,CUST005472,2024-04-16,2026-04-16,Active,943,11316
SUB0005473,CUST005473,2024-09-08,2026-09-08,Active,3459,41508
SUB0005474,CUST005474,2025-06-04,2028-06-04,Active,23646,283752
SUB0005475,CUST005475,2024-12-05,2027-12-05,Active,2985,35820
SUB0005476,CUST005476,2023-12-03,2025-12-03,Active,6149,73788
SUB0005477,CUST005477,2024-04-12,2026-04-12,Active,1109,13308
SUB0005478,CUST005478,2024-04-10,2026-04-10,Active,1877,22524
SUB0005479,CUST005479,2025-03-04,2026-03-04,Active,5360,64320
SUB0005480,CUST005480,2023-08-31,2024-08-31,Active,1254,15048
SUB0005481,CUST005481,2024-11-15,2026-11-15,Active,1746,20952
SUB0005482,CUST005482,2025-04-15,2027-04-15,Active,1745,20940
SUB0005483,CUST005483,2024-08-14,2027-08-14,Pending Renewal,2903,34836
SUB0005484,CUST005484,2024-11-09,2025-11-09,Active,11009,132108
SUB0005485,CUST005485,2025-10-05,2027-10-05,Active,4318,51816
SUB0005486,CUST005486,2024-11-13,2025-11-13,Active,1375,16500
SUB0005487,CUST005487,2025-02-17,2027-02-17,Active,4978,59736
SUB0005488,CUST005488,2024-12-10,2025-12-10,Active,5042,60504
SUB0005489,CUST005489,2025-08-12,2028-08-12,Active,24265,291180
SUB0005490,CUST005490,2025-03-17,2028-03-17,Active,2622,31464
SUB0005491,CUST005491,2024-01-28,2026-01-28,Active,3527,42324
SUB0005492,CUST005492,2024-08-03,2027-08-03,Active,22962,275544
SUB0005493,CUST005493,2025-03-12,2026-03-12,Active,1024,12288
SUB0005494,CUST005494,2025-11-23,2026-11-23,Active,3760,45120
SUB0005495,CUST005495,2024-08-08,2026-08-08,Active,355,4260
SUB0005496,CUST005496,2025-11-13,2026-11-13,Active,573,6876
SUB0005497,CUST005497,2024-05-01,2027-05-01,Active,215,2580
SUB0005498,CUST005498,2025-02-15,2028-02-15,Active,1153,13836
SUB0005499,CUST005499,2024-12-11,2026-12-11,Cancelled,4784,57408
SUB0005500,CUST005500,2023-10-13,2025-10-13,Active,1846,22152
SUB0005501,CUST005501,2024-10-28,2026-10-28,Active,608,7296
SUB0005502,CUST005502,2024-03-08,2027-03-08,Active,867,10404
SUB0005503,CUST005503,2024-04-14,2025-04-14,Active,766,9192
SUB0005504,CUST005504,2025-12-06,2027-12-06,Active,226,2712
SUB0005505,CUST005505,2024-11-09,2025-11-09,Active,667,8004
SUB0005506,CUST005506,2025-09-01,2028-09-01,Active,2466,29592
SUB0005507,CUST005507,2025-04-25,2028-04-25,Active,1783,21396
SUB0005508,CUST005508,2024-02-07,2025-02-07,Cancelled,2063,24756
SUB0005509,CUST005509,2025-02-06,2026-02-06,Active,1660,19920
SUB0005510,CUST005510,2024-11-20,2027-11-20,Active,7136,85632
SUB0005511,CUST005511,2024-06-28,2027-06-28,Active,20968,251616
SUB0005512,CUST005512,2025-02-02,2026-02-02,Active,9769,117228
SUB0005513,CUST005513,2024-10-29,2025-10-29,Active,4173,50076
SUB0005514,CUST005514,2024-11-13,2026-11-13,Active,3579,42948
SUB0005515,CUST005515,2024-02-19,2026-02-19,Pending Renewal,746,8952
SUB0005516,CUST005516,2025-03-25,2028-03-25,Cancelled,9148,109776
SUB0005517,CUST005517,2024-01-17,2026-01-17,Active,4197,50364
SUB0005518,CUST005518,2025-09-17,2026-09-17,Active,1348,16176
SUB0005519,CUST005519,2023-09-02,2025-09-02,Active,4152,49824
SUB0005520,CUST005520,2025-09-22,2026-09-22,Active,114,1368
SUB0005521,CUST005521,2024-09-17,2027-09-17,Active,930,11160
SUB0005522,CUST005522,2025-10-24,2028-10-24,Active,1861,22332
SUB0005523,CUST005523,2025-12-02,2026-12-02,Cancelled,1296,15552
SUB0005524,CUST005524,2025-06-10,2027-06-10,Active,2736,32832
SUB0005525,CUST005525,2025-04-07,2027-04-07,Active,570,6840
SUB0005526,CUST005526,2023-10-26,2024-10-26,Cancelled,2820,33840
SUB0005527,CUST005527,2024-07-13,2026-07-13,Active,720,8640
SUB0005528,CUST005528,2025-03-30,2028-03-30,Pending Renewal,793,9516
SUB0005529,CUST005529,2025-07-03,2028-07-03,Active,5197,62364
SUB0005530,CUST005530,2023-09-29,2025-09-29,Active,390,4680
SUB0005531,CUST005531,2023-12-06,2024-12-06,Active,1628,19536
SUB0005532,CUST005532,2025-04-03,2027-04-03,Active,24490,293880
SUB0005533,CUST005533,2025-11-14,2026-11-14,Active,1565,18780
SUB0005534,CUST005534,2024-03-22,2026-03-22,Active,21829,261948
SUB0005535,CUST005535,2024-06-04,2026-06-04,Active,1617,19404
SUB0005536,CUST005536,2025-10-07,2027-10-07,Cancelled,1433,17196
SUB0005537,CUST005537,2023-08-11,2024-08-11,Active,5466,65592
SUB0005538,CUST005538,2024-06-10,2027-06-10,Active,1261,15132
SUB0005539,CUST005539,2025-03-28,2028-03-28,Active,15526,186312
SUB0005540,CUST005540,2025-12-04,2026-12-04,Active,5966,71592
SUB0005541,CUST005541,2024-01-08,2026-01-08,Active,18026,216312
SUB0005542,CUST005542,2024-06-05,2027-06-05,Active,1903,22836
SUB0005543,CUST005543,2025-03-07,2027-03-07,Active,4764,57168
SUB0005544,CUST005544,2025-05-01,2026-05-01,Active,8986,107832
SUB0005545,CUST005545,2024-04-26,2025-04-26,Active,1525,18300
SUB0005546,CUST005546,2024-01-23,2025-01-23,Active,9416,112992
SUB0005547,CUST005547,2025-10-30,2028-10-30,Pending Renewal,1641,19692
SUB0005548,CUST005548,2025-06-05,2026-06-05,Active,1467,17604
SUB0005549,CUST005549,2025-07-04,2027-07-04,Active,1330,15960
SUB0005550,CUST005550,2024-01-05,2025-01-05,Active,790,9480
SUB0005551,CUST005551,2024-11-25,2026-11-25,Active,1212,14544
SUB0005552,CUST005552,2024-08-14,2026-08-14,Active,1877,22524
SUB0005553,CUST005553,2025-07-25,2028-07-25,Active,11668,140016
SUB0005554,CUST005554,2024-08-03,2027-08-03,Active,1954,23448
SUB0005555,CUST005555,2024-01-09,2026-01-09,Active,7017,84204
SUB0005556,CUST005556,2024-08-18,2027-08-18,Active,6371,76452
SUB0005557,CUST005557,2024-11-11,2025-11-11,Cancelled,2408,28896
SUB0005558,CUST005558,2025-11-15,2026-11-15,Pending Renewal,4395,52740
SUB0005559,CUST005559,2025-07-13,2027-07-13,Active,5794,69528
SUB0005560,CUST005560,2024-06-21,2026-06-21,Active,4459,53508
SUB0005561,CUST005561,2025-06-09,2026-06-09,Active,534,6408
SUB0005562,CUST005562,2023-09-24,2026-09-24,Active,1108,13296
SUB0005563,CUST005563,2024-11-29,2027-11-29,Active,8750,105000
SUB0005564,CUST005564,2024-06-28,2026-06-28,Active,7340,88080
SUB0005565,CUST005565,2023-08-16,2026-08-16,Active,1221,14652
SUB0005566,CUST005566,2024-09-30,2026-09-30,Active,24422,293064
SUB0005567,CUST005567,2023-08-27,2026-08-27,Active,4831,57972
SUB0005568,CUST005568,2024-08-01,2027-08-01,Active,697,8364
SUB0005569,CUST005569,2025-10-22,2028-10-22,Active,4241,50892
SUB0005570,CUST005570,2025-09-28,2028-09-28,Active,824,9888
SUB0005571,CUST005571,2025-05-29,2027-05-29,Active,1652,19824
SUB0005572,CUST005572,2025-12-14,2026-12-14,Active,295,3540
SUB0005573,CUST005573,2024-06-20,2027-06-20,Active,1268,15216
SUB0005574,CUST005574,2025-09-09,2028-09-09,Active,532,6384
SUB0005575,CUST005575,2024-03-01,2027-03-01,Active,1411,16932
SUB0005576,CUST005576,2024-02-28,2027-02-28,Active,1854,22248
SUB0005577,CUST005577,2025-09-07,2027-09-07,Active,11521,138252
SUB0005578,CUST005578,2024-11-23,2026-11-23,Active,21884,262608
SUB0005579,CUST005579,2023-07-09,2025-07-09,Active,1522,18264
SUB0005580,CUST005580,2023-11-09,2025-11-09,Active,992,11904
SUB0005581,CUST005581,2025-10-21,2027-10-21,Active,1649,19788
SUB0005582,CUST005582,2025-08-18,2026-08-18,Active,21399,256788
SUB0005583,CUST005583,2024-08-04,2026-08-04,Pending Renewal,4461,53532
SUB0005584,CUST005584,2025-12-16,2027-12-16,Active,7910,94920
SUB0005585,CUST005585,2024-08-12,2025-08-12,Active,251,3012
SUB0005586,CUST005586,2025-04-20,2026-04-20,Active,756,9072
SUB0005587,CUST005587,2024-10-01,2025-10-01,Active,483,5796
SUB0005588,CUST005588,2023-07-24,2025-07-24,Pending Renewal,7376,88512
SUB0005589,CUST005589,2023-07-25,2026-07-25,Active,1097,13164
SUB0005590,CUST005590,2024-10-23,2026-10-23,Active,7124,85488
SUB0005591,CUST005591,2025-04-24,2027-04-24,Active,1052,12624
SUB0005592,CUST005592,2025-06-12,2028-06-12,Active,1722,20664
SUB0005593,CUST005593,2024-09-30,2026-09-30,Active,1103,13236
SUB0005594,CUST005594,2024-12-28,2027-12-28,Active,294,3528
SUB0005595,CUST005595,2025-02-27,2026-02-27,Active,6019,72228
SUB0005596,CUST005596,2025-06-23,2028-06-23,Active,1566,18792
SUB0005597,CUST005597,2023-09-30,2025-09-30,Active,394,4728
SUB0005598,CUST005598,2025-09-24,2028-09-24,Active,227,2724
SUB0005599,CUST005599,2024-10-03,2026-10-03,Active,9263,111156
SUB0005600,CUST005600,2025-12-15,2028-12-15,Active,2999,35988
SUB0005601,CUST005601,2023-12-05,2025-12-05,Active,23272,279264
SUB0005602,CUST005602,2023-12-16,2026-12-16,Active,21488,257856
SUB0005603,CUST005603,2025-07-11,2026-07-11,Active,1516,18192
SUB0005604,CUST005604,2025-12-04,2028-12-04,Active,5903,70836
SUB0005605,CUST005605,2024-09-27,2026-09-27,Active,7882,94584
SUB0005606,CUST005606,2024-03-06,2026-03-06,Active,5069,60828
SUB0005607,CUST005607,2025-10-30,2027-10-30,Cancelled,5197,62364
SUB0005608,CUST005608,2023-07-23,2024-07-23,Active,7989,95868
SUB0005609,CUST005609,2024-10-31,2026-10-31,Active,21434,257208
SUB0005610,CUST005610,2025-08-18,2026-08-18,Active,1274,15288
SUB0005611,CUST005611,2025-05-11,2027-05-11,Active,6614,79368
SUB0005612,CUST005612,2025-09-08,2026-09-08,Active,3727,44724
SUB0005613,CUST005613,2025-08-22,2027-08-22,Active,5815,69780
SUB0005614,CUST005614,2024-01-01,2027-01-01,Pending Renewal,7266,87192
SUB0005615,CUST005615,2024-12-08,2025-12-08,Active,6063,72756
SUB0005616,CUST005616,2024-12-22,2025-12-22,Active,11081,132972
SUB0005617,CUST005617,2024-12-08,2027-12-08,Active,1504,18048
SUB0005618,CUST005618,2024-09-09,2025-09-09,Active,606,7272
SUB0005619,CUST005619,2024-08-02,2025-08-02,Active,117,1404
SUB0005620,CUST005620,2025-11-12,2028-11-12,Active,1473,17676
SUB0005621,CUST005621,2024-03-02,2025-03-02,Active,2899,34788
SUB0005622,CUST005622,2025-04-08,2028-04-08,Active,1731,20772
SUB0005623,CUST005623,2025-10-22,2028-10-22,Active,621,7452
SUB0005624,CUST005624,2025-04-16,2027-04-16,Active,8643,103716
SUB0005625,CUST005625,2024-07-19,2026-07-19,Active,1571,18852
SUB0005626,CUST005626,2024-02-09,2025-02-09,Active,769,9228
SUB0005627,CUST005627,2024-04-09,2026-04-09,Active,480,5760
SUB0005628,CUST005628,2024-12-18,2027-12-18,Active,1261,15132
SUB0005629,CUST005629,2025-01-22,2027-01-22,Active,7236,86832
SUB0005630,CUST005630,2025-02-20,2028-02-20,Active,4023,48276
SUB0005631,CUST005631,2024-05-19,2025-05-19,Active,1747,20964
SUB0005632,CUST005632,2023-07-13,2026-07-13,Active,7047,84564
SUB0005633,CUST005633,2025-04-05,2028-04-05,Active,2437,29244
SUB0005634,CUST005634,2025-10-08,2026-10-08,Active,2959,35508
SUB0005635,CUST005635,2024-09-12,2025-09-12,Active,1704,20448
SUB0005636,CUST005636,2024-09-18,2026-09-18,Active,4059,48708
SUB0005637,CUST005637,2025-05-03,2027-05-03,Active,1189,14268
SUB0005638,CUST005638,2023-08-05,2025-08-05,Cancelled,14860,178320
SUB0005639,CUST005639,2025-01-03,2026-01-03,Pending Renewal,4465,53580
SUB0005640,CUST005640,2025-12-07,2028-12-07,Active,1939,23268
SUB0005641,CUST005641,2023-07-15,2026-07-15,Active,2572,30864
SUB0005642,CUST005642,2025-02-17,2028-02-17,Active,5596,67152
SUB0005643,CUST005643,2024-08-18,2026-08-18,Active,2530,30360
SUB0005644,CUST005644,2023-06-30,2025-06-30,Active,897,10764
SUB0005645,CUST005645,2024-10-12,2027-10-12,Active,1242,14904
SUB0005646,CUST005646,2024-02-15,2027-02-15,Active,1885,22620
SUB0005647,CUST005647,2024-09-07,2027-09-07,Active,1367,16404
SUB0005648,CUST005648,2025-07-09,2026-07-09,Active,23542,282504
SUB0005649,CUST005649,2025-04-29,2026-04-29,Active,16233,194796
SUB0005650,CUST005650,2023-10-24,2025-10-24,Active,20256,243072
SUB0005651,CUST005651,2025-12-03,2027-12-03,Active,20420,245040
SUB0005652,CUST005652,2025-03-29,2027-03-29,Active,6547,78564
SUB0005653,CUST005653,2023-10-12,2025-10-12,Active,1752,21024
SUB0005654,CUST005654,2025-12-17,2028-12-17,Active,1469,17628
SUB0005655,CUST005655,2025-06-06,2028-06-06,Active,612,7344
SUB0005656,CUST005656,2024-03-31,2027-03-31,Active,654,7848
SUB0005657,CUST005657,2023-09-04,2026-09-04,Active,238,2856
SUB0005658,CUST005658,2023-10-17,2025-10-17,Active,1060,12720
SUB0005659,CUST005659,2024-09-10,2027-09-10,Active,1706,20472
SUB0005660,CUST005660,2025-08-16,2028-08-16,Pending Renewal,3900,46800
SUB0005661,CUST005661,2023-07-11,2026-07-11,Pending Renewal,22126,265512
SUB0005662,CUST005662,2025-04-13,2026-04-13,Active,7614,91368
SUB0005663,CUST005663,2025-12-03,2028-12-03,Active,371,4452
SUB0005664,CUST005664,2024-02-10,2027-02-10,Active,6758,81096
SUB0005665,CUST005665,2025-08-25,2028-08-25,Cancelled,1671,20052
SUB0005666,CUST005666,2024-03-01,2026-03-01,Active,3140,37680
SUB0005667,CUST005667,2025-02-09,2027-02-09,Active,401,4812
SUB0005668,CUST005668,2025-07-17,2027-07-17,Active,2390,28680
SUB0005669,CUST005669,2024-04-21,2027-04-21,Active,757,9084
SUB0005670,CUST005670,2024-02-24,2026-02-24,Active,17472,209664
SUB0005671,CUST005671,2025-10-12,2028-10-12,Active,16312,195744
SUB0005672,CUST005672,2023-07-03,2026-07-03,Active,1643,19716
SUB0005673,CUST005673,2024-10-02,2026-10-02,Active,5552,66624
SUB0005674,CUST005674,2024-03-02,2027-03-02,Active,4110,49320
SUB0005675,CUST005675,2024-03-01,2027-03-01,Active,4839,58068
SUB0005676,CUST005676,2024-02-12,2027-02-12,Active,3074,36888
SUB0005677,CUST005677,2024-08-31,2027-08-31,Active,7593,91116
SUB0005678,CUST005678,2024-12-15,2026-12-15,Pending Renewal,4932,59184
SUB0005679,CUST005679,2025-11-01,2028-11-01,Active,307,3684
SUB0005680,CUST005680,2023-08-13,2026-08-13,Active,19871,238452
SUB0005681,CUST005681,2025-07-07,2027-07-07,Active,729,8748
SUB0005682,CUST005682,2024-11-10,2025-11-10,Active,595,7140
SUB0005683,CUST005683,2023-07-28,2026-07-28,Active,2394,28728
SUB0005684,CUST005684,2025-11-20,2028-11-20,Active,2214,26568
SUB0005685,CUST005685,2024-05-26,2027-05-26,Active,259,3108
SUB0005686,CUST005686,2025-05-07,2028-05-07,Active,888,10656
SUB0005687,CUST005687,2024-02-05,2025-02-05,Active,5458,65496
SUB0005688,CUST005688,2025-07-11,2028-07-11,Active,390,4680
SUB0005689,CUST005689,2023-10-30,2026-10-30,Active,1603,19236
SUB0005690,CUST005690,2025-10-07,2028-10-07,Active,2782,33384
SUB0005691,CUST005691,2024-05-26,2027-05-26,Active,1403,16836
SUB0005692,CUST005692,2023-10-06,2024-10-06,Active,1855,22260
SUB0005693,CUST005693,2023-08-24,2025-08-24,Active,659,7908
SUB0005694,CUST005694,2024-01-01,2027-01-01,Active,2217,26604
SUB0005695,CUST005695,2025-05-28,2028-05-28,Active,5873,70476
SUB0005696,CUST005696,2025-09-11,2028-09-11,Active,7635,91620
SUB0005697,CUST005697,2025-05-06,2028-05-06,Active,752,9024
SUB0005698,CUST005698,2025-05-02,2026-05-02,Active,1568,18816
SUB0005699,CUST005699,2025-05-28,2027-05-28,Active,2247,26964
SUB0005700,CUST005700,2024-05-14,2027-05-14,Active,17877,214524
SUB0005701,CUST005701,2024-11-03,2026-11-03,Pending Renewal,7921,95052
SUB0005702,CUST005702,2024-07-19,2026-07-19,Active,3177,38124
SUB0005703,CUST005703,2025-06-01,2027-06-01,Active,4151,49812
SUB0005704,CUST005704,2023-11-03,2024-11-03,Active,2742,32904
SUB0005705,CUST005705,2024-10-23,2025-10-23,Active,751,9012
SUB0005706,CUST005706,2025-05-18,2028-05-18,Active,1128,13536
SUB0005707,CUST005707,2024-12-03,2027-12-03,Active,1126,13512
SUB0005708,CUST005708,2023-10-10,2026-10-10,Cancelled,4206,50472
SUB0005709,CUST005709,2024-12-10,2026-12-10,Cancelled,13564,162768
SUB0005710,CUST005710,2024-12-22,2026-12-22,Active,1963,23556
SUB0005711,CUST005711,2023-09-09,2025-09-09,Active,20819,249828
SUB0005712,CUST005712,2024-04-11,2026-04-11,Active,5305,63660
SUB0005713,CUST005713,2025-10-17,2028-10-17,Active,440,5280
SUB0005714,CUST005714,2024-05-31,2025-05-31,Active,5995,71940
SUB0005715,CUST005715,2023-09-21,2024-09-21,Active,1966,23592
SUB0005716,CUST005716,2024-08-28,2027-08-28,Active,12954,155448
SUB0005717,CUST005717,2025-03-13,2027-03-13,Pending Renewal,421,5052
SUB0005718,CUST005718,2024-05-08,2026-05-08,Active,344,4128
SUB0005719,CUST005719,2025-12-13,2028-12-13,Active,6619,79428
SUB0005720,CUST005720,2024-01-09,2027-01-09,Active,594,7128
SUB0005721,CUST005721,2024-07-11,2025-07-11,Active,5723,68676
SUB0005722,CUST005722,2024-06-16,2025-06-16,Active,777,9324
SUB0005723,CUST005723,2024-09-05,2026-09-05,Active,7166,85992
SUB0005724,CUST005724,2025-01-12,2027-01-12,Active,5519,66228
SUB0005725,CUST005725,2025-01-19,2026-01-19,Active,4439,53268
SUB0005726,CUST005726,2024-10-18,2027-10-18,Active,875,10500
SUB0005727,CUST005727,2024-06-02,2026-06-02,Pending Renewal,706,8472
SUB0005728,CUST005728,2025-11-07,2027-11-07,Active,4820,57840
SUB0005729,CUST005729,2023-12-18,2025-12-18,Active,18250,219000
SUB0005730,CUST005730,2024-05-20,2025-05-20,Active,6070,72840
SUB0005731,CUST005731,2025-02-04,2028-02-04,Active,22152,265824
SUB0005732,CUST005732,2025-07-18,2026-07-18,Active,11871,142452
SUB0005733,CUST005733,2025-10-17,2028-10-17,Active,9855,118260
SUB0005734,CUST005734,2025-08-08,2026-08-08,Active,6930,83160
SUB0005735,CUST005735,2025-03-15,2026-03-15,Active,581,6972
SUB0005736,CUST005736,2023-08-28,2026-08-28,Pending Renewal,1839,22068
SUB0005737,CUST005737,2023-07-02,2026-07-02,Active,2592,31104
SUB0005738,CUST005738,2025-06-05,2026-06-05,Active,6062,72744
SUB0005739,CUST005739,2025-03-06,2026-03-06,Active,1290,15480
SUB0005740,CUST005740,2024-02-12,2026-02-12,Active,1226,14712
SUB0005741,CUST005741,2024-10-13,2025-10-13,Pending Renewal,912,10944
SUB0005742,CUST005742,2023-11-19,2024-11-19,Active,6764,81168
SUB0005743,CUST005743,2025-02-19,2028-02-19,Active,19083,228996
SUB0005744,CUST005744,2023-10-27,2025-10-27,Active,9419,113028
SUB0005745,CUST005745,2023-07-22,2026-07-22,Pending Renewal,1912,22944
SUB0005746,CUST005746,2025-03-15,2027-03-15,Active,153,1836
SUB0005747,CUST005747,2025-11-23,2027-11-23,Active,21524,258288
SUB0005748,CUST005748,2025-11-21,2027-11-21,Active,11940,143280
SUB0005749,CUST005749,2024-08-26,2027-08-26,Pending Renewal,7367,88404
SUB0005750,CUST005750,2025-12-25,2027-12-25,Active,3998,47976
SUB0005751,CUST005751,2024-09-15,2025-09-15,Active,781,9372
SUB0005752,CUST005752,2024-12-12,2027-12-12,Active,834,10008
SUB0005753,CUST005753,2023-07-26,2025-07-26,Active,1802,21624
SUB0005754,CUST005754,2024-04-14,2026-04-14,Active,647,7764
SUB0005755,CUST005755,2025-10-06,2027-10-06,Active,1931,23172
SUB0005756,CUST005756,2024-05-04,2026-05-04,Active,1063,12756
SUB0005757,CUST005757,2024-10-13,2026-10-13,Active,880,10560
SUB0005758,CUST005758,2023-10-24,2024-10-24,Active,4303,51636
SUB0005759,CUST005759,2025-11-03,2026-11-03,Pending Renewal,6812,81744
SUB0005760,CUST005760,2023-10-13,2025-10-13,Active,6015,72180
SUB0005761,CUST005761,2024-04-13,2025-04-13,Active,467,5604
SUB0005762,CUST005762,2025-02-23,2026-02-23,Active,20277,243324
SUB0005763,CUST005763,2024-12-04,2027-12-04,Active,1295,15540
SUB0005764,CUST005764,2023-08-12,2025-08-12,Cancelled,6864,82368
SUB0005765,CUST005765,2025-07-27,2027-07-27,Active,2607,31284
SUB0005766,CUST005766,2024-05-12,2025-05-12,Active,1258,15096
SUB0005767,CUST005767,2024-05-29,2025-05-29,Active,724,8688
SUB0005768,CUST005768,2024-12-08,2026-12-08,Active,1949,23388
SUB0005769,CUST005769,2024-10-27,2025-10-27,Cancelled,1087,13044
SUB0005770,CUST005770,2025-07-26,2026-07-26,Active,17326,207912
SUB0005771,CUST005771,2024-11-30,2025-11-30,Pending Renewal,822,9864
SUB0005772,CUST005772,2023-09-15,2026-09-15,Active,12345,148140
SUB0005773,CUST005773,2025-07-01,2026-07-01,Active,348,4176
SUB0005774,CUST005774,2025-02-11,2028-02-11,Active,5957,71484
SUB0005775,CUST005775,2025-12-10,2026-12-10,Active,1590,19080
SUB0005776,CUST005776,2024-01-05,2027-01-05,Active,1479,17748
SUB0005777,CUST005777,2024-01-20,2025-01-20,Active,1154,13848
SUB0005778,CUST005778,2025-08-07,2028-08-07,Active,5713,68556
SUB0005779,CUST005779,2024-10-21,2026-10-21,Active,1507,18084
SUB0005780,CUST005780,2024-09-28,2026-09-28,Cancelled,605,7260
SUB0005781,CUST005781,2025-07-10,2026-07-10,Active,2169,26028
SUB0005782,CUST005782,2025-07-01,2027-07-01,Active,718,8616
SUB0005783,CUST005783,2025-01-07,2027-01-07,Active,8303,99636
SUB0005784,CUST005784,2023-12-21,2025-12-21,Active,5257,63084
SUB0005785,CUST005785,2023-07-10,2025-07-10,Active,1609,19308
SUB0005786,CUST005786,2025-03-04,2028-03-04,Pending Renewal,17407,208884
SUB0005787,CUST005787,2024-10-15,2026-10-15,Pending Renewal,1394,16728
SUB0005788,CUST005788,2024-01-15,2027-01-15,Active,6102,73224
SUB0005789,CUST005789,2023-09-01,2025-09-01,Active,1143,13716
SUB0005790,CUST005790,2023-07-06,2025-07-06,Active,1302,15624
SUB0005791,CUST005791,2025-11-24,2028-11-24,Cancelled,4070,48840
SUB0005792,CUST005792,2023-09-24,2024-09-24,Active,1679,20148
SUB0005793,CUST005793,2025-06-15,2027-06-15,Active,1396,16752
SUB0005794,CUST005794,2023-09-02,2024-09-02,Active,1805,21660
SUB0005795,CUST005795,2025-01-18,2027-01-18,Active,1563,18756
SUB0005796,CUST005796,2024-09-16,2026-09-16,Active,1128,13536
SUB0005797,CUST005797,2025-05-07,2028-05-07,Active,309,3708
SUB0005798,CUST005798,2023-10-29,2024-10-29,Active,3058,36696
SUB0005799,CUST005799,2025-09-21,2028-09-21,Active,786,9432
SUB0005800,CUST005800,2024-10-24,2027-10-24,Active,408,4896
SUB0005801,CUST005801,2025-10-06,2028-10-06,Pending Renewal,8561,102732
SUB0005802,CUST005802,2025-01-09,2026-01-09,Active,1914,22968
SUB0005803,CUST005803,2024-08-11,2025-08-11,Active,1052,12624
SUB0005804,CUST005804,2023-12-20,2025-12-20,Active,11923,143076
SUB0005805,CUST005805,2024-09-23,2026-09-23,Active,4253,51036
SUB0005806,CUST005806,2024-03-03,2027-03-03,Active,20944,251328
SUB0005807,CUST005807,2024-10-07,2027-10-07,Active,18633,223596
SUB0005808,CUST005808,2025-06-11,2026-06-11,Active,4848,58176
SUB0005809,CUST005809,2025-05-15,2026-05-15,Active,1501,18012
SUB0005810,CUST005810,2023-10-23,2024-10-23,Active,1801,21612
SUB0005811,CUST005811,2023-12-15,2024-12-15,Active,18701,224412
SUB0005812,CUST005812,2024-07-07,2025-07-07,Active,22866,274392
SUB0005813,CUST005813,2024-03-24,2027-03-24,Cancelled,24435,293220
SUB0005814,CUST005814,2024-02-15,2027-02-15,Active,1650,19800
SUB0005815,CUST005815,2023-11-28,2024-11-28,Active,3691,44292
SUB0005816,CUST005816,2024-08-24,2025-08-24,Active,3575,42900
SUB0005817,CUST005817,2024-01-20,2026-01-20,Active,1830,21960
SUB0005818,CUST005818,2025-05-13,2027-05-13,Active,1380,16560
SUB0005819,CUST005819,2025-08-18,2027-08-18,Active,6134,73608
SUB0005820,CUST005820,2025-08-07,2026-08-07,Active,806,9672
SUB0005821,CUST005821,2024-08-28,2027-08-28,Active,796,9552
SUB0005822,CUST005822,2025-07-10,2026-07-10,Active,7368,88416
SUB0005823,CUST005823,2024-03-07,2026-03-07,Active,774,9288
SUB0005824,CUST005824,2024-08-29,2025-08-29,Active,7319,87828
SUB0005825,CUST005825,2025-01-11,2026-01-11,Pending Renewal,524,6288
SUB0005826,CUST005826,2023-11-24,2025-11-24,Pending Renewal,560,6720
SUB0005827,CUST005827,2024-07-29,2027-07-29,Active,280,3360
SUB0005828,CUST005828,2025-05-28,2026-05-28,Active,876,10512
SUB0005829,CUST005829,2025-03-04,2026-03-04,Active,1453,17436
SUB0005830,CUST005830,2025-03-31,2028-03-31,Active,4734,56808
SUB0005831,CUST005831,2024-03-29,2026-03-29,Active,1121,13452
SUB0005832,CUST005832,2025-06-16,2028-06-16,Active,7567,90804
SUB0005833,CUST005833,2024-10-30,2026-10-30,Active,3096,37152
SUB0005834,CUST005834,2024-01-29,2025-01-29,Active,2286,27432
SUB0005835,CUST005835,2025-06-01,2028-06-01,Active,9833,117996
SUB0005836,CUST005836,2024-01-29,2025-01-29,Cancelled,1830,21960
SUB0005837,CUST005837,2024-02-25,2026-02-25,Active,7667,92004
SUB0005838,CUST005838,2025-07-22,2026-07-22,Active,375,4500
SUB0005839,CUST005839,2025-11-08,2026-11-08,Active,7420,89040
SUB0005840,CUST005840,2024-01-22,2027-01-22,Active,14533,174396
SUB0005841,CUST005841,2024-03-28,2026-03-28,Active,3395,40740
SUB0005842,CUST005842,2025-01-15,2028-01-15,Active,200,2400
SUB0005843,CUST005843,2025-01-22,2026-01-22,Active,16793,201516
SUB0005844,CUST005844,2025-09-22,2027-09-22,Active,4709,56508
SUB0005845,CUST005845,2024-01-16,2026-01-16,Active,597,7164
SUB0005846,CUST005846,2023-12-20,2025-12-20,Active,236,2832
SUB0005847,CUST005847,2025-12-09,2027-12-09,Cancelled,1187,14244
SUB0005848,CUST005848,2025-02-15,2027-02-15,Active,3920,47040
SUB0005849,CUST005849,2023-06-27,2025-06-27,Active,430,5160
SUB0005850,CUST005850,2023-07-23,2025-07-23,Active,2342,28104
SUB0005851,CUST005851,2023-09-16,2026-09-16,Cancelled,10824,129888
SUB0005852,CUST005852,2025-04-04,2026-04-04,Active,1200,14400
SUB0005853,CUST005853,2023-09-09,2024-09-09,Active,798,9576
SUB0005854,CUST005854,2025-01-01,2028-01-01,Active,6033,72396
SUB0005855,CUST005855,2025-02-14,2027-02-14,Active,4026,48312
SUB0005856,CUST005856,2023-06-29,2026-06-29,Active,6213,74556
SUB0005857,CUST005857,2025-11-05,2027-11-05,Active,3700,44400
SUB0005858,CUST005858,2023-09-02,2025-09-02,Active,111,1332
SUB0005859,CUST005859,2025-07-17,2028-07-17,Active,1572,18864
SUB0005860,CUST005860,2023-07-21,2024-07-21,Active,4051,48612
SUB0005861,CUST005861,2023-08-28,2025-08-28,Cancelled,3115,37380
SUB0005862,CUST005862,2023-06-27,2024-06-27,Active,644,7728
SUB0005863,CUST005863,2025-11-24,2027-11-24,Pending Renewal,24082,288984
SUB0005864,CUST005864,2025-11-23,2026-11-23,Active,1036,12432
SUB0005865,CUST005865,2024-04-01,2027-04-01,Cancelled,22798,273576
SUB0005866,CUST005866,2023-09-22,2026-09-22,Active,2659,31908
SUB0005867,CUST005867,2024-02-16,2025-02-16,Pending Renewal,160,1920
SUB0005868,CUST005868,2025-05-13,2028-05-13,Active,2058,24696
SUB0005869,CUST005869,2024-07-02,2025-07-02,Active,426,5112
SUB0005870,CUST005870,2025-06-13,2027-06-13,Active,1502,18024
SUB0005871,CUST005871,2024-11-18,2026-11-18,Active,5132,61584
SUB0005872,CUST005872,2023-08-13,2026-08-13,Active,901,10812
SUB0005873,CUST005873,2025-08-28,2026-08-28,Active,390,4680
SUB0005874,CUST005874,2023-12-08,2026-12-08,Pending Renewal,1415,16980
SUB0005875,CUST005875,2025-09-24,2028-09-24,Pending Renewal,499,5988
SUB0005876,CUST005876,2023-11-20,2024-11-20,Active,5049,60588
SUB0005877,CUST005877,2025-09-26,2028-09-26,Active,5984,71808
SUB0005878,CUST005878,2025-02-04,2028-02-04,Active,4577,54924
SUB0005879,CUST005879,2024-11-30,2027-11-30,Active,732,8784
SUB0005880,CUST005880,2023-10-16,2025-10-16,Active,4712,56544
SUB0005881,CUST005881,2023-09-21,2024-09-21,Active,6668,80016
SUB0005882,CUST005882,2025-11-08,2028-11-08,Active,6056,72672
SUB0005883,CUST005883,2025-07-02,2026-07-02,Pending Renewal,4185,50220
SUB0005884,CUST005884,2024-09-02,2027-09-02,Active,1665,19980
SUB0005885,CUST005885,2024-07-20,2025-07-20,Active,1085,13020
SUB0005886,CUST005886,2025-12-12,2026-12-12,Active,6475,77700
SUB0005887,CUST005887,2024-06-12,2026-06-12,Active,5510,66120
SUB0005888,CUST005888,2024-02-27,2026-02-27,Active,1232,14784
SUB0005889,CUST005889,2025-02-15,2027-02-15,Active,24970,299640
SUB0005890,CUST005890,2025-06-24,2026-06-24,Active,4129,49548
SUB0005891,CUST005891,2025-12-15,2026-12-15,Active,1957,23484
SUB0005892,CUST005892,2025-07-03,2026-07-03,Active,3555,42660
SUB0005893,CUST005893,2023-09-07,2024-09-07,Active,3122,37464
SUB0005894,CUST005894,2024-10-24,2026-10-24,Active,11994,143928
SUB0005895,CUST005895,2024-07-16,2026-07-16,Cancelled,1068,12816
SUB0005896,CUST005896,2025-03-10,2028-03-10,Active,1603,19236
SUB0005897,CUST005897,2024-08-27,2027-08-27,Active,16270,195240
SUB0005898,CUST005898,2023-09-28,2026-09-28,Active,1315,15780
SUB0005899,CUST005899,2025-01-07,2027-01-07,Active,1945,23340
SUB0005900,CUST005900,2024-01-15,2025-01-15,Active,713,8556
SUB0005901,CUST005901,2023-11-27,2026-11-27,Active,6268,75216
SUB0005902,CUST005902,2024-09-20,2027-09-20,Active,295,3540
SUB0005903,CUST005903,2024-03-09,2027-03-09,Active,1085,13020
SUB0005904,CUST005904,2025-09-09,2026-09-09,Active,19992,239904
SUB0005905,CUST005905,2024-10-24,2027-10-24,Active,20590,247080
SUB0005906,CUST005906,2025-09-20,2027-09-20,Active,4106,49272
SUB0005907,CUST005907,2024-09-09,2027-09-09,Active,243,2916
SUB0005908,CUST005908,2024-01-15,2025-01-15,Active,3156,37872
SUB0005909,CUST005909,2024-05-27,2027-05-27,Active,990,11880
SUB0005910,CUST005910,2024-06-07,2027-06-07,Active,486,5832
SUB0005911,CUST005911,2025-12-07,2026-12-07,Active,2372,28464
SUB0005912,CUST005912,2024-02-03,2027-02-03,Active,7255,87060
SUB0005913,CUST005913,2024-07-11,2026-07-11,Active,2693,32316
SUB0005914,CUST005914,2023-12-24,2025-12-24,Active,827,9924
SUB0005915,CUST005915,2025-03-01,2026-03-01,Active,1176,14112
SUB0005916,CUST005916,2025-10-17,2026-10-17,Active,12916,154992
SUB0005917,CUST005917,2024-05-29,2026-05-29,Active,154,1848
SUB0005918,CUST005918,2025-09-02,2026-09-02,Pending Renewal,1784,21408
SUB0005919,CUST005919,2024-05-06,2026-05-06,Active,1184,14208
SUB0005920,CUST005920,2025-05-17,2027-05-17,Active,6652,79824
SUB0005921,CUST005921,2025-10-15,2028-10-15,Active,4024,48288
SUB0005922,CUST005922,2023-09-03,2024-09-03,Active,18459,221508
SUB0005923,CUST005923,2024-07-19,2025-07-19,Active,2459,29508
SUB0005924,CUST005924,2024-10-27,2026-10-27,Pending Renewal,1627,19524
SUB0005925,CUST005925,2024-05-19,2025-05-19,Active,1885,22620
SUB0005926,CUST005926,2023-10-28,2025-10-28,Active,3591,43092
SUB0005927,CUST005927,2024-01-05,2026-01-05,Active,3520,42240
SUB0005928,CUST005928,2023-12-28,2024-12-28,Active,3517,42204
SUB0005929,CUST005929,2025-07-18,2026-07-18,Active,7444,89328
SUB0005930,CUST005930,2024-02-22,2027-02-22,Active,218,2616
SUB0005931,CUST005931,2024-10-03,2026-10-03,Active,8899,106788
SUB0005932,CUST005932,2025-06-02,2027-06-02,Active,1262,15144
SUB0005933,CUST005933,2024-02-17,2026-02-17,Active,771,9252
SUB0005934,CUST005934,2024-03-16,2025-03-16,Active,1910,22920
SUB0005935,CUST005935,2025-04-06,2028-04-06,Active,3861,46332
SUB0005936,CUST005936,2025-12-02,2026-12-02,Active,2585,31020
SUB0005937,CUST005937,2024-11-16,2025-11-16,Pending Renewal,11469,137628
SUB0005938,CUST005938,2025-09-14,2028-09-14,Active,1506,18072
SUB0005939,CUST005939,2023-08-12,2025-08-12,Active,1700,20400
SUB0005940,CUST005940,2025-07-25,2026-07-25,Active,8771,105252
SUB0005941,CUST005941,2023-08-18,2026-08-18,Active,1620,19440
SUB0005942,CUST005942,2025-05-09,2028-05-09,Active,6480,77760
SUB0005943,CUST005943,2024-12-20,2025-12-20,Active,415,4980
SUB0005944,CUST005944,2025-09-01,2026-09-01,Active,5288,63456
SUB0005945,CUST005945,2025-07-22,2027-07-22,Active,7362,88344
SUB0005946,CUST005946,2025-10-21,2026-10-21,Active,3027,36324
SUB0005947,CUST005947,2024-10-18,2027-10-18,Active,5966,71592
SUB0005948,CUST005948,2023-10-03,2026-10-03,Cancelled,1135,13620
SUB0005949,CUST005949,2025-12-12,2028-12-12,Active,4768,57216
SUB0005950,CUST005950,2025-09-15,2028-09-15,Pending Renewal,1719,20628
SUB0005951,CUST005951,2023-11-24,2025-11-24,Active,1303,15636
SUB0005952,CUST005952,2023-10-27,2025-10-27,Active,4282,51384
SUB0005953,CUST005953,2025-05-18,2027-05-18,Active,22703,272436
SUB0005954,CUST005954,2024-01-20,2026-01-20,Active,1555,18660
SUB0005955,CUST005955,2024-07-30,2025-07-30,Active,1659,19908
SUB0005956,CUST005956,2024-02-25,2027-02-25,Cancelled,21669,260028
SUB0005957,CUST005957,2025-05-07,2026-05-07,Active,1008,12096
SUB0005958,CUST005958,2024-07-20,2027-07-20,Active,1892,22704
SUB0005959,CUST005959,2025-03-08,2027-03-08,Active,14333,171996
SUB0005960,CUST005960,2025-09-07,2028-09-07,Active,1731,20772
SUB0005961,CUST005961,2025-06-08,2028-06-08,Active,2563,30756
SUB0005962,CUST005962,2023-11-30,2026-11-30,Active,1416,16992
SUB0005963,CUST005963,2025-11-09,2026-11-09,Active,13485,161820
SUB0005964,CUST005964,2024-04-28,2025-04-28,Active,7673,92076
SUB0005965,CUST005965,2023-08-07,2024-08-07,Pending Renewal,1039,12468
SUB0005966,CUST005966,2024-09-04,2025-09-04,Active,1087,13044
SUB0005967,CUST005967,2023-06-26,2024-06-26,Active,1189,14268
SUB0005968,CUST005968,2024-09-13,2025-09-13,Active,170,2040
SUB0005969,CUST005969,2024-02-13,2026-02-13,Active,360,4320
SUB0005970,CUST005970,2023-08-31,2026-08-31,Active,1704,20448
SUB0005971,CUST005971,2025-07-23,2028-07-23,Pending Renewal,3596,43152
SUB0005972,CUST005972,2023-11-29,2024-11-29,Active,554,6648
SUB0005973,CUST005973,2024-01-06,2027-01-06,Active,6206,74472
SUB0005974,CUST005974,2025-11-08,2027-11-08,Active,3499,41988
SUB0005975,CUST005975,2025-09-03,2028-09-03,Active,1333,15996
SUB0005976,CUST005976,2024-08-03,2027-08-03,Active,1358,16296
SUB0005977,CUST005977,2025-05-17,2028-05-17,Active,863,10356
SUB0005978,CUST005978,2023-10-28,2024-10-28,Active,5029,60348
SUB0005979,CUST005979,2024-10-28,2025-10-28,Active,6503,78036
SUB0005980,CUST005980,2025-06-21,2027-06-21,Active,3718,44616
SUB0005981,CUST005981,2024-10-01,2027-10-01,Active,24681,296172
SUB0005982,CUST005982,2024-03-24,2027-03-24,Active,6262,75144
SUB0005983,CUST005983,2023-07-29,2024-07-29,Active,216,2592
SUB0005984,CUST005984,2023-10-17,2026-10-17,Active,1533,18396
SUB0005985,CUST005985,2025-07-09,2026-07-09,Active,369,4428
SUB0005986,CUST005986,2025-10-01,2026-10-01,Active,1614,19368
SUB0005987,CUST005987,2025-11-01,2026-11-01,Active,2992,35904
SUB0005988,CUST005988,2023-10-03,2025-10-03,Active,13349,160188
SUB0005989,CUST005989,2024-12-12,2026-12-12,Active,16857,202284
SUB0005990,CUST005990,2023-06-28,2024-06-28,Active,20597,247164
SUB0005991,CUST005991,2024-05-12,2025-05-12,Active,4988,59856
SUB0005992,CUST005992,2024-12-03,2027-12-03,Active,22316,267792
SUB0005993,CUST005993,2025-01-06,2028-01-06,Active,1972,23664
SUB0005994,CUST005994,2024-07-23,2027-07-23,Active,479,5748
SUB0005995,CUST005995,2023-08-09,2026-08-09,Pending Renewal,713,8556
SUB0005996,CUST005996,2025-01-23,2027-01-23,Active,376,4512
SUB0005997,CUST005997,2024-07-16,2025-07-16,Active,23558,282696
SUB0005998,CUST005998,2024-11-20,2027-11-20,Cancelled,5582,66984
SUB0005999,CUST005999,2025-06-24,2028-06-24,Active,391,4692
SUB0006000,CUST006000,2024-02-27,2027-02-27,Active,7441,89292
SUB0006001,CUST006001,2024-06-27,2026-06-27,Active,4139,49668
SUB0006002,CUST006002,2025-02-10,2027-02-10,Active,10032,120384
SUB0006003,CUST006003,2023-08-03,2025-08-03,Active,374,4488
SUB0006004,CUST006004,2025-09-10,2026-09-10,Pending Renewal,696,8352
SUB0006005,CUST006005,2024-07-14,2027-07-14,Active,3615,43380
SUB0006006,CUST006006,2023-08-26,2026-08-26,Active,2069,24828
SUB0006007,CUST006007,2023-08-20,2026-08-20,Active,1181,14172
SUB0006008,CUST006008,2025-07-09,2027-07-09,Pending Renewal,1663,19956
SUB0006009,CUST006009,2023-08-04,2024-08-04,Active,823,9876
SUB0006010,CUST006010,2024-01-05,2026-01-05,Pending Renewal,2002,24024
SUB0006011,CUST006011,2025-01-17,2026-01-17,Active,1769,21228
SUB0006012,CUST006012,2025-07-02,2028-07-02,Pending Renewal,561,6732
SUB0006013,CUST006013,2025-10-26,2026-10-26,Active,334,4008
SUB0006014,CUST006014,2025-07-14,2028-07-14,Active,1400,16800
SUB0006015,CUST006015,2025-01-16,2026-01-16,Active,5968,71616
SUB0006016,CUST006016,2025-10-02,2026-10-02,Active,6707,80484
SUB0006017,CUST006017,2025-07-17,2026-07-17,Active,21303,255636
SUB0006018,CUST006018,2025-06-30,2026-06-30,Active,21350,256200
SUB0006019,CUST006019,2023-12-01,2026-12-01,Active,662,7944
SUB0006020,CUST006020,2023-06-26,2025-06-26,Active,2122,25464
SUB0006021,CUST006021,2025-04-30,2027-04-30,Active,1619,19428
SUB0006022,CUST006022,2025-02-03,2027-02-03,Active,3854,46248
SUB0006023,CUST006023,2023-12-22,2026-12-22,Active,17806,213672
SUB0006024,CUST006024,2025-09-11,2028-09-11,Active,2126,25512
SUB0006025,CUST006025,2025-06-30,2027-06-30,Active,7803,93636
SUB0006026,CUST006026,2025-04-12,2027-04-12,Active,5404,64848
SUB0006027,CUST006027,2025-07-11,2026-07-11,Active,1686,20232
SUB0006028,CUST006028,2024-10-31,2027-10-31,Active,3453,41436
SUB0006029,CUST006029,2024-09-28,2026-09-28,Active,613,7356
SUB0006030,CUST006030,2025-01-20,2027-01-20,Active,2000,24000
SUB0006031,CUST006031,2024-12-21,2026-12-21,Pending Renewal,12228,146736
SUB0006032,CUST006032,2025-09-29,2028-09-29,Active,1685,20220
SUB0006033,CUST006033,2025-11-17,2026-11-17,Active,3276,39312
SUB0006034,CUST006034,2023-11-06,2026-11-06,Active,2619,31428
SUB0006035,CUST006035,2025-06-24,2027-06-24,Active,4731,56772
SUB0006036,CUST006036,2023-08-07,2024-08-07,Active,7491,89892
SUB0006037,CUST006037,2024-10-21,2026-10-21,Active,763,9156
SUB0006038,CUST006038,2025-02-04,2026-02-04,Active,2966,35592
SUB0006039,CUST006039,2023-09-06,2026-09-06,Active,1126,13512
SUB0006040,CUST006040,2024-09-28,2027-09-28,Active,915,10980
SUB0006041,CUST006041,2023-08-15,2026-08-15,Pending Renewal,19601,235212
SUB0006042,CUST006042,2024-09-07,2025-09-07,Active,450,5400
SUB0006043,CUST006043,2024-04-28,2026-04-28,Active,21733,260796
SUB0006044,CUST006044,2025-08-28,2028-08-28,Active,6570,78840
SUB0006045,CUST006045,2024-08-22,2025-08-22,Active,6085,73020
SUB0006046,CUST006046,2024-03-12,2025-03-12,Active,439,5268
SUB0006047,CUST006047,2023-08-23,2024-08-23,Active,2231,26772
SUB0006048,CUST006048,2024-01-21,2025-01-21,Active,24547,294564
SUB0006049,CUST006049,2025-11-28,2028-11-28,Cancelled,13847,166164
SUB0006050,CUST006050,2025-01-09,2026-01-09,Active,434,5208
SUB0006051,CUST006051,2024-05-14,2027-05-14,Active,6066,72792
SUB0006052,CUST006052,2025-05-14,2028-05-14,Active,437,5244
SUB0006053,CUST006053,2024-08-24,2027-08-24,Active,5273,63276
SUB0006054,CUST006054,2025-01-25,2027-01-25,Active,2563,30756
SUB0006055,CUST006055,2023-07-06,2024-07-06,Active,298,3576
SUB0006056,CUST006056,2025-06-27,2026-06-27,Cancelled,1283,15396
SUB0006057,CUST006057,2025-03-28,2027-03-28,Active,1528,18336
SUB0006058,CUST006058,2024-10-23,2026-10-23,Active,5895,70740
SUB0006059,CUST006059,2025-03-13,2028-03-13,Active,2127,25524
SUB0006060,CUST006060,2025-12-11,2026-12-11,Active,2695,32340
SUB0006061,CUST006061,2025-07-25,2026-07-25,Active,13742,164904
SUB0006062,CUST006062,2024-02-20,2025-02-20,Active,1254,15048
SUB0006063,CUST006063,2024-07-19,2026-07-19,Active,493,5916
SUB0006064,CUST006064,2023-07-17,2026-07-17,Pending Renewal,605,7260
SUB0006065,CUST006065,2024-06-16,2027-06-16,Active,4258,51096
SUB0006066,CUST006066,2025-08-21,2027-08-21,Active,469,5628
SUB0006067,CUST006067,2023-07-26,2025-07-26,Active,869,10428
SUB0006068,CUST006068,2025-12-19,2026-12-19,Active,7417,89004
SUB0006069,CUST006069,2025-11-17,2027-11-17,Active,1250,15000
SUB0006070,CUST006070,2025-05-31,2026-05-31,Active,5193,62316
SUB0006071,CUST006071,2024-06-13,2027-06-13,Active,3606,43272
SUB0006072,CUST006072,2023-09-01,2026-09-01,Active,287,3444
SUB0006073,CUST006073,2024-09-24,2025-09-24,Active,6675,80100
SUB0006074,CUST006074,2024-12-23,2025-12-23,Active,24093,289116
SUB0006075,CUST006075,2023-12-05,2026-12-05,Pending Renewal,5328,63936
SUB0006076,CUST006076,2024-07-01,2027-07-01,Cancelled,3641,43692
SUB0006077,CUST006077,2025-10-13,2028-10-13,Active,17024,204288
SUB0006078,CUST006078,2025-07-28,2027-07-28,Active,417,5004
SUB0006079,CUST006079,2024-04-13,2025-04-13,Pending Renewal,22732,272784
SUB0006080,CUST006080,2025-08-06,2027-08-06,Active,3168,38016
SUB0006081,CUST006081,2025-12-11,2026-12-11,Pending Renewal,6145,73740
SUB0006082,CUST006082,2024-06-07,2027-06-07,Pending Renewal,24370,292440
SUB0006083,CUST006083,2024-12-28,2027-12-28,Active,1476,17712
SUB0006084,CUST006084,2025-08-02,2026-08-02,Active,5395,64740
SUB0006085,CUST006085,2024-01-26,2025-01-26,Active,3110,37320
SUB0006086,CUST006086,2023-09-19,2024-09-19,Active,747,8964
SUB0006087,CUST006087,2023-12-08,2024-12-08,Active,400,4800
SUB0006088,CUST006088,2024-09-11,2027-09-11,Active,1127,13524
SUB0006089,CUST006089,2024-06-21,2025-06-21,Active,1871,22452
SUB0006090,CUST006090,2023-12-24,2026-12-24,Active,1909,22908
SUB0006091,CUST006091,2025-02-07,2026-02-07,Active,459,5508
SUB0006092,CUST006092,2023-09-01,2026-09-01,Active,4168,50016
SUB0006093,CUST006093,2024-10-27,2027-10-27,Active,1775,21300
SUB0006094,CUST006094,2024-08-17,2025-08-17,Active,1653,19836
SUB0006095,CUST006095,2025-01-24,2027-01-24,Active,6463,77556
SUB0006096,CUST006096,2025-04-28,2027-04-28,Cancelled,1210,14520
SUB0006097,CUST006097,2024-07-14,2025-07-14,Active,8334,100008
SUB0006098,CUST006098,2024-06-28,2027-06-28,Active,3393,40716
SUB0006099,CUST006099,2024-09-05,2027-09-05,Active,492,5904
SUB0006100,CUST006100,2025-05-01,2027-05-01,Active,235,2820
SUB0006101,CUST006101,2025-10-30,2028-10-30,Active,873,10476
SUB0006102,CUST006102,2024-03-01,2026-03-01,Pending Renewal,615,7380
SUB0006103,CUST006103,2023-11-28,2026-11-28,Active,4294,51528
SUB0006104,CUST006104,2023-10-10,2025-10-10,Active,8036,96432
SUB0006105,CUST006105,2023-08-14,2026-08-14,Active,1946,23352
SUB0006106,CUST006106,2025-09-09,2028-09-09,Pending Renewal,20647,247764
SUB0006107,CUST006107,2025-11-08,2026-11-08,Active,1336,16032
SUB0006108,CUST006108,2025-04-20,2026-04-20,Active,18588,223056
SUB0006109,CUST006109,2023-09-11,2024-09-11,Active,18403,220836
SUB0006110,CUST006110,2024-10-25,2027-10-25,Active,470,5640
SUB0006111,CUST006111,2024-03-02,2027-03-02,Active,230,2760
SUB0006112,CUST006112,2025-03-08,2027-03-08,Active,470,5640
SUB0006113,CUST006113,2025-04-18,2026-04-18,Active,1948,23376
SUB0006114,CUST006114,2024-05-22,2027-05-22,Active,320,3840
SUB0006115,CUST006115,2023-08-26,2026-08-26,Active,690,8280
SUB0006116,CUST006116,2024-06-20,2026-06-20,Active,1248,14976
SUB0006117,CUST006117,2025-08-22,2028-08-22,Active,18358,220296
SUB0006118,CUST006118,2025-10-23,2026-10-23,Active,1224,14688
SUB0006119,CUST006119,2025-05-12,2028-05-12,Active,2378,28536
SUB0006120,CUST006120,2025-08-13,2026-08-13,Active,3184,38208
SUB0006121,CUST006121,2024-07-17,2027-07-17,Active,343,4116
SUB0006122,CUST006122,2025-03-21,2027-03-21,Active,20716,248592
SUB0006123,CUST006123,2023-09-14,2026-09-14,Active,6318,75816
SUB0006124,CUST006124,2023-11-06,2026-11-06,Active,361,4332
SUB0006125,CUST006125,2025-06-24,2028-06-24,Active,4647,55764
SUB0006126,CUST006126,2025-12-17,2028-12-17,Active,19026,228312
SUB0006127,CUST006127,2024-07-12,2025-07-12,Active,7397,88764
SUB0006128,CUST006128,2024-05-10,2026-05-10,Active,576,6912
SUB0006129,CUST006129,2023-09-05,2026-09-05,Active,7901,94812
SUB0006130,CUST006130,2023-09-11,2026-09-11,Active,1180,14160
SUB0006131,CUST006131,2023-10-13,2025-10-13,Active,1199,14388
SUB0006132,CUST006132,2023-10-13,2026-10-13,Active,1355,16260
SUB0006133,CUST006133,2024-10-26,2027-10-26,Active,7752,93024
SUB0006134,CUST006134,2024-09-24,2026-09-24,Active,6818,81816
SUB0006135,CUST006135,2024-01-13,2026-01-13,Active,24733,296796
SUB0006136,CUST006136,2023-11-28,2024-11-28,Active,6555,78660
SUB0006137,CUST006137,2023-09-02,2024-09-02,Active,736,8832
SUB0006138,CUST006138,2024-02-20,2026-02-20,Active,1708,20496
SUB0006139,CUST006139,2023-08-10,2026-08-10,Cancelled,179,2148
SUB0006140,CUST006140,2025-09-30,2026-09-30,Active,1899,22788
SUB0006141,CUST006141,2025-02-07,2027-02-07,Active,1234,14808
SUB0006142,CUST006142,2024-10-10,2025-10-10,Active,1771,21252
SUB0006143,CUST006143,2025-07-15,2026-07-15,Active,2336,28032
SUB0006144,CUST006144,2023-12-31,2026-12-31,Active,1460,17520
SUB0006145,CUST006145,2025-01-21,2028-01-21,Active,5196,62352
SUB0006146,CUST006146,2024-06-27,2026-06-27,Active,1601,19212
SUB0006147,CUST006147,2024-11-22,2025-11-22,Active,2615,31380
SUB0006148,CUST006148,2023-10-23,2025-10-23,Active,2482,29784
SUB0006149,CUST006149,2024-04-24,2026-04-24,Active,5722,68664
SUB0006150,CUST006150,2025-12-07,2027-12-07,Active,8947,107364
SUB0006151,CUST006151,2023-09-17,2025-09-17,Active,7149,85788
SUB0006152,CUST006152,2024-01-24,2026-01-24,Active,16118,193416
SUB0006153,CUST006153,2025-05-26,2027-05-26,Active,378,4536
SUB0006154,CUST006154,2024-10-09,2025-10-09,Active,20046,240552
SUB0006155,CUST006155,2024-01-09,2026-01-09,Active,5382,64584
SUB0006156,CUST006156,2024-08-17,2027-08-17,Active,6252,75024
SUB0006157,CUST006157,2023-10-06,2025-10-06,Active,799,9588
SUB0006158,CUST006158,2024-08-25,2025-08-25,Active,6017,72204
SUB0006159,CUST006159,2024-07-07,2025-07-07,Active,1290,15480
SUB0006160,CUST006160,2024-12-21,2025-12-21,Pending Renewal,406,4872
SUB0006161,CUST006161,2025-10-24,2026-10-24,Active,7616,91392
SUB0006162,CUST006162,2024-12-25,2027-12-25,Pending Renewal,14430,173160
SUB0006163,CUST006163,2024-02-04,2026-02-04,Pending Renewal,23459,281508
SUB0006164,CUST006164,2024-01-09,2025-01-09,Active,4317,51804
SUB0006165,CUST006165,2025-05-24,2027-05-24,Pending Renewal,1183,14196
SUB0006166,CUST006166,2024-01-14,2026-01-14,Active,485,5820
SUB0006167,CUST006167,2024-06-23,2026-06-23,Pending Renewal,134,1608
SUB0006168,CUST006168,2025-01-16,2027-01-16,Active,619,7428
SUB0006169,CUST006169,2024-07-31,2027-07-31,Active,863,10356
SUB0006170,CUST006170,2025-11-26,2027-11-26,Active,1381,16572
SUB0006171,CUST006171,2024-04-09,2025-04-09,Active,8501,102012
SUB0006172,CUST006172,2024-01-11,2026-01-11,Active,7955,95460
SUB0006173,CUST006173,2025-05-02,2028-05-02,Active,18582,222984
SUB0006174,CUST006174,2023-08-13,2026-08-13,Active,1410,16920
SUB0006175,CUST006175,2024-10-16,2027-10-16,Active,6439,77268
SUB0006176,CUST006176,2025-03-30,2027-03-30,Active,949,11388
SUB0006177,CUST006177,2024-08-16,2026-08-16,Active,5102,61224
SUB0006178,CUST006178,2024-06-10,2027-06-10,Active,203,2436
SUB0006179,CUST006179,2025-11-21,2026-11-21,Active,329,3948
SUB0006180,CUST006180,2024-05-17,2025-05-17,Active,7853,94236
SUB0006181,CUST006181,2024-12-03,2025-12-03,Active,12914,154968
SUB0006182,CUST006182,2023-11-29,2024-11-29,Active,3014,36168
SUB0006183,CUST006183,2024-05-13,2025-05-13,Active,1607,19284
SUB0006184,CUST006184,2024-06-10,2025-06-10,Pending Renewal,232,2784
SUB0006185,CUST006185,2024-03-29,2027-03-29,Active,1892,22704
SUB0006186,CUST006186,2023-08-28,2025-08-28,Active,1116,13392
SUB0006187,CUST006187,2024-06-10,2025-06-10,Active,12955,155460
SUB0006188,CUST006188,2024-06-09,2026-06-09,Pending Renewal,742,8904
SUB0006189,CUST006189,2024-10-27,2026-10-27,Pending Renewal,6309,75708
SUB0006190,CUST006190,2023-11-06,2026-11-06,Cancelled,3302,39624
SUB0006191,CUST006191,2025-04-10,2026-04-10,Active,17930,215160
SUB0006192,CUST006192,2025-09-09,2027-09-09,Active,14764,177168
SUB0006193,CUST006193,2025-04-25,2028-04-25,Active,6420,77040
SUB0006194,CUST006194,2024-03-08,2026-03-08,Active,728,8736
SUB0006195,CUST006195,2023-09-23,2024-09-23,Active,201,2412
SUB0006196,CUST006196,2024-09-07,2027-09-07,Pending Renewal,474,5688
SUB0006197,CUST006197,2024-11-03,2025-11-03,Active,18945,227340
SUB0006198,CUST006198,2023-11-12,2024-11-12,Cancelled,15119,181428
SUB0006199,CUST006199,2024-11-02,2026-11-02,Active,6461,77532
SUB0006200,CUST006200,2024-08-22,2027-08-22,Pending Renewal,2242,26904
SUB0006201,CUST006201,2023-12-30,2025-12-30,Active,5827,69924
SUB0006202,CUST006202,2024-05-23,2027-05-23,Active,5327,63924
SUB0006203,CUST006203,2023-12-10,2024-12-10,Active,7506,90072
SUB0006204,CUST006204,2025-01-22,2026-01-22,Active,2923,35076
SUB0006205,CUST006205,2025-03-25,2028-03-25,Active,2784,33408
SUB0006206,CUST006206,2024-11-30,2026-11-30,Active,7160,85920
SUB0006207,CUST006207,2025-03-13,2028-03-13,Active,941,11292
SUB0006208,CUST006208,2025-11-24,2028-11-24,Active,3196,38352
SUB0006209,CUST006209,2024-04-19,2026-04-19,Active,759,9108
SUB0006210,CUST006210,2025-01-07,2026-01-07,Active,151,1812
SUB0006211,CUST006211,2023-07-25,2026-07-25,Active,8867,106404
SUB0006212,CUST006212,2024-01-11,2026-01-11,Active,670,8040
SUB0006213,CUST006213,2025-01-13,2027-01-13,Active,1225,14700
SUB0006214,CUST006214,2023-12-16,2024-12-16,Active,1863,22356
SUB0006215,CUST006215,2025-03-14,2027-03-14,Active,854,10248
SUB0006216,CUST006216,2024-12-03,2026-12-03,Active,5361,64332
SUB0006217,CUST006217,2024-04-03,2025-04-03,Active,5622,67464
SUB0006218,CUST006218,2024-07-16,2026-07-16,Active,2012,24144
SUB0006219,CUST006219,2024-07-25,2025-07-25,Active,1414,16968
SUB0006220,CUST006220,2025-07-20,2027-07-20,Active,2419,29028
SUB0006221,CUST006221,2024-11-02,2027-11-02,Active,902,10824
SUB0006222,CUST006222,2025-02-05,2028-02-05,Active,7147,85764
SUB0006223,CUST006223,2023-09-12,2024-09-12,Active,865,10380
SUB0006224,CUST006224,2023-12-14,2025-12-14,Active,1616,19392
SUB0006225,CUST006225,2025-02-22,2028-02-22,Active,4325,51900
SUB0006226,CUST006226,2025-05-20,2027-05-20,Cancelled,5005,60060
SUB0006227,CUST006227,2025-01-12,2027-01-12,Active,1059,12708
SUB0006228,CUST006228,2023-07-30,2026-07-30,Pending Renewal,7057,84684
SUB0006229,CUST006229,2023-09-24,2024-09-24,Active,1580,18960
SUB0006230,CUST006230,2025-05-16,2028-05-16,Active,23606,283272
SUB0006231,CUST006231,2023-11-24,2026-11-24,Active,508,6096
SUB0006232,CUST006232,2023-09-28,2026-09-28,Active,1693,20316
SUB0006233,CUST006233,2025-03-20,2027-03-20,Pending Renewal,1438,17256
SUB0006234,CUST006234,2024-05-20,2027-05-20,Active,220,2640
SUB0006235,CUST006235,2025-06-13,2026-06-13,Active,7697,92364
SUB0006236,CUST006236,2023-08-05,2024-08-05,Active,108,1296
SUB0006237,CUST006237,2025-02-25,2028-02-25,Pending Renewal,279,3348
SUB0006238,CUST006238,2024-09-26,2027-09-26,Pending Renewal,13607,163284
SUB0006239,CUST006239,2025-11-05,2027-11-05,Active,1753,21036
SUB0006240,CUST006240,2025-03-23,2027-03-23,Active,5037,60444
SUB0006241,CUST006241,2025-09-28,2028-09-28,Active,11384,136608
SUB0006242,CUST006242,2025-06-01,2027-06-01,Active,13349,160188
SUB0006243,CUST006243,2024-08-09,2027-08-09,Pending Renewal,218,2616
SUB0006244,CUST006244,2025-08-17,2027-08-17,Active,192,2304
SUB0006245,CUST006245,2025-05-27,2028-05-27,Active,363,4356
SUB0006246,CUST006246,2024-11-24,2026-11-24,Active,1671,20052
SUB0006247,CUST006247,2025-09-28,2028-09-28,Active,17784,213408
SUB0006248,CUST006248,2025-04-29,2028-04-29,Active,5600,67200
SUB0006249,CUST006249,2024-07-05,2025-07-05,Active,992,11904
SUB0006250,CUST006250,2023-10-03,2025-10-03,Pending Renewal,1728,20736
SUB0006251,CUST006251,2025-08-21,2026-08-21,Active,1986,23832
SUB0006252,CUST006252,2025-11-24,2028-11-24,Active,21777,261324
SUB0006253,CUST006253,2024-07-21,2025-07-21,Active,1838,22056
SUB0006254,CUST006254,2024-06-16,2025-06-16,Active,1881,22572
SUB0006255,CUST006255,2023-12-25,2025-12-25,Active,487,5844
SUB0006256,CUST006256,2023-10-04,2024-10-04,Active,1300,15600
SUB0006257,CUST006257,2023-10-18,2024-10-18,Pending Renewal,1436,17232
SUB0006258,CUST006258,2023-07-26,2026-07-26,Active,811,9732
SUB0006259,CUST006259,2025-07-23,2028-07-23,Active,1178,14136
SUB0006260,CUST006260,2024-05-02,2027-05-02,Active,1435,17220
SUB0006261,CUST006261,2024-09-21,2027-09-21,Active,12543,150516
SUB0006262,CUST006262,2025-09-29,2027-09-29,Active,239,2868
SUB0006263,CUST006263,2025-03-18,2028-03-18,Active,555,6660
SUB0006264,CUST006264,2024-06-02,2025-06-02,Cancelled,5878,70536
SUB0006265,CUST006265,2025-11-23,2027-11-23,Active,160,1920
SUB0006266,CUST006266,2023-07-14,2024-07-14,Pending Renewal,1464,17568
SUB0006267,CUST006267,2025-04-20,2028-04-20,Active,4049,48588
SUB0006268,CUST006268,2024-06-19,2025-06-19,Active,1469,17628
SUB0006269,CUST006269,2023-08-05,2026-08-05,Active,7682,92184
SUB0006270,CUST006270,2024-10-14,2025-10-14,Active,1222,14664
SUB0006271,CUST006271,2024-08-15,2025-08-15,Active,1463,17556
SUB0006272,CUST006272,2025-09-29,2026-09-29,Active,10643,127716
SUB0006273,CUST006273,2025-04-17,2028-04-17,Active,871,10452
SUB0006274,CUST006274,2024-08-05,2027-08-05,Active,238,2856
SUB0006275,CUST006275,2025-12-11,2027-12-11,Active,1363,16356
SUB0006276,CUST006276,2025-11-26,2026-11-26,Active,17107,205284
SUB0006277,CUST006277,2024-12-10,2025-12-10,Active,351,4212
SUB0006278,CUST006278,2025-10-16,2028-10-16,Active,4524,54288
SUB0006279,CUST006279,2025-07-03,2027-07-03,Pending Renewal,1099,13188
SUB0006280,CUST006280,2025-12-14,2028-12-14,Active,24307,291684
SUB0006281,CUST006281,2024-07-25,2026-07-25,Active,1344,16128
SUB0006282,CUST006282,2024-07-27,2027-07-27,Active,6170,74040
SUB0006283,CUST006283,2025-03-29,2028-03-29,Active,1101,13212
SUB0006284,CUST006284,2025-02-17,2027-02-17,Active,6148,73776
SUB0006285,CUST006285,2024-04-26,2026-04-26,Pending Renewal,1674,20088
SUB0006286,CUST006286,2025-01-29,2028-01-29,Active,1238,14856
SUB0006287,CUST006287,2025-03-04,2026-03-04,Active,494,5928
SUB0006288,CUST006288,2024-08-12,2025-08-12,Pending Renewal,1664,19968
SUB0006289,CUST006289,2025-12-16,2026-12-16,Active,24496,293952
SUB0006290,CUST006290,2025-08-25,2026-08-25,Active,6230,74760
SUB0006291,CUST006291,2024-02-02,2027-02-02,Active,352,4224
SUB0006292,CUST006292,2024-06-07,2026-06-07,Active,5511,66132
SUB0006293,CUST006293,2025-03-22,2027-03-22,Active,795,9540
SUB0006294,CUST006294,2024-03-01,2025-03-01,Active,503,6036
SUB0006295,CUST006295,2024-07-05,2025-07-05,Active,5778,69336
SUB0006296,CUST006296,2024-12-10,2027-12-10,Cancelled,1106,13272
SUB0006297,CUST006297,2024-12-28,2025-12-28,Active,1712,20544
SUB0006298,CUST006298,2024-12-22,2026-12-22,Active,816,9792
SUB0006299,CUST006299,2024-06-30,2025-06-30,Active,1330,15960
SUB0006300,CUST006300,2025-05-28,2027-05-28,Active,274,3288
SUB0006301,CUST006301,2025-11-24,2026-11-24,Active,2064,24768
SUB0006302,CUST006302,2023-11-25,2024-11-25,Cancelled,17197,206364
SUB0006303,CUST006303,2025-09-08,2026-09-08,Active,4703,56436
SUB0006304,CUST006304,2025-03-20,2028-03-20,Pending Renewal,1257,15084
SUB0006305,CUST006305,2023-11-06,2026-11-06,Active,10205,122460
SUB0006306,CUST006306,2023-10-01,2026-10-01,Active,814,9768
SUB0006307,CUST006307,2024-05-10,2026-05-10,Pending Renewal,2646,31752
SUB0006308,CUST006308,2025-01-10,2028-01-10,Active,4947,59364
SUB0006309,CUST006309,2025-02-12,2026-02-12,Active,4433,53196
SUB0006310,CUST006310,2025-03-25,2028-03-25,Active,603,7236
SUB0006311,CUST006311,2025-08-07,2026-08-07,Active,1419,17028
SUB0006312,CUST006312,2023-08-25,2025-08-25,Active,416,4992
SUB0006313,CUST006313,2024-03-29,2026-03-29,Active,6992,83904
SUB0006314,CUST006314,2025-03-03,2028-03-03,Pending Renewal,7809,93708
SUB0006315,CUST006315,2025-02-09,2027-02-09,Active,356,4272
SUB0006316,CUST006316,2024-11-07,2025-11-07,Cancelled,8331,99972
SUB0006317,CUST006317,2024-06-01,2026-06-01,Active,1319,15828
SUB0006318,CUST006318,2024-05-13,2025-05-13,Active,1792,21504
SUB0006319,CUST006319,2024-08-29,2025-08-29,Active,723,8676
SUB0006320,CUST006320,2025-08-29,2027-08-29,Active,1123,13476
SUB0006321,CUST006321,2025-05-20,2027-05-20,Active,883,10596
SUB0006322,CUST006322,2025-06-18,2027-06-18,Active,726,8712
SUB0006323,CUST006323,2023-10-17,2026-10-17,Active,395,4740
SUB0006324,CUST006324,2025-10-11,2028-10-11,Active,1603,19236
SUB0006325,CUST006325,2024-06-25,2025-06-25,Pending Renewal,686,8232
SUB0006326,CUST006326,2024-09-29,2027-09-29,Active,1950,23400
SUB0006327,CUST006327,2024-07-05,2026-07-05,Pending Renewal,1647,19764
SUB0006328,CUST006328,2025-07-29,2028-07-29,Active,1862,22344
SUB0006329,CUST006329,2024-06-03,2027-06-03,Active,1708,20496
SUB0006330,CUST006330,2023-12-28,2026-12-28,Active,4038,48456
SUB0006331,CUST006331,2025-10-02,2026-10-02,Active,22260,267120
SUB0006332,CUST006332,2025-04-04,2028-04-04,Active,1685,20220
SUB0006333,CUST006333,2024-02-26,2026-02-26,Active,1202,14424
SUB0006334,CUST006334,2025-06-27,2027-06-27,Active,1745,20940
SUB0006335,CUST006335,2025-04-25,2027-04-25,Active,1812,21744
SUB0006336,CUST006336,2023-09-21,2026-09-21,Pending Renewal,1458,17496
SUB0006337,CUST006337,2023-12-09,2025-12-09,Active,15990,191880
SUB0006338,CUST006338,2025-02-19,2028-02-19,Cancelled,3596,43152
SUB0006339,CUST006339,2024-03-24,2027-03-24,Pending Renewal,3619,43428
SUB0006340,CUST006340,2025-08-18,2027-08-18,Active,3956,47472
SUB0006341,CUST006341,2024-10-04,2027-10-04,Active,5568,66816
SUB0006342,CUST006342,2024-07-01,2026-07-01,Active,1915,22980
SUB0006343,CUST006343,2025-07-23,2026-07-23,Active,1220,14640
SUB0006344,CUST006344,2025-09-17,2027-09-17,Active,1266,15192
SUB0006345,CUST006345,2023-10-02,2025-10-02,Active,6960,83520
SUB0006346,CUST006346,2025-08-09,2027-08-09,Cancelled,7860,94320
SUB0006347,CUST006347,2025-04-28,2026-04-28,Active,1146,13752
SUB0006348,CUST006348,2025-01-09,2027-01-09,Active,11458,137496
SUB0006349,CUST006349,2025-09-07,2027-09-07,Active,5045,60540
SUB0006350,CUST006350,2025-09-27,2026-09-27,Active,952,11424
SUB0006351,CUST006351,2025-06-06,2027-06-06,Active,1006,12072
SUB0006352,CUST006352,2025-06-13,2027-06-13,Active,1047,12564
SUB0006353,CUST006353,2023-10-11,2024-10-11,Active,5424,65088
SUB0006354,CUST006354,2024-10-23,2027-10-23,Active,1865,22380
SUB0006355,CUST006355,2024-11-15,2025-11-15,Active,2915,34980
SUB0006356,CUST006356,2025-12-14,2026-12-14,Active,1797,21564
SUB0006357,CUST006357,2024-09-08,2025-09-08,Active,3581,42972
SUB0006358,CUST006358,2025-03-02,2028-03-02,Active,162,1944
SUB0006359,CUST006359,2024-09-22,2025-09-22,Active,5688,68256
SUB0006360,CUST006360,2025-09-06,2026-09-06,Active,994,11928
SUB0006361,CUST006361,2023-10-05,2024-10-05,Active,12096,145152
SUB0006362,CUST006362,2025-02-21,2028-02-21,Active,12586,151032
SUB0006363,CUST006363,2025-05-13,2028-05-13,Active,4431,53172
SUB0006364,CUST006364,2024-12-05,2026-12-05,Active,12674,152088
SUB0006365,CUST006365,2024-09-04,2027-09-04,Active,7049,84588
SUB0006366,CUST006366,2023-10-13,2024-10-13,Active,5712,68544
SUB0006367,CUST006367,2023-12-05,2024-12-05,Active,6413,76956
SUB0006368,CUST006368,2025-10-10,2028-10-10,Active,6524,78288
SUB0006369,CUST006369,2024-07-02,2027-07-02,Active,211,2532
SUB0006370,CUST006370,2025-12-12,2026-12-12,Active,11490,137880
SUB0006371,CUST006371,2023-09-09,2026-09-09,Active,561,6732
SUB0006372,CUST006372,2025-09-23,2026-09-23,Active,5201,62412
SUB0006373,CUST006373,2024-08-05,2025-08-05,Active,115,1380
SUB0006374,CUST006374,2023-11-08,2024-11-08,Active,2732,32784
SUB0006375,CUST006375,2023-09-08,2025-09-08,Active,359,4308
SUB0006376,CUST006376,2024-06-08,2027-06-08,Active,12441,149292
SUB0006377,CUST006377,2025-11-29,2028-11-29,Pending Renewal,13790,165480
SUB0006378,CUST006378,2025-11-06,2026-11-06,Active,590,7080
SUB0006379,CUST006379,2024-08-04,2025-08-04,Active,21417,257004
SUB0006380,CUST006380,2023-07-17,2025-07-17,Active,1896,22752
SUB0006381,CUST006381,2024-04-21,2026-04-21,Active,3221,38652
SUB0006382,CUST006382,2025-03-04,2026-03-04,Pending Renewal,23385,280620
SUB0006383,CUST006383,2024-04-20,2026-04-20,Pending Renewal,243,2916
SUB0006384,CUST006384,2024-01-24,2026-01-24,Active,16198,194376
SUB0006385,CUST006385,2024-12-04,2027-12-04,Active,1682,20184
SUB0006386,CUST006386,2023-08-07,2026-08-07,Active,14277,171324
SUB0006387,CUST006387,2023-10-26,2025-10-26,Active,4937,59244
SUB0006388,CUST006388,2025-05-19,2027-05-19,Active,312,3744
SUB0006389,CUST006389,2023-11-12,2026-11-12,Active,2386,28632
SUB0006390,CUST006390,2025-08-17,2026-08-17,Pending Renewal,5153,61836
SUB0006391,CUST006391,2025-02-28,2026-02-28,Active,4478,53736
SUB0006392,CUST006392,2025-07-04,2026-07-04,Pending Renewal,983,11796
SUB0006393,CUST006393,2023-08-04,2026-08-04,Active,295,3540
SUB0006394,CUST006394,2024-01-24,2027-01-24,Active,5644,67728
SUB0006395,CUST006395,2024-11-17,2027-11-17,Active,24973,299676
SUB0006396,CUST006396,2025-05-07,2026-05-07,Active,2022,24264
SUB0006397,CUST006397,2024-04-20,2027-04-20,Active,1151,13812
SUB0006398,CUST006398,2023-12-06,2026-12-06,Active,1064,12768
SUB0006399,CUST006399,2023-07-24,2026-07-24,Active,15999,191988
SUB0006400,CUST006400,2024-06-27,2025-06-27,Active,2436,29232
SUB0006401,CUST006401,2024-10-11,2026-10-11,Active,4406,52872
SUB0006402,CUST006402,2023-10-14,2024-10-14,Active,2782,33384
SUB0006403,CUST006403,2024-08-29,2025-08-29,Active,6819,81828
SUB0006404,CUST006404,2025-04-02,2027-04-02,Active,779,9348
SUB0006405,CUST006405,2023-11-16,2025-11-16,Active,338,4056
SUB0006406,CUST006406,2024-02-21,2027-02-21,Active,2308,27696
SUB0006407,CUST006407,2025-01-25,2026-01-25,Active,1584,19008
SUB0006408,CUST006408,2025-11-10,2027-11-10,Active,217,2604
SUB0006409,CUST006409,2024-08-06,2026-08-06,Active,3761,45132
SUB0006410,CUST006410,2025-08-15,2028-08-15,Active,1071,12852
SUB0006411,CUST006411,2025-12-08,2026-12-08,Active,1189,14268
SUB0006412,CUST006412,2023-10-30,2026-10-30,Active,1598,19176
SUB0006413,CUST006413,2025-07-06,2028-07-06,Active,7295,87540
SUB0006414,CUST006414,2023-09-19,2024-09-19,Active,7015,84180
SUB0006415,CUST006415,2025-08-31,2027-08-31,Active,198,2376
SUB0006416,CUST006416,2025-04-07,2027-04-07,Active,3541,42492
SUB0006417,CUST006417,2023-09-13,2025-09-13,Active,3464,41568
SUB0006418,CUST006418,2023-08-16,2024-08-16,Active,482,5784
SUB0006419,CUST006419,2025-05-30,2027-05-30,Pending Renewal,1151,13812
SUB0006420,CUST006420,2023-11-06,2026-11-06,Active,3822,45864
SUB0006421,CUST006421,2024-10-25,2026-10-25,Active,7276,87312
SUB0006422,CUST006422,2025-05-08,2028-05-08,Active,7845,94140
SUB0006423,CUST006423,2024-06-14,2026-06-14,Active,841,10092
SUB0006424,CUST006424,2023-09-12,2025-09-12,Active,4389,52668
SUB0006425,CUST006425,2023-10-16,2024-10-16,Active,3604,43248
SUB0006426,CUST006426,2024-05-16,2026-05-16,Active,1447,17364
SUB0006427,CUST006427,2025-01-16,2028-01-16,Active,884,10608
SUB0006428,CUST006428,2025-08-31,2028-08-31,Active,714,8568
SUB0006429,CUST006429,2025-11-18,2028-11-18,Active,23662,283944
SUB0006430,CUST006430,2025-12-22,2028-12-22,Active,378,4536
SUB0006431,CUST006431,2025-04-04,2027-04-04,Active,1591,19092
SUB0006432,CUST006432,2024-10-03,2026-10-03,Active,787,9444
SUB0006433,CUST006433,2024-01-23,2025-01-23,Active,15757,189084
SUB0006434,CUST006434,2024-11-21,2025-11-21,Active,3948,47376
SUB0006435,CUST006435,2025-05-10,2026-05-10,Active,998,11976
SUB0006436,CUST006436,2023-09-02,2024-09-02,Active,1914,22968
SUB0006437,CUST006437,2023-08-17,2024-08-17,Pending Renewal,7659,91908
SUB0006438,CUST006438,2024-10-02,2025-10-02,Active,1943,23316
SUB0006439,CUST006439,2023-10-20,2024-10-20,Active,7405,88860
SUB0006440,CUST006440,2024-07-13,2025-07-13,Active,1123,13476
SUB0006441,CUST006441,2024-06-02,2025-06-02,Active,132,1584
SUB0006442,CUST006442,2024-02-28,2027-02-28,Active,20446,245352
SUB0006443,CUST006443,2025-11-23,2028-11-23,Active,2654,31848
SUB0006444,CUST006444,2025-12-01,2028-12-01,Active,1537,18444
SUB0006445,CUST006445,2025-07-27,2027-07-27,Active,23779,285348
SUB0006446,CUST006446,2024-10-01,2026-10-01,Active,1642,19704
SUB0006447,CUST006447,2024-08-27,2026-08-27,Active,1174,14088
SUB0006448,CUST006448,2025-11-14,2027-11-14,Pending Renewal,3671,44052
SUB0006449,CUST006449,2024-11-06,2027-11-06,Active,702,8424
SUB0006450,CUST006450,2023-06-29,2025-06-29,Active,1352,16224
SUB0006451,CUST006451,2024-09-12,2027-09-12,Active,313,3756
SUB0006452,CUST006452,2025-04-15,2027-04-15,Active,4010,48120
SUB0006453,CUST006453,2024-02-26,2026-02-26,Active,731,8772
SUB0006454,CUST006454,2024-06-16,2026-06-16,Active,537,6444
SUB0006455,CUST006455,2025-11-02,2027-11-02,Pending Renewal,1828,21936
SUB0006456,CUST006456,2025-09-06,2026-09-06,Active,3266,39192
SUB0006457,CUST006457,2025-09-21,2027-09-21,Pending Renewal,1259,15108
SUB0006458,CUST006458,2025-01-13,2026-01-13,Pending Renewal,591,7092
SUB0006459,CUST006459,2025-12-12,2028-12-12,Active,4644,55728
SUB0006460,CUST006460,2025-02-26,2027-02-26,Active,5007,60084
SUB0006461,CUST006461,2023-07-11,2026-07-11,Active,4045,48540
SUB0006462,CUST006462,2023-06-28,2025-06-28,Active,6875,82500
SUB0006463,CUST006463,2024-12-11,2026-12-11,Active,1074,12888
SUB0006464,CUST006464,2025-11-07,2027-11-07,Active,22830,273960
SUB0006465,CUST006465,2025-04-07,2026-04-07,Active,1231,14772
SUB0006466,CUST006466,2024-12-02,2027-12-02,Active,2712,32544
SUB0006467,CUST006467,2025-10-05,2026-10-05,Active,199,2388
SUB0006468,CUST006468,2023-09-24,2024-09-24,Active,164,1968
SUB0006469,CUST006469,2025-11-10,2026-11-10,Active,894,10728
SUB0006470,CUST006470,2024-05-19,2027-05-19,Active,2627,31524
SUB0006471,CUST006471,2025-03-13,2027-03-13,Active,1936,23232
SUB0006472,CUST006472,2024-10-10,2026-10-10,Cancelled,378,4536
SUB0006473,CUST006473,2024-06-06,2026-06-06,Active,3574,42888
SUB0006474,CUST006474,2025-11-17,2027-11-17,Active,663,7956
SUB0006475,CUST006475,2024-03-25,2025-03-25,Active,10038,120456
SUB0006476,CUST006476,2025-04-07,2026-04-07,Active,6549,78588
SUB0006477,CUST006477,2024-07-22,2027-07-22,Active,636,7632
SUB0006478,CUST006478,2025-08-21,2028-08-21,Active,4597,55164
SUB0006479,CUST006479,2024-02-05,2026-02-05,Active,3844,46128
SUB0006480,CUST006480,2025-10-26,2028-10-26,Active,1637,19644
SUB0006481,CUST006481,2023-10-20,2024-10-20,Active,1767,21204
SUB0006482,CUST006482,2025-06-24,2026-06-24,Active,1105,13260
SUB0006483,CUST006483,2025-05-06,2026-05-06,Active,1827,21924
SUB0006484,CUST006484,2024-03-05,2025-03-05,Pending Renewal,5689,68268
SUB0006485,CUST006485,2024-06-24,2025-06-24,Active,7063,84756
SUB0006486,CUST006486,2023-07-29,2024-07-29,Active,545,6540
SUB0006487,CUST006487,2023-12-03,2026-12-03,Active,1938,23256
SUB0006488,CUST006488,2025-09-23,2027-09-23,Active,3698,44376
SUB0006489,CUST006489,2024-10-10,2025-10-10,Pending Renewal,1427,17124
SUB0006490,CUST006490,2025-04-22,2027-04-22,Cancelled,1047,12564
SUB0006491,CUST006491,2024-05-14,2027-05-14,Active,21449,257388
SUB0006492,CUST006492,2023-08-27,2024-08-27,Active,1688,20256
SUB0006493,CUST006493,2025-04-23,2028-04-23,Active,1407,16884
SUB0006494,CUST006494,2024-02-22,2027-02-22,Active,1084,13008
SUB0006495,CUST006495,2024-08-19,2026-08-19,Pending Renewal,1813,21756
SUB0006496,CUST006496,2024-01-17,2025-01-17,Active,6287,75444
SUB0006497,CUST006497,2024-06-04,2025-06-04,Active,1577,18924
SUB0006498,CUST006498,2025-08-04,2028-08-04,Active,570,6840
SUB0006499,CUST006499,2024-12-10,2027-12-10,Pending Renewal,1839,22068
SUB0006500,CUST006500,2025-10-23,2027-10-23,Pending Renewal,3745,44940
SUB0006501,CUST006501,2025-07-08,2027-07-08,Active,6580,78960
SUB0006502,CUST006502,2024-08-31,2027-08-31,Active,1848,22176
SUB0006503,CUST006503,2025-08-17,2028-08-17,Active,1686,20232
SUB0006504,CUST006504,2024-12-16,2026-12-16,Active,6796,81552
SUB0006505,CUST006505,2024-05-15,2025-05-15,Active,4314,51768
SUB0006506,CUST006506,2025-07-03,2028-07-03,Active,18991,227892
SUB0006507,CUST006507,2024-12-14,2027-12-14,Active,5258,63096
SUB0006508,CUST006508,2025-12-12,2028-12-12,Active,1377,16524
SUB0006509,CUST006509,2025-07-29,2027-07-29,Active,2501,30012
SUB0006510,CUST006510,2025-04-15,2026-04-15,Active,493,5916
SUB0006511,CUST006511,2023-08-26,2026-08-26,Active,1733,20796
SUB0006512,CUST006512,2024-06-22,2025-06-22,Active,3897,46764
SUB0006513,CUST006513,2025-11-05,2028-11-05,Active,1470,17640
SUB0006514,CUST006514,2025-01-13,2028-01-13,Active,1241,14892
SUB0006515,CUST006515,2024-05-01,2027-05-01,Active,1080,12960
SUB0006516,CUST006516,2023-08-01,2026-08-01,Active,19326,231912
SUB0006517,CUST006517,2024-06-20,2027-06-20,Active,4765,57180
SUB0006518,CUST006518,2024-02-24,2026-02-24,Active,1689,20268
SUB0006519,CUST006519,2025-08-12,2027-08-12,Active,4655,55860
SUB0006520,CUST006520,2025-08-17,2026-08-17,Active,6370,76440
SUB0006521,CUST006521,2025-06-15,2026-06-15,Active,6240,74880
SUB0006522,CUST006522,2025-10-12,2027-10-12,Cancelled,6233,74796
SUB0006523,CUST006523,2024-03-31,2026-03-31,Active,1548,18576
SUB0006524,CUST006524,2023-09-30,2024-09-30,Active,1157,13884
SUB0006525,CUST006525,2025-05-21,2026-05-21,Active,5654,67848
SUB0006526,CUST006526,2024-06-26,2025-06-26,Active,6826,81912
SUB0006527,CUST006527,2025-11-24,2028-11-24,Active,4052,48624
SUB0006528,CUST006528,2025-06-23,2026-06-23,Active,5672,68064
SUB0006529,CUST006529,2025-11-19,2026-11-19,Active,3802,45624
SUB0006530,CUST006530,2023-10-16,2025-10-16,Active,5496,65952
SUB0006531,CUST006531,2023-12-13,2025-12-13,Pending Renewal,5860,70320
SUB0006532,CUST006532,2024-05-22,2025-05-22,Active,1915,22980
SUB0006533,CUST006533,2025-08-03,2027-08-03,Active,1282,15384
SUB0006534,CUST006534,2024-08-23,2027-08-23,Cancelled,6492,77904
SUB0006535,CUST006535,2023-09-18,2025-09-18,Active,1939,23268
SUB0006536,CUST006536,2024-03-15,2027-03-15,Active,9889,118668
SUB0006537,CUST006537,2024-06-13,2027-06-13,Active,3520,42240
SUB0006538,CUST006538,2024-08-24,2025-08-24,Active,6557,78684
SUB0006539,CUST006539,2023-09-18,2026-09-18,Active,416,4992
SUB0006540,CUST006540,2024-06-13,2025-06-13,Active,21982,263784
SUB0006541,CUST006541,2024-04-10,2025-04-10,Cancelled,4052,48624
SUB0006542,CUST006542,2025-07-11,2026-07-11,Active,19957,239484
SUB0006543,CUST006543,2024-01-14,2025-01-14,Active,7852,94224
SUB0006544,CUST006544,2024-04-07,2027-04-07,Active,12519,150228
SUB0006545,CUST006545,2024-03-16,2027-03-16,Pending Renewal,1236,14832
SUB0006546,CUST006546,2024-05-03,2025-05-03,Active,16575,198900
SUB0006547,CUST006547,2025-03-21,2028-03-21,Active,876,10512
SUB0006548,CUST006548,2025-08-27,2028-08-27,Active,1875,22500
SUB0006549,CUST006549,2025-10-14,2027-10-14,Active,7900,94800
SUB0006550,CUST006550,2025-03-20,2028-03-20,Active,5951,71412
SUB0006551,CUST006551,2024-09-08,2025-09-08,Active,4433,53196
SUB0006552,CUST006552,2025-10-19,2028-10-19,Active,5863,70356
SUB0006553,CUST006553,2025-11-06,2026-11-06,Pending Renewal,318,3816
SUB0006554,CUST006554,2024-06-19,2025-06-19,Active,599,7188
SUB0006555,CUST006555,2025-11-12,2027-11-12,Active,2184,26208
SUB0006556,CUST006556,2024-04-07,2025-04-07,Pending Renewal,894,10728
SUB0006557,CUST006557,2025-11-01,2028-11-01,Active,611,7332
SUB0006558,CUST006558,2025-10-14,2028-10-14,Active,1933,23196
SUB0006559,CUST006559,2024-02-09,2026-02-09,Active,1631,19572
SUB0006560,CUST006560,2024-03-17,2025-03-17,Active,257,3084
SUB0006561,CUST006561,2024-08-19,2025-08-19,Pending Renewal,6131,73572
SUB0006562,CUST006562,2025-02-06,2028-02-06,Pending Renewal,1840,22080
SUB0006563,CUST006563,2024-10-22,2027-10-22,Active,1578,18936
SUB0006564,CUST006564,2025-07-24,2028-07-24,Active,1747,20964
SUB0006565,CUST006565,2023-09-28,2026-09-28,Active,2716,32592
SUB0006566,CUST006566,2025-01-09,2027-01-09,Active,644,7728
SUB0006567,CUST006567,2025-08-29,2026-08-29,Active,3277,39324
SUB0006568,CUST006568,2025-06-08,2026-06-08,Active,3329,39948
SUB0006569,CUST006569,2025-03-22,2026-03-22,Pending Renewal,14420,173040
SUB0006570,CUST006570,2024-04-29,2026-04-29,Active,345,4140
SUB0006571,CUST006571,2025-10-03,2028-10-03,Cancelled,1729,20748
SUB0006572,CUST006572,2024-02-21,2026-02-21,Active,7327,87924
SUB0006573,CUST006573,2024-05-29,2027-05-29,Active,274,3288
SUB0006574,CUST006574,2025-06-19,2028-06-19,Active,1696,20352
SUB0006575,CUST006575,2023-12-27,2026-12-27,Active,17103,205236
SUB0006576,CUST006576,2025-09-23,2026-09-23,Active,1511,18132
SUB0006577,CUST006577,2024-03-01,2027-03-01,Active,1221,14652
SUB0006578,CUST006578,2023-10-08,2024-10-08,Active,6323,75876
SUB0006579,CUST006579,2025-11-05,2026-11-05,Active,336,4032
SUB0006580,CUST006580,2023-06-28,2025-06-28,Active,11611,139332
SUB0006581,CUST006581,2024-06-21,2027-06-21,Active,476,5712
SUB0006582,CUST006582,2025-05-20,2028-05-20,Active,681,8172
SUB0006583,CUST006583,2024-01-11,2026-01-11,Pending Renewal,18208,218496
SUB0006584,CUST006584,2023-10-21,2026-10-21,Active,18372,220464
SUB0006585,CUST006585,2025-07-09,2027-07-09,Active,3289,39468
SUB0006586,CUST006586,2025-04-26,2027-04-26,Active,3509,42108
SUB0006587,CUST006587,2024-10-30,2026-10-30,Active,1186,14232
SUB0006588,CUST006588,2024-07-22,2026-07-22,Cancelled,476,5712
SUB0006589,CUST006589,2024-12-07,2025-12-07,Active,1885,22620
SUB0006590,CUST006590,2024-06-08,2026-06-08,Active,1180,14160
SUB0006591,CUST006591,2025-11-03,2027-11-03,Active,1036,12432
SUB0006592,CUST006592,2025-08-23,2028-08-23,Active,2423,29076
SUB0006593,CUST006593,2023-10-08,2025-10-08,Active,1012,12144
SUB0006594,CUST006594,2025-04-14,2028-04-14,Active,364,4368
SUB0006595,CUST006595,2024-07-12,2026-07-12,Active,613,7356
SUB0006596,CUST006596,2024-04-09,2027-04-09,Pending Renewal,472,5664
SUB0006597,CUST006597,2023-10-27,2026-10-27,Active,1240,14880
SUB0006598,CUST006598,2024-01-12,2027-01-12,Active,5555,66660
SUB0006599,CUST006599,2025-09-24,2028-09-24,Active,4272,51264
SUB0006600,CUST006600,2024-07-06,2025-07-06,Cancelled,1527,18324
SUB0006601,CUST006601,2025-08-27,2028-08-27,Active,1751,21012
SUB0006602,CUST006602,2024-08-12,2026-08-12,Active,596,7152
SUB0006603,CUST006603,2025-01-17,2028-01-17,Pending Renewal,554,6648
SUB0006604,CUST006604,2025-03-10,2028-03-10,Active,1266,15192
SUB0006605,CUST006605,2025-05-20,2027-05-20,Cancelled,1831,21972
SUB0006606,CUST006606,2025-07-13,2027-07-13,Active,247,2964
SUB0006607,CUST006607,2024-10-31,2026-10-31,Active,7629,91548
SUB0006608,CUST006608,2024-11-16,2027-11-16,Pending Renewal,894,10728
SUB0006609,CUST006609,2024-08-10,2027-08-10,Active,7069,84828
SUB0006610,CUST006610,2023-08-14,2024-08-14,Active,23411,280932
SUB0006611,CUST006611,2023-10-27,2025-10-27,Active,2985,35820
SUB0006612,CUST006612,2025-09-28,2027-09-28,Active,7535,90420
SUB0006613,CUST006613,2024-06-14,2026-06-14,Active,13859,166308
SUB0006614,CUST006614,2025-02-01,2026-02-01,Active,24672,296064
SUB0006615,CUST006615,2024-04-25,2025-04-25,Active,5402,64824
SUB0006616,CUST006616,2024-04-03,2025-04-03,Active,4953,59436
SUB0006617,CUST006617,2024-08-12,2026-08-12,Active,6978,83736
SUB0006618,CUST006618,2024-07-15,2027-07-15,Active,849,10188
SUB0006619,CUST006619,2025-12-08,2028-12-08,Active,1192,14304
SUB0006620,CUST006620,2025-07-11,2028-07-11,Active,712,8544
SUB0006621,CUST006621,2024-04-19,2026-04-19,Active,1222,14664
SUB0006622,CUST006622,2024-01-05,2025-01-05,Active,2097,25164
SUB0006623,CUST006623,2025-04-18,2026-04-18,Active,23736,284832
SUB0006624,CUST006624,2023-12-15,2026-12-15,Active,2250,27000
SUB0006625,CUST006625,2023-07-15,2024-07-15,Pending Renewal,1864,22368
SUB0006626,CUST006626,2024-12-21,2025-12-21,Active,3238,38856
SUB0006627,CUST006627,2024-09-27,2027-09-27,Active,162,1944
SUB0006628,CUST006628,2025-06-29,2027-06-29,Cancelled,4420,53040
SUB0006629,CUST006629,2025-01-13,2026-01-13,Active,188,2256
SUB0006630,CUST006630,2025-06-23,2026-06-23,Active,5435,65220
SUB0006631,CUST006631,2023-07-27,2025-07-27,Active,1975,23700
SUB0006632,CUST006632,2024-04-14,2026-04-14,Active,1023,12276
SUB0006633,CUST006633,2023-10-20,2025-10-20,Cancelled,12838,154056
SUB0006634,CUST006634,2024-04-24,2025-04-24,Active,4638,55656
SUB0006635,CUST006635,2025-10-13,2027-10-13,Active,3458,41496
SUB0006636,CUST006636,2024-03-05,2026-03-05,Active,636,7632
SUB0006637,CUST006637,2023-08-23,2025-08-23,Active,420,5040
SUB0006638,CUST006638,2024-06-28,2026-06-28,Active,965,11580
SUB0006639,CUST006639,2024-08-14,2026-08-14,Active,1283,15396
SUB0006640,CUST006640,2024-03-17,2027-03-17,Cancelled,1970,23640
SUB0006641,CUST006641,2025-07-27,2027-07-27,Active,506,6072
SUB0006642,CUST006642,2025-07-29,2028-07-29,Active,546,6552
SUB0006643,CUST006643,2024-07-21,2027-07-21,Active,5895,70740
SUB0006644,CUST006644,2024-07-20,2026-07-20,Active,1428,17136
SUB0006645,CUST006645,2025-09-14,2026-09-14,Active,787,9444
SUB0006646,CUST006646,2025-11-09,2027-11-09,Active,15665,187980
SUB0006647,CUST006647,2025-12-11,2028-12-11,Active,1142,13704
SUB0006648,CUST006648,2023-11-15,2024-11-15,Active,973,11676
SUB0006649,CUST006649,2024-06-03,2026-06-03,Active,1341,16092
SUB0006650,CUST006650,2025-07-06,2026-07-06,Active,5490,65880
SUB0006651,CUST006651,2024-11-17,2025-11-17,Active,4924,59088
SUB0006652,CUST006652,2023-08-17,2026-08-17,Active,7677,92124
SUB0006653,CUST006653,2023-10-06,2026-10-06,Active,4361,52332
SUB0006654,CUST006654,2024-02-14,2025-02-14,Active,1300,15600
SUB0006655,CUST006655,2025-04-08,2028-04-08,Active,6424,77088
SUB0006656,CUST006656,2024-08-19,2027-08-19,Active,1463,17556
SUB0006657,CUST006657,2024-09-30,2025-09-30,Active,5858,70296
SUB0006658,CUST006658,2025-06-17,2028-06-17,Active,3072,36864
SUB0006659,CUST006659,2024-02-04,2025-02-04,Active,1683,20196
SUB0006660,CUST006660,2024-12-13,2026-12-13,Active,1009,12108
SUB0006661,CUST006661,2025-07-31,2027-07-31,Active,3855,46260
SUB0006662,CUST006662,2024-10-18,2027-10-18,Active,5834,70008
SUB0006663,CUST006663,2024-12-18,2025-12-18,Active,1401,16812
SUB0006664,CUST006664,2023-06-28,2026-06-28,Active,6297,75564
SUB0006665,CUST006665,2023-08-13,2024-08-13,Active,807,9684
SUB0006666,CUST006666,2023-09-06,2025-09-06,Active,3464,41568
SUB0006667,CUST006667,2023-10-13,2025-10-13,Active,1788,21456
SUB0006668,CUST006668,2024-03-09,2027-03-09,Active,4601,55212
SUB0006669,CUST006669,2024-03-23,2025-03-23,Active,6864,82368
SUB0006670,CUST006670,2024-02-16,2027-02-16,Pending Renewal,4911,58932
SUB0006671,CUST006671,2025-09-07,2026-09-07,Active,1892,22704
SUB0006672,CUST006672,2023-11-25,2025-11-25,Active,682,8184
SUB0006673,CUST006673,2025-08-22,2026-08-22,Active,297,3564
SUB0006674,CUST006674,2025-03-02,2027-03-02,Active,6415,76980
SUB0006675,CUST006675,2024-06-23,2025-06-23,Active,9322,111864
SUB0006676,CUST006676,2023-09-04,2024-09-04,Cancelled,260,3120
SUB0006677,CUST006677,2024-06-20,2025-06-20,Cancelled,9758,117096
SUB0006678,CUST006678,2025-11-11,2027-11-11,Active,710,8520
SUB0006679,CUST006679,2023-12-15,2025-12-15,Cancelled,15697,188364
SUB0006680,CUST006680,2024-02-28,2027-02-28,Active,1000,12000
SUB0006681,CUST006681,2025-05-03,2027-05-03,Active,5864,70368
SUB0006682,CUST006682,2024-10-14,2025-10-14,Active,771,9252
SUB0006683,CUST006683,2024-08-31,2025-08-31,Active,692,8304
SUB0006684,CUST006684,2025-05-15,2026-05-15,Active,914,10968
SUB0006685,CUST006685,2023-08-18,2024-08-18,Active,3228,38736
SUB0006686,CUST006686,2025-09-01,2027-09-01,Active,7545,90540
SUB0006687,CUST006687,2024-09-10,2027-09-10,Active,11006,132072
SUB0006688,CUST006688,2024-10-04,2025-10-04,Active,13235,158820
SUB0006689,CUST006689,2025-01-18,2026-01-18,Active,7880,94560
SUB0006690,CUST006690,2024-05-12,2027-05-12,Active,1145,13740
SUB0006691,CUST006691,2025-09-01,2027-09-01,Pending Renewal,3235,38820
SUB0006692,CUST006692,2024-08-11,2027-08-11,Cancelled,5668,68016
SUB0006693,CUST006693,2025-09-14,2027-09-14,Active,1866,22392
SUB0006694,CUST006694,2023-08-10,2026-08-10,Active,4783,57396
SUB0006695,CUST006695,2024-03-12,2027-03-12,Active,15976,191712
SUB0006696,CUST006696,2024-08-08,2025-08-08,Active,1813,21756
SUB0006697,CUST006697,2024-03-06,2027-03-06,Active,6935,83220
SUB0006698,CUST006698,2025-08-29,2026-08-29,Active,12237,146844
SUB0006699,CUST006699,2023-08-10,2025-08-10,Active,23449,281388
SUB0006700,CUST006700,2024-10-23,2026-10-23,Active,1390,16680
SUB0006701,CUST006701,2023-11-21,2024-11-21,Active,2480,29760
SUB0006702,CUST006702,2024-10-02,2027-10-02,Active,3298,39576
SUB0006703,CUST006703,2025-04-30,2027-04-30,Active,3508,42096
SUB0006704,CUST006704,2023-08-29,2024-08-29,Active,24498,293976
SUB0006705,CUST006705,2025-08-01,2026-08-01,Active,4553,54636
SUB0006706,CUST006706,2023-07-20,2025-07-20,Active,730,8760
SUB0006707,CUST006707,2025-02-07,2026-02-07,Active,392,4704
SUB0006708,CUST006708,2024-12-06,2025-12-06,Pending Renewal,1085,13020
SUB0006709,CUST006709,2025-06-15,2027-06-15,Active,148,1776
SUB0006710,CUST006710,2025-11-18,2026-11-18,Active,3069,36828
SUB0006711,CUST006711,2024-10-05,2026-10-05,Active,1312,15744
SUB0006712,CUST006712,2023-12-22,2026-12-22,Active,664,7968
SUB0006713,CUST006713,2023-07-18,2024-07-18,Active,1700,20400
SUB0006714,CUST006714,2024-04-19,2025-04-19,Active,1400,16800
SUB0006715,CUST006715,2023-12-30,2025-12-30,Pending Renewal,2581,30972
SUB0006716,CUST006716,2025-05-05,2028-05-05,Pending Renewal,112,1344
SUB0006717,CUST006717,2023-11-20,2025-11-20,Active,11662,139944
SUB0006718,CUST006718,2025-03-03,2027-03-03,Active,1312,15744
SUB0006719,CUST006719,2023-09-11,2026-09-11,Cancelled,10782,129384
SUB0006720,CUST006720,2024-11-21,2027-11-21,Active,4512,54144
SUB0006721,CUST006721,2024-07-16,2027-07-16,Active,275,3300
SUB0006722,CUST006722,2024-01-31,2027-01-31,Active,1981,23772
SUB0006723,CUST006723,2025-09-26,2027-09-26,Active,4176,50112
SUB0006724,CUST006724,2024-01-22,2026-01-22,Active,1882,22584
SUB0006725,CUST006725,2025-09-20,2026-09-20,Active,920,11040
SUB0006726,CUST006726,2025-05-17,2028-05-17,Active,2618,31416
SUB0006727,CUST006727,2023-08-20,2024-08-20,Active,6863,82356
SUB0006728,CUST006728,2023-12-01,2025-12-01,Active,1863,22356
SUB0006729,CUST006729,2023-12-10,2024-12-10,Active,3595,43140
SUB0006730,CUST006730,2025-08-18,2026-08-18,Cancelled,356,4272
SUB0006731,CUST006731,2024-12-08,2025-12-08,Active,14352,172224
SUB0006732,CUST006732,2025-07-24,2027-07-24,Pending Renewal,1052,12624
SUB0006733,CUST006733,2025-04-30,2026-04-30,Active,16165,193980
SUB0006734,CUST006734,2025-06-12,2028-06-12,Active,6065,72780
SUB0006735,CUST006735,2024-11-15,2027-11-15,Pending Renewal,3751,45012
SUB0006736,CUST006736,2024-01-18,2025-01-18,Active,787,9444
SUB0006737,CUST006737,2025-10-06,2028-10-06,Active,1245,14940
SUB0006738,CUST006738,2024-01-11,2027-01-11,Active,5549,66588
SUB0006739,CUST006739,2024-02-15,2026-02-15,Active,121,1452
SUB0006740,CUST006740,2025-04-22,2028-04-22,Pending Renewal,4141,49692
SUB0006741,CUST006741,2024-08-27,2026-08-27,Active,5527,66324
SUB0006742,CUST006742,2023-09-11,2024-09-11,Active,4340,52080
SUB0006743,CUST006743,2024-08-14,2027-08-14,Active,1767,21204
SUB0006744,CUST006744,2024-05-07,2026-05-07,Active,1004,12048
SUB0006745,CUST006745,2023-07-18,2026-07-18,Active,363,4356
SUB0006746,CUST006746,2023-09-29,2026-09-29,Active,6439,77268
SUB0006747,CUST006747,2023-09-15,2024-09-15,Active,9281,111372
SUB0006748,CUST006748,2023-07-13,2024-07-13,Active,6264,75168
SUB0006749,CUST006749,2024-04-01,2026-04-01,Pending Renewal,2621,31452
SUB0006750,CUST006750,2024-12-19,2027-12-19,Pending Renewal,6203,74436
SUB0006751,CUST006751,2025-01-24,2027-01-24,Active,5817,69804
SUB0006752,CUST006752,2025-03-05,2028-03-05,Active,17050,204600
SUB0006753,CUST006753,2024-08-27,2027-08-27,Active,7019,84228
SUB0006754,CUST006754,2024-03-30,2026-03-30,Active,1406,16872
SUB0006755,CUST006755,2024-03-24,2027-03-24,Active,6730,80760
SUB0006756,CUST006756,2025-02-28,2028-02-28,Active,4259,51108
SUB0006757,CUST006757,2024-06-23,2025-06-23,Active,5451,65412
SUB0006758,CUST006758,2025-05-17,2028-05-17,Pending Renewal,2378,28536
SUB0006759,CUST006759,2024-11-20,2025-11-20,Pending Renewal,2820,33840
SUB0006760,CUST006760,2024-04-20,2026-04-20,Active,6437,77244
SUB0006761,CUST006761,2025-09-04,2027-09-04,Active,1592,19104
SUB0006762,CUST006762,2024-10-10,2027-10-10,Active,1343,16116
SUB0006763,CUST006763,2024-02-22,2027-02-22,Active,22120,265440
SUB0006764,CUST006764,2024-10-04,2025-10-04,Active,7173,86076
SUB0006765,CUST006765,2025-08-13,2028-08-13,Active,7945,95340
SUB0006766,CUST006766,2024-11-12,2025-11-12,Active,1557,18684
SUB0006767,CUST006767,2025-02-25,2028-02-25,Active,5041,60492
SUB0006768,CUST006768,2023-09-22,2025-09-22,Pending Renewal,6321,75852
SUB0006769,CUST006769,2025-10-31,2027-10-31,Pending Renewal,579,6948
SUB0006770,CUST006770,2023-10-21,2025-10-21,Active,4064,48768
SUB0006771,CUST006771,2024-12-10,2025-12-10,Active,701,8412
SUB0006772,CUST006772,2023-08-09,2024-08-09,Active,4202,50424
SUB0006773,CUST006773,2025-03-18,2028-03-18,Active,1336,16032
SUB0006774,CUST006774,2025-09-24,2028-09-24,Active,1091,13092
SUB0006775,CUST006775,2024-06-01,2026-06-01,Active,3457,41484
SUB0006776,CUST006776,2025-07-11,2026-07-11,Pending Renewal,3424,41088
SUB0006777,CUST006777,2025-03-09,2026-03-09,Active,3362,40344
SUB0006778,CUST006778,2025-08-28,2027-08-28,Pending Renewal,5793,69516
SUB0006779,CUST006779,2024-06-03,2027-06-03,Active,1838,22056
SUB0006780,CUST006780,2024-03-25,2026-03-25,Active,6512,78144
SUB0006781,CUST006781,2024-03-08,2027-03-08,Active,1115,13380
SUB0006782,CUST006782,2025-04-08,2026-04-08,Pending Renewal,252,3024
SUB0006783,CUST006783,2024-07-17,2025-07-17,Active,1137,13644
SUB0006784,CUST006784,2023-10-24,2025-10-24,Active,14530,174360
SUB0006785,CUST006785,2024-09-22,2027-09-22,Active,388,4656
SUB0006786,CUST006786,2024-02-15,2025-02-15,Active,8736,104832
SUB0006787,CUST006787,2024-08-31,2026-08-31,Active,203,2436
SUB0006788,CUST006788,2025-11-10,2027-11-10,Active,7916,94992
SUB0006789,CUST006789,2025-03-07,2026-03-07,Pending Renewal,3597,43164
SUB0006790,CUST006790,2025-05-13,2028-05-13,Active,4682,56184
SUB0006791,CUST006791,2025-08-08,2026-08-08,Active,1274,15288
SUB0006792,CUST006792,2024-12-08,2027-12-08,Active,10936,131232
SUB0006793,CUST006793,2024-08-19,2026-08-19,Active,894,10728
SUB0006794,CUST006794,2025-12-08,2027-12-08,Active,3581,42972
SUB0006795,CUST006795,2025-09-26,2028-09-26,Active,1069,12828
SUB0006796,CUST006796,2024-10-08,2026-10-08,Active,651,7812
SUB0006797,CUST006797,2024-09-13,2026-09-13,Cancelled,8289,99468
SUB0006798,CUST006798,2023-10-25,2026-10-25,Active,17689,212268
SUB0006799,CUST006799,2025-12-11,2026-12-11,Active,4360,52320
SUB0006800,CUST006800,2024-06-02,2026-06-02,Active,2022,24264
SUB0006801,CUST006801,2024-04-19,2027-04-19,Active,12659,151908
SUB0006802,CUST006802,2023-10-24,2024-10-24,Active,193,2316
SUB0006803,CUST006803,2024-09-12,2025-09-12,Pending Renewal,1488,17856
SUB0006804,CUST006804,2024-07-09,2026-07-09,Active,116,1392
SUB0006805,CUST006805,2023-07-11,2026-07-11,Active,3263,39156
SUB0006806,CUST006806,2024-07-17,2025-07-17,Pending Renewal,1228,14736
SUB0006807,CUST006807,2025-07-02,2027-07-02,Active,591,7092
SUB0006808,CUST006808,2024-02-07,2025-02-07,Active,3655,43860
SUB0006809,CUST006809,2025-07-12,2028-07-12,Active,13065,156780
SUB0006810,CUST006810,2023-10-31,2026-10-31,Pending Renewal,1165,13980
SUB0006811,CUST006811,2025-06-06,2028-06-06,Active,1015,12180
SUB0006812,CUST006812,2025-04-15,2027-04-15,Active,2216,26592
SUB0006813,CUST006813,2025-03-06,2027-03-06,Active,1490,17880
SUB0006814,CUST006814,2025-10-26,2026-10-26,Pending Renewal,3583,42996
SUB0006815,CUST006815,2024-02-23,2026-02-23,Active,9744,116928
SUB0006816,CUST006816,2025-07-04,2027-07-04,Active,12633,151596
SUB0006817,CUST006817,2024-09-22,2027-09-22,Active,5994,71928
SUB0006818,CUST006818,2025-03-05,2028-03-05,Active,14874,178488
SUB0006819,CUST006819,2025-08-07,2028-08-07,Active,1697,20364
SUB0006820,CUST006820,2024-01-10,2027-01-10,Active,1740,20880
SUB0006821,CUST006821,2025-03-14,2028-03-14,Cancelled,5005,60060
SUB0006822,CUST006822,2025-11-13,2026-11-13,Active,233,2796
SUB0006823,CUST006823,2024-01-10,2025-01-10,Pending Renewal,5280,63360
SUB0006824,CUST006824,2024-07-23,2026-07-23,Active,137,1644
SUB0006825,CUST006825,2025-08-30,2027-08-30,Active,1268,15216
SUB0006826,CUST006826,2024-12-14,2027-12-14,Active,272,3264
SUB0006827,CUST006827,2025-02-08,2028-02-08,Active,1010,12120
SUB0006828,CUST006828,2024-02-02,2026-02-02,Active,2385,28620
SUB0006829,CUST006829,2025-04-22,2028-04-22,Active,3525,42300
SUB0006830,CUST006830,2025-05-06,2026-05-06,Active,6799,81588
SUB0006831,CUST006831,2023-09-07,2024-09-07,Cancelled,1822,21864
SUB0006832,CUST006832,2023-07-29,2026-07-29,Active,817,9804
SUB0006833,CUST006833,2025-08-20,2027-08-20,Active,5693,68316
SUB0006834,CUST006834,2024-03-07,2026-03-07,Active,1386,16632
SUB0006835,CUST006835,2023-08-06,2026-08-06,Active,11440,137280
SUB0006836,CUST006836,2024-06-13,2027-06-13,Active,4787,57444
SUB0006837,CUST006837,2025-02-03,2027-02-03,Active,1214,14568
SUB0006838,CUST006838,2024-05-16,2025-05-16,Active,7380,88560
SUB0006839,CUST006839,2023-06-28,2026-06-28,Active,625,7500
SUB0006840,CUST006840,2023-12-21,2026-12-21,Pending Renewal,6928,83136
SUB0006841,CUST006841,2025-11-17,2027-11-17,Active,389,4668
SUB0006842,CUST006842,2023-09-26,2026-09-26,Active,1714,20568
SUB0006843,CUST006843,2024-02-24,2027-02-24,Active,3320,39840
SUB0006844,CUST006844,2024-09-21,2025-09-21,Active,1439,17268
SUB0006845,CUST006845,2023-09-18,2024-09-18,Active,5731,68772
SUB0006846,CUST006846,2024-12-19,2025-12-19,Active,1460,17520
SUB0006847,CUST006847,2025-06-28,2028-06-28,Active,3834,46008
SUB0006848,CUST006848,2025-03-15,2026-03-15,Active,1951,23412
SUB0006849,CUST006849,2025-10-05,2026-10-05,Active,17956,215472
SUB0006850,CUST006850,2024-02-16,2026-02-16,Active,3920,47040
SUB0006851,CUST006851,2025-07-19,2028-07-19,Active,7180,86160
SUB0006852,CUST006852,2023-11-01,2026-11-01,Active,449,5388
SUB0006853,CUST006853,2023-09-14,2026-09-14,Active,1939,23268
SUB0006854,CUST006854,2023-07-26,2026-07-26,Active,4264,51168
SUB0006855,CUST006855,2023-10-24,2024-10-24,Cancelled,734,8808
SUB0006856,CUST006856,2024-06-18,2026-06-18,Pending Renewal,234,2808
SUB0006857,CUST006857,2025-03-10,2027-03-10,Active,7515,90180
SUB0006858,CUST006858,2023-10-17,2025-10-17,Cancelled,1680,20160
SUB0006859,CUST006859,2024-05-24,2025-05-24,Active,1301,15612
SUB0006860,CUST006860,2024-01-24,2026-01-24,Active,632,7584
SUB0006861,CUST006861,2024-09-26,2027-09-26,Active,6189,74268
SUB0006862,CUST006862,2025-09-01,2027-09-01,Pending Renewal,6674,80088
SUB0006863,CUST006863,2024-06-19,2025-06-19,Active,6327,75924
SUB0006864,CUST006864,2025-08-13,2027-08-13,Cancelled,1832,21984
SUB0006865,CUST006865,2024-03-16,2025-03-16,Pending Renewal,1700,20400
SUB0006866,CUST006866,2023-08-14,2025-08-14,Active,113,1356
SUB0006867,CUST006867,2024-01-25,2025-01-25,Active,2970,35640
SUB0006868,CUST006868,2024-06-01,2025-06-01,Active,728,8736
SUB0006869,CUST006869,2024-03-21,2026-03-21,Active,14952,179424
SUB0006870,CUST006870,2023-08-26,2024-08-26,Active,1404,16848
SUB0006871,CUST006871,2025-04-01,2026-04-01,Active,1209,14508
SUB0006872,CUST006872,2024-04-29,2027-04-29,Active,2392,28704
SUB0006873,CUST006873,2024-03-12,2026-03-12,Pending Renewal,1431,17172
SUB0006874,CUST006874,2024-12-22,2026-12-22,Active,112,1344
SUB0006875,CUST006875,2024-08-13,2026-08-13,Cancelled,12112,145344
SUB0006876,CUST006876,2025-08-18,2026-08-18,Active,1532,18384
SUB0006877,CUST006877,2025-08-08,2028-08-08,Active,4470,53640
SUB0006878,CUST006878,2025-07-10,2026-07-10,Pending Renewal,1482,17784
SUB0006879,CUST006879,2024-08-28,2025-08-28,Active,13497,161964
SUB0006880,CUST006880,2023-07-23,2026-07-23,Active,1096,13152
SUB0006881,CUST006881,2024-03-26,2027-03-26,Active,1967,23604
SUB0006882,CUST006882,2024-02-08,2026-02-08,Active,13964,167568
SUB0006883,CUST006883,2024-11-19,2025-11-19,Active,420,5040
SUB0006884,CUST006884,2024-12-10,2025-12-10,Cancelled,1617,19404
SUB0006885,CUST006885,2025-06-10,2026-06-10,Active,17633,211596
SUB0006886,CUST006886,2024-12-26,2026-12-26,Active,6557,78684
SUB0006887,CUST006887,2024-12-15,2027-12-15,Active,1716,20592
SUB0006888,CUST006888,2024-02-25,2026-02-25,Active,1070,12840
SUB0006889,CUST006889,2025-01-04,2027-01-04,Active,658,7896
SUB0006890,CUST006890,2024-08-11,2025-08-11,Cancelled,6469,77628
SUB0006891,CUST006891,2024-08-05,2025-08-05,Active,18044,216528
SUB0006892,CUST006892,2023-08-27,2024-08-27,Pending Renewal,370,4440
SUB0006893,CUST006893,2024-02-02,2025-02-02,Active,1319,15828
SUB0006894,CUST006894,2024-03-02,2025-03-02,Active,4016,48192
SUB0006895,CUST006895,2025-02-05,2027-02-05,Active,1296,15552
SUB0006896,CUST006896,2024-04-12,2026-04-12,Active,741,8892
SUB0006897,CUST006897,2025-04-08,2027-04-08,Active,450,5400
SUB0006898,CUST006898,2024-06-16,2025-06-16,Active,1471,17652
SUB0006899,CUST006899,2023-09-24,2024-09-24,Active,226,2712
SUB0006900,CUST006900,2025-04-16,2028-04-16,Active,1089,13068
SUB0006901,CUST006901,2025-05-15,2027-05-15,Active,1545,18540
SUB0006902,CUST006902,2023-12-28,2026-12-28,Active,5087,61044
SUB0006903,CUST006903,2024-04-27,2027-04-27,Active,349,4188
SUB0006904,CUST006904,2023-08-30,2026-08-30,Active,821,9852
SUB0006905,CUST006905,2025-02-14,2026-02-14,Pending Renewal,18478,221736
SUB0006906,CUST006906,2024-01-12,2026-01-12,Cancelled,7661,91932
SUB0006907,CUST006907,2025-08-21,2026-08-21,Pending Renewal,1699,20388
SUB0006908,CUST006908,2025-07-11,2026-07-11,Active,885,10620
SUB0006909,CUST006909,2024-07-08,2027-07-08,Active,483,5796
SUB0006910,CUST006910,2024-12-09,2025-12-09,Active,21615,259380
SUB0006911,CUST006911,2023-08-30,2024-08-30,Active,20939,251268
SUB0006912,CUST006912,2025-05-06,2027-05-06,Active,1360,16320
SUB0006913,CUST006913,2024-11-08,2027-11-08,Active,4508,54096
SUB0006914,CUST006914,2024-02-05,2025-02-05,Active,217,2604
SUB0006915,CUST006915,2025-03-06,2027-03-06,Active,1736,20832
SUB0006916,CUST006916,2024-09-10,2025-09-10,Cancelled,5396,64752
SUB0006917,CUST006917,2023-12-23,2026-12-23,Active,1699,20388
SUB0006918,CUST006918,2024-05-19,2026-05-19,Active,1147,13764
SUB0006919,CUST006919,2025-09-08,2028-09-08,Pending Renewal,5792,69504
SUB0006920,CUST006920,2024-09-05,2025-09-05,Active,22786,273432
SUB0006921,CUST006921,2023-07-05,2024-07-05,Active,1177,14124
SUB0006922,CUST006922,2024-02-15,2027-02-15,Active,1199,14388
SUB0006923,CUST006923,2023-12-04,2025-12-04,Active,301,3612
SUB0006924,CUST006924,2025-01-30,2027-01-30,Active,404,4848
SUB0006925,CUST006925,2023-11-07,2025-11-07,Active,606,7272
SUB0006926,CUST006926,2024-11-18,2026-11-18,Active,6243,74916
SUB0006927,CUST006927,2025-12-22,2026-12-22,Active,6579,78948
SUB0006928,CUST006928,2023-07-21,2026-07-21,Cancelled,5059,60708
SUB0006929,CUST006929,2024-12-18,2027-12-18,Active,734,8808
SUB0006930,CUST006930,2024-12-20,2027-12-20,Active,4508,54096
SUB0006931,CUST006931,2025-09-10,2028-09-10,Active,1296,15552
SUB0006932,CUST006932,2024-02-26,2026-02-26,Active,7434,89208
SUB0006933,CUST006933,2023-11-21,2024-11-21,Active,18675,224100
SUB0006934,CUST006934,2024-10-06,2025-10-06,Active,1772,21264
SUB0006935,CUST006935,2024-12-15,2027-12-15,Active,1726,20712
SUB0006936,CUST006936,2023-07-27,2025-07-27,Active,5445,65340
SUB0006937,CUST006937,2025-04-21,2028-04-21,Active,1441,17292
SUB0006938,CUST006938,2024-12-08,2026-12-08,Active,13348,160176
SUB0006939,CUST006939,2024-08-13,2026-08-13,Cancelled,2848,34176
SUB0006940,CUST006940,2024-04-02,2026-04-02,Active,1200,14400
SUB0006941,CUST006941,2024-05-16,2027-05-16,Active,5902,70824
SUB0006942,CUST006942,2024-04-08,2027-04-08,Active,562,6744
SUB0006943,CUST006943,2024-02-24,2027-02-24,Active,7459,89508
SUB0006944,CUST006944,2023-11-04,2024-11-04,Active,212,2544
SUB0006945,CUST006945,2023-08-03,2025-08-03,Active,16302,195624
SUB0006946,CUST006946,2025-10-12,2027-10-12,Active,576,6912
SUB0006947,CUST006947,2024-04-12,2026-04-12,Pending Renewal,6677,80124
SUB0006948,CUST006948,2025-06-18,2027-06-18,Pending Renewal,1664,19968
SUB0006949,CUST006949,2024-07-13,2027-07-13,Active,567,6804
SUB0006950,CUST006950,2025-10-01,2027-10-01,Pending Renewal,6623,79476
SUB0006951,CUST006951,2025-10-16,2026-10-16,Active,5595,67140
SUB0006952,CUST006952,2025-11-23,2028-11-23,Active,851,10212
SUB0006953,CUST006953,2024-10-21,2027-10-21,Active,1220,14640
SUB0006954,CUST006954,2024-01-02,2026-01-02,Active,686,8232
SUB0006955,CUST006955,2024-10-29,2026-10-29,Pending Renewal,1955,23460
SUB0006956,CUST006956,2023-09-15,2025-09-15,Active,1744,20928
SUB0006957,CUST006957,2025-03-09,2027-03-09,Pending Renewal,1126,13512
SUB0006958,CUST006958,2025-09-24,2027-09-24,Active,1687,20244
SUB0006959,CUST006959,2025-11-04,2026-11-04,Active,1578,18936
SUB0006960,CUST006960,2024-04-20,2026-04-20,Pending Renewal,1839,22068
SUB0006961,CUST006961,2025-04-27,2027-04-27,Active,605,7260
SUB0006962,CUST006962,2024-04-21,2025-04-21,Active,626,7512
SUB0006963,CUST006963,2024-02-19,2025-02-19,Pending Renewal,7626,91512
SUB0006964,CUST006964,2024-09-11,2025-09-11,Active,1185,14220
SUB0006965,CUST006965,2024-03-09,2025-03-09,Active,1085,13020
SUB0006966,CUST006966,2023-07-15,2026-07-15,Active,7432,89184
SUB0006967,CUST006967,2024-07-30,2025-07-30,Pending Renewal,13409,160908
SUB0006968,CUST006968,2025-08-05,2027-08-05,Active,3658,43896
SUB0006969,CUST006969,2024-05-20,2025-05-20,Active,919,11028
SUB0006970,CUST006970,2024-04-12,2027-04-12,Active,1901,22812
SUB0006971,CUST006971,2025-05-19,2026-05-19,Active,686,8232
SUB0006972,CUST006972,2024-07-01,2025-07-01,Active,5927,71124
SUB0006973,CUST006973,2025-11-25,2026-11-25,Active,1747,20964
SUB0006974,CUST006974,2025-08-21,2026-08-21,Pending Renewal,1604,19248
SUB0006975,CUST006975,2024-01-21,2026-01-21,Active,332,3984
SUB0006976,CUST006976,2023-07-15,2024-07-15,Active,4010,48120
SUB0006977,CUST006977,2024-08-27,2027-08-27,Active,242,2904
SUB0006978,CUST006978,2023-08-24,2024-08-24,Active,7125,85500
SUB0006979,CUST006979,2024-09-04,2025-09-04,Cancelled,1413,16956
SUB0006980,CUST006980,2023-10-29,2025-10-29,Active,21234,254808
SUB0006981,CUST006981,2024-08-13,2027-08-13,Active,7026,84312
SUB0006982,CUST006982,2024-05-10,2025-05-10,Pending Renewal,4687,56244
SUB0006983,CUST006983,2023-06-25,2025-06-25,Active,1526,18312
SUB0006984,CUST006984,2023-07-14,2024-07-14,Active,7655,91860
SUB0006985,CUST006985,2024-05-12,2026-05-12,Active,141,1692
SUB0006986,CUST006986,2025-12-23,2027-12-23,Active,680,8160
SUB0006987,CUST006987,2025-07-21,2027-07-21,Active,10782,129384
SUB0006988,CUST006988,2025-08-04,2027-08-04,Active,7663,91956
SUB0006989,CUST006989,2024-07-24,2026-07-24,Pending Renewal,1169,14028
SUB0006990,CUST006990,2024-04-22,2026-04-22,Active,1443,17316
SUB0006991,CUST006991,2023-10-01,2024-10-01,Active,222,2664
SUB0006992,CUST006992,2024-02-03,2026-02-03,Active,314,3768
SUB0006993,CUST006993,2023-11-11,2024-11-11,Active,1494,17928
SUB0006994,CUST006994,2025-01-25,2027-01-25,Active,2072,24864
SUB0006995,CUST006995,2025-02-16,2028-02-16,Active,812,9744
SUB0006996,CUST006996,2024-04-08,2027-04-08,Active,2989,35868
SUB0006997,CUST006997,2025-08-02,2028-08-02,Active,6077,72924
SUB0006998,CUST006998,2025-01-09,2028-01-09,Active,15399,184788
SUB0006999,CUST006999,2025-09-30,2028-09-30,Pending Renewal,1167,14004
SUB0007000,CUST007000,2023-12-29,2025-12-29,Active,828,9936
SUB0007001,CUST007001,2025-06-25,2027-06-25,Active,1574,18888
SUB0007002,CUST007002,2024-04-10,2025-04-10,Active,1297,15564
SUB0007003,CUST007003,2024-07-03,2026-07-03,Active,6337,76044
SUB0007004,CUST007004,2024-08-18,2027-08-18,Active,1732,20784
SUB0007005,CUST007005,2025-07-31,2028-07-31,Pending Renewal,1018,12216
SUB0007006,CUST007006,2023-09-03,2024-09-03,Active,1412,16944
SUB0007007,CUST007007,2023-09-03,2026-09-03,Active,848,10176
SUB0007008,CUST007008,2023-07-11,2025-07-11,Active,254,3048
SUB0007009,CUST007009,2025-03-29,2028-03-29,Active,149,1788
SUB0007010,CUST007010,2025-02-26,2027-02-26,Active,6482,77784
SUB0007011,CUST007011,2023-08-13,2026-08-13,Active,3865,46380
SUB0007012,CUST007012,2025-02-13,2026-02-13,Active,13606,163272
SUB0007013,CUST007013,2024-07-21,2026-07-21,Active,443,5316
SUB0007014,CUST007014,2025-01-01,2028-01-01,Active,3111,37332
SUB0007015,CUST007015,2025-05-09,2027-05-09,Active,1091,13092
SUB0007016,CUST007016,2025-04-26,2026-04-26,Active,736,8832
SUB0007017,CUST007017,2024-11-20,2025-11-20,Active,20923,251076
SUB0007018,CUST007018,2025-01-05,2027-01-05,Active,876,10512
SUB0007019,CUST007019,2025-09-11,2026-09-11,Active,4160,49920
SUB0007020,CUST007020,2025-12-14,2026-12-14,Active,12466,149592
SUB0007021,CUST007021,2025-06-26,2028-06-26,Active,7850,94200
SUB0007022,CUST007022,2025-05-14,2027-05-14,Active,5903,70836
SUB0007023,CUST007023,2023-09-29,2025-09-29,Pending Renewal,2154,25848
SUB0007024,CUST007024,2024-09-09,2025-09-09,Pending Renewal,3754,45048
SUB0007025,CUST007025,2025-08-24,2026-08-24,Active,5701,68412
SUB0007026,CUST007026,2025-07-24,2027-07-24,Active,7213,86556
SUB0007027,CUST007027,2025-08-07,2026-08-07,Active,1775,21300
SUB0007028,CUST007028,2024-07-24,2027-07-24,Cancelled,24184,290208
SUB0007029,CUST007029,2025-03-23,2028-03-23,Active,13864,166368
SUB0007030,CUST007030,2025-04-21,2028-04-21,Active,2841,34092
SUB0007031,CUST007031,2025-07-08,2026-07-08,Active,19048,228576
SUB0007032,CUST007032,2025-06-16,2026-06-16,Active,3322,39864
SUB0007033,CUST007033,2025-10-23,2027-10-23,Active,4088,49056
SUB0007034,CUST007034,2025-02-21,2028-02-21,Active,8070,96840
SUB0007035,CUST007035,2024-09-16,2025-09-16,Active,4354,52248
SUB0007036,CUST007036,2024-11-08,2025-11-08,Active,1024,12288
SUB0007037,CUST007037,2024-04-30,2027-04-30,Pending Renewal,24446,293352
SUB0007038,CUST007038,2025-07-10,2028-07-10,Active,5225,62700
SUB0007039,CUST007039,2024-03-07,2025-03-07,Active,1649,19788
SUB0007040,CUST007040,2025-03-04,2028-03-04,Cancelled,193,2316
SUB0007041,CUST007041,2024-05-10,2027-05-10,Active,7753,93036
SUB0007042,CUST007042,2024-01-05,2027-01-05,Active,1383,16596
SUB0007043,CUST007043,2025-09-07,2027-09-07,Pending Renewal,501,6012
SUB0007044,CUST007044,2023-11-03,2024-11-03,Active,212,2544
SUB0007045,CUST007045,2025-07-24,2026-07-24,Active,1101,13212
SUB0007046,CUST007046,2025-10-27,2028-10-27,Active,1468,17616
SUB0007047,CUST007047,2025-02-15,2026-02-15,Active,1602,19224
SUB0007048,CUST007048,2025-03-05,2026-03-05,Active,1587,19044
SUB0007049,CUST007049,2023-07-10,2026-07-10,Cancelled,1844,22128
SUB0007050,CUST007050,2023-11-01,2026-11-01,Active,4454,53448
SUB0007051,CUST007051,2025-11-16,2028-11-16,Active,864,10368
SUB0007052,CUST007052,2025-09-10,2027-09-10,Active,1619,19428
SUB0007053,CUST007053,2024-08-28,2026-08-28,Cancelled,5772,69264
SUB0007054,CUST007054,2024-11-07,2025-11-07,Pending Renewal,818,9816
SUB0007055,CUST007055,2025-08-10,2026-08-10,Active,20937,251244
SUB0007056,CUST007056,2025-02-22,2026-02-22,Active,195,2340
SUB0007057,CUST007057,2025-02-01,2026-02-01,Active,1073,12876
SUB0007058,CUST007058,2025-06-22,2028-06-22,Active,1358,16296
SUB0007059,CUST007059,2024-03-17,2025-03-17,Active,2328,27936
SUB0007060,CUST007060,2024-10-21,2026-10-21,Active,14161,169932
SUB0007061,CUST007061,2024-08-23,2027-08-23,Active,1521,18252
SUB0007062,CUST007062,2024-09-12,2026-09-12,Active,1839,22068
SUB0007063,CUST007063,2025-10-03,2026-10-03,Active,15313,183756
SUB0007064,CUST007064,2025-03-25,2027-03-25,Active,199,2388
SUB0007065,CUST007065,2025-08-25,2026-08-25,Active,2532,30384
SUB0007066,CUST007066,2025-09-08,2026-09-08,Active,617,7404
SUB0007067,CUST007067,2025-05-21,2027-05-21,Cancelled,11629,139548
SUB0007068,CUST007068,2024-02-05,2027-02-05,Active,114,1368
SUB0007069,CUST007069,2024-03-29,2027-03-29,Active,6963,83556
SUB0007070,CUST007070,2024-05-28,2025-05-28,Active,1797,21564
SUB0007071,CUST007071,2024-05-15,2025-05-15,Active,1851,22212
SUB0007072,CUST007072,2024-05-15,2027-05-15,Active,282,3384
SUB0007073,CUST007073,2024-03-07,2027-03-07,Active,1731,20772
SUB0007074,CUST007074,2024-10-11,2027-10-11,Active,1632,19584
SUB0007075,CUST007075,2025-10-26,2026-10-26,Active,3376,40512
SUB0007076,CUST007076,2024-05-27,2025-05-27,Cancelled,6349,76188
SUB0007077,CUST007077,2025-07-31,2028-07-31,Active,5678,68136
SUB0007078,CUST007078,2025-09-14,2028-09-14,Active,8738,104856
SUB0007079,CUST007079,2025-04-04,2027-04-04,Active,8830,105960
SUB0007080,CUST007080,2024-03-21,2025-03-21,Active,4795,57540
SUB0007081,CUST007081,2024-10-17,2027-10-17,Active,5144,61728
SUB0007082,CUST007082,2024-11-01,2027-11-01,Active,11681,140172
SUB0007083,CUST007083,2025-03-04,2027-03-04,Active,2407,28884
SUB0007084,CUST007084,2025-07-16,2028-07-16,Active,7844,94128
SUB0007085,CUST007085,2024-01-13,2027-01-13,Active,24006,288072
SUB0007086,CUST007086,2025-09-19,2026-09-19,Active,7559,90708
SUB0007087,CUST007087,2025-07-04,2027-07-04,Active,1057,12684
SUB0007088,CUST007088,2025-05-28,2026-05-28,Active,8594,103128
SUB0007089,CUST007089,2024-10-13,2026-10-13,Active,5030,60360
SUB0007090,CUST007090,2023-11-24,2026-11-24,Active,1435,17220
SUB0007091,CUST007091,2023-09-17,2024-09-17,Active,10779,129348
SUB0007092,CUST007092,2024-01-24,2026-01-24,Active,805,9660
SUB0007093,CUST007093,2025-02-14,2028-02-14,Pending Renewal,1492,17904
SUB0007094,CUST007094,2024-09-17,2025-09-17,Active,321,3852
SUB0007095,CUST007095,2024-10-22,2027-10-22,Active,1855,22260
SUB0007096,CUST007096,2023-08-30,2024-08-30,Pending Renewal,6438,77256
SUB0007097,CUST007097,2025-09-02,2027-09-02,Active,7149,85788
SUB0007098,CUST007098,2024-09-27,2027-09-27,Active,1733,20796
SUB0007099,CUST007099,2025-09-21,2027-09-21,Active,1109,13308
SUB0007100,CUST007100,2024-01-28,2026-01-28,Active,6566,78792
SUB0007101,CUST007101,2023-10-02,2026-10-02,Active,3260,39120
SUB0007102,CUST007102,2025-09-13,2026-09-13,Active,820,9840
SUB0007103,CUST007103,2025-08-06,2028-08-06,Active,1677,20124
SUB0007104,CUST007104,2024-06-18,2026-06-18,Active,1953,23436
SUB0007105,CUST007105,2025-12-19,2028-12-19,Active,536,6432
SUB0007106,CUST007106,2025-12-19,2027-12-19,Cancelled,20558,246696
SUB0007107,CUST007107,2023-10-13,2026-10-13,Active,6603,79236
SUB0007108,CUST007108,2025-01-01,2027-01-01,Active,3225,38700
SUB0007109,CUST007109,2024-12-24,2027-12-24,Pending Renewal,17789,213468
SUB0007110,CUST007110,2023-08-17,2024-08-17,Pending Renewal,1519,18228
SUB0007111,CUST007111,2023-10-06,2025-10-06,Active,1807,21684
SUB0007112,CUST007112,2025-03-26,2027-03-26,Active,1105,13260
SUB0007113,CUST007113,2025-02-18,2028-02-18,Active,1946,23352
SUB0007114,CUST007114,2024-12-28,2026-12-28,Active,2583,30996
SUB0007115,CUST007115,2023-09-02,2025-09-02,Pending Renewal,1209,14508
SUB0007116,CUST007116,2025-09-23,2027-09-23,Active,1911,22932
SUB0007117,CUST007117,2023-12-02,2025-12-02,Active,6339,76068
SUB0007118,CUST007118,2024-11-12,2027-11-12,Cancelled,2775,33300
SUB0007119,CUST007119,2023-11-17,2026-11-17,Pending Renewal,2084,25008
SUB0007120,CUST007120,2025-07-08,2028-07-08,Active,23390,280680
SUB0007121,CUST007121,2024-05-05,2026-05-05,Active,3919,47028
SUB0007122,CUST007122,2025-09-30,2028-09-30,Pending Renewal,987,11844
SUB0007123,CUST007123,2024-01-13,2026-01-13,Active,982,11784
SUB0007124,CUST007124,2025-07-26,2028-07-26,Active,1907,22884
SUB0007125,CUST007125,2024-11-25,2027-11-25,Active,13309,159708
SUB0007126,CUST007126,2025-12-22,2026-12-22,Active,11599,139188
SUB0007127,CUST007127,2023-09-23,2025-09-23,Active,359,4308
SUB0007128,CUST007128,2025-06-05,2028-06-05,Active,3912,46944
SUB0007129,CUST007129,2025-05-27,2028-05-27,Active,727,8724
SUB0007130,CUST007130,2025-05-26,2026-05-26,Active,4979,59748
SUB0007131,CUST007131,2024-12-09,2026-12-09,Active,1630,19560
SUB0007132,CUST007132,2024-03-15,2025-03-15,Active,6125,73500
SUB0007133,CUST007133,2024-06-26,2027-06-26,Active,1101,13212
SUB0007134,CUST007134,2024-08-13,2027-08-13,Active,4021,48252
SUB0007135,CUST007135,2024-03-31,2027-03-31,Active,5001,60012
SUB0007136,CUST007136,2025-07-22,2027-07-22,Pending Renewal,20010,240120
SUB0007137,CUST007137,2023-08-17,2025-08-17,Active,1945,23340
SUB0007138,CUST007138,2024-02-06,2026-02-06,Active,1767,21204
SUB0007139,CUST007139,2025-11-24,2027-11-24,Active,578,6936
SUB0007140,CUST007140,2023-08-07,2026-08-07,Active,713,8556
SUB0007141,CUST007141,2025-08-09,2028-08-09,Active,1144,13728
SUB0007142,CUST007142,2024-05-06,2025-05-06,Active,1672,20064
SUB0007143,CUST007143,2024-10-07,2027-10-07,Active,382,4584
SUB0007144,CUST007144,2025-02-04,2027-02-04,Active,1743,20916
SUB0007145,CUST007145,2025-04-27,2027-04-27,Active,2592,31104
SUB0007146,CUST007146,2024-08-30,2025-08-30,Active,1662,19944
SUB0007147,CUST007147,2025-05-29,2026-05-29,Active,16740,200880
SUB0007148,CUST007148,2024-01-29,2026-01-29,Cancelled,1703,20436
SUB0007149,CUST007149,2025-02-17,2027-02-17,Pending Renewal,1001,12012
SUB0007150,CUST007150,2024-12-01,2026-12-01,Pending Renewal,1507,18084
SUB0007151,CUST007151,2024-04-02,2025-04-02,Active,15085,181020
SUB0007152,CUST007152,2023-12-25,2026-12-25,Active,6131,73572
SUB0007153,CUST007153,2023-10-21,2026-10-21,Pending Renewal,1757,21084
SUB0007154,CUST007154,2024-05-15,2027-05-15,Active,1193,14316
SUB0007155,CUST007155,2025-04-28,2026-04-28,Active,3710,44520
SUB0007156,CUST007156,2023-07-15,2024-07-15,Active,3265,39180
SUB0007157,CUST007157,2025-01-02,2028-01-02,Active,626,7512
SUB0007158,CUST007158,2025-08-29,2028-08-29,Active,703,8436
SUB0007159,CUST007159,2024-02-12,2025-02-12,Active,6885,82620
SUB0007160,CUST007160,2025-02-21,2027-02-21,Active,919,11028
SUB0007161,CUST007161,2025-01-07,2026-01-07,Active,12996,155952
SUB0007162,CUST007162,2025-06-23,2026-06-23,Active,207,2484
SUB0007163,CUST007163,2023-07-13,2026-07-13,Active,3339,40068
SUB0007164,CUST007164,2024-04-01,2025-04-01,Active,261,3132
SUB0007165,CUST007165,2023-12-22,2024-12-22,Active,6031,72372
SUB0007166,CUST007166,2025-10-03,2028-10-03,Cancelled,24039,288468
SUB0007167,CUST007167,2023-11-13,2026-11-13,Active,372,4464
SUB0007168,CUST007168,2024-02-11,2025-02-11,Active,4570,54840
SUB0007169,CUST007169,2024-12-06,2026-12-06,Active,4784,57408
SUB0007170,CUST007170,2024-05-21,2027-05-21,Active,3681,44172
SUB0007171,CUST007171,2024-08-06,2025-08-06,Active,3855,46260
SUB0007172,CUST007172,2025-09-15,2027-09-15,Active,5503,66036
SUB0007173,CUST007173,2024-02-18,2026-02-18,Active,1949,23388
SUB0007174,CUST007174,2025-09-24,2026-09-24,Pending Renewal,1563,18756
SUB0007175,CUST007175,2024-05-22,2025-05-22,Active,6982,83784
SUB0007176,CUST007176,2025-10-11,2028-10-11,Active,844,10128
SUB0007177,CUST007177,2023-12-03,2024-12-03,Active,7627,91524
SUB0007178,CUST007178,2024-12-27,2027-12-27,Active,6042,72504
SUB0007179,CUST007179,2024-07-09,2026-07-09,Active,11496,137952
SUB0007180,CUST007180,2025-01-30,2027-01-30,Active,1038,12456
SUB0007181,CUST007181,2023-09-15,2026-09-15,Active,2188,26256
SUB0007182,CUST007182,2024-10-30,2025-10-30,Active,1744,20928
SUB0007183,CUST007183,2023-07-12,2024-07-12,Pending Renewal,13620,163440
SUB0007184,CUST007184,2023-08-26,2026-08-26,Active,6001,72012
SUB0007185,CUST007185,2025-02-07,2027-02-07,Active,103,1236
SUB0007186,CUST007186,2025-02-22,2028-02-22,Pending Renewal,1547,18564
SUB0007187,CUST007187,2024-10-23,2025-10-23,Active,1882,22584
SUB0007188,CUST007188,2024-01-12,2025-01-12,Active,1966,23592
SUB0007189,CUST007189,2025-07-14,2026-07-14,Pending Renewal,14942,179304
SUB0007190,CUST007190,2024-07-12,2027-07-12,Pending Renewal,983,11796
SUB0007191,CUST007191,2024-07-19,2025-07-19,Pending Renewal,1932,23184
SUB0007192,CUST007192,2025-01-31,2028-01-31,Active,1540,18480
SUB0007193,CUST007193,2023-07-18,2026-07-18,Active,3640,43680
SUB0007194,CUST007194,2023-09-12,2026-09-12,Active,1727,20724
SUB0007195,CUST007195,2024-01-08,2026-01-08,Cancelled,6180,74160
SUB0007196,CUST007196,2024-07-11,2026-07-11,Active,1031,12372
SUB0007197,CUST007197,2024-06-25,2026-06-25,Pending Renewal,4452,53424
SUB0007198,CUST007198,2025-03-24,2027-03-24,Active,451,5412
SUB0007199,CUST007199,2024-12-29,2025-12-29,Cancelled,3505,42060
SUB0007200,CUST007200,2023-11-14,2024-11-14,Active,4891,58692
SUB0007201,CUST007201,2024-09-24,2026-09-24,Active,1149,13788
SUB0007202,CUST007202,2024-04-24,2026-04-24,Active,4958,59496
SUB0007203,CUST007203,2025-10-09,2027-10-09,Active,385,4620
SUB0007204,CUST007204,2025-11-28,2027-11-28,Active,5841,70092
SUB0007205,CUST007205,2024-02-19,2025-02-19,Active,1280,15360
SUB0007206,CUST007206,2023-09-15,2026-09-15,Active,582,6984
SUB0007207,CUST007207,2024-06-27,2026-06-27,Active,407,4884
SUB0007208,CUST007208,2024-02-08,2025-02-08,Active,5436,65232
SUB0007209,CUST007209,2025-06-27,2026-06-27,Active,980,11760
SUB0007210,CUST007210,2024-07-28,2027-07-28,Active,7372,88464
SUB0007211,CUST007211,2025-11-03,2026-11-03,Active,602,7224
SUB0007212,CUST007212,2023-10-20,2025-10-20,Active,6047,72564
SUB0007213,CUST007213,2024-07-24,2025-07-24,Active,6993,83916
SUB0007214,CUST007214,2024-10-29,2027-10-29,Active,1456,17472
SUB0007215,CUST007215,2025-07-16,2027-07-16,Active,1528,18336
SUB0007216,CUST007216,2025-11-21,2027-11-21,Active,1109,13308
SUB0007217,CUST007217,2023-07-19,2026-07-19,Active,12510,150120
SUB0007218,CUST007218,2023-10-21,2025-10-21,Active,1841,22092
SUB0007219,CUST007219,2025-02-17,2027-02-17,Active,650,7800
SUB0007220,CUST007220,2025-06-04,2026-06-04,Active,23751,285012
SUB0007221,CUST007221,2024-05-06,2025-05-06,Pending Renewal,772,9264
SUB0007222,CUST007222,2025-03-25,2028-03-25,Pending Renewal,2065,24780
SUB0007223,CUST007223,2024-03-25,2025-03-25,Active,1032,12384
SUB0007224,CUST007224,2025-10-10,2027-10-10,Active,1991,23892
SUB0007225,CUST007225,2025-02-15,2027-02-15,Active,5688,68256
SUB0007226,CUST007226,2023-12-31,2025-12-31,Pending Renewal,789,9468
SUB0007227,CUST007227,2024-06-30,2026-06-30,Pending Renewal,1887,22644
SUB0007228,CUST007228,2025-05-18,2026-05-18,Active,1327,15924
SUB0007229,CUST007229,2025-06-04,2027-06-04,Active,439,5268
SUB0007230,CUST007230,2023-08-21,2026-08-21,Active,1474,17688
SUB0007231,CUST007231,2023-12-09,2025-12-09,Active,1935,23220
SUB0007232,CUST007232,2024-03-23,2026-03-23,Active,4371,52452
SUB0007233,CUST007233,2025-01-03,2028-01-03,Active,1054,12648
SUB0007234,CUST007234,2025-10-07,2026-10-07,Active,6661,79932
SUB0007235,CUST007235,2024-10-01,2027-10-01,Pending Renewal,5556,66672
SUB0007236,CUST007236,2024-06-29,2026-06-29,Active,128,1536
SUB0007237,CUST007237,2025-12-06,2027-12-06,Active,283,3396
SUB0007238,CUST007238,2024-08-04,2026-08-04,Active,279,3348
SUB0007239,CUST007239,2025-03-01,2026-03-01,Active,3859,46308
SUB0007240,CUST007240,2025-02-04,2027-02-04,Active,959,11508
SUB0007241,CUST007241,2024-07-02,2026-07-02,Active,1474,17688
SUB0007242,CUST007242,2024-10-03,2027-10-03,Active,1640,19680
SUB0007243,CUST007243,2025-06-04,2027-06-04,Active,15585,187020
SUB0007244,CUST007244,2025-08-12,2028-08-12,Active,11209,134508
SUB0007245,CUST007245,2024-11-05,2027-11-05,Pending Renewal,4391,52692
SUB0007246,CUST007246,2025-05-25,2028-05-25,Active,4492,53904
SUB0007247,CUST007247,2024-08-22,2025-08-22,Active,15397,184764
SUB0007248,CUST007248,2025-08-11,2028-08-11,Active,1723,20676
SUB0007249,CUST007249,2024-04-18,2025-04-18,Pending Renewal,1170,14040
SUB0007250,CUST007250,2024-05-13,2025-05-13,Active,1469,17628
SUB0007251,CUST007251,2025-09-24,2026-09-24,Active,1052,12624
SUB0007252,CUST007252,2024-08-17,2027-08-17,Active,4306,51672
SUB0007253,CUST007253,2025-12-23,2026-12-23,Active,2955,35460
SUB0007254,CUST007254,2024-02-23,2025-02-23,Active,453,5436
SUB0007255,CUST007255,2025-12-20,2028-12-20,Active,4914,58968
SUB0007256,CUST007256,2024-08-18,2026-08-18,Active,12204,146448
SUB0007257,CUST007257,2025-11-05,2028-11-05,Active,24811,297732
SUB0007258,CUST007258,2025-07-20,2028-07-20,Active,1321,15852
SUB0007259,CUST007259,2024-08-17,2026-08-17,Active,2047,24564
SUB0007260,CUST007260,2024-02-11,2026-02-11,Active,1952,23424
SUB0007261,CUST007261,2024-10-09,2027-10-09,Active,612,7344
SUB0007262,CUST007262,2025-05-21,2028-05-21,Active,1506,18072
SUB0007263,CUST007263,2023-12-05,2024-12-05,Active,4644,55728
SUB0007264,CUST007264,2025-07-10,2026-07-10,Cancelled,7012,84144
SUB0007265,CUST007265,2023-09-19,2026-09-19,Active,1729,20748
SUB0007266,CUST007266,2024-12-25,2026-12-25,Active,19778,237336
SUB0007267,CUST007267,2024-10-22,2027-10-22,Active,5695,68340
SUB0007268,CUST007268,2025-11-03,2028-11-03,Active,344,4128
SUB0007269,CUST007269,2024-12-27,2026-12-27,Pending Renewal,22586,271032
SUB0007270,CUST007270,2025-12-04,2027-12-04,Active,7415,88980
SUB0007271,CUST007271,2025-07-24,2028-07-24,Active,5726,68712
SUB0007272,CUST007272,2023-10-06,2024-10-06,Pending Renewal,3177,38124
SUB0007273,CUST007273,2024-02-16,2026-02-16,Active,14101,169212
SUB0007274,CUST007274,2024-09-21,2027-09-21,Active,7871,94452
SUB0007275,CUST007275,2025-08-26,2028-08-26,Cancelled,271,3252
SUB0007276,CUST007276,2024-12-18,2027-12-18,Active,1792,21504
SUB0007277,CUST007277,2025-07-10,2028-07-10,Pending Renewal,14495,173940
SUB0007278,CUST007278,2024-10-31,2027-10-31,Active,1245,14940
SUB0007279,CUST007279,2025-08-22,2027-08-22,Active,471,5652
SUB0007280,CUST007280,2023-10-10,2026-10-10,Active,1857,22284
SUB0007281,CUST007281,2025-11-03,2026-11-03,Active,1622,19464
SUB0007282,CUST007282,2024-12-03,2027-12-03,Active,5731,68772
SUB0007283,CUST007283,2025-08-26,2026-08-26,Cancelled,772,9264
SUB0007284,CUST007284,2024-10-01,2026-10-01,Active,1604,19248
SUB0007285,CUST007285,2024-08-10,2026-08-10,Active,300,3600
SUB0007286,CUST007286,2023-10-02,2026-10-02,Active,1273,15276
SUB0007287,CUST007287,2025-05-23,2026-05-23,Active,2567,30804
SUB0007288,CUST007288,2024-07-25,2026-07-25,Active,23956,287472
SUB0007289,CUST007289,2023-10-19,2024-10-19,Active,879,10548
SUB0007290,CUST007290,2024-05-11,2025-05-11,Active,1387,16644
SUB0007291,CUST007291,2025-01-19,2026-01-19,Active,1689,20268
SUB0007292,CUST007292,2024-01-18,2027-01-18,Active,697,8364
SUB0007293,CUST007293,2024-04-14,2026-04-14,Active,7823,93876
SUB0007294,CUST007294,2024-03-04,2026-03-04,Active,239,2868
SUB0007295,CUST007295,2025-07-31,2028-07-31,Active,5826,69912
SUB0007296,CUST007296,2024-09-16,2026-09-16,Active,1508,18096
SUB0007297,CUST007297,2024-04-18,2025-04-18,Active,2026,24312
SUB0007298,CUST007298,2023-07-17,2024-07-17,Pending Renewal,1943,23316
SUB0007299,CUST007299,2024-04-14,2026-04-14,Active,1662,19944
SUB0007300,CUST007300,2024-06-04,2025-06-04,Active,716,8592
SUB0007301,CUST007301,2025-04-30,2028-04-30,Active,3667,44004
SUB0007302,CUST007302,2024-07-20,2025-07-20,Cancelled,1979,23748
SUB0007303,CUST007303,2025-09-12,2027-09-12,Active,16359,196308
SUB0007304,CUST007304,2024-03-16,2027-03-16,Pending Renewal,1583,18996
SUB0007305,CUST007305,2024-04-29,2027-04-29,Active,448,5376
SUB0007306,CUST007306,2024-06-02,2027-06-02,Active,1633,19596
SUB0007307,CUST007307,2025-03-20,2027-03-20,Pending Renewal,1378,16536
SUB0007308,CUST007308,2024-02-12,2025-02-12,Active,16515,198180
SUB0007309,CUST007309,2024-06-07,2025-06-07,Active,1882,22584
SUB0007310,CUST007310,2025-01-23,2027-01-23,Pending Renewal,19049,228588
SUB0007311,CUST007311,2025-05-20,2026-05-20,Active,1141,13692
SUB0007312,CUST007312,2025-12-13,2026-12-13,Active,14982,179784
SUB0007313,CUST007313,2025-04-07,2027-04-07,Active,17562,210744
SUB0007314,CUST007314,2023-11-16,2026-11-16,Active,1964,23568
SUB0007315,CUST007315,2023-11-28,2026-11-28,Active,3684,44208
SUB0007316,CUST007316,2024-05-29,2026-05-29,Active,19135,229620
SUB0007317,CUST007317,2024-05-17,2025-05-17,Active,14175,170100
SUB0007318,CUST007318,2025-06-22,2028-06-22,Active,1819,21828
SUB0007319,CUST007319,2025-11-11,2028-11-11,Active,2607,31284
SUB0007320,CUST007320,2025-12-23,2028-12-23,Active,1499,17988
SUB0007321,CUST007321,2023-12-05,2024-12-05,Active,5565,66780
SUB0007322,CUST007322,2025-05-25,2027-05-25,Pending Renewal,24538,294456
SUB0007323,CUST007323,2025-11-10,2026-11-10,Active,1682,20184
SUB0007324,CUST007324,2025-06-03,2026-06-03,Active,321,3852
SUB0007325,CUST007325,2023-08-06,2025-08-06,Active,1985,23820
SUB0007326,CUST007326,2024-06-11,2027-06-11,Active,4454,53448
SUB0007327,CUST007327,2024-10-04,2026-10-04,Active,20419,245028
SUB0007328,CUST007328,2023-11-19,2024-11-19,Active,20486,245832
SUB0007329,CUST007329,2023-09-29,2026-09-29,Active,1667,20004
SUB0007330,CUST007330,2023-09-25,2025-09-25,Pending Renewal,907,10884
SUB0007331,CUST007331,2025-03-26,2026-03-26,Active,6002,72024
SUB0007332,CUST007332,2025-02-18,2027-02-18,Active,6971,83652
SUB0007333,CUST007333,2023-12-06,2026-12-06,Active,1597,19164
SUB0007334,CUST007334,2023-12-02,2024-12-02,Active,410,4920
SUB0007335,CUST007335,2024-01-31,2027-01-31,Active,854,10248
SUB0007336,CUST007336,2023-08-05,2025-08-05,Active,905,10860
SUB0007337,CUST007337,2024-06-27,2026-06-27,Active,1672,20064
SUB0007338,CUST007338,2024-07-24,2025-07-24,Active,1306,15672
SUB0007339,CUST007339,2024-03-12,2025-03-12,Active,641,7692
SUB0007340,CUST007340,2024-03-04,2025-03-04,Active,1108,13296
SUB0007341,CUST007341,2025-02-17,2026-02-17,Active,865,10380
SUB0007342,CUST007342,2025-06-15,2026-06-15,Active,207,2484
SUB0007343,CUST007343,2024-11-01,2026-11-01,Active,636,7632
SUB0007344,CUST007344,2025-05-14,2028-05-14,Active,1530,18360
SUB0007345,CUST007345,2025-02-25,2027-02-25,Active,2016,24192
SUB0007346,CUST007346,2023-12-02,2025-12-02,Active,183,2196
SUB0007347,CUST007347,2023-06-29,2025-06-29,Active,1802,21624
SUB0007348,CUST007348,2025-06-15,2027-06-15,Active,7854,94248
SUB0007349,CUST007349,2025-09-25,2028-09-25,Cancelled,16818,201816
SUB0007350,CUST007350,2024-10-30,2027-10-30,Active,3108,37296
SUB0007351,CUST007351,2023-08-15,2025-08-15,Active,22580,270960
SUB0007352,CUST007352,2024-07-26,2027-07-26,Active,1097,13164
SUB0007353,CUST007353,2025-02-05,2026-02-05,Active,7424,89088
SUB0007354,CUST007354,2025-03-28,2028-03-28,Active,10590,127080
SUB0007355,CUST007355,2025-11-13,2027-11-13,Active,12063,144756
SUB0007356,CUST007356,2025-09-12,2027-09-12,Active,1773,21276
SUB0007357,CUST007357,2024-04-28,2027-04-28,Active,10123,121476
SUB0007358,CUST007358,2024-07-29,2026-07-29,Active,594,7128
SUB0007359,CUST007359,2023-11-19,2025-11-19,Active,7759,93108
SUB0007360,CUST007360,2024-07-07,2025-07-07,Active,510,6120
SUB0007361,CUST007361,2023-10-06,2025-10-06,Active,6385,76620
SUB0007362,CUST007362,2024-02-11,2027-02-11,Pending Renewal,6187,74244
SUB0007363,CUST007363,2025-10-05,2028-10-05,Pending Renewal,5527,66324
SUB0007364,CUST007364,2024-05-28,2026-05-28,Active,641,7692
SUB0007365,CUST007365,2023-08-19,2026-08-19,Active,1403,16836
SUB0007366,CUST007366,2025-07-25,2027-07-25,Active,490,5880
SUB0007367,CUST007367,2025-09-19,2026-09-19,Active,1693,20316
SUB0007368,CUST007368,2024-10-21,2025-10-21,Active,6918,83016
SUB0007369,CUST007369,2023-09-05,2024-09-05,Active,23512,282144
SUB0007370,CUST007370,2024-10-09,2025-10-09,Active,7047,84564
SUB0007371,CUST007371,2025-06-15,2026-06-15,Pending Renewal,1644,19728
SUB0007372,CUST007372,2024-04-13,2027-04-13,Active,3390,40680
SUB0007373,CUST007373,2025-03-17,2028-03-17,Pending Renewal,4512,54144
SUB0007374,CUST007374,2023-12-19,2025-12-19,Active,878,10536
SUB0007375,CUST007375,2025-01-02,2027-01-02,Active,1686,20232
SUB0007376,CUST007376,2025-02-14,2027-02-14,Active,1590,19080
SUB0007377,CUST007377,2024-09-03,2026-09-03,Cancelled,8014,96168
SUB0007378,CUST007378,2025-11-18,2026-11-18,Cancelled,1935,23220
SUB0007379,CUST007379,2024-05-08,2025-05-08,Active,547,6564
SUB0007380,CUST007380,2025-06-11,2028-06-11,Active,20422,245064
SUB0007381,CUST007381,2025-08-23,2028-08-23,Active,368,4416
SUB0007382,CUST007382,2024-03-01,2026-03-01,Active,6188,74256
SUB0007383,CUST007383,2023-07-09,2024-07-09,Active,1368,16416
SUB0007384,CUST007384,2023-12-24,2026-12-24,Active,21818,261816
SUB0007385,CUST007385,2024-04-13,2027-04-13,Active,4208,50496
SUB0007386,CUST007386,2025-01-08,2027-01-08,Pending Renewal,6043,72516
SUB0007387,CUST007387,2024-07-21,2025-07-21,Active,2200,26400
SUB0007388,CUST007388,2024-10-30,2026-10-30,Active,835,10020
SUB0007389,CUST007389,2024-02-17,2027-02-17,Pending Renewal,309,3708
SUB0007390,CUST007390,2024-09-21,2026-09-21,Active,1529,18348
SUB0007391,CUST007391,2023-11-13,2024-11-13,Active,1368,16416
SUB0007392,CUST007392,2025-12-26,2027-12-26,Active,9184,110208
SUB0007393,CUST007393,2024-03-31,2026-03-31,Active,876,10512
SUB0007394,CUST007394,2024-06-07,2027-06-07,Active,23680,284160
SUB0007395,CUST007395,2023-08-09,2026-08-09,Active,1060,12720
SUB0007396,CUST007396,2024-12-15,2027-12-15,Active,1151,13812
SUB0007397,CUST007397,2024-09-18,2026-09-18,Active,4328,51936
SUB0007398,CUST007398,2025-02-18,2028-02-18,Active,7400,88800
SUB0007399,CUST007399,2025-05-14,2026-05-14,Active,689,8268
SUB0007400,CUST007400,2024-02-29,2026-02-28,Active,7417,89004
SUB0007401,CUST007401,2023-08-13,2026-08-13,Pending Renewal,5680,68160
SUB0007402,CUST007402,2023-08-05,2025-08-05,Pending Renewal,335,4020
SUB0007403,CUST007403,2024-07-01,2027-07-01,Pending Renewal,9227,110724
SUB0007404,CUST007404,2024-11-30,2025-11-30,Active,11362,136344
SUB0007405,CUST007405,2025-01-12,2027-01-12,Active,2662,31944
SUB0007406,CUST007406,2024-07-05,2027-07-05,Active,7086,85032
SUB0007407,CUST007407,2024-01-15,2027-01-15,Active,1319,15828
SUB0007408,CUST007408,2025-07-10,2028-07-10,Active,1974,23688
SUB0007409,CUST007409,2025-04-07,2026-04-07,Cancelled,5352,64224
SUB0007410,CUST007410,2025-07-03,2027-07-03,Active,3269,39228
SUB0007411,CUST007411,2024-03-14,2026-03-14,Active,480,5760
SUB0007412,CUST007412,2025-04-19,2027-04-19,Active,1472,17664
SUB0007413,CUST007413,2024-09-24,2025-09-24,Active,7824,93888
SUB0007414,CUST007414,2023-07-28,2025-07-28,Active,329,3948
SUB0007415,CUST007415,2023-08-07,2025-08-07,Active,161,1932
SUB0007416,CUST007416,2025-10-15,2026-10-15,Active,16310,195720
SUB0007417,CUST007417,2025-12-04,2027-12-04,Active,1778,21336
SUB0007418,CUST007418,2025-08-27,2028-08-27,Pending Renewal,1797,21564
SUB0007419,CUST007419,2025-07-12,2028-07-12,Active,1242,14904
SUB0007420,CUST007420,2023-11-20,2024-11-20,Pending Renewal,1011,12132
SUB0007421,CUST007421,2024-12-15,2025-12-15,Active,10280,123360
SUB0007422,CUST007422,2025-06-29,2026-06-29,Active,16050,192600
SUB0007423,CUST007423,2024-04-11,2026-04-11,Active,917,11004
SUB0007424,CUST007424,2024-12-14,2027-12-14,Active,1889,22668
SUB0007425,CUST007425,2025-11-10,2027-11-10,Active,6111,73332
SUB0007426,CUST007426,2023-10-31,2025-10-31,Active,6747,80964
SUB0007427,CUST007427,2025-01-31,2026-01-31,Active,1616,19392
SUB0007428,CUST007428,2023-11-17,2026-11-17,Active,704,8448
SUB0007429,CUST007429,2024-05-16,2027-05-16,Active,628,7536
SUB0007430,CUST007430,2025-10-17,2028-10-17,Active,7269,87228
SUB0007431,CUST007431,2023-11-13,2026-11-13,Active,276,3312
SUB0007432,CUST007432,2023-10-20,2026-10-20,Active,1763,21156
SUB0007433,CUST007433,2024-02-01,2026-02-01,Cancelled,7637,91644
SUB0007434,CUST007434,2023-12-31,2025-12-31,Cancelled,22305,267660
SUB0007435,CUST007435,2024-10-27,2027-10-27,Active,571,6852
SUB0007436,CUST007436,2024-08-18,2025-08-18,Active,1705,20460
SUB0007437,CUST007437,2025-05-05,2026-05-05,Active,1000,12000
SUB0007438,CUST007438,2024-05-25,2027-05-25,Active,4156,49872
SUB0007439,CUST007439,2025-12-22,2028-12-22,Active,7240,86880
SUB0007440,CUST007440,2024-03-29,2025-03-29,Active,420,5040
SUB0007441,CUST007441,2024-05-22,2025-05-22,Active,1035,12420
SUB0007442,CUST007442,2025-02-13,2027-02-13,Active,608,7296
SUB0007443,CUST007443,2023-09-13,2024-09-13,Active,4211,50532
SUB0007444,CUST007444,2025-05-13,2027-05-13,Active,1540,18480
SUB0007445,CUST007445,2024-08-25,2025-08-25,Active,5420,65040
SUB0007446,CUST007446,2024-01-08,2026-01-08,Active,478,5736
SUB0007447,CUST007447,2024-05-26,2025-05-26,Active,16989,203868
SUB0007448,CUST007448,2024-01-07,2026-01-07,Active,301,3612
SUB0007449,CUST007449,2024-11-29,2026-11-29,Active,2746,32952
SUB0007450,CUST007450,2025-05-27,2028-05-27,Active,7631,91572
SUB0007451,CUST007451,2023-07-08,2024-07-08,Cancelled,13673,164076
SUB0007452,CUST007452,2025-06-05,2026-06-05,Active,1901,22812
SUB0007453,CUST007453,2023-11-02,2025-11-02,Active,14603,175236
SUB0007454,CUST007454,2024-05-13,2026-05-13,Active,5105,61260
SUB0007455,CUST007455,2025-06-02,2026-06-02,Active,4409,52908
SUB0007456,CUST007456,2024-10-22,2026-10-22,Pending Renewal,4883,58596
SUB0007457,CUST007457,2025-08-16,2028-08-16,Active,22204,266448
SUB0007458,CUST007458,2024-06-09,2026-06-09,Active,5905,70860
SUB0007459,CUST007459,2023-06-28,2024-06-28,Active,1274,15288
SUB0007460,CUST007460,2024-05-02,2025-05-02,Active,370,4440
SUB0007461,CUST007461,2025-07-13,2026-07-13,Cancelled,513,6156
SUB0007462,CUST007462,2024-10-06,2027-10-06,Pending Renewal,10953,131436
SUB0007463,CUST007463,2025-07-18,2026-07-18,Active,6176,74112
SUB0007464,CUST007464,2025-10-19,2026-10-19,Active,495,5940
SUB0007465,CUST007465,2025-11-12,2026-11-12,Active,1428,17136
SUB0007466,CUST007466,2024-02-02,2027-02-02,Active,429,5148
SUB0007467,CUST007467,2024-07-15,2026-07-15,Active,5805,69660
SUB0007468,CUST007468,2024-07-21,2027-07-21,Active,24504,294048
SUB0007469,CUST007469,2025-07-12,2026-07-12,Active,5679,68148
SUB0007470,CUST007470,2023-10-09,2025-10-09,Active,1255,15060
SUB0007471,CUST007471,2025-02-12,2026-02-12,Active,24218,290616
SUB0007472,CUST007472,2025-09-29,2027-09-29,Active,3191,38292
SUB0007473,CUST007473,2023-09-14,2024-09-14,Pending Renewal,5828,69936
SUB0007474,CUST007474,2025-04-18,2026-04-18,Active,1006,12072
SUB0007475,CUST007475,2025-07-14,2027-07-14,Active,11659,139908
SUB0007476,CUST007476,2025-09-11,2028-09-11,Active,3275,39300
SUB0007477,CUST007477,2023-10-19,2026-10-19,Active,5690,68280
SUB0007478,CUST007478,2025-09-06,2026-09-06,Active,10400,124800
SUB0007479,CUST007479,2025-11-06,2028-11-06,Active,1167,14004
SUB0007480,CUST007480,2024-01-10,2027-01-10,Active,549,6588
SUB0007481,CUST007481,2024-10-28,2027-10-28,Active,4955,59460
SUB0007482,CUST007482,2024-07-05,2026-07-05,Pending Renewal,3430,41160
SUB0007483,CUST007483,2023-12-12,2026-12-12,Active,6337,76044
SUB0007484,CUST007484,2023-12-09,2025-12-09,Active,7207,86484
SUB0007485,CUST007485,2025-01-31,2026-01-31,Active,6930,83160
SUB0007486,CUST007486,2024-08-18,2026-08-18,Active,157,1884
SUB0007487,CUST007487,2025-05-27,2027-05-27,Active,8741,104892
SUB0007488,CUST007488,2024-02-11,2026-02-11,Active,320,3840
SUB0007489,CUST007489,2025-11-16,2028-11-16,Active,5622,67464
SUB0007490,CUST007490,2024-10-09,2025-10-09,Active,4581,54972
SUB0007491,CUST007491,2024-01-07,2027-01-07,Active,5912,70944
SUB0007492,CUST007492,2025-10-24,2027-10-24,Active,1668,20016
SUB0007493,CUST007493,2025-01-22,2026-01-22,Active,3952,47424
SUB0007494,CUST007494,2025-02-21,2028-02-21,Active,3322,39864
SUB0007495,CUST007495,2025-12-13,2028-12-13,Cancelled,1346,16152
SUB0007496,CUST007496,2025-04-06,2028-04-06,Active,3114,37368
SUB0007497,CUST007497,2025-02-10,2028-02-10,Active,6307,75684
SUB0007498,CUST007498,2025-04-03,2028-04-03,Active,1411,16932
SUB0007499,CUST007499,2025-11-06,2028-11-06,Active,1773,21276
SUB0007500,CUST007500,2025-07-04,2026-07-04,Cancelled,4463,53556
SUB0007501,CUST007501,2023-11-29,2025-11-29,Cancelled,610,7320
SUB0007502,CUST007502,2024-06-27,2025-06-27,Active,1521,18252
SUB0007503,CUST007503,2025-11-01,2026-11-01,Active,1357,16284
SUB0007504,CUST007504,2025-10-30,2026-10-30,Active,9236,110832
SUB0007505,CUST007505,2024-05-21,2026-05-21,Active,104,1248
SUB0007506,CUST007506,2024-05-01,2025-05-01,Active,1824,21888
SUB0007507,CUST007507,2024-09-03,2027-09-03,Active,426,5112
SUB0007508,CUST007508,2025-08-11,2028-08-11,Active,21540,258480
SUB0007509,CUST007509,2023-07-30,2024-07-30,Active,5269,63228
SUB0007510,CUST007510,2024-06-09,2026-06-09,Active,4915,58980
SUB0007511,CUST007511,2025-01-16,2026-01-16,Active,12708,152496
SUB0007512,CUST007512,2025-02-02,2028-02-02,Active,2311,27732
SUB0007513,CUST007513,2024-07-15,2026-07-15,Active,5654,67848
SUB0007514,CUST007514,2024-05-02,2026-05-02,Active,1011,12132
SUB0007515,CUST007515,2025-12-24,2028-12-24,Active,1099,13188
SUB0007516,CUST007516,2024-09-22,2025-09-22,Active,3282,39384
SUB0007517,CUST007517,2023-06-25,2026-06-25,Active,6340,76080
SUB0007518,CUST007518,2023-11-08,2024-11-08,Active,3125,37500
SUB0007519,CUST007519,2023-07-21,2024-07-21,Active,3285,39420
SUB0007520,CUST007520,2024-03-17,2025-03-17,Active,1440,17280
SUB0007521,CUST007521,2024-05-30,2025-05-30,Pending Renewal,762,9144
SUB0007522,CUST007522,2023-10-23,2024-10-23,Active,8009,96108
SUB0007523,CUST007523,2023-08-08,2026-08-08,Active,1073,12876
SUB0007524,CUST007524,2024-06-16,2026-06-16,Active,3978,47736
SUB0007525,CUST007525,2025-06-01,2028-06-01,Active,14839,178068
SUB0007526,CUST007526,2025-07-31,2028-07-31,Active,641,7692
SUB0007527,CUST007527,2025-06-28,2027-06-28,Cancelled,1691,20292
SUB0007528,CUST007528,2024-04-02,2026-04-02,Active,13482,161784
SUB0007529,CUST007529,2025-10-30,2026-10-30,Active,188,2256
SUB0007530,CUST007530,2023-12-18,2025-12-18,Active,16280,195360
SUB0007531,CUST007531,2024-07-31,2026-07-31,Active,3170,38040
SUB0007532,CUST007532,2025-09-21,2028-09-21,Pending Renewal,562,6744
SUB0007533,CUST007533,2025-08-20,2027-08-20,Cancelled,4785,57420
SUB0007534,CUST007534,2025-08-04,2026-08-04,Cancelled,8528,102336
SUB0007535,CUST007535,2025-08-31,2028-08-31,Active,791,9492
SUB0007536,CUST007536,2024-12-21,2026-12-21,Active,634,7608
SUB0007537,CUST007537,2024-03-17,2026-03-17,Active,242,2904
SUB0007538,CUST007538,2024-05-28,2025-05-28,Active,405,4860
SUB0007539,CUST007539,2024-07-21,2027-07-21,Active,22857,274284
SUB0007540,CUST007540,2023-07-25,2025-07-25,Active,5481,65772
SUB0007541,CUST007541,2024-12-27,2025-12-27,Active,22526,270312
SUB0007542,CUST007542,2024-08-01,2025-08-01,Active,565,6780
SUB0007543,CUST007543,2025-12-17,2027-12-17,Active,5239,62868
SUB0007544,CUST007544,2024-07-25,2027-07-25,Active,1194,14328
SUB0007545,CUST007545,2025-04-20,2028-04-20,Active,14305,171660
SUB0007546,CUST007546,2023-09-25,2024-09-25,Active,19560,234720
SUB0007547,CUST007547,2024-06-26,2026-06-26,Active,660,7920
SUB0007548,CUST007548,2023-12-16,2024-12-16,Active,4737,56844
SUB0007549,CUST007549,2024-10-19,2026-10-19,Active,1414,16968
SUB0007550,CUST007550,2025-04-08,2028-04-08,Active,1669,20028
SUB0007551,CUST007551,2025-10-18,2027-10-18,Active,1556,18672
SUB0007552,CUST007552,2024-03-28,2027-03-28,Active,6178,74136
SUB0007553,CUST007553,2023-12-27,2026-12-27,Active,6812,81744
SUB0007554,CUST007554,2024-05-16,2026-05-16,Active,5085,61020
SUB0007555,CUST007555,2023-08-22,2025-08-22,Pending Renewal,1186,14232
SUB0007556,CUST007556,2025-12-07,2028-12-07,Active,6023,72276
SUB0007557,CUST007557,2024-01-18,2026-01-18,Active,1023,12276
SUB0007558,CUST007558,2024-04-08,2025-04-08,Active,295,3540
SUB0007559,CUST007559,2023-07-20,2025-07-20,Active,1785,21420
SUB0007560,CUST007560,2024-07-15,2026-07-15,Active,6646,79752
SUB0007561,CUST007561,2025-01-21,2028-01-21,Active,192,2304
SUB0007562,CUST007562,2025-12-15,2028-12-15,Active,1634,19608
SUB0007563,CUST007563,2024-08-22,2027-08-22,Active,1383,16596
SUB0007564,CUST007564,2024-04-08,2027-04-08,Active,1239,14868
SUB0007565,CUST007565,2024-08-15,2026-08-15,Active,1795,21540
SUB0007566,CUST007566,2023-08-31,2026-08-31,Active,1986,23832
SUB0007567,CUST007567,2024-12-01,2025-12-01,Active,369,4428
SUB0007568,CUST007568,2024-12-01,2025-12-01,Active,1667,20004
SUB0007569,CUST007569,2025-09-03,2027-09-03,Active,328,3936
SUB0007570,CUST007570,2024-06-05,2025-06-05,Active,6727,80724
SUB0007571,CUST007571,2023-07-02,2025-07-02,Active,2338,28056
SUB0007572,CUST007572,2025-08-17,2026-08-17,Active,1748,20976
SUB0007573,CUST007573,2025-06-28,2026-06-28,Active,387,4644
SUB0007574,CUST007574,2024-03-24,2026-03-24,Active,5461,65532
SUB0007575,CUST007575,2025-06-04,2028-06-04,Pending Renewal,21074,252888
SUB0007576,CUST007576,2023-11-26,2024-11-26,Pending Renewal,1693,20316
SUB0007577,CUST007577,2024-08-03,2027-08-03,Active,1752,21024
SUB0007578,CUST007578,2025-04-06,2026-04-06,Active,3893,46716
SUB0007579,CUST007579,2024-04-29,2027-04-29,Active,1471,17652
SUB0007580,CUST007580,2024-05-16,2027-05-16,Active,15220,182640
SUB0007581,CUST007581,2024-02-20,2026-02-20,Active,424,5088
SUB0007582,CUST007582,2024-08-23,2026-08-23,Active,1768,21216
SUB0007583,CUST007583,2024-09-15,2025-09-15,Active,1183,14196
SUB0007584,CUST007584,2024-05-02,2026-05-02,Active,1504,18048
SUB0007585,CUST007585,2023-09-28,2026-09-28,Cancelled,1694,20328
SUB0007586,CUST007586,2023-07-23,2026-07-23,Pending Renewal,703,8436
SUB0007587,CUST007587,2024-02-06,2026-02-06,Pending Renewal,6383,76596
SUB0007588,CUST007588,2023-12-01,2026-12-01,Pending Renewal,4174,50088
SUB0007589,CUST007589,2023-11-02,2026-11-02,Active,14467,173604
SUB0007590,CUST007590,2024-08-14,2025-08-14,Active,5723,68676
SUB0007591,CUST007591,2024-10-25,2025-10-25,Active,3531,42372
SUB0007592,CUST007592,2024-12-17,2025-12-17,Active,6640,79680
SUB0007593,CUST007593,2025-01-14,2027-01-14,Active,19800,237600
SUB0007594,CUST007594,2023-12-30,2024-12-30,Active,761,9132
SUB0007595,CUST007595,2024-10-27,2025-10-27,Active,304,3648
SUB0007596,CUST007596,2024-01-06,2026-01-06,Pending Renewal,1553,18636
SUB0007597,CUST007597,2024-01-29,2025-01-29,Pending Renewal,19373,232476
SUB0007598,CUST007598,2025-07-21,2027-07-21,Active,299,3588
SUB0007599,CUST007599,2025-08-09,2027-08-09,Active,1775,21300
SUB0007600,CUST007600,2023-10-07,2024-10-07,Pending Renewal,875,10500
SUB0007601,CUST007601,2025-02-23,2028-02-23,Pending Renewal,17596,211152
SUB0007602,CUST007602,2024-11-26,2027-11-26,Active,1677,20124
SUB0007603,CUST007603,2025-09-14,2026-09-14,Active,386,4632
SUB0007604,CUST007604,2024-10-15,2027-10-15,Active,1237,14844
SUB0007605,CUST007605,2025-09-22,2026-09-22,Active,8457,101484
SUB0007606,CUST007606,2023-08-31,2025-08-31,Cancelled,1042,12504
SUB0007607,CUST007607,2024-01-28,2026-01-28,Active,2508,30096
SUB0007608,CUST007608,2024-05-16,2027-05-16,Cancelled,1355,16260
SUB0007609,CUST007609,2024-04-08,2026-04-08,Active,6364,76368
SUB0007610,CUST007610,2024-12-28,2026-12-28,Active,434,5208
SUB0007611,CUST007611,2025-08-10,2028-08-10,Active,1726,20712
SUB0007612,CUST007612,2024-03-04,2027-03-04,Cancelled,345,4140
SUB0007613,CUST007613,2024-04-16,2027-04-16,Active,5302,63624
SUB0007614,CUST007614,2023-09-27,2024-09-27,Active,1002,12024
SUB0007615,CUST007615,2023-12-16,2025-12-16,Pending Renewal,23919,287028
SUB0007616,CUST007616,2023-09-17,2024-09-17,Active,2851,34212
SUB0007617,CUST007617,2025-11-23,2028-11-23,Active,3766,45192
SUB0007618,CUST007618,2023-06-27,2024-06-27,Active,1010,12120
SUB0007619,CUST007619,2023-11-06,2025-11-06,Pending Renewal,107,1284
SUB0007620,CUST007620,2025-04-27,2028-04-27,Active,5192,62304
SUB0007621,CUST007621,2025-05-19,2026-05-19,Active,321,3852
SUB0007622,CUST007622,2023-10-08,2025-10-08,Active,541,6492
SUB0007623,CUST007623,2023-07-21,2026-07-21,Active,4300,51600
SUB0007624,CUST007624,2025-07-02,2027-07-02,Pending Renewal,1101,13212
SUB0007625,CUST007625,2025-08-13,2028-08-13,Active,20784,249408
SUB0007626,CUST007626,2025-05-07,2027-05-07,Active,539,6468
SUB0007627,CUST007627,2025-08-06,2028-08-06,Active,623,7476
SUB0007628,CUST007628,2025-08-15,2028-08-15,Active,10238,122856
SUB0007629,CUST007629,2025-04-06,2027-04-06,Active,262,3144
SUB0007630,CUST007630,2025-05-30,2028-05-30,Active,1692,20304
SUB0007631,CUST007631,2025-04-23,2026-04-23,Active,1962,23544
SUB0007632,CUST007632,2025-01-06,2026-01-06,Active,3573,42876
SUB0007633,CUST007633,2024-08-20,2026-08-20,Active,7261,87132
SUB0007634,CUST007634,2023-11-06,2026-11-06,Active,1243,14916
SUB0007635,CUST007635,2025-06-28,2027-06-28,Pending Renewal,4190,50280
SUB0007636,CUST007636,2023-09-09,2024-09-09,Active,145,1740
SUB0007637,CUST007637,2023-09-06,2024-09-06,Active,8069,96828
SUB0007638,CUST007638,2025-04-05,2026-04-05,Cancelled,13823,165876
SUB0007639,CUST007639,2025-04-20,2027-04-20,Active,1467,17604
SUB0007640,CUST007640,2025-12-10,2026-12-10,Active,213,2556
SUB0007641,CUST007641,2024-12-21,2026-12-21,Active,22045,264540
SUB0007642,CUST007642,2024-04-29,2026-04-29,Active,776,9312
SUB0007643,CUST007643,2023-08-13,2024-08-13,Pending Renewal,4192,50304
SUB0007644,CUST007644,2025-01-13,2026-01-13,Pending Renewal,20284,243408
SUB0007645,CUST007645,2024-09-15,2027-09-15,Active,1149,13788
SUB0007646,CUST007646,2025-02-08,2028-02-08,Active,1158,13896
SUB0007647,CUST007647,2024-05-22,2026-05-22,Active,7107,85284
SUB0007648,CUST007648,2025-03-20,2028-03-20,Active,1454,17448
SUB0007649,CUST007649,2023-11-19,2024-11-19,Pending Renewal,9823,117876
SUB0007650,CUST007650,2024-01-25,2025-01-25,Active,6189,74268
SUB0007651,CUST007651,2025-07-15,2028-07-15,Active,3334,40008
SUB0007652,CUST007652,2025-04-28,2027-04-28,Active,1223,14676
SUB0007653,CUST007653,2023-11-01,2024-11-01,Active,7684,92208
SUB0007654,CUST007654,2025-01-17,2027-01-17,Active,7087,85044
SUB0007655,CUST007655,2025-06-17,2027-06-17,Pending Renewal,16322,195864
SUB0007656,CUST007656,2025-03-12,2028-03-12,Pending Renewal,5088,61056
SUB0007657,CUST007657,2024-03-02,2027-03-02,Pending Renewal,4545,54540
SUB0007658,CUST007658,2025-08-06,2028-08-06,Active,3362,40344
SUB0007659,CUST007659,2025-06-09,2026-06-09,Active,1557,18684
SUB0007660,CUST007660,2023-07-14,2025-07-14,Pending Renewal,10321,123852
SUB0007661,CUST007661,2024-12-31,2027-12-31,Active,130,1560
SUB0007662,CUST007662,2023-09-08,2025-09-08,Active,4740,56880
SUB0007663,CUST007663,2025-08-12,2027-08-12,Active,1223,14676
SUB0007664,CUST007664,2024-07-22,2026-07-22,Active,3101,37212
SUB0007665,CUST007665,2024-08-05,2026-08-05,Active,4920,59040
SUB0007666,CUST007666,2024-12-02,2026-12-02,Active,1909,22908
SUB0007667,CUST007667,2023-08-02,2026-08-02,Active,6733,80796
SUB0007668,CUST007668,2024-01-11,2025-01-11,Active,6409,76908
SUB0007669,CUST007669,2024-03-29,2025-03-29,Active,2808,33696
SUB0007670,CUST007670,2025-06-02,2027-06-02,Active,20308,243696
SUB0007671,CUST007671,2025-10-09,2028-10-09,Active,1139,13668
SUB0007672,CUST007672,2025-02-26,2027-02-26,Active,23576,282912
SUB0007673,CUST007673,2025-04-25,2027-04-25,Active,7498,89976
SUB0007674,CUST007674,2023-11-05,2025-11-05,Active,1027,12324
SUB0007675,CUST007675,2024-09-12,2026-09-12,Active,1312,15744
SUB0007676,CUST007676,2024-09-26,2027-09-26,Active,15423,185076
SUB0007677,CUST007677,2025-10-23,2026-10-23,Active,137,1644
SUB0007678,CUST007678,2024-12-12,2025-12-12,Active,1040,12480
SUB0007679,CUST007679,2025-03-06,2026-03-06,Pending Renewal,7371,88452
SUB0007680,CUST007680,2023-12-16,2024-12-16,Active,625,7500
SUB0007681,CUST007681,2024-01-09,2026-01-09,Pending Renewal,673,8076
SUB0007682,CUST007682,2023-11-01,2026-11-01,Active,1117,13404
SUB0007683,CUST007683,2025-04-24,2026-04-24,Active,946,11352
SUB0007684,CUST007684,2024-02-18,2026-02-18,Active,2475,29700
SUB0007685,CUST007685,2024-08-03,2025-08-03,Active,8478,101736
SUB0007686,CUST007686,2025-11-20,2027-11-20,Active,20265,243180
SUB0007687,CUST007687,2024-06-19,2026-06-19,Active,6369,76428
SUB0007688,CUST007688,2023-10-20,2024-10-20,Active,21134,253608
SUB0007689,CUST007689,2023-07-09,2026-07-09,Active,4734,56808
SUB0007690,CUST007690,2025-03-20,2027-03-20,Active,12827,153924
SUB0007691,CUST007691,2025-12-02,2026-12-02,Active,558,6696
SUB0007692,CUST007692,2025-05-03,2027-05-03,Active,995,11940
SUB0007693,CUST007693,2025-04-21,2026-04-21,Active,1745,20940
SUB0007694,CUST007694,2025-12-18,2026-12-18,Pending Renewal,3211,38532
SUB0007695,CUST007695,2025-05-30,2026-05-30,Active,1862,22344
SUB0007696,CUST007696,2024-03-15,2026-03-15,Active,1939,23268
SUB0007697,CUST007697,2025-02-27,2028-02-27,Active,9010,108120
SUB0007698,CUST007698,2025-01-06,2028-01-06,Active,1373,16476
SUB0007699,CUST007699,2025-12-19,2028-12-19,Pending Renewal,7073,84876
SUB0007700,CUST007700,2025-09-14,2026-09-14,Active,3089,37068
SUB0007701,CUST007701,2025-01-03,2028-01-03,Active,1776,21312
SUB0007702,CUST007702,2024-02-11,2026-02-11,Pending Renewal,6455,77460
SUB0007703,CUST007703,2024-06-25,2027-06-25,Active,3598,43176
SUB0007704,CUST007704,2023-08-02,2024-08-02,Active,7850,94200
SUB0007705,CUST007705,2024-06-11,2025-06-11,Active,5344,64128
SUB0007706,CUST007706,2023-07-27,2025-07-27,Active,1223,14676
SUB0007707,CUST007707,2024-01-12,2027-01-12,Active,658,7896
SUB0007708,CUST007708,2025-12-20,2028-12-20,Active,9018,108216
SUB0007709,CUST007709,2025-08-02,2026-08-02,Active,7251,87012
SUB0007710,CUST007710,2024-06-02,2026-06-02,Active,3788,45456
SUB0007711,CUST007711,2024-06-29,2026-06-29,Active,1016,12192
SUB0007712,CUST007712,2025-10-27,2027-10-27,Active,2505,30060
SUB0007713,CUST007713,2024-01-02,2026-01-02,Active,6903,82836
SUB0007714,CUST007714,2024-03-10,2025-03-10,Active,1411,16932
SUB0007715,CUST007715,2025-10-30,2027-10-30,Active,6467,77604
SUB0007716,CUST007716,2025-07-09,2028-07-09,Active,6721,80652
SUB0007717,CUST007717,2023-12-01,2026-12-01,Active,106,1272
SUB0007718,CUST007718,2023-09-19,2026-09-19,Pending Renewal,1560,18720
SUB0007719,CUST007719,2025-06-19,2028-06-19,Pending Renewal,1736,20832
SUB0007720,CUST007720,2024-07-06,2027-07-06,Active,1773,21276
SUB0007721,CUST007721,2024-10-10,2025-10-10,Active,7877,94524
SUB0007722,CUST007722,2025-05-23,2028-05-23,Active,2414,28968
SUB0007723,CUST007723,2025-03-14,2028-03-14,Active,393,4716
SUB0007724,CUST007724,2025-07-27,2026-07-27,Pending Renewal,13135,157620
SUB0007725,CUST007725,2024-07-10,2026-07-10,Active,3332,39984
SUB0007726,CUST007726,2025-10-11,2026-10-11,Active,180,2160
SUB0007727,CUST007727,2025-03-06,2027-03-06,Pending Renewal,380,4560
SUB0007728,CUST007728,2023-11-25,2026-11-25,Cancelled,1430,17160
SUB0007729,CUST007729,2023-10-08,2026-10-08,Active,1515,18180
SUB0007730,CUST007730,2023-11-03,2026-11-03,Pending Renewal,3254,39048
SUB0007731,CUST007731,2024-06-16,2025-06-16,Active,5803,69636
SUB0007732,CUST007732,2025-03-22,2028-03-22,Active,5476,65712
SUB0007733,CUST007733,2024-10-29,2026-10-29,Pending Renewal,3555,42660
SUB0007734,CUST007734,2023-08-18,2024-08-18,Active,1505,18060
SUB0007735,CUST007735,2025-03-09,2028-03-09,Active,2483,29796
SUB0007736,CUST007736,2025-01-13,2027-01-13,Active,13508,162096
SUB0007737,CUST007737,2025-09-28,2026-09-28,Active,565,6780
SUB0007738,CUST007738,2024-09-25,2027-09-25,Pending Renewal,2958,35496
SUB0007739,CUST007739,2024-01-14,2025-01-14,Active,415,4980
SUB0007740,CUST007740,2025-10-02,2028-10-02,Active,1146,13752
SUB0007741,CUST007741,2024-05-08,2026-05-08,Active,10231,122772
SUB0007742,CUST007742,2025-07-05,2026-07-05,Active,1390,16680
SUB0007743,CUST007743,2024-08-03,2027-08-03,Active,1989,23868
SUB0007744,CUST007744,2023-11-06,2026-11-06,Active,21782,261384
SUB0007745,CUST007745,2024-11-19,2027-11-19,Cancelled,1414,16968
SUB0007746,CUST007746,2025-03-14,2027-03-14,Active,16589,199068
SUB0007747,CUST007747,2025-07-03,2028-07-03,Cancelled,119,1428
SUB0007748,CUST007748,2023-10-15,2026-10-15,Active,3469,41628
SUB0007749,CUST007749,2025-11-25,2027-11-25,Active,490,5880
SUB0007750,CUST007750,2025-11-12,2028-11-12,Active,1789,21468
SUB0007751,CUST007751,2025-05-27,2027-05-27,Active,191,2292
SUB0007752,CUST007752,2024-03-09,2027-03-09,Active,190,2280
SUB0007753,CUST007753,2024-03-19,2026-03-19,Active,958,11496
SUB0007754,CUST007754,2023-09-01,2025-09-01,Active,8090,97080
SUB0007755,CUST007755,2025-10-05,2028-10-05,Pending Renewal,1401,16812
SUB0007756,CUST007756,2024-10-03,2025-10-03,Pending Renewal,12132,145584
SUB0007757,CUST007757,2024-07-31,2027-07-31,Active,1769,21228
SUB0007758,CUST007758,2025-04-02,2026-04-02,Active,7400,88800
SUB0007759,CUST007759,2025-01-10,2027-01-10,Active,7442,89304
SUB0007760,CUST007760,2024-05-13,2026-05-13,Active,6576,78912
SUB0007761,CUST007761,2024-07-20,2027-07-20,Active,317,3804
SUB0007762,CUST007762,2023-12-11,2026-12-11,Pending Renewal,1794,21528
SUB0007763,CUST007763,2025-10-12,2027-10-12,Cancelled,4771,57252
SUB0007764,CUST007764,2025-04-15,2026-04-15,Active,11295,135540
SUB0007765,CUST007765,2024-01-06,2027-01-06,Active,1741,20892
SUB0007766,CUST007766,2024-08-28,2027-08-28,Pending Renewal,818,9816
SUB0007767,CUST007767,2025-04-26,2028-04-26,Active,1307,15684
SUB0007768,CUST007768,2025-03-18,2027-03-18,Active,7835,94020
SUB0007769,CUST007769,2023-09-20,2024-09-20,Pending Renewal,1676,20112
SUB0007770,CUST007770,2023-12-13,2026-12-13,Active,107,1284
SUB0007771,CUST007771,2023-08-13,2024-08-13,Active,19740,236880
SUB0007772,CUST007772,2025-12-01,2027-12-01,Active,1821,21852
SUB0007773,CUST007773,2024-08-11,2026-08-11,Active,7748,92976
SUB0007774,CUST007774,2025-08-15,2028-08-15,Active,674,8088
SUB0007775,CUST007775,2023-10-26,2026-10-26,Active,871,10452
SUB0007776,CUST007776,2025-04-23,2028-04-23,Active,916,10992
SUB0007777,CUST007777,2024-07-04,2026-07-04,Active,3407,40884
SUB0007778,CUST007778,2025-09-17,2026-09-17,Cancelled,5447,65364
SUB0007779,CUST007779,2024-12-14,2027-12-14,Active,571,6852
SUB0007780,CUST007780,2024-09-27,2025-09-27,Active,7635,91620
SUB0007781,CUST007781,2023-08-13,2024-08-13,Cancelled,11198,134376
SUB0007782,CUST007782,2024-06-11,2027-06-11,Active,396,4752
SUB0007783,CUST007783,2025-06-08,2028-06-08,Active,8525,102300
SUB0007784,CUST007784,2024-02-15,2027-02-15,Active,615,7380
SUB0007785,CUST007785,2023-11-12,2025-11-12,Active,1702,20424
SUB0007786,CUST007786,2025-10-24,2027-10-24,Active,1466,17592
SUB0007787,CUST007787,2024-08-09,2026-08-09,Active,6427,77124
SUB0007788,CUST007788,2025-11-04,2026-11-04,Active,4676,56112
SUB0007789,CUST007789,2024-02-11,2026-02-11,Active,842,10104
SUB0007790,CUST007790,2025-07-24,2028-07-24,Active,867,10404
SUB0007791,CUST007791,2023-11-03,2025-11-03,Active,343,4116
SUB0007792,CUST007792,2023-12-21,2025-12-21,Active,1202,14424
SUB0007793,CUST007793,2023-12-07,2025-12-07,Active,15919,191028
SUB0007794,CUST007794,2023-12-21,2024-12-21,Active,1434,17208
SUB0007795,CUST007795,2024-01-04,2026-01-04,Active,167,2004
SUB0007796,CUST007796,2025-01-31,2026-01-31,Active,14110,169320
SUB0007797,CUST007797,2025-05-15,2028-05-15,Active,20933,251196
SUB0007798,CUST007798,2025-04-23,2027-04-23,Active,6101,73212
SUB0007799,CUST007799,2025-06-12,2026-06-12,Active,17096,205152
SUB0007800,CUST007800,2024-04-09,2025-04-09,Active,450,5400
SUB0007801,CUST007801,2024-09-21,2025-09-21,Active,11719,140628
SUB0007802,CUST007802,2024-02-06,2027-02-06,Active,918,11016
SUB0007803,CUST007803,2025-06-10,2026-06-10,Active,8296,99552
SUB0007804,CUST007804,2024-09-25,2027-09-25,Active,6477,77724
SUB0007805,CUST007805,2023-07-18,2024-07-18,Active,1224,14688
SUB0007806,CUST007806,2024-11-09,2026-11-09,Active,19610,235320
SUB0007807,CUST007807,2024-12-27,2027-12-27,Active,10626,127512
SUB0007808,CUST007808,2024-10-19,2026-10-19,Active,1494,17928
SUB0007809,CUST007809,2025-05-24,2027-05-24,Active,984,11808
SUB0007810,CUST007810,2024-05-15,2025-05-15,Pending Renewal,16618,199416
SUB0007811,CUST007811,2025-04-10,2026-04-10,Active,12833,153996
SUB0007812,CUST007812,2025-06-01,2026-06-01,Active,4695,56340
SUB0007813,CUST007813,2025-01-15,2027-01-15,Active,795,9540
SUB0007814,CUST007814,2023-09-13,2024-09-13,Active,23913,286956
SUB0007815,CUST007815,2024-03-26,2027-03-26,Active,529,6348
SUB0007816,CUST007816,2025-07-08,2028-07-08,Active,464,5568
SUB0007817,CUST007817,2024-11-04,2026-11-04,Active,1723,20676
SUB0007818,CUST007818,2025-05-09,2026-05-09,Active,1400,16800
SUB0007819,CUST007819,2023-10-07,2026-10-07,Active,728,8736
SUB0007820,CUST007820,2024-06-23,2026-06-23,Active,16030,192360
SUB0007821,CUST007821,2024-06-25,2027-06-25,Active,513,6156
SUB0007822,CUST007822,2024-03-17,2027-03-17,Active,21363,256356
SUB0007823,CUST007823,2025-08-18,2026-08-18,Active,1441,17292
SUB0007824,CUST007824,2024-09-28,2026-09-28,Active,6404,76848
SUB0007825,CUST007825,2024-09-23,2026-09-23,Active,1808,21696
SUB0007826,CUST007826,2025-12-18,2027-12-18,Active,1801,21612
SUB0007827,CUST007827,2023-10-16,2025-10-16,Active,246,2952
SUB0007828,CUST007828,2025-06-26,2028-06-26,Active,1544,18528
SUB0007829,CUST007829,2023-09-20,2024-09-20,Active,4548,54576
SUB0007830,CUST007830,2025-08-29,2028-08-29,Active,285,3420
SUB0007831,CUST007831,2023-07-24,2025-07-24,Active,1150,13800
SUB0007832,CUST007832,2025-06-02,2028-06-02,Active,278,3336
SUB0007833,CUST007833,2024-01-22,2027-01-22,Active,1149,13788
SUB0007834,CUST007834,2023-10-22,2025-10-22,Active,1079,12948
SUB0007835,CUST007835,2024-11-18,2027-11-18,Cancelled,2935,35220
SUB0007836,CUST007836,2023-09-06,2025-09-06,Active,1432,17184
SUB0007837,CUST007837,2025-03-14,2027-03-14,Active,1736,20832
SUB0007838,CUST007838,2025-06-13,2028-06-13,Active,3933,47196
SUB0007839,CUST007839,2025-02-25,2028-02-25,Active,620,7440
SUB0007840,CUST007840,2023-07-27,2024-07-27,Pending Renewal,1612,19344
SUB0007841,CUST007841,2023-08-27,2024-08-27,Active,1067,12804
SUB0007842,CUST007842,2025-01-23,2026-01-23,Active,15053,180636
SUB0007843,CUST007843,2023-08-12,2024-08-12,Active,20887,250644
SUB0007844,CUST007844,2023-09-23,2026-09-23,Active,20485,245820
SUB0007845,CUST007845,2024-01-14,2025-01-14,Pending Renewal,5863,70356
SUB0007846,CUST007846,2025-01-01,2026-01-01,Active,1117,13404
SUB0007847,CUST007847,2024-06-13,2027-06-13,Active,3849,46188
SUB0007848,CUST007848,2023-10-12,2025-10-12,Cancelled,514,6168
SUB0007849,CUST007849,2024-09-16,2025-09-16,Active,5995,71940
SUB0007850,CUST007850,2024-05-25,2026-05-25,Active,1767,21204
SUB0007851,CUST007851,2024-04-19,2027-04-19,Active,22205,266460
SUB0007852,CUST007852,2023-12-06,2026-12-06,Active,2995,35940
SUB0007853,CUST007853,2025-05-26,2027-05-26,Active,2393,28716
SUB0007854,CUST007854,2025-09-03,2027-09-03,Active,973,11676
SUB0007855,CUST007855,2025-03-28,2027-03-28,Active,1636,19632
SUB0007856,CUST007856,2024-01-05,2027-01-05,Active,6365,76380
SUB0007857,CUST007857,2024-08-27,2026-08-27,Active,22395,268740
SUB0007858,CUST007858,2025-10-24,2028-10-24,Pending Renewal,878,10536
SUB0007859,CUST007859,2025-04-04,2026-04-04,Active,530,6360
SUB0007860,CUST007860,2025-08-01,2026-08-01,Active,1796,21552
SUB0007861,CUST007861,2025-12-01,2028-12-01,Active,658,7896
SUB0007862,CUST007862,2024-07-18,2025-07-18,Pending Renewal,2520,30240
SUB0007863,CUST007863,2024-03-11,2025-03-11,Active,2068,24816
SUB0007864,CUST007864,2024-08-23,2025-08-23,Active,7688,92256
SUB0007865,CUST007865,2024-02-22,2027-02-22,Active,6305,75660
SUB0007866,CUST007866,2024-11-04,2026-11-04,Active,7630,91560
SUB0007867,CUST007867,2025-08-01,2028-08-01,Active,3312,39744
SUB0007868,CUST007868,2025-07-16,2028-07-16,Active,3929,47148
SUB0007869,CUST007869,2025-11-28,2027-11-28,Active,22142,265704
SUB0007870,CUST007870,2025-03-10,2028-03-10,Cancelled,546,6552
SUB0007871,CUST007871,2023-09-30,2026-09-30,Active,346,4152
SUB0007872,CUST007872,2024-04-12,2026-04-12,Active,438,5256
SUB0007873,CUST007873,2024-06-14,2027-06-14,Active,23627,283524
SUB0007874,CUST007874,2024-11-25,2025-11-25,Active,1648,19776
SUB0007875,CUST007875,2023-08-05,2024-08-05,Active,897,10764
SUB0007876,CUST007876,2025-04-23,2028-04-23,Active,13779,165348
SUB0007877,CUST007877,2025-09-24,2026-09-24,Active,3800,45600
SUB0007878,CUST007878,2024-08-14,2027-08-14,Cancelled,1294,15528
SUB0007879,CUST007879,2025-11-09,2026-11-09,Active,3785,45420
SUB0007880,CUST007880,2025-02-08,2026-02-08,Active,6835,82020
SUB0007881,CUST007881,2023-10-28,2025-10-28,Active,5478,65736
SUB0007882,CUST007882,2024-10-05,2026-10-05,Active,1233,14796
SUB0007883,CUST007883,2025-04-11,2028-04-11,Cancelled,154,1848
SUB0007884,CUST007884,2024-05-29,2026-05-29,Active,9807,117684
SUB0007885,CUST007885,2023-12-28,2025-12-28,Active,5214,62568
SUB0007886,CUST007886,2023-06-29,2025-06-29,Active,5768,69216
SUB0007887,CUST007887,2024-06-28,2026-06-28,Cancelled,2995,35940
SUB0007888,CUST007888,2025-09-16,2027-09-16,Active,1528,18336
SUB0007889,CUST007889,2025-08-01,2027-08-01,Active,18701,224412
SUB0007890,CUST007890,2025-08-25,2027-08-25,Active,1291,15492
SUB0007891,CUST007891,2025-06-02,2028-06-02,Active,5420,65040
SUB0007892,CUST007892,2023-10-08,2026-10-08,Active,6216,74592
SUB0007893,CUST007893,2024-05-20,2025-05-20,Pending Renewal,14759,177108
SUB0007894,CUST007894,2024-05-07,2027-05-07,Active,397,4764
SUB0007895,CUST007895,2025-11-27,2026-11-27,Active,7632,91584
SUB0007896,CUST007896,2025-07-14,2026-07-14,Active,933,11196
SUB0007897,CUST007897,2023-06-25,2026-06-25,Active,813,9756
SUB0007898,CUST007898,2024-03-06,2027-03-06,Active,7676,92112
SUB0007899,CUST007899,2025-05-07,2027-05-07,Active,1582,18984
SUB0007900,CUST007900,2023-09-11,2026-09-11,Active,24189,290268
SUB0007901,CUST007901,2023-12-27,2026-12-27,Active,1537,18444
SUB0007902,CUST007902,2024-05-22,2025-05-22,Active,1581,18972
SUB0007903,CUST007903,2024-02-10,2026-02-10,Active,2981,35772
SUB0007904,CUST007904,2024-06-23,2026-06-23,Active,6223,74676
SUB0007905,CUST007905,2025-08-28,2028-08-28,Active,5677,68124
SUB0007906,CUST007906,2024-08-16,2027-08-16,Pending Renewal,1618,19416
SUB0007907,CUST007907,2024-11-17,2026-11-17,Active,4402,52824
SUB0007908,CUST007908,2024-03-13,2027-03-13,Pending Renewal,8225,98700
SUB0007909,CUST007909,2023-09-21,2025-09-21,Active,1549,18588
SUB0007910,CUST007910,2025-02-19,2028-02-19,Active,22696,272352
SUB0007911,CUST007911,2024-04-22,2027-04-22,Active,1857,22284
SUB0007912,CUST007912,2025-10-07,2027-10-07,Active,1192,14304
SUB0007913,CUST007913,2024-08-04,2026-08-04,Active,116,1392
SUB0007914,CUST007914,2024-02-04,2025-02-04,Pending Renewal,674,8088
SUB0007915,CUST007915,2023-12-05,2025-12-05,Active,235,2820
SUB0007916,CUST007916,2024-12-14,2027-12-14,Pending Renewal,601,7212
SUB0007917,CUST007917,2024-01-07,2025-01-07,Active,5480,65760
SUB0007918,CUST007918,2025-07-13,2028-07-13,Active,5017,60204
SUB0007919,CUST007919,2025-11-25,2027-11-25,Active,5101,61212
SUB0007920,CUST007920,2024-01-15,2026-01-15,Pending Renewal,1296,15552
SUB0007921,CUST007921,2024-05-24,2027-05-24,Active,1765,21180
SUB0007922,CUST007922,2024-10-05,2027-10-05,Active,1181,14172
SUB0007923,CUST007923,2025-09-15,2027-09-15,Active,692,8304
SUB0007924,CUST007924,2024-03-22,2025-03-22,Pending Renewal,3143,37716
SUB0007925,CUST007925,2025-02-07,2026-02-07,Active,173,2076
SUB0007926,CUST007926,2023-08-28,2024-08-28,Active,23821,285852
SUB0007927,CUST007927,2025-09-26,2028-09-26,Active,1745,20940
SUB0007928,CUST007928,2024-09-20,2026-09-20,Active,6283,75396
SUB0007929,CUST007929,2023-12-21,2025-12-21,Active,1375,16500
SUB0007930,CUST007930,2025-08-27,2027-08-27,Active,5506,66072
SUB0007931,CUST007931,2024-02-07,2026-02-07,Active,4101,49212
SUB0007932,CUST007932,2025-09-17,2027-09-17,Pending Renewal,1986,23832
SUB0007933,CUST007933,2025-07-25,2026-07-25,Active,4897,58764
SUB0007934,CUST007934,2023-12-11,2025-12-11,Active,1334,16008
SUB0007935,CUST007935,2024-06-09,2027-06-09,Active,1464,17568
SUB0007936,CUST007936,2025-01-27,2027-01-27,Active,300,3600
SUB0007937,CUST007937,2024-11-01,2025-11-01,Active,5250,63000
SUB0007938,CUST007938,2023-10-05,2024-10-05,Pending Renewal,345,4140
SUB0007939,CUST007939,2025-04-25,2028-04-25,Active,1925,23100
SUB0007940,CUST007940,2023-08-25,2025-08-25,Active,1486,17832
SUB0007941,CUST007941,2024-09-12,2025-09-12,Active,1979,23748
SUB0007942,CUST007942,2023-07-14,2025-07-14,Pending Renewal,1283,15396
SUB0007943,CUST007943,2025-08-05,2026-08-05,Cancelled,148,1776
SUB0007944,CUST007944,2023-09-21,2025-09-21,Active,1230,14760
SUB0007945,CUST007945,2025-07-16,2026-07-16,Pending Renewal,570,6840
SUB0007946,CUST007946,2023-11-14,2025-11-14,Active,1628,19536
SUB0007947,CUST007947,2025-11-30,2028-11-30,Active,6896,82752
SUB0007948,CUST007948,2025-01-28,2026-01-28,Active,431,5172
SUB0007949,CUST007949,2025-12-08,2026-12-08,Active,1097,13164
SUB0007950,CUST007950,2024-05-25,2026-05-25,Active,1328,15936
SUB0007951,CUST007951,2023-08-23,2024-08-23,Active,797,9564
SUB0007952,CUST007952,2023-11-23,2025-11-23,Active,1921,23052
SUB0007953,CUST007953,2023-10-03,2024-10-03,Active,3266,39192
SUB0007954,CUST007954,2025-07-25,2026-07-25,Active,476,5712
SUB0007955,CUST007955,2023-12-07,2026-12-07,Pending Renewal,18217,218604
SUB0007956,CUST007956,2024-01-22,2026-01-22,Cancelled,974,11688
SUB0007957,CUST007957,2024-11-30,2026-11-30,Pending Renewal,1944,23328
SUB0007958,CUST007958,2025-05-02,2028-05-02,Active,22985,275820
SUB0007959,CUST007959,2024-11-11,2026-11-11,Active,2387,28644
SUB0007960,CUST007960,2025-08-29,2026-08-29,Active,12160,145920
SUB0007961,CUST007961,2025-06-12,2027-06-12,Active,3645,43740
SUB0007962,CUST007962,2024-01-02,2025-01-02,Active,1352,16224
SUB0007963,CUST007963,2024-08-01,2027-08-01,Active,7561,90732
SUB0007964,CUST007964,2025-07-17,2028-07-17,Active,1931,23172
SUB0007965,CUST007965,2024-10-25,2026-10-25,Cancelled,1829,21948
SUB0007966,CUST007966,2025-04-24,2027-04-24,Active,4387,52644
SUB0007967,CUST007967,2024-11-01,2027-11-01,Active,1413,16956
SUB0007968,CUST007968,2023-09-15,2026-09-15,Active,23673,284076
SUB0007969,CUST007969,2025-04-18,2026-04-18,Active,6685,80220
SUB0007970,CUST007970,2025-04-17,2027-04-17,Active,3425,41100
SUB0007971,CUST007971,2023-09-01,2024-09-01,Active,1187,14244
SUB0007972,CUST007972,2025-03-20,2027-03-20,Active,1436,17232
SUB0007973,CUST007973,2023-09-08,2025-09-08,Active,5805,69660
SUB0007974,CUST007974,2025-09-16,2026-09-16,Active,7860,94320
SUB0007975,CUST007975,2024-04-21,2027-04-21,Active,17325,207900
SUB0007976,CUST007976,2024-07-21,2027-07-21,Active,928,11136
SUB0007977,CUST007977,2025-01-11,2026-01-11,Active,7071,84852
SUB0007978,CUST007978,2024-09-29,2026-09-29,Active,4151,49812
SUB0007979,CUST007979,2024-05-26,2027-05-26,Active,7216,86592
SUB0007980,CUST007980,2023-11-27,2024-11-27,Active,3277,39324
SUB0007981,CUST007981,2024-08-08,2025-08-08,Active,4766,57192
SUB0007982,CUST007982,2025-06-26,2028-06-26,Active,21314,255768
SUB0007983,CUST007983,2023-09-12,2026-09-12,Active,3734,44808
SUB0007984,CUST007984,2023-12-11,2024-12-11,Pending Renewal,1729,20748
SUB0007985,CUST007985,2025-01-26,2026-01-26,Active,12277,147324
SUB0007986,CUST007986,2025-07-05,2028-07-05,Active,2633,31596
SUB0007987,CUST007987,2023-09-21,2026-09-21,Active,5000,60000
SUB0007988,CUST007988,2024-01-27,2025-01-27,Active,480,5760
SUB0007989,CUST007989,2025-09-02,2026-09-02,Active,1640,19680
SUB0007990,CUST007990,2025-07-23,2027-07-23,Active,1080,12960
SUB0007991,CUST007991,2025-03-05,2028-03-05,Active,3948,47376
SUB0007992,CUST007992,2024-12-17,2027-12-17,Active,3757,45084
SUB0007993,CUST007993,2023-10-04,2026-10-04,Active,6057,72684
SUB0007994,CUST007994,2023-08-09,2025-08-09,Active,1388,16656
SUB0007995,CUST007995,2025-03-11,2028-03-11,Pending Renewal,6014,72168
SUB0007996,CUST007996,2024-11-13,2025-11-13,Active,3637,43644
SUB0007997,CUST007997,2025-10-27,2027-10-27,Active,739,8868
SUB0007998,CUST007998,2023-12-03,2026-12-03,Active,802,9624
SUB0007999,CUST007999,2023-08-22,2026-08-22,Active,889,10668
SUB0008000,CUST008000,2023-11-19,2025-11-19,Active,2198,26376
SUB0008001,CUST008001,2025-04-09,2027-04-09,Active,700,8400
SUB0008002,CUST008002,2024-02-12,2027-02-12,Active,1226,14712
SUB0008003,CUST008003,2023-07-18,2025-07-18,Active,17936,215232
SUB0008004,CUST008004,2023-06-27,2024-06-27,Active,3494,41928
SUB0008005,CUST008005,2024-04-09,2025-04-09,Active,2146,25752
SUB0008006,CUST008006,2025-12-19,2028-12-19,Cancelled,20181,242172
SUB0008007,CUST008007,2024-02-15,2027-02-15,Active,1135,13620
SUB0008008,CUST008008,2025-04-29,2028-04-29,Active,13589,163068
SUB0008009,CUST008009,2025-05-23,2026-05-23,Active,166,1992
SUB0008010,CUST008010,2024-09-17,2026-09-17,Active,1915,22980
SUB0008011,CUST008011,2025-08-26,2027-08-26,Active,944,11328
SUB0008012,CUST008012,2025-01-25,2027-01-25,Active,22868,274416
SUB0008013,CUST008013,2024-05-04,2026-05-04,Active,4160,49920
SUB0008014,CUST008014,2024-02-04,2027-02-04,Active,1107,13284
SUB0008015,CUST008015,2024-05-26,2027-05-26,Active,1790,21480
SUB0008016,CUST008016,2023-09-16,2025-09-16,Active,676,8112
SUB0008017,CUST008017,2024-09-28,2025-09-28,Active,569,6828
SUB0008018,CUST008018,2023-12-11,2025-12-11,Active,11505,138060
SUB0008019,CUST008019,2024-09-09,2025-09-09,Active,1452,17424
SUB0008020,CUST008020,2025-10-20,2028-10-20,Active,4422,53064
SUB0008021,CUST008021,2025-02-14,2027-02-14,Active,1222,14664
SUB0008022,CUST008022,2024-10-12,2025-10-12,Active,3676,44112
SUB0008023,CUST008023,2023-10-23,2024-10-23,Pending Renewal,5097,61164
SUB0008024,CUST008024,2023-08-21,2024-08-21,Active,4920,59040
SUB0008025,CUST008025,2023-07-23,2026-07-23,Active,1561,18732
SUB0008026,CUST008026,2025-03-10,2027-03-10,Active,1961,23532
SUB0008027,CUST008027,2024-11-18,2025-11-18,Active,1003,12036
SUB0008028,CUST008028,2025-02-06,2026-02-06,Active,5336,64032
SUB0008029,CUST008029,2023-08-14,2026-08-14,Active,635,7620
SUB0008030,CUST008030,2025-01-07,2026-01-07,Active,7211,86532
SUB0008031,CUST008031,2025-11-25,2027-11-25,Active,6960,83520
SUB0008032,CUST008032,2025-06-03,2027-06-03,Cancelled,1589,19068
SUB0008033,CUST008033,2025-03-05,2027-03-05,Active,1247,14964
SUB0008034,CUST008034,2025-07-29,2028-07-29,Active,5795,69540
SUB0008035,CUST008035,2024-04-23,2026-04-23,Active,7207,86484
SUB0008036,CUST008036,2024-03-19,2027-03-19,Pending Renewal,1178,14136
SUB0008037,CUST008037,2025-06-26,2027-06-26,Active,1635,19620
SUB0008038,CUST008038,2024-04-16,2025-04-16,Active,434,5208
SUB0008039,CUST008039,2025-04-22,2026-04-22,Active,1853,22236
SUB0008040,CUST008040,2025-10-18,2028-10-18,Active,14345,172140
SUB0008041,CUST008041,2024-07-20,2026-07-20,Active,1331,15972
SUB0008042,CUST008042,2025-02-20,2027-02-20,Active,5785,69420
SUB0008043,CUST008043,2024-11-28,2026-11-28,Pending Renewal,7032,84384
SUB0008044,CUST008044,2024-02-10,2027-02-10,Pending Renewal,360,4320
SUB0008045,CUST008045,2024-05-29,2026-05-29,Cancelled,7429,89148
SUB0008046,CUST008046,2024-07-23,2026-07-23,Pending Renewal,1000,12000
SUB0008047,CUST008047,2025-08-25,2026-08-25,Active,17830,213960
SUB0008048,CUST008048,2023-12-04,2026-12-04,Active,2607,31284
SUB0008049,CUST008049,2025-02-10,2028-02-10,Active,1035,12420
SUB0008050,CUST008050,2023-07-25,2024-07-25,Active,1091,13092
SUB0008051,CUST008051,2023-08-20,2024-08-20,Active,15035,180420
SUB0008052,CUST008052,2024-03-04,2026-03-04,Active,446,5352
SUB0008053,CUST008053,2025-02-27,2026-02-27,Active,6252,75024
SUB0008054,CUST008054,2025-11-18,2028-11-18,Active,24628,295536
SUB0008055,CUST008055,2025-02-13,2026-02-13,Active,145,1740
SUB0008056,CUST008056,2023-07-01,2026-07-01,Active,11673,140076
SUB0008057,CUST008057,2025-01-22,2026-01-22,Pending Renewal,6350,76200
SUB0008058,CUST008058,2023-12-23,2024-12-23,Active,259,3108
SUB0008059,CUST008059,2023-12-04,2026-12-04,Active,6499,77988
SUB0008060,CUST008060,2024-06-11,2025-06-11,Active,647,7764
SUB0008061,CUST008061,2024-11-09,2026-11-09,Cancelled,1593,19116
SUB0008062,CUST008062,2023-11-30,2026-11-30,Cancelled,384,4608
SUB0008063,CUST008063,2024-07-31,2026-07-31,Active,1149,13788
SUB0008064,CUST008064,2025-05-04,2027-05-04,Pending Renewal,3184,38208
SUB0008065,CUST008065,2023-08-07,2025-08-07,Active,1415,16980
SUB0008066,CUST008066,2025-08-26,2027-08-26,Active,1446,17352
SUB0008067,CUST008067,2023-11-26,2024-11-26,Active,19049,228588
SUB0008068,CUST008068,2024-08-27,2027-08-27,Cancelled,18969,227628
SUB0008069,CUST008069,2023-10-28,2024-10-28,Active,4338,52056
SUB0008070,CUST008070,2024-10-21,2025-10-21,Active,1732,20784
SUB0008071,CUST008071,2025-10-18,2026-10-18,Active,1971,23652
SUB0008072,CUST008072,2025-11-10,2028-11-10,Active,471,5652
SUB0008073,CUST008073,2024-07-15,2026-07-15,Active,1732,20784
SUB0008074,CUST008074,2023-09-28,2024-09-28,Active,3563,42756
SUB0008075,CUST008075,2023-11-18,2025-11-18,Active,4334,52008
SUB0008076,CUST008076,2024-12-11,2026-12-11,Active,1174,14088
SUB0008077,CUST008077,2025-08-03,2028-08-03,Active,1352,16224
SUB0008078,CUST008078,2024-01-15,2027-01-15,Active,369,4428
SUB0008079,CUST008079,2024-03-11,2025-03-11,Active,668,8016
SUB0008080,CUST008080,2025-11-19,2028-11-19,Active,1634,19608
SUB0008081,CUST008081,2025-06-26,2026-06-26,Active,7384,88608
SUB0008082,CUST008082,2024-09-02,2027-09-02,Active,18197,218364
SUB0008083,CUST008083,2024-06-16,2026-06-16,Active,5952,71424
SUB0008084,CUST008084,2025-10-31,2028-10-31,Active,3546,42552
SUB0008085,CUST008085,2024-01-09,2027-01-09,Active,4919,59028
SUB0008086,CUST008086,2025-01-05,2027-01-05,Active,132,1584
SUB0008087,CUST008087,2024-09-13,2027-09-13,Active,940,11280
SUB0008088,CUST008088,2023-10-16,2024-10-16,Active,5139,61668
SUB0008089,CUST008089,2025-04-18,2026-04-18,Active,1838,22056
SUB0008090,CUST008090,2025-05-12,2028-05-12,Active,476,5712
SUB0008091,CUST008091,2023-07-19,2026-07-19,Active,512,6144
SUB0008092,CUST008092,2024-03-29,2025-03-29,Active,1525,18300
SUB0008093,CUST008093,2023-11-26,2026-11-26,Active,16932,203184
SUB0008094,CUST008094,2023-12-26,2024-12-26,Cancelled,7505,90060
SUB0008095,CUST008095,2025-01-19,2026-01-19,Active,1748,20976
SUB0008096,CUST008096,2025-01-18,2027-01-18,Active,1137,13644
SUB0008097,CUST008097,2025-02-17,2028-02-17,Active,6898,82776
SUB0008098,CUST008098,2025-04-22,2027-04-22,Active,1985,23820
SUB0008099,CUST008099,2023-12-01,2026-12-01,Active,6264,75168
SUB0008100,CUST008100,2025-01-04,2027-01-04,Pending Renewal,328,3936
SUB0008101,CUST008101,2023-09-27,2026-09-27,Active,6074,72888
SUB0008102,CUST008102,2023-12-30,2026-12-30,Active,5155,61860
SUB0008103,CUST008103,2024-10-26,2026-10-26,Active,1562,18744
SUB0008104,CUST008104,2024-02-04,2027-02-04,Active,5875,70500
SUB0008105,CUST008105,2024-01-31,2027-01-31,Cancelled,7549,90588
SUB0008106,CUST008106,2024-02-01,2027-02-01,Active,6749,80988
SUB0008107,CUST008107,2025-07-20,2027-07-20,Active,169,2028
SUB0008108,CUST008108,2025-03-09,2027-03-09,Active,1279,15348
SUB0008109,CUST008109,2025-12-20,2026-12-20,Active,6670,80040
SUB0008110,CUST008110,2025-09-07,2028-09-07,Pending Renewal,1083,12996
SUB0008111,CUST008111,2025-04-09,2026-04-09,Cancelled,690,8280
SUB0008112,CUST008112,2024-05-04,2025-05-04,Active,2443,29316
SUB0008113,CUST008113,2025-11-05,2027-11-05,Cancelled,1660,19920
SUB0008114,CUST008114,2025-07-05,2027-07-05,Active,1508,18096
SUB0008115,CUST008115,2025-12-25,2027-12-25,Active,1325,15900
SUB0008116,CUST008116,2025-07-29,2028-07-29,Active,3417,41004
SUB0008117,CUST008117,2025-07-11,2026-07-11,Cancelled,1949,23388
SUB0008118,CUST008118,2024-09-07,2025-09-07,Pending Renewal,4661,55932
SUB0008119,CUST008119,2024-07-19,2026-07-19,Pending Renewal,21840,262080
SUB0008120,CUST008120,2025-06-29,2026-06-29,Pending Renewal,17288,207456
SUB0008121,CUST008121,2024-01-13,2025-01-13,Active,13353,160236
SUB0008122,CUST008122,2025-10-08,2028-10-08,Active,1325,15900
SUB0008123,CUST008123,2024-05-06,2027-05-06,Active,9498,113976
SUB0008124,CUST008124,2024-07-05,2025-07-05,Active,7235,86820
SUB0008125,CUST008125,2023-08-02,2024-08-02,Active,885,10620
SUB0008126,CUST008126,2025-07-24,2026-07-24,Active,6018,72216
SUB0008127,CUST008127,2024-08-27,2025-08-27,Active,244,2928
SUB0008128,CUST008128,2024-07-17,2025-07-17,Pending Renewal,4330,51960
SUB0008129,CUST008129,2023-11-23,2025-11-23,Active,3869,46428
SUB0008130,CUST008130,2024-09-20,2025-09-20,Active,7859,94308
SUB0008131,CUST008131,2025-07-24,2028-07-24,Active,4805,57660
SUB0008132,CUST008132,2025-09-28,2027-09-28,Cancelled,1342,16104
SUB0008133,CUST008133,2025-06-25,2028-06-25,Active,3349,40188
SUB0008134,CUST008134,2024-12-29,2025-12-29,Active,453,5436
SUB0008135,CUST008135,2025-08-31,2028-08-31,Active,3438,41256
SUB0008136,CUST008136,2025-12-17,2028-12-17,Active,10162,121944
SUB0008137,CUST008137,2025-08-04,2026-08-04,Cancelled,1408,16896
SUB0008138,CUST008138,2024-09-11,2026-09-11,Active,209,2508
SUB0008139,CUST008139,2023-07-07,2025-07-07,Active,1165,13980
SUB0008140,CUST008140,2024-08-04,2025-08-04,Active,792,9504
SUB0008141,CUST008141,2025-02-15,2027-02-15,Active,1078,12936
SUB0008142,CUST008142,2025-09-06,2027-09-06,Active,1834,22008
SUB0008143,CUST008143,2024-11-16,2026-11-16,Cancelled,2351,28212
SUB0008144,CUST008144,2025-03-16,2027-03-16,Active,7140,85680
SUB0008145,CUST008145,2023-10-16,2025-10-16,Active,2860,34320
SUB0008146,CUST008146,2025-05-05,2027-05-05,Active,11604,139248
SUB0008147,CUST008147,2023-12-28,2026-12-28,Active,1200,14400
SUB0008148,CUST008148,2024-01-17,2027-01-17,Active,138,1656
SUB0008149,CUST008149,2024-05-20,2026-05-20,Pending Renewal,3479,41748
SUB0008150,CUST008150,2025-12-04,2026-12-04,Active,1028,12336
SUB0008151,CUST008151,2024-05-26,2027-05-26,Pending Renewal,716,8592
SUB0008152,CUST008152,2023-07-01,2024-07-01,Active,21708,260496
SUB0008153,CUST008153,2024-01-01,2025-01-01,Active,11720,140640
SUB0008154,CUST008154,2025-09-07,2027-09-07,Active,1976,23712
SUB0008155,CUST008155,2024-12-22,2025-12-22,Active,6808,81696
SUB0008156,CUST008156,2023-09-24,2024-09-24,Pending Renewal,1260,15120
SUB0008157,CUST008157,2025-02-11,2028-02-11,Active,23061,276732
SUB0008158,CUST008158,2025-05-21,2028-05-21,Active,1971,23652
SUB0008159,CUST008159,2025-10-04,2026-10-04,Active,1710,20520
SUB0008160,CUST008160,2025-10-18,2027-10-18,Active,806,9672
SUB0008161,CUST008161,2024-06-10,2027-06-10,Cancelled,112,1344
SUB0008162,CUST008162,2025-05-30,2026-05-30,Active,1694,20328
SUB0008163,CUST008163,2023-09-05,2026-09-05,Active,22451,269412
SUB0008164,CUST008164,2023-08-27,2024-08-27,Pending Renewal,15957,191484
SUB0008165,CUST008165,2023-07-17,2026-07-17,Active,20202,242424
SUB0008166,CUST008166,2024-06-17,2025-06-17,Active,5900,70800
SUB0008167,CUST008167,2025-04-05,2027-04-05,Active,1866,22392
SUB0008168,CUST008168,2024-08-03,2027-08-03,Active,20241,242892
SUB0008169,CUST008169,2024-02-17,2025-02-17,Active,7477,89724
SUB0008170,CUST008170,2023-11-27,2025-11-27,Active,1620,19440
SUB0008171,CUST008171,2023-12-28,2024-12-28,Active,4169,50028
SUB0008172,CUST008172,2025-09-29,2028-09-29,Active,1904,22848
SUB0008173,CUST008173,2024-02-02,2025-02-02,Active,2319,27828
SUB0008174,CUST008174,2024-04-11,2026-04-11,Cancelled,11112,133344
SUB0008175,CUST008175,2024-05-09,2026-05-09,Active,5436,65232
SUB0008176,CUST008176,2025-11-07,2026-11-07,Pending Renewal,5239,62868
SUB0008177,CUST008177,2024-06-23,2025-06-23,Pending Renewal,2326,27912
SUB0008178,CUST008178,2024-02-17,2025-02-17,Active,1994,23928
SUB0008179,CUST008179,2024-07-12,2026-07-12,Active,1421,17052
SUB0008180,CUST008180,2024-01-27,2026-01-27,Active,1368,16416
SUB0008181,CUST008181,2025-10-02,2028-10-02,Active,410,4920
SUB0008182,CUST008182,2025-05-14,2027-05-14,Active,6988,83856
SUB0008183,CUST008183,2025-11-14,2027-11-14,Pending Renewal,7345,88140
SUB0008184,CUST008184,2023-09-22,2024-09-22,Active,360,4320
SUB0008185,CUST008185,2024-09-20,2025-09-20,Active,7384,88608
SUB0008186,CUST008186,2024-03-16,2025-03-16,Active,3680,44160
SUB0008187,CUST008187,2024-08-06,2025-08-06,Active,18422,221064
SUB0008188,CUST008188,2024-01-29,2025-01-29,Active,3177,38124
SUB0008189,CUST008189,2025-09-23,2026-09-23,Active,638,7656
SUB0008190,CUST008190,2024-04-09,2026-04-09,Active,216,2592
SUB0008191,CUST008191,2024-10-23,2027-10-23,Active,21382,256584
SUB0008192,CUST008192,2023-11-06,2024-11-06,Active,169,2028
SUB0008193,CUST008193,2024-06-29,2026-06-29,Pending Renewal,489,5868
SUB0008194,CUST008194,2024-07-24,2027-07-24,Active,3965,47580
SUB0008195,CUST008195,2024-06-26,2027-06-26,Active,7927,95124
SUB0008196,CUST008196,2025-10-04,2026-10-04,Active,1414,16968
SUB0008197,CUST008197,2023-08-12,2025-08-12,Active,3759,45108
SUB0008198,CUST008198,2025-11-11,2028-11-11,Active,4566,54792
SUB0008199,CUST008199,2024-02-17,2027-02-17,Active,5516,66192
SUB0008200,CUST008200,2023-12-13,2025-12-13,Active,1542,18504
SUB0008201,CUST008201,2025-11-21,2028-11-21,Active,901,10812
SUB0008202,CUST008202,2023-09-04,2025-09-04,Cancelled,572,6864
SUB0008203,CUST008203,2024-08-03,2026-08-03,Pending Renewal,5209,62508
SUB0008204,CUST008204,2024-08-03,2025-08-03,Pending Renewal,1074,12888
SUB0008205,CUST008205,2023-11-14,2026-11-14,Active,1570,18840
SUB0008206,CUST008206,2025-09-28,2026-09-28,Active,1576,18912
SUB0008207,CUST008207,2023-12-23,2025-12-23,Active,6916,82992
SUB0008208,CUST008208,2025-09-20,2027-09-20,Active,2482,29784
SUB0008209,CUST008209,2025-08-27,2027-08-27,Active,1945,23340
SUB0008210,CUST008210,2025-06-18,2026-06-18,Cancelled,6277,75324
SUB0008211,CUST008211,2025-05-17,2027-05-17,Active,5229,62748
SUB0008212,CUST008212,2024-11-22,2026-11-22,Active,2842,34104
SUB0008213,CUST008213,2024-05-06,2027-05-06,Pending Renewal,1298,15576
SUB0008214,CUST008214,2023-12-16,2025-12-16,Active,869,10428
SUB0008215,CUST008215,2024-07-17,2025-07-17,Pending Renewal,685,8220
SUB0008216,CUST008216,2024-08-03,2027-08-03,Active,1748,20976
SUB0008217,CUST008217,2025-08-25,2027-08-25,Active,2241,26892
SUB0008218,CUST008218,2025-08-21,2028-08-21,Active,1500,18000
SUB0008219,CUST008219,2025-06-11,2028-06-11,Active,1237,14844
SUB0008220,CUST008220,2023-12-29,2024-12-29,Active,2570,30840
SUB0008221,CUST008221,2025-05-16,2026-05-16,Active,1927,23124
SUB0008222,CUST008222,2025-06-15,2028-06-15,Active,1949,23388
SUB0008223,CUST008223,2024-05-20,2025-05-20,Active,803,9636
SUB0008224,CUST008224,2025-10-15,2026-10-15,Active,2637,31644
SUB0008225,CUST008225,2024-12-12,2027-12-12,Active,1698,20376
SUB0008226,CUST008226,2024-02-22,2026-02-22,Active,4948,59376
SUB0008227,CUST008227,2024-04-04,2026-04-04,Active,17690,212280
SUB0008228,CUST008228,2024-12-05,2025-12-05,Active,22766,273192
SUB0008229,CUST008229,2024-05-13,2025-05-13,Active,12897,154764
SUB0008230,CUST008230,2025-06-27,2027-06-27,Active,1576,18912
SUB0008231,CUST008231,2024-02-18,2027-02-18,Active,7676,92112
SUB0008232,CUST008232,2023-12-19,2026-12-19,Active,9530,114360
SUB0008233,CUST008233,2024-09-30,2025-09-30,Pending Renewal,1341,16092
SUB0008234,CUST008234,2025-03-31,2028-03-31,Pending Renewal,4830,57960
SUB0008235,CUST008235,2024-07-04,2025-07-04,Active,1680,20160
SUB0008236,CUST008236,2025-03-22,2027-03-22,Active,624,7488
SUB0008237,CUST008237,2025-05-30,2027-05-30,Active,755,9060
SUB0008238,CUST008238,2024-12-03,2026-12-03,Active,1580,18960
SUB0008239,CUST008239,2025-02-15,2028-02-15,Active,905,10860
SUB0008240,CUST008240,2025-01-12,2026-01-12,Active,15580,186960
SUB0008241,CUST008241,2024-07-02,2027-07-02,Pending Renewal,7303,87636
SUB0008242,CUST008242,2023-08-22,2024-08-22,Pending Renewal,724,8688
SUB0008243,CUST008243,2025-05-17,2027-05-17,Active,1727,20724
SUB0008244,CUST008244,2025-08-17,2028-08-17,Active,1709,20508
SUB0008245,CUST008245,2024-10-28,2026-10-28,Pending Renewal,1397,16764
SUB0008246,CUST008246,2025-01-11,2028-01-11,Active,6219,74628
SUB0008247,CUST008247,2023-06-28,2024-06-28,Active,11681,140172
SUB0008248,CUST008248,2025-04-10,2027-04-10,Active,936,11232
SUB0008249,CUST008249,2024-07-07,2027-07-07,Active,1061,12732
SUB0008250,CUST008250,2024-06-20,2027-06-20,Pending Renewal,6743,80916
SUB0008251,CUST008251,2023-10-20,2024-10-20,Active,299,3588
SUB0008252,CUST008252,2024-03-11,2025-03-11,Active,7632,91584
SUB0008253,CUST008253,2024-01-17,2027-01-17,Active,8725,104700
SUB0008254,CUST008254,2024-08-29,2025-08-29,Cancelled,779,9348
SUB0008255,CUST008255,2024-07-28,2027-07-28,Active,23155,277860
SUB0008256,CUST008256,2024-04-08,2027-04-08,Active,827,9924
SUB0008257,CUST008257,2024-05-15,2027-05-15,Active,1463,17556
SUB0008258,CUST008258,2024-04-12,2027-04-12,Active,7085,85020
SUB0008259,CUST008259,2025-12-16,2026-12-16,Active,262,3144
SUB0008260,CUST008260,2023-09-07,2025-09-07,Active,18024,216288
SUB0008261,CUST008261,2024-12-26,2027-12-26,Active,13762,165144
SUB0008262,CUST008262,2024-09-17,2027-09-17,Active,1083,12996
SUB0008263,CUST008263,2024-11-03,2026-11-03,Active,1778,21336
SUB0008264,CUST008264,2025-06-22,2027-06-22,Active,3118,37416
SUB0008265,CUST008265,2023-09-12,2024-09-12,Active,1292,15504
SUB0008266,CUST008266,2025-07-26,2027-07-26,Active,10645,127740
SUB0008267,CUST008267,2024-10-01,2025-10-01,Pending Renewal,1231,14772
SUB0008268,CUST008268,2025-12-22,2027-12-22,Active,339,4068
SUB0008269,CUST008269,2023-08-20,2024-08-20,Active,137,1644
SUB0008270,CUST008270,2024-05-23,2027-05-23,Active,3603,43236
SUB0008271,CUST008271,2023-10-21,2026-10-21,Pending Renewal,162,1944
SUB0008272,CUST008272,2025-09-26,2026-09-26,Active,6287,75444
SUB0008273,CUST008273,2025-08-19,2028-08-19,Pending Renewal,5690,68280
SUB0008274,CUST008274,2025-11-07,2026-11-07,Active,1168,14016
SUB0008275,CUST008275,2023-10-06,2025-10-06,Active,4846,58152
SUB0008276,CUST008276,2023-12-20,2025-12-20,Active,6375,76500
SUB0008277,CUST008277,2024-10-12,2027-10-12,Active,2174,26088
SUB0008278,CUST008278,2025-02-03,2027-02-03,Active,3684,44208
SUB0008279,CUST008279,2025-10-08,2027-10-08,Active,3352,40224
SUB0008280,CUST008280,2025-10-22,2027-10-22,Active,1955,23460
SUB0008281,CUST008281,2023-07-07,2025-07-07,Active,904,10848
SUB0008282,CUST008282,2024-03-02,2027-03-02,Active,366,4392
SUB0008283,CUST008283,2024-12-24,2026-12-24,Active,821,9852
SUB0008284,CUST008284,2024-05-10,2025-05-10,Active,1401,16812
SUB0008285,CUST008285,2024-02-14,2025-02-14,Active,7096,85152
SUB0008286,CUST008286,2023-09-28,2025-09-28,Active,2575,30900
SUB0008287,CUST008287,2025-11-15,2027-11-15,Active,2740,32880
SUB0008288,CUST008288,2023-12-15,2026-12-15,Active,1549,18588
SUB0008289,CUST008289,2024-02-27,2026-02-27,Active,16707,200484
SUB0008290,CUST008290,2024-06-26,2026-06-26,Active,1612,19344
SUB0008291,CUST008291,2024-05-08,2025-05-08,Active,866,10392
SUB0008292,CUST008292,2024-06-30,2025-06-30,Active,5067,60804
SUB0008293,CUST008293,2024-10-25,2026-10-25,Active,1742,20904
SUB0008294,CUST008294,2024-11-05,2027-11-05,Active,6018,72216
SUB0008295,CUST008295,2025-03-15,2028-03-15,Active,7057,84684
SUB0008296,CUST008296,2025-09-10,2026-09-10,Active,1849,22188
SUB0008297,CUST008297,2025-01-17,2026-01-17,Pending Renewal,23971,287652
SUB0008298,CUST008298,2025-03-07,2027-03-07,Active,1202,14424
SUB0008299,CUST008299,2024-04-05,2026-04-05,Active,1434,17208
SUB0008300,CUST008300,2023-07-01,2025-07-01,Active,5355,64260
SUB0008301,CUST008301,2023-10-23,2025-10-23,Active,23314,279768
SUB0008302,CUST008302,2024-11-25,2026-11-25,Active,1511,18132
SUB0008303,CUST008303,2025-04-01,2028-04-01,Active,2883,34596
SUB0008304,CUST008304,2023-10-01,2026-10-01,Active,7948,95376
SUB0008305,CUST008305,2023-07-17,2024-07-17,Active,938,11256
SUB0008306,CUST008306,2025-09-24,2027-09-24,Active,1431,17172
SUB0008307,CUST008307,2024-10-21,2027-10-21,Active,1022,12264
SUB0008308,CUST008308,2025-09-14,2027-09-14,Cancelled,15669,188028
SUB0008309,CUST008309,2025-10-16,2027-10-16,Pending Renewal,4531,54372
SUB0008310,CUST008310,2025-09-14,2026-09-14,Active,158,1896
SUB0008311,CUST008311,2025-09-23,2026-09-23,Pending Renewal,6743,80916
SUB0008312,CUST008312,2025-12-11,2027-12-11,Pending Renewal,1387,16644
SUB0008313,CUST008313,2024-10-11,2025-10-11,Pending Renewal,467,5604
SUB0008314,CUST008314,2025-09-15,2028-09-15,Active,1213,14556
SUB0008315,CUST008315,2023-09-27,2025-09-27,Active,4238,50856
SUB0008316,CUST008316,2024-12-27,2027-12-27,Active,1304,15648
SUB0008317,CUST008317,2025-01-16,2027-01-16,Pending Renewal,1793,21516
SUB0008318,CUST008318,2024-12-24,2025-12-24,Pending Renewal,24116,289392
SUB0008319,CUST008319,2025-04-01,2026-04-01,Active,1807,21684
SUB0008320,CUST008320,2025-05-23,2026-05-23,Active,1863,22356
SUB0008321,CUST008321,2025-05-11,2026-05-11,Active,1303,15636
SUB0008322,CUST008322,2024-03-23,2025-03-23,Pending Renewal,1087,13044
SUB0008323,CUST008323,2024-06-24,2026-06-24,Pending Renewal,1017,12204
SUB0008324,CUST008324,2025-01-01,2028-01-01,Active,146,1752
SUB0008325,CUST008325,2023-11-05,2025-11-05,Active,367,4404
SUB0008326,CUST008326,2025-05-23,2028-05-23,Active,420,5040
SUB0008327,CUST008327,2024-02-10,2026-02-10,Active,294,3528
SUB0008328,CUST008328,2024-09-15,2025-09-15,Active,1492,17904
SUB0008329,CUST008329,2024-11-09,2025-11-09,Active,1228,14736
SUB0008330,CUST008330,2023-08-27,2025-08-27,Active,21826,261912
SUB0008331,CUST008331,2024-05-18,2027-05-18,Active,7795,93540
SUB0008332,CUST008332,2025-08-13,2026-08-13,Active,22113,265356
SUB0008333,CUST008333,2024-10-20,2026-10-20,Active,1152,13824
SUB0008334,CUST008334,2023-11-02,2026-11-02,Active,1730,20760
SUB0008335,CUST008335,2023-08-06,2024-08-06,Active,868,10416
SUB0008336,CUST008336,2025-09-03,2026-09-03,Active,19161,229932
SUB0008337,CUST008337,2023-12-12,2026-12-12,Active,3816,45792
SUB0008338,CUST008338,2025-01-05,2028-01-05,Active,344,4128
SUB0008339,CUST008339,2023-08-24,2024-08-24,Active,22525,270300
SUB0008340,CUST008340,2025-06-04,2027-06-04,Active,22348,268176
SUB0008341,CUST008341,2024-03-26,2025-03-26,Active,15712,188544
SUB0008342,CUST008342,2023-07-24,2026-07-24,Active,17705,212460
SUB0008343,CUST008343,2025-12-07,2026-12-07,Active,7868,94416
SUB0008344,CUST008344,2025-01-16,2027-01-16,Active,5428,65136
SUB0008345,CUST008345,2024-06-25,2026-06-25,Active,436,5232
SUB0008346,CUST008346,2024-10-29,2025-10-29,Active,483,5796
SUB0008347,CUST008347,2025-02-25,2027-02-25,Active,6961,83532
SUB0008348,CUST008348,2023-07-06,2024-07-06,Cancelled,6746,80952
SUB0008349,CUST008349,2025-01-21,2026-01-21,Active,872,10464
SUB0008350,CUST008350,2024-11-16,2026-11-16,Active,1176,14112
SUB0008351,CUST008351,2025-10-30,2026-10-30,Active,1372,16464
SUB0008352,CUST008352,2024-05-15,2025-05-15,Active,2175,26100
SUB0008353,CUST008353,2024-03-26,2027-03-26,Active,1842,22104
SUB0008354,CUST008354,2024-02-17,2027-02-17,Active,1090,13080
SUB0008355,CUST008355,2024-06-10,2025-06-10,Active,2616,31392
SUB0008356,CUST008356,2024-07-01,2027-07-01,Pending Renewal,123,1476
SUB0008357,CUST008357,2025-04-22,2028-04-22,Active,6196,74352
SUB0008358,CUST008358,2023-10-05,2026-10-05,Active,2702,32424
SUB0008359,CUST008359,2023-12-22,2026-12-22,Active,9056,108672
SUB0008360,CUST008360,2025-12-09,2026-12-09,Active,2126,25512
SUB0008361,CUST008361,2023-10-02,2024-10-02,Active,4886,58632
SUB0008362,CUST008362,2025-01-02,2026-01-02,Active,7089,85068
SUB0008363,CUST008363,2023-08-15,2026-08-15,Active,741,8892
SUB0008364,CUST008364,2024-04-13,2026-04-13,Active,713,8556
SUB0008365,CUST008365,2023-07-07,2025-07-07,Active,1116,13392
SUB0008366,CUST008366,2023-07-24,2025-07-24,Active,6666,79992
SUB0008367,CUST008367,2025-01-06,2027-01-06,Active,121,1452
SUB0008368,CUST008368,2023-08-22,2025-08-22,Active,8587,103044
SUB0008369,CUST008369,2025-09-16,2027-09-16,Active,1551,18612
SUB0008370,CUST008370,2025-08-10,2026-08-10,Active,852,10224
SUB0008371,CUST008371,2024-04-06,2027-04-06,Active,301,3612
SUB0008372,CUST008372,2023-10-12,2026-10-12,Active,1412,16944
SUB0008373,CUST008373,2025-12-26,2026-12-26,Active,616,7392
SUB0008374,CUST008374,2025-07-23,2028-07-23,Active,1682,20184
SUB0008375,CUST008375,2024-05-12,2025-05-12,Active,145,1740
SUB0008376,CUST008376,2025-03-25,2027-03-25,Active,15418,185016
SUB0008377,CUST008377,2024-09-11,2027-09-11,Active,333,3996
SUB0008378,CUST008378,2025-06-04,2028-06-04,Active,14918,179016
SUB0008379,CUST008379,2024-02-21,2027-02-21,Active,16340,196080
SUB0008380,CUST008380,2024-01-10,2025-01-10,Active,1227,14724
SUB0008381,CUST008381,2025-05-22,2027-05-22,Active,1919,23028
SUB0008382,CUST008382,2025-04-04,2028-04-04,Active,17465,209580
SUB0008383,CUST008383,2024-05-04,2026-05-04,Active,592,7104
SUB0008384,CUST008384,2025-01-04,2027-01-04,Pending Renewal,12587,151044
SUB0008385,CUST008385,2024-03-06,2026-03-06,Active,1839,22068
SUB0008386,CUST008386,2025-04-30,2027-04-30,Active,823,9876
SUB0008387,CUST008387,2025-05-10,2028-05-10,Active,5497,65964
SUB0008388,CUST008388,2024-04-14,2026-04-14,Active,4666,55992
SUB0008389,CUST008389,2023-08-30,2025-08-30,Active,2948,35376
SUB0008390,CUST008390,2024-12-28,2025-12-28,Active,4849,58188
SUB0008391,CUST008391,2024-06-04,2026-06-04,Active,3908,46896
SUB0008392,CUST008392,2025-01-22,2028-01-22,Pending Renewal,5036,60432
SUB0008393,CUST008393,2024-04-29,2027-04-29,Active,1044,12528
SUB0008394,CUST008394,2025-10-20,2028-10-20,Active,104,1248
SUB0008395,CUST008395,2024-01-03,2026-01-03,Active,126,1512
SUB0008396,CUST008396,2024-08-07,2025-08-07,Active,1708,20496
SUB0008397,CUST008397,2025-09-08,2026-09-08,Active,764,9168
SUB0008398,CUST008398,2024-05-01,2026-05-01,Active,6133,73596
SUB0008399,CUST008399,2023-11-16,2024-11-16,Pending Renewal,1806,21672
SUB0008400,CUST008400,2024-03-27,2027-03-27,Active,1276,15312
SUB0008401,CUST008401,2024-03-25,2025-03-25,Cancelled,1506,18072
SUB0008402,CUST008402,2025-06-27,2026-06-27,Active,1496,17952
SUB0008403,CUST008403,2024-05-05,2025-05-05,Active,1888,22656
SUB0008404,CUST008404,2024-10-29,2027-10-29,Active,474,5688
SUB0008405,CUST008405,2024-01-25,2025-01-25,Active,154,1848
SUB0008406,CUST008406,2025-03-08,2026-03-08,Pending Renewal,23915,286980
SUB0008407,CUST008407,2023-08-02,2024-08-02,Active,7109,85308
SUB0008408,CUST008408,2023-12-31,2025-12-31,Active,220,2640
SUB0008409,CUST008409,2024-02-06,2027-02-06,Active,1523,18276
SUB0008410,CUST008410,2025-05-19,2026-05-19,Active,1107,13284
SUB0008411,CUST008411,2024-01-04,2025-01-04,Active,797,9564
SUB0008412,CUST008412,2023-06-25,2024-06-25,Active,2732,32784
SUB0008413,CUST008413,2025-05-21,2027-05-21,Pending Renewal,675,8100
SUB0008414,CUST008414,2025-10-19,2028-10-19,Active,20869,250428
SUB0008415,CUST008415,2024-04-05,2027-04-05,Active,636,7632
SUB0008416,CUST008416,2025-07-17,2026-07-17,Active,1781,21372
SUB0008417,CUST008417,2024-04-14,2027-04-14,Active,3592,43104
SUB0008418,CUST008418,2024-10-08,2027-10-08,Pending Renewal,1013,12156
SUB0008419,CUST008419,2025-02-07,2028-02-07,Active,3397,40764
SUB0008420,CUST008420,2024-04-15,2027-04-15,Active,18354,220248
SUB0008421,CUST008421,2025-12-24,2026-12-24,Active,1465,17580
SUB0008422,CUST008422,2025-06-28,2027-06-28,Active,6065,72780
SUB0008423,CUST008423,2024-04-05,2026-04-05,Active,6816,81792
SUB0008424,CUST008424,2025-04-01,2026-04-01,Active,199,2388
SUB0008425,CUST008425,2025-10-03,2028-10-03,Pending Renewal,121,1452
SUB0008426,CUST008426,2025-05-02,2027-05-02,Active,606,7272
SUB0008427,CUST008427,2025-12-16,2026-12-16,Active,6881,82572
SUB0008428,CUST008428,2023-07-25,2026-07-25,Pending Renewal,146,1752
SUB0008429,CUST008429,2024-07-27,2025-07-27,Active,1374,16488
SUB0008430,CUST008430,2025-01-13,2026-01-13,Active,7971,95652
SUB0008431,CUST008431,2024-10-03,2025-10-03,Active,1703,20436
SUB0008432,CUST008432,2025-02-03,2028-02-03,Pending Renewal,4405,52860
SUB0008433,CUST008433,2023-11-04,2026-11-04,Active,7006,84072
SUB0008434,CUST008434,2023-12-23,2025-12-23,Pending Renewal,598,7176
SUB0008435,CUST008435,2024-03-01,2025-03-01,Active,20199,242388
SUB0008436,CUST008436,2025-04-23,2027-04-23,Active,521,6252
SUB0008437,CUST008437,2025-05-28,2027-05-28,Active,6018,72216
SUB0008438,CUST008438,2024-06-22,2027-06-22,Active,4609,55308
SUB0008439,CUST008439,2024-07-20,2025-07-20,Pending Renewal,2508,30096
SUB0008440,CUST008440,2023-12-09,2024-12-09,Active,1321,15852
SUB0008441,CUST008441,2024-04-14,2027-04-14,Active,1968,23616
SUB0008442,CUST008442,2024-04-07,2026-04-07,Active,19641,235692
SUB0008443,CUST008443,2025-09-07,2026-09-07,Active,349,4188
SUB0008444,CUST008444,2025-06-11,2028-06-11,Pending Renewal,623,7476
SUB0008445,CUST008445,2024-08-10,2026-08-10,Active,1479,17748
SUB0008446,CUST008446,2023-12-06,2025-12-06,Active,14473,173676
SUB0008447,CUST008447,2023-10-27,2025-10-27,Active,17165,205980
SUB0008448,CUST008448,2025-03-23,2027-03-23,Pending Renewal,1682,20184
SUB0008449,CUST008449,2025-01-19,2027-01-19,Active,16824,201888
SUB0008450,CUST008450,2025-02-24,2026-02-24,Active,761,9132
SUB0008451,CUST008451,2025-07-06,2028-07-06,Pending Renewal,106,1272
SUB0008452,CUST008452,2024-08-10,2027-08-10,Active,11496,137952
SUB0008453,CUST008453,2024-11-19,2027-11-19,Cancelled,3677,44124
SUB0008454,CUST008454,2024-08-07,2027-08-07,Active,17795,213540
SUB0008455,CUST008455,2024-09-28,2027-09-28,Active,15658,187896
SUB0008456,CUST008456,2025-01-07,2026-01-07,Active,5552,66624
SUB0008457,CUST008457,2024-11-05,2025-11-05,Cancelled,15462,185544
SUB0008458,CUST008458,2024-07-22,2025-07-22,Active,173,2076
SUB0008459,CUST008459,2024-05-19,2027-05-19,Active,19982,239784
SUB0008460,CUST008460,2025-07-14,2027-07-14,Active,6572,78864
SUB0008461,CUST008461,2025-12-22,2026-12-22,Pending Renewal,10113,121356
SUB0008462,CUST008462,2025-08-02,2026-08-02,Active,1296,15552
SUB0008463,CUST008463,2025-09-07,2027-09-07,Active,5668,68016
SUB0008464,CUST008464,2024-08-12,2025-08-12,Active,4672,56064
SUB0008465,CUST008465,2023-07-09,2024-07-09,Active,1361,16332
SUB0008466,CUST008466,2025-12-07,2027-12-07,Active,3475,41700
SUB0008467,CUST008467,2025-07-29,2026-07-29,Active,1359,16308
SUB0008468,CUST008468,2025-04-28,2026-04-28,Active,1592,19104
SUB0008469,CUST008469,2025-01-02,2028-01-02,Pending Renewal,970,11640
SUB0008470,CUST008470,2023-12-10,2024-12-10,Cancelled,2121,25452
SUB0008471,CUST008471,2024-10-30,2025-10-30,Active,12692,152304
SUB0008472,CUST008472,2024-03-04,2027-03-04,Active,7930,95160
SUB0008473,CUST008473,2024-02-25,2026-02-25,Active,19428,233136
SUB0008474,CUST008474,2023-11-16,2026-11-16,Cancelled,6825,81900
SUB0008475,CUST008475,2024-01-19,2026-01-19,Active,237,2844
SUB0008476,CUST008476,2025-04-30,2027-04-30,Active,1351,16212
SUB0008477,CUST008477,2025-10-31,2027-10-31,Active,4672,56064
SUB0008478,CUST008478,2024-05-31,2026-05-31,Active,1814,21768
SUB0008479,CUST008479,2024-01-17,2026-01-17,Active,23302,279624
SUB0008480,CUST008480,2025-05-06,2028-05-06,Active,843,10116
SUB0008481,CUST008481,2023-12-03,2025-12-03,Active,7640,91680
SUB0008482,CUST008482,2024-10-07,2027-10-07,Active,2982,35784
SUB0008483,CUST008483,2025-01-16,2027-01-16,Active,14350,172200
SUB0008484,CUST008484,2025-10-11,2028-10-11,Active,24601,295212
SUB0008485,CUST008485,2023-12-09,2026-12-09,Active,7420,89040
SUB0008486,CUST008486,2023-09-18,2026-09-18,Active,8506,102072
SUB0008487,CUST008487,2025-05-23,2026-05-23,Cancelled,269,3228
SUB0008488,CUST008488,2024-06-22,2027-06-22,Active,623,7476
SUB0008489,CUST008489,2025-06-09,2027-06-09,Active,5639,67668
SUB0008490,CUST008490,2024-07-01,2025-07-01,Active,5655,67860
SUB0008491,CUST008491,2025-01-24,2026-01-24,Active,1928,23136
SUB0008492,CUST008492,2025-09-26,2026-09-26,Active,1845,22140
SUB0008493,CUST008493,2024-11-06,2025-11-06,Active,1524,18288
SUB0008494,CUST008494,2024-11-20,2026-11-20,Active,1756,21072
SUB0008495,CUST008495,2025-01-28,2027-01-28,Active,14825,177900
SUB0008496,CUST008496,2025-05-03,2026-05-03,Active,1489,17868
SUB0008497,CUST008497,2025-01-06,2026-01-06,Active,629,7548
SUB0008498,CUST008498,2023-12-27,2026-12-27,Active,1417,17004
SUB0008499,CUST008499,2025-12-04,2028-12-04,Active,583,6996
SUB0008500,CUST008500,2024-08-07,2026-08-07,Active,3776,45312
SUB0008501,CUST008501,2025-03-22,2026-03-22,Pending Renewal,868,10416
SUB0008502,CUST008502,2024-02-04,2026-02-04,Active,1229,14748
SUB0008503,CUST008503,2023-11-12,2026-11-12,Active,10564,126768
SUB0008504,CUST008504,2025-07-17,2028-07-17,Cancelled,1665,19980
SUB0008505,CUST008505,2024-04-30,2025-04-30,Active,20659,247908
SUB0008506,CUST008506,2023-11-06,2026-11-06,Active,1403,16836
SUB0008507,CUST008507,2024-02-08,2027-02-08,Active,5137,61644
SUB0008508,CUST008508,2024-03-07,2027-03-07,Active,1470,17640
SUB0008509,CUST008509,2025-04-26,2028-04-26,Active,974,11688
SUB0008510,CUST008510,2025-10-15,2026-10-15,Active,4597,55164
SUB0008511,CUST008511,2025-10-04,2027-10-04,Active,1098,13176
SUB0008512,CUST008512,2023-10-20,2025-10-20,Active,16591,199092
SUB0008513,CUST008513,2024-03-30,2027-03-30,Pending Renewal,112,1344
SUB0008514,CUST008514,2025-07-31,2027-07-31,Active,1103,13236
SUB0008515,CUST008515,2025-12-23,2028-12-23,Pending Renewal,18468,221616
SUB0008516,CUST008516,2024-10-13,2026-10-13,Active,1574,18888
SUB0008517,CUST008517,2023-07-11,2026-07-11,Pending Renewal,11160,133920
SUB0008518,CUST008518,2024-10-18,2025-10-18,Active,6837,82044
SUB0008519,CUST008519,2025-10-23,2026-10-23,Active,18602,223224
SUB0008520,CUST008520,2024-02-18,2027-02-18,Pending Renewal,5012,60144
SUB0008521,CUST008521,2024-09-22,2027-09-22,Active,1397,16764
SUB0008522,CUST008522,2025-10-25,2026-10-25,Active,6883,82596
SUB0008523,CUST008523,2025-09-01,2028-09-01,Active,1218,14616
SUB0008524,CUST008524,2023-08-03,2024-08-03,Active,5727,68724
SUB0008525,CUST008525,2024-06-07,2027-06-07,Active,21510,258120
SUB0008526,CUST008526,2025-01-31,2027-01-31,Active,2767,33204
SUB0008527,CUST008527,2024-06-26,2027-06-26,Active,361,4332
SUB0008528,CUST008528,2025-06-11,2028-06-11,Active,556,6672
SUB0008529,CUST008529,2024-09-01,2026-09-01,Active,16393,196716
SUB0008530,CUST008530,2025-05-20,2028-05-20,Active,4311,51732
SUB0008531,CUST008531,2023-11-20,2026-11-20,Active,3838,46056
SUB0008532,CUST008532,2025-02-01,2028-02-01,Active,3538,42456
SUB0008533,CUST008533,2024-05-23,2026-05-23,Active,24585,295020
SUB0008534,CUST008534,2024-11-22,2026-11-22,Active,3515,42180
SUB0008535,CUST008535,2025-08-25,2028-08-25,Active,1841,22092
SUB0008536,CUST008536,2025-10-06,2028-10-06,Active,1166,13992
SUB0008537,CUST008537,2023-10-06,2025-10-06,Active,1331,15972
SUB0008538,CUST008538,2024-11-08,2027-11-08,Active,6399,76788
SUB0008539,CUST008539,2024-04-08,2025-04-08,Active,6066,72792
SUB0008540,CUST008540,2023-10-14,2024-10-14,Active,355,4260
SUB0008541,CUST008541,2024-11-15,2026-11-15,Active,2204,26448
SUB0008542,CUST008542,2025-05-31,2026-05-31,Active,1587,19044
SUB0008543,CUST008543,2023-10-02,2026-10-02,Active,1589,19068
SUB0008544,CUST008544,2025-01-22,2028-01-22,Active,366,4392
SUB0008545,CUST008545,2025-03-24,2026-03-24,Pending Renewal,4431,53172
SUB0008546,CUST008546,2024-08-18,2025-08-18,Pending Renewal,1272,15264
SUB0008547,CUST008547,2025-12-19,2027-12-19,Active,528,6336
SUB0008548,CUST008548,2023-10-27,2024-10-27,Active,1158,13896
SUB0008549,CUST008549,2024-07-03,2026-07-03,Active,5825,69900
SUB0008550,CUST008550,2024-02-02,2026-02-02,Active,1677,20124
SUB0008551,CUST008551,2024-02-25,2027-02-25,Active,5211,62532
SUB0008552,CUST008552,2024-08-30,2025-08-30,Active,436,5232
SUB0008553,CUST008553,2024-11-03,2027-11-03,Active,864,10368
SUB0008554,CUST008554,2024-04-15,2025-04-15,Active,396,4752
SUB0008555,CUST008555,2023-12-03,2024-12-03,Active,1680,20160
SUB0008556,CUST008556,2023-12-06,2026-12-06,Pending Renewal,4087,49044
SUB0008557,CUST008557,2023-07-25,2024-07-25,Active,5958,71496
SUB0008558,CUST008558,2023-12-31,2026-12-31,Active,12238,146856
SUB0008559,CUST008559,2024-07-23,2025-07-23,Active,2722,32664
SUB0008560,CUST008560,2024-02-17,2027-02-17,Active,1653,19836
SUB0008561,CUST008561,2024-05-26,2026-05-26,Active,13705,164460
SUB0008562,CUST008562,2024-06-09,2025-06-09,Pending Renewal,605,7260
SUB0008563,CUST008563,2025-08-01,2026-08-01,Active,1902,22824
SUB0008564,CUST008564,2025-08-28,2028-08-28,Active,1122,13464
SUB0008565,CUST008565,2025-10-27,2026-10-27,Active,1213,14556
SUB0008566,CUST008566,2025-07-08,2028-07-08,Active,4307,51684
SUB0008567,CUST008567,2025-08-07,2027-08-07,Active,24523,294276
SUB0008568,CUST008568,2025-04-02,2028-04-02,Active,1218,14616
SUB0008569,CUST008569,2024-10-10,2027-10-10,Pending Renewal,24384,292608
SUB0008570,CUST008570,2023-07-29,2026-07-29,Pending Renewal,152,1824
SUB0008571,CUST008571,2025-02-22,2028-02-22,Active,1797,21564
SUB0008572,CUST008572,2024-08-19,2025-08-19,Active,1366,16392
SUB0008573,CUST008573,2025-03-24,2026-03-24,Active,22981,275772
SUB0008574,CUST008574,2023-07-21,2026-07-21,Active,5031,60372
SUB0008575,CUST008575,2025-09-06,2026-09-06,Active,245,2940
SUB0008576,CUST008576,2025-07-15,2026-07-15,Active,166,1992
SUB0008577,CUST008577,2023-12-02,2025-12-02,Pending Renewal,144,1728
SUB0008578,CUST008578,2024-06-27,2027-06-27,Active,1749,20988
SUB0008579,CUST008579,2024-08-07,2026-08-07,Active,5391,64692
SUB0008580,CUST008580,2025-05-02,2027-05-02,Active,22805,273660
SUB0008581,CUST008581,2024-12-06,2026-12-06,Active,20132,241584
SUB0008582,CUST008582,2024-05-31,2026-05-31,Active,1378,16536
SUB0008583,CUST008583,2023-11-02,2026-11-02,Active,1250,15000
SUB0008584,CUST008584,2024-08-12,2026-08-12,Active,977,11724
SUB0008585,CUST008585,2024-02-04,2025-02-04,Active,170,2040
SUB0008586,CUST008586,2025-12-15,2026-12-15,Active,529,6348
SUB0008587,CUST008587,2025-11-08,2026-11-08,Active,5754,69048
SUB0008588,CUST008588,2024-10-19,2025-10-19,Active,12435,149220
SUB0008589,CUST008589,2025-06-11,2026-06-11,Active,286,3432
SUB0008590,CUST008590,2025-06-23,2026-06-23,Active,9164,109968
SUB0008591,CUST008591,2025-12-08,2028-12-08,Active,7514,90168
SUB0008592,CUST008592,2024-04-09,2025-04-09,Active,3887,46644
SUB0008593,CUST008593,2023-09-13,2025-09-13,Active,6954,83448
SUB0008594,CUST008594,2025-11-05,2028-11-05,Active,7595,91140
SUB0008595,CUST008595,2025-11-15,2028-11-15,Active,1672,20064
SUB0008596,CUST008596,2023-10-14,2024-10-14,Active,7352,88224
SUB0008597,CUST008597,2024-05-03,2026-05-03,Active,1816,21792
SUB0008598,CUST008598,2024-12-14,2027-12-14,Active,20822,249864
SUB0008599,CUST008599,2024-12-01,2025-12-01,Active,7963,95556
SUB0008600,CUST008600,2024-07-09,2025-07-09,Active,1144,13728
SUB0008601,CUST008601,2025-03-15,2027-03-15,Active,996,11952
SUB0008602,CUST008602,2025-12-16,2027-12-16,Active,361,4332
SUB0008603,CUST008603,2025-04-07,2028-04-07,Active,2374,28488
SUB0008604,CUST008604,2025-08-24,2027-08-24,Active,1419,17028
SUB0008605,CUST008605,2024-04-28,2025-04-28,Active,974,11688
SUB0008606,CUST008606,2024-09-12,2027-09-12,Active,1081,12972
SUB0008607,CUST008607,2025-06-05,2028-06-05,Active,5516,66192
SUB0008608,CUST008608,2023-07-03,2024-07-03,Active,14858,178296
SUB0008609,CUST008609,2025-07-30,2026-07-30,Active,12350,148200
SUB0008610,CUST008610,2025-03-11,2027-03-11,Active,1625,19500
SUB0008611,CUST008611,2023-11-09,2024-11-09,Active,7462,89544
SUB0008612,CUST008612,2023-07-08,2026-07-08,Active,4690,56280
SUB0008613,CUST008613,2023-09-23,2025-09-23,Cancelled,937,11244
SUB0008614,CUST008614,2024-01-03,2027-01-03,Pending Renewal,888,10656
SUB0008615,CUST008615,2025-07-21,2028-07-21,Active,698,8376
SUB0008616,CUST008616,2025-05-14,2026-05-14,Active,1881,22572
SUB0008617,CUST008617,2025-11-15,2027-11-15,Active,1006,12072
SUB0008618,CUST008618,2023-08-20,2025-08-20,Active,13185,158220
SUB0008619,CUST008619,2023-11-24,2026-11-24,Active,1374,16488
SUB0008620,CUST008620,2024-09-15,2027-09-15,Active,1515,18180
SUB0008621,CUST008621,2023-11-05,2026-11-05,Active,1136,13632
SUB0008622,CUST008622,2024-12-07,2025-12-07,Active,1273,15276
SUB0008623,CUST008623,2024-12-07,2026-12-07,Active,1149,13788
SUB0008624,CUST008624,2024-02-07,2025-02-07,Cancelled,14428,173136
SUB0008625,CUST008625,2025-06-27,2026-06-27,Active,1973,23676
SUB0008626,CUST008626,2025-09-26,2026-09-26,Active,14147,169764
SUB0008627,CUST008627,2025-10-19,2027-10-19,Active,327,3924
SUB0008628,CUST008628,2024-01-20,2026-01-20,Cancelled,1094,13128
SUB0008629,CUST008629,2024-10-12,2026-10-12,Active,3443,41316
SUB0008630,CUST008630,2025-10-16,2027-10-16,Active,3600,43200
SUB0008631,CUST008631,2025-12-08,2028-12-08,Active,993,11916
SUB0008632,CUST008632,2024-08-24,2027-08-24,Active,6494,77928
SUB0008633,CUST008633,2025-03-22,2027-03-22,Active,2808,33696
SUB0008634,CUST008634,2024-11-09,2026-11-09,Active,750,9000
SUB0008635,CUST008635,2024-08-16,2025-08-16,Pending Renewal,1909,22908
SUB0008636,CUST008636,2024-02-16,2025-02-16,Active,7580,90960
SUB0008637,CUST008637,2025-09-19,2028-09-19,Pending Renewal,14370,172440
SUB0008638,CUST008638,2025-10-27,2026-10-27,Active,7091,85092
SUB0008639,CUST008639,2025-01-10,2027-01-10,Active,1190,14280
SUB0008640,CUST008640,2025-02-28,2026-02-28,Active,4759,57108
SUB0008641,CUST008641,2023-08-15,2025-08-15,Active,7938,95256
SUB0008642,CUST008642,2025-03-08,2028-03-08,Active,1352,16224
SUB0008643,CUST008643,2025-10-01,2026-10-01,Active,2928,35136
SUB0008644,CUST008644,2024-06-29,2026-06-29,Active,1977,23724
SUB0008645,CUST008645,2024-07-30,2025-07-30,Active,1600,19200
SUB0008646,CUST008646,2024-10-11,2026-10-11,Active,7858,94296
SUB0008647,CUST008647,2023-07-07,2026-07-07,Active,1160,13920
SUB0008648,CUST008648,2024-06-13,2026-06-13,Active,161,1932
SUB0008649,CUST008649,2025-10-28,2027-10-28,Active,7964,95568
SUB0008650,CUST008650,2024-09-29,2025-09-29,Active,19039,228468
SUB0008651,CUST008651,2025-08-27,2028-08-27,Pending Renewal,24016,288192
SUB0008652,CUST008652,2025-01-19,2026-01-19,Active,1783,21396
SUB0008653,CUST008653,2024-01-14,2026-01-14,Active,619,7428
SUB0008654,CUST008654,2024-08-10,2027-08-10,Active,2650,31800
SUB0008655,CUST008655,2024-10-01,2026-10-01,Active,22012,264144
SUB0008656,CUST008656,2025-01-11,2027-01-11,Active,10810,129720
SUB0008657,CUST008657,2025-11-01,2027-11-01,Active,684,8208
SUB0008658,CUST008658,2024-08-20,2027-08-20,Active,3737,44844
SUB0008659,CUST008659,2023-08-03,2026-08-03,Active,5168,62016
SUB0008660,CUST008660,2025-08-01,2027-08-01,Pending Renewal,5029,60348
SUB0008661,CUST008661,2023-12-23,2025-12-23,Active,1033,12396
SUB0008662,CUST008662,2025-09-23,2027-09-23,Active,1066,12792
SUB0008663,CUST008663,2025-06-09,2028-06-09,Active,10962,131544
SUB0008664,CUST008664,2025-03-08,2026-03-08,Active,1722,20664
SUB0008665,CUST008665,2024-04-22,2027-04-22,Active,311,3732
SUB0008666,CUST008666,2025-03-30,2027-03-30,Active,1954,23448
SUB0008667,CUST008667,2024-12-20,2027-12-20,Active,324,3888
SUB0008668,CUST008668,2025-05-27,2027-05-27,Cancelled,1366,16392
SUB0008669,CUST008669,2024-10-23,2025-10-23,Active,21650,259800
SUB0008670,CUST008670,2025-03-19,2026-03-19,Active,1280,15360
SUB0008671,CUST008671,2024-03-21,2026-03-21,Active,455,5460
SUB0008672,CUST008672,2025-08-18,2026-08-18,Active,867,10404
SUB0008673,CUST008673,2023-07-25,2026-07-25,Active,5198,62376
SUB0008674,CUST008674,2025-07-29,2028-07-29,Active,2778,33336
SUB0008675,CUST008675,2024-07-07,2027-07-07,Active,6005,72060
SUB0008676,CUST008676,2025-08-03,2028-08-03,Active,16602,199224
SUB0008677,CUST008677,2024-05-14,2025-05-14,Active,1123,13476
SUB0008678,CUST008678,2024-04-06,2025-04-06,Active,1426,17112
SUB0008679,CUST008679,2024-12-15,2026-12-15,Active,1631,19572
SUB0008680,CUST008680,2025-03-16,2026-03-16,Active,863,10356
SUB0008681,CUST008681,2025-07-14,2026-07-14,Active,1936,23232
SUB0008682,CUST008682,2025-08-24,2026-08-24,Active,3926,47112
SUB0008683,CUST008683,2023-09-04,2026-09-04,Pending Renewal,11007,132084
SUB0008684,CUST008684,2025-04-14,2027-04-14,Active,11512,138144
SUB0008685,CUST008685,2025-07-21,2028-07-21,Active,5854,70248
SUB0008686,CUST008686,2025-07-24,2026-07-24,Active,1959,23508
SUB0008687,CUST008687,2025-05-09,2027-05-09,Active,3583,42996
SUB0008688,CUST008688,2023-10-20,2024-10-20,Active,697,8364
SUB0008689,CUST008689,2023-07-03,2026-07-03,Active,6218,74616
SUB0008690,CUST008690,2024-02-20,2026-02-20,Active,4164,49968
SUB0008691,CUST008691,2023-06-25,2025-06-25,Pending Renewal,21644,259728
SUB0008692,CUST008692,2025-03-05,2028-03-05,Active,3385,40620
SUB0008693,CUST008693,2024-08-14,2025-08-14,Active,21371,256452
SUB0008694,CUST008694,2025-03-12,2027-03-12,Active,5143,61716
SUB0008695,CUST008695,2023-08-28,2024-08-28,Active,727,8724
SUB0008696,CUST008696,2025-07-20,2027-07-20,Active,301,3612
SUB0008697,CUST008697,2024-11-03,2026-11-03,Active,6852,82224
SUB0008698,CUST008698,2024-08-17,2025-08-17,Active,2530,30360
SUB0008699,CUST008699,2024-09-06,2026-09-06,Active,3732,44784
SUB0008700,CUST008700,2025-10-14,2027-10-14,Active,1784,21408
SUB0008701,CUST008701,2024-08-15,2025-08-15,Active,3301,39612
SUB0008702,CUST008702,2023-11-10,2025-11-10,Active,5438,65256
SUB0008703,CUST008703,2025-03-04,2028-03-04,Pending Renewal,747,8964
SUB0008704,CUST008704,2024-01-22,2027-01-22,Pending Renewal,5684,68208
SUB0008705,CUST008705,2024-03-06,2026-03-06,Pending Renewal,9252,111024
SUB0008706,CUST008706,2024-05-31,2026-05-31,Pending Renewal,1181,14172
SUB0008707,CUST008707,2025-07-18,2028-07-18,Active,4270,51240
SUB0008708,CUST008708,2023-07-22,2024-07-22,Active,11633,139596
SUB0008709,CUST008709,2024-10-17,2026-10-17,Active,21072,252864
SUB0008710,CUST008710,2024-12-27,2026-12-27,Active,11828,141936
SUB0008711,CUST008711,2024-08-11,2026-08-11,Active,255,3060
SUB0008712,CUST008712,2025-04-13,2028-04-13,Active,4525,54300
SUB0008713,CUST008713,2024-09-19,2026-09-19,Active,15737,188844
SUB0008714,CUST008714,2023-07-19,2024-07-19,Active,11789,141468
SUB0008715,CUST008715,2023-10-06,2024-10-06,Active,303,3636
SUB0008716,CUST008716,2024-06-26,2026-06-26,Active,3775,45300
SUB0008717,CUST008717,2024-04-25,2027-04-25,Active,1814,21768
SUB0008718,CUST008718,2023-09-03,2025-09-03,Active,6286,75432
SUB0008719,CUST008719,2024-03-13,2025-03-13,Active,1022,12264
SUB0008720,CUST008720,2023-09-03,2024-09-03,Active,9131,109572
SUB0008721,CUST008721,2023-12-29,2024-12-29,Active,5658,67896
SUB0008722,CUST008722,2024-06-16,2025-06-16,Active,16938,203256
SUB0008723,CUST008723,2025-10-01,2026-10-01,Active,1676,20112
SUB0008724,CUST008724,2025-03-09,2028-03-09,Active,155,1860
SUB0008725,CUST008725,2023-10-28,2025-10-28,Active,518,6216
SUB0008726,CUST008726,2023-09-14,2026-09-14,Active,4734,56808
SUB0008727,CUST008727,2024-10-15,2026-10-15,Active,1891,22692
SUB0008728,CUST008728,2025-05-19,2027-05-19,Active,3958,47496
SUB0008729,CUST008729,2024-11-06,2027-11-06,Active,3566,42792
SUB0008730,CUST008730,2025-11-13,2026-11-13,Cancelled,4847,58164
SUB0008731,CUST008731,2025-02-05,2028-02-05,Active,870,10440
SUB0008732,CUST008732,2025-11-07,2028-11-07,Active,144,1728
SUB0008733,CUST008733,2025-05-08,2026-05-08,Active,7603,91236
SUB0008734,CUST008734,2024-08-30,2026-08-30,Active,1315,15780
SUB0008735,CUST008735,2025-08-11,2028-08-11,Active,118,1416
SUB0008736,CUST008736,2025-03-26,2028-03-26,Active,4817,57804
SUB0008737,CUST008737,2023-08-05,2025-08-05,Active,24201,290412
SUB0008738,CUST008738,2024-03-18,2025-03-18,Active,1262,15144
SUB0008739,CUST008739,2025-05-24,2028-05-24,Active,1910,22920
SUB0008740,CUST008740,2024-05-15,2025-05-15,Active,7073,84876
SUB0008741,CUST008741,2024-09-09,2025-09-09,Active,329,3948
SUB0008742,CUST008742,2024-01-05,2025-01-05,Active,4191,50292
SUB0008743,CUST008743,2024-03-27,2026-03-27,Active,1619,19428
SUB0008744,CUST008744,2024-03-29,2026-03-29,Active,1593,19116
SUB0008745,CUST008745,2025-11-18,2026-11-18,Active,6385,76620
SUB0008746,CUST008746,2023-11-15,2025-11-15,Active,13774,165288
SUB0008747,CUST008747,2024-02-26,2026-02-26,Active,1145,13740
SUB0008748,CUST008748,2025-11-05,2026-11-05,Active,6533,78396
SUB0008749,CUST008749,2025-09-12,2026-09-12,Active,3733,44796
SUB0008750,CUST008750,2024-08-17,2027-08-17,Active,1874,22488
SUB0008751,CUST008751,2024-05-04,2025-05-04,Active,1343,16116
SUB0008752,CUST008752,2025-02-24,2027-02-24,Cancelled,677,8124
SUB0008753,CUST008753,2023-08-04,2024-08-04,Pending Renewal,267,3204
SUB0008754,CUST008754,2025-10-10,2028-10-10,Active,6036,72432
SUB0008755,CUST008755,2025-03-03,2028-03-03,Pending Renewal,1954,23448
SUB0008756,CUST008756,2024-09-29,2027-09-29,Active,1332,15984
SUB0008757,CUST008757,2024-04-04,2026-04-04,Active,936,11232
SUB0008758,CUST008758,2023-11-19,2026-11-19,Active,1508,18096
SUB0008759,CUST008759,2023-10-30,2024-10-30,Cancelled,638,7656
SUB0008760,CUST008760,2023-07-24,2025-07-24,Pending Renewal,1920,23040
SUB0008761,CUST008761,2023-07-04,2025-07-04,Active,2538,30456
SUB0008762,CUST008762,2024-09-22,2027-09-22,Cancelled,711,8532
SUB0008763,CUST008763,2025-06-19,2027-06-19,Active,1460,17520
SUB0008764,CUST008764,2024-10-04,2027-10-04,Pending Renewal,5341,64092
SUB0008765,CUST008765,2024-10-30,2025-10-30,Active,1646,19752
SUB0008766,CUST008766,2023-07-06,2024-07-06,Active,24672,296064
SUB0008767,CUST008767,2025-12-09,2027-12-09,Active,7944,95328
SUB0008768,CUST008768,2025-01-31,2028-01-31,Active,533,6396
SUB0008769,CUST008769,2025-02-22,2028-02-22,Active,330,3960
SUB0008770,CUST008770,2024-05-26,2026-05-26,Active,538,6456
SUB0008771,CUST008771,2023-11-08,2025-11-08,Active,5525,66300
SUB0008772,CUST008772,2024-04-09,2026-04-09,Active,5333,63996
SUB0008773,CUST008773,2024-02-08,2025-02-08,Active,3725,44700
SUB0008774,CUST008774,2024-01-08,2025-01-08,Active,237,2844
SUB0008775,CUST008775,2025-10-12,2028-10-12,Active,4762,57144
SUB0008776,CUST008776,2025-08-28,2028-08-28,Active,5064,60768
SUB0008777,CUST008777,2024-02-29,2027-02-28,Pending Renewal,1303,15636
SUB0008778,CUST008778,2024-04-12,2026-04-12,Active,9529,114348
SUB0008779,CUST008779,2024-08-27,2027-08-27,Active,7482,89784
SUB0008780,CUST008780,2024-11-06,2027-11-06,Active,118,1416
SUB0008781,CUST008781,2025-11-16,2028-11-16,Pending Renewal,304,3648
SUB0008782,CUST008782,2024-07-24,2026-07-24,Active,1567,18804
SUB0008783,CUST008783,2025-08-10,2027-08-10,Cancelled,1000,12000
SUB0008784,CUST008784,2023-08-06,2025-08-06,Active,3744,44928
SUB0008785,CUST008785,2025-12-01,2027-12-01,Active,7536,90432
SUB0008786,CUST008786,2025-07-29,2026-07-29,Active,700,8400
SUB0008787,CUST008787,2024-06-26,2026-06-26,Active,2387,28644
SUB0008788,CUST008788,2025-04-16,2028-04-16,Active,4885,58620
SUB0008789,CUST008789,2025-10-09,2026-10-09,Cancelled,1070,12840
SUB0008790,CUST008790,2025-06-07,2028-06-07,Active,1252,15024
SUB0008791,CUST008791,2023-08-18,2025-08-18,Pending Renewal,1729,20748
SUB0008792,CUST008792,2024-06-13,2027-06-13,Active,161,1932
SUB0008793,CUST008793,2025-10-05,2027-10-05,Active,1620,19440
SUB0008794,CUST008794,2024-11-17,2025-11-17,Active,8005,96060
SUB0008795,CUST008795,2024-12-03,2027-12-03,Active,559,6708
SUB0008796,CUST008796,2025-11-29,2027-11-29,Active,4793,57516
SUB0008797,CUST008797,2023-07-11,2025-07-11,Active,7189,86268
SUB0008798,CUST008798,2025-09-23,2026-09-23,Active,7060,84720
SUB0008799,CUST008799,2024-01-18,2026-01-18,Active,454,5448
SUB0008800,CUST008800,2025-05-09,2026-05-09,Active,261,3132
SUB0008801,CUST008801,2023-07-05,2025-07-05,Active,307,3684
SUB0008802,CUST008802,2023-08-24,2026-08-24,Active,521,6252
SUB0008803,CUST008803,2024-11-18,2025-11-18,Active,1588,19056
SUB0008804,CUST008804,2025-11-16,2027-11-16,Active,1742,20904
SUB0008805,CUST008805,2025-06-12,2028-06-12,Active,7279,87348
SUB0008806,CUST008806,2025-10-03,2028-10-03,Active,2156,25872
SUB0008807,CUST008807,2025-12-21,2028-12-21,Active,8576,102912
SUB0008808,CUST008808,2023-11-02,2026-11-02,Active,1404,16848
SUB0008809,CUST008809,2025-09-22,2026-09-22,Active,12855,154260
SUB0008810,CUST008810,2024-09-12,2026-09-12,Active,643,7716
SUB0008811,CUST008811,2024-01-13,2027-01-13,Active,11251,135012
SUB0008812,CUST008812,2024-04-05,2027-04-05,Active,6961,83532
SUB0008813,CUST008813,2025-04-24,2027-04-24,Active,20651,247812
SUB0008814,CUST008814,2024-11-03,2025-11-03,Active,258,3096
SUB0008815,CUST008815,2025-10-21,2027-10-21,Active,810,9720
SUB0008816,CUST008816,2024-08-17,2025-08-17,Active,722,8664
SUB0008817,CUST008817,2024-05-27,2026-05-27,Active,6100,73200
SUB0008818,CUST008818,2023-07-28,2025-07-28,Active,847,10164
SUB0008819,CUST008819,2025-11-01,2027-11-01,Active,4329,51948
SUB0008820,CUST008820,2025-03-10,2026-03-10,Active,794,9528
SUB0008821,CUST008821,2024-04-20,2027-04-20,Active,4829,57948
SUB0008822,CUST008822,2025-10-29,2028-10-29,Active,1161,13932
SUB0008823,CUST008823,2023-07-18,2024-07-18,Active,260,3120
SUB0008824,CUST008824,2025-06-16,2028-06-16,Active,1637,19644
SUB0008825,CUST008825,2025-03-04,2026-03-04,Active,1710,20520
SUB0008826,CUST008826,2024-04-21,2027-04-21,Pending Renewal,967,11604
SUB0008827,CUST008827,2023-06-26,2026-06-26,Active,1408,16896
SUB0008828,CUST008828,2025-10-12,2028-10-12,Cancelled,6521,78252
SUB0008829,CUST008829,2025-12-18,2026-12-18,Active,2905,34860
SUB0008830,CUST008830,2023-11-22,2024-11-22,Active,372,4464
SUB0008831,CUST008831,2025-12-10,2026-12-10,Active,1333,15996
SUB0008832,CUST008832,2024-05-09,2026-05-09,Active,6266,75192
SUB0008833,CUST008833,2024-07-29,2027-07-29,Active,2837,34044
SUB0008834,CUST008834,2024-10-01,2027-10-01,Cancelled,20402,244824
SUB0008835,CUST008835,2023-12-30,2026-12-30,Active,677,8124
SUB0008836,CUST008836,2025-07-17,2027-07-17,Cancelled,1810,21720
SUB0008837,CUST008837,2025-11-29,2028-11-29,Active,14151,169812
SUB0008838,CUST008838,2023-06-25,2025-06-25,Active,1771,21252
SUB0008839,CUST008839,2025-07-25,2026-07-25,Cancelled,1745,20940
SUB0008840,CUST008840,2025-06-13,2028-06-13,Active,17300,207600
SUB0008841,CUST008841,2025-03-20,2028-03-20,Active,738,8856
SUB0008842,CUST008842,2024-03-16,2025-03-16,Active,556,6672
SUB0008843,CUST008843,2025-04-13,2028-04-13,Active,900,10800
SUB0008844,CUST008844,2025-07-30,2028-07-30,Cancelled,402,4824
SUB0008845,CUST008845,2025-04-22,2026-04-22,Active,21392,256704
SUB0008846,CUST008846,2025-08-18,2027-08-18,Active,1056,12672
SUB0008847,CUST008847,2024-06-10,2026-06-10,Active,8450,101400
SUB0008848,CUST008848,2025-03-12,2026-03-12,Active,1147,13764
SUB0008849,CUST008849,2025-12-05,2027-12-05,Active,1347,16164
SUB0008850,CUST008850,2024-04-16,2027-04-16,Active,7852,94224
SUB0008851,CUST008851,2025-07-01,2027-07-01,Active,18934,227208
SUB0008852,CUST008852,2025-08-18,2026-08-18,Active,16739,200868
SUB0008853,CUST008853,2024-05-30,2027-05-30,Active,5370,64440
SUB0008854,CUST008854,2024-01-24,2025-01-24,Cancelled,7665,91980
SUB0008855,CUST008855,2025-02-23,2027-02-23,Active,113,1356
SUB0008856,CUST008856,2025-04-23,2028-04-23,Active,10863,130356
SUB0008857,CUST008857,2024-03-26,2027-03-26,Active,4552,54624
SUB0008858,CUST008858,2024-10-04,2026-10-04,Active,1056,12672
SUB0008859,CUST008859,2024-03-05,2025-03-05,Active,18977,227724
SUB0008860,CUST008860,2024-05-11,2025-05-11,Cancelled,7441,89292
SUB0008861,CUST008861,2025-06-12,2028-06-12,Active,538,6456
SUB0008862,CUST008862,2025-09-06,2028-09-06,Active,918,11016
SUB0008863,CUST008863,2024-08-11,2027-08-11,Active,2435,29220
SUB0008864,CUST008864,2025-01-24,2026-01-24,Active,1129,13548
SUB0008865,CUST008865,2025-10-22,2027-10-22,Active,1226,14712
SUB0008866,CUST008866,2023-07-18,2024-07-18,Active,7131,85572
SUB0008867,CUST008867,2023-10-08,2026-10-08,Active,7465,89580
SUB0008868,CUST008868,2025-06-24,2026-06-24,Active,5918,71016
SUB0008869,CUST008869,2024-08-07,2027-08-07,Active,4590,55080
SUB0008870,CUST008870,2023-10-22,2024-10-22,Active,2134,25608
SUB0008871,CUST008871,2025-07-31,2028-07-31,Active,5648,67776
SUB0008872,CUST008872,2024-09-25,2027-09-25,Active,1520,18240
SUB0008873,CUST008873,2023-11-12,2026-11-12,Pending Renewal,1169,14028
SUB0008874,CUST008874,2025-05-27,2026-05-27,Active,1197,14364
SUB0008875,CUST008875,2025-03-15,2028-03-15,Active,5617,67404
SUB0008876,CUST008876,2024-02-16,2025-02-16,Active,507,6084
SUB0008877,CUST008877,2025-07-21,2028-07-21,Active,3753,45036
SUB0008878,CUST008878,2023-08-26,2026-08-26,Active,1695,20340
SUB0008879,CUST008879,2024-01-09,2025-01-09,Active,1213,14556
SUB0008880,CUST008880,2023-08-27,2024-08-27,Active,596,7152
SUB0008881,CUST008881,2024-02-03,2025-02-03,Active,610,7320
SUB0008882,CUST008882,2025-05-13,2027-05-13,Active,1854,22248
SUB0008883,CUST008883,2024-02-20,2025-02-20,Active,1531,18372
SUB0008884,CUST008884,2024-05-17,2025-05-17,Pending Renewal,8497,101964
SUB0008885,CUST008885,2025-03-16,2027-03-16,Active,1363,16356
SUB0008886,CUST008886,2024-02-07,2025-02-07,Active,11303,135636
SUB0008887,CUST008887,2024-04-13,2026-04-13,Active,582,6984
SUB0008888,CUST008888,2024-05-26,2025-05-26,Active,926,11112
SUB0008889,CUST008889,2025-02-27,2028-02-27,Active,7905,94860
SUB0008890,CUST008890,2023-07-23,2025-07-23,Active,144,1728
SUB0008891,CUST008891,2025-12-15,2026-12-15,Active,1218,14616
SUB0008892,CUST008892,2023-06-29,2025-06-29,Active,9981,119772
SUB0008893,CUST008893,2025-08-14,2028-08-14,Active,1966,23592
SUB0008894,CUST008894,2024-08-03,2027-08-03,Active,5038,60456
SUB0008895,CUST008895,2024-02-13,2027-02-13,Active,7456,89472
SUB0008896,CUST008896,2024-03-10,2027-03-10,Active,1511,18132
SUB0008897,CUST008897,2023-07-30,2026-07-30,Active,7682,92184
SUB0008898,CUST008898,2024-11-21,2026-11-21,Active,738,8856
SUB0008899,CUST008899,2024-06-23,2025-06-23,Cancelled,1038,12456
SUB0008900,CUST008900,2025-11-24,2027-11-24,Active,586,7032
SUB0008901,CUST008901,2025-04-10,2028-04-10,Active,1741,20892
SUB0008902,CUST008902,2025-01-13,2027-01-13,Active,9331,111972
SUB0008903,CUST008903,2023-08-12,2025-08-12,Active,7574,90888
SUB0008904,CUST008904,2025-04-29,2026-04-29,Active,1131,13572
SUB0008905,CUST008905,2024-07-05,2025-07-05,Active,1864,22368
SUB0008906,CUST008906,2024-11-19,2025-11-19,Active,7766,93192
SUB0008907,CUST008907,2024-08-23,2025-08-23,Active,1845,22140
SUB0008908,CUST008908,2025-05-15,2027-05-15,Active,1445,17340
SUB0008909,CUST008909,2024-10-11,2026-10-11,Cancelled,1723,20676
SUB0008910,CUST008910,2024-05-28,2027-05-28,Active,1078,12936
SUB0008911,CUST008911,2025-06-08,2027-06-08,Active,797,9564
SUB0008912,CUST008912,2025-04-07,2027-04-07,Active,837,10044
SUB0008913,CUST008913,2023-12-27,2026-12-27,Active,316,3792
SUB0008914,CUST008914,2025-06-03,2026-06-03,Cancelled,13614,163368
SUB0008915,CUST008915,2023-09-22,2026-09-22,Active,636,7632
SUB0008916,CUST008916,2024-07-18,2025-07-18,Pending Renewal,4585,55020
SUB0008917,CUST008917,2023-10-24,2024-10-24,Active,14254,171048
SUB0008918,CUST008918,2024-09-01,2027-09-01,Active,6864,82368
SUB0008919,CUST008919,2023-12-12,2024-12-12,Active,5590,67080
SUB0008920,CUST008920,2024-12-12,2026-12-12,Active,7356,88272
SUB0008921,CUST008921,2025-06-07,2027-06-07,Pending Renewal,3389,40668
SUB0008922,CUST008922,2025-11-08,2028-11-08,Active,1973,23676
SUB0008923,CUST008923,2025-03-07,2027-03-07,Active,1728,20736
SUB0008924,CUST008924,2025-09-14,2027-09-14,Active,6370,76440
SUB0008925,CUST008925,2024-09-12,2026-09-12,Active,1894,22728
SUB0008926,CUST008926,2024-12-05,2025-12-05,Active,10029,120348
SUB0008927,CUST008927,2024-08-04,2025-08-04,Active,14565,174780
SUB0008928,CUST008928,2025-07-05,2026-07-05,Active,7378,88536
SUB0008929,CUST008929,2023-12-26,2024-12-26,Active,1985,23820
SUB0008930,CUST008930,2024-07-10,2026-07-10,Active,12116,145392
SUB0008931,CUST008931,2023-12-01,2025-12-01,Active,1921,23052
SUB0008932,CUST008932,2024-09-11,2026-09-11,Active,695,8340
SUB0008933,CUST008933,2025-11-30,2027-11-30,Active,20681,248172
SUB0008934,CUST008934,2024-07-30,2025-07-30,Active,6116,73392
SUB0008935,CUST008935,2025-02-19,2028-02-19,Active,1102,13224
SUB0008936,CUST008936,2025-08-07,2027-08-07,Active,5794,69528
SUB0008937,CUST008937,2023-12-13,2024-12-13,Active,1898,22776
SUB0008938,CUST008938,2023-08-03,2026-08-03,Active,20062,240744
SUB0008939,CUST008939,2024-04-02,2025-04-02,Pending Renewal,136,1632
SUB0008940,CUST008940,2024-07-24,2027-07-24,Active,526,6312
SUB0008941,CUST008941,2025-03-25,2026-03-25,Active,1113,13356
SUB0008942,CUST008942,2025-06-28,2027-06-28,Active,7026,84312
SUB0008943,CUST008943,2025-06-21,2026-06-21,Active,1067,12804
SUB0008944,CUST008944,2023-06-27,2026-06-27,Active,2474,29688
SUB0008945,CUST008945,2025-03-24,2026-03-24,Active,6389,76668
SUB0008946,CUST008946,2023-09-29,2026-09-29,Cancelled,363,4356
SUB0008947,CUST008947,2025-01-09,2028-01-09,Active,20153,241836
SUB0008948,CUST008948,2025-07-29,2027-07-29,Active,1297,15564
SUB0008949,CUST008949,2024-08-03,2026-08-03,Active,825,9900
SUB0008950,CUST008950,2025-04-19,2027-04-19,Pending Renewal,3400,40800
SUB0008951,CUST008951,2025-04-03,2026-04-03,Active,5190,62280
SUB0008952,CUST008952,2024-04-30,2027-04-30,Active,4151,49812
SUB0008953,CUST008953,2025-01-21,2026-01-21,Active,5822,69864
SUB0008954,CUST008954,2025-09-25,2026-09-25,Active,1275,15300
SUB0008955,CUST008955,2023-12-14,2026-12-14,Active,19990,239880
SUB0008956,CUST008956,2025-06-09,2026-06-09,Active,1095,13140
SUB0008957,CUST008957,2023-07-24,2026-07-24,Active,5282,63384
SUB0008958,CUST008958,2024-05-13,2026-05-13,Active,1058,12696
SUB0008959,CUST008959,2023-09-05,2026-09-05,Active,5811,69732
SUB0008960,CUST008960,2025-06-19,2027-06-19,Active,17000,204000
SUB0008961,CUST008961,2024-10-24,2025-10-24,Active,250,3000
SUB0008962,CUST008962,2023-10-15,2024-10-15,Active,1170,14040
SUB0008963,CUST008963,2023-08-05,2026-08-05,Pending Renewal,21874,262488
SUB0008964,CUST008964,2024-03-29,2026-03-29,Active,770,9240
SUB0008965,CUST008965,2024-01-28,2026-01-28,Active,1586,19032
SUB0008966,CUST008966,2025-08-05,2026-08-05,Active,1251,15012
SUB0008967,CUST008967,2025-07-18,2028-07-18,Pending Renewal,463,5556
SUB0008968,CUST008968,2023-09-09,2025-09-09,Active,4206,50472
SUB0008969,CUST008969,2025-04-11,2027-04-11,Active,2458,29496
SUB0008970,CUST008970,2024-04-25,2026-04-25,Pending Renewal,1252,15024
SUB0008971,CUST008971,2025-04-01,2026-04-01,Active,18723,224676
SUB0008972,CUST008972,2023-10-28,2026-10-28,Active,609,7308
SUB0008973,CUST008973,2024-09-25,2026-09-25,Active,7568,90816
SUB0008974,CUST008974,2023-07-18,2026-07-18,Cancelled,9146,109752
SUB0008975,CUST008975,2024-12-31,2027-12-31,Active,431,5172
SUB0008976,CUST008976,2023-09-06,2024-09-06,Cancelled,1520,18240
SUB0008977,CUST008977,2024-08-19,2027-08-19,Active,1549,18588
SUB0008978,CUST008978,2025-12-12,2027-12-12,Active,7950,95400
SUB0008979,CUST008979,2023-07-19,2025-07-19,Active,1797,21564
SUB0008980,CUST008980,2024-05-12,2025-05-12,Active,4227,50724
SUB0008981,CUST008981,2025-09-23,2028-09-23,Active,15053,180636
SUB0008982,CUST008982,2025-12-25,2028-12-25,Active,1675,20100
SUB0008983,CUST008983,2023-07-10,2024-07-10,Active,11756,141072
SUB0008984,CUST008984,2024-04-23,2027-04-23,Active,1363,16356
SUB0008985,CUST008985,2025-11-29,2028-11-29,Active,7895,94740
SUB0008986,CUST008986,2023-08-12,2026-08-12,Active,621,7452
SUB0008987,CUST008987,2025-04-02,2028-04-02,Active,1755,21060
SUB0008988,CUST008988,2024-05-08,2026-05-08,Active,1921,23052
SUB0008989,CUST008989,2024-12-14,2027-12-14,Active,3369,40428
SUB0008990,CUST008990,2024-09-15,2026-09-15,Active,6894,82728
SUB0008991,CUST008991,2024-09-28,2026-09-28,Active,1200,14400
SUB0008992,CUST008992,2025-01-20,2026-01-20,Active,7572,90864
SUB0008993,CUST008993,2024-05-15,2026-05-15,Active,1436,17232
SUB0008994,CUST008994,2024-08-04,2025-08-04,Active,6126,73512
SUB0008995,CUST008995,2024-07-08,2025-07-08,Active,1237,14844
SUB0008996,CUST008996,2024-02-18,2027-02-18,Active,15568,186816
SUB0008997,CUST008997,2024-06-13,2027-06-13,Active,1209,14508
SUB0008998,CUST008998,2024-07-17,2027-07-17,Pending Renewal,1293,15516
SUB0008999,CUST008999,2025-12-20,2026-12-20,Active,5427,65124
SUB0009000,CUST009000,2024-06-30,2025-06-30,Active,23733,284796
SUB0009001,CUST009001,2025-11-19,2026-11-19,Active,506,6072
SUB0009002,CUST009002,2025-01-25,2026-01-25,Active,1959,23508
SUB0009003,CUST009003,2023-10-15,2025-10-15,Active,20360,244320
SUB0009004,CUST009004,2025-06-25,2026-06-25,Pending Renewal,1531,18372
SUB0009005,CUST009005,2024-08-09,2027-08-09,Active,1618,19416
SUB0009006,CUST009006,2025-12-12,2026-12-12,Active,3296,39552
SUB0009007,CUST009007,2023-09-01,2026-09-01,Active,1742,20904
SUB0009008,CUST009008,2024-01-22,2027-01-22,Active,2788,33456
SUB0009009,CUST009009,2023-08-21,2024-08-21,Active,20144,241728
SUB0009010,CUST009010,2023-08-17,2024-08-17,Active,541,6492
SUB0009011,CUST009011,2024-05-30,2025-05-30,Cancelled,16625,199500
SUB0009012,CUST009012,2025-03-22,2026-03-22,Active,6600,79200
SUB0009013,CUST009013,2025-05-20,2028-05-20,Active,17288,207456
SUB0009014,CUST009014,2024-08-25,2026-08-25,Active,4934,59208
SUB0009015,CUST009015,2023-09-02,2026-09-02,Active,3661,43932
SUB0009016,CUST009016,2025-09-26,2026-09-26,Active,4207,50484
SUB0009017,CUST009017,2024-01-27,2025-01-27,Pending Renewal,16003,192036
SUB0009018,CUST009018,2023-08-13,2024-08-13,Active,17156,205872
SUB0009019,CUST009019,2023-12-22,2025-12-22,Active,695,8340
SUB0009020,CUST009020,2025-05-06,2026-05-06,Active,4226,50712
SUB0009021,CUST009021,2024-04-20,2026-04-20,Active,22067,264804
SUB0009022,CUST009022,2024-07-16,2027-07-16,Active,7472,89664
SUB0009023,CUST009023,2025-10-09,2026-10-09,Active,2132,25584
SUB0009024,CUST009024,2025-11-12,2027-11-12,Active,6919,83028
SUB0009025,CUST009025,2024-10-08,2025-10-08,Active,1372,16464
SUB0009026,CUST009026,2023-08-25,2025-08-25,Active,5567,66804
SUB0009027,CUST009027,2023-11-26,2024-11-26,Active,4028,48336
SUB0009028,CUST009028,2024-10-02,2027-10-02,Active,1282,15384
SUB0009029,CUST009029,2024-09-21,2026-09-21,Active,744,8928
SUB0009030,CUST009030,2023-11-21,2025-11-21,Active,1432,17184
SUB0009031,CUST009031,2023-09-11,2026-09-11,Active,3100,37200
SUB0009032,CUST009032,2023-10-10,2024-10-10,Active,3759,45108
SUB0009033,CUST009033,2024-01-03,2025-01-03,Active,1527,18324
SUB0009034,CUST009034,2024-06-05,2027-06-05,Active,1759,21108
SUB0009035,CUST009035,2024-04-10,2026-04-10,Active,14477,173724
SUB0009036,CUST009036,2023-08-10,2026-08-10,Active,813,9756
SUB0009037,CUST009037,2025-01-31,2028-01-31,Active,5064,60768
SUB0009038,CUST009038,2024-09-27,2026-09-27,Active,5575,66900
SUB0009039,CUST009039,2024-06-09,2026-06-09,Active,1598,19176
SUB0009040,CUST009040,2024-06-26,2025-06-26,Active,7433,89196
SUB0009041,CUST009041,2024-05-29,2025-05-29,Active,473,5676
SUB0009042,CUST009042,2025-03-07,2026-03-07,Active,2669,32028
SUB0009043,CUST009043,2024-10-26,2027-10-26,Active,1835,22020
SUB0009044,CUST009044,2024-06-23,2026-06-23,Active,332,3984
SUB0009045,CUST009045,2025-06-29,2027-06-29,Active,1601,19212
SUB0009046,CUST009046,2024-11-10,2027-11-10,Active,1421,17052
SUB0009047,CUST009047,2024-09-02,2027-09-02,Active,7026,84312
SUB0009048,CUST009048,2025-05-30,2026-05-30,Active,3263,39156
SUB0009049,CUST009049,2025-03-30,2028-03-30,Active,1122,13464
SUB0009050,CUST009050,2024-11-18,2026-11-18,Active,20873,250476
SUB0009051,CUST009051,2024-09-13,2025-09-13,Active,515,6180
SUB0009052,CUST009052,2024-08-29,2025-08-29,Active,23745,284940
SUB0009053,CUST009053,2024-08-31,2027-08-31,Active,6039,72468
SUB0009054,CUST009054,2025-11-30,2027-11-30,Active,6732,80784
SUB0009055,CUST009055,2025-12-19,2028-12-19,Active,903,10836
SUB0009056,CUST009056,2025-07-16,2027-07-16,Active,7837,94044
SUB0009057,CUST009057,2023-12-11,2026-12-11,Pending Renewal,1815,21780
SUB0009058,CUST009058,2024-04-28,2027-04-28,Active,19267,231204
SUB0009059,CUST009059,2024-01-12,2027-01-12,Active,1201,14412
SUB0009060,CUST009060,2024-11-25,2026-11-25,Active,6544,78528
SUB0009061,CUST009061,2023-08-07,2025-08-07,Active,115,1380
SUB0009062,CUST009062,2025-10-08,2027-10-08,Active,1588,19056
SUB0009063,CUST009063,2025-07-13,2027-07-13,Active,1357,16284
SUB0009064,CUST009064,2025-04-28,2026-04-28,Active,5411,64932
SUB0009065,CUST009065,2025-02-01,2026-02-01,Active,1690,20280
SUB0009066,CUST009066,2025-05-26,2027-05-26,Active,6194,74328
SUB0009067,CUST009067,2024-09-11,2027-09-11,Active,4161,49932
SUB0009068,CUST009068,2023-09-04,2025-09-04,Active,848,10176
SUB0009069,CUST009069,2024-11-12,2027-11-12,Active,7688,92256
SUB0009070,CUST009070,2025-02-02,2028-02-02,Pending Renewal,21118,253416
SUB0009071,CUST009071,2024-07-22,2027-07-22,Active,6434,77208
SUB0009072,CUST009072,2025-07-31,2027-07-31,Active,1388,16656
SUB0009073,CUST009073,2025-09-28,2027-09-28,Active,1622,19464
SUB0009074,CUST009074,2024-06-01,2026-06-01,Active,1412,16944
SUB0009075,CUST009075,2024-12-08,2027-12-08,Active,1802,21624
SUB0009076,CUST009076,2025-05-26,2026-05-26,Active,2822,33864
SUB0009077,CUST009077,2024-06-11,2025-06-11,Active,23892,286704
SUB0009078,CUST009078,2024-06-21,2025-06-21,Active,4874,58488
SUB0009079,CUST009079,2024-09-07,2025-09-07,Cancelled,6029,72348
SUB0009080,CUST009080,2024-11-05,2026-11-05,Active,4497,53964
SUB0009081,CUST009081,2025-03-17,2026-03-17,Active,5794,69528
SUB0009082,CUST009082,2025-04-19,2028-04-19,Active,2686,32232
SUB0009083,CUST009083,2023-12-27,2026-12-27,Active,299,3588
SUB0009084,CUST009084,2023-12-08,2024-12-08,Active,233,2796
SUB0009085,CUST009085,2025-12-06,2027-12-06,Active,1908,22896
SUB0009086,CUST009086,2024-03-16,2025-03-16,Active,7576,90912
SUB0009087,CUST009087,2024-05-11,2026-05-11,Active,6590,79080
SUB0009088,CUST009088,2023-09-20,2026-09-20,Active,689,8268
SUB0009089,CUST009089,2024-09-26,2026-09-26,Active,4038,48456
SUB0009090,CUST009090,2024-03-17,2026-03-17,Active,366,4392
SUB0009091,CUST009091,2023-10-23,2024-10-23,Active,7280,87360
SUB0009092,CUST009092,2024-03-24,2027-03-24,Active,1363,16356
SUB0009093,CUST009093,2023-10-13,2026-10-13,Pending Renewal,6938,83256
SUB0009094,CUST009094,2023-10-01,2024-10-01,Active,1431,17172
SUB0009095,CUST009095,2025-06-06,2026-06-06,Active,1750,21000
SUB0009096,CUST009096,2023-11-01,2024-11-01,Active,5883,70596
SUB0009097,CUST009097,2024-08-09,2026-08-09,Active,929,11148
SUB0009098,CUST009098,2025-04-16,2027-04-16,Active,22897,274764
SUB0009099,CUST009099,2024-12-04,2027-12-04,Cancelled,4359,52308
SUB0009100,CUST009100,2024-02-18,2027-02-18,Pending Renewal,1214,14568
SUB0009101,CUST009101,2024-06-29,2027-06-29,Active,22337,268044
SUB0009102,CUST009102,2025-04-12,2028-04-12,Active,634,7608
SUB0009103,CUST009103,2024-06-07,2026-06-07,Active,1873,22476
SUB0009104,CUST009104,2025-04-06,2027-04-06,Active,1426,17112
SUB0009105,CUST009105,2023-09-26,2026-09-26,Pending Renewal,6442,77304
SUB0009106,CUST009106,2023-09-24,2024-09-24,Active,1655,19860
SUB0009107,CUST009107,2024-12-13,2026-12-13,Active,15941,191292
SUB0009108,CUST009108,2024-02-21,2027-02-21,Active,4757,57084
SUB0009109,CUST009109,2024-07-25,2025-07-25,Active,1004,12048
SUB0009110,CUST009110,2024-02-28,2025-02-28,Active,1353,16236
SUB0009111,CUST009111,2025-09-26,2027-09-26,Active,880,10560
SUB0009112,CUST009112,2025-04-06,2028-04-06,Active,954,11448
SUB0009113,CUST009113,2024-11-28,2027-11-28,Active,22445,269340
SUB0009114,CUST009114,2024-12-10,2025-12-10,Active,7422,89064
SUB0009115,CUST009115,2024-07-26,2025-07-26,Active,4663,55956
SUB0009116,CUST009116,2025-06-05,2026-06-05,Cancelled,5356,64272
SUB0009117,CUST009117,2023-08-20,2025-08-20,Active,1153,13836
SUB0009118,CUST009118,2025-04-04,2028-04-04,Active,471,5652
SUB0009119,CUST009119,2024-05-13,2027-05-13,Pending Renewal,24080,288960
SUB0009120,CUST009120,2025-08-26,2027-08-26,Active,1941,23292
SUB0009121,CUST009121,2024-10-26,2027-10-26,Pending Renewal,243,2916
SUB0009122,CUST009122,2023-08-20,2024-08-20,Cancelled,15347,184164
SUB0009123,CUST009123,2025-06-10,2028-06-10,Active,5264,63168
SUB0009124,CUST009124,2023-09-20,2026-09-20,Active,364,4368
SUB0009125,CUST009125,2025-02-22,2028-02-22,Active,5313,63756
SUB0009126,CUST009126,2024-07-21,2025-07-21,Active,362,4344
SUB0009127,CUST009127,2024-06-05,2025-06-05,Active,810,9720
SUB0009128,CUST009128,2025-02-17,2027-02-17,Active,155,1860
SUB0009129,CUST009129,2025-11-21,2028-11-21,Active,1188,14256
SUB0009130,CUST009130,2025-03-17,2027-03-17,Active,1962,23544
SUB0009131,CUST009131,2025-09-28,2028-09-28,Active,995,11940
SUB0009132,CUST009132,2025-08-21,2027-08-21,Active,3810,45720
SUB0009133,CUST009133,2025-07-16,2027-07-16,Active,9634,115608
SUB0009134,CUST009134,2024-05-10,2025-05-10,Active,7968,95616
SUB0009135,CUST009135,2024-01-07,2027-01-07,Active,754,9048
SUB0009136,CUST009136,2024-06-16,2025-06-16,Active,1665,19980
SUB0009137,CUST009137,2023-12-13,2026-12-13,Cancelled,787,9444
SUB0009138,CUST009138,2023-12-06,2025-12-06,Active,219,2628
SUB0009139,CUST009139,2023-10-13,2026-10-13,Active,834,10008
SUB0009140,CUST009140,2025-04-27,2027-04-27,Active,5167,62004
SUB0009141,CUST009141,2024-05-08,2027-05-08,Active,235,2820
SUB0009142,CUST009142,2024-01-19,2025-01-19,Active,4365,52380
SUB0009143,CUST009143,2024-09-22,2027-09-22,Active,11616,139392
SUB0009144,CUST009144,2025-02-26,2026-02-26,Active,21233,254796
SUB0009145,CUST009145,2024-09-01,2026-09-01,Active,5829,69948
SUB0009146,CUST009146,2024-12-30,2025-12-30,Active,418,5016
SUB0009147,CUST009147,2024-03-26,2025-03-26,Active,14059,168708
SUB0009148,CUST009148,2024-03-05,2026-03-05,Active,1257,15084
SUB0009149,CUST009149,2024-09-22,2026-09-22,Active,5189,62268
SUB0009150,CUST009150,2025-07-18,2028-07-18,Active,1506,18072
SUB0009151,CUST009151,2025-06-03,2026-06-03,Active,305,3660
SUB0009152,CUST009152,2024-11-17,2027-11-17,Active,1718,20616
SUB0009153,CUST009153,2025-04-13,2026-04-13,Active,1074,12888
SUB0009154,CUST009154,2024-10-25,2025-10-25,Active,1297,15564
SUB0009155,CUST009155,2024-11-09,2027-11-09,Active,709,8508
SUB0009156,CUST009156,2023-07-31,2026-07-31,Active,20277,243324
SUB0009157,CUST009157,2025-11-12,2026-11-12,Pending Renewal,4902,58824
SUB0009158,CUST009158,2024-04-09,2026-04-09,Active,1498,17976
SUB0009159,CUST009159,2023-09-06,2024-09-06,Active,22120,265440
SUB0009160,CUST009160,2025-07-14,2028-07-14,Active,1242,14904
SUB0009161,CUST009161,2024-03-18,2027-03-18,Cancelled,8657,103884
SUB0009162,CUST009162,2024-01-17,2026-01-17,Active,1486,17832
SUB0009163,CUST009163,2024-10-28,2027-10-28,Active,6429,77148
SUB0009164,CUST009164,2023-07-18,2025-07-18,Active,7392,88704
SUB0009165,CUST009165,2024-07-24,2026-07-24,Active,3025,36300
SUB0009166,CUST009166,2025-07-11,2028-07-11,Pending Renewal,1392,16704
SUB0009167,CUST009167,2024-07-02,2027-07-02,Active,19892,238704
SUB0009168,CUST009168,2025-11-06,2027-11-06,Pending Renewal,1472,17664
SUB0009169,CUST009169,2024-01-06,2025-01-06,Active,1759,21108
SUB0009170,CUST009170,2024-12-17,2027-12-17,Pending Renewal,1563,18756
SUB0009171,CUST009171,2024-06-01,2026-06-01,Active,955,11460
SUB0009172,CUST009172,2023-11-05,2026-11-05,Active,5644,67728
SUB0009173,CUST009173,2024-09-18,2026-09-18,Active,4925,59100
SUB0009174,CUST009174,2024-11-21,2026-11-21,Active,4802,57624
SUB0009175,CUST009175,2024-03-18,2026-03-18,Active,1181,14172
SUB0009176,CUST009176,2024-11-05,2025-11-05,Active,1901,22812
SUB0009177,CUST009177,2024-10-19,2027-10-19,Active,3620,43440
SUB0009178,CUST009178,2024-01-05,2027-01-05,Active,230,2760
SUB0009179,CUST009179,2024-02-24,2025-02-24,Active,515,6180
SUB0009180,CUST009180,2024-09-13,2026-09-13,Active,17602,211224
SUB0009181,CUST009181,2024-07-09,2025-07-09,Active,3719,44628
SUB0009182,CUST009182,2024-05-19,2026-05-19,Active,5056,60672
SUB0009183,CUST009183,2023-12-21,2025-12-21,Active,6911,82932
SUB0009184,CUST009184,2025-04-02,2027-04-02,Active,24170,290040
SUB0009185,CUST009185,2023-12-04,2025-12-04,Active,3512,42144
SUB0009186,CUST009186,2023-12-03,2026-12-03,Active,1209,14508
SUB0009187,CUST009187,2025-03-24,2028-03-24,Active,4292,51504
SUB0009188,CUST009188,2024-08-26,2027-08-26,Active,2581,30972
SUB0009189,CUST009189,2025-07-06,2028-07-06,Active,411,4932
SUB0009190,CUST009190,2023-10-18,2026-10-18,Active,1012,12144
SUB0009191,CUST009191,2023-11-24,2025-11-24,Active,18921,227052
SUB0009192,CUST009192,2024-06-14,2025-06-14,Active,6521,78252
SUB0009193,CUST009193,2025-06-07,2026-06-07,Active,3686,44232
SUB0009194,CUST009194,2025-05-27,2026-05-27,Active,6166,73992
SUB0009195,CUST009195,2024-01-07,2027-01-07,Active,1860,22320
SUB0009196,CUST009196,2025-01-26,2028-01-26,Active,6598,79176
SUB0009197,CUST009197,2025-09-26,2028-09-26,Active,199,2388
SUB0009198,CUST009198,2024-02-27,2027-02-27,Active,1516,18192
SUB0009199,CUST009199,2023-09-15,2025-09-15,Active,2250,27000
SUB0009200,CUST009200,2024-01-25,2026-01-25,Active,571,6852
SUB0009201,CUST009201,2024-05-13,2027-05-13,Active,6753,81036
SUB0009202,CUST009202,2025-07-31,2026-07-31,Active,7134,85608
SUB0009203,CUST009203,2025-09-07,2027-09-07,Active,677,8124
SUB0009204,CUST009204,2024-11-01,2025-11-01,Active,2641,31692
SUB0009205,CUST009205,2025-06-29,2026-06-29,Active,3847,46164
SUB0009206,CUST009206,2025-10-31,2028-10-31,Active,2983,35796
SUB0009207,CUST009207,2024-02-27,2025-02-27,Active,19874,238488
SUB0009208,CUST009208,2025-12-06,2026-12-06,Active,4453,53436
SUB0009209,CUST009209,2024-09-26,2027-09-26,Active,6773,81276
SUB0009210,CUST009210,2025-10-28,2027-10-28,Active,14350,172200
SUB0009211,CUST009211,2025-04-11,2026-04-11,Active,352,4224
SUB0009212,CUST009212,2025-10-31,2027-10-31,Active,1449,17388
SUB0009213,CUST009213,2023-12-03,2026-12-03,Active,1892,22704
SUB0009214,CUST009214,2024-04-24,2027-04-24,Cancelled,15013,180156
SUB0009215,CUST009215,2024-08-03,2026-08-03,Active,1496,17952
SUB0009216,CUST009216,2025-08-29,2028-08-29,Active,6227,74724
SUB0009217,CUST009217,2023-07-15,2025-07-15,Active,7907,94884
SUB0009218,CUST009218,2023-07-26,2025-07-26,Pending Renewal,2848,34176
SUB0009219,CUST009219,2024-09-25,2025-09-25,Active,294,3528
SUB0009220,CUST009220,2024-05-28,2025-05-28,Active,4060,48720
SUB0009221,CUST009221,2025-03-10,2026-03-10,Active,21672,260064
SUB0009222,CUST009222,2024-10-22,2027-10-22,Active,4532,54384
SUB0009223,CUST009223,2025-09-10,2028-09-10,Active,315,3780
SUB0009224,CUST009224,2025-01-08,2026-01-08,Active,1846,22152
SUB0009225,CUST009225,2023-11-08,2026-11-08,Active,284,3408
SUB0009226,CUST009226,2024-11-03,2026-11-03,Active,3538,42456
SUB0009227,CUST009227,2024-09-24,2026-09-24,Active,328,3936
SUB0009228,CUST009228,2024-03-24,2027-03-24,Active,21625,259500
SUB0009229,CUST009229,2024-02-02,2027-02-02,Active,1158,13896
SUB0009230,CUST009230,2025-11-30,2027-11-30,Active,545,6540
SUB0009231,CUST009231,2025-04-29,2026-04-29,Active,9888,118656
SUB0009232,CUST009232,2025-07-03,2026-07-03,Active,1052,12624
SUB0009233,CUST009233,2024-04-28,2025-04-28,Active,7952,95424
SUB0009234,CUST009234,2025-05-24,2027-05-24,Active,341,4092
SUB0009235,CUST009235,2023-08-04,2024-08-04,Active,4272,51264
SUB0009236,CUST009236,2024-09-01,2026-09-01,Pending Renewal,977,11724
SUB0009237,CUST009237,2024-11-07,2027-11-07,Active,1722,20664
SUB0009238,CUST009238,2023-08-04,2026-08-04,Active,1486,17832
SUB0009239,CUST009239,2023-08-26,2025-08-26,Active,1019,12228
SUB0009240,CUST009240,2024-07-12,2027-07-12,Active,368,4416
SUB0009241,CUST009241,2025-03-17,2026-03-17,Active,4820,57840
SUB0009242,CUST009242,2024-03-07,2026-03-07,Active,1430,17160
SUB0009243,CUST009243,2025-07-19,2027-07-19,Active,376,4512
SUB0009244,CUST009244,2024-10-06,2027-10-06,Active,2712,32544
SUB0009245,CUST009245,2023-10-21,2025-10-21,Active,4127,49524
SUB0009246,CUST009246,2024-03-29,2025-03-29,Active,657,7884
SUB0009247,CUST009247,2024-11-17,2025-11-17,Active,2863,34356
SUB0009248,CUST009248,2025-01-27,2028-01-27,Active,18707,224484
SUB0009249,CUST009249,2024-02-25,2026-02-25,Active,5520,66240
SUB0009250,CUST009250,2025-08-28,2027-08-28,Pending Renewal,390,4680
SUB0009251,CUST009251,2025-02-04,2027-02-04,Active,1744,20928
SUB0009252,CUST009252,2024-12-15,2027-12-15,Active,1252,15024
SUB0009253,CUST009253,2024-02-28,2025-02-28,Active,1474,17688
SUB0009254,CUST009254,2024-03-21,2026-03-21,Active,19833,237996
SUB0009255,CUST009255,2025-08-26,2026-08-26,Pending Renewal,4744,56928
SUB0009256,CUST009256,2023-12-24,2025-12-24,Active,14163,169956
SUB0009257,CUST009257,2024-03-31,2026-03-31,Active,3805,45660
SUB0009258,CUST009258,2025-05-28,2027-05-28,Active,362,4344
SUB0009259,CUST009259,2025-04-12,2026-04-12,Active,799,9588
SUB0009260,CUST009260,2024-11-24,2025-11-24,Pending Renewal,1336,16032
SUB0009261,CUST009261,2025-07-27,2026-07-27,Active,6538,78456
SUB0009262,CUST009262,2025-07-23,2028-07-23,Active,191,2292
SUB0009263,CUST009263,2024-04-20,2027-04-20,Active,7891,94692
SUB0009264,CUST009264,2025-12-17,2026-12-17,Active,19980,239760
SUB0009265,CUST009265,2024-11-11,2026-11-11,Active,835,10020
SUB0009266,CUST009266,2024-11-25,2027-11-25,Active,1195,14340
SUB0009267,CUST009267,2023-09-18,2024-09-18,Pending Renewal,1849,22188
SUB0009268,CUST009268,2024-07-19,2025-07-19,Active,6957,83484
SUB0009269,CUST009269,2025-05-11,2028-05-11,Active,391,4692
SUB0009270,CUST009270,2023-10-19,2024-10-19,Active,671,8052
SUB0009271,CUST009271,2024-11-05,2025-11-05,Active,7057,84684
SUB0009272,CUST009272,2025-04-09,2027-04-09,Cancelled,1478,17736
SUB0009273,CUST009273,2024-01-04,2027-01-04,Active,1636,19632
SUB0009274,CUST009274,2024-01-31,2026-01-31,Active,1611,19332
SUB0009275,CUST009275,2025-07-09,2028-07-09,Active,557,6684
SUB0009276,CUST009276,2023-11-10,2026-11-10,Active,561,6732
SUB0009277,CUST009277,2023-08-12,2025-08-12,Active,1664,19968
SUB0009278,CUST009278,2024-07-21,2027-07-21,Active,7962,95544
SUB0009279,CUST009279,2024-02-16,2027-02-16,Active,1881,22572
SUB0009280,CUST009280,2025-04-03,2028-04-03,Pending Renewal,1943,23316
SUB0009281,CUST009281,2024-11-11,2026-11-11,Cancelled,823,9876
SUB0009282,CUST009282,2024-07-25,2025-07-25,Active,349,4188
SUB0009283,CUST009283,2025-08-29,2027-08-29,Active,1828,21936
SUB0009284,CUST009284,2024-11-19,2025-11-19,Active,1514,18168
SUB0009285,CUST009285,2023-12-15,2025-12-15,Active,1132,13584
SUB0009286,CUST009286,2024-08-25,2026-08-25,Pending Renewal,589,7068
SUB0009287,CUST009287,2023-12-15,2026-12-15,Active,589,7068
SUB0009288,CUST009288,2024-07-03,2026-07-03,Active,1909,22908
SUB0009289,CUST009289,2024-03-01,2027-03-01,Active,1222,14664
SUB0009290,CUST009290,2025-12-23,2027-12-23,Active,1932,23184
SUB0009291,CUST009291,2024-07-24,2026-07-24,Active,1277,15324
SUB0009292,CUST009292,2025-04-02,2026-04-02,Active,2891,34692
SUB0009293,CUST009293,2024-06-17,2026-06-17,Active,1562,18744
SUB0009294,CUST009294,2024-01-29,2025-01-29,Active,2823,33876
SUB0009295,CUST009295,2024-11-13,2027-11-13,Pending Renewal,859,10308
SUB0009296,CUST009296,2025-10-28,2026-10-28,Pending Renewal,1524,18288
SUB0009297,CUST009297,2025-04-12,2027-04-12,Active,6814,81768
SUB0009298,CUST009298,2023-11-19,2026-11-19,Active,5552,66624
SUB0009299,CUST009299,2024-08-28,2026-08-28,Active,1272,15264
SUB0009300,CUST009300,2025-09-15,2027-09-15,Active,7546,90552
SUB0009301,CUST009301,2025-05-08,2028-05-08,Active,1038,12456
SUB0009302,CUST009302,2025-06-27,2028-06-27,Active,1002,12024
SUB0009303,CUST009303,2024-10-17,2027-10-17,Active,16434,197208
SUB0009304,CUST009304,2024-11-29,2025-11-29,Active,3435,41220
SUB0009305,CUST009305,2023-11-12,2024-11-12,Active,3481,41772
SUB0009306,CUST009306,2024-05-03,2025-05-03,Active,557,6684
SUB0009307,CUST009307,2024-08-12,2025-08-12,Active,1450,17400
SUB0009308,CUST009308,2025-06-28,2028-06-28,Active,21895,262740
SUB0009309,CUST009309,2024-08-07,2027-08-07,Active,6699,80388
SUB0009310,CUST009310,2023-10-28,2024-10-28,Active,1145,13740
SUB0009311,CUST009311,2025-05-30,2026-05-30,Active,5826,69912
SUB0009312,CUST009312,2025-05-11,2026-05-11,Active,1399,16788
SUB0009313,CUST009313,2025-04-30,2027-04-30,Active,944,11328
SUB0009314,CUST009314,2024-01-05,2026-01-05,Active,6593,79116
SUB0009315,CUST009315,2025-05-04,2026-05-04,Active,7132,85584
SUB0009316,CUST009316,2025-08-28,2026-08-28,Active,492,5904
SUB0009317,CUST009317,2025-03-25,2028-03-25,Active,6371,76452
SUB0009318,CUST009318,2024-11-02,2025-11-02,Active,3491,41892
SUB0009319,CUST009319,2025-08-06,2028-08-06,Pending Renewal,1898,22776
SUB0009320,CUST009320,2024-06-24,2027-06-24,Active,3349,40188
SUB0009321,CUST009321,2024-08-28,2027-08-28,Active,1844,22128
SUB0009322,CUST009322,2025-09-28,2028-09-28,Active,1074,12888
SUB0009323,CUST009323,2025-06-01,2027-06-01,Active,14364,172368
SUB0009324,CUST009324,2024-10-26,2025-10-26,Pending Renewal,589,7068
SUB0009325,CUST009325,2023-10-22,2024-10-22,Active,7474,89688
SUB0009326,CUST009326,2025-07-02,2027-07-02,Cancelled,4214,50568
SUB0009327,CUST009327,2025-03-12,2027-03-12,Active,1327,15924
SUB0009328,CUST009328,2025-11-28,2026-11-28,Pending Renewal,1291,15492
SUB0009329,CUST009329,2024-02-19,2026-02-19,Active,1316,15792
SUB0009330,CUST009330,2025-09-22,2028-09-22,Active,994,11928
SUB0009331,CUST009331,2025-07-12,2027-07-12,Active,7550,90600
SUB0009332,CUST009332,2024-09-03,2026-09-03,Active,3716,44592
SUB0009333,CUST009333,2024-12-15,2026-12-15,Active,12380,148560
SUB0009334,CUST009334,2024-07-15,2025-07-15,Active,1460,17520
SUB0009335,CUST009335,2024-04-12,2027-04-12,Cancelled,504,6048
SUB0009336,CUST009336,2023-07-08,2026-07-08,Active,17028,204336
SUB0009337,CUST009337,2024-02-19,2027-02-19,Cancelled,7677,92124
SUB0009338,CUST009338,2024-08-06,2027-08-06,Active,4617,55404
SUB0009339,CUST009339,2024-10-15,2026-10-15,Active,884,10608
SUB0009340,CUST009340,2024-06-16,2027-06-16,Active,13698,164376
SUB0009341,CUST009341,2024-10-24,2026-10-24,Active,1465,17580
SUB0009342,CUST009342,2024-07-31,2027-07-31,Active,2388,28656
SUB0009343,CUST009343,2025-11-29,2028-11-29,Active,5143,61716
SUB0009344,CUST009344,2024-01-26,2026-01-26,Active,22253,267036
SUB0009345,CUST009345,2024-11-23,2025-11-23,Active,23174,278088
SUB0009346,CUST009346,2024-08-15,2027-08-15,Active,614,7368
SUB0009347,CUST009347,2024-04-09,2027-04-09,Active,4723,56676
SUB0009348,CUST009348,2024-01-23,2027-01-23,Active,8704,104448
SUB0009349,CUST009349,2025-01-13,2028-01-13,Pending Renewal,6529,78348
SUB0009350,CUST009350,2023-07-20,2025-07-20,Active,6517,78204
SUB0009351,CUST009351,2024-04-24,2025-04-24,Active,511,6132
SUB0009352,CUST009352,2024-10-22,2025-10-22,Active,23164,277968
SUB0009353,CUST009353,2024-04-19,2026-04-19,Active,10075,120900
SUB0009354,CUST009354,2025-02-06,2026-02-06,Active,4138,49656
SUB0009355,CUST009355,2024-10-14,2027-10-14,Active,1713,20556
SUB0009356,CUST009356,2024-06-15,2027-06-15,Active,5686,68232
SUB0009357,CUST009357,2023-07-06,2026-07-06,Active,6228,74736
SUB0009358,CUST009358,2024-05-26,2027-05-26,Active,787,9444
SUB0009359,CUST009359,2025-08-25,2028-08-25,Pending Renewal,6217,74604
SUB0009360,CUST009360,2025-12-18,2027-12-18,Pending Renewal,5685,68220
SUB0009361,CUST009361,2024-05-26,2027-05-26,Active,1147,13764
SUB0009362,CUST009362,2023-09-20,2026-09-20,Active,702,8424
SUB0009363,CUST009363,2024-06-24,2026-06-24,Pending Renewal,3794,45528
SUB0009364,CUST009364,2025-05-30,2027-05-30,Active,12685,152220
SUB0009365,CUST009365,2024-06-11,2025-06-11,Active,17328,207936
SUB0009366,CUST009366,2023-07-16,2025-07-16,Active,1798,21576
SUB0009367,CUST009367,2025-12-03,2027-12-03,Active,1761,21132
SUB0009368,CUST009368,2023-12-17,2025-12-17,Active,554,6648
SUB0009369,CUST009369,2025-04-08,2027-04-08,Active,1529,18348
SUB0009370,CUST009370,2025-10-16,2026-10-16,Active,22923,275076
SUB0009371,CUST009371,2025-03-19,2028-03-19,Active,13592,163104
SUB0009372,CUST009372,2025-08-11,2026-08-11,Active,5225,62700
SUB0009373,CUST009373,2025-11-24,2026-11-24,Active,1506,18072
SUB0009374,CUST009374,2024-09-01,2025-09-01,Active,1842,22104
SUB0009375,CUST009375,2023-09-01,2024-09-01,Active,5341,64092
SUB0009376,CUST009376,2025-02-05,2027-02-05,Active,22983,275796
SUB0009377,CUST009377,2025-03-04,2026-03-04,Active,674,8088
SUB0009378,CUST009378,2025-01-10,2028-01-10,Active,23995,287940
SUB0009379,CUST009379,2024-08-18,2026-08-18,Active,10921,131052
SUB0009380,CUST009380,2023-10-25,2024-10-25,Cancelled,1575,18900
SUB0009381,CUST009381,2023-09-07,2025-09-07,Cancelled,17822,213864
SUB0009382,CUST009382,2023-07-23,2025-07-23,Active,346,4152
SUB0009383,CUST009383,2024-10-15,2027-10-15,Active,1406,16872
SUB0009384,CUST009384,2023-10-11,2024-10-11,Pending Renewal,1331,15972
SUB0009385,CUST009385,2024-07-28,2026-07-28,Pending Renewal,1898,22776
SUB0009386,CUST009386,2024-02-02,2025-02-02,Active,10532,126384
SUB0009387,CUST009387,2023-10-11,2025-10-11,Pending Renewal,1084,13008
SUB0009388,CUST009388,2024-01-20,2025-01-20,Active,11409,136908
SUB0009389,CUST009389,2025-03-07,2028-03-07,Active,1585,19020
SUB0009390,CUST009390,2023-09-26,2026-09-26,Active,797,9564
SUB0009391,CUST009391,2025-09-04,2026-09-04,Active,4161,49932
SUB0009392,CUST009392,2025-03-28,2026-03-28,Pending Renewal,12159,145908
SUB0009393,CUST009393,2025-05-11,2027-05-11,Active,6999,83988
SUB0009394,CUST009394,2025-06-13,2026-06-13,Active,1907,22884
SUB0009395,CUST009395,2023-11-21,2026-11-21,Active,1987,23844
SUB0009396,CUST009396,2024-06-17,2027-06-17,Active,1601,19212
SUB0009397,CUST009397,2025-09-16,2028-09-16,Active,7806,93672
SUB0009398,CUST009398,2025-08-21,2028-08-21,Active,920,11040
SUB0009399,CUST009399,2025-09-24,2028-09-24,Cancelled,980,11760
SUB0009400,CUST009400,2025-04-27,2028-04-27,Active,24056,288672
SUB0009401,CUST009401,2025-09-19,2026-09-19,Active,2392,28704
SUB0009402,CUST009402,2025-01-26,2027-01-26,Pending Renewal,4218,50616
SUB0009403,CUST009403,2025-04-17,2027-04-17,Active,876,10512
SUB0009404,CUST009404,2024-02-12,2027-02-12,Active,6766,81192
SUB0009405,CUST009405,2025-09-23,2027-09-23,Active,4925,59100
SUB0009406,CUST009406,2025-05-31,2026-05-31,Active,5904,70848
SUB0009407,CUST009407,2024-04-04,2026-04-04,Active,160,1920
SUB0009408,CUST009408,2024-05-05,2027-05-05,Active,1208,14496
SUB0009409,CUST009409,2023-08-16,2025-08-16,Active,4189,50268
SUB0009410,CUST009410,2023-12-30,2024-12-30,Active,21861,262332
SUB0009411,CUST009411,2024-06-09,2027-06-09,Active,124,1488
SUB0009412,CUST009412,2025-09-08,2027-09-08,Active,443,5316
SUB0009413,CUST009413,2023-10-24,2025-10-24,Active,4396,52752
SUB0009414,CUST009414,2024-08-26,2025-08-26,Active,738,8856
SUB0009415,CUST009415,2025-02-24,2027-02-24,Active,434,5208
SUB0009416,CUST009416,2025-03-04,2028-03-04,Active,4394,52728
SUB0009417,CUST009417,2025-11-20,2028-11-20,Active,389,4668
SUB0009418,CUST009418,2024-05-14,2025-05-14,Active,724,8688
SUB0009419,CUST009419,2023-09-17,2025-09-17,Active,1520,18240
SUB0009420,CUST009420,2025-05-07,2028-05-07,Active,1438,17256
SUB0009421,CUST009421,2024-08-11,2027-08-11,Pending Renewal,1067,12804
SUB0009422,CUST009422,2024-07-04,2025-07-04,Active,1256,15072
SUB0009423,CUST009423,2024-05-02,2026-05-02,Active,7560,90720
SUB0009424,CUST009424,2024-03-09,2027-03-09,Active,166,1992
SUB0009425,CUST009425,2023-11-29,2026-11-29,Active,1032,12384
SUB0009426,CUST009426,2025-05-08,2027-05-08,Active,6553,78636
SUB0009427,CUST009427,2023-07-12,2024-07-12,Cancelled,780,9360
SUB0009428,CUST009428,2025-06-13,2027-06-13,Active,1120,13440
SUB0009429,CUST009429,2025-10-16,2028-10-16,Pending Renewal,4793,57516
SUB0009430,CUST009430,2024-10-04,2025-10-04,Active,1546,18552
SUB0009431,CUST009431,2024-05-28,2026-05-28,Active,5951,71412
SUB0009432,CUST009432,2025-03-11,2026-03-11,Active,1151,13812
SUB0009433,CUST009433,2025-04-12,2028-04-12,Active,1790,21480
SUB0009434,CUST009434,2025-08-10,2028-08-10,Active,16149,193788
SUB0009435,CUST009435,2025-06-27,2028-06-27,Active,1156,13872
SUB0009436,CUST009436,2025-11-05,2026-11-05,Active,1571,18852
SUB0009437,CUST009437,2025-03-04,2026-03-04,Active,2642,31704
SUB0009438,CUST009438,2024-07-18,2027-07-18,Cancelled,265,3180
SUB0009439,CUST009439,2024-07-08,2026-07-08,Cancelled,18440,221280
SUB0009440,CUST009440,2023-09-25,2024-09-25,Pending Renewal,5974,71688
SUB0009441,CUST009441,2025-12-24,2028-12-24,Active,4441,53292
SUB0009442,CUST009442,2024-06-17,2025-06-17,Active,1359,16308
SUB0009443,CUST009443,2024-11-29,2027-11-29,Pending Renewal,2471,29652
SUB0009444,CUST009444,2024-02-15,2026-02-15,Active,4849,58188
SUB0009445,CUST009445,2024-05-12,2027-05-12,Active,1904,22848
SUB0009446,CUST009446,2024-04-18,2027-04-18,Active,759,9108
SUB0009447,CUST009447,2024-06-11,2027-06-11,Active,3156,37872
SUB0009448,CUST009448,2023-08-07,2025-08-07,Cancelled,3484,41808
SUB0009449,CUST009449,2025-04-26,2028-04-26,Active,18140,217680
SUB0009450,CUST009450,2024-11-20,2026-11-20,Active,6348,76176
SUB0009451,CUST009451,2025-10-05,2026-10-05,Active,1116,13392
SUB0009452,CUST009452,2024-08-15,2026-08-15,Active,400,4800
SUB0009453,CUST009453,2024-10-06,2026-10-06,Active,264,3168
SUB0009454,CUST009454,2024-02-06,2026-02-06,Active,1867,22404
SUB0009455,CUST009455,2024-07-13,2027-07-13,Active,1236,14832
SUB0009456,CUST009456,2023-10-11,2026-10-11,Active,5834,70008
SUB0009457,CUST009457,2025-03-22,2026-03-22,Active,1583,18996
SUB0009458,CUST009458,2025-07-18,2027-07-18,Cancelled,1018,12216
SUB0009459,CUST009459,2023-12-21,2025-12-21,Active,1788,21456
SUB0009460,CUST009460,2024-05-12,2027-05-12,Active,7741,92892
SUB0009461,CUST009461,2025-03-18,2027-03-18,Active,392,4704
SUB0009462,CUST009462,2025-12-24,2026-12-24,Pending Renewal,5790,69480
SUB0009463,CUST009463,2023-09-28,2025-09-28,Active,1372,16464
SUB0009464,CUST009464,2025-12-24,2027-12-24,Active,7349,88188
SUB0009465,CUST009465,2024-12-12,2026-12-12,Active,331,3972
SUB0009466,CUST009466,2024-08-24,2026-08-24,Active,619,7428
SUB0009467,CUST009467,2023-06-29,2026-06-29,Active,700,8400
SUB0009468,CUST009468,2025-07-21,2026-07-21,Cancelled,6005,72060
SUB0009469,CUST009469,2025-09-12,2028-09-12,Active,10572,126864
SUB0009470,CUST009470,2024-12-11,2026-12-11,Active,1076,12912
SUB0009471,CUST009471,2023-10-06,2024-10-06,Cancelled,7490,89880
SUB0009472,CUST009472,2024-03-14,2025-03-14,Active,10331,123972
SUB0009473,CUST009473,2025-11-06,2026-11-06,Active,8466,101592
SUB0009474,CUST009474,2025-09-05,2027-09-05,Active,617,7404
SUB0009475,CUST009475,2025-10-09,2028-10-09,Active,17801,213612
SUB0009476,CUST009476,2025-05-15,2026-05-15,Active,866,10392
SUB0009477,CUST009477,2024-09-10,2025-09-10,Active,505,6060
SUB0009478,CUST009478,2025-02-08,2027-02-08,Active,7267,87204
SUB0009479,CUST009479,2024-05-05,2027-05-05,Active,10729,128748
SUB0009480,CUST009480,2025-11-02,2026-11-02,Active,1617,19404
SUB0009481,CUST009481,2025-08-29,2027-08-29,Active,7743,92916
SUB0009482,CUST009482,2024-05-22,2026-05-22,Cancelled,1446,17352
SUB0009483,CUST009483,2025-12-22,2026-12-22,Pending Renewal,1597,19164
SUB0009484,CUST009484,2023-08-31,2026-08-31,Active,5241,62892
SUB0009485,CUST009485,2024-08-05,2027-08-05,Active,853,10236
SUB0009486,CUST009486,2023-09-25,2026-09-25,Active,1565,18780
SUB0009487,CUST009487,2023-07-30,2024-07-30,Active,18664,223968
SUB0009488,CUST009488,2023-10-16,2025-10-16,Active,1620,19440
SUB0009489,CUST009489,2025-02-23,2028-02-23,Active,153,1836
SUB0009490,CUST009490,2024-01-05,2026-01-05,Active,1314,15768
SUB0009491,CUST009491,2025-08-11,2027-08-11,Active,1063,12756
SUB0009492,CUST009492,2024-09-05,2027-09-05,Active,1694,20328
SUB0009493,CUST009493,2025-08-27,2026-08-27,Active,7925,95100
SUB0009494,CUST009494,2025-12-20,2027-12-20,Active,701,8412
SUB0009495,CUST009495,2025-08-06,2027-08-06,Active,1348,16176
SUB0009496,CUST009496,2025-08-28,2027-08-28,Active,22385,268620
SUB0009497,CUST009497,2025-10-11,2026-10-11,Active,1677,20124
SUB0009498,CUST009498,2025-12-09,2026-12-09,Active,1346,16152
SUB0009499,CUST009499,2023-08-20,2024-08-20,Pending Renewal,1325,15900
SUB0009500,CUST009500,2023-10-28,2024-10-28,Active,1291,15492
SUB0009501,CUST009501,2025-10-28,2028-10-28,Active,7358,88296
SUB0009502,CUST009502,2025-10-28,2028-10-28,Pending Renewal,856,10272
SUB0009503,CUST009503,2025-06-13,2028-06-13,Active,7291,87492
SUB0009504,CUST009504,2025-08-22,2028-08-22,Active,1362,16344
SUB0009505,CUST009505,2023-08-14,2024-08-14,Active,1905,22860
SUB0009506,CUST009506,2024-04-24,2025-04-24,Active,7869,94428
SUB0009507,CUST009507,2024-01-11,2026-01-11,Active,6495,77940
SUB0009508,CUST009508,2023-07-06,2026-07-06,Active,2653,31836
SUB0009509,CUST009509,2025-08-05,2026-08-05,Active,1120,13440
SUB0009510,CUST009510,2025-01-23,2028-01-23,Active,1267,15204
SUB0009511,CUST009511,2025-03-24,2027-03-24,Active,6539,78468
SUB0009512,CUST009512,2024-03-13,2027-03-13,Active,459,5508
SUB0009513,CUST009513,2025-06-11,2028-06-11,Active,1505,18060
SUB0009514,CUST009514,2025-06-11,2026-06-11,Active,1369,16428
SUB0009515,CUST009515,2024-02-08,2026-02-08,Active,1236,14832
SUB0009516,CUST009516,2024-10-12,2026-10-12,Active,3237,38844
SUB0009517,CUST009517,2023-06-29,2026-06-29,Pending Renewal,594,7128
SUB0009518,CUST009518,2024-03-03,2025-03-03,Active,3646,43752
SUB0009519,CUST009519,2023-10-19,2026-10-19,Active,1872,22464
SUB0009520,CUST009520,2025-10-22,2026-10-22,Active,573,6876
SUB0009521,CUST009521,2024-11-22,2025-11-22,Active,3865,46380
SUB0009522,CUST009522,2024-03-23,2026-03-23,Active,866,10392
SUB0009523,CUST009523,2025-05-29,2026-05-29,Active,2578,30936
SUB0009524,CUST009524,2025-10-01,2028-10-01,Active,3882,46584
SUB0009525,CUST009525,2024-01-28,2027-01-28,Active,944,11328
SUB0009526,CUST009526,2025-04-17,2027-04-17,Active,1040,12480
SUB0009527,CUST009527,2025-06-26,2028-06-26,Active,828,9936
SUB0009528,CUST009528,2025-04-15,2027-04-15,Pending Renewal,3006,36072
SUB0009529,CUST009529,2025-08-07,2027-08-07,Active,6479,77748
SUB0009530,CUST009530,2024-03-22,2026-03-22,Active,121,1452
SUB0009531,CUST009531,2024-03-28,2026-03-28,Active,5840,70080
SUB0009532,CUST009532,2025-10-16,2026-10-16,Active,946,11352
SUB0009533,CUST009533,2023-12-27,2026-12-27,Active,788,9456
SUB0009534,CUST009534,2025-04-19,2027-04-19,Active,5531,66372
SUB0009535,CUST009535,2023-11-26,2024-11-26,Active,3085,37020
SUB0009536,CUST009536,2024-06-20,2026-06-20,Active,912,10944
SUB0009537,CUST009537,2023-11-23,2026-11-23,Active,24008,288096
SUB0009538,CUST009538,2024-06-21,2025-06-21,Active,6619,79428
SUB0009539,CUST009539,2025-10-10,2027-10-10,Active,23234,278808
SUB0009540,CUST009540,2025-05-25,2028-05-25,Active,1990,23880
SUB0009541,CUST009541,2025-04-30,2027-04-30,Active,5894,70728
SUB0009542,CUST009542,2023-07-01,2025-07-01,Active,654,7848
SUB0009543,CUST009543,2024-07-08,2025-07-08,Active,1409,16908
SUB0009544,CUST009544,2025-06-18,2027-06-18,Active,1840,22080
SUB0009545,CUST009545,2023-09-02,2024-09-02,Cancelled,1650,19800
SUB0009546,CUST009546,2025-05-07,2027-05-07,Active,2442,29304
SUB0009547,CUST009547,2025-12-05,2028-12-05,Active,2268,27216
SUB0009548,CUST009548,2023-09-05,2025-09-05,Active,1146,13752
SUB0009549,CUST009549,2025-12-21,2027-12-21,Active,1866,22392
SUB0009550,CUST009550,2023-10-30,2025-10-30,Active,6314,75768
SUB0009551,CUST009551,2025-02-16,2027-02-16,Active,1856,22272
SUB0009552,CUST009552,2024-03-30,2025-03-30,Active,403,4836
SUB0009553,CUST009553,2023-10-22,2026-10-22,Active,121,1452
SUB0009554,CUST009554,2024-12-10,2026-12-10,Active,965,11580
SUB0009555,CUST009555,2024-11-21,2025-11-21,Cancelled,6409,76908
SUB0009556,CUST009556,2025-02-15,2027-02-15,Active,1817,21804
SUB0009557,CUST009557,2024-06-21,2027-06-21,Active,779,9348
SUB0009558,CUST009558,2025-07-04,2026-07-04,Active,1157,13884
SUB0009559,CUST009559,2025-02-14,2026-02-14,Active,2203,26436
SUB0009560,CUST009560,2024-02-17,2027-02-17,Active,6703,80436
SUB0009561,CUST009561,2024-06-24,2026-06-24,Active,1356,16272
SUB0009562,CUST009562,2024-08-18,2027-08-18,Active,693,8316
SUB0009563,CUST009563,2024-03-22,2025-03-22,Active,3184,38208
SUB0009564,CUST009564,2024-05-01,2026-05-01,Cancelled,3109,37308
SUB0009565,CUST009565,2024-10-03,2026-10-03,Active,1639,19668
SUB0009566,CUST009566,2023-12-03,2026-12-03,Active,4890,58680
SUB0009567,CUST009567,2025-08-24,2028-08-24,Active,1113,13356
SUB0009568,CUST009568,2023-12-08,2025-12-08,Active,257,3084
SUB0009569,CUST009569,2024-10-21,2027-10-21,Active,20727,248724
SUB0009570,CUST009570,2023-08-15,2026-08-15,Active,837,10044
SUB0009571,CUST009571,2025-06-16,2028-06-16,Pending Renewal,393,4716
SUB0009572,CUST009572,2024-02-08,2025-02-08,Active,12344,148128
SUB0009573,CUST009573,2024-11-02,2027-11-02,Active,937,11244
SUB0009574,CUST009574,2023-09-10,2026-09-10,Active,1725,20700
SUB0009575,CUST009575,2024-06-09,2026-06-09,Active,1825,21900
SUB0009576,CUST009576,2023-11-06,2024-11-06,Active,12355,148260
SUB0009577,CUST009577,2023-09-18,2026-09-18,Active,5256,63072
SUB0009578,CUST009578,2023-08-09,2025-08-09,Active,1492,17904
SUB0009579,CUST009579,2025-09-18,2026-09-18,Active,5827,69924
SUB0009580,CUST009580,2023-06-29,2025-06-29,Active,9301,111612
SUB0009581,CUST009581,2024-06-21,2026-06-21,Pending Renewal,2791,33492
SUB0009582,CUST009582,2024-01-09,2026-01-09,Active,1699,20388
SUB0009583,CUST009583,2024-10-05,2025-10-05,Active,18152,217824
SUB0009584,CUST009584,2024-12-02,2026-12-02,Active,140,1680
SUB0009585,CUST009585,2025-02-14,2026-02-14,Active,6361,76332
SUB0009586,CUST009586,2025-06-28,2026-06-28,Cancelled,5251,63012
SUB0009587,CUST009587,2025-07-13,2026-07-13,Active,4462,53544
SUB0009588,CUST009588,2024-05-27,2027-05-27,Active,8495,101940
SUB0009589,CUST009589,2025-10-23,2028-10-23,Active,4475,53700
SUB0009590,CUST009590,2025-08-23,2027-08-23,Active,398,4776
SUB0009591,CUST009591,2024-02-16,2025-02-16,Active,17605,211260
SUB0009592,CUST009592,2025-06-10,2028-06-10,Active,1454,17448
SUB0009593,CUST009593,2025-04-03,2027-04-03,Active,1713,20556
SUB0009594,CUST009594,2024-05-24,2025-05-24,Active,567,6804
SUB0009595,CUST009595,2024-09-26,2027-09-26,Active,871,10452
SUB0009596,CUST009596,2025-09-16,2027-09-16,Active,632,7584
SUB0009597,CUST009597,2025-02-04,2026-02-04,Active,1159,13908
SUB0009598,CUST009598,2024-05-10,2026-05-10,Active,1550,18600
SUB0009599,CUST009599,2023-06-26,2025-06-26,Active,1609,19308
SUB0009600,CUST009600,2023-06-25,2025-06-25,Active,16846,202152
SUB0009601,CUST009601,2024-05-19,2027-05-19,Active,740,8880
SUB0009602,CUST009602,2024-01-19,2025-01-19,Active,814,9768
SUB0009603,CUST009603,2024-10-22,2025-10-22,Active,984,11808
SUB0009604,CUST009604,2025-10-19,2027-10-19,Active,7486,89832
SUB0009605,CUST009605,2024-08-18,2026-08-18,Active,905,10860
SUB0009606,CUST009606,2025-10-15,2027-10-15,Pending Renewal,1347,16164
SUB0009607,CUST009607,2025-05-27,2026-05-27,Active,440,5280
SUB0009608,CUST009608,2024-11-26,2026-11-26,Active,11733,140796
SUB0009609,CUST009609,2023-07-15,2025-07-15,Active,7744,92928
SUB0009610,CUST009610,2025-09-01,2027-09-01,Active,2422,29064
SUB0009611,CUST009611,2023-08-26,2024-08-26,Active,2407,28884
SUB0009612,CUST009612,2024-11-02,2025-11-02,Pending Renewal,1447,17364
SUB0009613,CUST009613,2025-06-09,2028-06-09,Active,1883,22596
SUB0009614,CUST009614,2025-11-24,2028-11-24,Active,5509,66108
SUB0009615,CUST009615,2025-09-16,2027-09-16,Active,1353,16236
SUB0009616,CUST009616,2024-01-10,2027-01-10,Active,703,8436
SUB0009617,CUST009617,2024-04-14,2027-04-14,Active,1812,21744
SUB0009618,CUST009618,2024-04-12,2025-04-12,Active,564,6768
SUB0009619,CUST009619,2025-10-06,2027-10-06,Active,1465,17580
SUB0009620,CUST009620,2025-05-12,2028-05-12,Active,6505,78060
SUB0009621,CUST009621,2024-02-29,2025-02-28,Active,337,4044
SUB0009622,CUST009622,2023-11-20,2026-11-20,Active,895,10740
SUB0009623,CUST009623,2025-10-09,2027-10-09,Pending Renewal,460,5520
SUB0009624,CUST009624,2024-05-30,2026-05-30,Active,1242,14904
SUB0009625,CUST009625,2023-12-19,2025-12-19,Active,1546,18552
SUB0009626,CUST009626,2024-01-31,2026-01-31,Active,698,8376
SUB0009627,CUST009627,2025-04-14,2028-04-14,Active,119,1428
SUB0009628,CUST009628,2023-10-03,2024-10-03,Cancelled,724,8688
SUB0009629,CUST009629,2025-06-21,2028-06-21,Pending Renewal,7587,91044
SUB0009630,CUST009630,2025-10-25,2028-10-25,Active,1394,16728
SUB0009631,CUST009631,2023-07-18,2026-07-18,Active,809,9708
SUB0009632,CUST009632,2024-04-09,2027-04-09,Active,5174,62088
SUB0009633,CUST009633,2024-01-22,2025-01-22,Pending Renewal,4184,50208
SUB0009634,CUST009634,2024-07-13,2027-07-13,Active,13434,161208
SUB0009635,CUST009635,2023-09-05,2025-09-05,Active,7306,87672
SUB0009636,CUST009636,2024-09-05,2025-09-05,Cancelled,435,5220
SUB0009637,CUST009637,2024-04-02,2025-04-02,Pending Renewal,1114,13368
SUB0009638,CUST009638,2024-11-17,2025-11-17,Active,4347,52164
SUB0009639,CUST009639,2025-01-31,2028-01-31,Active,705,8460
SUB0009640,CUST009640,2025-11-28,2026-11-28,Active,1122,13464
SUB0009641,CUST009641,2023-10-24,2026-10-24,Active,668,8016
SUB0009642,CUST009642,2025-02-08,2026-02-08,Active,2337,28044
SUB0009643,CUST009643,2023-08-06,2024-08-06,Active,1354,16248
SUB0009644,CUST009644,2024-03-08,2027-03-08,Pending Renewal,1819,21828
SUB0009645,CUST009645,2024-08-12,2026-08-12,Pending Renewal,4807,57684
SUB0009646,CUST009646,2023-12-21,2025-12-21,Active,19289,231468
SUB0009647,CUST009647,2023-09-25,2025-09-25,Active,21625,259500
SUB0009648,CUST009648,2023-12-16,2024-12-16,Active,7600,91200
SUB0009649,CUST009649,2025-03-06,2026-03-06,Active,4908,58896
SUB0009650,CUST009650,2024-11-12,2025-11-12,Pending Renewal,4149,49788
SUB0009651,CUST009651,2023-12-06,2025-12-06,Pending Renewal,1378,16536
SUB0009652,CUST009652,2024-03-15,2027-03-15,Active,651,7812
SUB0009653,CUST009653,2025-10-15,2028-10-15,Active,17547,210564
SUB0009654,CUST009654,2023-09-19,2024-09-19,Active,3774,45288
SUB0009655,CUST009655,2024-10-20,2025-10-20,Active,6411,76932
SUB0009656,CUST009656,2025-09-27,2028-09-27,Active,4654,55848
SUB0009657,CUST009657,2025-08-14,2028-08-14,Active,297,3564
SUB0009658,CUST009658,2023-07-16,2025-07-16,Active,1677,20124
SUB0009659,CUST009659,2024-03-25,2027-03-25,Active,6944,83328
SUB0009660,CUST009660,2024-11-11,2027-11-11,Active,1517,18204
SUB0009661,CUST009661,2024-04-24,2026-04-24,Pending Renewal,1879,22548
SUB0009662,CUST009662,2025-11-27,2026-11-27,Active,24582,294984
SUB0009663,CUST009663,2024-12-30,2025-12-30,Active,1472,17664
SUB0009664,CUST009664,2025-10-24,2026-10-24,Pending Renewal,396,4752
SUB0009665,CUST009665,2025-08-31,2028-08-31,Active,228,2736
SUB0009666,CUST009666,2023-08-14,2024-08-14,Active,11430,137160
SUB0009667,CUST009667,2023-10-13,2024-10-13,Active,2988,35856
SUB0009668,CUST009668,2023-08-14,2025-08-14,Active,855,10260
SUB0009669,CUST009669,2024-02-18,2025-02-18,Active,6467,77604
SUB0009670,CUST009670,2024-10-06,2025-10-06,Active,12713,152556
SUB0009671,CUST009671,2023-07-21,2025-07-21,Active,391,4692
SUB0009672,CUST009672,2024-10-12,2025-10-12,Active,1473,17676
SUB0009673,CUST009673,2025-07-05,2026-07-05,Active,1927,23124
SUB0009674,CUST009674,2024-05-11,2026-05-11,Active,1168,14016
SUB0009675,CUST009675,2023-11-25,2024-11-25,Cancelled,3370,40440
SUB0009676,CUST009676,2023-09-27,2026-09-27,Pending Renewal,1029,12348
SUB0009677,CUST009677,2023-10-15,2026-10-15,Active,1789,21468
SUB0009678,CUST009678,2024-12-19,2026-12-19,Active,4645,55740
SUB0009679,CUST009679,2025-03-31,2026-03-31,Cancelled,1942,23304
SUB0009680,CUST009680,2023-11-12,2024-11-12,Active,3377,40524
SUB0009681,CUST009681,2025-08-06,2028-08-06,Pending Renewal,1723,20676
SUB0009682,CUST009682,2025-11-26,2026-11-26,Active,3018,36216
SUB0009683,CUST009683,2025-04-02,2027-04-02,Active,7726,92712
SUB0009684,CUST009684,2024-07-03,2027-07-03,Active,3363,40356
SUB0009685,CUST009685,2025-11-10,2027-11-10,Active,7568,90816
SUB0009686,CUST009686,2024-02-21,2025-02-21,Active,1166,13992
SUB0009687,CUST009687,2024-02-13,2027-02-13,Active,3027,36324
SUB0009688,CUST009688,2024-04-19,2025-04-19,Active,117,1404
SUB0009689,CUST009689,2023-09-21,2026-09-21,Active,1853,22236
SUB0009690,CUST009690,2025-08-28,2028-08-28,Active,12559,150708
SUB0009691,CUST009691,2024-05-18,2026-05-18,Pending Renewal,505,6060
SUB0009692,CUST009692,2025-03-11,2028-03-11,Active,7575,90900
SUB0009693,CUST009693,2024-01-06,2027-01-06,Active,187,2244
SUB0009694,CUST009694,2025-03-27,2027-03-27,Active,231,2772
SUB0009695,CUST009695,2024-10-07,2025-10-07,Active,5046,60552
SUB0009696,CUST009696,2023-09-09,2024-09-09,Active,739,8868
SUB0009697,CUST009697,2025-11-01,2026-11-01,Active,5316,63792
SUB0009698,CUST009698,2024-01-28,2026-01-28,Active,11695,140340
SUB0009699,CUST009699,2023-08-04,2025-08-04,Pending Renewal,10890,130680
SUB0009700,CUST009700,2023-09-16,2026-09-16,Active,178,2136
SUB0009701,CUST009701,2023-09-29,2024-09-29,Pending Renewal,6217,74604
SUB0009702,CUST009702,2025-07-03,2027-07-03,Pending Renewal,775,9300
SUB0009703,CUST009703,2024-01-20,2026-01-20,Active,1988,23856
SUB0009704,CUST009704,2025-04-06,2028-04-06,Pending Renewal,7308,87696
SUB0009705,CUST009705,2025-09-19,2027-09-19,Active,1394,16728
SUB0009706,CUST009706,2024-07-07,2027-07-07,Active,8526,102312
SUB0009707,CUST009707,2025-11-27,2028-11-27,Active,771,9252
SUB0009708,CUST009708,2025-02-25,2028-02-25,Active,17589,211068
SUB0009709,CUST009709,2024-01-15,2026-01-15,Active,1686,20232
SUB0009710,CUST009710,2023-07-26,2025-07-26,Active,457,5484
SUB0009711,CUST009711,2025-02-01,2026-02-01,Active,758,9096
SUB0009712,CUST009712,2025-08-18,2028-08-18,Active,7371,88452
SUB0009713,CUST009713,2024-02-01,2027-02-01,Active,6374,76488
SUB0009714,CUST009714,2024-09-11,2026-09-11,Pending Renewal,16011,192132
SUB0009715,CUST009715,2023-12-08,2025-12-08,Active,1850,22200
SUB0009716,CUST009716,2024-12-15,2026-12-15,Active,3722,44664
SUB0009717,CUST009717,2023-08-14,2024-08-14,Active,1031,12372
SUB0009718,CUST009718,2023-12-05,2026-12-05,Active,23847,286164
SUB0009719,CUST009719,2024-07-11,2027-07-11,Active,1792,21504
SUB0009720,CUST009720,2025-04-17,2027-04-17,Active,20125,241500
SUB0009721,CUST009721,2025-11-14,2027-11-14,Active,453,5436
SUB0009722,CUST009722,2025-02-17,2027-02-17,Active,3327,39924
SUB0009723,CUST009723,2025-04-04,2028-04-04,Active,1294,15528
SUB0009724,CUST009724,2023-07-31,2025-07-31,Pending Renewal,1105,13260
SUB0009725,CUST009725,2024-08-31,2026-08-31,Active,885,10620
SUB0009726,CUST009726,2025-12-24,2026-12-24,Active,793,9516
SUB0009727,CUST009727,2025-07-31,2028-07-31,Active,1563,18756
SUB0009728,CUST009728,2024-03-09,2025-03-09,Active,981,11772
SUB0009729,CUST009729,2024-03-13,2027-03-13,Active,291,3492
SUB0009730,CUST009730,2025-07-02,2028-07-02,Active,1730,20760
SUB0009731,CUST009731,2024-06-10,2026-06-10,Active,1266,15192
SUB0009732,CUST009732,2023-11-16,2026-11-16,Active,7803,93636
SUB0009733,CUST009733,2023-11-01,2026-11-01,Active,1911,22932
SUB0009734,CUST009734,2025-07-01,2027-07-01,Active,547,6564
SUB0009735,CUST009735,2024-10-11,2025-10-11,Active,7471,89652
SUB0009736,CUST009736,2025-01-06,2027-01-06,Active,10478,125736
SUB0009737,CUST009737,2024-06-19,2027-06-19,Active,1655,19860
SUB0009738,CUST009738,2024-11-08,2025-11-08,Active,5728,68736
SUB0009739,CUST009739,2024-10-23,2025-10-23,Pending Renewal,947,11364
SUB0009740,CUST009740,2024-12-22,2025-12-22,Active,7674,92088
SUB0009741,CUST009741,2023-07-17,2024-07-17,Active,5825,69900
SUB0009742,CUST009742,2024-08-19,2027-08-19,Active,5595,67140
SUB0009743,CUST009743,2024-11-05,2025-11-05,Active,18190,218280
SUB0009744,CUST009744,2023-12-10,2024-12-10,Active,401,4812
SUB0009745,CUST009745,2024-04-03,2025-04-03,Active,2457,29484
SUB0009746,CUST009746,2024-05-29,2025-05-29,Active,4102,49224
SUB0009747,CUST009747,2024-02-21,2027-02-21,Active,229,2748
SUB0009748,CUST009748,2023-11-08,2026-11-08,Active,643,7716
SUB0009749,CUST009749,2025-04-13,2028-04-13,Active,1429,17148
SUB0009750,CUST009750,2025-05-23,2026-05-23,Active,7159,85908
SUB0009751,CUST009751,2025-04-12,2026-04-12,Cancelled,1558,18696
SUB0009752,CUST009752,2024-06-04,2026-06-04,Active,214,2568
SUB0009753,CUST009753,2023-07-08,2024-07-08,Pending Renewal,4609,55308
SUB0009754,CUST009754,2023-09-04,2026-09-04,Cancelled,4326,51912
SUB0009755,CUST009755,2024-08-16,2025-08-16,Active,1875,22500
SUB0009756,CUST009756,2023-06-26,2024-06-26,Active,7884,94608
SUB0009757,CUST009757,2024-01-08,2027-01-08,Active,1711,20532
SUB0009758,CUST009758,2025-01-19,2026-01-19,Cancelled,4985,59820
SUB0009759,CUST009759,2024-12-19,2027-12-19,Active,1066,12792
SUB0009760,CUST009760,2025-08-12,2028-08-12,Active,7563,90756
SUB0009761,CUST009761,2024-11-07,2026-11-07,Active,6047,72564
SUB0009762,CUST009762,2023-09-13,2025-09-13,Pending Renewal,806,9672
SUB0009763,CUST009763,2023-12-19,2026-12-19,Active,309,3708
SUB0009764,CUST009764,2024-07-25,2025-07-25,Active,1511,18132
SUB0009765,CUST009765,2024-01-04,2027-01-04,Active,4868,58416
SUB0009766,CUST009766,2025-10-03,2026-10-03,Active,517,6204
SUB0009767,CUST009767,2024-04-16,2027-04-16,Active,891,10692
SUB0009768,CUST009768,2024-01-20,2027-01-20,Active,15471,185652
SUB0009769,CUST009769,2023-10-11,2025-10-11,Active,11705,140460
SUB0009770,CUST009770,2025-10-29,2026-10-29,Active,3416,40992
SUB0009771,CUST009771,2025-07-09,2027-07-09,Active,2425,29100
SUB0009772,CUST009772,2025-10-02,2027-10-02,Cancelled,1092,13104
SUB0009773,CUST009773,2023-09-28,2026-09-28,Active,1774,21288
SUB0009774,CUST009774,2025-09-10,2026-09-10,Active,1279,15348
SUB0009775,CUST009775,2025-12-22,2027-12-22,Active,14347,172164
SUB0009776,CUST009776,2024-01-04,2025-01-04,Active,5366,64392
SUB0009777,CUST009777,2024-11-12,2026-11-12,Active,7050,84600
SUB0009778,CUST009778,2025-05-28,2028-05-28,Pending Renewal,1051,12612
SUB0009779,CUST009779,2024-10-21,2025-10-21,Active,272,3264
SUB0009780,CUST009780,2024-03-09,2026-03-09,Active,6382,76584
SUB0009781,CUST009781,2024-10-22,2027-10-22,Active,576,6912
SUB0009782,CUST009782,2025-04-26,2027-04-26,Active,7217,86604
SUB0009783,CUST009783,2024-04-14,2026-04-14,Active,1703,20436
SUB0009784,CUST009784,2025-08-12,2027-08-12,Active,1056,12672
SUB0009785,CUST009785,2025-07-08,2028-07-08,Active,1354,16248
SUB0009786,CUST009786,2025-09-24,2028-09-24,Active,1814,21768
SUB0009787,CUST009787,2023-10-21,2026-10-21,Active,7366,88392
SUB0009788,CUST009788,2025-11-14,2027-11-14,Cancelled,4890,58680
SUB0009789,CUST009789,2023-07-15,2025-07-15,Active,1725,20700
SUB0009790,CUST009790,2024-04-07,2026-04-07,Active,1960,23520
SUB0009791,CUST009791,2024-07-10,2026-07-10,Cancelled,6228,74736
SUB0009792,CUST009792,2023-06-30,2025-06-30,Active,14667,176004
SUB0009793,CUST009793,2025-11-25,2027-11-25,Active,11230,134760
SUB0009794,CUST009794,2025-10-17,2027-10-17,Pending Renewal,744,8928
SUB0009795,CUST009795,2024-05-06,2025-05-06,Active,7759,93108
SUB0009796,CUST009796,2024-04-01,2026-04-01,Active,799,9588
SUB0009797,CUST009797,2024-06-20,2025-06-20,Active,3147,37764
SUB0009798,CUST009798,2025-03-01,2026-03-01,Active,1798,21576
SUB0009799,CUST009799,2024-11-24,2026-11-24,Active,24032,288384
SUB0009800,CUST009800,2024-07-19,2027-07-19,Pending Renewal,4818,57816
SUB0009801,CUST009801,2024-11-07,2025-11-07,Active,294,3528
SUB0009802,CUST009802,2023-11-17,2026-11-17,Active,7328,87936
SUB0009803,CUST009803,2025-11-21,2027-11-21,Active,642,7704
SUB0009804,CUST009804,2023-09-20,2024-09-20,Active,20093,241116
SUB0009805,CUST009805,2023-12-13,2025-12-13,Active,1556,18672
SUB0009806,CUST009806,2025-08-25,2026-08-25,Active,801,9612
SUB0009807,CUST009807,2023-10-29,2024-10-29,Active,1971,23652
SUB0009808,CUST009808,2025-04-24,2028-04-24,Active,9978,119736
SUB0009809,CUST009809,2025-04-08,2027-04-08,Active,21593,259116
SUB0009810,CUST009810,2023-12-31,2025-12-31,Active,4683,56196
SUB0009811,CUST009811,2024-12-21,2025-12-21,Active,1930,23160
SUB0009812,CUST009812,2024-07-09,2026-07-09,Active,4646,55752
SUB0009813,CUST009813,2024-08-04,2026-08-04,Active,9675,116100
SUB0009814,CUST009814,2023-08-24,2026-08-24,Pending Renewal,9639,115668
SUB0009815,CUST009815,2024-01-26,2027-01-26,Active,480,5760
SUB0009816,CUST009816,2023-10-13,2026-10-13,Active,7410,88920
SUB0009817,CUST009817,2024-05-01,2027-05-01,Active,473,5676
SUB0009818,CUST009818,2025-07-31,2026-07-31,Active,1818,21816
SUB0009819,CUST009819,2025-01-07,2026-01-07,Active,1048,12576
SUB0009820,CUST009820,2023-06-28,2025-06-28,Active,6037,72444
SUB0009821,CUST009821,2024-01-26,2026-01-26,Active,8590,103080
SUB0009822,CUST009822,2025-02-27,2026-02-27,Active,1361,16332
SUB0009823,CUST009823,2024-01-09,2026-01-09,Active,1832,21984
SUB0009824,CUST009824,2025-07-21,2026-07-21,Active,14140,169680
SUB0009825,CUST009825,2025-08-25,2028-08-25,Active,298,3576
SUB0009826,CUST009826,2024-11-23,2027-11-23,Active,3038,36456
SUB0009827,CUST009827,2023-09-28,2026-09-28,Active,247,2964
SUB0009828,CUST009828,2025-10-27,2027-10-27,Active,2938,35256
SUB0009829,CUST009829,2023-10-25,2025-10-25,Cancelled,844,10128
SUB0009830,CUST009830,2025-07-17,2027-07-17,Active,17421,209052
SUB0009831,CUST009831,2023-12-24,2024-12-24,Active,915,10980
SUB0009832,CUST009832,2024-04-05,2027-04-05,Active,274,3288
SUB0009833,CUST009833,2023-10-06,2025-10-06,Active,848,10176
SUB0009834,CUST009834,2023-10-25,2025-10-25,Active,5418,65016
SUB0009835,CUST009835,2024-01-02,2025-01-02,Active,1820,21840
SUB0009836,CUST009836,2025-11-07,2027-11-07,Active,1485,17820
SUB0009837,CUST009837,2025-04-12,2026-04-12,Active,19281,231372
SUB0009838,CUST009838,2025-01-15,2027-01-15,Active,16310,195720
SUB0009839,CUST009839,2023-12-24,2025-12-24,Pending Renewal,1874,22488
SUB0009840,CUST009840,2024-10-13,2027-10-13,Active,979,11748
SUB0009841,CUST009841,2023-08-13,2025-08-13,Pending Renewal,8533,102396
SUB0009842,CUST009842,2024-04-12,2026-04-12,Active,7959,95508
SUB0009843,CUST009843,2025-01-10,2027-01-10,Active,3346,40152
SUB0009844,CUST009844,2025-04-21,2027-04-21,Active,13906,166872
SUB0009845,CUST009845,2025-10-10,2026-10-10,Cancelled,1569,18828
SUB0009846,CUST009846,2025-12-09,2028-12-09,Active,1565,18780
SUB0009847,CUST009847,2025-03-20,2026-03-20,Pending Renewal,4241,50892
SUB0009848,CUST009848,2023-07-16,2024-07-16,Active,772,9264
SUB0009849,CUST009849,2024-03-01,2026-03-01,Active,338,4056
SUB0009850,CUST009850,2025-08-30,2026-08-30,Active,1588,19056
SUB0009851,CUST009851,2024-07-31,2027-07-31,Active,1326,15912
SUB0009852,CUST009852,2024-10-29,2027-10-29,Active,11043,132516
SUB0009853,CUST009853,2025-01-08,2027-01-08,Active,1514,18168
SUB0009854,CUST009854,2025-12-21,2027-12-21,Active,13174,158088
SUB0009855,CUST009855,2025-01-31,2028-01-31,Active,1613,19356
SUB0009856,CUST009856,2024-05-01,2025-05-01,Active,3148,37776
SUB0009857,CUST009857,2025-04-13,2026-04-13,Active,1929,23148
SUB0009858,CUST009858,2024-03-01,2025-03-01,Active,585,7020
SUB0009859,CUST009859,2024-04-24,2025-04-24,Active,7676,92112
SUB0009860,CUST009860,2025-09-29,2027-09-29,Active,1161,13932
SUB0009861,CUST009861,2024-01-18,2027-01-18,Active,1283,15396
SUB0009862,CUST009862,2024-08-02,2025-08-02,Pending Renewal,551,6612
SUB0009863,CUST009863,2025-06-22,2026-06-22,Active,1051,12612
SUB0009864,CUST009864,2024-12-18,2026-12-18,Active,4377,52524
SUB0009865,CUST009865,2024-09-16,2027-09-16,Active,1554,18648
SUB0009866,CUST009866,2024-06-09,2026-06-09,Active,2540,30480
SUB0009867,CUST009867,2024-01-29,2027-01-29,Active,320,3840
SUB0009868,CUST009868,2025-09-17,2026-09-17,Active,13285,159420
SUB0009869,CUST009869,2023-10-17,2025-10-17,Cancelled,2423,29076
SUB0009870,CUST009870,2025-10-11,2028-10-11,Active,730,8760
SUB0009871,CUST009871,2023-12-12,2025-12-12,Active,4900,58800
SUB0009872,CUST009872,2023-07-07,2024-07-07,Active,1298,15576
SUB0009873,CUST009873,2025-10-04,2026-10-04,Active,2109,25308
SUB0009874,CUST009874,2023-07-06,2024-07-06,Pending Renewal,867,10404
SUB0009875,CUST009875,2025-10-11,2027-10-11,Pending Renewal,1960,23520
SUB0009876,CUST009876,2023-10-19,2026-10-19,Active,4401,52812
SUB0009877,CUST009877,2025-03-14,2028-03-14,Active,351,4212
SUB0009878,CUST009878,2025-04-19,2028-04-19,Active,470,5640
SUB0009879,CUST009879,2025-03-06,2027-03-06,Active,12479,149748
SUB0009880,CUST009880,2023-12-22,2025-12-22,Active,20387,244644
SUB0009881,CUST009881,2024-05-12,2025-05-12,Active,6625,79500
SUB0009882,CUST009882,2024-01-16,2026-01-16,Cancelled,7804,93648
SUB0009883,CUST009883,2023-11-10,2026-11-10,Active,1076,12912
SUB0009884,CUST009884,2024-02-28,2026-02-28,Active,858,10296
SUB0009885,CUST009885,2024-02-01,2027-02-01,Active,6400,76800
SUB0009886,CUST009886,2023-08-07,2026-08-07,Active,10754,129048
SUB0009887,CUST009887,2023-08-02,2026-08-02,Active,4010,48120
SUB0009888,CUST009888,2024-06-10,2027-06-10,Active,1483,17796
SUB0009889,CUST009889,2023-11-03,2026-11-03,Active,244,2928
SUB0009890,CUST009890,2024-12-25,2027-12-25,Pending Renewal,4725,56700
SUB0009891,CUST009891,2024-12-27,2027-12-27,Active,3643,43716
SUB0009892,CUST009892,2023-10-12,2026-10-12,Active,1506,18072
SUB0009893,CUST009893,2025-07-03,2027-07-03,Pending Renewal,706,8472
SUB0009894,CUST009894,2025-04-05,2028-04-05,Active,6979,83748
SUB0009895,CUST009895,2025-04-01,2026-04-01,Active,1347,16164
SUB0009896,CUST009896,2024-02-08,2025-02-08,Active,7373,88476
SUB0009897,CUST009897,2024-12-12,2025-12-12,Active,1212,14544
SUB0009898,CUST009898,2023-12-10,2026-12-10,Active,157,1884
SUB0009899,CUST009899,2025-07-11,2027-07-11,Active,7942,95304
SUB0009900,CUST009900,2025-07-22,2026-07-22,Active,602,7224
SUB0009901,CUST009901,2025-01-19,2027-01-19,Active,1527,18324
SUB0009902,CUST009902,2024-03-14,2026-03-14,Active,403,4836
SUB0009903,CUST009903,2024-10-18,2027-10-18,Active,944,11328
SUB0009904,CUST009904,2023-08-22,2025-08-22,Pending Renewal,5700,68400
SUB0009905,CUST009905,2024-01-16,2027-01-16,Active,1503,18036
SUB0009906,CUST009906,2025-08-07,2027-08-07,Active,4268,51216
SUB0009907,CUST009907,2024-04-05,2025-04-05,Active,1126,13512
SUB0009908,CUST009908,2024-01-25,2026-01-25,Active,3119,37428
SUB0009909,CUST009909,2023-07-05,2024-07-05,Active,2980,35760
SUB0009910,CUST009910,2025-11-19,2028-11-19,Active,20307,243684
SUB0009911,CUST009911,2025-06-01,2026-06-01,Cancelled,5216,62592
SUB0009912,CUST009912,2023-07-26,2026-07-26,Active,3586,43032
SUB0009913,CUST009913,2023-10-05,2025-10-05,Active,1513,18156
SUB0009914,CUST009914,2023-11-16,2025-11-16,Active,3688,44256
SUB0009915,CUST009915,2023-09-04,2025-09-04,Pending Renewal,725,8700
SUB0009916,CUST009916,2024-09-01,2026-09-01,Cancelled,1222,14664
SUB0009917,CUST009917,2025-02-25,2027-02-25,Active,7154,85848
SUB0009918,CUST009918,2025-09-30,2028-09-30,Active,589,7068
SUB0009919,CUST009919,2023-09-22,2025-09-22,Active,20076,240912
SUB0009920,CUST009920,2023-12-21,2025-12-21,Active,6051,72612
SUB0009921,CUST009921,2025-09-13,2028-09-13,Active,6633,79596
SUB0009922,CUST009922,2023-09-09,2026-09-09,Active,5269,63228
SUB0009923,CUST009923,2025-02-09,2026-02-09,Active,11136,133632
SUB0009924,CUST009924,2025-01-17,2028-01-17,Active,311,3732
SUB0009925,CUST009925,2023-12-22,2025-12-22,Pending Renewal,924,11088
SUB0009926,CUST009926,2024-03-07,2025-03-07,Active,7151,85812
SUB0009927,CUST009927,2024-11-15,2027-11-15,Active,10596,127152
SUB0009928,CUST009928,2023-11-23,2026-11-23,Active,938,11256
SUB0009929,CUST009929,2025-11-11,2026-11-11,Pending Renewal,1926,23112
SUB0009930,CUST009930,2025-10-13,2027-10-13,Active,2832,33984
SUB0009931,CUST009931,2024-11-08,2027-11-08,Active,998,11976
SUB0009932,CUST009932,2025-11-25,2028-11-25,Pending Renewal,1891,22692
SUB0009933,CUST009933,2025-02-21,2026-02-21,Active,1795,21540
SUB0009934,CUST009934,2023-10-27,2026-10-27,Active,551,6612
SUB0009935,CUST009935,2024-12-16,2027-12-16,Active,8963,107556
SUB0009936,CUST009936,2023-11-04,2026-11-04,Pending Renewal,920,11040
SUB0009937,CUST009937,2023-08-05,2024-08-05,Cancelled,1702,20424
SUB0009938,CUST009938,2023-11-01,2025-11-01,Active,4090,49080
SUB0009939,CUST009939,2024-02-01,2025-02-01,Active,1060,12720
SUB0009940,CUST009940,2025-09-05,2028-09-05,Active,5154,61848
SUB0009941,CUST009941,2023-09-24,2025-09-24,Active,3728,44736
SUB0009942,CUST009942,2025-03-02,2027-03-02,Active,6736,80832
SUB0009943,CUST009943,2023-10-21,2024-10-21,Active,9762,117144
SUB0009944,CUST009944,2025-07-24,2027-07-24,Active,13143,157716
SUB0009945,CUST009945,2023-07-03,2024-07-03,Active,1001,12012
SUB0009946,CUST009946,2023-08-28,2024-08-28,Active,820,9840
SUB0009947,CUST009947,2025-08-10,2028-08-10,Active,1320,15840
SUB0009948,CUST009948,2025-11-30,2028-11-30,Active,1563,18756
SUB0009949,CUST009949,2023-07-07,2025-07-07,Active,4382,52584
SUB0009950,CUST009950,2025-01-27,2028-01-27,Active,463,5556
SUB0009951,CUST009951,2025-02-08,2028-02-08,Active,3592,43104
SUB0009952,CUST009952,2023-07-12,2026-07-12,Active,5110,61320
SUB0009953,CUST009953,2025-09-25,2026-09-25,Active,5074,60888
SUB0009954,CUST009954,2024-01-15,2026-01-15,Active,13772,165264
SUB0009955,CUST009955,2025-02-10,2026-02-10,Pending Renewal,125,1500
SUB0009956,CUST009956,2024-01-29,2027-01-29,Active,17754,213048
SUB0009957,CUST009957,2024-12-12,2027-12-12,Pending Renewal,23600,283200
SUB0009958,CUST009958,2024-07-07,2025-07-07,Active,6350,76200
SUB0009959,CUST009959,2023-08-22,2026-08-22,Active,5165,61980
SUB0009960,CUST009960,2024-09-02,2025-09-02,Cancelled,5738,68856
SUB0009961,CUST009961,2023-09-11,2025-09-11,Active,6600,79200
SUB0009962,CUST009962,2023-09-01,2025-09-01,Active,604,7248
SUB0009963,CUST009963,2024-12-22,2027-12-22,Pending Renewal,3814,45768
SUB0009964,CUST009964,2024-09-18,2027-09-18,Active,754,9048
SUB0009965,CUST009965,2024-08-10,2025-08-10,Active,280,3360
SUB0009966,CUST009966,2025-12-13,2027-12-13,Active,1069,12828
SUB0009967,CUST009967,2025-08-23,2027-08-23,Active,2304,27648
SUB0009968,CUST009968,2024-06-07,2025-06-07,Active,7176,86112
SUB0009969,CUST009969,2024-02-17,2027-02-17,Active,3519,42228
SUB0009970,CUST009970,2024-08-13,2027-08-13,Active,286,3432
SUB0009971,CUST009971,2025-08-02,2028-08-02,Active,599,7188
SUB0009972,CUST009972,2025-12-13,2027-12-13,Active,4433,53196
SUB0009973,CUST009973,2024-06-24,2026-06-24,Active,16317,195804
SUB0009974,CUST009974,2025-10-22,2026-10-22,Active,5671,68052
SUB0009975,CUST009975,2025-06-28,2027-06-28,Cancelled,22389,268668
SUB0009976,CUST009976,2025-01-13,2027-01-13,Active,1827,21924
SUB0009977,CUST009977,2025-11-15,2027-11-15,Active,24921,299052
SUB0009978,CUST009978,2024-09-01,2026-09-01,Active,15398,184776
SUB0009979,CUST009979,2025-03-17,2026-03-17,Active,1161,13932
SUB0009980,CUST009980,2024-09-05,2026-09-05,Active,4945,59340
SUB0009981,CUST009981,2023-07-27,2025-07-27,Active,7818,93816
SUB0009982,CUST009982,2025-06-29,2026-06-29,Active,597,7164
SUB0009983,CUST009983,2025-03-08,2027-03-08,Active,6523,78276
SUB0009984,CUST009984,2024-09-28,2026-09-28,Cancelled,1343,16116
SUB0009985,CUST009985,2024-08-24,2025-08-24,Active,22991,275892
SUB0009986,CUST009986,2025-02-09,2028-02-09,Cancelled,1274,15288
SUB0009987,CUST009987,2024-09-06,2027-09-06,Active,5150,61800
SUB0009988,CUST009988,2023-08-02,2024-08-02,Active,13541,162492
SUB0009989,CUST009989,2025-09-21,2026-09-21,Active,2341,28092
SUB0009990,CUST009990,2024-02-22,2026-02-22,Active,17170,206040
SUB0009991,CUST009991,2025-05-31,2027-05-31,Active,960,11520
SUB0009992,CUST009992,2025-06-25,2028-06-25,Active,2059,24708
SUB0009993,CUST009993,2024-10-06,2027-10-06,Pending Renewal,640,7680
SUB0009994,CUST009994,2024-10-06,2027-10-06,Active,3308,39696
SUB0009995,CUST009995,2025-11-11,2028-11-11,Active,1815,21780
SUB0009996,CUST009996,2023-08-31,2024-08-31,Pending Renewal,339,4068
SUB0009997,CUST009997,2024-05-25,2026-05-25,Active,947,11364
SUB0009998,CUST009998,2025-03-18,2026-03-18,Active,6761,81132
SUB0009999,CUST009999,2025-04-14,2027-04-14,Active,6885,82620
SUB0010000,CUST010000,2025-01-28,2028-01-28,Active,323,3876
SUB0010001,CUST010001,2025-11-23,2028-11-23,Active,1838,22056
SUB0010002,CUST010002,2024-04-03,2026-04-03,Active,2422,29064
SUB0010003,CUST010003,2023-08-14,2026-08-14,Active,7116,85392
SUB0010004,CUST010004,2024-04-11,2025-04-11,Pending Renewal,7775,93300
SUB0010005,CUST010005,2025-11-04,2028-11-04,Pending Renewal,19550,234600
SUB0010006,CUST010006,2023-10-24,2025-10-24,Active,6492,77904
SUB0010007,CUST010007,2025-12-11,2027-12-11,Active,1889,22668
SUB0010008,CUST010008,2023-09-11,2026-09-11,Active,16665,199980
SUB0010009,CUST010009,2025-06-02,2027-06-02,Active,24564,294768
SUB0010010,CUST010010,2023-07-14,2025-07-14,Active,14793,177516
SUB0010011,CUST010011,2025-06-21,2027-06-21,Pending Renewal,18624,223488
SUB0010012,CUST010012,2025-11-15,2026-11-15,Active,1379,16548
SUB0010013,CUST010013,2024-12-06,2025-12-06,Active,1712,20544
SUB0010014,CUST010014,2023-09-17,2024-09-17,Active,3142,37704
SUB0010015,CUST010015,2023-10-07,2025-10-07,Active,7785,93420
SUB0010016,CUST010016,2023-10-27,2024-10-27,Pending Renewal,212,2544
SUB0010017,CUST010017,2024-05-29,2026-05-29,Active,6724,80688
SUB0010018,CUST010018,2023-10-27,2025-10-27,Active,7994,95928
SUB0010019,CUST010019,2023-08-12,2025-08-12,Active,2223,26676
SUB0010020,CUST010020,2024-10-19,2025-10-19,Active,2343,28116
SUB0010021,CUST010021,2024-12-23,2026-12-23,Active,286,3432
SUB0010022,CUST010022,2025-01-15,2026-01-15,Active,15168,182016
SUB0010023,CUST010023,2023-07-02,2026-07-02,Active,921,11052
SUB0010024,CUST010024,2024-09-30,2025-09-30,Active,8207,98484
SUB0010025,CUST010025,2025-06-23,2026-06-23,Active,7582,90984
SUB0010026,CUST010026,2025-11-26,2028-11-26,Cancelled,7583,90996
SUB0010027,CUST010027,2024-07-20,2025-07-20,Active,4088,49056
SUB0010028,CUST010028,2024-05-06,2027-05-06,Active,930,11160
SUB0010029,CUST010029,2025-07-20,2027-07-20,Active,1071,12852
SUB0010030,CUST010030,2024-06-12,2025-06-12,Active,684,8208
SUB0010031,CUST010031,2024-11-09,2025-11-09,Pending Renewal,899,10788
SUB0010032,CUST010032,2024-08-15,2026-08-15,Active,1183,14196
SUB0010033,CUST010033,2024-07-09,2026-07-09,Active,8173,98076
SUB0010034,CUST010034,2025-04-01,2028-04-01,Active,1829,21948
SUB0010035,CUST010035,2025-04-18,2026-04-18,Active,7561,90732
SUB0010036,CUST010036,2024-06-22,2026-06-22,Pending Renewal,634,7608
SUB0010037,CUST010037,2024-09-01,2027-09-01,Active,1279,15348
SUB0010038,CUST010038,2023-08-05,2026-08-05,Active,963,11556
SUB0010039,CUST010039,2024-10-03,2026-10-03,Active,6591,79092
SUB0010040,CUST010040,2025-04-13,2027-04-13,Active,5153,61836
SUB0010041,CUST010041,2024-01-20,2026-01-20,Active,20967,251604
SUB0010042,CUST010042,2025-03-02,2026-03-02,Active,6813,81756
SUB0010043,CUST010043,2025-11-18,2027-11-18,Cancelled,1358,16296
SUB0010044,CUST010044,2023-12-25,2026-12-25,Active,1009,12108
SUB0010045,CUST010045,2025-01-25,2028-01-25,Active,1959,23508
SUB0010046,CUST010046,2023-12-23,2024-12-23,Cancelled,24791,297492
SUB0010047,CUST010047,2023-11-21,2026-11-21,Active,184,2208
SUB0010048,CUST010048,2023-10-05,2024-10-05,Active,7851,94212
SUB0010049,CUST010049,2025-11-22,2026-11-22,Active,1653,19836
SUB0010050,CUST010050,2025-06-30,2028-06-30,Active,18451,221412
SUB0010051,CUST010051,2024-09-07,2026-09-07,Active,1852,22224
SUB0010052,CUST010052,2023-12-18,2024-12-18,Active,14092,169104
SUB0010053,CUST010053,2025-06-06,2027-06-06,Active,302,3624
SUB0010054,CUST010054,2023-12-06,2025-12-06,Active,9537,114444
SUB0010055,CUST010055,2023-07-01,2024-07-01,Active,1369,16428
SUB0010056,CUST010056,2025-02-11,2026-02-11,Active,6935,83220
SUB0010057,CUST010057,2023-12-18,2024-12-18,Active,6917,83004
SUB0010058,CUST010058,2024-03-16,2025-03-16,Active,1157,13884
SUB0010059,CUST010059,2025-12-24,2026-12-24,Active,1557,18684
SUB0010060,CUST010060,2024-03-23,2027-03-23,Active,4842,58104
SUB0010061,CUST010061,2024-08-02,2026-08-02,Active,19479,233748
SUB0010062,CUST010062,2025-04-29,2026-04-29,Active,1365,16380
SUB0010063,CUST010063,2025-02-26,2026-02-26,Active,124,1488
SUB0010064,CUST010064,2024-11-18,2025-11-18,Active,19347,232164
SUB0010065,CUST010065,2024-05-01,2025-05-01,Active,1016,12192
SUB0010066,CUST010066,2024-04-26,2026-04-26,Active,7786,93432
SUB0010067,CUST010067,2025-09-10,2027-09-10,Active,6375,76500
SUB0010068,CUST010068,2023-08-13,2026-08-13,Pending Renewal,4841,58092
SUB0010069,CUST010069,2025-10-13,2026-10-13,Active,4972,59664
SUB0010070,CUST010070,2024-11-08,2027-11-08,Active,6973,83676
SUB0010071,CUST010071,2023-08-15,2025-08-15,Active,7883,94596
SUB0010072,CUST010072,2023-08-19,2025-08-19,Active,972,11664
SUB0010073,CUST010073,2024-03-17,2026-03-17,Pending Renewal,12100,145200
SUB0010074,CUST010074,2024-05-17,2026-05-17,Active,1670,20040
SUB0010075,CUST010075,2024-06-22,2027-06-22,Active,280,3360
SUB0010076,CUST010076,2024-04-28,2026-04-28,Active,1006,12072
SUB0010077,CUST010077,2023-12-22,2025-12-22,Active,4691,56292
SUB0010078,CUST010078,2023-09-21,2025-09-21,Pending Renewal,714,8568
SUB0010079,CUST010079,2025-03-09,2026-03-09,Active,2422,29064
SUB0010080,CUST010080,2024-02-13,2025-02-13,Active,160,1920
SUB0010081,CUST010081,2024-12-09,2026-12-09,Active,561,6732
SUB0010082,CUST010082,2024-01-31,2026-01-31,Active,1653,19836
SUB0010083,CUST010083,2023-10-11,2025-10-11,Active,13258,159096
SUB0010084,CUST010084,2025-10-23,2028-10-23,Active,1723,20676
SUB0010085,CUST010085,2023-09-26,2026-09-26,Active,1222,14664
SUB0010086,CUST010086,2025-06-06,2027-06-06,Active,5234,62808
SUB0010087,CUST010087,2025-10-13,2026-10-13,Active,6034,72408
SUB0010088,CUST010088,2024-08-20,2025-08-20,Active,1665,19980
SUB0010089,CUST010089,2025-07-05,2026-07-05,Active,1914,22968
SUB0010090,CUST010090,2025-11-29,2026-11-29,Pending Renewal,6483,77796
SUB0010091,CUST010091,2024-10-22,2026-10-22,Active,1913,22956
SUB0010092,CUST010092,2025-12-05,2027-12-05,Active,1586,19032
SUB0010093,CUST010093,2025-01-26,2027-01-26,Active,1271,15252
SUB0010094,CUST010094,2024-01-15,2025-01-15,Active,2025,24300
SUB0010095,CUST010095,2025-09-11,2028-09-11,Active,3442,41304
SUB0010096,CUST010096,2024-10-11,2026-10-11,Active,4224,50688
SUB0010097,CUST010097,2025-04-03,2027-04-03,Active,1765,21180
SUB0010098,CUST010098,2024-04-27,2025-04-27,Active,681,8172
SUB0010099,CUST010099,2024-03-18,2026-03-18,Active,3999,47988
SUB0010100,CUST010100,2024-08-09,2026-08-09,Active,3604,43248
SUB0010101,CUST010101,2024-12-25,2025-12-25,Active,148,1776
SUB0010102,CUST010102,2025-08-27,2027-08-27,Active,661,7932
SUB0010103,CUST010103,2023-07-01,2026-07-01,Active,4784,57408
SUB0010104,CUST010104,2023-07-27,2024-07-27,Active,6200,74400
SUB0010105,CUST010105,2024-02-14,2026-02-14,Cancelled,16173,194076
SUB0010106,CUST010106,2024-12-25,2026-12-25,Pending Renewal,3790,45480
SUB0010107,CUST010107,2024-10-25,2027-10-25,Active,3363,40356
SUB0010108,CUST010108,2025-05-27,2027-05-27,Active,3888,46656
SUB0010109,CUST010109,2025-12-18,2026-12-18,Active,7390,88680
SUB0010110,CUST010110,2025-02-08,2028-02-08,Active,737,8844
SUB0010111,CUST010111,2025-06-05,2028-06-05,Pending Renewal,5199,62388
SUB0010112,CUST010112,2024-02-16,2027-02-16,Active,12573,150876
SUB0010113,CUST010113,2025-07-01,2028-07-01,Active,738,8856
SUB0010114,CUST010114,2024-06-19,2025-06-19,Pending Renewal,6698,80376
SUB0010115,CUST010115,2025-09-23,2028-09-23,Active,690,8280
SUB0010116,CUST010116,2024-02-14,2027-02-14,Pending Renewal,9446,113352
SUB0010117,CUST010117,2025-05-22,2028-05-22,Active,1026,12312
SUB0010118,CUST010118,2025-07-22,2027-07-22,Active,14738,176856
SUB0010119,CUST010119,2024-12-29,2025-12-29,Active,7017,84204
SUB0010120,CUST010120,2025-05-14,2026-05-14,Active,121,1452
SUB0010121,CUST010121,2025-12-07,2028-12-07,Active,2834,34008
SUB0010122,CUST010122,2023-09-28,2026-09-28,Active,17276,207312
SUB0010123,CUST010123,2024-12-25,2025-12-25,Active,2027,24324
SUB0010124,CUST010124,2024-07-28,2025-07-28,Active,481,5772
SUB0010125,CUST010125,2023-08-14,2025-08-14,Active,23813,285756
SUB0010126,CUST010126,2024-04-30,2025-04-30,Active,6888,82656
SUB0010127,CUST010127,2025-06-14,2027-06-14,Active,465,5580
SUB0010128,CUST010128,2023-08-26,2024-08-26,Active,1700,20400
SUB0010129,CUST010129,2025-01-29,2026-01-29,Active,15364,184368
SUB0010130,CUST010130,2023-07-07,2025-07-07,Active,1169,14028
SUB0010131,CUST010131,2023-09-04,2025-09-04,Active,3706,44472
SUB0010132,CUST010132,2023-10-16,2024-10-16,Active,15626,187512
SUB0010133,CUST010133,2024-12-02,2025-12-02,Active,2559,30708
SUB0010134,CUST010134,2023-07-30,2025-07-30,Active,1131,13572
SUB0010135,CUST010135,2024-11-13,2025-11-13,Active,1960,23520
SUB0010136,CUST010136,2023-08-27,2026-08-27,Active,801,9612
SUB0010137,CUST010137,2024-07-25,2027-07-25,Active,1378,16536
SUB0010138,CUST010138,2024-07-18,2026-07-18,Active,542,6504
SUB0010139,CUST010139,2025-07-16,2027-07-16,Pending Renewal,4822,57864
SUB0010140,CUST010140,2025-04-29,2027-04-29,Active,15739,188868
SUB0010141,CUST010141,2023-10-02,2024-10-02,Active,1568,18816
SUB0010142,CUST010142,2024-03-07,2026-03-07,Active,3659,43908
SUB0010143,CUST010143,2024-03-27,2026-03-27,Active,1867,22404
SUB0010144,CUST010144,2024-10-07,2027-10-07,Active,3003,36036
SUB0010145,CUST010145,2024-07-03,2026-07-03,Active,5182,62184
SUB0010146,CUST010146,2023-08-25,2024-08-25,Active,172,2064
SUB0010147,CUST010147,2023-10-24,2025-10-24,Active,1962,23544
SUB0010148,CUST010148,2025-10-28,2026-10-28,Cancelled,1856,22272
SUB0010149,CUST010149,2025-06-04,2028-06-04,Active,4383,52596
SUB0010150,CUST010150,2024-01-17,2025-01-17,Active,7553,90636
SUB0010151,CUST010151,2025-06-04,2026-06-04,Pending Renewal,829,9948
SUB0010152,CUST010152,2025-04-29,2026-04-29,Active,314,3768
SUB0010153,CUST010153,2024-07-17,2026-07-17,Active,4176,50112
SUB0010154,CUST010154,2025-08-21,2026-08-21,Pending Renewal,1555,18660
SUB0010155,CUST010155,2024-09-07,2026-09-07,Active,15790,189480
SUB0010156,CUST010156,2024-06-13,2027-06-13,Cancelled,9002,108024
SUB0010157,CUST010157,2023-12-01,2024-12-01,Active,2964,35568
SUB0010158,CUST010158,2023-10-20,2025-10-20,Pending Renewal,19053,228636
SUB0010159,CUST010159,2025-07-21,2026-07-21,Active,866,10392
SUB0010160,CUST010160,2024-06-07,2025-06-07,Active,8612,103344
SUB0010161,CUST010161,2025-05-27,2028-05-27,Active,4652,55824
SUB0010162,CUST010162,2024-05-21,2026-05-21,Active,1056,12672
SUB0010163,CUST010163,2024-02-21,2027-02-21,Active,2254,27048
SUB0010164,CUST010164,2024-12-30,2026-12-30,Active,7103,85236
SUB0010165,CUST010165,2024-06-18,2025-06-18,Active,1826,21912
SUB0010166,CUST010166,2024-09-21,2025-09-21,Active,2611,31332
SUB0010167,CUST010167,2025-10-03,2028-10-03,Active,7217,86604
SUB0010168,CUST010168,2024-10-22,2027-10-22,Active,1079,12948
SUB0010169,CUST010169,2024-04-15,2026-04-15,Active,21956,263472
SUB0010170,CUST010170,2024-06-17,2026-06-17,Active,3820,45840
SUB0010171,CUST010171,2025-02-03,2028-02-03,Active,10959,131508
SUB0010172,CUST010172,2024-07-21,2025-07-21,Active,6041,72492
SUB0010173,CUST010173,2025-11-14,2027-11-14,Active,848,10176
SUB0010174,CUST010174,2025-10-25,2026-10-25,Cancelled,248,2976
SUB0010175,CUST010175,2025-07-29,2026-07-29,Active,1409,16908
SUB0010176,CUST010176,2023-09-11,2026-09-11,Pending Renewal,16930,203160
SUB0010177,CUST010177,2025-11-21,2028-11-21,Active,9018,108216
SUB0010178,CUST010178,2024-07-20,2026-07-20,Active,1332,15984
SUB0010179,CUST010179,2024-04-11,2027-04-11,Active,8088,97056
SUB0010180,CUST010180,2025-09-10,2028-09-10,Active,1268,15216
SUB0010181,CUST010181,2024-01-19,2027-01-19,Active,853,10236
SUB0010182,CUST010182,2024-09-30,2026-09-30,Active,150,1800
SUB0010183,CUST010183,2025-09-26,2027-09-26,Active,1744,20928
SUB0010184,CUST010184,2025-02-15,2027-02-15,Active,7053,84636
SUB0010185,CUST010185,2023-09-27,2025-09-27,Active,1178,14136
SUB0010186,CUST010186,2025-11-30,2027-11-30,Active,1999,23988
SUB0010187,CUST010187,2024-09-06,2025-09-06,Active,17714,212568
SUB0010188,CUST010188,2025-12-15,2027-12-15,Pending Renewal,4207,50484
SUB0010189,CUST010189,2023-09-23,2024-09-23,Active,22030,264360
SUB0010190,CUST010190,2023-10-07,2025-10-07,Pending Renewal,12420,149040
SUB0010191,CUST010191,2025-01-11,2027-01-11,Active,527,6324
SUB0010192,CUST010192,2023-07-15,2025-07-15,Cancelled,1216,14592
SUB0010193,CUST010193,2024-01-06,2027-01-06,Active,365,4380
SUB0010194,CUST010194,2024-10-02,2027-10-02,Active,1947,23364
SUB0010195,CUST010195,2025-09-17,2026-09-17,Active,6085,73020
SUB0010196,CUST010196,2024-10-07,2026-10-07,Active,20184,242208
SUB0010197,CUST010197,2024-06-06,2026-06-06,Active,1216,14592
SUB0010198,CUST010198,2025-05-19,2026-05-19,Active,15765,189180
SUB0010199,CUST010199,2025-04-28,2026-04-28,Active,13272,159264
SUB0010200,CUST010200,2024-09-11,2026-09-11,Active,945,11340
SUB0010201,CUST010201,2024-07-29,2025-07-29,Active,1899,22788
SUB0010202,CUST010202,2023-12-28,2026-12-28,Active,5891,70692
SUB0010203,CUST010203,2023-10-11,2024-10-11,Cancelled,6830,81960
SUB0010204,CUST010204,2025-10-03,2028-10-03,Active,2552,30624
SUB0010205,CUST010205,2025-05-16,2027-05-16,Active,8758,105096
SUB0010206,CUST010206,2024-11-08,2026-11-08,Active,938,11256
SUB0010207,CUST010207,2025-01-28,2028-01-28,Active,578,6936
SUB0010208,CUST010208,2025-10-17,2027-10-17,Active,624,7488
SUB0010209,CUST010209,2024-07-31,2025-07-31,Active,14950,179400
SUB0010210,CUST010210,2023-11-02,2025-11-02,Active,1385,16620
SUB0010211,CUST010211,2025-11-24,2028-11-24,Active,854,10248
SUB0010212,CUST010212,2024-02-25,2026-02-25,Active,6614,79368
SUB0010213,CUST010213,2025-11-23,2027-11-23,Active,3663,43956
SUB0010214,CUST010214,2025-02-06,2027-02-06,Active,18300,219600
SUB0010215,CUST010215,2024-09-13,2025-09-13,Active,1683,20196
SUB0010216,CUST010216,2024-05-19,2025-05-19,Active,1901,22812
SUB0010217,CUST010217,2024-09-07,2026-09-07,Active,21437,257244
SUB0010218,CUST010218,2025-03-19,2026-03-19,Cancelled,10647,127764
SUB0010219,CUST010219,2025-12-15,2027-12-15,Pending Renewal,1133,13596
SUB0010220,CUST010220,2025-06-25,2026-06-25,Active,1886,22632
SUB0010221,CUST010221,2024-07-22,2026-07-22,Active,6805,81660
SUB0010222,CUST010222,2025-10-31,2028-10-31,Active,415,4980
SUB0010223,CUST010223,2024-03-25,2027-03-25,Active,5028,60336
SUB0010224,CUST010224,2024-10-19,2027-10-19,Active,209,2508
SUB0010225,CUST010225,2025-12-20,2026-12-20,Active,822,9864
SUB0010226,CUST010226,2024-10-10,2025-10-10,Active,641,7692
SUB0010227,CUST010227,2023-11-10,2026-11-10,Active,17078,204936
SUB0010228,CUST010228,2024-01-05,2026-01-05,Active,720,8640
SUB0010229,CUST010229,2025-12-14,2026-12-14,Cancelled,331,3972
SUB0010230,CUST010230,2023-06-26,2026-06-26,Active,1345,16140
SUB0010231,CUST010231,2024-12-06,2026-12-06,Active,1288,15456
SUB0010232,CUST010232,2024-01-26,2027-01-26,Active,1916,22992
SUB0010233,CUST010233,2023-12-28,2026-12-28,Active,8719,104628
SUB0010234,CUST010234,2025-04-15,2027-04-15,Active,2735,32820
SUB0010235,CUST010235,2023-08-27,2024-08-27,Active,7565,90780
SUB0010236,CUST010236,2025-10-17,2028-10-17,Active,5117,61404
SUB0010237,CUST010237,2023-06-29,2025-06-29,Cancelled,1426,17112
SUB0010238,CUST010238,2023-11-03,2026-11-03,Cancelled,1537,18444
SUB0010239,CUST010239,2024-07-04,2026-07-04,Active,1807,21684
SUB0010240,CUST010240,2025-11-17,2028-11-17,Active,1663,19956
SUB0010241,CUST010241,2025-11-22,2027-11-22,Active,1979,23748
SUB0010242,CUST010242,2024-01-21,2025-01-21,Active,1810,21720
SUB0010243,CUST010243,2024-08-01,2025-08-01,Active,5973,71676
SUB0010244,CUST010244,2023-09-04,2025-09-04,Active,1282,15384
SUB0010245,CUST010245,2025-09-17,2028-09-17,Active,23606,283272
SUB0010246,CUST010246,2024-12-15,2027-12-15,Pending Renewal,423,5076
SUB0010247,CUST010247,2024-11-14,2026-11-14,Active,1901,22812
SUB0010248,CUST010248,2024-07-06,2027-07-06,Active,7565,90780
SUB0010249,CUST010249,2025-12-23,2026-12-23,Active,229,2748
SUB0010250,CUST010250,2025-02-23,2028-02-23,Active,1149,13788
SUB0010251,CUST010251,2024-01-29,2027-01-29,Active,19954,239448
SUB0010252,CUST010252,2025-08-14,2027-08-14,Active,10949,131388
SUB0010253,CUST010253,2025-01-25,2028-01-25,Active,596,7152
SUB0010254,CUST010254,2025-11-08,2028-11-08,Active,3949,47388
SUB0010255,CUST010255,2024-09-25,2025-09-25,Pending Renewal,7569,90828
SUB0010256,CUST010256,2025-09-28,2028-09-28,Active,10075,120900
SUB0010257,CUST010257,2024-02-04,2027-02-04,Active,331,3972
SUB0010258,CUST010258,2023-10-06,2026-10-06,Pending Renewal,5131,61572
SUB0010259,CUST010259,2025-10-26,2028-10-26,Active,1688,20256
SUB0010260,CUST010260,2024-06-17,2026-06-17,Active,134,1608
SUB0010261,CUST010261,2025-05-08,2026-05-08,Active,1268,15216
SUB0010262,CUST010262,2024-06-01,2027-06-01,Active,147,1764
SUB0010263,CUST010263,2025-09-22,2027-09-22,Active,4328,51936
SUB0010264,CUST010264,2023-11-12,2026-11-12,Active,3714,44568
SUB0010265,CUST010265,2025-04-30,2028-04-30,Active,10525,126300
SUB0010266,CUST010266,2025-05-03,2028-05-03,Active,11701,140412
SUB0010267,CUST010267,2023-11-01,2024-11-01,Cancelled,1773,21276
SUB0010268,CUST010268,2025-01-09,2026-01-09,Active,23615,283380
SUB0010269,CUST010269,2024-10-31,2025-10-31,Active,5588,67056
SUB0010270,CUST010270,2025-07-26,2028-07-26,Active,1118,13416
SUB0010271,CUST010271,2024-10-04,2025-10-04,Active,709,8508
SUB0010272,CUST010272,2024-07-01,2027-07-01,Active,1600,19200
SUB0010273,CUST010273,2023-10-22,2024-10-22,Pending Renewal,5084,61008
SUB0010274,CUST010274,2025-04-05,2028-04-05,Active,4720,56640
SUB0010275,CUST010275,2023-07-22,2026-07-22,Pending Renewal,11356,136272
SUB0010276,CUST010276,2024-08-13,2025-08-13,Active,272,3264
SUB0010277,CUST010277,2023-07-07,2025-07-07,Active,1598,19176
SUB0010278,CUST010278,2024-06-11,2025-06-11,Active,3017,36204
SUB0010279,CUST010279,2025-02-20,2028-02-20,Active,6992,83904
SUB0010280,CUST010280,2024-06-05,2025-06-05,Active,340,4080
SUB0010281,CUST010281,2024-06-10,2025-06-10,Active,718,8616
SUB0010282,CUST010282,2024-04-20,2026-04-20,Cancelled,986,11832
SUB0010283,CUST010283,2023-12-27,2025-12-27,Active,477,5724
SUB0010284,CUST010284,2025-12-06,2026-12-06,Pending Renewal,861,10332
SUB0010285,CUST010285,2025-12-10,2027-12-10,Active,563,6756
SUB0010286,CUST010286,2024-05-26,2025-05-26,Active,727,8724
SUB0010287,CUST010287,2025-06-19,2028-06-19,Pending Renewal,2303,27636
SUB0010288,CUST010288,2023-12-22,2025-12-22,Active,1474,17688
SUB0010289,CUST010289,2023-07-21,2026-07-21,Pending Renewal,7627,91524
SUB0010290,CUST010290,2024-06-27,2027-06-27,Pending Renewal,107,1284
SUB0010291,CUST010291,2023-09-02,2024-09-02,Active,1170,14040
SUB0010292,CUST010292,2024-03-04,2027-03-04,Active,1004,12048
SUB0010293,CUST010293,2025-12-25,2026-12-25,Pending Renewal,1264,15168
SUB0010294,CUST010294,2025-07-06,2028-07-06,Active,5487,65844
SUB0010295,CUST010295,2024-05-15,2026-05-15,Pending Renewal,7174,86088
SUB0010296,CUST010296,2023-11-14,2026-11-14,Active,15420,185040
SUB0010297,CUST010297,2024-01-03,2026-01-03,Active,4912,58944
SUB0010298,CUST010298,2024-05-10,2025-05-10,Active,2859,34308
SUB0010299,CUST010299,2024-08-04,2025-08-04,Active,1222,14664
SUB0010300,CUST010300,2024-06-06,2026-06-06,Active,746,8952
SUB0010301,CUST010301,2024-01-17,2027-01-17,Active,18409,220908
SUB0010302,CUST010302,2024-04-05,2027-04-05,Active,988,11856
SUB0010303,CUST010303,2023-11-18,2025-11-18,Active,2435,29220
SUB0010304,CUST010304,2023-09-14,2024-09-14,Active,420,5040
SUB0010305,CUST010305,2024-02-14,2025-02-14,Active,1982,23784
SUB0010306,CUST010306,2024-06-12,2027-06-12,Cancelled,646,7752
SUB0010307,CUST010307,2023-07-24,2026-07-24,Active,7897,94764
SUB0010308,CUST010308,2023-12-13,2025-12-13,Active,3671,44052
SUB0010309,CUST010309,2025-07-23,2026-07-23,Active,6794,81528
SUB0010310,CUST010310,2024-03-07,2026-03-07,Cancelled,5940,71280
SUB0010311,CUST010311,2024-02-15,2026-02-15,Active,4284,51408
SUB0010312,CUST010312,2024-02-12,2025-02-12,Active,10137,121644
SUB0010313,CUST010313,2024-01-17,2026-01-17,Active,276,3312
SUB0010314,CUST010314,2025-11-12,2026-11-12,Active,10699,128388
SUB0010315,CUST010315,2025-06-03,2026-06-03,Cancelled,6281,75372
SUB0010316,CUST010316,2025-03-01,2027-03-01,Active,6580,78960
SUB0010317,CUST010317,2024-06-01,2025-06-01,Pending Renewal,3815,45780
SUB0010318,CUST010318,2025-05-04,2027-05-04,Active,1047,12564
SUB0010319,CUST010319,2025-01-21,2026-01-21,Active,3071,36852
SUB0010320,CUST010320,2024-09-10,2025-09-10,Pending Renewal,790,9480
SUB0010321,CUST010321,2025-01-17,2028-01-17,Active,1510,18120
SUB0010322,CUST010322,2023-10-13,2025-10-13,Active,2872,34464
SUB0010323,CUST010323,2023-07-29,2024-07-29,Active,241,2892
SUB0010324,CUST010324,2023-10-03,2026-10-03,Active,16489,197868
SUB0010325,CUST010325,2023-12-05,2025-12-05,Active,4005,48060
SUB0010326,CUST010326,2024-02-28,2027-02-28,Active,1263,15156
SUB0010327,CUST010327,2024-10-18,2026-10-18,Active,845,10140
SUB0010328,CUST010328,2025-11-22,2027-11-22,Active,1152,13824
SUB0010329,CUST010329,2025-06-20,2027-06-20,Active,5460,65520
SUB0010330,CUST010330,2024-02-08,2027-02-08,Pending Renewal,2055,24660
SUB0010331,CUST010331,2025-07-08,2026-07-08,Active,2940,35280
SUB0010332,CUST010332,2024-11-14,2025-11-14,Active,1583,18996
SUB0010333,CUST010333,2023-10-29,2026-10-29,Active,1830,21960
SUB0010334,CUST010334,2023-09-22,2026-09-22,Active,3046,36552
SUB0010335,CUST010335,2023-12-20,2026-12-20,Active,17068,204816
SUB0010336,CUST010336,2025-11-11,2026-11-11,Cancelled,1713,20556
SUB0010337,CUST010337,2024-08-27,2027-08-27,Active,1990,23880
SUB0010338,CUST010338,2025-05-24,2027-05-24,Active,1413,16956
SUB0010339,CUST010339,2023-08-01,2026-08-01,Active,1625,19500
SUB0010340,CUST010340,2024-03-31,2025-03-31,Active,1630,19560
SUB0010341,CUST010341,2025-07-27,2026-07-27,Active,715,8580
SUB0010342,CUST010342,2024-04-26,2025-04-26,Active,1638,19656
SUB0010343,CUST010343,2023-07-31,2026-07-31,Pending Renewal,4562,54744
SUB0010344,CUST010344,2025-07-20,2028-07-20,Active,5628,67536
SUB0010345,CUST010345,2024-01-08,2026-01-08,Active,17906,214872
SUB0010346,CUST010346,2023-12-02,2025-12-02,Active,4840,58080
SUB0010347,CUST010347,2023-11-14,2024-11-14,Active,1122,13464
SUB0010348,CUST010348,2024-05-25,2027-05-25,Pending Renewal,1435,17220
SUB0010349,CUST010349,2025-10-03,2026-10-03,Active,1598,19176
SUB0010350,CUST010350,2025-03-12,2026-03-12,Pending Renewal,1437,17244
SUB0010351,CUST010351,2024-03-07,2025-03-07,Active,1047,12564
SUB0010352,CUST010352,2023-09-28,2024-09-28,Cancelled,617,7404
SUB0010353,CUST010353,2024-10-23,2025-10-23,Active,1528,18336
SUB0010354,CUST010354,2023-08-24,2025-08-24,Active,7309,87708
SUB0010355,CUST010355,2024-07-17,2026-07-17,Active,18292,219504
SUB0010356,CUST010356,2025-09-25,2027-09-25,Active,7313,87756
SUB0010357,CUST010357,2024-04-11,2027-04-11,Active,943,11316
SUB0010358,CUST010358,2023-07-01,2026-07-01,Active,17527,210324
SUB0010359,CUST010359,2024-04-02,2025-04-02,Active,3800,45600
SUB0010360,CUST010360,2025-03-24,2027-03-24,Active,3251,39012
SUB0010361,CUST010361,2023-07-27,2024-07-27,Active,998,11976
SUB0010362,CUST010362,2024-07-10,2026-07-10,Active,4628,55536
SUB0010363,CUST010363,2025-03-25,2026-03-25,Active,3303,39636
SUB0010364,CUST010364,2023-11-12,2026-11-12,Active,1778,21336
SUB0010365,CUST010365,2025-12-02,2028-12-02,Active,1773,21276
SUB0010366,CUST010366,2024-09-13,2025-09-13,Active,24109,289308
SUB0010367,CUST010367,2023-10-18,2024-10-18,Active,370,4440
SUB0010368,CUST010368,2024-10-10,2027-10-10,Active,1369,16428
SUB0010369,CUST010369,2025-05-08,2027-05-08,Active,1850,22200
SUB0010370,CUST010370,2023-07-15,2026-07-15,Active,2486,29832
SUB0010371,CUST010371,2024-08-30,2027-08-30,Active,333,3996
SUB0010372,CUST010372,2025-05-26,2028-05-26,Active,2061,24732
SUB0010373,CUST010373,2023-06-28,2026-06-28,Active,7582,90984
SUB0010374,CUST010374,2025-01-07,2028-01-07,Active,6711,80532
SUB0010375,CUST010375,2025-01-02,2028-01-02,Active,1257,15084
SUB0010376,CUST010376,2024-07-12,2026-07-12,Pending Renewal,1426,17112
SUB0010377,CUST010377,2024-05-04,2027-05-04,Active,9546,114552
SUB0010378,CUST010378,2025-10-02,2026-10-02,Active,7686,92232
SUB0010379,CUST010379,2023-09-29,2025-09-29,Active,14553,174636
SUB0010380,CUST010380,2025-11-05,2028-11-05,Active,386,4632
SUB0010381,CUST010381,2024-11-20,2026-11-20,Active,1572,18864
SUB0010382,CUST010382,2025-10-28,2028-10-28,Active,13045,156540
SUB0010383,CUST010383,2024-03-02,2026-03-02,Active,8936,107232
SUB0010384,CUST010384,2023-11-15,2026-11-15,Active,2077,24924
SUB0010385,CUST010385,2024-11-12,2026-11-12,Active,5915,70980
SUB0010386,CUST010386,2023-06-29,2024-06-29,Active,1746,20952
SUB0010387,CUST010387,2024-09-29,2027-09-29,Active,4239,50868
SUB0010388,CUST010388,2025-11-17,2028-11-17,Active,710,8520
SUB0010389,CUST010389,2025-11-30,2026-11-30,Active,1334,16008
SUB0010390,CUST010390,2023-09-09,2025-09-09,Active,15168,182016
SUB0010391,CUST010391,2023-12-15,2024-12-15,Active,2821,33852
SUB0010392,CUST010392,2025-08-22,2026-08-22,Active,1096,13152
SUB0010393,CUST010393,2023-12-08,2026-12-08,Active,3692,44304
SUB0010394,CUST010394,2023-07-07,2026-07-07,Active,188,2256
SUB0010395,CUST010395,2024-07-19,2025-07-19,Active,7006,84072
SUB0010396,CUST010396,2025-08-05,2026-08-05,Active,7921,95052
SUB0010397,CUST010397,2024-10-03,2026-10-03,Active,5016,60192
SUB0010398,CUST010398,2023-09-11,2025-09-11,Active,646,7752
SUB0010399,CUST010399,2023-12-26,2024-12-26,Cancelled,16102,193224
SUB0010400,CUST010400,2024-12-16,2025-12-16,Active,2592,31104
SUB0010401,CUST010401,2024-06-18,2026-06-18,Active,5107,61284
SUB0010402,CUST010402,2025-04-22,2028-04-22,Active,21637,259644
SUB0010403,CUST010403,2023-08-31,2026-08-31,Active,241,2892
SUB0010404,CUST010404,2023-12-18,2026-12-18,Active,826,9912
SUB0010405,CUST010405,2025-09-20,2026-09-20,Active,591,7092
SUB0010406,CUST010406,2024-08-18,2025-08-18,Active,1012,12144
SUB0010407,CUST010407,2025-05-20,2027-05-20,Active,566,6792
SUB0010408,CUST010408,2025-07-31,2026-07-31,Active,1275,15300
SUB0010409,CUST010409,2025-05-21,2028-05-21,Active,2256,27072
SUB0010410,CUST010410,2023-12-15,2024-12-15,Active,21271,255252
SUB0010411,CUST010411,2023-10-04,2025-10-04,Active,1792,21504
SUB0010412,CUST010412,2024-08-30,2026-08-30,Active,257,3084
SUB0010413,CUST010413,2025-09-23,2027-09-23,Active,2166,25992
SUB0010414,CUST010414,2025-09-25,2026-09-25,Active,6238,74856
SUB0010415,CUST010415,2024-08-11,2025-08-11,Active,14884,178608
SUB0010416,CUST010416,2025-12-14,2026-12-14,Active,1033,12396
SUB0010417,CUST010417,2025-05-31,2027-05-31,Active,6357,76284
SUB0010418,CUST010418,2025-03-29,2026-03-29,Active,3381,40572
SUB0010419,CUST010419,2024-09-11,2027-09-11,Active,11558,138696
SUB0010420,CUST010420,2024-11-08,2025-11-08,Active,23498,281976
SUB0010421,CUST010421,2025-12-09,2028-12-09,Active,645,7740
SUB0010422,CUST010422,2023-08-13,2024-08-13,Active,1033,12396
SUB0010423,CUST010423,2024-11-20,2025-11-20,Active,911,10932
SUB0010424,CUST010424,2023-07-18,2026-07-18,Active,1079,12948
SUB0010425,CUST010425,2024-05-25,2027-05-25,Active,23285,279420
SUB0010426,CUST010426,2024-11-07,2027-11-07,Active,5059,60708
SUB0010427,CUST010427,2024-01-08,2026-01-08,Active,3988,47856
SUB0010428,CUST010428,2024-10-26,2026-10-26,Active,23901,286812
SUB0010429,CUST010429,2024-12-01,2026-12-01,Cancelled,235,2820
SUB0010430,CUST010430,2025-08-13,2026-08-13,Active,7224,86688
SUB0010431,CUST010431,2024-02-27,2025-02-27,Active,5440,65280
SUB0010432,CUST010432,2025-06-23,2026-06-23,Active,3528,42336
SUB0010433,CUST010433,2024-04-11,2025-04-11,Active,6451,77412
SUB0010434,CUST010434,2025-04-28,2027-04-28,Active,1228,14736
SUB0010435,CUST010435,2023-12-01,2026-12-01,Active,2184,26208
SUB0010436,CUST010436,2025-06-12,2027-06-12,Pending Renewal,23015,276180
SUB0010437,CUST010437,2023-08-01,2025-08-01,Active,1242,14904
SUB0010438,CUST010438,2024-10-06,2026-10-06,Active,931,11172
SUB0010439,CUST010439,2023-12-14,2024-12-14,Active,2765,33180
SUB0010440,CUST010440,2025-11-17,2027-11-17,Active,1295,15540
SUB0010441,CUST010441,2023-08-26,2024-08-26,Active,6175,74100
SUB0010442,CUST010442,2024-05-03,2025-05-03,Cancelled,5707,68484
SUB0010443,CUST010443,2025-04-12,2026-04-12,Active,1431,17172
SUB0010444,CUST010444,2024-03-15,2027-03-15,Active,1701,20412
SUB0010445,CUST010445,2024-06-01,2026-06-01,Active,15456,185472
SUB0010446,CUST010446,2024-10-31,2025-10-31,Active,558,6696
SUB0010447,CUST010447,2025-08-19,2027-08-19,Active,1922,23064
SUB0010448,CUST010448,2025-09-24,2028-09-24,Active,250,3000
SUB0010449,CUST010449,2025-03-29,2027-03-29,Active,5429,65148
SUB0010450,CUST010450,2023-08-24,2025-08-24,Active,198,2376
SUB0010451,CUST010451,2024-08-25,2027-08-25,Active,1752,21024
SUB0010452,CUST010452,2025-05-13,2027-05-13,Active,9273,111276
SUB0010453,CUST010453,2024-02-23,2026-02-23,Active,1568,18816
SUB0010454,CUST010454,2024-07-03,2026-07-03,Active,1609,19308
SUB0010455,CUST010455,2025-12-20,2028-12-20,Active,770,9240
SUB0010456,CUST010456,2024-05-06,2027-05-06,Pending Renewal,432,5184
SUB0010457,CUST010457,2025-01-27,2027-01-27,Active,16445,197340
SUB0010458,CUST010458,2024-09-10,2025-09-10,Active,5445,65340
SUB0010459,CUST010459,2025-07-12,2026-07-12,Active,1689,20268
SUB0010460,CUST010460,2025-12-22,2028-12-22,Active,18726,224712
SUB0010461,CUST010461,2025-03-12,2028-03-12,Active,2509,30108
SUB0010462,CUST010462,2024-04-24,2027-04-24,Active,1221,14652
SUB0010463,CUST010463,2024-05-02,2026-05-02,Cancelled,22131,265572
SUB0010464,CUST010464,2024-06-14,2027-06-14,Active,1344,16128
SUB0010465,CUST010465,2023-11-13,2024-11-13,Active,2620,31440
SUB0010466,CUST010466,2024-06-29,2027-06-29,Active,1763,21156
SUB0010467,CUST010467,2024-04-25,2026-04-25,Active,1451,17412
SUB0010468,CUST010468,2024-06-29,2025-06-29,Active,239,2868
SUB0010469,CUST010469,2025-02-13,2028-02-13,Active,2506,30072
SUB0010470,CUST010470,2024-01-31,2027-01-31,Active,966,11592
SUB0010471,CUST010471,2024-11-13,2026-11-13,Active,3936,47232
SUB0010472,CUST010472,2024-07-07,2025-07-07,Active,4383,52596
SUB0010473,CUST010473,2024-04-15,2026-04-15,Active,24644,295728
SUB0010474,CUST010474,2025-06-15,2027-06-15,Active,7277,87324
SUB0010475,CUST010475,2025-03-17,2026-03-17,Active,3660,43920
SUB0010476,CUST010476,2023-11-13,2024-11-13,Pending Renewal,1137,13644
SUB0010477,CUST010477,2025-10-12,2027-10-12,Active,3426,41112
SUB0010478,CUST010478,2023-10-19,2025-10-19,Active,749,8988
SUB0010479,CUST010479,2024-01-16,2027-01-16,Pending Renewal,2024,24288
SUB0010480,CUST010480,2024-12-24,2025-12-24,Active,300,3600
SUB0010481,CUST010481,2024-12-25,2026-12-25,Active,761,9132
SUB0010482,CUST010482,2024-11-22,2026-11-22,Active,1791,21492
SUB0010483,CUST010483,2024-11-20,2026-11-20,Pending Renewal,11704,140448
SUB0010484,CUST010484,2025-08-05,2027-08-05,Active,4972,59664
SUB0010485,CUST010485,2023-08-08,2024-08-08,Active,1072,12864
SUB0010486,CUST010486,2025-10-02,2028-10-02,Active,1115,13380
SUB0010487,CUST010487,2025-02-26,2027-02-26,Active,3764,45168
SUB0010488,CUST010488,2024-03-23,2027-03-23,Active,3430,41160
SUB0010489,CUST010489,2024-01-02,2027-01-02,Active,5170,62040
SUB0010490,CUST010490,2024-11-21,2027-11-21,Active,911,10932
SUB0010491,CUST010491,2024-08-12,2027-08-12,Active,1029,12348
SUB0010492,CUST010492,2024-01-04,2027-01-04,Cancelled,16020,192240
SUB0010493,CUST010493,2024-07-15,2026-07-15,Active,984,11808
SUB0010494,CUST010494,2025-03-18,2026-03-18,Active,1342,16104
SUB0010495,CUST010495,2025-05-01,2026-05-01,Active,1182,14184
SUB0010496,CUST010496,2024-07-26,2026-07-26,Active,4290,51480
SUB0010497,CUST010497,2025-03-22,2026-03-22,Pending Renewal,2548,30576
SUB0010498,CUST010498,2024-10-28,2025-10-28,Active,1734,20808
SUB0010499,CUST010499,2025-05-20,2027-05-20,Pending Renewal,890,10680
SUB0010500,CUST010500,2025-12-13,2026-12-13,Active,9772,117264
SUB0010501,CUST010501,2024-12-29,2027-12-29,Active,614,7368
SUB0010502,CUST010502,2025-05-06,2027-05-06,Active,762,9144
SUB0010503,CUST010503,2025-07-24,2028-07-24,Active,893,10716
SUB0010504,CUST010504,2025-05-23,2026-05-23,Active,753,9036
SUB0010505,CUST010505,2025-06-11,2026-06-11,Active,9324,111888
SUB0010506,CUST010506,2025-06-15,2027-06-15,Active,229,2748
SUB0010507,CUST010507,2024-03-14,2026-03-14,Active,1717,20604
SUB0010508,CUST010508,2023-10-25,2025-10-25,Active,631,7572
SUB0010509,CUST010509,2024-01-03,2027-01-03,Active,1503,18036
SUB0010510,CUST010510,2024-09-10,2026-09-10,Active,6210,74520
SUB0010511,CUST010511,2025-10-21,2026-10-21,Active,2803,33636
SUB0010512,CUST010512,2025-06-30,2026-06-30,Active,1237,14844
SUB0010513,CUST010513,2025-05-20,2027-05-20,Active,2945,35340
SUB0010514,CUST010514,2023-11-06,2025-11-06,Active,1521,18252
SUB0010515,CUST010515,2025-02-10,2028-02-10,Active,577,6924
SUB0010516,CUST010516,2025-10-24,2028-10-24,Active,2349,28188
SUB0010517,CUST010517,2024-07-18,2025-07-18,Active,8988,107856
SUB0010518,CUST010518,2023-08-10,2024-08-10,Active,13869,166428
SUB0010519,CUST010519,2024-05-21,2027-05-21,Active,1527,18324
SUB0010520,CUST010520,2025-06-01,2028-06-01,Pending Renewal,4849,58188
SUB0010521,CUST010521,2024-10-09,2026-10-09,Active,1134,13608
SUB0010522,CUST010522,2025-09-28,2026-09-28,Active,105,1260
SUB0010523,CUST010523,2023-08-01,2026-08-01,Active,13904,166848
SUB0010524,CUST010524,2024-12-20,2025-12-20,Active,20946,251352
SUB0010525,CUST010525,2025-10-24,2027-10-24,Active,5509,66108
SUB0010526,CUST010526,2025-06-18,2026-06-18,Active,9610,115320
SUB0010527,CUST010527,2025-05-11,2026-05-11,Pending Renewal,513,6156
SUB0010528,CUST010528,2024-09-23,2027-09-23,Active,2532,30384
SUB0010529,CUST010529,2023-12-24,2026-12-24,Active,1245,14940
SUB0010530,CUST010530,2024-01-10,2026-01-10,Active,20651,247812
SUB0010531,CUST010531,2025-01-31,2028-01-31,Active,4464,53568
SUB0010532,CUST010532,2024-06-14,2027-06-14,Active,314,3768
SUB0010533,CUST010533,2024-06-03,2027-06-03,Active,7876,94512
SUB0010534,CUST010534,2025-04-21,2026-04-21,Active,3513,42156
SUB0010535,CUST010535,2025-10-10,2026-10-10,Active,787,9444
SUB0010536,CUST010536,2025-09-21,2026-09-21,Active,1300,15600
SUB0010537,CUST010537,2025-06-30,2027-06-30,Active,3693,44316
SUB0010538,CUST010538,2025-11-29,2026-11-29,Active,1257,15084
SUB0010539,CUST010539,2024-01-10,2025-01-10,Active,9666,115992
SUB0010540,CUST010540,2024-03-19,2026-03-19,Active,5945,71340
SUB0010541,CUST010541,2025-03-11,2028-03-11,Active,20729,248748
SUB0010542,CUST010542,2023-08-12,2024-08-12,Active,10355,124260
SUB0010543,CUST010543,2025-03-16,2027-03-16,Active,19348,232176
SUB0010544,CUST010544,2025-08-03,2028-08-03,Active,787,9444
SUB0010545,CUST010545,2023-12-18,2026-12-18,Active,7102,85224
SUB0010546,CUST010546,2024-05-21,2027-05-21,Cancelled,738,8856
SUB0010547,CUST010547,2024-05-28,2025-05-28,Active,4454,53448
SUB0010548,CUST010548,2025-11-29,2026-11-29,Active,7103,85236
SUB0010549,CUST010549,2025-05-25,2028-05-25,Active,272,3264
SUB0010550,CUST010550,2024-01-16,2026-01-16,Active,9033,108396
SUB0010551,CUST010551,2025-11-22,2027-11-22,Active,4539,54468
SUB0010552,CUST010552,2023-11-25,2026-11-25,Active,549,6588
SUB0010553,CUST010553,2024-09-09,2027-09-09,Active,974,11688
SUB0010554,CUST010554,2024-12-04,2027-12-04,Active,696,8352
SUB0010555,CUST010555,2024-04-15,2027-04-15,Active,1220,14640
SUB0010556,CUST010556,2023-11-19,2026-11-19,Active,6655,79860
SUB0010557,CUST010557,2024-06-04,2025-06-04,Active,6637,79644
SUB0010558,CUST010558,2025-11-04,2026-11-04,Pending Renewal,4467,53604
SUB0010559,CUST010559,2025-01-12,2026-01-12,Active,19357,232284
SUB0010560,CUST010560,2025-09-24,2027-09-24,Active,240,2880
SUB0010561,CUST010561,2024-05-02,2026-05-02,Active,17597,211164
SUB0010562,CUST010562,2025-06-04,2026-06-04,Active,1357,16284
SUB0010563,CUST010563,2025-07-14,2026-07-14,Pending Renewal,20844,250128
SUB0010564,CUST010564,2024-07-05,2025-07-05,Active,4886,58632
SUB0010565,CUST010565,2024-09-01,2026-09-01,Active,8213,98556
SUB0010566,CUST010566,2024-01-19,2026-01-19,Pending Renewal,143,1716
SUB0010567,CUST010567,2023-06-28,2024-06-28,Active,11407,136884
SUB0010568,CUST010568,2024-04-07,2027-04-07,Active,6175,74100
SUB0010569,CUST010569,2024-01-11,2025-01-11,Active,559,6708
SUB0010570,CUST010570,2025-05-25,2028-05-25,Active,7134,85608
SUB0010571,CUST010571,2023-07-04,2025-07-04,Active,12455,149460
SUB0010572,CUST010572,2025-06-09,2028-06-09,Active,683,8196
SUB0010573,CUST010573,2025-05-10,2028-05-10,Active,1916,22992
SUB0010574,CUST010574,2025-09-02,2026-09-02,Active,430,5160
SUB0010575,CUST010575,2025-02-24,2028-02-24,Active,8289,99468
SUB0010576,CUST010576,2023-08-19,2026-08-19,Active,1502,18024
SUB0010577,CUST010577,2023-11-10,2025-11-10,Active,1435,17220
SUB0010578,CUST010578,2024-08-17,2026-08-17,Pending Renewal,6516,78192
SUB0010579,CUST010579,2024-09-29,2025-09-29,Active,1061,12732
SUB0010580,CUST010580,2023-10-16,2025-10-16,Active,10062,120744
SUB0010581,CUST010581,2025-06-14,2028-06-14,Active,1565,18780
SUB0010582,CUST010582,2025-02-07,2026-02-07,Active,5272,63264
SUB0010583,CUST010583,2024-02-03,2026-02-03,Active,6662,79944
SUB0010584,CUST010584,2023-12-01,2025-12-01,Active,1055,12660
SUB0010585,CUST010585,2025-03-25,2027-03-25,Active,497,5964
SUB0010586,CUST010586,2025-08-10,2027-08-10,Pending Renewal,3775,45300
SUB0010587,CUST010587,2023-07-29,2025-07-29,Active,16187,194244
SUB0010588,CUST010588,2024-03-19,2027-03-19,Cancelled,1130,13560
SUB0010589,CUST010589,2024-06-07,2026-06-07,Pending Renewal,2326,27912
SUB0010590,CUST010590,2024-04-21,2026-04-21,Active,359,4308
SUB0010591,CUST010591,2025-11-10,2027-11-10,Active,3722,44664
SUB0010592,CUST010592,2025-07-24,2027-07-24,Active,1980,23760
SUB0010593,CUST010593,2024-02-26,2026-02-26,Pending Renewal,4931,59172
SUB0010594,CUST010594,2024-01-07,2025-01-07,Active,1383,16596
SUB0010595,CUST010595,2025-10-26,2028-10-26,Pending Renewal,17585,211020
SUB0010596,CUST010596,2023-11-22,2026-11-22,Cancelled,924,11088
SUB0010597,CUST010597,2024-09-12,2026-09-12,Active,7404,88848
SUB0010598,CUST010598,2024-02-02,2025-02-02,Active,390,4680
SUB0010599,CUST010599,2025-12-18,2028-12-18,Active,1364,16368
SUB0010600,CUST010600,2025-01-14,2028-01-14,Active,2694,32328
SUB0010601,CUST010601,2025-07-05,2028-07-05,Cancelled,1586,19032
SUB0010602,CUST010602,2025-12-08,2027-12-08,Active,309,3708
SUB0010603,CUST010603,2025-06-16,2026-06-16,Active,2560,30720
SUB0010604,CUST010604,2025-07-23,2028-07-23,Active,1984,23808
SUB0010605,CUST010605,2024-03-28,2026-03-28,Active,6231,74772
SUB0010606,CUST010606,2024-07-14,2026-07-14,Active,123,1476
SUB0010607,CUST010607,2025-02-10,2026-02-10,Active,18474,221688
SUB0010608,CUST010608,2024-04-18,2026-04-18,Active,1273,15276
SUB0010609,CUST010609,2023-11-04,2026-11-04,Active,3600,43200
SUB0010610,CUST010610,2025-05-19,2026-05-19,Active,5279,63348
SUB0010611,CUST010611,2024-11-07,2027-11-07,Active,5344,64128
SUB0010612,CUST010612,2023-08-21,2026-08-21,Active,20469,245628
SUB0010613,CUST010613,2024-05-04,2025-05-04,Active,1731,20772
SUB0010614,CUST010614,2023-09-06,2024-09-06,Active,3464,41568
SUB0010615,CUST010615,2025-02-02,2028-02-02,Active,7619,91428
SUB0010616,CUST010616,2025-11-28,2028-11-28,Active,5466,65592
SUB0010617,CUST010617,2025-04-26,2026-04-26,Active,7271,87252
SUB0010618,CUST010618,2025-03-30,2027-03-30,Pending Renewal,5918,71016
SUB0010619,CUST010619,2025-03-07,2027-03-07,Active,7317,87804
SUB0010620,CUST010620,2024-05-04,2025-05-04,Active,7192,86304
SUB0010621,CUST010621,2024-07-29,2026-07-29,Active,20644,247728
SUB0010622,CUST010622,2025-06-02,2028-06-02,Active,7487,89844
SUB0010623,CUST010623,2024-12-26,2027-12-26,Active,1745,20940
SUB0010624,CUST010624,2025-05-02,2028-05-02,Active,1857,22284
SUB0010625,CUST010625,2023-11-14,2024-11-14,Active,1277,15324
SUB0010626,CUST010626,2024-09-21,2026-09-21,Pending Renewal,1982,23784
SUB0010627,CUST010627,2024-03-26,2027-03-26,Active,1739,20868
SUB0010628,CUST010628,2025-01-27,2026-01-27,Active,311,3732
SUB0010629,CUST010629,2024-06-12,2027-06-12,Active,470,5640
SUB0010630,CUST010630,2024-09-21,2026-09-21,Active,4857,58284
SUB0010631,CUST010631,2025-12-07,2027-12-07,Active,517,6204
SUB0010632,CUST010632,2024-06-25,2027-06-25,Active,476,5712
SUB0010633,CUST010633,2025-06-06,2027-06-06,Active,19547,234564
SUB0010634,CUST010634,2025-02-12,2028-02-12,Active,1812,21744
SUB0010635,CUST010635,2024-06-02,2027-06-02,Active,1444,17328
SUB0010636,CUST010636,2024-09-25,2027-09-25,Pending Renewal,6901,82812
SUB0010637,CUST010637,2023-08-25,2025-08-25,Cancelled,1674,20088
SUB0010638,CUST010638,2023-07-21,2026-07-21,Active,890,10680
SUB0010639,CUST010639,2024-08-25,2027-08-25,Pending Renewal,2839,34068
SUB0010640,CUST010640,2023-07-06,2025-07-06,Active,537,6444
SUB0010641,CUST010641,2025-08-01,2028-08-01,Active,1453,17436
SUB0010642,CUST010642,2023-11-10,2026-11-10,Active,1365,16380
SUB0010643,CUST010643,2023-12-01,2024-12-01,Active,1030,12360
SUB0010644,CUST010644,2025-04-05,2027-04-05,Active,16295,195540
SUB0010645,CUST010645,2024-10-29,2025-10-29,Active,692,8304
SUB0010646,CUST010646,2025-04-19,2026-04-19,Active,943,11316
SUB0010647,CUST010647,2023-10-02,2026-10-02,Active,7404,88848
SUB0010648,CUST010648,2024-10-18,2026-10-18,Active,6377,76524
SUB0010649,CUST010649,2024-10-24,2027-10-24,Active,15524,186288
SUB0010650,CUST010650,2023-09-01,2024-09-01,Active,24380,292560
SUB0010651,CUST010651,2024-09-02,2026-09-02,Active,24056,288672
SUB0010652,CUST010652,2023-12-02,2026-12-02,Active,1797,21564
SUB0010653,CUST010653,2024-02-17,2026-02-17,Active,7177,86124
SUB0010654,CUST010654,2024-06-19,2027-06-19,Active,3825,45900
SUB0010655,CUST010655,2024-01-10,2025-01-10,Active,736,8832
SUB0010656,CUST010656,2024-08-28,2025-08-28,Pending Renewal,21922,263064
SUB0010657,CUST010657,2024-10-18,2026-10-18,Active,3621,43452
SUB0010658,CUST010658,2025-10-29,2027-10-29,Pending Renewal,1238,14856
SUB0010659,CUST010659,2024-10-25,2025-10-25,Active,14554,174648
SUB0010660,CUST010660,2024-11-26,2027-11-26,Active,1621,19452
SUB0010661,CUST010661,2024-07-24,2026-07-24,Active,1591,19092
SUB0010662,CUST010662,2025-05-03,2026-05-03,Active,7317,87804
SUB0010663,CUST010663,2023-11-25,2024-11-25,Active,6188,74256
SUB0010664,CUST010664,2025-07-31,2027-07-31,Active,1325,15900
SUB0010665,CUST010665,2024-04-07,2027-04-07,Active,1260,15120
SUB0010666,CUST010666,2024-12-22,2025-12-22,Active,6616,79392
SUB0010667,CUST010667,2025-09-24,2026-09-24,Active,520,6240
SUB0010668,CUST010668,2023-11-02,2025-11-02,Active,167,2004
SUB0010669,CUST010669,2025-01-07,2028-01-07,Active,822,9864
SUB0010670,CUST010670,2025-08-31,2028-08-31,Active,22383,268596
SUB0010671,CUST010671,2025-01-21,2028-01-21,Active,2731,32772
SUB0010672,CUST010672,2025-03-21,2026-03-21,Active,5619,67428
SUB0010673,CUST010673,2023-11-10,2024-11-10,Active,1033,12396
SUB0010674,CUST010674,2024-08-26,2026-08-26,Active,300,3600
SUB0010675,CUST010675,2024-12-15,2026-12-15,Active,270,3240
SUB0010676,CUST010676,2025-02-16,2026-02-16,Pending Renewal,19052,228624
SUB0010677,CUST010677,2024-06-12,2026-06-12,Active,1585,19020
SUB0010678,CUST010678,2023-12-03,2026-12-03,Active,17917,215004
SUB0010679,CUST010679,2023-07-03,2026-07-03,Active,12865,154380
SUB0010680,CUST010680,2024-07-11,2025-07-11,Active,749,8988
SUB0010681,CUST010681,2025-10-19,2028-10-19,Active,1629,19548
SUB0010682,CUST010682,2024-08-15,2026-08-15,Active,419,5028
SUB0010683,CUST010683,2023-12-24,2025-12-24,Active,12764,153168
SUB0010684,CUST010684,2024-05-09,2026-05-09,Active,3309,39708
SUB0010685,CUST010685,2025-10-28,2027-10-28,Active,3347,40164
SUB0010686,CUST010686,2025-06-01,2027-06-01,Active,285,3420
SUB0010687,CUST010687,2023-08-18,2025-08-18,Cancelled,592,7104
SUB0010688,CUST010688,2025-08-04,2026-08-04,Active,866,10392
SUB0010689,CUST010689,2024-04-23,2027-04-23,Active,18345,220140
SUB0010690,CUST010690,2023-10-03,2024-10-03,Active,871,10452
SUB0010691,CUST010691,2025-06-18,2028-06-18,Cancelled,6078,72936
SUB0010692,CUST010692,2025-01-10,2027-01-10,Pending Renewal,2003,24036
SUB0010693,CUST010693,2025-07-31,2028-07-31,Pending Renewal,181,2172
SUB0010694,CUST010694,2024-12-08,2027-12-08,Active,196,2352
SUB0010695,CUST010695,2024-07-28,2027-07-28,Active,2194,26328
SUB0010696,CUST010696,2023-09-23,2025-09-23,Active,2727,32724
SUB0010697,CUST010697,2025-11-15,2028-11-15,Active,302,3624
SUB0010698,CUST010698,2025-01-19,2027-01-19,Active,257,3084
SUB0010699,CUST010699,2024-02-22,2026-02-22,Active,1590,19080
SUB0010700,CUST010700,2025-09-30,2028-09-30,Active,23011,276132
SUB0010701,CUST010701,2025-06-19,2028-06-19,Active,613,7356
SUB0010702,CUST010702,2023-08-27,2025-08-27,Cancelled,1530,18360
SUB0010703,CUST010703,2024-09-24,2025-09-24,Pending Renewal,14455,173460
SUB0010704,CUST010704,2023-07-18,2025-07-18,Active,1719,20628
SUB0010705,CUST010705,2025-02-18,2026-02-18,Active,1227,14724
SUB0010706,CUST010706,2025-10-28,2026-10-28,Active,134,1608
SUB0010707,CUST010707,2023-09-23,2026-09-23,Active,1503,18036
SUB0010708,CUST010708,2024-02-08,2026-02-08,Active,20752,249024
SUB0010709,CUST010709,2025-08-20,2026-08-20,Active,691,8292
SUB0010710,CUST010710,2025-06-09,2028-06-09,Active,936,11232
SUB0010711,CUST010711,2025-10-28,2028-10-28,Active,1183,14196
SUB0010712,CUST010712,2023-12-12,2026-12-12,Cancelled,7823,93876
SUB0010713,CUST010713,2024-08-20,2026-08-20,Active,5162,61944
SUB0010714,CUST010714,2025-02-15,2028-02-15,Active,17628,211536
SUB0010715,CUST010715,2024-07-03,2025-07-03,Active,2818,33816
SUB0010716,CUST010716,2025-04-14,2026-04-14,Active,1032,12384
SUB0010717,CUST010717,2025-06-27,2027-06-27,Active,8920,107040
SUB0010718,CUST010718,2025-04-03,2026-04-03,Active,6879,82548
SUB0010719,CUST010719,2024-02-19,2025-02-19,Active,299,3588
SUB0010720,CUST010720,2023-11-22,2025-11-22,Active,1652,19824
SUB0010721,CUST010721,2024-02-03,2025-02-03,Pending Renewal,1888,22656
SUB0010722,CUST010722,2025-02-14,2026-02-14,Pending Renewal,360,4320
SUB0010723,CUST010723,2024-09-04,2026-09-04,Active,1753,21036
SUB0010724,CUST010724,2024-11-22,2027-11-22,Pending Renewal,2537,30444
SUB0010725,CUST010725,2024-05-27,2027-05-27,Active,8458,101496
SUB0010726,CUST010726,2025-07-09,2026-07-09,Active,759,9108
SUB0010727,CUST010727,2024-12-07,2025-12-07,Active,15230,182760
SUB0010728,CUST010728,2023-07-22,2026-07-22,Active,276,3312
SUB0010729,CUST010729,2025-05-29,2026-05-29,Active,328,3936
SUB0010730,CUST010730,2023-07-10,2026-07-10,Active,7889,94668
SUB0010731,CUST010731,2024-06-23,2026-06-23,Active,158,1896
SUB0010732,CUST010732,2024-04-15,2027-04-15,Active,23930,287160
SUB0010733,CUST010733,2025-02-04,2026-02-04,Active,4487,53844
SUB0010734,CUST010734,2023-08-26,2025-08-26,Active,3459,41508
SUB0010735,CUST010735,2023-08-12,2024-08-12,Active,623,7476
SUB0010736,CUST010736,2024-08-03,2025-08-03,Active,875,10500
SUB0010737,CUST010737,2023-07-14,2025-07-14,Cancelled,393,4716
SUB0010738,CUST010738,2023-07-13,2026-07-13,Active,338,4056
SUB0010739,CUST010739,2025-05-07,2026-05-07,Active,1082,12984
SUB0010740,CUST010740,2024-01-05,2026-01-05,Active,1210,14520
SUB0010741,CUST010741,2023-07-19,2025-07-19,Active,4623,55476
SUB0010742,CUST010742,2025-01-08,2026-01-08,Cancelled,252,3024
SUB0010743,CUST010743,2025-04-24,2027-04-24,Cancelled,748,8976
SUB0010744,CUST010744,2025-11-04,2026-11-04,Active,1558,18696
SUB0010745,CUST010745,2023-11-18,2026-11-18,Active,7675,92100
SUB0010746,CUST010746,2024-04-29,2026-04-29,Active,231,2772
SUB0010747,CUST010747,2024-09-27,2026-09-27,Pending Renewal,5629,67548
SUB0010748,CUST010748,2025-07-30,2027-07-30,Active,6823,81876
SUB0010749,CUST010749,2025-11-13,2028-11-13,Active,13563,162756
SUB0010750,CUST010750,2024-03-22,2025-03-22,Active,5469,65628
SUB0010751,CUST010751,2023-08-31,2024-08-31,Active,7595,91140
SUB0010752,CUST010752,2024-07-26,2026-07-26,Cancelled,1985,23820
SUB0010753,CUST010753,2025-12-02,2026-12-02,Active,7192,86304
SUB0010754,CUST010754,2024-12-01,2027-12-01,Cancelled,1489,17868
SUB0010755,CUST010755,2024-04-29,2026-04-29,Active,5702,68424
SUB0010756,CUST010756,2024-03-31,2027-03-31,Active,4830,57960
SUB0010757,CUST010757,2025-06-06,2028-06-06,Active,2941,35292
SUB0010758,CUST010758,2024-06-06,2027-06-06,Pending Renewal,1098,13176
SUB0010759,CUST010759,2023-08-21,2026-08-21,Active,14681,176172
SUB0010760,CUST010760,2025-03-18,2026-03-18,Active,349,4188
SUB0010761,CUST010761,2023-06-27,2025-06-27,Active,3790,45480
SUB0010762,CUST010762,2024-03-12,2026-03-12,Active,656,7872
SUB0010763,CUST010763,2024-10-31,2025-10-31,Active,1039,12468
SUB0010764,CUST010764,2025-05-07,2026-05-07,Active,472,5664
SUB0010765,CUST010765,2023-08-20,2024-08-20,Active,3043,36516
SUB0010766,CUST010766,2023-08-31,2025-08-31,Pending Renewal,5710,68520
SUB0010767,CUST010767,2025-09-02,2028-09-02,Active,21864,262368
SUB0010768,CUST010768,2025-01-24,2028-01-24,Active,1126,13512
SUB0010769,CUST010769,2025-08-05,2026-08-05,Active,1323,15876
SUB0010770,CUST010770,2024-09-22,2027-09-22,Active,1033,12396
SUB0010771,CUST010771,2024-05-10,2027-05-10,Active,428,5136
SUB0010772,CUST010772,2025-12-14,2028-12-14,Pending Renewal,19459,233508
SUB0010773,CUST010773,2024-09-20,2025-09-20,Active,20400,244800
SUB0010774,CUST010774,2025-10-17,2027-10-17,Active,460,5520
SUB0010775,CUST010775,2024-06-23,2027-06-23,Active,1005,12060
SUB0010776,CUST010776,2024-03-10,2027-03-10,Active,957,11484
SUB0010777,CUST010777,2024-07-03,2026-07-03,Active,392,4704
SUB0010778,CUST010778,2024-09-27,2025-09-27,Active,10945,131340
SUB0010779,CUST010779,2025-08-07,2027-08-07,Pending Renewal,771,9252
SUB0010780,CUST010780,2024-05-24,2027-05-24,Active,7843,94116
SUB0010781,CUST010781,2024-09-30,2026-09-30,Active,983,11796
SUB0010782,CUST010782,2023-12-22,2025-12-22,Active,15964,191568
SUB0010783,CUST010783,2025-08-10,2027-08-10,Active,1254,15048
SUB0010784,CUST010784,2024-12-11,2026-12-11,Active,7436,89232
SUB0010785,CUST010785,2024-11-27,2026-11-27,Active,1904,22848
SUB0010786,CUST010786,2024-03-22,2027-03-22,Active,1714,20568
SUB0010787,CUST010787,2024-04-01,2025-04-01,Pending Renewal,9229,110748
SUB0010788,CUST010788,2023-12-25,2025-12-25,Pending Renewal,1413,16956
SUB0010789,CUST010789,2023-08-11,2024-08-11,Active,6506,78072
SUB0010790,CUST010790,2025-07-22,2027-07-22,Active,7820,93840
SUB0010791,CUST010791,2024-12-28,2027-12-28,Pending Renewal,4077,48924
SUB0010792,CUST010792,2025-10-24,2027-10-24,Pending Renewal,1885,22620
SUB0010793,CUST010793,2025-02-18,2027-02-18,Active,608,7296
SUB0010794,CUST010794,2024-12-25,2027-12-25,Active,520,6240
SUB0010795,CUST010795,2024-03-03,2027-03-03,Active,2795,33540
SUB0010796,CUST010796,2024-03-07,2025-03-07,Active,3528,42336
SUB0010797,CUST010797,2024-08-08,2026-08-08,Pending Renewal,1971,23652
SUB0010798,CUST010798,2024-05-29,2025-05-29,Active,22821,273852
SUB0010799,CUST010799,2024-04-25,2027-04-25,Active,1144,13728
SUB0010800,CUST010800,2024-06-07,2027-06-07,Active,6530,78360
SUB0010801,CUST010801,2025-07-27,2027-07-27,Active,1555,18660
SUB0010802,CUST010802,2025-09-19,2028-09-19,Active,1219,14628
SUB0010803,CUST010803,2024-04-26,2025-04-26,Pending Renewal,7724,92688
SUB0010804,CUST010804,2024-06-26,2025-06-26,Active,632,7584
SUB0010805,CUST010805,2023-11-30,2025-11-30,Pending Renewal,938,11256
SUB0010806,CUST010806,2024-05-16,2026-05-16,Active,21541,258492
SUB0010807,CUST010807,2025-10-21,2028-10-21,Active,1176,14112
SUB0010808,CUST010808,2025-08-16,2026-08-16,Active,1802,21624
SUB0010809,CUST010809,2025-12-02,2027-12-02,Active,11908,142896
SUB0010810,CUST010810,2024-11-23,2025-11-23,Active,1155,13860
SUB0010811,CUST010811,2023-09-29,2026-09-29,Active,451,5412
SUB0010812,CUST010812,2024-01-21,2027-01-21,Active,1553,18636
SUB0010813,CUST010813,2023-09-25,2024-09-25,Active,21150,253800
SUB0010814,CUST010814,2023-06-29,2024-06-29,Active,1981,23772
SUB0010815,CUST010815,2025-06-25,2026-06-25,Active,265,3180
SUB0010816,CUST010816,2024-07-11,2027-07-11,Pending Renewal,817,9804
SUB0010817,CUST010817,2024-11-14,2027-11-14,Active,1651,19812
SUB0010818,CUST010818,2024-07-21,2025-07-21,Active,7274,87288
SUB0010819,CUST010819,2024-07-24,2027-07-24,Active,6995,83940
SUB0010820,CUST010820,2024-09-07,2026-09-07,Active,3421,41052
SUB0010821,CUST010821,2025-05-11,2028-05-11,Active,17308,207696
SUB0010822,CUST010822,2025-10-06,2027-10-06,Active,5041,60492
SUB0010823,CUST010823,2025-09-09,2027-09-09,Active,7590,91080
SUB0010824,CUST010824,2024-04-15,2026-04-15,Active,1328,15936
SUB0010825,CUST010825,2025-01-27,2027-01-27,Active,23258,279096
SUB0010826,CUST010826,2025-06-29,2028-06-29,Active,14127,169524
SUB0010827,CUST010827,2025-01-17,2028-01-17,Active,9739,116868
SUB0010828,CUST010828,2025-03-12,2027-03-12,Active,2683,32196
SUB0010829,CUST010829,2025-09-04,2026-09-04,Active,1911,22932
SUB0010830,CUST010830,2024-05-10,2025-05-10,Active,267,3204
SUB0010831,CUST010831,2024-06-14,2026-06-14,Active,687,8244
SUB0010832,CUST010832,2025-10-03,2028-10-03,Active,969,11628
SUB0010833,CUST010833,2025-09-19,2027-09-19,Pending Renewal,2558,30696
SUB0010834,CUST010834,2023-10-04,2024-10-04,Cancelled,12553,150636
SUB0010835,CUST010835,2023-09-22,2026-09-22,Active,1442,17304
SUB0010836,CUST010836,2025-01-15,2026-01-15,Active,498,5976
SUB0010837,CUST010837,2024-04-04,2025-04-04,Active,1269,15228
SUB0010838,CUST010838,2025-10-01,2028-10-01,Active,1899,22788
SUB0010839,CUST010839,2025-01-10,2028-01-10,Cancelled,3623,43476
SUB0010840,CUST010840,2025-09-08,2027-09-08,Active,901,10812
SUB0010841,CUST010841,2024-06-11,2026-06-11,Active,514,6168
SUB0010842,CUST010842,2025-03-16,2027-03-16,Active,2316,27792
SUB0010843,CUST010843,2024-11-04,2026-11-04,Active,2087,25044
SUB0010844,CUST010844,2024-01-12,2025-01-12,Active,4806,57672
SUB0010845,CUST010845,2024-12-08,2025-12-08,Pending Renewal,1194,14328
SUB0010846,CUST010846,2023-06-27,2026-06-27,Pending Renewal,2675,32100
SUB0010847,CUST010847,2024-10-03,2025-10-03,Active,2890,34680
SUB0010848,CUST010848,2025-09-21,2028-09-21,Active,4755,57060
SUB0010849,CUST010849,2025-12-06,2028-12-06,Active,14800,177600
SUB0010850,CUST010850,2024-07-02,2027-07-02,Active,5743,68916
SUB0010851,CUST010851,2024-10-19,2026-10-19,Pending Renewal,1595,19140
SUB0010852,CUST010852,2024-02-14,2025-02-14,Active,3216,38592
SUB0010853,CUST010853,2024-03-22,2026-03-22,Active,1836,22032
SUB0010854,CUST010854,2025-01-08,2026-01-08,Active,2646,31752
SUB0010855,CUST010855,2024-03-11,2025-03-11,Active,3456,41472
SUB0010856,CUST010856,2023-11-22,2026-11-22,Active,7250,87000
SUB0010857,CUST010857,2023-09-22,2024-09-22,Active,1781,21372
SUB0010858,CUST010858,2024-02-17,2026-02-17,Active,9907,118884
SUB0010859,CUST010859,2023-08-06,2024-08-06,Active,7941,95292
SUB0010860,CUST010860,2024-05-22,2025-05-22,Active,20551,246612
SUB0010861,CUST010861,2023-09-13,2024-09-13,Active,131,1572
SUB0010862,CUST010862,2025-10-03,2028-10-03,Active,862,10344
SUB0010863,CUST010863,2023-09-02,2024-09-02,Pending Renewal,394,4728
SUB0010864,CUST010864,2024-09-06,2025-09-06,Active,2765,33180
SUB0010865,CUST010865,2024-12-17,2026-12-17,Active,1451,17412
SUB0010866,CUST010866,2023-07-04,2026-07-04,Active,5058,60696
SUB0010867,CUST010867,2023-08-05,2026-08-05,Pending Renewal,4842,58104
SUB0010868,CUST010868,2025-08-15,2027-08-15,Active,1222,14664
SUB0010869,CUST010869,2024-01-24,2025-01-24,Active,803,9636
SUB0010870,CUST010870,2024-12-12,2025-12-12,Active,7970,95640
SUB0010871,CUST010871,2025-06-25,2026-06-25,Pending Renewal,5967,71604
SUB0010872,CUST010872,2025-01-20,2026-01-20,Active,13609,163308
SUB0010873,CUST010873,2023-06-26,2026-06-26,Active,938,11256
SUB0010874,CUST010874,2023-07-01,2026-07-01,Active,5897,70764
SUB0010875,CUST010875,2024-05-22,2026-05-22,Active,6716,80592
SUB0010876,CUST010876,2024-07-22,2026-07-22,Active,1568,18816
SUB0010877,CUST010877,2024-11-22,2026-11-22,Active,793,9516
SUB0010878,CUST010878,2025-08-26,2027-08-26,Active,449,5388
SUB0010879,CUST010879,2024-06-13,2025-06-13,Active,6335,76020
SUB0010880,CUST010880,2023-07-26,2026-07-26,Active,811,9732
SUB0010881,CUST010881,2025-02-05,2028-02-05,Active,3881,46572
SUB0010882,CUST010882,2024-08-22,2026-08-22,Active,653,7836
SUB0010883,CUST010883,2024-05-09,2027-05-09,Active,253,3036
SUB0010884,CUST010884,2024-12-30,2026-12-30,Active,1023,12276
SUB0010885,CUST010885,2024-08-26,2025-08-26,Active,1940,23280
SUB0010886,CUST010886,2025-01-13,2027-01-13,Active,4797,57564
SUB0010887,CUST010887,2024-06-25,2025-06-25,Active,24685,296220
SUB0010888,CUST010888,2025-09-27,2027-09-27,Active,188,2256
SUB0010889,CUST010889,2023-07-24,2025-07-24,Active,9430,113160
SUB0010890,CUST010890,2024-01-22,2026-01-22,Active,899,10788
SUB0010891,CUST010891,2023-07-23,2026-07-23,Active,1096,13152
SUB0010892,CUST010892,2024-08-02,2027-08-02,Active,1346,16152
SUB0010893,CUST010893,2024-12-26,2025-12-26,Active,1954,23448
SUB0010894,CUST010894,2024-01-02,2025-01-02,Active,5639,67668
SUB0010895,CUST010895,2025-04-07,2027-04-07,Cancelled,17116,205392
SUB0010896,CUST010896,2023-08-10,2025-08-10,Pending Renewal,1180,14160
SUB0010897,CUST010897,2025-12-25,2026-12-25,Active,5177,62124
SUB0010898,CUST010898,2025-09-14,2028-09-14,Active,17574,210888
SUB0010899,CUST010899,2024-01-02,2025-01-02,Cancelled,12572,150864
SUB0010900,CUST010900,2025-01-24,2027-01-24,Active,716,8592
SUB0010901,CUST010901,2025-01-14,2027-01-14,Active,3642,43704
SUB0010902,CUST010902,2025-03-12,2026-03-12,Active,7263,87156
SUB0010903,CUST010903,2025-03-20,2028-03-20,Active,1504,18048
SUB0010904,CUST010904,2025-06-13,2026-06-13,Active,122,1464
SUB0010905,CUST010905,2024-10-10,2026-10-10,Active,1643,19716
SUB0010906,CUST010906,2023-11-18,2026-11-18,Active,7849,94188
SUB0010907,CUST010907,2024-04-13,2027-04-13,Active,1687,20244
SUB0010908,CUST010908,2024-06-09,2026-06-09,Active,4622,55464
SUB0010909,CUST010909,2025-03-08,2027-03-08,Active,1991,23892
SUB0010910,CUST010910,2023-06-28,2026-06-28,Pending Renewal,4835,58020
SUB0010911,CUST010911,2023-10-16,2026-10-16,Active,127,1524
SUB0010912,CUST010912,2025-05-15,2026-05-15,Pending Renewal,3624,43488
SUB0010913,CUST010913,2025-07-23,2027-07-23,Active,1461,17532
SUB0010914,CUST010914,2023-11-24,2025-11-24,Active,4378,52536
SUB0010915,CUST010915,2025-01-31,2028-01-31,Active,11631,139572
SUB0010916,CUST010916,2023-12-17,2025-12-17,Active,19657,235884
SUB0010917,CUST010917,2023-08-19,2024-08-19,Active,1831,21972
SUB0010918,CUST010918,2025-06-05,2027-06-05,Active,8599,103188
SUB0010919,CUST010919,2024-04-20,2025-04-20,Active,4987,59844
SUB0010920,CUST010920,2025-12-11,2026-12-11,Active,12568,150816
SUB0010921,CUST010921,2025-11-14,2028-11-14,Active,19743,236916
SUB0010922,CUST010922,2025-02-05,2026-02-05,Active,14828,177936
SUB0010923,CUST010923,2025-08-27,2026-08-27,Active,2721,32652
SUB0010924,CUST010924,2025-04-02,2027-04-02,Active,12441,149292
SUB0010925,CUST010925,2025-11-06,2026-11-06,Active,6740,80880
SUB0010926,CUST010926,2024-06-23,2026-06-23,Active,23349,280188
SUB0010927,CUST010927,2024-07-20,2027-07-20,Active,7973,95676
SUB0010928,CUST010928,2025-11-19,2026-11-19,Active,4739,56868
SUB0010929,CUST010929,2024-07-08,2027-07-08,Active,3455,41460
SUB0010930,CUST010930,2024-09-04,2027-09-04,Active,1931,23172
SUB0010931,CUST010931,2023-09-06,2024-09-06,Active,17117,205404
SUB0010932,CUST010932,2024-11-04,2026-11-04,Active,7168,86016
SUB0010933,CUST010933,2025-11-25,2027-11-25,Active,2052,24624
SUB0010934,CUST010934,2025-08-14,2028-08-14,Active,1119,13428
SUB0010935,CUST010935,2024-07-23,2025-07-23,Active,5207,62484
SUB0010936,CUST010936,2025-05-10,2027-05-10,Active,13492,161904
SUB0010937,CUST010937,2024-11-03,2027-11-03,Active,4546,54552
SUB0010938,CUST010938,2025-03-24,2026-03-24,Active,1345,16140
SUB0010939,CUST010939,2023-12-20,2026-12-20,Active,1072,12864
SUB0010940,CUST010940,2025-03-01,2028-03-01,Active,10001,120012
SUB0010941,CUST010941,2025-10-25,2026-10-25,Active,3465,41580
SUB0010942,CUST010942,2025-10-20,2027-10-20,Active,7372,88464
SUB0010943,CUST010943,2023-06-27,2026-06-27,Active,15661,187932
SUB0010944,CUST010944,2024-02-13,2025-02-13,Active,1979,23748
SUB0010945,CUST010945,2024-04-28,2026-04-28,Active,346,4152
SUB0010946,CUST010946,2025-09-02,2027-09-02,Active,6121,73452
SUB0010947,CUST010947,2025-01-01,2026-01-01,Pending Renewal,3300,39600
SUB0010948,CUST010948,2024-03-13,2027-03-13,Active,688,8256
SUB0010949,CUST010949,2024-01-06,2026-01-06,Active,7671,92052
SUB0010950,CUST010950,2023-08-05,2024-08-05,Active,4385,52620
SUB0010951,CUST010951,2024-06-02,2026-06-02,Cancelled,1787,21444
SUB0010952,CUST010952,2025-07-11,2026-07-11,Active,5330,63960
SUB0010953,CUST010953,2025-01-04,2026-01-04,Active,1569,18828
SUB0010954,CUST010954,2025-11-14,2028-11-14,Active,191,2292
SUB0010955,CUST010955,2025-11-25,2027-11-25,Active,6705,80460
SUB0010956,CUST010956,2024-10-01,2027-10-01,Active,3499,41988
SUB0010957,CUST010957,2024-12-01,2027-12-01,Active,306,3672
SUB0010958,CUST010958,2023-09-30,2024-09-30,Active,1994,23928
SUB0010959,CUST010959,2023-08-29,2024-08-29,Active,6669,80028
SUB0010960,CUST010960,2024-01-18,2026-01-18,Active,675,8100
SUB0010961,CUST010961,2023-07-18,2025-07-18,Active,1407,16884
SUB0010962,CUST010962,2025-12-06,2027-12-06,Active,164,1968
SUB0010963,CUST010963,2025-11-06,2028-11-06,Active,327,3924
SUB0010964,CUST010964,2025-10-07,2027-10-07,Pending Renewal,316,3792
SUB0010965,CUST010965,2024-06-16,2025-06-16,Active,398,4776
SUB0010966,CUST010966,2025-11-20,2027-11-20,Active,615,7380
SUB0010967,CUST010967,2023-08-10,2025-08-10,Cancelled,1189,14268
SUB0010968,CUST010968,2023-09-17,2024-09-17,Active,16829,201948
SUB0010969,CUST010969,2023-10-22,2026-10-22,Active,1892,22704
SUB0010970,CUST010970,2025-07-19,2028-07-19,Active,16006,192072
SUB0010971,CUST010971,2025-05-14,2027-05-14,Active,4511,54132
SUB0010972,CUST010972,2025-10-07,2027-10-07,Active,846,10152
SUB0010973,CUST010973,2024-05-14,2027-05-14,Pending Renewal,1459,17508
SUB0010974,CUST010974,2024-10-11,2025-10-11,Pending Renewal,7904,94848
SUB0010975,CUST010975,2025-10-26,2027-10-26,Active,722,8664
SUB0010976,CUST010976,2025-06-03,2026-06-03,Active,1382,16584
SUB0010977,CUST010977,2025-12-16,2027-12-16,Active,5520,66240
SUB0010978,CUST010978,2023-09-18,2024-09-18,Active,1126,13512
SUB0010979,CUST010979,2025-02-08,2027-02-08,Active,7730,92760
SUB0010980,CUST010980,2023-07-27,2026-07-27,Active,13840,166080
SUB0010981,CUST010981,2024-02-14,2026-02-14,Active,1598,19176
SUB0010982,CUST010982,2023-12-04,2024-12-04,Cancelled,1095,13140
SUB0010983,CUST010983,2024-03-04,2026-03-04,Active,1626,19512
SUB0010984,CUST010984,2025-07-03,2026-07-03,Active,7656,91872
SUB0010985,CUST010985,2025-02-25,2027-02-25,Active,449,5388
SUB0010986,CUST010986,2025-09-24,2027-09-24,Active,1669,20028
SUB0010987,CUST010987,2024-02-29,2025-02-28,Active,611,7332
SUB0010988,CUST010988,2025-12-08,2026-12-08,Active,1192,14304
SUB0010989,CUST010989,2025-01-18,2027-01-18,Active,9157,109884
SUB0010990,CUST010990,2024-05-18,2026-05-18,Active,1901,22812
SUB0010991,CUST010991,2025-02-15,2027-02-15,Active,4537,54444
SUB0010992,CUST010992,2025-11-09,2026-11-09,Active,275,3300
SUB0010993,CUST010993,2024-08-01,2025-08-01,Active,4345,52140
SUB0010994,CUST010994,2023-08-16,2024-08-16,Active,323,3876
SUB0010995,CUST010995,2025-10-20,2027-10-20,Active,390,4680
SUB0010996,CUST010996,2024-02-18,2026-02-18,Active,387,4644
SUB0010997,CUST010997,2024-03-23,2025-03-23,Active,6067,72804
SUB0010998,CUST010998,2023-10-27,2024-10-27,Active,6307,75684
SUB0010999,CUST010999,2025-07-18,2027-07-18,Active,3335,40020
SUB0011000,CUST011000,2024-09-15,2025-09-15,Active,649,7788
SUB0011001,CUST011001,2024-09-06,2025-09-06,Active,839,10068
SUB0011002,CUST011002,2024-05-09,2026-05-09,Pending Renewal,1438,17256
SUB0011003,CUST011003,2024-08-20,2026-08-20,Active,430,5160
SUB0011004,CUST011004,2024-09-26,2026-09-26,Active,14405,172860
SUB0011005,CUST011005,2024-12-14,2026-12-14,Active,18648,223776
SUB0011006,CUST011006,2024-11-16,2025-11-16,Active,738,8856
SUB0011007,CUST011007,2024-06-14,2027-06-14,Pending Renewal,1501,18012
SUB0011008,CUST011008,2023-08-04,2026-08-04,Active,6132,73584
SUB0011009,CUST011009,2024-03-22,2025-03-22,Cancelled,1621,19452
SUB0011010,CUST011010,2024-09-12,2027-09-12,Active,531,6372
SUB0011011,CUST011011,2025-09-01,2028-09-01,Active,8748,104976
SUB0011012,CUST011012,2024-03-13,2025-03-13,Cancelled,1246,14952
SUB0011013,CUST011013,2025-04-08,2027-04-08,Active,1211,14532
SUB0011014,CUST011014,2024-10-06,2026-10-06,Active,16828,201936
SUB0011015,CUST011015,2024-02-07,2025-02-07,Pending Renewal,1190,14280
SUB0011016,CUST011016,2023-12-16,2024-12-16,Active,276,3312
SUB0011017,CUST011017,2024-06-12,2027-06-12,Active,6019,72228
SUB0011018,CUST011018,2024-02-27,2025-02-27,Pending Renewal,21985,263820
SUB0011019,CUST011019,2024-02-07,2027-02-07,Active,1119,13428
SUB0011020,CUST011020,2023-11-28,2025-11-28,Active,1021,12252
SUB0011021,CUST011021,2023-07-20,2024-07-20,Active,1419,17028
SUB0011022,CUST011022,2024-12-26,2026-12-26,Active,1437,17244
SUB0011023,CUST011023,2024-10-31,2025-10-31,Cancelled,7022,84264
SUB0011024,CUST011024,2024-03-24,2026-03-24,Active,952,11424
SUB0011025,CUST011025,2024-04-25,2025-04-25,Active,6507,78084
SUB0011026,CUST011026,2025-12-03,2027-12-03,Cancelled,1833,21996
SUB0011027,CUST011027,2024-03-29,2027-03-29,Active,1854,22248
SUB0011028,CUST011028,2024-12-05,2027-12-05,Active,9631,115572
SUB0011029,CUST011029,2025-07-02,2026-07-02,Active,1499,17988
SUB0011030,CUST011030,2024-10-16,2025-10-16,Active,10206,122472
SUB0011031,CUST011031,2024-03-12,2025-03-12,Active,1397,16764
SUB0011032,CUST011032,2024-04-18,2025-04-18,Active,3759,45108
SUB0011033,CUST011033,2025-02-19,2027-02-19,Active,21696,260352
SUB0011034,CUST011034,2024-06-19,2025-06-19,Active,1011,12132
SUB0011035,CUST011035,2023-07-28,2026-07-28,Active,5561,66732
SUB0011036,CUST011036,2025-05-28,2028-05-28,Active,6297,75564
SUB0011037,CUST011037,2024-03-11,2025-03-11,Active,1650,19800
SUB0011038,CUST011038,2024-05-18,2025-05-18,Active,306,3672
SUB0011039,CUST011039,2025-10-22,2026-10-22,Active,1799,21588
SUB0011040,CUST011040,2024-09-12,2025-09-12,Active,1582,18984
SUB0011041,CUST011041,2023-10-13,2024-10-13,Cancelled,6278,75336
SUB0011042,CUST011042,2025-12-14,2027-12-14,Active,774,9288
SUB0011043,CUST011043,2023-10-20,2026-10-20,Active,11729,140748
SUB0011044,CUST011044,2025-08-20,2027-08-20,Active,1434,17208
SUB0011045,CUST011045,2024-10-20,2026-10-20,Active,21351,256212
SUB0011046,CUST011046,2025-05-21,2026-05-21,Active,7915,94980
SUB0011047,CUST011047,2025-07-29,2028-07-29,Active,3359,40308
SUB0011048,CUST011048,2024-04-11,2025-04-11,Active,7309,87708
SUB0011049,CUST011049,2023-10-07,2025-10-07,Active,11607,139284
SUB0011050,CUST011050,2025-06-02,2027-06-02,Pending Renewal,1607,19284
SUB0011051,CUST011051,2025-08-16,2027-08-16,Pending Renewal,18709,224508
SUB0011052,CUST011052,2023-07-21,2026-07-21,Active,1828,21936
SUB0011053,CUST011053,2025-02-11,2026-02-11,Pending Renewal,3871,46452
SUB0011054,CUST011054,2023-06-26,2025-06-26,Pending Renewal,1125,13500
SUB0011055,CUST011055,2024-08-29,2026-08-29,Active,21929,263148
SUB0011056,CUST011056,2025-09-03,2027-09-03,Active,16082,192984
SUB0011057,CUST011057,2024-07-20,2027-07-20,Active,5323,63876
SUB0011058,CUST011058,2023-07-15,2025-07-15,Active,6429,77148
SUB0011059,CUST011059,2023-08-30,2024-08-30,Active,1956,23472
SUB0011060,CUST011060,2024-03-12,2026-03-12,Active,780,9360
SUB0011061,CUST011061,2023-09-22,2025-09-22,Active,594,7128
SUB0011062,CUST011062,2024-03-21,2026-03-21,Active,1239,14868
SUB0011063,CUST011063,2024-11-08,2025-11-08,Active,375,4500
SUB0011064,CUST011064,2024-04-28,2026-04-28,Active,4803,57636
SUB0011065,CUST011065,2025-09-03,2028-09-03,Pending Renewal,11233,134796
SUB0011066,CUST011066,2025-09-15,2026-09-15,Pending Renewal,816,9792
SUB0011067,CUST011067,2023-11-19,2024-11-19,Pending Renewal,4621,55452
SUB0011068,CUST011068,2023-07-28,2026-07-28,Active,1608,19296
SUB0011069,CUST011069,2024-05-21,2026-05-21,Active,2593,31116
SUB0011070,CUST011070,2024-03-01,2027-03-01,Active,149,1788
SUB0011071,CUST011071,2023-09-12,2024-09-12,Active,6254,75048
SUB0011072,CUST011072,2024-06-09,2027-06-09,Active,7040,84480
SUB0011073,CUST011073,2023-12-12,2025-12-12,Active,1474,17688
SUB0011074,CUST011074,2025-12-04,2028-12-04,Active,1305,15660
SUB0011075,CUST011075,2024-10-10,2027-10-10,Active,1773,21276
SUB0011076,CUST011076,2023-10-09,2025-10-09,Active,5831,69972
SUB0011077,CUST011077,2024-01-10,2026-01-10,Active,20520,246240
SUB0011078,CUST011078,2025-06-27,2027-06-27,Active,16468,197616
SUB0011079,CUST011079,2023-07-28,2026-07-28,Active,1073,12876
SUB0011080,CUST011080,2025-09-20,2026-09-20,Cancelled,1526,18312
SUB0011081,CUST011081,2023-09-29,2026-09-29,Cancelled,3835,46020
SUB0011082,CUST011082,2024-05-01,2027-05-01,Pending Renewal,646,7752
SUB0011083,CUST011083,2025-01-23,2026-01-23,Active,2822,33864
SUB0011084,CUST011084,2024-10-09,2027-10-09,Active,7733,92796
SUB0011085,CUST011085,2025-12-19,2028-12-19,Active,5109,61308
SUB0011086,CUST011086,2024-10-13,2025-10-13,Cancelled,3315,39780
SUB0011087,CUST011087,2024-01-09,2027-01-09,Active,743,8916
SUB0011088,CUST011088,2024-11-09,2025-11-09,Active,4581,54972
SUB0011089,CUST011089,2024-11-19,2025-11-19,Active,18851,226212
SUB0011090,CUST011090,2025-11-01,2027-11-01,Pending Renewal,1401,16812
SUB0011091,CUST011091,2025-04-09,2028-04-09,Active,6781,81372
SUB0011092,CUST011092,2024-03-27,2026-03-27,Active,4479,53748
SUB0011093,CUST011093,2024-04-15,2026-04-15,Active,576,6912
SUB0011094,CUST011094,2025-03-01,2028-03-01,Active,3046,36552
SUB0011095,CUST011095,2023-07-09,2025-07-09,Active,5170,62040
SUB0011096,CUST011096,2024-09-20,2027-09-20,Active,3477,41724
SUB0011097,CUST011097,2024-03-07,2027-03-07,Cancelled,1891,22692
SUB0011098,CUST011098,2024-02-05,2025-02-05,Active,7186,86232
SUB0011099,CUST011099,2024-08-17,2025-08-17,Pending Renewal,6774,81288
SUB0011100,CUST011100,2025-08-20,2027-08-20,Active,2327,27924
SUB0011101,CUST011101,2024-04-20,2025-04-20,Active,12248,146976
SUB0011102,CUST011102,2025-08-10,2028-08-10,Active,18061,216732
SUB0011103,CUST011103,2025-04-02,2027-04-02,Cancelled,1193,14316
SUB0011104,CUST011104,2024-09-06,2025-09-06,Active,7995,95940
SUB0011105,CUST011105,2025-02-26,2026-02-26,Active,1207,14484
SUB0011106,CUST011106,2025-04-06,2028-04-06,Active,19653,235836
SUB0011107,CUST011107,2025-01-29,2027-01-29,Active,5414,64968
SUB0011108,CUST011108,2023-12-26,2025-12-26,Pending Renewal,1787,21444
SUB0011109,CUST011109,2023-09-01,2026-09-01,Active,199,2388
SUB0011110,CUST011110,2023-08-11,2025-08-11,Active,3885,46620
SUB0011111,CUST011111,2025-01-26,2027-01-26,Active,1049,12588
SUB0011112,CUST011112,2024-06-02,2027-06-02,Active,3359,40308
SUB0011113,CUST011113,2024-07-13,2025-07-13,Active,1954,23448
SUB0011114,CUST011114,2024-09-27,2025-09-27,Active,700,8400
SUB0011115,CUST011115,2024-01-05,2027-01-05,Active,1071,12852
SUB0011116,CUST011116,2024-02-22,2026-02-22,Pending Renewal,404,4848
SUB0011117,CUST011117,2025-12-05,2027-12-05,Active,11958,143496
SUB0011118,CUST011118,2025-12-10,2027-12-10,Active,22497,269964
SUB0011119,CUST011119,2025-10-27,2026-10-27,Active,840,10080
SUB0011120,CUST011120,2024-01-29,2027-01-29,Active,122,1464
SUB0011121,CUST011121,2024-07-11,2025-07-11,Active,3226,38712
SUB0011122,CUST011122,2025-03-15,2027-03-15,Active,20186,242232
SUB0011123,CUST011123,2025-12-11,2028-12-11,Active,10904,130848
SUB0011124,CUST011124,2023-09-24,2025-09-24,Active,7350,88200
SUB0011125,CUST011125,2025-12-24,2027-12-24,Active,234,2808
SUB0011126,CUST011126,2025-09-17,2028-09-17,Cancelled,5656,67872
SUB0011127,CUST011127,2024-12-23,2025-12-23,Active,7593,91116
SUB0011128,CUST011128,2025-11-25,2027-11-25,Active,1012,12144
SUB0011129,CUST011129,2024-12-14,2025-12-14,Active,7071,84852
SUB0011130,CUST011130,2025-07-17,2027-07-17,Active,1284,15408
SUB0011131,CUST011131,2025-07-17,2027-07-17,Active,5642,67704
SUB0011132,CUST011132,2023-08-31,2025-08-31,Active,1525,18300
SUB0011133,CUST011133,2023-10-25,2024-10-25,Active,539,6468
SUB0011134,CUST011134,2025-11-08,2028-11-08,Active,6677,80124
SUB0011135,CUST011135,2025-06-22,2027-06-22,Active,1897,22764
SUB0011136,CUST011136,2025-09-14,2026-09-14,Active,6153,73836
SUB0011137,CUST011137,2024-01-04,2027-01-04,Active,22097,265164
SUB0011138,CUST011138,2024-03-14,2027-03-14,Active,6723,80676
SUB0011139,CUST011139,2024-10-24,2027-10-24,Active,3405,40860
SUB0011140,CUST011140,2023-07-27,2026-07-27,Active,1172,14064
SUB0011141,CUST011141,2025-05-03,2027-05-03,Active,937,11244
SUB0011142,CUST011142,2025-02-23,2026-02-23,Active,1230,14760
SUB0011143,CUST011143,2024-09-26,2026-09-26,Active,551,6612
SUB0011144,CUST011144,2024-01-24,2027-01-24,Pending Renewal,2020,24240
SUB0011145,CUST011145,2024-01-10,2025-01-10,Active,1160,13920
SUB0011146,CUST011146,2023-07-18,2025-07-18,Pending Renewal,17647,211764
SUB0011147,CUST011147,2024-09-22,2027-09-22,Active,7252,87024
SUB0011148,CUST011148,2024-12-04,2025-12-04,Active,9495,113940
SUB0011149,CUST011149,2025-12-04,2027-12-04,Active,1332,15984
SUB0011150,CUST011150,2023-11-18,2024-11-18,Active,1493,17916
SUB0011151,CUST011151,2025-09-09,2027-09-09,Active,7336,88032
SUB0011152,CUST011152,2024-10-14,2025-10-14,Active,1816,21792
SUB0011153,CUST011153,2024-04-01,2026-04-01,Active,1484,17808
SUB0011154,CUST011154,2023-07-15,2024-07-15,Active,300,3600
SUB0011155,CUST011155,2025-06-03,2028-06-03,Active,102,1224
SUB0011156,CUST011156,2024-06-30,2026-06-30,Active,7463,89556
SUB0011157,CUST011157,2023-10-28,2025-10-28,Active,1424,17088
SUB0011158,CUST011158,2025-01-22,2027-01-22,Active,1538,18456
SUB0011159,CUST011159,2025-03-09,2028-03-09,Active,1951,23412
SUB0011160,CUST011160,2024-08-13,2026-08-13,Active,6556,78672
SUB0011161,CUST011161,2024-08-11,2026-08-11,Active,1690,20280
SUB0011162,CUST011162,2023-08-20,2025-08-20,Pending Renewal,1524,18288
SUB0011163,CUST011163,2025-09-25,2028-09-25,Active,2800,33600
SUB0011164,CUST011164,2024-12-21,2026-12-21,Active,1543,18516
SUB0011165,CUST011165,2024-01-20,2027-01-20,Active,2559,30708
SUB0011166,CUST011166,2025-11-05,2027-11-05,Active,2341,28092
SUB0011167,CUST011167,2023-11-07,2025-11-07,Pending Renewal,6097,73164
SUB0011168,CUST011168,2023-10-01,2026-10-01,Cancelled,126,1512
SUB0011169,CUST011169,2025-05-24,2026-05-24,Active,9280,111360
SUB0011170,CUST011170,2024-07-19,2025-07-19,Active,6746,80952
SUB0011171,CUST011171,2024-12-16,2026-12-16,Active,3673,44076
SUB0011172,CUST011172,2023-12-11,2024-12-11,Active,1818,21816
SUB0011173,CUST011173,2025-01-27,2028-01-27,Active,1484,17808
SUB0011174,CUST011174,2025-12-16,2028-12-16,Active,19319,231828
SUB0011175,CUST011175,2023-10-18,2026-10-18,Active,4243,50916
SUB0011176,CUST011176,2023-11-11,2025-11-11,Active,560,6720
SUB0011177,CUST011177,2025-02-19,2026-02-19,Pending Renewal,1805,21660
SUB0011178,CUST011178,2024-03-18,2027-03-18,Cancelled,7447,89364
SUB0011179,CUST011179,2024-02-13,2025-02-13,Active,21931,263172
SUB0011180,CUST011180,2024-07-17,2025-07-17,Active,1204,14448
SUB0011181,CUST011181,2025-06-28,2026-06-28,Active,1021,12252
SUB0011182,CUST011182,2025-01-18,2028-01-18,Active,1282,15384
SUB0011183,CUST011183,2024-08-14,2027-08-14,Active,1897,22764
SUB0011184,CUST011184,2024-08-02,2025-08-02,Active,963,11556
SUB0011185,CUST011185,2023-07-10,2024-07-10,Pending Renewal,7826,93912
SUB0011186,CUST011186,2024-10-25,2026-10-25,Cancelled,517,6204
SUB0011187,CUST011187,2025-03-22,2026-03-22,Active,304,3648
SUB0011188,CUST011188,2025-02-18,2027-02-18,Active,5484,65808
SUB0011189,CUST011189,2025-12-11,2028-12-11,Active,1502,18024
SUB0011190,CUST011190,2025-07-03,2027-07-03,Active,881,10572
SUB0011191,CUST011191,2025-12-07,2027-12-07,Active,7679,92148
SUB0011192,CUST011192,2024-07-01,2025-07-01,Active,1831,21972
SUB0011193,CUST011193,2025-03-09,2027-03-09,Active,17802,213624
SUB0011194,CUST011194,2023-12-14,2024-12-14,Active,1758,21096
SUB0011195,CUST011195,2024-02-11,2027-02-11,Pending Renewal,154,1848
SUB0011196,CUST011196,2023-07-26,2024-07-26,Active,5504,66048
SUB0011197,CUST011197,2025-08-28,2027-08-28,Active,5041,60492
SUB0011198,CUST011198,2024-08-22,2026-08-22,Active,1537,18444
SUB0011199,CUST011199,2025-11-27,2027-11-27,Active,5647,67764
SUB0011200,CUST011200,2025-04-01,2028-04-01,Active,2227,26724
SUB0011201,CUST011201,2024-10-21,2026-10-21,Active,2490,29880
SUB0011202,CUST011202,2023-12-20,2025-12-20,Active,4154,49848
SUB0011203,CUST011203,2023-12-15,2025-12-15,Active,6766,81192
SUB0011204,CUST011204,2024-07-28,2025-07-28,Active,7809,93708
SUB0011205,CUST011205,2023-07-03,2025-07-03,Pending Renewal,900,10800
SUB0011206,CUST011206,2025-05-08,2026-05-08,Cancelled,5780,69360
SUB0011207,CUST011207,2023-08-23,2024-08-23,Active,1798,21576
SUB0011208,CUST011208,2024-11-04,2026-11-04,Active,1935,23220
SUB0011209,CUST011209,2024-10-01,2025-10-01,Active,2268,27216
SUB0011210,CUST011210,2025-11-12,2027-11-12,Active,2999,35988
SUB0011211,CUST011211,2024-06-21,2025-06-21,Active,1125,13500
SUB0011212,CUST011212,2025-07-02,2026-07-02,Active,3016,36192
SUB0011213,CUST011213,2024-04-16,2026-04-16,Pending Renewal,9672,116064
SUB0011214,CUST011214,2024-06-07,2026-06-07,Active,3903,46836
SUB0011215,CUST011215,2023-12-25,2026-12-25,Active,5018,60216
SUB0011216,CUST011216,2024-12-21,2025-12-21,Active,14906,178872
SUB0011217,CUST011217,2025-07-21,2028-07-21,Active,20100,241200
SUB0011218,CUST011218,2024-02-17,2026-02-17,Active,6087,73044
SUB0011219,CUST011219,2025-11-29,2027-11-29,Active,1314,15768
SUB0011220,CUST011220,2024-03-26,2026-03-26,Active,2692,32304
SUB0011221,CUST011221,2024-03-26,2026-03-26,Active,1934,23208
SUB0011222,CUST011222,2023-07-08,2024-07-08,Active,6479,77748
SUB0011223,CUST011223,2024-07-23,2025-07-23,Active,17224,206688
SUB0011224,CUST011224,2024-11-13,2026-11-13,Active,718,8616
SUB0011225,CUST011225,2024-11-07,2026-11-07,Active,15163,181956
SUB0011226,CUST011226,2025-09-19,2028-09-19,Active,17039,204468
SUB0011227,CUST011227,2025-09-21,2028-09-21,Active,287,3444
SUB0011228,CUST011228,2025-03-22,2028-03-22,Active,17491,209892
SUB0011229,CUST011229,2023-12-18,2024-12-18,Active,1348,16176
SUB0011230,CUST011230,2024-04-22,2025-04-22,Active,1163,13956
SUB0011231,CUST011231,2025-05-05,2026-05-05,Active,403,4836
SUB0011232,CUST011232,2025-03-23,2027-03-23,Active,12427,149124
SUB0011233,CUST011233,2023-12-15,2025-12-15,Active,852,10224
SUB0011234,CUST011234,2025-01-26,2028-01-26,Active,954,11448
SUB0011235,CUST011235,2025-05-03,2026-05-03,Active,1597,19164
SUB0011236,CUST011236,2025-05-25,2026-05-25,Active,3076,36912
SUB0011237,CUST011237,2025-11-13,2028-11-13,Active,1946,23352
SUB0011238,CUST011238,2025-11-16,2027-11-16,Active,1876,22512
SUB0011239,CUST011239,2024-01-13,2027-01-13,Active,6557,78684
SUB0011240,CUST011240,2024-04-01,2027-04-01,Active,7630,91560
SUB0011241,CUST011241,2024-03-03,2025-03-03,Active,4612,55344
SUB0011242,CUST011242,2025-03-12,2026-03-12,Active,771,9252
SUB0011243,CUST011243,2025-04-07,2028-04-07,Active,530,6360
SUB0011244,CUST011244,2025-03-31,2028-03-31,Active,16247,194964
SUB0011245,CUST011245,2025-11-04,2027-11-04,Pending Renewal,235,2820
SUB0011246,CUST011246,2025-05-09,2026-05-09,Active,15431,185172
SUB0011247,CUST011247,2025-10-22,2026-10-22,Active,3277,39324
SUB0011248,CUST011248,2023-09-04,2024-09-04,Active,24763,297156
SUB0011249,CUST011249,2023-08-23,2024-08-23,Active,402,4824
SUB0011250,CUST011250,2025-01-31,2027-01-31,Active,4305,51660
SUB0011251,CUST011251,2023-07-20,2026-07-20,Active,1654,19848
SUB0011252,CUST011252,2025-04-16,2028-04-16,Active,4343,52116
SUB0011253,CUST011253,2024-11-18,2027-11-18,Cancelled,765,9180
SUB0011254,CUST011254,2025-03-26,2027-03-26,Pending Renewal,15539,186468
SUB0011255,CUST011255,2024-10-25,2026-10-25,Active,1284,15408
SUB0011256,CUST011256,2025-07-06,2026-07-06,Active,318,3816
SUB0011257,CUST011257,2024-12-23,2027-12-23,Active,4657,55884
SUB0011258,CUST011258,2025-07-14,2028-07-14,Active,7138,85656
SUB0011259,CUST011259,2025-05-31,2026-05-31,Active,3595,43140
SUB0011260,CUST011260,2024-04-25,2026-04-25,Active,1477,17724
SUB0011261,CUST011261,2024-10-07,2026-10-07,Active,7325,87900
SUB0011262,CUST011262,2024-03-18,2027-03-18,Active,3980,47760
SUB0011263,CUST011263,2025-04-18,2026-04-18,Active,1501,18012
SUB0011264,CUST011264,2023-06-28,2026-06-28,Active,1001,12012
SUB0011265,CUST011265,2024-12-20,2025-12-20,Active,500,6000
SUB0011266,CUST011266,2023-10-29,2024-10-29,Active,11396,136752
SUB0011267,CUST011267,2023-08-25,2024-08-25,Pending Renewal,6106,73272
SUB0011268,CUST011268,2024-11-05,2026-11-05,Pending Renewal,1133,13596
SUB0011269,CUST011269,2024-09-03,2025-09-03,Active,1556,18672
SUB0011270,CUST011270,2025-03-04,2026-03-04,Active,1137,13644
SUB0011271,CUST011271,2025-05-23,2028-05-23,Active,3947,47364
SUB0011272,CUST011272,2024-12-23,2025-12-23,Active,16247,194964
SUB0011273,CUST011273,2025-08-16,2026-08-16,Active,664,7968
SUB0011274,CUST011274,2025-01-28,2028-01-28,Active,934,11208
SUB0011275,CUST011275,2023-08-04,2025-08-04,Active,662,7944
SUB0011276,CUST011276,2025-04-10,2028-04-10,Active,1632,19584
SUB0011277,CUST011277,2023-08-24,2025-08-24,Active,1234,14808
SUB0011278,CUST011278,2024-04-25,2026-04-25,Active,4365,52380
SUB0011279,CUST011279,2025-10-17,2026-10-17,Pending Renewal,359,4308
SUB0011280,CUST011280,2025-12-20,2026-12-20,Active,1674,20088
SUB0011281,CUST011281,2024-09-22,2026-09-22,Active,4529,54348
SUB0011282,CUST011282,2023-09-23,2025-09-23,Active,2354,28248
SUB0011283,CUST011283,2023-09-11,2025-09-11,Active,19441,233292
SUB0011284,CUST011284,2024-08-21,2025-08-21,Active,425,5100
SUB0011285,CUST011285,2024-01-01,2027-01-01,Cancelled,5985,71820
SUB0011286,CUST011286,2024-04-05,2025-04-05,Active,1322,15864
SUB0011287,CUST011287,2025-03-04,2028-03-04,Active,21763,261156
SUB0011288,CUST011288,2025-07-04,2027-07-04,Active,400,4800
SUB0011289,CUST011289,2024-01-25,2026-01-25,Active,4900,58800
SUB0011290,CUST011290,2024-02-20,2025-02-20,Active,1266,15192
SUB0011291,CUST011291,2024-12-05,2027-12-05,Active,1689,20268
SUB0011292,CUST011292,2023-11-24,2025-11-24,Active,14790,177480
SUB0011293,CUST011293,2024-08-27,2025-08-27,Active,6016,72192
SUB0011294,CUST011294,2025-08-29,2026-08-29,Pending Renewal,1406,16872
SUB0011295,CUST011295,2024-04-19,2026-04-19,Active,6202,74424
SUB0011296,CUST011296,2025-09-23,2027-09-23,Active,2611,31332
SUB0011297,CUST011297,2024-09-12,2025-09-12,Active,4207,50484
SUB0011298,CUST011298,2023-09-21,2025-09-21,Active,1986,23832
SUB0011299,CUST011299,2025-10-06,2028-10-06,Active,5574,66888
SUB0011300,CUST011300,2025-07-07,2028-07-07,Pending Renewal,4689,56268
SUB0011301,CUST011301,2023-11-10,2026-11-10,Active,7443,89316
SUB0011302,CUST011302,2024-03-10,2025-03-10,Pending Renewal,7176,86112
SUB0011303,CUST011303,2024-03-11,2027-03-11,Active,1798,21576
SUB0011304,CUST011304,2025-05-15,2027-05-15,Active,3504,42048
SUB0011305,CUST011305,2025-03-03,2026-03-03,Active,5853,70236
SUB0011306,CUST011306,2023-11-27,2025-11-27,Active,1726,20712
SUB0011307,CUST011307,2025-11-13,2026-11-13,Active,1006,12072
SUB0011308,CUST011308,2023-06-29,2026-06-29,Active,1153,13836
SUB0011309,CUST011309,2025-07-04,2028-07-04,Cancelled,7264,87168
SUB0011310,CUST011310,2024-10-01,2025-10-01,Active,6961,83532
SUB0011311,CUST011311,2023-12-28,2025-12-28,Pending Renewal,24333,291996
SUB0011312,CUST011312,2025-03-24,2027-03-24,Active,7994,95928
SUB0011313,CUST011313,2024-02-07,2027-02-07,Active,876,10512
SUB0011314,CUST011314,2025-09-22,2027-09-22,Active,612,7344
SUB0011315,CUST011315,2024-02-18,2025-02-18,Active,5425,65100
SUB0011316,CUST011316,2023-12-15,2026-12-15,Active,1703,20436
SUB0011317,CUST011317,2025-01-23,2027-01-23,Active,898,10776
SUB0011318,CUST011318,2025-02-13,2027-02-13,Cancelled,1260,15120
SUB0011319,CUST011319,2025-04-30,2028-04-30,Active,998,11976
SUB0011320,CUST011320,2024-05-06,2025-05-06,Pending Renewal,6444,77328
SUB0011321,CUST011321,2024-09-20,2027-09-20,Active,824,9888
SUB0011322,CUST011322,2025-02-23,2026-02-23,Active,23049,276588
SUB0011323,CUST011323,2025-09-13,2028-09-13,Active,4589,55068
SUB0011324,CUST011324,2023-08-04,2024-08-04,Cancelled,22374,268488
SUB0011325,CUST011325,2024-08-19,2025-08-19,Active,12855,154260
SUB0011326,CUST011326,2025-07-26,2028-07-26,Active,6159,73908
SUB0011327,CUST011327,2023-08-22,2024-08-22,Active,12603,151236
SUB0011328,CUST011328,2024-02-12,2025-02-12,Pending Renewal,249,2988
SUB0011329,CUST011329,2023-10-29,2025-10-29,Active,1985,23820
SUB0011330,CUST011330,2025-12-24,2028-12-24,Active,6592,79104
SUB0011331,CUST011331,2023-12-04,2024-12-04,Active,1765,21180
SUB0011332,CUST011332,2024-11-13,2026-11-13,Cancelled,1970,23640
SUB0011333,CUST011333,2025-01-26,2027-01-26,Active,3390,40680
SUB0011334,CUST011334,2025-06-13,2028-06-13,Active,1764,21168
SUB0011335,CUST011335,2025-03-07,2028-03-07,Active,23452,281424
SUB0011336,CUST011336,2023-11-04,2024-11-04,Active,1044,12528
SUB0011337,CUST011337,2024-03-02,2026-03-02,Active,193,2316
SUB0011338,CUST011338,2024-11-12,2027-11-12,Active,289,3468
SUB0011339,CUST011339,2023-09-12,2026-09-12,Active,1517,18204
SUB0011340,CUST011340,2024-04-02,2025-04-02,Active,7601,91212
SUB0011341,CUST011341,2024-04-24,2027-04-24,Pending Renewal,10702,128424
SUB0011342,CUST011342,2024-11-28,2026-11-28,Active,4839,58068
SUB0011343,CUST011343,2024-02-02,2025-02-02,Pending Renewal,20919,251028
SUB0011344,CUST011344,2024-05-19,2026-05-19,Active,211,2532
SUB0011345,CUST011345,2023-11-22,2026-11-22,Active,1700,20400
SUB0011346,CUST011346,2025-08-18,2027-08-18,Active,1750,21000
SUB0011347,CUST011347,2024-12-29,2025-12-29,Active,364,4368
SUB0011348,CUST011348,2025-02-01,2028-02-01,Active,1836,22032
SUB0011349,CUST011349,2025-09-18,2027-09-18,Active,5806,69672
SUB0011350,CUST011350,2025-07-03,2027-07-03,Active,1415,16980
SUB0011351,CUST011351,2023-07-16,2025-07-16,Active,15252,183024
SUB0011352,CUST011352,2025-03-27,2026-03-27,Active,1561,18732
SUB0011353,CUST011353,2025-07-21,2028-07-21,Active,17261,207132
SUB0011354,CUST011354,2024-08-31,2025-08-31,Active,1420,17040
SUB0011355,CUST011355,2023-07-21,2026-07-21,Pending Renewal,6822,81864
SUB0011356,CUST011356,2024-08-10,2026-08-10,Active,15077,180924
SUB0011357,CUST011357,2023-10-16,2026-10-16,Active,1427,17124
SUB0011358,CUST011358,2024-06-04,2027-06-04,Pending Renewal,4163,49956
SUB0011359,CUST011359,2023-08-07,2026-08-07,Active,1512,18144
SUB0011360,CUST011360,2023-12-14,2025-12-14,Pending Renewal,2830,33960
SUB0011361,CUST011361,2024-01-01,2025-01-01,Active,667,8004
SUB0011362,CUST011362,2024-01-12,2027-01-12,Active,1054,12648
SUB0011363,CUST011363,2024-11-11,2027-11-11,Pending Renewal,676,8112
SUB0011364,CUST011364,2024-02-03,2025-02-03,Active,3363,40356
SUB0011365,CUST011365,2023-09-15,2024-09-15,Active,2572,30864
SUB0011366,CUST011366,2024-03-30,2026-03-30,Active,1552,18624
SUB0011367,CUST011367,2025-06-29,2026-06-29,Active,6610,79320
SUB0011368,CUST011368,2024-07-11,2027-07-11,Pending Renewal,154,1848
SUB0011369,CUST011369,2025-01-24,2026-01-24,Active,1203,14436
SUB0011370,CUST011370,2024-11-08,2025-11-08,Active,21117,253404
SUB0011371,CUST011371,2024-02-12,2026-02-12,Active,10490,125880
SUB0011372,CUST011372,2024-02-27,2027-02-27,Active,341,4092
SUB0011373,CUST011373,2024-05-09,2027-05-09,Pending Renewal,3969,47628
SUB0011374,CUST011374,2023-07-05,2024-07-05,Active,489,5868
SUB0011375,CUST011375,2024-01-30,2026-01-30,Active,15439,185268
SUB0011376,CUST011376,2024-08-15,2027-08-15,Active,1182,14184
SUB0011377,CUST011377,2024-07-30,2025-07-30,Active,7847,94164
SUB0011378,CUST011378,2025-12-09,2028-12-09,Active,1452,17424
SUB0011379,CUST011379,2024-07-31,2027-07-31,Pending Renewal,7303,87636
SUB0011380,CUST011380,2023-09-23,2026-09-23,Active,1229,14748
SUB0011381,CUST011381,2025-12-01,2026-12-01,Pending Renewal,7009,84108
SUB0011382,CUST011382,2025-12-17,2026-12-17,Active,791,9492
SUB0011383,CUST011383,2023-11-29,2025-11-29,Pending Renewal,6294,75528
SUB0011384,CUST011384,2025-09-14,2027-09-14,Active,15393,184716
SUB0011385,CUST011385,2025-09-26,2026-09-26,Cancelled,1659,19908
SUB0011386,CUST011386,2023-08-24,2024-08-24,Active,2227,26724
SUB0011387,CUST011387,2023-09-30,2026-09-30,Active,1484,17808
SUB0011388,CUST011388,2023-11-03,2024-11-03,Active,4397,52764
SUB0011389,CUST011389,2025-11-25,2028-11-25,Active,1890,22680
SUB0011390,CUST011390,2024-01-18,2027-01-18,Active,8007,96084
SUB0011391,CUST011391,2024-10-24,2027-10-24,Active,4575,54900
SUB0011392,CUST011392,2024-03-26,2025-03-26,Active,4744,56928
SUB0011393,CUST011393,2024-12-20,2026-12-20,Active,4891,58692
SUB0011394,CUST011394,2023-07-30,2024-07-30,Active,335,4020
SUB0011395,CUST011395,2025-05-23,2027-05-23,Active,311,3732
SUB0011396,CUST011396,2024-08-31,2025-08-31,Cancelled,1298,15576
SUB0011397,CUST011397,2023-07-21,2025-07-21,Active,490,5880
SUB0011398,CUST011398,2023-09-30,2025-09-30,Active,1892,22704
SUB0011399,CUST011399,2025-03-17,2028-03-17,Active,7100,85200
SUB0011400,CUST011400,2023-12-27,2025-12-27,Active,1611,19332
SUB0011401,CUST011401,2025-01-13,2027-01-13,Cancelled,1475,17700
SUB0011402,CUST011402,2024-09-22,2026-09-22,Active,564,6768
SUB0011403,CUST011403,2025-12-14,2027-12-14,Active,2400,28800
SUB0011404,CUST011404,2025-08-27,2026-08-27,Active,253,3036
SUB0011405,CUST011405,2025-01-22,2028-01-22,Active,1978,23736
SUB0011406,CUST011406,2023-08-22,2024-08-22,Active,5746,68952
SUB0011407,CUST011407,2023-10-04,2025-10-04,Active,1268,15216
SUB0011408,CUST011408,2025-06-05,2027-06-05,Active,1988,23856
SUB0011409,CUST011409,2024-04-04,2026-04-04,Active,791,9492
SUB0011410,CUST011410,2025-06-05,2027-06-05,Active,6362,76344
SUB0011411,CUST011411,2024-08-13,2025-08-13,Active,4223,50676
SUB0011412,CUST011412,2024-10-04,2026-10-04,Active,1533,18396
SUB0011413,CUST011413,2025-01-03,2027-01-03,Active,1298,15576
SUB0011414,CUST011414,2024-06-20,2025-06-20,Active,14326,171912
SUB0011415,CUST011415,2025-10-18,2027-10-18,Active,2457,29484
SUB0011416,CUST011416,2024-12-18,2026-12-18,Active,14785,177420
SUB0011417,CUST011417,2023-10-12,2025-10-12,Active,13246,158952
SUB0011418,CUST011418,2024-04-06,2027-04-06,Pending Renewal,3353,40236
SUB0011419,CUST011419,2025-08-09,2028-08-09,Active,7059,84708
SUB0011420,CUST011420,2025-02-15,2027-02-15,Active,6762,81144
SUB0011421,CUST011421,2024-07-14,2027-07-14,Active,1142,13704
SUB0011422,CUST011422,2024-02-15,2026-02-15,Active,1134,13608
SUB0011423,CUST011423,2024-05-20,2027-05-20,Active,1733,20796
SUB0011424,CUST011424,2025-06-23,2026-06-23,Pending Renewal,7090,85080
SUB0011425,CUST011425,2025-10-26,2027-10-26,Active,1072,12864
SUB0011426,CUST011426,2025-03-07,2026-03-07,Pending Renewal,252,3024
SUB0011427,CUST011427,2025-05-08,2027-05-08,Active,5483,65796
SUB0011428,CUST011428,2024-10-10,2027-10-10,Active,189,2268
SUB0011429,CUST011429,2024-07-27,2025-07-27,Active,1531,18372
SUB0011430,CUST011430,2023-07-19,2024-07-19,Active,1768,21216
SUB0011431,CUST011431,2024-03-09,2027-03-09,Active,5362,64344
SUB0011432,CUST011432,2025-04-16,2028-04-16,Active,1292,15504
SUB0011433,CUST011433,2024-11-06,2025-11-06,Active,1055,12660
SUB0011434,CUST011434,2023-07-25,2025-07-25,Active,7926,95112
SUB0011435,CUST011435,2024-07-08,2027-07-08,Pending Renewal,7685,92220
SUB0011436,CUST011436,2025-04-02,2027-04-02,Active,1695,20340
SUB0011437,CUST011437,2025-04-29,2027-04-29,Active,23130,277560
SUB0011438,CUST011438,2024-12-01,2026-12-01,Pending Renewal,398,4776
SUB0011439,CUST011439,2024-10-28,2026-10-28,Active,1762,21144
SUB0011440,CUST011440,2025-01-17,2027-01-17,Cancelled,7028,84336
SUB0011441,CUST011441,2024-06-08,2025-06-08,Active,9231,110772
SUB0011442,CUST011442,2025-05-21,2027-05-21,Active,1505,18060
SUB0011443,CUST011443,2024-07-11,2026-07-11,Active,4767,57204
SUB0011444,CUST011444,2025-09-21,2027-09-21,Active,435,5220
SUB0011445,CUST011445,2024-06-02,2027-06-02,Active,1946,23352
SUB0011446,CUST011446,2024-09-20,2025-09-20,Active,883,10596
SUB0011447,CUST011447,2025-07-24,2027-07-24,Active,644,7728
SUB0011448,CUST011448,2025-11-17,2028-11-17,Active,2998,35976
SUB0011449,CUST011449,2024-09-10,2026-09-10,Active,828,9936
SUB0011450,CUST011450,2025-04-21,2028-04-21,Active,1337,16044
SUB0011451,CUST011451,2024-04-01,2025-04-01,Active,24369,292428
SUB0011452,CUST011452,2023-07-22,2024-07-22,Active,6110,73320
SUB0011453,CUST011453,2024-07-31,2025-07-31,Active,898,10776
SUB0011454,CUST011454,2025-04-06,2027-04-06,Active,1157,13884
SUB0011455,CUST011455,2024-04-26,2027-04-26,Cancelled,280,3360
SUB0011456,CUST011456,2023-11-02,2026-11-02,Active,2870,34440
SUB0011457,CUST011457,2025-07-12,2028-07-12,Active,7091,85092
SUB0011458,CUST011458,2024-06-04,2025-06-04,Active,1346,16152
SUB0011459,CUST011459,2025-06-06,2028-06-06,Active,7004,84048
SUB0011460,CUST011460,2023-06-28,2025-06-28,Active,2185,26220
SUB0011461,CUST011461,2023-08-25,2024-08-25,Active,5729,68748
SUB0011462,CUST011462,2024-07-13,2025-07-13,Cancelled,6919,83028
SUB0011463,CUST011463,2025-10-19,2027-10-19,Active,5074,60888
SUB0011464,CUST011464,2023-12-16,2025-12-16,Active,1918,23016
SUB0011465,CUST011465,2024-11-13,2025-11-13,Active,1633,19596
SUB0011466,CUST011466,2025-12-17,2026-12-17,Active,185,2220
SUB0011467,CUST011467,2025-11-29,2026-11-29,Active,3242,38904
SUB0011468,CUST011468,2024-07-09,2025-07-09,Active,1953,23436
SUB0011469,CUST011469,2023-12-12,2025-12-12,Cancelled,7099,85188
SUB0011470,CUST011470,2025-04-29,2026-04-29,Active,1824,21888
SUB0011471,CUST011471,2024-02-10,2027-02-10,Active,7285,87420
SUB0011472,CUST011472,2023-11-15,2025-11-15,Active,5776,69312
SUB0011473,CUST011473,2024-01-27,2027-01-27,Active,1531,18372
SUB0011474,CUST011474,2024-01-08,2025-01-08,Active,2957,35484
SUB0011475,CUST011475,2025-01-01,2027-01-01,Active,4397,52764
SUB0011476,CUST011476,2025-06-05,2027-06-05,Active,5528,66336
SUB0011477,CUST011477,2025-03-04,2027-03-04,Active,1884,22608
SUB0011478,CUST011478,2025-03-22,2028-03-22,Active,1396,16752
SUB0011479,CUST011479,2024-03-30,2027-03-30,Pending Renewal,3472,41664
SUB0011480,CUST011480,2025-01-16,2026-01-16,Active,6265,75180
SUB0011481,CUST011481,2024-06-30,2027-06-30,Pending Renewal,1802,21624
SUB0011482,CUST011482,2025-10-17,2027-10-17,Active,5927,71124
SUB0011483,CUST011483,2024-04-20,2027-04-20,Active,4724,56688
SUB0011484,CUST011484,2023-08-26,2025-08-26,Active,22815,273780
SUB0011485,CUST011485,2023-09-25,2024-09-25,Active,1369,16428
SUB0011486,CUST011486,2024-10-08,2026-10-08,Active,1312,15744
SUB0011487,CUST011487,2024-03-06,2027-03-06,Active,771,9252
SUB0011488,CUST011488,2024-07-17,2027-07-17,Pending Renewal,505,6060
SUB0011489,CUST011489,2024-02-22,2026-02-22,Active,1995,23940
SUB0011490,CUST011490,2025-11-05,2026-11-05,Active,10412,124944
SUB0011491,CUST011491,2025-11-12,2028-11-12,Active,1869,22428
SUB0011492,CUST011492,2023-08-05,2024-08-05,Active,788,9456
SUB0011493,CUST011493,2025-09-28,2026-09-28,Active,1871,22452
SUB0011494,CUST011494,2025-09-07,2027-09-07,Active,23682,284184
SUB0011495,CUST011495,2024-05-22,2026-05-22,Active,8224,98688
SUB0011496,CUST011496,2025-07-28,2026-07-28,Active,6817,81804
SUB0011497,CUST011497,2025-03-01,2026-03-01,Cancelled,10963,131556
SUB0011498,CUST011498,2023-12-14,2024-12-14,Active,1458,17496
SUB0011499,CUST011499,2023-07-04,2025-07-04,Active,15032,180384
SUB0011500,CUST011500,2023-08-24,2024-08-24,Pending Renewal,18569,222828
SUB0011501,CUST011501,2024-10-10,2027-10-10,Active,1121,13452
SUB0011502,CUST011502,2023-10-25,2026-10-25,Active,6297,75564
SUB0011503,CUST011503,2025-07-01,2027-07-01,Active,15753,189036
SUB0011504,CUST011504,2025-12-20,2027-12-20,Active,3557,42684
SUB0011505,CUST011505,2024-02-29,2027-02-28,Active,7617,91404
SUB0011506,CUST011506,2025-04-05,2026-04-05,Active,671,8052
SUB0011507,CUST011507,2024-02-13,2026-02-13,Active,5952,71424
SUB0011508,CUST011508,2025-04-10,2027-04-10,Active,7906,94872
SUB0011509,CUST011509,2023-12-07,2026-12-07,Active,839,10068
SUB0011510,CUST011510,2023-12-06,2025-12-06,Active,354,4248
SUB0011511,CUST011511,2023-12-08,2025-12-08,Pending Renewal,1908,22896
SUB0011512,CUST011512,2025-08-28,2027-08-28,Active,13769,165228
SUB0011513,CUST011513,2025-09-30,2027-09-30,Active,1356,16272
SUB0011514,CUST011514,2025-03-07,2026-03-07,Active,674,8088
SUB0011515,CUST011515,2025-07-09,2027-07-09,Active,7573,90876
SUB0011516,CUST011516,2024-05-24,2026-05-24,Active,4132,49584
SUB0011517,CUST011517,2025-02-25,2027-02-25,Active,10476,125712
SUB0011518,CUST011518,2024-02-01,2025-02-01,Active,1007,12084
SUB0011519,CUST011519,2024-10-07,2027-10-07,Active,7669,92028
SUB0011520,CUST011520,2025-09-16,2026-09-16,Active,1396,16752
SUB0011521,CUST011521,2025-10-17,2028-10-17,Pending Renewal,704,8448
SUB0011522,CUST011522,2025-03-15,2027-03-15,Active,3301,39612
SUB0011523,CUST011523,2024-08-09,2026-08-09,Pending Renewal,1155,13860
SUB0011524,CUST011524,2025-11-08,2026-11-08,Active,1091,13092
SUB0011525,CUST011525,2025-04-09,2027-04-09,Active,617,7404
SUB0011526,CUST011526,2024-08-18,2026-08-18,Pending Renewal,19594,235128
SUB0011527,CUST011527,2024-09-13,2026-09-13,Pending Renewal,9418,113016
SUB0011528,CUST011528,2024-12-09,2026-12-09,Active,1102,13224
SUB0011529,CUST011529,2025-09-02,2027-09-02,Active,3332,39984
SUB0011530,CUST011530,2025-04-25,2027-04-25,Active,7940,95280
SUB0011531,CUST011531,2025-09-25,2028-09-25,Active,6765,81180
SUB0011532,CUST011532,2025-04-20,2026-04-20,Active,1323,15876
SUB0011533,CUST011533,2025-01-07,2026-01-07,Active,9947,119364
SUB0011534,CUST011534,2024-08-16,2025-08-16,Active,2511,30132
SUB0011535,CUST011535,2024-11-10,2025-11-10,Active,560,6720
SUB0011536,CUST011536,2025-11-15,2027-11-15,Active,4913,58956
SUB0011537,CUST011537,2024-04-28,2026-04-28,Active,1322,15864
SUB0011538,CUST011538,2023-12-20,2026-12-20,Cancelled,1966,23592
SUB0011539,CUST011539,2025-03-04,2026-03-04,Active,170,2040
SUB0011540,CUST011540,2025-08-27,2027-08-27,Active,1804,21648
SUB0011541,CUST011541,2025-07-29,2028-07-29,Active,722,8664
SUB0011542,CUST011542,2025-04-24,2028-04-24,Active,1796,21552
SUB0011543,CUST011543,2025-01-16,2028-01-16,Active,2455,29460
SUB0011544,CUST011544,2025-10-30,2026-10-30,Active,3587,43044
SUB0011545,CUST011545,2025-03-07,2026-03-07,Cancelled,274,3288
SUB0011546,CUST011546,2024-04-10,2025-04-10,Active,1075,12900
SUB0011547,CUST011547,2024-09-12,2027-09-12,Pending Renewal,6536,78432
SUB0011548,CUST011548,2025-06-15,2028-06-15,Active,4778,57336
SUB0011549,CUST011549,2025-10-15,2028-10-15,Active,8462,101544
SUB0011550,CUST011550,2023-08-12,2024-08-12,Active,14981,179772
SUB0011551,CUST011551,2024-10-17,2025-10-17,Active,1194,14328
SUB0011552,CUST011552,2025-04-14,2027-04-14,Active,6224,74688
SUB0011553,CUST011553,2025-10-04,2027-10-04,Active,7201,86412
SUB0011554,CUST011554,2025-07-16,2026-07-16,Active,1703,20436
SUB0011555,CUST011555,2025-04-14,2027-04-14,Active,6355,76260
SUB0011556,CUST011556,2024-08-31,2027-08-31,Active,1779,21348
SUB0011557,CUST011557,2024-11-07,2027-11-07,Active,5158,61896
SUB0011558,CUST011558,2024-04-18,2027-04-18,Active,8027,96324
SUB0011559,CUST011559,2025-02-06,2027-02-06,Active,7145,85740
SUB0011560,CUST011560,2025-09-18,2028-09-18,Active,6432,77184
SUB0011561,CUST011561,2024-06-23,2027-06-23,Active,7503,90036
SUB0011562,CUST011562,2024-10-06,2026-10-06,Active,1578,18936
SUB0011563,CUST011563,2023-08-21,2024-08-21,Active,17543,210516
SUB0011564,CUST011564,2025-10-01,2028-10-01,Active,24801,297612
SUB0011565,CUST011565,2024-08-10,2027-08-10,Active,10906,130872
SUB0011566,CUST011566,2024-09-27,2025-09-27,Active,7014,84168
SUB0011567,CUST011567,2023-11-28,2025-11-28,Active,730,8760
SUB0011568,CUST011568,2024-11-10,2027-11-10,Active,19572,234864
SUB0011569,CUST011569,2025-11-21,2028-11-21,Active,1720,20640
SUB0011570,CUST011570,2023-11-17,2024-11-17,Active,3453,41436
SUB0011571,CUST011571,2023-07-06,2026-07-06,Active,1169,14028
SUB0011572,CUST011572,2025-02-04,2027-02-04,Cancelled,1880,22560
SUB0011573,CUST011573,2023-12-13,2026-12-13,Active,4956,59472
SUB0011574,CUST011574,2024-01-04,2025-01-04,Active,114,1368
SUB0011575,CUST011575,2024-11-30,2026-11-30,Cancelled,4006,48072
SUB0011576,CUST011576,2023-09-23,2026-09-23,Active,605,7260
SUB0011577,CUST011577,2024-12-01,2026-12-01,Active,1068,12816
SUB0011578,CUST011578,2025-02-12,2026-02-12,Active,2296,27552
SUB0011579,CUST011579,2024-09-20,2027-09-20,Active,211,2532
SUB0011580,CUST011580,2023-11-01,2025-11-01,Active,1892,22704
SUB0011581,CUST011581,2024-05-11,2027-05-11,Active,24263,291156
SUB0011582,CUST011582,2023-07-21,2026-07-21,Active,907,10884
SUB0011583,CUST011583,2025-04-02,2027-04-02,Pending Renewal,1463,17556
SUB0011584,CUST011584,2025-04-18,2026-04-18,Active,228,2736
SUB0011585,CUST011585,2025-11-03,2027-11-03,Active,1462,17544
SUB0011586,CUST011586,2024-12-19,2025-12-19,Active,1095,13140
SUB0011587,CUST011587,2023-08-15,2025-08-15,Pending Renewal,1799,21588
SUB0011588,CUST011588,2024-09-08,2025-09-08,Pending Renewal,3428,41136
SUB0011589,CUST011589,2024-03-28,2026-03-28,Active,3200,38400
SUB0011590,CUST011590,2023-12-18,2025-12-18,Active,5163,61956
SUB0011591,CUST011591,2025-06-08,2028-06-08,Active,758,9096
SUB0011592,CUST011592,2025-03-02,2028-03-02,Active,121,1452
SUB0011593,CUST011593,2023-10-10,2024-10-10,Active,1462,17544
SUB0011594,CUST011594,2024-06-10,2027-06-10,Active,163,1956
SUB0011595,CUST011595,2025-07-16,2026-07-16,Pending Renewal,666,7992
SUB0011596,CUST011596,2025-05-30,2026-05-30,Active,649,7788
SUB0011597,CUST011597,2023-09-27,2025-09-27,Active,1824,21888
SUB0011598,CUST011598,2025-01-13,2028-01-13,Active,1049,12588
SUB0011599,CUST011599,2023-07-01,2026-07-01,Active,12973,155676
SUB0011600,CUST011600,2023-07-18,2024-07-18,Active,4023,48276
SUB0011601,CUST011601,2025-06-12,2027-06-12,Cancelled,4817,57804
SUB0011602,CUST011602,2025-02-14,2028-02-14,Active,7755,93060
SUB0011603,CUST011603,2023-07-10,2025-07-10,Active,11180,134160
SUB0011604,CUST011604,2025-10-12,2028-10-12,Active,1576,18912
SUB0011605,CUST011605,2025-12-07,2028-12-07,Active,3238,38856
SUB0011606,CUST011606,2024-02-27,2027-02-27,Active,613,7356
SUB0011607,CUST011607,2025-02-02,2026-02-02,Active,1350,16200
SUB0011608,CUST011608,2025-06-10,2028-06-10,Active,7578,90936
SUB0011609,CUST011609,2023-07-18,2026-07-18,Active,4728,56736
SUB0011610,CUST011610,2024-09-06,2027-09-06,Cancelled,542,6504
SUB0011611,CUST011611,2024-04-10,2027-04-10,Active,946,11352
SUB0011612,CUST011612,2025-09-22,2027-09-22,Active,1345,16140
SUB0011613,CUST011613,2023-12-02,2026-12-02,Pending Renewal,571,6852
SUB0011614,CUST011614,2025-04-06,2028-04-06,Active,2571,30852
SUB0011615,CUST011615,2024-08-09,2025-08-09,Pending Renewal,798,9576
SUB0011616,CUST011616,2024-02-09,2026-02-09,Pending Renewal,16912,202944
SUB0011617,CUST011617,2024-06-13,2026-06-13,Active,1150,13800
SUB0011618,CUST011618,2024-08-02,2026-08-02,Active,6059,72708
SUB0011619,CUST011619,2024-10-27,2026-10-27,Active,1838,22056
SUB0011620,CUST011620,2025-11-07,2028-11-07,Active,6475,77700
SUB0011621,CUST011621,2024-07-27,2027-07-27,Active,22798,273576
SUB0011622,CUST011622,2025-03-05,2027-03-05,Active,4090,49080
SUB0011623,CUST011623,2025-07-07,2026-07-07,Active,1331,15972
SUB0011624,CUST011624,2025-02-10,2028-02-10,Active,1612,19344
SUB0011625,CUST011625,2025-10-08,2026-10-08,Active,919,11028
SUB0011626,CUST011626,2025-11-25,2028-11-25,Active,491,5892
SUB0011627,CUST011627,2025-03-19,2027-03-19,Active,9324,111888
SUB0011628,CUST011628,2024-11-13,2025-11-13,Active,5085,61020
SUB0011629,CUST011629,2024-09-18,2026-09-18,Active,16687,200244
SUB0011630,CUST011630,2025-11-06,2028-11-06,Active,312,3744
SUB0011631,CUST011631,2024-12-23,2025-12-23,Active,3132,37584
SUB0011632,CUST011632,2023-12-04,2024-12-04,Active,9116,109392
SUB0011633,CUST011633,2025-12-13,2026-12-13,Active,115,1380
SUB0011634,CUST011634,2024-08-17,2026-08-17,Active,854,10248
SUB0011635,CUST011635,2025-09-11,2026-09-11,Active,1217,14604
SUB0011636,CUST011636,2025-05-13,2026-05-13,Active,1851,22212
SUB0011637,CUST011637,2024-02-09,2027-02-09,Active,1246,14952
SUB0011638,CUST011638,2025-11-28,2027-11-28,Active,11121,133452
SUB0011639,CUST011639,2023-07-25,2026-07-25,Active,806,9672
SUB0011640,CUST011640,2024-03-18,2026-03-18,Active,5718,68616
SUB0011641,CUST011641,2025-05-29,2028-05-29,Active,4360,52320
SUB0011642,CUST011642,2024-06-14,2026-06-14,Pending Renewal,1811,21732
SUB0011643,CUST011643,2024-12-18,2027-12-18,Active,1887,22644
SUB0011644,CUST011644,2023-12-28,2025-12-28,Active,5716,68592
SUB0011645,CUST011645,2024-07-19,2025-07-19,Active,1069,12828
SUB0011646,CUST011646,2023-10-04,2026-10-04,Pending Renewal,839,10068
SUB0011647,CUST011647,2024-07-08,2026-07-08,Active,2195,26340
SUB0011648,CUST011648,2025-03-08,2027-03-08,Active,7305,87660
SUB0011649,CUST011649,2024-02-16,2025-02-16,Active,1674,20088
SUB0011650,CUST011650,2025-07-09,2027-07-09,Active,1430,17160
SUB0011651,CUST011651,2024-09-20,2025-09-20,Active,797,9564
SUB0011652,CUST011652,2024-12-20,2027-12-20,Active,1575,18900
SUB0011653,CUST011653,2023-10-22,2024-10-22,Pending Renewal,112,1344
SUB0011654,CUST011654,2024-04-06,2027-04-06,Active,6104,73248
SUB0011655,CUST011655,2024-04-25,2025-04-25,Active,7231,86772
SUB0011656,CUST011656,2025-07-05,2026-07-05,Pending Renewal,21382,256584
SUB0011657,CUST011657,2023-09-30,2026-09-30,Pending Renewal,13975,167700
SUB0011658,CUST011658,2025-10-20,2026-10-20,Cancelled,15996,191952
SUB0011659,CUST011659,2024-12-15,2026-12-15,Pending Renewal,642,7704
SUB0011660,CUST011660,2024-07-14,2025-07-14,Active,1231,14772
SUB0011661,CUST011661,2024-07-31,2027-07-31,Active,1764,21168
SUB0011662,CUST011662,2023-07-30,2024-07-30,Active,470,5640
SUB0011663,CUST011663,2023-12-31,2025-12-31,Active,21652,259824
SUB0011664,CUST011664,2023-07-12,2024-07-12,Active,4058,48696
SUB0011665,CUST011665,2023-10-01,2024-10-01,Active,7118,85416
SUB0011666,CUST011666,2023-10-26,2026-10-26,Cancelled,1924,23088
SUB0011667,CUST011667,2024-04-15,2026-04-15,Active,5042,60504
SUB0011668,CUST011668,2025-10-08,2027-10-08,Active,314,3768
SUB0011669,CUST011669,2025-12-17,2028-12-17,Active,5386,64632
SUB0011670,CUST011670,2024-04-10,2025-04-10,Active,6580,78960
SUB0011671,CUST011671,2025-03-15,2027-03-15,Active,6165,73980
SUB0011672,CUST011672,2025-07-27,2026-07-27,Pending Renewal,277,3324
SUB0011673,CUST011673,2024-12-19,2025-12-19,Active,4484,53808
SUB0011674,CUST011674,2025-09-18,2027-09-18,Active,1112,13344
SUB0011675,CUST011675,2024-08-23,2026-08-23,Active,201,2412
SUB0011676,CUST011676,2025-07-20,2028-07-20,Active,5016,60192
SUB0011677,CUST011677,2024-07-18,2026-07-18,Active,1005,12060
SUB0011678,CUST011678,2025-05-24,2027-05-24,Cancelled,2861,34332
SUB0011679,CUST011679,2024-10-24,2027-10-24,Active,5810,69720
SUB0011680,CUST011680,2025-03-09,2026-03-09,Active,627,7524
SUB0011681,CUST011681,2024-01-26,2026-01-26,Cancelled,1431,17172
SUB0011682,CUST011682,2023-10-21,2024-10-21,Active,1596,19152
SUB0011683,CUST011683,2023-12-29,2024-12-29,Active,2965,35580
SUB0011684,CUST011684,2023-11-14,2024-11-14,Active,1842,22104
SUB0011685,CUST011685,2025-09-09,2026-09-09,Active,1733,20796
SUB0011686,CUST011686,2024-01-18,2026-01-18,Active,1578,18936
SUB0011687,CUST011687,2023-12-08,2026-12-08,Pending Renewal,17560,210720
SUB0011688,CUST011688,2024-02-17,2027-02-17,Active,6242,74904
SUB0011689,CUST011689,2023-11-24,2026-11-24,Active,1654,19848
SUB0011690,CUST011690,2025-01-24,2028-01-24,Active,192,2304
SUB0011691,CUST011691,2023-11-16,2024-11-16,Active,1705,20460
SUB0011692,CUST011692,2025-07-12,2027-07-12,Active,6397,76764
SUB0011693,CUST011693,2023-09-26,2025-09-26,Active,16424,197088
SUB0011694,CUST011694,2025-09-12,2027-09-12,Active,657,7884
SUB0011695,CUST011695,2025-09-09,2027-09-09,Active,1197,14364
SUB0011696,CUST011696,2024-06-14,2025-06-14,Active,8128,97536
SUB0011697,CUST011697,2024-04-15,2027-04-15,Active,6848,82176
SUB0011698,CUST011698,2023-12-02,2024-12-02,Pending Renewal,733,8796
SUB0011699,CUST011699,2024-12-09,2025-12-09,Active,1085,13020
SUB0011700,CUST011700,2024-09-24,2026-09-24,Cancelled,1289,15468
SUB0011701,CUST011701,2024-11-23,2026-11-23,Active,2150,25800
SUB0011702,CUST011702,2025-08-13,2027-08-13,Active,965,11580
SUB0011703,CUST011703,2023-10-26,2025-10-26,Active,6355,76260
SUB0011704,CUST011704,2024-08-10,2025-08-10,Active,1757,21084
SUB0011705,CUST011705,2023-12-20,2024-12-20,Cancelled,387,4644
SUB0011706,CUST011706,2023-11-20,2025-11-20,Active,4836,58032
SUB0011707,CUST011707,2024-12-27,2025-12-27,Active,1634,19608
SUB0011708,CUST011708,2024-11-04,2027-11-04,Active,2307,27684
SUB0011709,CUST011709,2024-11-10,2026-11-10,Active,1130,13560
SUB0011710,CUST011710,2023-06-28,2025-06-28,Active,12121,145452
SUB0011711,CUST011711,2024-06-03,2027-06-03,Pending Renewal,7851,94212
SUB0011712,CUST011712,2024-12-29,2026-12-29,Active,530,6360
SUB0011713,CUST011713,2025-09-04,2027-09-04,Active,10226,122712
SUB0011714,CUST011714,2024-08-21,2026-08-21,Active,825,9900
SUB0011715,CUST011715,2023-07-06,2026-07-06,Active,6375,76500
SUB0011716,CUST011716,2024-09-30,2027-09-30,Active,875,10500
SUB0011717,CUST011717,2025-11-19,2027-11-19,Pending Renewal,716,8592
SUB0011718,CUST011718,2024-10-18,2025-10-18,Active,761,9132
SUB0011719,CUST011719,2024-09-13,2026-09-13,Active,2614,31368
SUB0011720,CUST011720,2023-09-21,2026-09-21,Active,1379,16548
SUB0011721,CUST011721,2023-11-10,2024-11-10,Active,7542,90504
SUB0011722,CUST011722,2024-12-25,2025-12-25,Pending Renewal,6055,72660
SUB0011723,CUST011723,2024-10-30,2025-10-30,Active,19525,234300
SUB0011724,CUST011724,2025-03-25,2027-03-25,Active,20983,251796
SUB0011725,CUST011725,2024-10-23,2026-10-23,Cancelled,1600,19200
SUB0011726,CUST011726,2025-12-08,2026-12-08,Active,1789,21468
SUB0011727,CUST011727,2023-07-28,2024-07-28,Active,1859,22308
SUB0011728,CUST011728,2024-10-24,2027-10-24,Active,7076,84912
SUB0011729,CUST011729,2024-10-03,2026-10-03,Active,15467,185604
SUB0011730,CUST011730,2023-08-24,2025-08-24,Pending Renewal,1777,21324
SUB0011731,CUST011731,2024-09-25,2025-09-25,Active,18657,223884
SUB0011732,CUST011732,2024-09-26,2027-09-26,Active,929,11148
SUB0011733,CUST011733,2025-03-23,2026-03-23,Active,5493,65916
SUB0011734,CUST011734,2024-02-05,2027-02-05,Cancelled,2357,28284
SUB0011735,CUST011735,2024-07-18,2026-07-18,Active,6410,76920
SUB0011736,CUST011736,2024-01-16,2027-01-16,Cancelled,1773,21276
SUB0011737,CUST011737,2025-05-19,2028-05-19,Pending Renewal,858,10296
SUB0011738,CUST011738,2024-10-19,2026-10-19,Pending Renewal,1906,22872
SUB0011739,CUST011739,2023-11-06,2024-11-06,Active,1704,20448
SUB0011740,CUST011740,2024-02-27,2027-02-27,Active,18176,218112
SUB0011741,CUST011741,2025-01-21,2028-01-21,Active,6129,73548
SUB0011742,CUST011742,2024-01-03,2026-01-03,Active,15368,184416
SUB0011743,CUST011743,2025-07-10,2026-07-10,Cancelled,19215,230580
SUB0011744,CUST011744,2025-11-17,2028-11-17,Active,4458,53496
SUB0011745,CUST011745,2025-10-16,2026-10-16,Pending Renewal,1219,14628
SUB0011746,CUST011746,2023-10-16,2025-10-16,Active,1321,15852
SUB0011747,CUST011747,2023-07-01,2025-07-01,Active,19936,239232
SUB0011748,CUST011748,2024-10-17,2025-10-17,Active,24634,295608
SUB0011749,CUST011749,2025-07-21,2028-07-21,Active,1479,17748
SUB0011750,CUST011750,2025-02-05,2027-02-05,Active,1161,13932
SUB0011751,CUST011751,2024-04-01,2025-04-01,Pending Renewal,17618,211416
SUB0011752,CUST011752,2024-04-30,2026-04-30,Active,18475,221700
SUB0011753,CUST011753,2023-10-23,2026-10-23,Active,3459,41508
SUB0011754,CUST011754,2024-06-07,2025-06-07,Active,149,1788
SUB0011755,CUST011755,2023-08-06,2026-08-06,Active,1410,16920
SUB0011756,CUST011756,2024-09-03,2027-09-03,Cancelled,7406,88872
SUB0011757,CUST011757,2024-12-30,2025-12-30,Pending Renewal,133,1596
SUB0011758,CUST011758,2023-12-17,2026-12-17,Active,2333,27996
SUB0011759,CUST011759,2024-08-10,2025-08-10,Active,1266,15192
SUB0011760,CUST011760,2025-09-26,2028-09-26,Active,17803,213636
SUB0011761,CUST011761,2025-09-12,2027-09-12,Pending Renewal,7202,86424
SUB0011762,CUST011762,2023-09-18,2026-09-18,Active,819,9828
SUB0011763,CUST011763,2025-09-01,2026-09-01,Active,7852,94224
SUB0011764,CUST011764,2023-07-28,2025-07-28,Active,1151,13812
SUB0011765,CUST011765,2025-05-04,2028-05-04,Active,22345,268140
SUB0011766,CUST011766,2023-07-23,2024-07-23,Active,5612,67344
SUB0011767,CUST011767,2024-04-30,2025-04-30,Active,11242,134904
SUB0011768,CUST011768,2025-04-17,2026-04-17,Active,1418,17016
SUB0011769,CUST011769,2025-05-15,2028-05-15,Active,1378,16536
SUB0011770,CUST011770,2023-12-25,2024-12-25,Active,1314,15768
SUB0011771,CUST011771,2023-11-02,2025-11-02,Active,278,3336
SUB0011772,CUST011772,2025-05-23,2026-05-23,Active,4323,51876
SUB0011773,CUST011773,2025-06-08,2026-06-08,Active,1895,22740
SUB0011774,CUST011774,2024-11-01,2026-11-01,Active,546,6552
SUB0011775,CUST011775,2024-06-15,2026-06-15,Active,144,1728
SUB0011776,CUST011776,2024-08-16,2026-08-16,Active,3626,43512
SUB0011777,CUST011777,2024-07-15,2026-07-15,Active,14846,178152
SUB0011778,CUST011778,2023-12-25,2025-12-25,Active,1005,12060
SUB0011779,CUST011779,2024-11-19,2026-11-19,Active,9427,113124
SUB0011780,CUST011780,2024-01-02,2026-01-02,Pending Renewal,1454,17448
SUB0011781,CUST011781,2023-11-05,2026-11-05,Active,1690,20280
SUB0011782,CUST011782,2023-07-06,2025-07-06,Active,1837,22044
SUB0011783,CUST011783,2025-09-03,2027-09-03,Active,8455,101460
SUB0011784,CUST011784,2025-09-24,2027-09-24,Active,1075,12900
SUB0011785,CUST011785,2025-10-04,2028-10-04,Active,483,5796
SUB0011786,CUST011786,2023-10-25,2025-10-25,Pending Renewal,11390,136680
SUB0011787,CUST011787,2024-03-21,2026-03-21,Active,1755,21060
SUB0011788,CUST011788,2025-06-16,2028-06-16,Active,1445,17340
SUB0011789,CUST011789,2024-12-18,2025-12-18,Active,3301,39612
SUB0011790,CUST011790,2025-03-12,2026-03-12,Active,1530,18360
SUB0011791,CUST011791,2023-10-23,2025-10-23,Active,1365,16380
SUB0011792,CUST011792,2025-08-10,2026-08-10,Active,2393,28716
SUB0011793,CUST011793,2023-08-12,2025-08-12,Active,1710,20520
SUB0011794,CUST011794,2023-12-27,2025-12-27,Active,1897,22764
SUB0011795,CUST011795,2024-12-11,2025-12-11,Active,1343,16116
SUB0011796,CUST011796,2025-08-03,2027-08-03,Active,9916,118992
SUB0011797,CUST011797,2024-06-04,2027-06-04,Active,1950,23400
SUB0011798,CUST011798,2024-09-15,2026-09-15,Pending Renewal,1011,12132
SUB0011799,CUST011799,2024-11-04,2026-11-04,Active,17962,215544
SUB0011800,CUST011800,2023-12-05,2024-12-05,Active,408,4896
SUB0011801,CUST011801,2023-11-22,2026-11-22,Active,616,7392
SUB0011802,CUST011802,2024-12-11,2027-12-11,Active,1040,12480
SUB0011803,CUST011803,2025-01-15,2026-01-15,Active,770,9240
SUB0011804,CUST011804,2025-12-08,2028-12-08,Active,150,1800
SUB0011805,CUST011805,2024-08-19,2025-08-19,Pending Renewal,6822,81864
SUB0011806,CUST011806,2024-12-10,2025-12-10,Cancelled,2398,28776
SUB0011807,CUST011807,2024-02-09,2026-02-09,Pending Renewal,1515,18180
SUB0011808,CUST011808,2024-05-24,2027-05-24,Active,7242,86904
SUB0011809,CUST011809,2024-09-05,2025-09-05,Active,7068,84816
SUB0011810,CUST011810,2024-07-09,2025-07-09,Active,2097,25164
SUB0011811,CUST011811,2024-07-20,2026-07-20,Active,1536,18432
SUB0011812,CUST011812,2025-01-15,2028-01-15,Active,4753,57036
SUB0011813,CUST011813,2023-10-02,2024-10-02,Active,1497,17964
SUB0011814,CUST011814,2023-12-14,2025-12-14,Active,1039,12468
SUB0011815,CUST011815,2025-09-24,2027-09-24,Active,1488,17856
SUB0011816,CUST011816,2025-08-28,2026-08-28,Cancelled,17896,214752
SUB0011817,CUST011817,2025-05-03,2027-05-03,Active,358,4296
SUB0011818,CUST011818,2023-09-23,2024-09-23,Active,13143,157716
SUB0011819,CUST011819,2025-12-04,2027-12-04,Active,273,3276
SUB0011820,CUST011820,2023-12-13,2024-12-13,Active,4498,53976
SUB0011821,CUST011821,2024-06-25,2027-06-25,Active,1935,23220
SUB0011822,CUST011822,2024-06-14,2026-06-14,Active,1142,13704
SUB0011823,CUST011823,2023-08-24,2026-08-24,Active,4654,55848
SUB0011824,CUST011824,2025-12-05,2027-12-05,Active,1774,21288
SUB0011825,CUST011825,2025-03-20,2027-03-20,Active,1801,21612
SUB0011826,CUST011826,2023-12-20,2024-12-20,Pending Renewal,15984,191808
SUB0011827,CUST011827,2025-05-21,2026-05-21,Active,369,4428
SUB0011828,CUST011828,2024-04-29,2026-04-29,Active,9057,108684
SUB0011829,CUST011829,2025-06-21,2028-06-21,Active,5592,67104
SUB0011830,CUST011830,2023-08-18,2025-08-18,Active,7109,85308
SUB0011831,CUST011831,2023-09-21,2026-09-21,Active,7555,90660
SUB0011832,CUST011832,2025-04-10,2028-04-10,Active,4210,50520
SUB0011833,CUST011833,2024-07-18,2025-07-18,Active,724,8688
SUB0011834,CUST011834,2023-12-15,2026-12-15,Active,20697,248364
SUB0011835,CUST011835,2024-05-13,2027-05-13,Active,7580,90960
SUB0011836,CUST011836,2023-07-12,2024-07-12,Active,1137,13644
SUB0011837,CUST011837,2025-07-17,2027-07-17,Active,5518,66216
SUB0011838,CUST011838,2024-07-21,2027-07-21,Active,1057,12684
SUB0011839,CUST011839,2025-05-19,2028-05-19,Active,21498,257976
SUB0011840,CUST011840,2024-06-01,2027-06-01,Cancelled,1396,16752
SUB0011841,CUST011841,2025-07-02,2027-07-02,Active,7743,92916
SUB0011842,CUST011842,2025-04-26,2028-04-26,Active,1785,21420
SUB0011843,CUST011843,2025-08-24,2028-08-24,Active,1413,16956
SUB0011844,CUST011844,2023-11-28,2025-11-28,Active,113,1356
SUB0011845,CUST011845,2023-10-14,2024-10-14,Pending Renewal,1740,20880
SUB0011846,CUST011846,2024-02-29,2027-02-28,Active,978,11736
SUB0011847,CUST011847,2025-09-06,2026-09-06,Active,631,7572
SUB0011848,CUST011848,2025-05-25,2027-05-25,Active,4881,58572
SUB0011849,CUST011849,2025-01-21,2028-01-21,Active,6651,79812
SUB0011850,CUST011850,2025-09-24,2026-09-24,Active,393,4716
SUB0011851,CUST011851,2023-09-13,2026-09-13,Active,5275,63300
SUB0011852,CUST011852,2024-06-19,2027-06-19,Active,905,10860
SUB0011853,CUST011853,2025-04-05,2026-04-05,Pending Renewal,2115,25380
SUB0011854,CUST011854,2023-11-01,2024-11-01,Active,7718,92616
SUB0011855,CUST011855,2025-04-01,2027-04-01,Active,23534,282408
SUB0011856,CUST011856,2023-09-29,2025-09-29,Active,4404,52848
SUB0011857,CUST011857,2023-11-02,2024-11-02,Active,7954,95448
SUB0011858,CUST011858,2023-12-18,2025-12-18,Cancelled,6696,80352
SUB0011859,CUST011859,2024-01-24,2025-01-24,Active,1069,12828
SUB0011860,CUST011860,2025-12-18,2026-12-18,Active,4226,50712
SUB0011861,CUST011861,2024-07-31,2026-07-31,Active,1231,14772
SUB0011862,CUST011862,2025-03-11,2026-03-11,Pending Renewal,1894,22728
SUB0011863,CUST011863,2025-03-06,2027-03-06,Active,461,5532
SUB0011864,CUST011864,2025-04-24,2027-04-24,Active,24896,298752
SUB0011865,CUST011865,2024-06-14,2025-06-14,Active,1261,15132
SUB0011866,CUST011866,2025-05-17,2026-05-17,Active,6031,72372
SUB0011867,CUST011867,2025-04-11,2028-04-11,Active,531,6372
SUB0011868,CUST011868,2023-08-15,2026-08-15,Active,1570,18840
SUB0011869,CUST011869,2024-12-11,2025-12-11,Cancelled,1823,21876
SUB0011870,CUST011870,2025-04-02,2027-04-02,Pending Renewal,1842,22104
SUB0011871,CUST011871,2024-09-11,2026-09-11,Active,1836,22032
SUB0011872,CUST011872,2025-03-12,2026-03-12,Active,7523,90276
SUB0011873,CUST011873,2024-01-02,2027-01-02,Active,6409,76908
SUB0011874,CUST011874,2025-08-22,2027-08-22,Active,4864,58368
SUB0011875,CUST011875,2024-02-17,2027-02-17,Active,1604,19248
SUB0011876,CUST011876,2025-01-23,2027-01-23,Active,316,3792
SUB0011877,CUST011877,2024-10-09,2026-10-09,Active,6829,81948
SUB0011878,CUST011878,2025-09-04,2028-09-04,Active,404,4848
SUB0011879,CUST011879,2023-11-29,2024-11-29,Active,7296,87552
SUB0011880,CUST011880,2023-09-26,2026-09-26,Active,1401,16812
SUB0011881,CUST011881,2025-09-14,2028-09-14,Cancelled,22644,271728
SUB0011882,CUST011882,2024-12-08,2027-12-08,Active,1234,14808
SUB0011883,CUST011883,2024-01-12,2026-01-12,Active,1728,20736
SUB0011884,CUST011884,2025-07-09,2026-07-09,Active,2147,25764
SUB0011885,CUST011885,2024-09-09,2025-09-09,Active,1950,23400
SUB0011886,CUST011886,2025-02-26,2028-02-26,Active,2322,27864
SUB0011887,CUST011887,2024-12-18,2027-12-18,Pending Renewal,5235,62820
SUB0011888,CUST011888,2024-05-11,2026-05-11,Active,1357,16284
SUB0011889,CUST011889,2023-07-24,2025-07-24,Active,17742,212904
SUB0011890,CUST011890,2024-01-31,2025-01-31,Active,5654,67848
SUB0011891,CUST011891,2024-03-08,2027-03-08,Active,2848,34176
SUB0011892,CUST011892,2025-09-07,2028-09-07,Pending Renewal,4961,59532
SUB0011893,CUST011893,2023-08-02,2026-08-02,Active,1167,14004
SUB0011894,CUST011894,2025-09-05,2026-09-05,Active,3950,47400
SUB0011895,CUST011895,2025-11-19,2027-11-19,Active,1930,23160
SUB0011896,CUST011896,2023-09-25,2026-09-25,Active,1990,23880
SUB0011897,CUST011897,2025-06-11,2028-06-11,Active,387,4644
SUB0011898,CUST011898,2025-04-02,2026-04-02,Active,19436,233232
SUB0011899,CUST011899,2025-06-23,2028-06-23,Active,23066,276792
SUB0011900,CUST011900,2024-05-07,2025-05-07,Active,2550,30600
SUB0011901,CUST011901,2024-01-20,2027-01-20,Active,1332,15984
SUB0011902,CUST011902,2024-12-09,2027-12-09,Active,6563,78756
SUB0011903,CUST011903,2025-10-04,2026-10-04,Active,2875,34500
SUB0011904,CUST011904,2024-10-12,2026-10-12,Active,2623,31476
SUB0011905,CUST011905,2023-11-06,2026-11-06,Active,419,5028
SUB0011906,CUST011906,2025-01-08,2027-01-08,Cancelled,5632,67584
SUB0011907,CUST011907,2023-08-09,2026-08-09,Active,1671,20052
SUB0011908,CUST011908,2025-06-27,2028-06-27,Pending Renewal,19381,232572
SUB0011909,CUST011909,2025-10-06,2026-10-06,Active,4543,54516
SUB0011910,CUST011910,2024-07-08,2026-07-08,Active,1502,18024
SUB0011911,CUST011911,2024-02-29,2027-02-28,Active,10830,129960
SUB0011912,CUST011912,2025-03-15,2027-03-15,Active,2943,35316
SUB0011913,CUST011913,2023-12-13,2026-12-13,Active,7623,91476
SUB0011914,CUST011914,2024-07-11,2026-07-11,Pending Renewal,365,4380
SUB0011915,CUST011915,2024-07-03,2026-07-03,Active,800,9600
SUB0011916,CUST011916,2023-10-04,2024-10-04,Active,18393,220716
SUB0011917,CUST011917,2025-01-16,2026-01-16,Pending Renewal,1643,19716
SUB0011918,CUST011918,2023-11-09,2024-11-09,Active,833,9996
SUB0011919,CUST011919,2023-07-17,2024-07-17,Active,4816,57792
SUB0011920,CUST011920,2023-12-05,2026-12-05,Active,6310,75720
SUB0011921,CUST011921,2024-01-26,2026-01-26,Active,7236,86832
SUB0011922,CUST011922,2024-10-24,2027-10-24,Active,5442,65304
SUB0011923,CUST011923,2025-11-05,2026-11-05,Active,1688,20256
SUB0011924,CUST011924,2024-06-21,2026-06-21,Cancelled,630,7560
SUB0011925,CUST011925,2024-08-10,2026-08-10,Pending Renewal,1433,17196
SUB0011926,CUST011926,2025-04-28,2026-04-28,Pending Renewal,16291,195492
SUB0011927,CUST011927,2025-07-25,2028-07-25,Active,833,9996
SUB0011928,CUST011928,2023-12-07,2025-12-07,Active,2173,26076
SUB0011929,CUST011929,2025-11-03,2026-11-03,Active,21889,262668
SUB0011930,CUST011930,2025-09-08,2028-09-08,Active,3862,46344
SUB0011931,CUST011931,2025-05-18,2027-05-18,Active,2723,32676
SUB0011932,CUST011932,2025-11-03,2026-11-03,Cancelled,1659,19908
SUB0011933,CUST011933,2024-07-15,2026-07-15,Active,765,9180
SUB0011934,CUST011934,2025-03-28,2026-03-28,Active,17003,204036
SUB0011935,CUST011935,2024-05-20,2026-05-20,Active,3682,44184
SUB0011936,CUST011936,2024-04-07,2026-04-07,Active,7910,94920
SUB0011937,CUST011937,2025-12-12,2026-12-12,Active,18061,216732
SUB0011938,CUST011938,2025-10-24,2026-10-24,Active,5830,69960
SUB0011939,CUST011939,2025-07-10,2026-07-10,Active,4381,52572
SUB0011940,CUST011940,2025-09-29,2028-09-29,Active,1593,19116
SUB0011941,CUST011941,2024-11-02,2025-11-02,Active,1874,22488
SUB0011942,CUST011942,2025-08-11,2028-08-11,Active,1212,14544
SUB0011943,CUST011943,2024-04-04,2025-04-04,Active,1832,21984
SUB0011944,CUST011944,2024-01-07,2027-01-07,Active,19097,229164
SUB0011945,CUST011945,2024-09-03,2026-09-03,Active,6420,77040
SUB0011946,CUST011946,2023-12-17,2025-12-17,Active,2349,28188
SUB0011947,CUST011947,2023-10-18,2026-10-18,Cancelled,1963,23556
SUB0011948,CUST011948,2024-09-17,2027-09-17,Pending Renewal,5551,66612
SUB0011949,CUST011949,2024-05-29,2025-05-29,Active,6372,76464
SUB0011950,CUST011950,2024-06-11,2025-06-11,Active,1335,16020
SUB0011951,CUST011951,2025-04-17,2026-04-17,Active,4530,54360
SUB0011952,CUST011952,2023-10-01,2026-10-01,Pending Renewal,1021,12252
SUB0011953,CUST011953,2023-08-28,2025-08-28,Active,538,6456
SUB0011954,CUST011954,2024-05-12,2026-05-12,Active,4546,54552
SUB0011955,CUST011955,2025-04-18,2028-04-18,Cancelled,6159,73908
SUB0011956,CUST011956,2024-08-23,2026-08-23,Active,4128,49536
SUB0011957,CUST011957,2024-02-12,2026-02-12,Active,327,3924
SUB0011958,CUST011958,2023-08-20,2026-08-20,Active,1994,23928
SUB0011959,CUST011959,2025-11-15,2028-11-15,Active,618,7416
SUB0011960,CUST011960,2025-03-12,2027-03-12,Active,11552,138624
SUB0011961,CUST011961,2025-11-15,2028-11-15,Pending Renewal,2058,24696
SUB0011962,CUST011962,2025-05-02,2026-05-02,Active,4705,56460
SUB0011963,CUST011963,2025-08-19,2026-08-19,Cancelled,1266,15192
SUB0011964,CUST011964,2024-07-20,2027-07-20,Active,1459,17508
SUB0011965,CUST011965,2025-01-07,2028-01-07,Pending Renewal,1134,13608
SUB0011966,CUST011966,2025-12-14,2026-12-14,Active,5543,66516
SUB0011967,CUST011967,2024-03-09,2027-03-09,Active,260,3120
SUB0011968,CUST011968,2025-02-07,2026-02-07,Active,1767,21204
SUB0011969,CUST011969,2024-08-08,2026-08-08,Active,897,10764
SUB0011970,CUST011970,2023-07-14,2024-07-14,Active,4948,59376
SUB0011971,CUST011971,2024-10-17,2027-10-17,Active,864,10368
SUB0011972,CUST011972,2024-11-23,2025-11-23,Pending Renewal,560,6720
SUB0011973,CUST011973,2025-04-03,2027-04-03,Cancelled,1298,15576
SUB0011974,CUST011974,2024-09-26,2027-09-26,Active,1438,17256
SUB0011975,CUST011975,2023-12-25,2025-12-25,Pending Renewal,1542,18504
SUB0011976,CUST011976,2025-10-05,2026-10-05,Pending Renewal,11378,136536
SUB0011977,CUST011977,2025-03-18,2027-03-18,Active,2288,27456
SUB0011978,CUST011978,2024-09-24,2025-09-24,Active,1967,23604
SUB0011979,CUST011979,2025-02-27,2028-02-27,Active,212,2544
SUB0011980,CUST011980,2025-04-26,2026-04-26,Active,723,8676
SUB0011981,CUST011981,2025-06-20,2027-06-20,Active,1398,16776
SUB0011982,CUST011982,2024-11-20,2027-11-20,Pending Renewal,997,11964
SUB0011983,CUST011983,2024-07-28,2026-07-28,Active,4657,55884
SUB0011984,CUST011984,2025-06-03,2028-06-03,Active,495,5940
SUB0011985,CUST011985,2023-09-07,2025-09-07,Active,8614,103368
SUB0011986,CUST011986,2025-01-25,2028-01-25,Active,634,7608
SUB0011987,CUST011987,2024-06-17,2027-06-17,Active,1028,12336
SUB0011988,CUST011988,2025-11-13,2028-11-13,Active,878,10536
SUB0011989,CUST011989,2025-09-06,2027-09-06,Active,9397,112764
SUB0011990,CUST011990,2024-10-11,2025-10-11,Pending Renewal,3919,47028
SUB0011991,CUST011991,2023-09-23,2024-09-23,Active,492,5904
SUB0011992,CUST011992,2024-06-18,2027-06-18,Active,4233,50796
SUB0011993,CUST011993,2023-12-24,2026-12-24,Active,1489,17868
SUB0011994,CUST011994,2023-12-04,2024-12-04,Active,1169,14028
SUB0011995,CUST011995,2024-05-14,2025-05-14,Active,5245,62940
SUB0011996,CUST011996,2023-11-21,2024-11-21,Pending Renewal,1161,13932
SUB0011997,CUST011997,2025-06-23,2027-06-23,Active,938,11256
SUB0011998,CUST011998,2024-09-06,2025-09-06,Active,1327,15924
SUB0011999,CUST011999,2024-11-25,2026-11-25,Active,5251,63012
SUB0012000,CUST012000,2024-09-19,2025-09-19,Active,1272,15264
SUB0012001,CUST012001,2025-04-17,2026-04-17,Active,1722,20664
SUB0012002,CUST012002,2024-09-12,2025-09-12,Pending Renewal,2472,29664
SUB0012003,CUST012003,2025-09-16,2028-09-16,Active,422,5064
SUB0012004,CUST012004,2024-01-02,2026-01-02,Active,158,1896
SUB0012005,CUST012005,2023-08-14,2025-08-14,Active,799,9588
SUB0012006,CUST012006,2025-01-20,2028-01-20,Active,5259,63108
SUB0012007,CUST012007,2024-11-24,2026-11-24,Active,3082,36984
SUB0012008,CUST012008,2025-11-07,2026-11-07,Active,6095,73140
SUB0012009,CUST012009,2025-06-29,2028-06-29,Active,1655,19860
SUB0012010,CUST012010,2025-03-22,2028-03-22,Active,18062,216744
SUB0012011,CUST012011,2023-08-09,2024-08-09,Active,7573,90876
SUB0012012,CUST012012,2025-10-09,2027-10-09,Active,3586,43032
SUB0012013,CUST012013,2025-02-17,2027-02-17,Active,11859,142308
SUB0012014,CUST012014,2025-09-30,2027-09-30,Active,752,9024
SUB0012015,CUST012015,2023-10-03,2026-10-03,Active,1592,19104
SUB0012016,CUST012016,2025-06-24,2028-06-24,Active,202,2424
SUB0012017,CUST012017,2023-08-03,2025-08-03,Active,2715,32580
SUB0012018,CUST012018,2025-01-13,2027-01-13,Pending Renewal,2278,27336
SUB0012019,CUST012019,2025-10-21,2028-10-21,Active,4147,49764
SUB0012020,CUST012020,2024-05-09,2025-05-09,Cancelled,1022,12264
SUB0012021,CUST012021,2025-07-06,2028-07-06,Active,7499,89988
SUB0012022,CUST012022,2024-05-09,2026-05-09,Active,742,8904
SUB0012023,CUST012023,2023-09-21,2024-09-21,Active,4521,54252
SUB0012024,CUST012024,2023-08-07,2025-08-07,Active,14796,177552
SUB0012025,CUST012025,2025-12-25,2028-12-25,Active,3342,40104
SUB0012026,CUST012026,2024-06-20,2025-06-20,Active,1987,23844
SUB0012027,CUST012027,2023-09-01,2026-09-01,Active,1423,17076
SUB0012028,CUST012028,2023-07-01,2024-07-01,Active,6198,74376
SUB0012029,CUST012029,2025-05-28,2026-05-28,Active,886,10632
SUB0012030,CUST012030,2024-09-23,2026-09-23,Active,1843,22116
SUB0012031,CUST012031,2024-09-08,2027-09-08,Active,350,4200
SUB0012032,CUST012032,2025-11-07,2028-11-07,Active,1320,15840
SUB0012033,CUST012033,2023-11-01,2024-11-01,Active,2865,34380
SUB0012034,CUST012034,2025-01-03,2026-01-03,Active,7178,86136
SUB0012035,CUST012035,2023-09-03,2025-09-03,Active,1351,16212
SUB0012036,CUST012036,2025-12-02,2026-12-02,Active,950,11400
SUB0012037,CUST012037,2025-04-02,2027-04-02,Active,6845,82140
SUB0012038,CUST012038,2025-08-15,2028-08-15,Active,6380,76560
SUB0012039,CUST012039,2024-07-29,2025-07-29,Active,1009,12108
SUB0012040,CUST012040,2023-10-10,2025-10-10,Pending Renewal,1824,21888
SUB0012041,CUST012041,2024-02-23,2025-02-23,Active,3857,46284
SUB0012042,CUST012042,2025-02-01,2028-02-01,Active,1317,15804
SUB0012043,CUST012043,2023-10-30,2025-10-30,Active,15143,181716
SUB0012044,CUST012044,2025-10-31,2027-10-31,Cancelled,1519,18228
SUB0012045,CUST012045,2025-10-18,2027-10-18,Active,2581,30972
SUB0012046,CUST012046,2023-07-01,2026-07-01,Pending Renewal,6289,75468
SUB0012047,CUST012047,2024-01-26,2026-01-26,Active,1683,20196
SUB0012048,CUST012048,2025-05-30,2028-05-30,Active,7023,84276
SUB0012049,CUST012049,2025-07-08,2027-07-08,Active,3420,41040
SUB0012050,CUST012050,2023-07-25,2024-07-25,Active,1902,22824
SUB0012051,CUST012051,2024-12-18,2026-12-18,Active,6971,83652
SUB0012052,CUST012052,2023-11-25,2025-11-25,Active,7525,90300
SUB0012053,CUST012053,2025-06-28,2028-06-28,Active,308,3696
SUB0012054,CUST012054,2025-10-29,2028-10-29,Active,1842,22104
SUB0012055,CUST012055,2023-11-07,2024-11-07,Active,1439,17268
SUB0012056,CUST012056,2023-10-19,2025-10-19,Active,2503,30036
SUB0012057,CUST012057,2025-10-05,2028-10-05,Active,1950,23400
SUB0012058,CUST012058,2024-06-08,2025-06-08,Active,3724,44688
SUB0012059,CUST012059,2025-12-01,2027-12-01,Pending Renewal,905,10860
SUB0012060,CUST012060,2024-04-19,2027-04-19,Active,3099,37188
SUB0012061,CUST012061,2023-07-02,2025-07-02,Active,1541,18492
SUB0012062,CUST012062,2025-09-11,2026-09-11,Active,1188,14256
SUB0012063,CUST012063,2023-12-09,2025-12-09,Active,1561,18732
SUB0012064,CUST012064,2025-08-22,2026-08-22,Active,3861,46332
SUB0012065,CUST012065,2025-05-11,2026-05-11,Active,5312,63744
SUB0012066,CUST012066,2024-02-18,2026-02-18,Active,947,11364
SUB0012067,CUST012067,2025-11-28,2027-11-28,Active,21379,256548
SUB0012068,CUST012068,2025-11-07,2027-11-07,Cancelled,17074,204888
SUB0012069,CUST012069,2024-12-13,2026-12-13,Active,23891,286692
SUB0012070,CUST012070,2023-12-25,2026-12-25,Active,5470,65640
SUB0012071,CUST012071,2025-04-26,2026-04-26,Active,8002,96024
SUB0012072,CUST012072,2024-03-14,2027-03-14,Active,5256,63072
SUB0012073,CUST012073,2023-08-27,2026-08-27,Pending Renewal,6389,76668
SUB0012074,CUST012074,2023-10-09,2024-10-09,Active,1152,13824
SUB0012075,CUST012075,2025-07-17,2026-07-17,Active,653,7836
SUB0012076,CUST012076,2023-12-06,2024-12-06,Pending Renewal,1802,21624
SUB0012077,CUST012077,2023-07-14,2026-07-14,Active,1027,12324
SUB0012078,CUST012078,2023-09-27,2024-09-27,Active,15663,187956
SUB0012079,CUST012079,2024-07-23,2027-07-23,Active,5059,60708
SUB0012080,CUST012080,2025-06-24,2027-06-24,Pending Renewal,5606,67272
SUB0012081,CUST012081,2025-07-28,2028-07-28,Active,2741,32892
SUB0012082,CUST012082,2023-08-18,2026-08-18,Active,3940,47280
SUB0012083,CUST012083,2024-05-11,2026-05-11,Active,5090,61080
SUB0012084,CUST012084,2024-06-08,2026-06-08,Active,14868,178416
SUB0012085,CUST012085,2025-02-01,2028-02-01,Pending Renewal,5079,60948
SUB0012086,CUST012086,2023-10-24,2025-10-24,Active,479,5748
SUB0012087,CUST012087,2025-11-02,2026-11-02,Pending Renewal,1278,15336
SUB0012088,CUST012088,2024-08-08,2026-08-08,Active,22649,271788
SUB0012089,CUST012089,2025-07-03,2026-07-03,Active,1229,14748
SUB0012090,CUST012090,2024-02-26,2025-02-26,Active,2812,33744
SUB0012091,CUST012091,2024-04-29,2027-04-29,Active,5883,70596
SUB0012092,CUST012092,2025-04-02,2027-04-02,Cancelled,6070,72840
SUB0012093,CUST012093,2023-12-30,2024-12-30,Pending Renewal,2426,29112
SUB0012094,CUST012094,2025-11-18,2027-11-18,Active,1290,15480
SUB0012095,CUST012095,2023-08-27,2025-08-27,Active,1065,12780
SUB0012096,CUST012096,2024-09-25,2027-09-25,Pending Renewal,4691,56292
SUB0012097,CUST012097,2025-11-14,2027-11-14,Active,781,9372
SUB0012098,CUST012098,2024-11-25,2026-11-25,Active,2350,28200
SUB0012099,CUST012099,2024-03-24,2026-03-24,Cancelled,1267,15204
SUB0012100,CUST012100,2025-05-18,2028-05-18,Active,1820,21840
SUB0012101,CUST012101,2025-11-18,2026-11-18,Active,15081,180972
SUB0012102,CUST012102,2025-03-28,2027-03-28,Active,1972,23664
SUB0012103,CUST012103,2025-04-20,2027-04-20,Pending Renewal,1505,18060
SUB0012104,CUST012104,2023-09-10,2026-09-10,Active,619,7428
SUB0012105,CUST012105,2025-10-11,2026-10-11,Active,1493,17916
SUB0012106,CUST012106,2024-04-05,2026-04-05,Active,487,5844
SUB0012107,CUST012107,2025-11-19,2028-11-19,Active,4503,54036
SUB0012108,CUST012108,2024-03-19,2027-03-19,Active,836,10032
SUB0012109,CUST012109,2025-11-28,2027-11-28,Active,6273,75276
SUB0012110,CUST012110,2024-05-01,2025-05-01,Active,414,4968
SUB0012111,CUST012111,2024-03-23,2025-03-23,Active,10496,125952
SUB0012112,CUST012112,2024-05-14,2025-05-14,Pending Renewal,12580,150960
SUB0012113,CUST012113,2023-07-03,2025-07-03,Active,1675,20100
SUB0012114,CUST012114,2023-11-17,2026-11-17,Active,2355,28260
SUB0012115,CUST012115,2023-12-09,2024-12-09,Active,1589,19068
SUB0012116,CUST012116,2025-02-19,2026-02-19,Pending Renewal,1556,18672
SUB0012117,CUST012117,2023-07-27,2026-07-27,Active,973,11676
SUB0012118,CUST012118,2025-01-14,2026-01-14,Pending Renewal,1220,14640
SUB0012119,CUST012119,2025-06-24,2027-06-24,Active,635,7620
SUB0012120,CUST012120,2025-04-03,2026-04-03,Active,1163,13956
SUB0012121,CUST012121,2024-11-20,2027-11-20,Active,4211,50532
SUB0012122,CUST012122,2024-06-22,2026-06-22,Active,10047,120564
SUB0012123,CUST012123,2023-08-14,2024-08-14,Active,7229,86748
SUB0012124,CUST012124,2025-07-09,2027-07-09,Active,2369,28428
SUB0012125,CUST012125,2024-04-20,2026-04-20,Active,3436,41232
SUB0012126,CUST012126,2023-07-23,2024-07-23,Active,7872,94464
SUB0012127,CUST012127,2023-08-09,2025-08-09,Active,17925,215100
SUB0012128,CUST012128,2025-07-02,2026-07-02,Active,838,10056
SUB0012129,CUST012129,2025-12-06,2028-12-06,Active,708,8496
SUB0012130,CUST012130,2024-01-24,2027-01-24,Active,2256,27072
SUB0012131,CUST012131,2025-05-10,2026-05-10,Active,884,10608
SUB0012132,CUST012132,2024-06-23,2027-06-23,Active,1439,17268
SUB0012133,CUST012133,2025-01-05,2026-01-05,Active,2544,30528
SUB0012134,CUST012134,2024-08-13,2025-08-13,Active,3704,44448
SUB0012135,CUST012135,2023-07-29,2025-07-29,Cancelled,2303,27636
SUB0012136,CUST012136,2025-03-18,2028-03-18,Active,9004,108048
SUB0012137,CUST012137,2025-12-26,2026-12-26,Active,2028,24336
SUB0012138,CUST012138,2024-09-24,2026-09-24,Active,1540,18480
SUB0012139,CUST012139,2024-11-20,2025-11-20,Active,1022,12264
SUB0012140,CUST012140,2024-07-01,2027-07-01,Active,4499,53988
SUB0012141,CUST012141,2024-03-10,2026-03-10,Active,3267,39204
SUB0012142,CUST012142,2025-05-05,2028-05-05,Active,350,4200
SUB0012143,CUST012143,2025-08-25,2028-08-25,Active,665,7980
SUB0012144,CUST012144,2024-07-23,2027-07-23,Active,2843,34116
SUB0012145,CUST012145,2024-12-02,2027-12-02,Active,634,7608
SUB0012146,CUST012146,2025-11-12,2028-11-12,Pending Renewal,1989,23868
SUB0012147,CUST012147,2023-12-09,2025-12-09,Active,15185,182220
SUB0012148,CUST012148,2024-04-12,2025-04-12,Active,4313,51756
SUB0012149,CUST012149,2024-06-13,2027-06-13,Active,6009,72108
SUB0012150,CUST012150,2025-03-26,2027-03-26,Active,1734,20808
SUB0012151,CUST012151,2023-12-11,2026-12-11,Active,4554,54648
SUB0012152,CUST012152,2023-09-15,2024-09-15,Active,890,10680
SUB0012153,CUST012153,2025-07-12,2028-07-12,Active,23237,278844
SUB0012154,CUST012154,2024-03-05,2026-03-05,Active,18921,227052
SUB0012155,CUST012155,2025-10-28,2028-10-28,Pending Renewal,6459,77508
SUB0012156,CUST012156,2025-02-13,2026-02-13,Active,1684,20208
SUB0012157,CUST012157,2024-03-16,2025-03-16,Active,2099,25188
SUB0012158,CUST012158,2024-09-18,2027-09-18,Active,4963,59556
SUB0012159,CUST012159,2025-08-02,2027-08-02,Active,476,5712
SUB0012160,CUST012160,2023-11-27,2024-11-27,Active,235,2820
SUB0012161,CUST012161,2025-12-16,2028-12-16,Active,1488,17856
SUB0012162,CUST012162,2025-05-09,2027-05-09,Active,1238,14856
SUB0012163,CUST012163,2024-01-26,2026-01-26,Cancelled,5018,60216
SUB0012164,CUST012164,2023-11-12,2025-11-12,Active,1716,20592
SUB0012165,CUST012165,2023-11-23,2026-11-23,Active,1567,18804
SUB0012166,CUST012166,2023-09-09,2024-09-09,Active,1813,21756
SUB0012167,CUST012167,2023-11-13,2026-11-13,Active,6487,77844
SUB0012168,CUST012168,2025-04-02,2026-04-02,Active,2568,30816
SUB0012169,CUST012169,2025-02-04,2026-02-04,Active,2979,35748
SUB0012170,CUST012170,2023-09-18,2026-09-18,Active,251,3012
SUB0012171,CUST012171,2023-08-16,2026-08-16,Active,1723,20676
SUB0012172,CUST012172,2023-10-24,2025-10-24,Active,165,1980
SUB0012173,CUST012173,2024-04-07,2025-04-07,Active,1253,15036
SUB0012174,CUST012174,2025-03-23,2028-03-23,Active,1204,14448
SUB0012175,CUST012175,2025-03-15,2026-03-15,Pending Renewal,11746,140952
SUB0012176,CUST012176,2023-12-24,2025-12-24,Active,19454,233448
SUB0012177,CUST012177,2024-07-02,2027-07-02,Active,3827,45924
SUB0012178,CUST012178,2025-11-25,2028-11-25,Active,17346,208152
SUB0012179,CUST012179,2024-06-03,2026-06-03,Active,1863,22356
SUB0012180,CUST012180,2023-08-22,2026-08-22,Active,7504,90048
SUB0012181,CUST012181,2025-11-08,2026-11-08,Active,4764,57168
SUB0012182,CUST012182,2025-03-30,2028-03-30,Active,17013,204156
SUB0012183,CUST012183,2025-05-08,2027-05-08,Active,967,11604
SUB0012184,CUST012184,2023-10-15,2024-10-15,Active,21461,257532
SUB0012185,CUST012185,2025-01-18,2027-01-18,Active,409,4908
SUB0012186,CUST012186,2025-08-17,2027-08-17,Active,537,6444
SUB0012187,CUST012187,2024-01-22,2026-01-22,Active,22529,270348
SUB0012188,CUST012188,2025-02-12,2026-02-12,Active,6207,74484
SUB0012189,CUST012189,2025-11-15,2028-11-15,Cancelled,1703,20436
SUB0012190,CUST012190,2023-07-25,2026-07-25,Active,5998,71976
SUB0012191,CUST012191,2024-12-01,2026-12-01,Active,7656,91872
SUB0012192,CUST012192,2024-07-23,2027-07-23,Active,542,6504
SUB0012193,CUST012193,2025-12-16,2028-12-16,Active,4667,56004
SUB0012194,CUST012194,2024-01-31,2026-01-31,Active,189,2268
SUB0012195,CUST012195,2024-06-06,2027-06-06,Active,524,6288
SUB0012196,CUST012196,2024-07-05,2027-07-05,Pending Renewal,1850,22200
SUB0012197,CUST012197,2024-09-30,2027-09-30,Active,23151,277812
SUB0012198,CUST012198,2025-01-06,2027-01-06,Active,4549,54588
SUB0012199,CUST012199,2023-07-25,2025-07-25,Active,14420,173040
SUB0012200,CUST012200,2023-08-21,2024-08-21,Active,23582,282984
SUB0012201,CUST012201,2024-05-12,2025-05-12,Active,1239,14868
SUB0012202,CUST012202,2024-08-09,2027-08-09,Active,1781,21372
SUB0012203,CUST012203,2023-08-30,2024-08-30,Active,1287,15444
SUB0012204,CUST012204,2024-02-13,2025-02-13,Active,284,3408
SUB0012205,CUST012205,2025-02-08,2026-02-08,Cancelled,10653,127836
SUB0012206,CUST012206,2024-10-22,2025-10-22,Active,290,3480
SUB0012207,CUST012207,2025-03-14,2027-03-14,Active,114,1368
SUB0012208,CUST012208,2024-08-28,2025-08-28,Active,4021,48252
SUB0012209,CUST012209,2025-12-20,2027-12-20,Active,11345,136140
SUB0012210,CUST012210,2024-12-21,2026-12-21,Active,1283,15396
SUB0012211,CUST012211,2024-11-26,2027-11-26,Cancelled,1031,12372
SUB0012212,CUST012212,2025-02-01,2028-02-01,Pending Renewal,2156,25872
SUB0012213,CUST012213,2024-07-04,2025-07-04,Active,6999,83988
SUB0012214,CUST012214,2023-12-10,2025-12-10,Active,1506,18072
SUB0012215,CUST012215,2023-10-16,2025-10-16,Active,7104,85248
SUB0012216,CUST012216,2024-07-24,2027-07-24,Pending Renewal,5264,63168
SUB0012217,CUST012217,2023-11-17,2026-11-17,Pending Renewal,19027,228324
SUB0012218,CUST012218,2025-07-15,2027-07-15,Pending Renewal,1871,22452
SUB0012219,CUST012219,2024-02-25,2025-02-25,Active,1969,23628
SUB0012220,CUST012220,2024-09-20,2025-09-20,Cancelled,7648,91776
SUB0012221,CUST012221,2025-01-28,2026-01-28,Pending Renewal,6711,80532
SUB0012222,CUST012222,2024-05-04,2026-05-04,Active,1512,18144
SUB0012223,CUST012223,2025-04-19,2028-04-19,Active,365,4380
SUB0012224,CUST012224,2025-01-11,2026-01-11,Active,2870,34440
SUB0012225,CUST012225,2023-11-15,2024-11-15,Active,1449,17388
SUB0012226,CUST012226,2025-08-20,2027-08-20,Active,166,1992
SUB0012227,CUST012227,2024-11-14,2027-11-14,Active,2244,26928
SUB0012228,CUST012228,2025-05-10,2026-05-10,Active,7954,95448
SUB0012229,CUST012229,2024-05-25,2026-05-25,Active,8087,97044
SUB0012230,CUST012230,2024-01-01,2027-01-01,Active,1332,15984
SUB0012231,CUST012231,2025-02-27,2026-02-27,Pending Renewal,7162,85944
SUB0012232,CUST012232,2025-03-08,2027-03-08,Active,7894,94728
SUB0012233,CUST012233,2023-11-04,2026-11-04,Active,15809,189708
SUB0012234,CUST012234,2025-07-29,2026-07-29,Active,5601,67212
SUB0012235,CUST012235,2025-01-15,2028-01-15,Active,478,5736
SUB0012236,CUST012236,2025-03-19,2027-03-19,Pending Renewal,2611,31332
SUB0012237,CUST012237,2025-08-24,2027-08-24,Active,1462,17544
SUB0012238,CUST012238,2025-09-05,2028-09-05,Active,857,10284
SUB0012239,CUST012239,2023-11-10,2026-11-10,Active,5152,61824
SUB0012240,CUST012240,2025-03-14,2026-03-14,Active,7594,91128
SUB0012241,CUST012241,2025-03-16,2028-03-16,Active,21958,263496
SUB0012242,CUST012242,2024-12-06,2025-12-06,Active,427,5124
SUB0012243,CUST012243,2025-08-17,2026-08-17,Active,20356,244272
SUB0012244,CUST012244,2024-03-06,2025-03-06,Cancelled,2957,35484
SUB0012245,CUST012245,2025-08-05,2028-08-05,Active,316,3792
SUB0012246,CUST012246,2024-02-08,2026-02-08,Active,917,11004
SUB0012247,CUST012247,2023-10-11,2026-10-11,Cancelled,1899,22788
SUB0012248,CUST012248,2024-12-09,2025-12-09,Active,19160,229920
SUB0012249,CUST012249,2025-08-13,2028-08-13,Active,2283,27396
SUB0012250,CUST012250,2025-04-30,2026-04-30,Cancelled,1124,13488
SUB0012251,CUST012251,2024-08-27,2025-08-27,Active,22542,270504
SUB0012252,CUST012252,2024-06-17,2027-06-17,Cancelled,4146,49752
SUB0012253,CUST012253,2025-04-16,2028-04-16,Cancelled,3687,44244
SUB0012254,CUST012254,2024-09-30,2026-09-30,Active,1649,19788
SUB0012255,CUST012255,2024-03-13,2026-03-13,Active,4933,59196
SUB0012256,CUST012256,2023-10-29,2025-10-29,Active,1734,20808
SUB0012257,CUST012257,2025-11-18,2026-11-18,Active,348,4176
SUB0012258,CUST012258,2024-07-22,2025-07-22,Active,1771,21252
SUB0012259,CUST012259,2023-12-08,2025-12-08,Active,14363,172356
SUB0012260,CUST012260,2023-12-21,2025-12-21,Active,7097,85164
SUB0012261,CUST012261,2024-03-20,2027-03-20,Active,433,5196
SUB0012262,CUST012262,2024-08-31,2026-08-31,Active,467,5604
SUB0012263,CUST012263,2025-02-10,2028-02-10,Active,1467,17604
SUB0012264,CUST012264,2024-10-25,2026-10-25,Active,6353,76236
SUB0012265,CUST012265,2024-12-11,2026-12-11,Cancelled,927,11124
SUB0012266,CUST012266,2024-05-13,2027-05-13,Active,501,6012
SUB0012267,CUST012267,2023-11-18,2026-11-18,Active,475,5700
SUB0012268,CUST012268,2024-10-03,2027-10-03,Active,582,6984
SUB0012269,CUST012269,2025-02-07,2027-02-07,Active,1040,12480
SUB0012270,CUST012270,2025-04-10,2028-04-10,Active,1511,18132
SUB0012271,CUST012271,2024-10-20,2027-10-20,Active,530,6360
SUB0012272,CUST012272,2024-04-24,2027-04-24,Active,1877,22524
SUB0012273,CUST012273,2025-09-25,2028-09-25,Active,166,1992
SUB0012274,CUST012274,2023-10-21,2025-10-21,Active,24583,294996
SUB0012275,CUST012275,2023-10-05,2025-10-05,Pending Renewal,1106,13272
SUB0012276,CUST012276,2025-11-20,2027-11-20,Active,4038,48456
SUB0012277,CUST012277,2023-07-17,2026-07-17,Active,5722,68664
SUB0012278,CUST012278,2023-08-18,2025-08-18,Pending Renewal,2877,34524
SUB0012279,CUST012279,2024-07-19,2027-07-19,Active,297,3564
SUB0012280,CUST012280,2024-02-27,2025-02-27,Active,1553,18636
SUB0012281,CUST012281,2024-02-22,2027-02-22,Active,12553,150636
SUB0012282,CUST012282,2024-07-29,2027-07-29,Active,752,9024
SUB0012283,CUST012283,2024-12-03,2027-12-03,Active,7988,95856
SUB0012284,CUST012284,2024-02-26,2025-02-26,Active,1844,22128
SUB0012285,CUST012285,2023-11-23,2026-11-23,Active,6754,81048
SUB0012286,CUST012286,2024-07-30,2025-07-30,Active,7841,94092
SUB0012287,CUST012287,2023-11-18,2025-11-18,Active,5423,65076
SUB0012288,CUST012288,2025-01-11,2026-01-11,Active,1745,20940
SUB0012289,CUST012289,2025-02-16,2027-02-16,Active,19933,239196
SUB0012290,CUST012290,2025-04-01,2026-04-01,Active,205,2460
SUB0012291,CUST012291,2024-01-02,2027-01-02,Active,5438,65256
SUB0012292,CUST012292,2025-07-06,2028-07-06,Active,602,7224
SUB0012293,CUST012293,2024-11-25,2025-11-25,Pending Renewal,6175,74100
SUB0012294,CUST012294,2024-06-16,2025-06-16,Active,6187,74244
SUB0012295,CUST012295,2023-11-22,2026-11-22,Active,644,7728
SUB0012296,CUST012296,2023-10-09,2024-10-09,Active,455,5460
SUB0012297,CUST012297,2023-07-12,2026-07-12,Cancelled,12031,144372
SUB0012298,CUST012298,2024-06-12,2026-06-12,Active,20729,248748
SUB0012299,CUST012299,2025-01-17,2026-01-17,Active,5567,66804
SUB0012300,CUST012300,2025-02-08,2026-02-08,Active,2639,31668
SUB0012301,CUST012301,2025-01-21,2027-01-21,Active,1482,17784
SUB0012302,CUST012302,2025-11-02,2028-11-02,Active,2573,30876
SUB0012303,CUST012303,2024-09-30,2027-09-30,Active,1003,12036
SUB0012304,CUST012304,2024-01-31,2027-01-31,Active,6090,73080
SUB0012305,CUST012305,2025-12-05,2026-12-05,Active,17066,204792
SUB0012306,CUST012306,2025-11-04,2028-11-04,Active,19060,228720
SUB0012307,CUST012307,2024-07-31,2025-07-31,Active,5841,70092
SUB0012308,CUST012308,2024-06-06,2027-06-06,Active,1356,16272
SUB0012309,CUST012309,2023-09-02,2026-09-02,Active,1534,18408
SUB0012310,CUST012310,2024-05-07,2026-05-07,Active,1193,14316
SUB0012311,CUST012311,2025-08-08,2028-08-08,Pending Renewal,19836,238032
SUB0012312,CUST012312,2025-09-27,2027-09-27,Active,774,9288
SUB0012313,CUST012313,2025-06-28,2027-06-28,Active,23284,279408
SUB0012314,CUST012314,2024-12-14,2026-12-14,Active,1650,19800
SUB0012315,CUST012315,2024-08-05,2027-08-05,Active,15758,189096
SUB0012316,CUST012316,2023-09-26,2024-09-26,Cancelled,2576,30912
SUB0012317,CUST012317,2024-09-03,2025-09-03,Active,1061,12732
SUB0012318,CUST012318,2024-08-20,2026-08-20,Active,491,5892
SUB0012319,CUST012319,2025-01-04,2028-01-04,Active,2599,31188
SUB0012320,CUST012320,2025-07-27,2027-07-27,Active,392,4704
SUB0012321,CUST012321,2024-12-15,2025-12-15,Active,1544,18528
SUB0012322,CUST012322,2023-09-25,2025-09-25,Cancelled,5852,70224
SUB0012323,CUST012323,2023-09-04,2026-09-04,Active,1961,23532
SUB0012324,CUST012324,2023-08-06,2026-08-06,Active,860,10320
SUB0012325,CUST012325,2025-07-22,2028-07-22,Active,6734,80808
SUB0012326,CUST012326,2023-11-13,2026-11-13,Active,15037,180444
SUB0012327,CUST012327,2025-02-25,2026-02-25,Active,7307,87684
SUB0012328,CUST012328,2025-01-06,2026-01-06,Pending Renewal,959,11508
SUB0012329,CUST012329,2025-07-02,2027-07-02,Active,4186,50232
SUB0012330,CUST012330,2023-07-20,2026-07-20,Active,4588,55056
SUB0012331,CUST012331,2023-09-28,2026-09-28,Pending Renewal,1013,12156
SUB0012332,CUST012332,2024-12-31,2027-12-31,Active,4771,57252
SUB0012333,CUST012333,2023-10-19,2025-10-19,Active,1845,22140
SUB0012334,CUST012334,2025-11-22,2027-11-22,Active,102,1224
SUB0012335,CUST012335,2025-08-01,2026-08-01,Active,3134,37608
SUB0012336,CUST012336,2025-10-01,2027-10-01,Active,13068,156816
SUB0012337,CUST012337,2024-02-13,2026-02-13,Active,6237,74844
SUB0012338,CUST012338,2023-10-01,2024-10-01,Active,1729,20748
SUB0012339,CUST012339,2024-06-23,2026-06-23,Active,5593,67116
SUB0012340,CUST012340,2024-05-23,2027-05-23,Pending Renewal,421,5052
SUB0012341,CUST012341,2024-01-22,2026-01-22,Active,8101,97212
SUB0012342,CUST012342,2025-02-13,2028-02-13,Pending Renewal,7469,89628
SUB0012343,CUST012343,2023-11-22,2024-11-22,Active,1236,14832
SUB0012344,CUST012344,2025-10-23,2028-10-23,Active,12945,155340
SUB0012345,CUST012345,2025-01-16,2026-01-16,Active,173,2076
SUB0012346,CUST012346,2025-07-05,2028-07-05,Active,2214,26568
SUB0012347,CUST012347,2025-03-14,2026-03-14,Active,1142,13704
SUB0012348,CUST012348,2024-12-13,2026-12-13,Active,7847,94164
SUB0012349,CUST012349,2024-05-15,2027-05-15,Active,5266,63192
SUB0012350,CUST012350,2025-06-15,2027-06-15,Active,4151,49812
SUB0012351,CUST012351,2023-12-15,2025-12-15,Active,466,5592
SUB0012352,CUST012352,2024-08-26,2027-08-26,Active,13282,159384
SUB0012353,CUST012353,2024-10-20,2027-10-20,Active,2542,30504
SUB0012354,CUST012354,2025-05-26,2027-05-26,Active,1962,23544
SUB0012355,CUST012355,2025-08-25,2026-08-25,Active,1256,15072
SUB0012356,CUST012356,2025-03-14,2028-03-14,Active,802,9624
SUB0012357,CUST012357,2024-12-09,2025-12-09,Active,600,7200
SUB0012358,CUST012358,2025-08-21,2027-08-21,Active,3050,36600
SUB0012359,CUST012359,2025-06-05,2027-06-05,Active,841,10092
SUB0012360,CUST012360,2024-05-16,2025-05-16,Active,7852,94224
SUB0012361,CUST012361,2024-10-13,2026-10-13,Active,4040,48480
SUB0012362,CUST012362,2025-02-23,2027-02-23,Pending Renewal,3434,41208
SUB0012363,CUST012363,2024-08-03,2026-08-03,Active,5710,68520
SUB0012364,CUST012364,2024-02-06,2025-02-06,Active,4085,49020
SUB0012365,CUST012365,2024-02-04,2026-02-04,Active,4062,48744
SUB0012366,CUST012366,2025-01-16,2026-01-16,Active,9435,113220
SUB0012367,CUST012367,2024-11-12,2027-11-12,Active,1337,16044
SUB0012368,CUST012368,2025-10-15,2027-10-15,Active,5894,70728
SUB0012369,CUST012369,2024-02-11,2027-02-11,Active,1679,20148
SUB0012370,CUST012370,2024-12-19,2025-12-19,Active,2047,24564
SUB0012371,CUST012371,2025-09-29,2028-09-29,Active,18155,217860
SUB0012372,CUST012372,2025-02-04,2028-02-04,Active,1037,12444
SUB0012373,CUST012373,2024-05-31,2027-05-31,Active,1293,15516
SUB0012374,CUST012374,2025-05-05,2027-05-05,Active,6798,81576
SUB0012375,CUST012375,2025-12-13,2026-12-13,Pending Renewal,770,9240
SUB0012376,CUST012376,2025-03-26,2027-03-26,Active,1973,23676
SUB0012377,CUST012377,2025-02-08,2028-02-08,Active,19211,230532
SUB0012378,CUST012378,2023-07-11,2026-07-11,Active,3401,40812
SUB0012379,CUST012379,2024-10-28,2025-10-28,Active,7489,89868
SUB0012380,CUST012380,2025-01-03,2026-01-03,Active,22562,270744
SUB0012381,CUST012381,2023-07-15,2025-07-15,Active,15729,188748
SUB0012382,CUST012382,2023-10-03,2025-10-03,Active,213,2556
SUB0012383,CUST012383,2024-07-24,2025-07-24,Active,1443,17316
SUB0012384,CUST012384,2025-04-07,2027-04-07,Pending Renewal,576,6912
SUB0012385,CUST012385,2025-12-02,2028-12-02,Active,9615,115380
SUB0012386,CUST012386,2025-08-21,2028-08-21,Active,355,4260
SUB0012387,CUST012387,2025-06-07,2027-06-07,Pending Renewal,16807,201684
SUB0012388,CUST012388,2023-09-18,2025-09-18,Active,1344,16128
SUB0012389,CUST012389,2023-12-06,2024-12-06,Active,878,10536
SUB0012390,CUST012390,2024-07-07,2027-07-07,Active,1159,13908
SUB0012391,CUST012391,2024-10-11,2026-10-11,Pending Renewal,1029,12348
SUB0012392,CUST012392,2023-12-17,2024-12-17,Active,1882,22584
SUB0012393,CUST012393,2025-01-20,2026-01-20,Active,7182,86184
SUB0012394,CUST012394,2025-06-06,2027-06-06,Active,1039,12468
SUB0012395,CUST012395,2024-11-09,2026-11-09,Active,4439,53268
SUB0012396,CUST012396,2023-07-17,2024-07-17,Active,14703,176436
SUB0012397,CUST012397,2023-09-16,2025-09-16,Active,837,10044
SUB0012398,CUST012398,2025-03-31,2026-03-31,Active,547,6564
SUB0012399,CUST012399,2025-05-25,2028-05-25,Active,5448,65376
SUB0012400,CUST012400,2025-01-12,2026-01-12,Active,22718,272616
SUB0012401,CUST012401,2025-06-09,2027-06-09,Active,7841,94092
SUB0012402,CUST012402,2025-07-05,2028-07-05,Active,1167,14004
SUB0012403,CUST012403,2025-08-21,2026-08-21,Active,16389,196668
SUB0012404,CUST012404,2025-05-11,2027-05-11,Active,474,5688
SUB0012405,CUST012405,2025-11-06,2027-11-06,Active,6737,80844
SUB0012406,CUST012406,2025-11-09,2027-11-09,Active,7105,85260
SUB0012407,CUST012407,2024-10-24,2025-10-24,Pending Renewal,1468,17616
SUB0012408,CUST012408,2025-12-15,2027-12-15,Cancelled,1210,14520
SUB0012409,CUST012409,2023-08-15,2024-08-15,Active,6090,73080
SUB0012410,CUST012410,2024-02-14,2026-02-14,Active,4021,48252
SUB0012411,CUST012411,2024-07-15,2026-07-15,Active,464,5568
SUB0012412,CUST012412,2024-11-05,2026-11-05,Cancelled,736,8832
SUB0012413,CUST012413,2025-01-04,2028-01-04,Cancelled,4094,49128
SUB0012414,CUST012414,2025-03-28,2027-03-28,Active,6466,77592
SUB0012415,CUST012415,2024-03-07,2027-03-07,Active,3002,36024
SUB0012416,CUST012416,2025-07-30,2027-07-30,Pending Renewal,889,10668
SUB0012417,CUST012417,2024-12-20,2027-12-20,Active,1088,13056
SUB0012418,CUST012418,2025-04-26,2026-04-26,Active,1454,17448
SUB0012419,CUST012419,2024-09-06,2025-09-06,Cancelled,13110,157320
SUB0012420,CUST012420,2024-12-24,2027-12-24,Active,8602,103224
SUB0012421,CUST012421,2024-05-09,2025-05-09,Active,1476,17712
SUB0012422,CUST012422,2025-05-05,2026-05-05,Pending Renewal,675,8100
SUB0012423,CUST012423,2025-09-16,2026-09-16,Pending Renewal,723,8676
SUB0012424,CUST012424,2023-08-04,2026-08-04,Active,24528,294336
SUB0012425,CUST012425,2024-04-10,2025-04-10,Active,1802,21624
SUB0012426,CUST012426,2023-11-07,2025-11-07,Active,1413,16956
SUB0012427,CUST012427,2024-01-27,2025-01-27,Active,4107,49284
SUB0012428,CUST012428,2025-07-07,2027-07-07,Active,1315,15780
SUB0012429,CUST012429,2023-08-30,2025-08-30,Active,5494,65928
SUB0012430,CUST012430,2025-08-13,2028-08-13,Active,334,4008
SUB0012431,CUST012431,2025-10-15,2027-10-15,Active,6232,74784
SUB0012432,CUST012432,2025-01-15,2027-01-15,Active,6026,72312
SUB0012433,CUST012433,2024-07-29,2027-07-29,Active,422,5064
SUB0012434,CUST012434,2024-11-22,2026-11-22,Active,5383,64596
SUB0012435,CUST012435,2024-10-02,2027-10-02,Pending Renewal,5766,69192
SUB0012436,CUST012436,2025-04-09,2026-04-09,Active,1937,23244
SUB0012437,CUST012437,2024-03-26,2027-03-26,Active,1995,23940
SUB0012438,CUST012438,2025-09-07,2027-09-07,Active,466,5592
SUB0012439,CUST012439,2025-07-03,2026-07-03,Active,1175,14100
SUB0012440,CUST012440,2023-09-23,2024-09-23,Active,4826,57912
SUB0012441,CUST012441,2025-04-12,2026-04-12,Active,3262,39144
SUB0012442,CUST012442,2024-03-15,2026-03-15,Pending Renewal,2327,27924
SUB0012443,CUST012443,2025-01-28,2027-01-28,Cancelled,1080,12960
SUB0012444,CUST012444,2025-05-07,2028-05-07,Active,1267,15204
SUB0012445,CUST012445,2023-07-21,2026-07-21,Active,2571,30852
SUB0012446,CUST012446,2025-06-22,2028-06-22,Active,3022,36264
SUB0012447,CUST012447,2025-11-05,2028-11-05,Active,23113,277356
SUB0012448,CUST012448,2024-03-05,2027-03-05,Active,1063,12756
SUB0012449,CUST012449,2024-08-04,2025-08-04,Active,5765,69180
SUB0012450,CUST012450,2025-06-23,2026-06-23,Active,5894,70728
SUB0012451,CUST012451,2025-12-14,2028-12-14,Active,4555,54660
SUB0012452,CUST012452,2025-02-09,2028-02-09,Active,7595,91140
SUB0012453,CUST012453,2024-12-28,2026-12-28,Active,4744,56928
SUB0012454,CUST012454,2024-02-05,2026-02-05,Active,3548,42576
SUB0012455,CUST012455,2025-03-03,2026-03-03,Active,4224,50688
SUB0012456,CUST012456,2023-10-12,2026-10-12,Active,13338,160056
SUB0012457,CUST012457,2023-08-13,2025-08-13,Active,306,3672
SUB0012458,CUST012458,2025-09-24,2027-09-24,Active,6437,77244
SUB0012459,CUST012459,2024-03-17,2027-03-17,Active,986,11832
SUB0012460,CUST012460,2024-03-31,2025-03-31,Active,6340,76080
SUB0012461,CUST012461,2024-10-24,2027-10-24,Active,5899,70788
SUB0012462,CUST012462,2025-04-17,2026-04-17,Active,7925,95100
SUB0012463,CUST012463,2024-05-09,2025-05-09,Active,1632,19584
SUB0012464,CUST012464,2024-04-09,2025-04-09,Active,921,11052
SUB0012465,CUST012465,2025-07-07,2027-07-07,Active,8077,96924
SUB0012466,CUST012466,2025-05-20,2026-05-20,Active,4741,56892
SUB0012467,CUST012467,2025-03-20,2026-03-20,Active,802,9624
SUB0012468,CUST012468,2025-06-09,2027-06-09,Active,1670,20040
SUB0012469,CUST012469,2025-01-11,2026-01-11,Active,1386,16632
SUB0012470,CUST012470,2024-10-05,2027-10-05,Active,1450,17400
SUB0012471,CUST012471,2023-12-04,2025-12-04,Active,14955,179460
SUB0012472,CUST012472,2025-06-07,2026-06-07,Active,228,2736
SUB0012473,CUST012473,2025-06-16,2028-06-16,Pending Renewal,4406,52872
SUB0012474,CUST012474,2025-02-14,2027-02-14,Active,13693,164316
SUB0012475,CUST012475,2023-09-01,2025-09-01,Active,1990,23880
SUB0012476,CUST012476,2023-10-28,2026-10-28,Active,737,8844
SUB0012477,CUST012477,2024-09-17,2026-09-17,Active,7453,89436
SUB0012478,CUST012478,2024-11-22,2027-11-22,Cancelled,7899,94788
SUB0012479,CUST012479,2024-11-18,2027-11-18,Active,21670,260040
SUB0012480,CUST012480,2025-05-29,2028-05-29,Active,1861,22332
SUB0012481,CUST012481,2025-06-19,2027-06-19,Active,1748,20976
SUB0012482,CUST012482,2024-07-07,2027-07-07,Active,854,10248
SUB0012483,CUST012483,2024-03-07,2025-03-07,Active,663,7956
SUB0012484,CUST012484,2025-07-31,2027-07-31,Pending Renewal,1379,16548
SUB0012485,CUST012485,2024-01-24,2027-01-24,Active,1168,14016
SUB0012486,CUST012486,2025-03-02,2026-03-02,Active,18300,219600
SUB0012487,CUST012487,2025-10-26,2028-10-26,Active,19703,236436
SUB0012488,CUST012488,2024-01-17,2027-01-17,Active,7332,87984
SUB0012489,CUST012489,2025-05-16,2028-05-16,Active,133,1596
SUB0012490,CUST012490,2024-11-05,2027-11-05,Active,2293,27516
SUB0012491,CUST012491,2024-11-02,2027-11-02,Active,3027,36324
SUB0012492,CUST012492,2023-07-13,2026-07-13,Active,1489,17868
SUB0012493,CUST012493,2024-12-27,2026-12-27,Active,385,4620
SUB0012494,CUST012494,2025-02-08,2027-02-08,Active,1060,12720
SUB0012495,CUST012495,2024-05-16,2027-05-16,Active,5309,63708
SUB0012496,CUST012496,2025-01-24,2028-01-24,Active,7262,87144
SUB0012497,CUST012497,2023-10-14,2024-10-14,Pending Renewal,758,9096
SUB0012498,CUST012498,2025-10-13,2026-10-13,Active,4765,57180
SUB0012499,CUST012499,2024-05-30,2027-05-30,Active,1733,20796
SUB0012500,CUST012500,2025-12-08,2026-12-08,Active,326,3912
SUB0012501,CUST012501,2024-08-22,2025-08-22,Active,1637,19644
SUB0012502,CUST012502,2024-08-23,2026-08-23,Active,7765,93180
SUB0012503,CUST012503,2024-05-17,2027-05-17,Active,7479,89748
SUB0012504,CUST012504,2024-11-09,2026-11-09,Active,876,10512
SUB0012505,CUST012505,2024-12-15,2025-12-15,Active,7771,93252
SUB0012506,CUST012506,2024-08-10,2025-08-10,Active,455,5460
SUB0012507,CUST012507,2025-08-20,2027-08-20,Active,232,2784
SUB0012508,CUST012508,2024-03-16,2025-03-16,Active,7233,86796
SUB0012509,CUST012509,2024-06-10,2027-06-10,Active,7577,90924
SUB0012510,CUST012510,2023-12-07,2024-12-07,Active,1108,13296
SUB0012511,CUST012511,2025-11-29,2027-11-29,Active,1381,16572
SUB0012512,CUST012512,2024-04-17,2026-04-17,Active,9357,112284
SUB0012513,CUST012513,2024-08-28,2025-08-28,Active,1906,22872
SUB0012514,CUST012514,2024-11-17,2027-11-17,Active,4377,52524
SUB0012515,CUST012515,2025-02-10,2027-02-10,Active,23395,280740
SUB0012516,CUST012516,2023-08-15,2024-08-15,Active,4074,48888
SUB0012517,CUST012517,2023-12-12,2025-12-12,Pending Renewal,3774,45288
SUB0012518,CUST012518,2023-09-12,2026-09-12,Active,1445,17340
SUB0012519,CUST012519,2024-01-01,2027-01-01,Active,415,4980
SUB0012520,CUST012520,2024-06-07,2027-06-07,Pending Renewal,1275,15300
SUB0012521,CUST012521,2025-04-16,2028-04-16,Active,448,5376
SUB0012522,CUST012522,2023-07-23,2026-07-23,Cancelled,1005,12060
SUB0012523,CUST012523,2023-09-12,2024-09-12,Pending Renewal,2448,29376
SUB0012524,CUST012524,2025-06-22,2028-06-22,Active,1738,20856
SUB0012525,CUST012525,2025-02-08,2027-02-08,Active,1888,22656
SUB0012526,CUST012526,2024-11-08,2025-11-08,Cancelled,4037,48444
SUB0012527,CUST012527,2025-11-29,2027-11-29,Pending Renewal,187,2244
SUB0012528,CUST012528,2023-07-30,2024-07-30,Cancelled,4713,56556
SUB0012529,CUST012529,2024-08-01,2026-08-01,Active,367,4404
SUB0012530,CUST012530,2025-09-12,2027-09-12,Active,12833,153996
SUB0012531,CUST012531,2025-04-24,2028-04-24,Active,4705,56460
SUB0012532,CUST012532,2025-05-07,2027-05-07,Active,1844,22128
SUB0012533,CUST012533,2025-08-29,2028-08-29,Active,1351,16212
SUB0012534,CUST012534,2025-06-06,2027-06-06,Active,1964,23568
SUB0012535,CUST012535,2025-06-20,2028-06-20,Pending Renewal,1413,16956
SUB0012536,CUST012536,2024-03-07,2026-03-07,Active,2753,33036
SUB0012537,CUST012537,2024-11-30,2027-11-30,Active,404,4848
SUB0012538,CUST012538,2025-04-11,2027-04-11,Active,3538,42456
SUB0012539,CUST012539,2024-09-03,2027-09-03,Pending Renewal,161,1932
SUB0012540,CUST012540,2024-03-22,2027-03-22,Active,21419,257028
SUB0012541,CUST012541,2024-09-04,2027-09-04,Active,174,2088
SUB0012542,CUST012542,2025-09-30,2028-09-30,Active,185,2220
SUB0012543,CUST012543,2023-10-27,2025-10-27,Active,675,8100
SUB0012544,CUST012544,2025-04-13,2028-04-13,Active,4340,52080
SUB0012545,CUST012545,2025-11-17,2026-11-17,Active,1604,19248
SUB0012546,CUST012546,2025-12-12,2027-12-12,Active,7208,86496
SUB0012547,CUST012547,2023-09-11,2025-09-11,Active,719,8628
SUB0012548,CUST012548,2023-07-24,2024-07-24,Pending Renewal,304,3648
SUB0012549,CUST012549,2023-10-07,2025-10-07,Active,6408,76896
SUB0012550,CUST012550,2024-10-01,2027-10-01,Active,126,1512
SUB0012551,CUST012551,2024-05-12,2025-05-12,Active,7212,86544
SUB0012552,CUST012552,2025-05-18,2026-05-18,Active,5756,69072
SUB0012553,CUST012553,2023-09-01,2026-09-01,Active,7262,87144
SUB0012554,CUST012554,2024-02-08,2025-02-08,Active,6059,72708
SUB0012555,CUST012555,2023-08-03,2026-08-03,Active,421,5052
SUB0012556,CUST012556,2024-02-02,2026-02-02,Active,5125,61500
SUB0012557,CUST012557,2025-09-29,2026-09-29,Active,396,4752
SUB0012558,CUST012558,2025-05-19,2027-05-19,Active,1080,12960
SUB0012559,CUST012559,2024-03-31,2026-03-31,Cancelled,15761,189132
SUB0012560,CUST012560,2023-07-07,2024-07-07,Active,24015,288180
SUB0012561,CUST012561,2025-09-06,2027-09-06,Active,1457,17484
SUB0012562,CUST012562,2025-01-22,2026-01-22,Active,646,7752
SUB0012563,CUST012563,2025-10-29,2028-10-29,Active,333,3996
SUB0012564,CUST012564,2024-10-17,2027-10-17,Active,1556,18672
SUB0012565,CUST012565,2025-12-12,2026-12-12,Active,746,8952
SUB0012566,CUST012566,2023-12-02,2024-12-02,Active,1911,22932
SUB0012567,CUST012567,2025-08-08,2027-08-08,Pending Renewal,5929,71148
SUB0012568,CUST012568,2025-09-08,2026-09-08,Active,1025,12300
SUB0012569,CUST012569,2024-03-12,2025-03-12,Active,6923,83076
SUB0012570,CUST012570,2025-01-27,2027-01-27,Pending Renewal,706,8472
SUB0012571,CUST012571,2025-04-04,2028-04-04,Active,6814,81768
SUB0012572,CUST012572,2023-12-07,2025-12-07,Active,1807,21684
SUB0012573,CUST012573,2024-01-25,2025-01-25,Active,23237,278844
SUB0012574,CUST012574,2024-03-01,2026-03-01,Active,21266,255192
SUB0012575,CUST012575,2024-04-07,2026-04-07,Pending Renewal,2996,35952
SUB0012576,CUST012576,2024-12-19,2027-12-19,Active,735,8820
SUB0012577,CUST012577,2024-07-16,2026-07-16,Pending Renewal,2669,32028
SUB0012578,CUST012578,2025-06-04,2027-06-04,Active,7211,86532
SUB0012579,CUST012579,2025-08-12,2026-08-12,Active,1788,21456
SUB0012580,CUST012580,2024-09-16,2027-09-16,Active,1782,21384
SUB0012581,CUST012581,2023-11-16,2024-11-16,Active,1964,23568
SUB0012582,CUST012582,2023-06-29,2026-06-29,Active,1324,15888
SUB0012583,CUST012583,2023-10-17,2024-10-17,Active,1695,20340
SUB0012584,CUST012584,2025-01-27,2028-01-27,Pending Renewal,19438,233256
SUB0012585,CUST012585,2025-01-15,2027-01-15,Active,1396,16752
SUB0012586,CUST012586,2024-06-03,2025-06-03,Active,125,1500
SUB0012587,CUST012587,2024-03-27,2025-03-27,Pending Renewal,24178,290136
SUB0012588,CUST012588,2025-11-13,2026-11-13,Active,17955,215460
SUB0012589,CUST012589,2025-07-02,2028-07-02,Active,492,5904
SUB0012590,CUST012590,2025-02-04,2026-02-04,Active,475,5700
SUB0012591,CUST012591,2024-10-05,2027-10-05,Active,6129,73548
SUB0012592,CUST012592,2024-06-11,2025-06-11,Active,1886,22632
SUB0012593,CUST012593,2025-03-06,2026-03-06,Active,23820,285840
SUB0012594,CUST012594,2024-10-19,2026-10-19,Active,732,8784
SUB0012595,CUST012595,2025-01-23,2028-01-23,Pending Renewal,2530,30360
SUB0012596,CUST012596,2024-11-25,2027-11-25,Active,1951,23412
SUB0012597,CUST012597,2023-12-27,2025-12-27,Active,4727,56724
SUB0012598,CUST012598,2024-06-13,2027-06-13,Active,951,11412
SUB0012599,CUST012599,2024-07-10,2025-07-10,Active,3309,39708
SUB0012600,CUST012600,2024-09-30,2026-09-30,Pending Renewal,1497,17964
SUB0012601,CUST012601,2024-03-22,2025-03-22,Active,7225,86700
SUB0012602,CUST012602,2025-05-22,2026-05-22,Pending Renewal,2012,24144
SUB0012603,CUST012603,2024-05-30,2027-05-30,Active,15541,186492
SUB0012604,CUST012604,2025-08-31,2026-08-31,Cancelled,7110,85320
SUB0012605,CUST012605,2024-06-23,2027-06-23,Pending Renewal,5484,65808
SUB0012606,CUST012606,2024-11-28,2026-11-28,Active,640,7680
SUB0012607,CUST012607,2023-10-01,2024-10-01,Active,5459,65508
SUB0012608,CUST012608,2025-06-04,2027-06-04,Active,4290,51480
SUB0012609,CUST012609,2024-02-10,2026-02-10,Active,18792,225504
SUB0012610,CUST012610,2024-09-18,2026-09-18,Active,8155,97860
SUB0012611,CUST012611,2025-01-01,2028-01-01,Active,1286,15432
SUB0012612,CUST012612,2023-10-23,2026-10-23,Active,665,7980
SUB0012613,CUST012613,2024-03-18,2025-03-18,Active,2826,33912
SUB0012614,CUST012614,2023-09-29,2026-09-29,Active,19721,236652
SUB0012615,CUST012615,2024-12-19,2025-12-19,Active,1868,22416
SUB0012616,CUST012616,2025-09-28,2028-09-28,Cancelled,10510,126120
SUB0012617,CUST012617,2023-08-20,2024-08-20,Active,779,9348
SUB0012618,CUST012618,2025-11-28,2026-11-28,Active,1749,20988
SUB0012619,CUST012619,2025-12-04,2028-12-04,Active,2135,25620
SUB0012620,CUST012620,2025-09-16,2027-09-16,Active,15511,186132
SUB0012621,CUST012621,2024-09-22,2026-09-22,Cancelled,22755,273060
SUB0012622,CUST012622,2024-12-10,2026-12-10,Active,1774,21288
SUB0012623,CUST012623,2024-01-10,2025-01-10,Active,7099,85188
SUB0012624,CUST012624,2025-11-27,2028-11-27,Active,1788,21456
SUB0012625,CUST012625,2025-01-10,2028-01-10,Active,1469,17628
SUB0012626,CUST012626,2024-08-18,2027-08-18,Active,2698,32376
SUB0012627,CUST012627,2025-07-05,2026-07-05,Active,4867,58404
SUB0012628,CUST012628,2025-04-16,2027-04-16,Active,1146,13752
SUB0012629,CUST012629,2024-04-02,2025-04-02,Active,829,9948
SUB0012630,CUST012630,2024-06-01,2027-06-01,Active,4500,54000
SUB0012631,CUST012631,2023-12-04,2024-12-04,Pending Renewal,1075,12900
SUB0012632,CUST012632,2023-09-01,2025-09-01,Active,769,9228
SUB0012633,CUST012633,2025-10-23,2026-10-23,Active,814,9768
SUB0012634,CUST012634,2024-11-07,2026-11-07,Active,771,9252
SUB0012635,CUST012635,2023-09-20,2024-09-20,Active,1670,20040
SUB0012636,CUST012636,2024-07-12,2026-07-12,Active,896,10752
SUB0012637,CUST012637,2024-03-17,2025-03-17,Active,20482,245784
SUB0012638,CUST012638,2024-10-08,2027-10-08,Active,2297,27564
SUB0012639,CUST012639,2023-07-10,2026-07-10,Active,267,3204
SUB0012640,CUST012640,2025-10-28,2027-10-28,Active,1413,16956
SUB0012641,CUST012641,2024-09-02,2026-09-02,Active,316,3792
SUB0012642,CUST012642,2025-04-18,2026-04-18,Active,635,7620
SUB0012643,CUST012643,2024-11-29,2027-11-29,Active,132,1584
SUB0012644,CUST012644,2025-07-18,2028-07-18,Active,644,7728
SUB0012645,CUST012645,2025-08-17,2028-08-17,Active,3481,41772
SUB0012646,CUST012646,2024-06-02,2026-06-02,Active,4669,56028
SUB0012647,CUST012647,2025-03-15,2028-03-15,Cancelled,11373,136476
SUB0012648,CUST012648,2025-04-25,2028-04-25,Active,303,3636
SUB0012649,CUST012649,2023-09-25,2024-09-25,Pending Renewal,1627,19524
SUB0012650,CUST012650,2024-04-12,2026-04-12,Active,4923,59076
SUB0012651,CUST012651,2023-11-25,2025-11-25,Active,5987,71844
SUB0012652,CUST012652,2023-06-27,2025-06-27,Active,1741,20892
SUB0012653,CUST012653,2025-11-12,2026-11-12,Active,1343,16116
SUB0012654,CUST012654,2025-11-28,2026-11-28,Active,14408,172896
SUB0012655,CUST012655,2025-04-11,2028-04-11,Active,3051,36612
SUB0012656,CUST012656,2025-05-15,2027-05-15,Active,2389,28668
SUB0012657,CUST012657,2024-06-24,2025-06-24,Active,1315,15780
SUB0012658,CUST012658,2024-02-06,2026-02-06,Active,6431,77172
SUB0012659,CUST012659,2024-02-27,2026-02-27,Active,7482,89784
SUB0012660,CUST012660,2025-04-26,2028-04-26,Active,443,5316
SUB0012661,CUST012661,2025-05-30,2028-05-30,Active,10333,123996
SUB0012662,CUST012662,2023-08-19,2025-08-19,Active,680,8160
SUB0012663,CUST012663,2024-08-23,2027-08-23,Active,5881,70572
SUB0012664,CUST012664,2024-08-06,2025-08-06,Pending Renewal,4201,50412
SUB0012665,CUST012665,2024-05-24,2026-05-24,Pending Renewal,179,2148
SUB0012666,CUST012666,2024-06-07,2027-06-07,Active,1742,20904
SUB0012667,CUST012667,2024-05-17,2025-05-17,Active,4246,50952
SUB0012668,CUST012668,2024-08-31,2027-08-31,Active,5023,60276
SUB0012669,CUST012669,2025-02-19,2026-02-19,Active,1896,22752
SUB0012670,CUST012670,2024-12-07,2027-12-07,Cancelled,1305,15660
SUB0012671,CUST012671,2023-11-12,2025-11-12,Active,5884,70608
SUB0012672,CUST012672,2025-09-03,2028-09-03,Active,1591,19092
SUB0012673,CUST012673,2024-03-09,2025-03-09,Pending Renewal,510,6120
SUB0012674,CUST012674,2025-04-18,2026-04-18,Active,7831,93972
SUB0012675,CUST012675,2023-07-05,2025-07-05,Active,1030,12360
SUB0012676,CUST012676,2023-09-29,2024-09-29,Active,1691,20292
SUB0012677,CUST012677,2024-06-19,2026-06-19,Pending Renewal,1060,12720
SUB0012678,CUST012678,2025-01-03,2027-01-03,Active,1969,23628
SUB0012679,CUST012679,2024-04-18,2025-04-18,Active,1888,22656
SUB0012680,CUST012680,2025-12-24,2027-12-24,Active,1000,12000
SUB0012681,CUST012681,2025-11-17,2026-11-17,Active,19488,233856
SUB0012682,CUST012682,2023-12-14,2026-12-14,Pending Renewal,21638,259656
SUB0012683,CUST012683,2024-04-11,2027-04-11,Active,1336,16032
SUB0012684,CUST012684,2025-12-11,2028-12-11,Cancelled,4283,51396
SUB0012685,CUST012685,2023-12-26,2024-12-26,Active,1695,20340
SUB0012686,CUST012686,2024-10-29,2027-10-29,Active,1238,14856
SUB0012687,CUST012687,2023-09-06,2024-09-06,Active,1026,12312
SUB0012688,CUST012688,2023-12-12,2025-12-12,Active,2323,27876
SUB0012689,CUST012689,2024-03-03,2025-03-03,Active,11888,142656
SUB0012690,CUST012690,2025-09-30,2026-09-30,Active,936,11232
SUB0012691,CUST012691,2025-01-11,2028-01-11,Active,221,2652
SUB0012692,CUST012692,2024-07-06,2026-07-06,Active,1274,15288
SUB0012693,CUST012693,2024-11-13,2025-11-13,Active,1978,23736
SUB0012694,CUST012694,2024-10-25,2025-10-25,Active,15782,189384
SUB0012695,CUST012695,2024-04-23,2025-04-23,Active,2657,31884
SUB0012696,CUST012696,2023-08-06,2026-08-06,Active,24168,290016
SUB0012697,CUST012697,2024-03-14,2025-03-14,Active,4437,53244
SUB0012698,CUST012698,2023-10-27,2026-10-27,Active,1540,18480
SUB0012699,CUST012699,2024-03-05,2026-03-05,Active,1493,17916
SUB0012700,CUST012700,2024-05-18,2025-05-18,Active,6401,76812
SUB0012701,CUST012701,2025-08-20,2026-08-20,Pending Renewal,5373,64476
SUB0012702,CUST012702,2024-05-04,2027-05-04,Pending Renewal,20733,248796
SUB0012703,CUST012703,2024-05-08,2026-05-08,Active,3415,40980
SUB0012704,CUST012704,2025-10-02,2028-10-02,Active,3447,41364
SUB0012705,CUST012705,2024-11-24,2025-11-24,Active,3928,47136
SUB0012706,CUST012706,2024-12-03,2027-12-03,Active,1370,16440
SUB0012707,CUST012707,2023-12-30,2025-12-30,Active,869,10428
SUB0012708,CUST012708,2024-11-10,2026-11-10,Active,2371,28452
SUB0012709,CUST012709,2023-10-16,2024-10-16,Active,750,9000
SUB0012710,CUST012710,2023-09-25,2024-09-25,Active,19089,229068
SUB0012711,CUST012711,2023-10-13,2025-10-13,Active,3728,44736
SUB0012712,CUST012712,2023-09-26,2025-09-26,Active,1158,13896
SUB0012713,CUST012713,2024-01-28,2025-01-28,Pending Renewal,877,10524
SUB0012714,CUST012714,2025-06-25,2026-06-25,Active,5010,60120
SUB0012715,CUST012715,2024-07-28,2025-07-28,Active,5697,68364
SUB0012716,CUST012716,2025-01-02,2028-01-02,Active,3235,38820
SUB0012717,CUST012717,2023-10-11,2025-10-11,Active,1065,12780
SUB0012718,CUST012718,2023-12-03,2025-12-03,Active,15056,180672
SUB0012719,CUST012719,2025-03-04,2027-03-04,Active,3292,39504
SUB0012720,CUST012720,2025-11-07,2026-11-07,Active,6663,79956
SUB0012721,CUST012721,2024-05-16,2027-05-16,Active,749,8988
SUB0012722,CUST012722,2023-11-06,2024-11-06,Active,1876,22512
SUB0012723,CUST012723,2025-10-18,2027-10-18,Active,1556,18672
SUB0012724,CUST012724,2023-08-23,2024-08-23,Active,1480,17760
SUB0012725,CUST012725,2025-11-17,2027-11-17,Active,7800,93600
SUB0012726,CUST012726,2025-12-08,2026-12-08,Active,14190,170280
SUB0012727,CUST012727,2025-02-27,2027-02-27,Active,1463,17556
SUB0012728,CUST012728,2025-05-27,2026-05-27,Active,5700,68400
SUB0012729,CUST012729,2024-01-25,2027-01-25,Active,886,10632
SUB0012730,CUST012730,2024-03-04,2026-03-04,Active,6587,79044
SUB0012731,CUST012731,2023-08-13,2025-08-13,Active,19677,236124
SUB0012732,CUST012732,2024-06-18,2026-06-18,Active,639,7668
SUB0012733,CUST012733,2024-06-23,2026-06-23,Active,4327,51924
SUB0012734,CUST012734,2024-12-01,2027-12-01,Active,6809,81708
SUB0012735,CUST012735,2025-01-03,2026-01-03,Active,171,2052
SUB0012736,CUST012736,2025-06-12,2026-06-12,Active,7114,85368
SUB0012737,CUST012737,2025-04-13,2026-04-13,Active,9406,112872
SUB0012738,CUST012738,2024-04-18,2027-04-18,Active,1752,21024
SUB0012739,CUST012739,2025-12-16,2026-12-16,Active,924,11088
SUB0012740,CUST012740,2023-10-22,2025-10-22,Active,4541,54492
SUB0012741,CUST012741,2024-02-19,2026-02-19,Active,495,5940
SUB0012742,CUST012742,2024-06-12,2026-06-12,Active,1812,21744
SUB0012743,CUST012743,2024-11-03,2026-11-03,Active,1400,16800
SUB0012744,CUST012744,2024-09-29,2025-09-29,Active,849,10188
SUB0012745,CUST012745,2023-11-03,2025-11-03,Pending Renewal,5676,68112
SUB0012746,CUST012746,2025-06-18,2028-06-18,Active,17123,205476
SUB0012747,CUST012747,2025-08-26,2028-08-26,Active,11384,136608
SUB0012748,CUST012748,2024-12-12,2027-12-12,Active,3048,36576
SUB0012749,CUST012749,2025-06-07,2026-06-07,Pending Renewal,1674,20088
SUB0012750,CUST012750,2023-07-12,2026-07-12,Active,3493,41916
SUB0012751,CUST012751,2024-08-31,2026-08-31,Cancelled,121,1452
SUB0012752,CUST012752,2024-02-04,2025-02-04,Cancelled,6196,74352
SUB0012753,CUST012753,2025-11-13,2028-11-13,Active,5745,68940
SUB0012754,CUST012754,2025-03-02,2028-03-02,Active,683,8196
SUB0012755,CUST012755,2023-12-18,2026-12-18,Pending Renewal,965,11580
SUB0012756,CUST012756,2024-10-03,2025-10-03,Active,1242,14904
SUB0012757,CUST012757,2023-11-21,2025-11-21,Pending Renewal,8048,96576
SUB0012758,CUST012758,2024-10-13,2026-10-13,Active,6903,82836
SUB0012759,CUST012759,2025-05-27,2026-05-27,Active,1231,14772
SUB0012760,CUST012760,2023-06-26,2026-06-26,Active,1270,15240
SUB0012761,CUST012761,2024-04-09,2026-04-09,Active,14602,175224
SUB0012762,CUST012762,2024-07-05,2026-07-05,Pending Renewal,2935,35220
SUB0012763,CUST012763,2023-09-07,2025-09-07,Active,1495,17940
SUB0012764,CUST012764,2025-12-18,2026-12-18,Active,996,11952
SUB0012765,CUST012765,2025-08-04,2027-08-04,Active,1019,12228
SUB0012766,CUST012766,2024-06-16,2025-06-16,Cancelled,3361,40332
SUB0012767,CUST012767,2023-07-03,2026-07-03,Active,5947,71364
SUB0012768,CUST012768,2024-05-02,2026-05-02,Active,1932,23184
SUB0012769,CUST012769,2024-08-24,2025-08-24,Active,1233,14796
SUB0012770,CUST012770,2023-12-12,2026-12-12,Active,4707,56484
SUB0012771,CUST012771,2025-03-06,2027-03-06,Active,1864,22368
SUB0012772,CUST012772,2024-04-19,2025-04-19,Active,4584,55008
SUB0012773,CUST012773,2023-08-24,2025-08-24,Cancelled,5111,61332
SUB0012774,CUST012774,2025-05-01,2028-05-01,Active,1058,12696
SUB0012775,CUST012775,2023-09-06,2024-09-06,Active,1087,13044
SUB0012776,CUST012776,2023-09-02,2026-09-02,Active,5878,70536
SUB0012777,CUST012777,2025-07-12,2028-07-12,Pending Renewal,4783,57396
SUB0012778,CUST012778,2024-05-27,2027-05-27,Active,1433,17196
SUB0012779,CUST012779,2024-06-02,2025-06-02,Active,6414,76968
SUB0012780,CUST012780,2023-11-01,2024-11-01,Active,4008,48096
SUB0012781,CUST012781,2023-12-17,2025-12-17,Active,1010,12120
SUB0012782,CUST012782,2025-09-04,2028-09-04,Active,5995,71940
SUB0012783,CUST012783,2024-08-17,2027-08-17,Active,13092,157104
SUB0012784,CUST012784,2024-10-05,2025-10-05,Active,4191,50292
SUB0012785,CUST012785,2024-04-24,2026-04-24,Active,1314,15768
SUB0012786,CUST012786,2024-12-08,2027-12-08,Pending Renewal,14481,173772
SUB0012787,CUST012787,2024-02-19,2025-02-19,Active,5409,64908
SUB0012788,CUST012788,2025-08-05,2027-08-05,Pending Renewal,850,10200
SUB0012789,CUST012789,2023-09-25,2024-09-25,Active,129,1548
SUB0012790,CUST012790,2024-01-30,2027-01-30,Active,834,10008
SUB0012791,CUST012791,2025-05-09,2026-05-09,Pending Renewal,10557,126684
SUB0012792,CUST012792,2024-09-09,2026-09-09,Active,2112,25344
SUB0012793,CUST012793,2025-05-05,2027-05-05,Active,7683,92196
SUB0012794,CUST012794,2025-07-17,2026-07-17,Active,1685,20220
SUB0012795,CUST012795,2024-10-23,2026-10-23,Active,1822,21864
SUB0012796,CUST012796,2024-12-12,2027-12-12,Active,6318,75816
SUB0012797,CUST012797,2024-03-10,2026-03-10,Active,1143,13716
SUB0012798,CUST012798,2024-04-30,2025-04-30,Cancelled,3833,45996
SUB0012799,CUST012799,2024-07-21,2027-07-21,Active,927,11124
SUB0012800,CUST012800,2024-11-04,2025-11-04,Cancelled,1907,22884
SUB0012801,CUST012801,2024-12-27,2026-12-27,Active,1723,20676
SUB0012802,CUST012802,2023-11-10,2024-11-10,Active,2823,33876
SUB0012803,CUST012803,2024-04-30,2026-04-30,Active,5935,71220
SUB0012804,CUST012804,2023-09-16,2026-09-16,Active,4065,48780
SUB0012805,CUST012805,2024-06-12,2027-06-12,Active,302,3624
SUB0012806,CUST012806,2024-06-16,2025-06-16,Active,489,5868
SUB0012807,CUST012807,2024-10-03,2027-10-03,Active,7329,87948
SUB0012808,CUST012808,2024-12-04,2027-12-04,Active,8014,96168
SUB0012809,CUST012809,2024-06-29,2026-06-29,Active,7597,91164
SUB0012810,CUST012810,2024-07-03,2026-07-03,Cancelled,5763,69156
SUB0012811,CUST012811,2025-11-17,2028-11-17,Pending Renewal,1370,16440
SUB0012812,CUST012812,2024-11-19,2027-11-19,Active,12985,155820
SUB0012813,CUST012813,2024-06-16,2025-06-16,Active,3619,43428
SUB0012814,CUST012814,2023-07-15,2025-07-15,Active,10626,127512
SUB0012815,CUST012815,2024-06-16,2025-06-16,Active,17555,210660
SUB0012816,CUST012816,2025-11-01,2027-11-01,Active,854,10248
SUB0012817,CUST012817,2025-03-02,2028-03-02,Active,7029,84348
SUB0012818,CUST012818,2025-02-07,2026-02-07,Active,21456,257472
SUB0012819,CUST012819,2023-08-12,2025-08-12,Active,5187,62244
SUB0012820,CUST012820,2025-05-18,2027-05-18,Active,4140,49680
SUB0012821,CUST012821,2023-11-29,2024-11-29,Pending Renewal,10219,122628
SUB0012822,CUST012822,2024-04-05,2025-04-05,Pending Renewal,1553,18636
SUB0012823,CUST012823,2024-04-08,2025-04-08,Cancelled,2452,29424
SUB0012824,CUST012824,2025-01-03,2027-01-03,Active,7865,94380
SUB0012825,CUST012825,2024-06-28,2026-06-28,Active,1927,23124
SUB0012826,CUST012826,2025-02-14,2027-02-14,Pending Renewal,1918,23016
SUB0012827,CUST012827,2025-12-16,2027-12-16,Pending Renewal,1994,23928
SUB0012828,CUST012828,2024-04-07,2025-04-07,Active,941,11292
SUB0012829,CUST012829,2023-06-27,2024-06-27,Active,2980,35760
SUB0012830,CUST012830,2025-10-11,2026-10-11,Active,241,2892
SUB0012831,CUST012831,2023-11-23,2024-11-23,Active,1220,14640
SUB0012832,CUST012832,2023-12-01,2025-12-01,Active,1149,13788
SUB0012833,CUST012833,2023-09-25,2024-09-25,Pending Renewal,376,4512
SUB0012834,CUST012834,2025-02-14,2028-02-14,Active,2893,34716
SUB0012835,CUST012835,2024-09-21,2027-09-21,Active,1759,21108
SUB0012836,CUST012836,2025-04-24,2028-04-24,Active,4103,49236
SUB0012837,CUST012837,2025-11-25,2028-11-25,Cancelled,23051,276612
SUB0012838,CUST012838,2023-07-05,2025-07-05,Active,604,7248
SUB0012839,CUST012839,2023-09-07,2025-09-07,Active,7948,95376
SUB0012840,CUST012840,2024-02-11,2027-02-11,Active,5648,67776
SUB0012841,CUST012841,2025-12-15,2028-12-15,Active,17519,210228
SUB0012842,CUST012842,2024-08-23,2026-08-23,Active,2882,34584
SUB0012843,CUST012843,2024-10-03,2027-10-03,Active,445,5340
SUB0012844,CUST012844,2024-07-01,2025-07-01,Active,2979,35748
SUB0012845,CUST012845,2024-01-18,2027-01-18,Active,1083,12996
SUB0012846,CUST012846,2023-10-23,2026-10-23,Active,1729,20748
SUB0012847,CUST012847,2025-11-01,2028-11-01,Pending Renewal,469,5628
SUB0012848,CUST012848,2025-09-02,2026-09-02,Active,16168,194016
SUB0012849,CUST012849,2025-07-30,2026-07-30,Active,312,3744
SUB0012850,CUST012850,2025-07-04,2026-07-04,Cancelled,1376,16512
SUB0012851,CUST012851,2025-08-18,2026-08-18,Active,860,10320
SUB0012852,CUST012852,2023-12-14,2024-12-14,Active,1941,23292
SUB0012853,CUST012853,2025-05-22,2028-05-22,Active,8867,106404
SUB0012854,CUST012854,2025-10-05,2027-10-05,Active,434,5208
SUB0012855,CUST012855,2024-01-24,2026-01-24,Active,229,2748
SUB0012856,CUST012856,2024-08-14,2027-08-14,Active,3073,36876
SUB0012857,CUST012857,2023-08-09,2024-08-09,Active,1754,21048
SUB0012858,CUST012858,2024-04-15,2025-04-15,Active,1935,23220
SUB0012859,CUST012859,2024-12-27,2025-12-27,Active,642,7704
SUB0012860,CUST012860,2024-02-18,2026-02-18,Active,1454,17448
SUB0012861,CUST012861,2024-04-12,2027-04-12,Pending Renewal,1104,13248
SUB0012862,CUST012862,2023-12-16,2024-12-16,Active,607,7284
SUB0012863,CUST012863,2024-10-07,2025-10-07,Active,3592,43104
SUB0012864,CUST012864,2025-12-12,2027-12-12,Active,1192,14304
SUB0012865,CUST012865,2024-11-25,2027-11-25,Active,1890,22680
SUB0012866,CUST012866,2025-02-04,2028-02-04,Active,1048,12576
SUB0012867,CUST012867,2023-10-06,2026-10-06,Active,7344,88128
SUB0012868,CUST012868,2025-05-12,2026-05-12,Active,5579,66948
SUB0012869,CUST012869,2025-11-13,2026-11-13,Active,24745,296940
SUB0012870,CUST012870,2023-06-30,2025-06-30,Active,22763,273156
SUB0012871,CUST012871,2024-12-10,2025-12-10,Pending Renewal,15728,188736
SUB0012872,CUST012872,2023-08-23,2024-08-23,Active,899,10788
SUB0012873,CUST012873,2023-08-11,2025-08-11,Active,3880,46560
SUB0012874,CUST012874,2024-11-08,2026-11-08,Active,430,5160
SUB0012875,CUST012875,2025-04-22,2027-04-22,Pending Renewal,13562,162744
SUB0012876,CUST012876,2025-05-12,2028-05-12,Pending Renewal,6124,73488
SUB0012877,CUST012877,2024-04-21,2027-04-21,Active,7263,87156
SUB0012878,CUST012878,2025-02-26,2028-02-26,Active,6838,82056
SUB0012879,CUST012879,2024-12-17,2025-12-17,Active,4960,59520
SUB0012880,CUST012880,2025-03-29,2027-03-29,Active,8216,98592
SUB0012881,CUST012881,2023-10-26,2024-10-26,Active,4938,59256
SUB0012882,CUST012882,2025-04-17,2027-04-17,Active,7945,95340
SUB0012883,CUST012883,2024-05-05,2027-05-05,Active,1858,22296
SUB0012884,CUST012884,2024-06-29,2025-06-29,Active,915,10980
SUB0012885,CUST012885,2024-08-02,2026-08-02,Active,239,2868
SUB0012886,CUST012886,2024-03-17,2026-03-17,Active,3923,47076
SUB0012887,CUST012887,2025-04-27,2027-04-27,Active,1935,23220
SUB0012888,CUST012888,2024-07-24,2025-07-24,Active,7777,93324
SUB0012889,CUST012889,2025-03-25,2026-03-25,Active,7978,95736
SUB0012890,CUST012890,2025-10-07,2028-10-07,Active,1583,18996
SUB0012891,CUST012891,2024-03-04,2026-03-04,Active,23839,286068
SUB0012892,CUST012892,2024-04-28,2026-04-28,Cancelled,775,9300
SUB0012893,CUST012893,2024-07-12,2027-07-12,Active,20958,251496
SUB0012894,CUST012894,2025-04-22,2027-04-22,Active,2776,33312
SUB0012895,CUST012895,2025-07-26,2027-07-26,Active,604,7248
SUB0012896,CUST012896,2024-02-03,2025-02-03,Active,1759,21108
SUB0012897,CUST012897,2024-05-28,2025-05-28,Active,2716,32592
SUB0012898,CUST012898,2025-07-22,2028-07-22,Active,4366,52392
SUB0012899,CUST012899,2025-06-28,2028-06-28,Cancelled,568,6816
SUB0012900,CUST012900,2025-06-18,2028-06-18,Active,1649,19788
SUB0012901,CUST012901,2025-05-04,2028-05-04,Active,3695,44340
SUB0012902,CUST012902,2025-04-06,2028-04-06,Active,993,11916
SUB0012903,CUST012903,2024-10-07,2026-10-07,Active,1509,18108
SUB0012904,CUST012904,2024-04-01,2025-04-01,Active,404,4848
SUB0012905,CUST012905,2025-10-09,2028-10-09,Pending Renewal,7416,88992
SUB0012906,CUST012906,2025-06-06,2028-06-06,Active,13734,164808
SUB0012907,CUST012907,2025-11-25,2026-11-25,Active,20181,242172
SUB0012908,CUST012908,2025-01-21,2027-01-21,Pending Renewal,643,7716
SUB0012909,CUST012909,2024-05-31,2026-05-31,Pending Renewal,1844,22128
SUB0012910,CUST012910,2024-04-20,2026-04-20,Active,1713,20556
SUB0012911,CUST012911,2023-10-13,2026-10-13,Active,5162,61944
SUB0012912,CUST012912,2025-12-14,2026-12-14,Active,1137,13644
SUB0012913,CUST012913,2024-08-20,2027-08-20,Active,18688,224256
SUB0012914,CUST012914,2025-03-20,2026-03-20,Active,20984,251808
SUB0012915,CUST012915,2023-09-21,2025-09-21,Active,1090,13080
SUB0012916,CUST012916,2023-11-14,2025-11-14,Active,10703,128436
SUB0012917,CUST012917,2023-10-14,2025-10-14,Active,7557,90684
SUB0012918,CUST012918,2024-03-10,2025-03-10,Active,6144,73728
SUB0012919,CUST012919,2023-06-29,2024-06-29,Active,1801,21612
SUB0012920,CUST012920,2024-02-16,2026-02-16,Active,1420,17040
SUB0012921,CUST012921,2023-12-08,2024-12-08,Active,1744,20928
SUB0012922,CUST012922,2023-07-26,2024-07-26,Active,729,8748
SUB0012923,CUST012923,2024-04-21,2025-04-21,Active,1591,19092
SUB0012924,CUST012924,2025-09-28,2028-09-28,Pending Renewal,3500,42000
SUB0012925,CUST012925,2023-11-08,2026-11-08,Active,7013,84156
SUB0012926,CUST012926,2025-11-24,2028-11-24,Pending Renewal,1450,17400
SUB0012927,CUST012927,2025-01-13,2028-01-13,Active,345,4140
SUB0012928,CUST012928,2023-07-28,2026-07-28,Active,24752,297024
SUB0012929,CUST012929,2024-03-28,2025-03-28,Active,2940,35280
SUB0012930,CUST012930,2024-06-15,2026-06-15,Active,13320,159840
SUB0012931,CUST012931,2024-09-13,2027-09-13,Active,20607,247284
SUB0012932,CUST012932,2024-03-23,2025-03-23,Active,192,2304
SUB0012933,CUST012933,2025-05-22,2028-05-22,Active,7386,88632
SUB0012934,CUST012934,2025-12-10,2026-12-10,Active,6245,74940
SUB0012935,CUST012935,2024-12-11,2027-12-11,Pending Renewal,7875,94500
SUB0012936,CUST012936,2024-11-03,2026-11-03,Active,518,6216
SUB0012937,CUST012937,2024-03-01,2025-03-01,Active,2802,33624
SUB0012938,CUST012938,2023-06-27,2025-06-27,Active,1430,17160
SUB0012939,CUST012939,2023-07-13,2026-07-13,Active,576,6912
SUB0012940,CUST012940,2025-11-23,2026-11-23,Active,12837,154044
SUB0012941,CUST012941,2025-12-15,2028-12-15,Active,24989,299868
SUB0012942,CUST012942,2024-11-23,2027-11-23,Pending Renewal,1043,12516
SUB0012943,CUST012943,2023-09-29,2026-09-29,Active,7585,91020
SUB0012944,CUST012944,2023-10-19,2026-10-19,Active,1042,12504
SUB0012945,CUST012945,2024-08-11,2025-08-11,Active,1119,13428
SUB0012946,CUST012946,2023-12-03,2026-12-03,Active,908,10896
SUB0012947,CUST012947,2025-10-02,2026-10-02,Active,1693,20316
SUB0012948,CUST012948,2024-02-13,2027-02-13,Active,995,11940
SUB0012949,CUST012949,2023-10-17,2024-10-17,Active,1894,22728
SUB0012950,CUST012950,2025-01-30,2028-01-30,Active,12280,147360
SUB0012951,CUST012951,2025-09-16,2026-09-16,Active,872,10464
SUB0012952,CUST012952,2025-03-22,2028-03-22,Cancelled,9589,115068
SUB0012953,CUST012953,2025-08-06,2028-08-06,Active,374,4488
SUB0012954,CUST012954,2023-08-21,2026-08-21,Active,13769,165228
SUB0012955,CUST012955,2024-03-13,2026-03-13,Active,707,8484
SUB0012956,CUST012956,2025-10-16,2028-10-16,Cancelled,7384,88608
SUB0012957,CUST012957,2023-12-18,2026-12-18,Active,15110,181320
SUB0012958,CUST012958,2024-11-02,2025-11-02,Active,1010,12120
SUB0012959,CUST012959,2025-04-15,2027-04-15,Active,1251,15012
SUB0012960,CUST012960,2024-12-05,2025-12-05,Active,2529,30348
SUB0012961,CUST012961,2024-04-03,2026-04-03,Active,818,9816
SUB0012962,CUST012962,2025-08-18,2028-08-18,Active,10409,124908
SUB0012963,CUST012963,2023-09-04,2024-09-04,Active,8336,100032
SUB0012964,CUST012964,2024-11-01,2026-11-01,Pending Renewal,5837,70044
SUB0012965,CUST012965,2023-08-13,2024-08-13,Active,156,1872
SUB0012966,CUST012966,2023-11-20,2026-11-20,Active,551,6612
SUB0012967,CUST012967,2024-09-26,2027-09-26,Active,19174,230088
SUB0012968,CUST012968,2025-05-13,2026-05-13,Active,4467,53604
SUB0012969,CUST012969,2024-02-19,2025-02-19,Active,4417,53004
SUB0012970,CUST012970,2024-10-02,2026-10-02,Active,6098,73176
SUB0012971,CUST012971,2024-05-15,2027-05-15,Active,1004,12048
SUB0012972,CUST012972,2025-10-14,2027-10-14,Active,6933,83196
SUB0012973,CUST012973,2023-07-09,2024-07-09,Active,6073,72876
SUB0012974,CUST012974,2023-07-23,2025-07-23,Active,1848,22176
SUB0012975,CUST012975,2025-03-30,2027-03-30,Active,14164,169968
SUB0012976,CUST012976,2025-07-10,2028-07-10,Active,7062,84744
SUB0012977,CUST012977,2025-01-14,2028-01-14,Active,458,5496
SUB0012978,CUST012978,2024-03-27,2025-03-27,Active,1980,23760
SUB0012979,CUST012979,2025-12-04,2026-12-04,Active,448,5376
SUB0012980,CUST012980,2025-02-05,2028-02-05,Active,1211,14532
SUB0012981,CUST012981,2025-04-21,2028-04-21,Active,1479,17748
SUB0012982,CUST012982,2023-11-06,2026-11-06,Active,1166,13992
SUB0012983,CUST012983,2024-01-21,2026-01-21,Active,1059,12708
SUB0012984,CUST012984,2024-01-13,2026-01-13,Active,334,4008
SUB0012985,CUST012985,2023-09-15,2026-09-15,Active,19946,239352
SUB0012986,CUST012986,2024-01-12,2026-01-12,Active,1417,17004
SUB0012987,CUST012987,2024-12-23,2027-12-23,Pending Renewal,1267,15204
SUB0012988,CUST012988,2025-05-14,2027-05-14,Pending Renewal,601,7212
SUB0012989,CUST012989,2025-09-29,2028-09-29,Active,1893,22716
SUB0012990,CUST012990,2024-03-04,2026-03-04,Cancelled,210,2520
SUB0012991,CUST012991,2025-05-04,2028-05-04,Active,7294,87528
SUB0012992,CUST012992,2025-12-12,2028-12-12,Active,5703,68436
SUB0012993,CUST012993,2025-03-30,2026-03-30,Active,235,2820
SUB0012994,CUST012994,2025-11-10,2026-11-10,Active,3677,44124
SUB0012995,CUST012995,2023-11-22,2025-11-22,Active,960,11520
SUB0012996,CUST012996,2025-03-18,2027-03-18,Active,692,8304
SUB0012997,CUST012997,2025-04-28,2027-04-28,Cancelled,6139,73668
SUB0012998,CUST012998,2024-08-23,2027-08-23,Active,2748,32976
SUB0012999,CUST012999,2024-12-14,2027-12-14,Active,23770,285240
SUB0013000,CUST013000,2024-05-04,2025-05-04,Pending Renewal,936,11232
SUB0013001,CUST013001,2025-11-12,2026-11-12,Active,905,10860
SUB0013002,CUST013002,2025-09-30,2027-09-30,Active,1182,14184
SUB0013003,CUST013003,2024-04-13,2025-04-13,Active,3812,45744
SUB0013004,CUST013004,2023-08-01,2024-08-01,Active,5291,63492
SUB0013005,CUST013005,2025-12-05,2028-12-05,Active,150,1800
SUB0013006,CUST013006,2024-04-11,2025-04-11,Active,12062,144744
SUB0013007,CUST013007,2025-04-09,2028-04-09,Active,17206,206472
SUB0013008,CUST013008,2023-09-20,2025-09-20,Active,1977,23724
SUB0013009,CUST013009,2024-02-13,2027-02-13,Pending Renewal,6207,74484
SUB0013010,CUST013010,2024-02-10,2027-02-10,Active,1207,14484
SUB0013011,CUST013011,2024-01-07,2025-01-07,Active,1509,18108
SUB0013012,CUST013012,2025-01-12,2026-01-12,Active,972,11664
SUB0013013,CUST013013,2025-08-01,2026-08-01,Active,1567,18804
SUB0013014,CUST013014,2024-03-23,2026-03-23,Active,8185,98220
SUB0013015,CUST013015,2025-01-16,2028-01-16,Active,425,5100
SUB0013016,CUST013016,2025-09-04,2026-09-04,Active,1412,16944
SUB0013017,CUST013017,2023-08-24,2024-08-24,Active,2994,35928
SUB0013018,CUST013018,2023-07-26,2026-07-26,Active,5123,61476
SUB0013019,CUST013019,2025-07-24,2026-07-24,Active,5004,60048
SUB0013020,CUST013020,2025-03-15,2028-03-15,Active,644,7728
SUB0013021,CUST013021,2025-11-29,2028-11-29,Active,11740,140880
SUB0013022,CUST013022,2025-07-19,2028-07-19,Active,1052,12624
SUB0013023,CUST013023,2025-10-20,2027-10-20,Active,1387,16644
SUB0013024,CUST013024,2024-04-27,2027-04-27,Active,1329,15948
SUB0013025,CUST013025,2024-01-02,2026-01-02,Active,101,1212
SUB0013026,CUST013026,2024-12-17,2026-12-17,Cancelled,639,7668
SUB0013027,CUST013027,2024-07-17,2027-07-17,Active,1307,15684
SUB0013028,CUST013028,2023-11-09,2024-11-09,Pending Renewal,351,4212
SUB0013029,CUST013029,2024-05-28,2027-05-28,Active,5588,67056
SUB0013030,CUST013030,2024-10-09,2027-10-09,Active,21327,255924
SUB0013031,CUST013031,2024-09-05,2025-09-05,Active,16426,197112
SUB0013032,CUST013032,2024-09-18,2027-09-18,Active,1025,12300
SUB0013033,CUST013033,2024-01-29,2026-01-29,Active,423,5076
SUB0013034,CUST013034,2023-12-26,2025-12-26,Active,7197,86364
SUB0013035,CUST013035,2023-10-14,2025-10-14,Pending Renewal,4585,55020
SUB0013036,CUST013036,2023-08-16,2026-08-16,Active,9997,119964
SUB0013037,CUST013037,2025-04-04,2026-04-04,Active,901,10812
SUB0013038,CUST013038,2025-11-06,2026-11-06,Active,340,4080
SUB0013039,CUST013039,2025-11-16,2026-11-16,Active,5319,63828
SUB0013040,CUST013040,2025-09-30,2027-09-30,Cancelled,398,4776
SUB0013041,CUST013041,2024-01-11,2026-01-11,Active,1907,22884
SUB0013042,CUST013042,2024-10-01,2026-10-01,Active,4753,57036
SUB0013043,CUST013043,2023-09-02,2025-09-02,Active,4179,50148
SUB0013044,CUST013044,2025-08-17,2027-08-17,Active,6040,72480
SUB0013045,CUST013045,2024-02-21,2025-02-21,Pending Renewal,12103,145236
SUB0013046,CUST013046,2024-04-01,2027-04-01,Active,2469,29628
SUB0013047,CUST013047,2024-02-23,2027-02-23,Active,1320,15840
SUB0013048,CUST013048,2023-11-10,2026-11-10,Active,966,11592
SUB0013049,CUST013049,2023-10-03,2025-10-03,Active,1556,18672
SUB0013050,CUST013050,2024-09-07,2025-09-07,Active,628,7536
SUB0013051,CUST013051,2024-07-10,2027-07-10,Active,2108,25296
SUB0013052,CUST013052,2024-07-06,2025-07-06,Active,4813,57756
SUB0013053,CUST013053,2024-04-06,2026-04-06,Pending Renewal,4311,51732
SUB0013054,CUST013054,2025-09-21,2027-09-21,Pending Renewal,1329,15948
SUB0013055,CUST013055,2023-11-27,2024-11-27,Active,16648,199776
SUB0013056,CUST013056,2025-09-01,2027-09-01,Active,719,8628
SUB0013057,CUST013057,2024-03-16,2025-03-16,Active,4440,53280
SUB0013058,CUST013058,2025-10-31,2028-10-31,Active,1000,12000
SUB0013059,CUST013059,2025-12-19,2027-12-19,Active,4796,57552
SUB0013060,CUST013060,2024-05-22,2026-05-22,Active,16837,202044
SUB0013061,CUST013061,2025-05-11,2028-05-11,Active,1850,22200
SUB0013062,CUST013062,2024-11-21,2027-11-21,Active,21734,260808
SUB0013063,CUST013063,2024-11-11,2026-11-11,Active,11709,140508
SUB0013064,CUST013064,2025-07-15,2026-07-15,Active,805,9660
SUB0013065,CUST013065,2025-12-11,2026-12-11,Active,3489,41868
SUB0013066,CUST013066,2024-03-18,2025-03-18,Active,1697,20364
SUB0013067,CUST013067,2024-06-24,2025-06-24,Active,1731,20772
SUB0013068,CUST013068,2024-03-25,2027-03-25,Active,17476,209712
SUB0013069,CUST013069,2023-07-20,2024-07-20,Active,23782,285384
SUB0013070,CUST013070,2024-10-28,2025-10-28,Active,20015,240180
SUB0013071,CUST013071,2023-11-20,2025-11-20,Active,1603,19236
SUB0013072,CUST013072,2023-10-07,2024-10-07,Active,1926,23112
SUB0013073,CUST013073,2025-11-30,2026-11-30,Active,3406,40872
SUB0013074,CUST013074,2025-12-26,2027-12-26,Cancelled,1081,12972
SUB0013075,CUST013075,2024-11-18,2026-11-18,Active,654,7848
SUB0013076,CUST013076,2024-02-21,2027-02-21,Active,4210,50520
SUB0013077,CUST013077,2025-09-11,2027-09-11,Active,469,5628
SUB0013078,CUST013078,2024-07-02,2026-07-02,Active,528,6336
SUB0013079,CUST013079,2024-02-05,2027-02-05,Active,4596,55152
SUB0013080,CUST013080,2025-02-02,2028-02-02,Active,6510,78120
SUB0013081,CUST013081,2025-01-23,2027-01-23,Active,1830,21960
SUB0013082,CUST013082,2024-04-19,2026-04-19,Active,1272,15264
SUB0013083,CUST013083,2025-03-29,2027-03-29,Active,7065,84780
SUB0013084,CUST013084,2024-08-05,2025-08-05,Active,1438,17256
SUB0013085,CUST013085,2024-10-15,2025-10-15,Active,1235,14820
SUB0013086,CUST013086,2023-12-31,2026-12-31,Active,4820,57840
SUB0013087,CUST013087,2023-12-16,2026-12-16,Active,1453,17436
SUB0013088,CUST013088,2025-01-07,2026-01-07,Active,813,9756
SUB0013089,CUST013089,2024-04-18,2027-04-18,Active,3745,44940
SUB0013090,CUST013090,2025-06-23,2026-06-23,Pending Renewal,2995,35940
SUB0013091,CUST013091,2023-09-15,2024-09-15,Active,1559,18708
SUB0013092,CUST013092,2025-12-19,2026-12-19,Active,3712,44544
SUB0013093,CUST013093,2024-05-19,2027-05-19,Pending Renewal,16182,194184
SUB0013094,CUST013094,2023-07-21,2026-07-21,Active,1759,21108
SUB0013095,CUST013095,2025-03-23,2028-03-23,Active,487,5844
SUB0013096,CUST013096,2023-09-01,2024-09-01,Active,1615,19380
SUB0013097,CUST013097,2025-11-22,2027-11-22,Active,3612,43344
SUB0013098,CUST013098,2024-12-24,2027-12-24,Active,359,4308
SUB0013099,CUST013099,2025-12-06,2028-12-06,Active,2496,29952
SUB0013100,CUST013100,2025-12-15,2027-12-15,Active,6491,77892
SUB0013101,CUST013101,2023-09-06,2024-09-06,Active,3033,36396
SUB0013102,CUST013102,2024-09-21,2025-09-21,Active,1173,14076
SUB0013103,CUST013103,2025-05-30,2028-05-30,Pending Renewal,1365,16380
SUB0013104,CUST013104,2023-09-18,2025-09-18,Active,6635,79620
SUB0013105,CUST013105,2024-03-27,2026-03-27,Active,5271,63252
SUB0013106,CUST013106,2023-10-30,2025-10-30,Active,1038,12456
SUB0013107,CUST013107,2024-05-15,2025-05-15,Pending Renewal,1382,16584
SUB0013108,CUST013108,2024-08-11,2027-08-11,Active,3351,40212
SUB0013109,CUST013109,2023-10-28,2025-10-28,Active,1701,20412
SUB0013110,CUST013110,2023-06-30,2026-06-30,Active,481,5772
SUB0013111,CUST013111,2025-06-23,2028-06-23,Active,1681,20172
SUB0013112,CUST013112,2025-10-26,2027-10-26,Active,3038,36456
SUB0013113,CUST013113,2025-05-28,2026-05-28,Active,1495,17940
SUB0013114,CUST013114,2024-09-07,2027-09-07,Active,4557,54684
SUB0013115,CUST013115,2025-02-21,2026-02-21,Active,999,11988
SUB0013116,CUST013116,2023-12-26,2024-12-26,Active,4117,49404
SUB0013117,CUST013117,2024-02-18,2025-02-18,Active,2160,25920
SUB0013118,CUST013118,2025-06-28,2027-06-28,Active,1398,16776
SUB0013119,CUST013119,2025-07-06,2027-07-06,Active,7834,94008
SUB0013120,CUST013120,2025-09-21,2028-09-21,Active,7293,87516
SUB0013121,CUST013121,2025-10-26,2028-10-26,Active,7807,93684
SUB0013122,CUST013122,2024-09-23,2025-09-23,Pending Renewal,1427,17124
SUB0013123,CUST013123,2025-05-06,2028-05-06,Active,7644,91728
SUB0013124,CUST013124,2025-03-06,2028-03-06,Active,7457,89484
SUB0013125,CUST013125,2024-08-26,2025-08-26,Active,916,10992
SUB0013126,CUST013126,2024-08-31,2025-08-31,Pending Renewal,1776,21312
SUB0013127,CUST013127,2025-08-23,2026-08-23,Cancelled,758,9096
SUB0013128,CUST013128,2024-03-26,2025-03-26,Active,5708,68496
SUB0013129,CUST013129,2025-07-22,2026-07-22,Active,4383,52596
SUB0013130,CUST013130,2024-08-31,2027-08-31,Active,1521,18252
SUB0013131,CUST013131,2024-07-22,2026-07-22,Active,4703,56436
SUB0013132,CUST013132,2025-06-15,2027-06-15,Pending Renewal,21145,253740
SUB0013133,CUST013133,2025-12-04,2028-12-04,Active,1982,23784
SUB0013134,CUST013134,2024-10-05,2026-10-05,Pending Renewal,258,3096
SUB0013135,CUST013135,2025-10-01,2027-10-01,Pending Renewal,4180,50160
SUB0013136,CUST013136,2025-01-31,2028-01-31,Active,683,8196
SUB0013137,CUST013137,2024-08-30,2027-08-30,Active,21755,261060
SUB0013138,CUST013138,2024-02-06,2026-02-06,Active,6889,82668
SUB0013139,CUST013139,2024-05-17,2026-05-17,Active,14912,178944
SUB0013140,CUST013140,2025-11-26,2027-11-26,Active,3767,45204
SUB0013141,CUST013141,2025-01-20,2026-01-20,Active,1194,14328
SUB0013142,CUST013142,2025-02-18,2027-02-18,Active,2413,28956
SUB0013143,CUST013143,2025-01-18,2027-01-18,Active,1857,22284
SUB0013144,CUST013144,2023-10-14,2025-10-14,Cancelled,384,4608
SUB0013145,CUST013145,2025-09-09,2027-09-09,Active,7563,90756
SUB0013146,CUST013146,2024-12-09,2025-12-09,Active,1575,18900
SUB0013147,CUST013147,2024-06-01,2026-06-01,Active,1328,15936
SUB0013148,CUST013148,2024-09-04,2025-09-04,Active,5168,62016
SUB0013149,CUST013149,2024-08-25,2025-08-25,Active,13796,165552
SUB0013150,CUST013150,2023-11-11,2025-11-11,Active,1815,21780
SUB0013151,CUST013151,2024-02-04,2027-02-04,Active,1697,20364
SUB0013152,CUST013152,2025-02-11,2028-02-11,Active,7474,89688
SUB0013153,CUST013153,2023-09-11,2024-09-11,Active,5238,62856
SUB0013154,CUST013154,2025-12-26,2028-12-26,Active,2246,26952
SUB0013155,CUST013155,2024-01-23,2025-01-23,Active,1330,15960
SUB0013156,CUST013156,2023-09-29,2025-09-29,Pending Renewal,916,10992
SUB0013157,CUST013157,2024-12-20,2026-12-20,Active,20410,244920
SUB0013158,CUST013158,2024-04-06,2027-04-06,Active,1638,19656
SUB0013159,CUST013159,2024-11-13,2025-11-13,Active,1095,13140
SUB0013160,CUST013160,2023-08-19,2024-08-19,Active,642,7704
SUB0013161,CUST013161,2024-05-19,2026-05-19,Active,1139,13668
SUB0013162,CUST013162,2023-12-11,2024-12-11,Active,1025,12300
SUB0013163,CUST013163,2024-09-17,2025-09-17,Active,374,4488
SUB0013164,CUST013164,2025-04-19,2028-04-19,Active,304,3648
SUB0013165,CUST013165,2024-03-30,2025-03-30,Active,660,7920
SUB0013166,CUST013166,2025-04-15,2028-04-15,Active,3095,37140
SUB0013167,CUST013167,2024-05-14,2026-05-14,Active,3564,42768
SUB0013168,CUST013168,2024-03-29,2026-03-29,Active,12844,154128
SUB0013169,CUST013169,2023-08-10,2026-08-10,Active,1071,12852
SUB0013170,CUST013170,2024-05-02,2025-05-02,Active,13973,167676
SUB0013171,CUST013171,2025-04-20,2027-04-20,Active,1219,14628
SUB0013172,CUST013172,2024-08-28,2027-08-28,Active,346,4152
SUB0013173,CUST013173,2023-08-24,2024-08-24,Active,1671,20052
SUB0013174,CUST013174,2023-09-04,2024-09-04,Active,2794,33528
SUB0013175,CUST013175,2023-09-07,2025-09-07,Cancelled,24862,298344
SUB0013176,CUST013176,2023-09-24,2026-09-24,Pending Renewal,858,10296
SUB0013177,CUST013177,2024-05-30,2026-05-30,Active,20063,240756
SUB0013178,CUST013178,2025-03-13,2026-03-13,Active,729,8748
SUB0013179,CUST013179,2025-04-02,2026-04-02,Active,894,10728
SUB0013180,CUST013180,2024-05-17,2025-05-17,Active,4636,55632
SUB0013181,CUST013181,2025-02-02,2027-02-02,Active,1409,16908
SUB0013182,CUST013182,2025-03-06,2026-03-06,Active,1285,15420
SUB0013183,CUST013183,2025-01-14,2026-01-14,Active,1249,14988
SUB0013184,CUST013184,2025-12-07,2028-12-07,Active,4813,57756
SUB0013185,CUST013185,2025-06-26,2026-06-26,Active,1771,21252
SUB0013186,CUST013186,2024-08-12,2026-08-12,Active,3517,42204
SUB0013187,CUST013187,2024-10-11,2026-10-11,Active,278,3336
SUB0013188,CUST013188,2023-08-17,2025-08-17,Active,5813,69756
SUB0013189,CUST013189,2025-01-25,2028-01-25,Active,13154,157848
SUB0013190,CUST013190,2024-04-14,2025-04-14,Active,752,9024
SUB0013191,CUST013191,2024-08-17,2026-08-17,Active,23632,283584
SUB0013192,CUST013192,2023-11-30,2025-11-30,Active,4146,49752
SUB0013193,CUST013193,2023-12-13,2026-12-13,Active,330,3960
SUB0013194,CUST013194,2024-02-26,2025-02-26,Pending Renewal,1570,18840
SUB0013195,CUST013195,2025-01-24,2027-01-24,Active,4175,50100
SUB0013196,CUST013196,2025-06-19,2027-06-19,Active,2053,24636
SUB0013197,CUST013197,2023-11-08,2024-11-08,Active,6550,78600
SUB0013198,CUST013198,2025-03-07,2026-03-07,Active,6895,82740
SUB0013199,CUST013199,2024-02-19,2025-02-19,Active,546,6552
SUB0013200,CUST013200,2025-02-24,2027-02-24,Active,209,2508
SUB0013201,CUST013201,2025-03-20,2027-03-20,Active,1082,12984
SUB0013202,CUST013202,2024-09-06,2027-09-06,Pending Renewal,1569,18828
SUB0013203,CUST013203,2023-07-12,2024-07-12,Active,4964,59568
SUB0013204,CUST013204,2024-01-26,2025-01-26,Active,786,9432
SUB0013205,CUST013205,2023-09-16,2024-09-16,Cancelled,18877,226524
SUB0013206,CUST013206,2024-10-14,2027-10-14,Active,1295,15540
SUB0013207,CUST013207,2025-08-24,2026-08-24,Active,1442,17304
SUB0013208,CUST013208,2025-08-14,2027-08-14,Active,1552,18624
SUB0013209,CUST013209,2025-09-10,2026-09-10,Pending Renewal,1129,13548
SUB0013210,CUST013210,2025-11-08,2027-11-08,Active,781,9372
SUB0013211,CUST013211,2024-05-27,2027-05-27,Cancelled,642,7704
SUB0013212,CUST013212,2024-02-11,2025-02-11,Active,1297,15564
SUB0013213,CUST013213,2023-11-06,2024-11-06,Active,1480,17760
SUB0013214,CUST013214,2024-10-24,2026-10-24,Active,5269,63228
SUB0013215,CUST013215,2024-03-22,2026-03-22,Active,6262,75144
SUB0013216,CUST013216,2024-03-18,2026-03-18,Active,22081,264972
SUB0013217,CUST013217,2025-01-22,2028-01-22,Active,1690,20280
SUB0013218,CUST013218,2025-08-11,2026-08-11,Active,4145,49740
SUB0013219,CUST013219,2024-10-09,2025-10-09,Active,482,5784
SUB0013220,CUST013220,2025-04-07,2026-04-07,Active,827,9924
SUB0013221,CUST013221,2024-06-17,2025-06-17,Active,564,6768
SUB0013222,CUST013222,2023-10-04,2024-10-04,Active,1842,22104
SUB0013223,CUST013223,2024-01-01,2027-01-01,Active,3484,41808
SUB0013224,CUST013224,2024-02-07,2026-02-07,Active,6958,83496
SUB0013225,CUST013225,2024-11-18,2027-11-18,Active,16220,194640
SUB0013226,CUST013226,2023-09-13,2025-09-13,Active,7580,90960
SUB0013227,CUST013227,2024-05-08,2027-05-08,Active,1955,23460
SUB0013228,CUST013228,2025-05-19,2028-05-19,Active,2024,24288
SUB0013229,CUST013229,2025-11-23,2027-11-23,Active,663,7956
SUB0013230,CUST013230,2025-11-25,2028-11-25,Cancelled,1252,15024
SUB0013231,CUST013231,2025-10-03,2027-10-03,Active,1722,20664
SUB0013232,CUST013232,2023-07-22,2025-07-22,Active,488,5856
SUB0013233,CUST013233,2024-03-19,2027-03-19,Active,8675,104100
SUB0013234,CUST013234,2024-09-15,2026-09-15,Active,1860,22320
SUB0013235,CUST013235,2023-07-16,2024-07-16,Pending Renewal,1837,22044
SUB0013236,CUST013236,2025-08-17,2028-08-17,Active,1904,22848
SUB0013237,CUST013237,2025-05-25,2026-05-25,Pending Renewal,5871,70452
SUB0013238,CUST013238,2024-02-25,2025-02-25,Active,1999,23988
SUB0013239,CUST013239,2025-12-03,2028-12-03,Active,3939,47268
SUB0013240,CUST013240,2025-04-04,2026-04-04,Active,684,8208
SUB0013241,CUST013241,2023-09-12,2025-09-12,Active,1874,22488
SUB0013242,CUST013242,2024-03-23,2027-03-23,Active,349,4188
SUB0013243,CUST013243,2025-05-05,2027-05-05,Active,7548,90576
SUB0013244,CUST013244,2025-01-17,2027-01-17,Active,15915,190980
SUB0013245,CUST013245,2024-07-16,2025-07-16,Active,3926,47112
SUB0013246,CUST013246,2023-11-28,2024-11-28,Pending Renewal,9071,108852
SUB0013247,CUST013247,2025-05-15,2028-05-15,Active,8334,100008
SUB0013248,CUST013248,2024-02-25,2025-02-25,Active,1480,17760
SUB0013249,CUST013249,2025-07-15,2028-07-15,Active,3276,39312
SUB0013250,CUST013250,2025-05-10,2026-05-10,Cancelled,18528,222336
SUB0013251,CUST013251,2024-08-17,2026-08-17,Cancelled,2639,31668
SUB0013252,CUST013252,2023-12-02,2026-12-02,Active,1722,20664
SUB0013253,CUST013253,2024-10-30,2027-10-30,Active,3819,45828
SUB0013254,CUST013254,2023-11-23,2025-11-23,Active,10791,129492
SUB0013255,CUST013255,2025-08-11,2027-08-11,Active,701,8412
SUB0013256,CUST013256,2024-05-09,2025-05-09,Active,1350,16200
SUB0013257,CUST013257,2024-10-01,2025-10-01,Active,7824,93888
SUB0013258,CUST013258,2024-03-20,2027-03-20,Active,2980,35760
SUB0013259,CUST013259,2023-10-24,2024-10-24,Active,923,11076
SUB0013260,CUST013260,2023-10-28,2026-10-28,Pending Renewal,24134,289608
SUB0013261,CUST013261,2025-02-25,2026-02-25,Cancelled,573,6876
SUB0013262,CUST013262,2024-12-27,2027-12-27,Active,1670,20040
SUB0013263,CUST013263,2023-11-14,2025-11-14,Active,7091,85092
SUB0013264,CUST013264,2024-08-03,2026-08-03,Active,6801,81612
SUB0013265,CUST013265,2023-07-02,2024-07-02,Active,18173,218076
SUB0013266,CUST013266,2025-10-03,2027-10-03,Cancelled,7883,94596
SUB0013267,CUST013267,2024-08-21,2026-08-21,Active,603,7236
SUB0013268,CUST013268,2024-02-26,2025-02-26,Cancelled,3986,47832
SUB0013269,CUST013269,2025-07-18,2028-07-18,Active,1774,21288
SUB0013270,CUST013270,2025-01-24,2026-01-24,Active,6546,78552
SUB0013271,CUST013271,2023-07-06,2026-07-06,Cancelled,7310,87720
SUB0013272,CUST013272,2024-03-01,2027-03-01,Active,7228,86736
SUB0013273,CUST013273,2023-07-31,2024-07-31,Cancelled,5469,65628
SUB0013274,CUST013274,2024-09-13,2027-09-13,Active,1020,12240
SUB0013275,CUST013275,2024-11-05,2025-11-05,Active,6607,79284
SUB0013276,CUST013276,2024-05-19,2026-05-19,Active,13470,161640
SUB0013277,CUST013277,2023-12-08,2024-12-08,Active,2547,30564
SUB0013278,CUST013278,2024-04-25,2025-04-25,Active,613,7356
SUB0013279,CUST013279,2023-07-30,2024-07-30,Active,1094,13128
SUB0013280,CUST013280,2025-09-20,2027-09-20,Active,15544,186528
SUB0013281,CUST013281,2024-08-16,2025-08-16,Cancelled,459,5508
SUB0013282,CUST013282,2024-08-13,2027-08-13,Active,11251,135012
SUB0013283,CUST013283,2024-03-10,2027-03-10,Active,12130,145560
SUB0013284,CUST013284,2023-11-06,2026-11-06,Active,972,11664
SUB0013285,CUST013285,2023-07-09,2025-07-09,Active,6514,78168
SUB0013286,CUST013286,2023-12-15,2024-12-15,Active,6595,79140
SUB0013287,CUST013287,2025-11-27,2027-11-27,Active,6476,77712
SUB0013288,CUST013288,2023-09-01,2025-09-01,Active,4204,50448
SUB0013289,CUST013289,2024-08-12,2026-08-12,Active,823,9876
SUB0013290,CUST013290,2025-07-16,2027-07-16,Cancelled,13294,159528
SUB0013291,CUST013291,2024-06-16,2025-06-16,Active,3656,43872
SUB0013292,CUST013292,2025-03-19,2027-03-19,Active,472,5664
SUB0013293,CUST013293,2024-09-08,2025-09-08,Active,590,7080
SUB0013294,CUST013294,2024-01-30,2026-01-30,Active,7092,85104
SUB0013295,CUST013295,2024-03-12,2025-03-12,Active,7808,93696
SUB0013296,CUST013296,2025-09-21,2028-09-21,Active,676,8112
SUB0013297,CUST013297,2024-12-15,2025-12-15,Active,919,11028
SUB0013298,CUST013298,2025-04-15,2028-04-15,Active,137,1644
SUB0013299,CUST013299,2023-09-14,2026-09-14,Active,12988,155856
SUB0013300,CUST013300,2024-09-15,2027-09-15,Active,6900,82800
SUB0013301,CUST013301,2024-11-28,2027-11-28,Cancelled,1942,23304
SUB0013302,CUST013302,2023-08-13,2026-08-13,Cancelled,524,6288
SUB0013303,CUST013303,2025-09-08,2028-09-08,Active,9574,114888
SUB0013304,CUST013304,2025-05-14,2027-05-14,Active,936,11232
SUB0013305,CUST013305,2025-11-05,2027-11-05,Active,7817,93804
SUB0013306,CUST013306,2025-05-10,2027-05-10,Active,6920,83040
SUB0013307,CUST013307,2025-12-15,2026-12-15,Active,7648,91776
SUB0013308,CUST013308,2025-01-04,2026-01-04,Active,4444,53328
SUB0013309,CUST013309,2024-05-18,2025-05-18,Active,6526,78312
SUB0013310,CUST013310,2025-02-12,2028-02-12,Active,6954,83448
SUB0013311,CUST013311,2025-01-20,2028-01-20,Active,10578,126936
SUB0013312,CUST013312,2024-09-23,2026-09-23,Active,1198,14376
SUB0013313,CUST013313,2024-12-22,2025-12-22,Active,1218,14616
SUB0013314,CUST013314,2025-09-26,2027-09-26,Active,2277,27324
SUB0013315,CUST013315,2023-07-01,2024-07-01,Pending Renewal,566,6792
SUB0013316,CUST013316,2024-07-05,2027-07-05,Active,1826,21912
SUB0013317,CUST013317,2025-09-22,2027-09-22,Active,1980,23760
SUB0013318,CUST013318,2025-05-11,2027-05-11,Active,1925,23100
SUB0013319,CUST013319,2025-03-26,2028-03-26,Active,134,1608
SUB0013320,CUST013320,2023-10-11,2026-10-11,Active,1134,13608
SUB0013321,CUST013321,2023-07-01,2025-07-01,Pending Renewal,397,4764
SUB0013322,CUST013322,2025-01-13,2027-01-13,Active,1596,19152
SUB0013323,CUST013323,2025-12-25,2028-12-25,Active,12783,153396
SUB0013324,CUST013324,2024-11-29,2025-11-29,Active,16148,193776
SUB0013325,CUST013325,2025-11-15,2027-11-15,Active,4244,50928
SUB0013326,CUST013326,2024-08-09,2026-08-09,Active,305,3660
SUB0013327,CUST013327,2024-07-23,2025-07-23,Cancelled,14700,176400
SUB0013328,CUST013328,2025-02-20,2028-02-20,Active,7180,86160
SUB0013329,CUST013329,2023-07-09,2026-07-09,Active,1420,17040
SUB0013330,CUST013330,2025-07-13,2028-07-13,Active,1305,15660
SUB0013331,CUST013331,2025-02-26,2027-02-26,Cancelled,4343,52116
SUB0013332,CUST013332,2025-10-10,2028-10-10,Active,754,9048
SUB0013333,CUST013333,2025-04-28,2026-04-28,Cancelled,155,1860
SUB0013334,CUST013334,2025-01-02,2028-01-02,Active,833,9996
SUB0013335,CUST013335,2025-06-22,2026-06-22,Active,2300,27600
SUB0013336,CUST013336,2023-08-12,2025-08-12,Pending Renewal,415,4980
SUB0013337,CUST013337,2025-01-13,2028-01-13,Active,6179,74148
SUB0013338,CUST013338,2024-10-02,2027-10-02,Active,15571,186852
SUB0013339,CUST013339,2024-03-16,2027-03-16,Active,12610,151320
SUB0013340,CUST013340,2025-04-10,2027-04-10,Active,9456,113472
SUB0013341,CUST013341,2024-05-05,2027-05-05,Active,973,11676
SUB0013342,CUST013342,2024-09-02,2027-09-02,Active,1794,21528
SUB0013343,CUST013343,2025-09-01,2026-09-01,Active,1176,14112
SUB0013344,CUST013344,2023-10-22,2026-10-22,Active,7151,85812
SUB0013345,CUST013345,2025-10-20,2026-10-20,Active,17032,204384
SUB0013346,CUST013346,2025-07-26,2028-07-26,Active,21988,263856
SUB0013347,CUST013347,2025-03-31,2027-03-31,Active,5488,65856
SUB0013348,CUST013348,2024-10-07,2027-10-07,Active,21843,262116
SUB0013349,CUST013349,2025-12-21,2026-12-21,Active,7244,86928
SUB0013350,CUST013350,2023-07-10,2024-07-10,Active,1745,20940
SUB0013351,CUST013351,2024-05-09,2026-05-09,Active,1468,17616
SUB0013352,CUST013352,2025-07-03,2027-07-03,Active,2076,24912
SUB0013353,CUST013353,2025-09-21,2026-09-21,Pending Renewal,1450,17400
SUB0013354,CUST013354,2024-02-20,2027-02-20,Active,11623,139476
SUB0013355,CUST013355,2023-07-17,2026-07-17,Cancelled,1226,14712
SUB0013356,CUST013356,2024-03-16,2027-03-16,Active,6788,81456
SUB0013357,CUST013357,2023-11-26,2025-11-26,Active,1668,20016
SUB0013358,CUST013358,2024-09-18,2026-09-18,Active,4660,55920
SUB0013359,CUST013359,2023-11-28,2025-11-28,Active,607,7284
SUB0013360,CUST013360,2025-09-23,2027-09-23,Active,1941,23292
SUB0013361,CUST013361,2025-01-28,2027-01-28,Active,2305,27660
SUB0013362,CUST013362,2025-02-25,2027-02-25,Active,1724,20688
SUB0013363,CUST013363,2024-08-01,2026-08-01,Active,4680,56160
SUB0013364,CUST013364,2024-02-03,2026-02-03,Active,652,7824
SUB0013365,CUST013365,2025-01-06,2026-01-06,Active,5743,68916
SUB0013366,CUST013366,2024-04-11,2025-04-11,Active,1765,21180
SUB0013367,CUST013367,2025-06-26,2026-06-26,Active,2430,29160
SUB0013368,CUST013368,2024-05-13,2027-05-13,Active,18865,226380
SUB0013369,CUST013369,2023-07-14,2024-07-14,Active,14864,178368
SUB0013370,CUST013370,2024-11-23,2025-11-23,Active,630,7560
SUB0013371,CUST013371,2024-09-10,2026-09-10,Active,1680,20160
SUB0013372,CUST013372,2024-11-30,2025-11-30,Active,3741,44892
SUB0013373,CUST013373,2025-04-23,2028-04-23,Pending Renewal,855,10260
SUB0013374,CUST013374,2024-11-22,2027-11-22,Active,23955,287460
SUB0013375,CUST013375,2025-02-23,2026-02-23,Active,1282,15384
SUB0013376,CUST013376,2025-02-12,2027-02-12,Active,16014,192168
SUB0013377,CUST013377,2025-12-19,2026-12-19,Active,1174,14088
SUB0013378,CUST013378,2025-07-12,2028-07-12,Active,1900,22800
SUB0013379,CUST013379,2024-02-25,2025-02-25,Pending Renewal,2335,28020
SUB0013380,CUST013380,2025-10-16,2028-10-16,Pending Renewal,731,8772
SUB0013381,CUST013381,2024-09-01,2027-09-01,Active,994,11928
SUB0013382,CUST013382,2025-05-14,2028-05-14,Active,4673,56076
SUB0013383,CUST013383,2025-04-30,2028-04-30,Pending Renewal,21273,255276
SUB0013384,CUST013384,2025-05-08,2027-05-08,Active,999,11988
SUB0013385,CUST013385,2025-12-24,2028-12-24,Cancelled,16567,198804
SUB0013386,CUST013386,2024-04-18,2025-04-18,Active,16598,199176
SUB0013387,CUST013387,2025-02-14,2027-02-14,Active,1509,18108
SUB0013388,CUST013388,2024-04-04,2027-04-04,Active,199,2388
SUB0013389,CUST013389,2025-04-06,2027-04-06,Active,741,8892
SUB0013390,CUST013390,2025-07-23,2028-07-23,Active,5365,64380
SUB0013391,CUST013391,2024-12-05,2026-12-05,Active,636,7632
SUB0013392,CUST013392,2023-12-30,2025-12-30,Active,3407,40884
SUB0013393,CUST013393,2025-06-07,2028-06-07,Active,5790,69480
SUB0013394,CUST013394,2023-09-04,2026-09-04,Cancelled,21895,262740
SUB0013395,CUST013395,2024-12-07,2026-12-07,Cancelled,5702,68424
SUB0013396,CUST013396,2025-12-10,2027-12-10,Active,21940,263280
SUB0013397,CUST013397,2023-11-29,2025-11-29,Active,4938,59256
SUB0013398,CUST013398,2025-09-09,2026-09-09,Active,323,3876
SUB0013399,CUST013399,2025-11-15,2028-11-15,Active,1620,19440
SUB0013400,CUST013400,2025-08-11,2026-08-11,Active,677,8124
SUB0013401,CUST013401,2025-08-13,2026-08-13,Active,1948,23376
SUB0013402,CUST013402,2025-07-09,2028-07-09,Active,199,2388
SUB0013403,CUST013403,2025-07-03,2028-07-03,Active,6556,78672
SUB0013404,CUST013404,2024-06-28,2027-06-28,Active,2376,28512
SUB0013405,CUST013405,2023-07-16,2025-07-16,Active,991,11892
SUB0013406,CUST013406,2024-11-23,2026-11-23,Active,1378,16536
SUB0013407,CUST013407,2023-11-04,2026-11-04,Active,165,1980
SUB0013408,CUST013408,2024-08-10,2026-08-10,Pending Renewal,3950,47400
SUB0013409,CUST013409,2025-08-23,2028-08-23,Active,7178,86136
SUB0013410,CUST013410,2025-01-10,2028-01-10,Active,11846,142152
SUB0013411,CUST013411,2024-04-15,2027-04-15,Active,1742,20904
SUB0013412,CUST013412,2023-09-29,2026-09-29,Active,1424,17088
SUB0013413,CUST013413,2025-06-24,2027-06-24,Active,5910,70920
SUB0013414,CUST013414,2024-11-24,2026-11-24,Active,436,5232
SUB0013415,CUST013415,2024-12-20,2025-12-20,Active,431,5172
SUB0013416,CUST013416,2024-11-08,2025-11-08,Active,1680,20160
SUB0013417,CUST013417,2024-04-04,2025-04-04,Active,22141,265692
SUB0013418,CUST013418,2025-09-16,2028-09-16,Active,14547,174564
SUB0013419,CUST013419,2025-01-31,2028-01-31,Active,4017,48204
SUB0013420,CUST013420,2025-06-07,2028-06-07,Active,1564,18768
SUB0013421,CUST013421,2025-09-04,2026-09-04,Active,1388,16656
SUB0013422,CUST013422,2023-09-06,2026-09-06,Pending Renewal,161,1932
SUB0013423,CUST013423,2024-04-01,2025-04-01,Active,6836,82032
SUB0013424,CUST013424,2024-11-03,2026-11-03,Active,376,4512
SUB0013425,CUST013425,2025-10-17,2028-10-17,Pending Renewal,1606,19272
SUB0013426,CUST013426,2025-08-06,2027-08-06,Pending Renewal,989,11868
SUB0013427,CUST013427,2024-10-02,2026-10-02,Active,7752,93024
SUB0013428,CUST013428,2025-10-10,2027-10-10,Active,3306,39672
SUB0013429,CUST013429,2024-06-23,2027-06-23,Active,6554,78648
SUB0013430,CUST013430,2024-04-25,2025-04-25,Active,15214,182568
SUB0013431,CUST013431,2025-09-30,2028-09-30,Active,14227,170724
SUB0013432,CUST013432,2025-02-11,2028-02-11,Active,619,7428
SUB0013433,CUST013433,2024-05-25,2025-05-25,Active,1498,17976
SUB0013434,CUST013434,2024-12-03,2026-12-03,Active,1933,23196
SUB0013435,CUST013435,2024-07-18,2026-07-18,Active,13605,163260
SUB0013436,CUST013436,2025-04-25,2026-04-25,Active,20843,250116
SUB0013437,CUST013437,2024-07-12,2027-07-12,Active,1842,22104
SUB0013438,CUST013438,2024-12-31,2025-12-31,Active,1425,17100
SUB0013439,CUST013439,2025-08-21,2028-08-21,Active,3425,41100
SUB0013440,CUST013440,2024-05-02,2025-05-02,Cancelled,525,6300
SUB0013441,CUST013441,2024-10-14,2027-10-14,Active,6274,75288
SUB0013442,CUST013442,2024-04-08,2027-04-08,Cancelled,2043,24516
SUB0013443,CUST013443,2025-09-21,2026-09-21,Active,1530,18360
SUB0013444,CUST013444,2024-09-04,2026-09-04,Pending Renewal,1570,18840
SUB0013445,CUST013445,2024-10-06,2026-10-06,Active,1887,22644
SUB0013446,CUST013446,2025-11-19,2026-11-19,Pending Renewal,681,8172
SUB0013447,CUST013447,2024-05-08,2025-05-08,Active,18615,223380
SUB0013448,CUST013448,2025-05-15,2028-05-15,Active,360,4320
SUB0013449,CUST013449,2024-04-10,2025-04-10,Active,3455,41460
SUB0013450,CUST013450,2025-04-12,2027-04-12,Active,682,8184
SUB0013451,CUST013451,2025-07-30,2027-07-30,Pending Renewal,849,10188
SUB0013452,CUST013452,2024-02-22,2025-02-22,Active,1030,12360
SUB0013453,CUST013453,2025-04-16,2026-04-16,Active,834,10008
SUB0013454,CUST013454,2025-11-06,2026-11-06,Active,6985,83820
SUB0013455,CUST013455,2024-05-01,2026-05-01,Active,2507,30084
SUB0013456,CUST013456,2023-07-15,2026-07-15,Active,4032,48384
SUB0013457,CUST013457,2023-12-31,2025-12-31,Active,11488,137856
SUB0013458,CUST013458,2025-02-09,2028-02-09,Active,3761,45132
SUB0013459,CUST013459,2024-03-14,2026-03-14,Active,2005,24060
SUB0013460,CUST013460,2025-02-24,2026-02-24,Active,10681,128172
SUB0013461,CUST013461,2025-12-25,2028-12-25,Active,132,1584
SUB0013462,CUST013462,2024-11-13,2025-11-13,Active,1249,14988
SUB0013463,CUST013463,2025-04-20,2026-04-20,Active,885,10620
SUB0013464,CUST013464,2025-01-16,2026-01-16,Active,1912,22944
SUB0013465,CUST013465,2023-11-01,2026-11-01,Active,2238,26856
SUB0013466,CUST013466,2024-09-24,2026-09-24,Active,747,8964
SUB0013467,CUST013467,2023-10-09,2024-10-09,Active,1737,20844
SUB0013468,CUST013468,2024-11-05,2026-11-05,Active,4340,52080
SUB0013469,CUST013469,2025-07-11,2028-07-11,Pending Renewal,2418,29016
SUB0013470,CUST013470,2025-01-10,2027-01-10,Active,7972,95664
SUB0013471,CUST013471,2023-08-16,2024-08-16,Active,855,10260
SUB0013472,CUST013472,2025-07-08,2028-07-08,Active,23810,285720
SUB0013473,CUST013473,2025-01-11,2027-01-11,Active,3641,43692
SUB0013474,CUST013474,2024-03-02,2027-03-02,Pending Renewal,1524,18288
SUB0013475,CUST013475,2023-11-03,2024-11-03,Active,1984,23808
SUB0013476,CUST013476,2023-12-30,2025-12-30,Active,5728,68736
SUB0013477,CUST013477,2024-02-21,2026-02-21,Active,1699,20388
SUB0013478,CUST013478,2024-05-02,2026-05-02,Active,4212,50544
SUB0013479,CUST013479,2023-07-12,2025-07-12,Active,7658,91896
SUB0013480,CUST013480,2023-08-16,2025-08-16,Active,5072,60864
SUB0013481,CUST013481,2025-04-07,2026-04-07,Active,7333,87996
SUB0013482,CUST013482,2025-07-13,2026-07-13,Active,21166,253992
SUB0013483,CUST013483,2025-11-11,2028-11-11,Active,1200,14400
SUB0013484,CUST013484,2025-03-05,2026-03-05,Pending Renewal,3961,47532
SUB0013485,CUST013485,2025-01-26,2028-01-26,Active,315,3780
SUB0013486,CUST013486,2025-09-02,2027-09-02,Active,246,2952
SUB0013487,CUST013487,2025-05-30,2027-05-30,Active,20935,251220
SUB0013488,CUST013488,2023-08-04,2026-08-04,Active,17888,214656
SUB0013489,CUST013489,2024-10-02,2025-10-02,Active,23069,276828
SUB0013490,CUST013490,2024-09-19,2025-09-19,Active,240,2880
SUB0013491,CUST013491,2023-08-20,2024-08-20,Active,4674,56088
SUB0013492,CUST013492,2025-07-15,2028-07-15,Pending Renewal,13464,161568
SUB0013493,CUST013493,2025-06-08,2026-06-08,Active,1480,17760
SUB0013494,CUST013494,2025-11-22,2026-11-22,Active,484,5808
SUB0013495,CUST013495,2025-06-04,2026-06-04,Active,1163,13956
SUB0013496,CUST013496,2025-08-29,2027-08-29,Active,317,3804
SUB0013497,CUST013497,2025-03-21,2028-03-21,Active,708,8496
SUB0013498,CUST013498,2024-10-20,2027-10-20,Active,1106,13272
SUB0013499,CUST013499,2023-10-09,2025-10-09,Active,1693,20316
SUB0013500,CUST013500,2025-06-02,2027-06-02,Active,762,9144
SUB0013501,CUST013501,2025-04-14,2027-04-14,Pending Renewal,14049,168588
SUB0013502,CUST013502,2023-10-09,2025-10-09,Active,7621,91452
SUB0013503,CUST013503,2024-08-23,2025-08-23,Pending Renewal,339,4068
SUB0013504,CUST013504,2024-03-31,2027-03-31,Active,11904,142848
SUB0013505,CUST013505,2025-05-25,2026-05-25,Pending Renewal,8249,98988
SUB0013506,CUST013506,2025-12-21,2027-12-21,Active,1291,15492
SUB0013507,CUST013507,2025-11-11,2028-11-11,Active,1379,16548
SUB0013508,CUST013508,2024-07-22,2027-07-22,Active,23377,280524
SUB0013509,CUST013509,2023-10-28,2024-10-28,Active,7135,85620
SUB0013510,CUST013510,2024-07-09,2025-07-09,Active,1046,12552
SUB0013511,CUST013511,2025-07-21,2026-07-21,Active,126,1512
SUB0013512,CUST013512,2025-05-07,2028-05-07,Pending Renewal,449,5388
SUB0013513,CUST013513,2025-04-12,2026-04-12,Active,1131,13572
SUB0013514,CUST013514,2024-07-06,2025-07-06,Cancelled,11218,134616
SUB0013515,CUST013515,2023-07-20,2024-07-20,Active,5224,62688
SUB0013516,CUST013516,2023-10-01,2026-10-01,Cancelled,4391,52692
SUB0013517,CUST013517,2025-04-06,2026-04-06,Pending Renewal,5220,62640
SUB0013518,CUST013518,2025-01-11,2028-01-11,Active,713,8556
SUB0013519,CUST013519,2024-11-20,2027-11-20,Active,161,1932
SUB0013520,CUST013520,2024-08-05,2026-08-05,Pending Renewal,21093,253116
SUB0013521,CUST013521,2025-08-21,2026-08-21,Active,1549,18588
SUB0013522,CUST013522,2023-10-01,2026-10-01,Active,929,11148
SUB0013523,CUST013523,2024-11-07,2025-11-07,Cancelled,5177,62124
SUB0013524,CUST013524,2024-11-03,2026-11-03,Active,14431,173172
SUB0013525,CUST013525,2025-08-29,2027-08-29,Active,1804,21648
SUB0013526,CUST013526,2025-01-03,2027-01-03,Pending Renewal,924,11088
SUB0013527,CUST013527,2023-08-25,2025-08-25,Active,1866,22392
SUB0013528,CUST013528,2025-08-27,2027-08-27,Active,1188,14256
SUB0013529,CUST013529,2025-06-06,2028-06-06,Active,14863,178356
SUB0013530,CUST013530,2024-04-05,2026-04-05,Active,1108,13296
SUB0013531,CUST013531,2025-03-12,2028-03-12,Active,461,5532
SUB0013532,CUST013532,2025-07-26,2026-07-26,Pending Renewal,7106,85272
SUB0013533,CUST013533,2024-11-28,2026-11-28,Active,4329,51948
SUB0013534,CUST013534,2023-07-21,2024-07-21,Pending Renewal,1003,12036
SUB0013535,CUST013535,2025-07-23,2027-07-23,Active,6070,72840
SUB0013536,CUST013536,2025-11-04,2028-11-04,Active,918,11016
SUB0013537,CUST013537,2024-07-25,2025-07-25,Active,6385,76620
SUB0013538,CUST013538,2024-08-16,2026-08-16,Active,1294,15528
SUB0013539,CUST013539,2025-09-29,2027-09-29,Active,11258,135096
SUB0013540,CUST013540,2023-08-23,2026-08-23,Active,1406,16872
SUB0013541,CUST013541,2023-11-16,2026-11-16,Active,252,3024
SUB0013542,CUST013542,2025-01-27,2027-01-27,Active,1520,18240
SUB0013543,CUST013543,2023-08-11,2024-08-11,Active,1970,23640
SUB0013544,CUST013544,2025-05-05,2028-05-05,Active,22584,271008
SUB0013545,CUST013545,2024-06-15,2025-06-15,Active,15064,180768
SUB0013546,CUST013546,2024-09-19,2026-09-19,Active,7427,89124
SUB0013547,CUST013547,2023-12-26,2024-12-26,Active,885,10620
SUB0013548,CUST013548,2025-08-14,2027-08-14,Active,655,7860
SUB0013549,CUST013549,2023-06-26,2025-06-26,Active,362,4344
SUB0013550,CUST013550,2025-02-05,2027-02-05,Active,6763,81156
SUB0013551,CUST013551,2024-04-01,2025-04-01,Active,12087,145044
SUB0013552,CUST013552,2023-07-28,2025-07-28,Active,2718,32616
SUB0013553,CUST013553,2025-12-22,2028-12-22,Active,3448,41376
SUB0013554,CUST013554,2025-02-20,2028-02-20,Active,531,6372
SUB0013555,CUST013555,2024-06-14,2027-06-14,Active,23046,276552
SUB0013556,CUST013556,2024-02-23,2026-02-23,Active,7378,88536
SUB0013557,CUST013557,2023-09-25,2025-09-25,Active,4851,58212
SUB0013558,CUST013558,2024-12-25,2025-12-25,Active,718,8616
SUB0013559,CUST013559,2025-07-13,2027-07-13,Active,249,2988
SUB0013560,CUST013560,2025-08-21,2027-08-21,Pending Renewal,5814,69768
SUB0013561,CUST013561,2024-09-19,2025-09-19,Cancelled,7410,88920
SUB0013562,CUST013562,2023-07-08,2026-07-08,Active,4054,48648
SUB0013563,CUST013563,2025-02-15,2028-02-15,Cancelled,6081,72972
SUB0013564,CUST013564,2023-07-06,2026-07-06,Active,3841,46092
SUB0013565,CUST013565,2025-03-30,2027-03-30,Pending Renewal,521,6252
SUB0013566,CUST013566,2025-03-10,2027-03-10,Active,1263,15156
SUB0013567,CUST013567,2024-09-09,2027-09-09,Active,1208,14496
SUB0013568,CUST013568,2024-05-19,2025-05-19,Active,7548,90576
SUB0013569,CUST013569,2024-01-03,2025-01-03,Active,14439,173268
SUB0013570,CUST013570,2024-11-21,2027-11-21,Active,6648,79776
SUB0013571,CUST013571,2025-03-10,2027-03-10,Active,4329,51948
SUB0013572,CUST013572,2024-08-25,2026-08-25,Active,23948,287376
SUB0013573,CUST013573,2025-04-18,2026-04-18,Active,1571,18852
SUB0013574,CUST013574,2024-04-24,2027-04-24,Active,1018,12216
SUB0013575,CUST013575,2024-11-29,2025-11-29,Active,274,3288
SUB0013576,CUST013576,2025-05-20,2028-05-20,Active,1015,12180
SUB0013577,CUST013577,2023-07-16,2025-07-16,Active,536,6432
SUB0013578,CUST013578,2025-01-03,2028-01-03,Active,1151,13812
SUB0013579,CUST013579,2023-08-16,2026-08-16,Active,6695,80340
SUB0013580,CUST013580,2024-07-04,2025-07-04,Active,2524,30288
SUB0013581,CUST013581,2024-09-10,2027-09-10,Active,15521,186252
SUB0013582,CUST013582,2024-12-30,2026-12-30,Active,3987,47844
SUB0013583,CUST013583,2023-09-23,2025-09-23,Active,7262,87144
SUB0013584,CUST013584,2025-01-07,2026-01-07,Active,1067,12804
SUB0013585,CUST013585,2023-07-23,2026-07-23,Active,1176,14112
SUB0013586,CUST013586,2025-08-07,2027-08-07,Active,7419,89028
SUB0013587,CUST013587,2024-10-26,2025-10-26,Active,6134,73608
SUB0013588,CUST013588,2023-12-12,2026-12-12,Cancelled,15884,190608
SUB0013589,CUST013589,2025-05-03,2027-05-03,Active,1372,16464
SUB0013590,CUST013590,2024-12-08,2027-12-08,Active,417,5004
SUB0013591,CUST013591,2024-11-10,2027-11-10,Active,1808,21696
SUB0013592,CUST013592,2025-06-06,2028-06-06,Pending Renewal,1206,14472
SUB0013593,CUST013593,2025-10-27,2026-10-27,Active,1563,18756
SUB0013594,CUST013594,2025-01-31,2026-01-31,Active,3212,38544
SUB0013595,CUST013595,2025-11-06,2026-11-06,Active,1111,13332
SUB0013596,CUST013596,2025-02-28,2028-02-28,Active,1709,20508
SUB0013597,CUST013597,2025-12-15,2027-12-15,Active,9796,117552
SUB0013598,CUST013598,2025-12-13,2027-12-13,Active,1836,22032
SUB0013599,CUST013599,2023-12-21,2026-12-21,Active,5805,69660
SUB0013600,CUST013600,2023-10-30,2025-10-30,Active,14609,175308
SUB0013601,CUST013601,2023-08-08,2026-08-08,Active,1782,21384
SUB0013602,CUST013602,2023-10-20,2026-10-20,Active,17300,207600
SUB0013603,CUST013603,2025-03-25,2026-03-25,Active,4868,58416
SUB0013604,CUST013604,2024-06-10,2025-06-10,Active,1641,19692
SUB0013605,CUST013605,2024-04-14,2027-04-14,Active,644,7728
SUB0013606,CUST013606,2024-03-23,2025-03-23,Pending Renewal,21568,258816
SUB0013607,CUST013607,2024-08-04,2025-08-04,Active,1374,16488
SUB0013608,CUST013608,2024-09-07,2025-09-07,Active,1151,13812
SUB0013609,CUST013609,2024-07-28,2027-07-28,Pending Renewal,591,7092
SUB0013610,CUST013610,2025-08-20,2026-08-20,Active,3928,47136
SUB0013611,CUST013611,2024-11-27,2025-11-27,Active,16995,203940
SUB0013612,CUST013612,2023-07-23,2026-07-23,Active,2498,29976
SUB0013613,CUST013613,2025-08-11,2027-08-11,Active,1995,23940
SUB0013614,CUST013614,2025-09-22,2026-09-22,Active,3337,40044
SUB0013615,CUST013615,2024-08-18,2026-08-18,Cancelled,13714,164568
SUB0013616,CUST013616,2024-07-22,2025-07-22,Active,6061,72732
SUB0013617,CUST013617,2025-03-21,2027-03-21,Active,16043,192516
SUB0013618,CUST013618,2025-07-11,2026-07-11,Active,7842,94104
SUB0013619,CUST013619,2025-12-20,2028-12-20,Active,4289,51468
SUB0013620,CUST013620,2025-11-07,2027-11-07,Active,3049,36588
SUB0013621,CUST013621,2025-08-19,2028-08-19,Pending Renewal,1951,23412
SUB0013622,CUST013622,2023-10-21,2026-10-21,Active,7885,94620
SUB0013623,CUST013623,2023-07-17,2026-07-17,Active,18075,216900
SUB0013624,CUST013624,2024-07-16,2027-07-16,Active,5908,70896
SUB0013625,CUST013625,2025-03-18,2027-03-18,Active,7119,85428
SUB0013626,CUST013626,2024-01-01,2025-01-01,Active,19288,231456
SUB0013627,CUST013627,2024-08-29,2025-08-29,Active,297,3564
SUB0013628,CUST013628,2025-07-17,2026-07-17,Active,4439,53268
SUB0013629,CUST013629,2025-09-15,2026-09-15,Active,553,6636
SUB0013630,CUST013630,2025-02-07,2026-02-07,Pending Renewal,1332,15984
SUB0013631,CUST013631,2023-12-13,2024-12-13,Active,1805,21660
SUB0013632,CUST013632,2025-01-18,2027-01-18,Active,4062,48744
SUB0013633,CUST013633,2024-09-18,2027-09-18,Active,5029,60348
SUB0013634,CUST013634,2025-06-24,2027-06-24,Active,13477,161724
SUB0013635,CUST013635,2023-06-30,2025-06-30,Active,3547,42564
SUB0013636,CUST013636,2024-01-20,2025-01-20,Cancelled,23920,287040
SUB0013637,CUST013637,2025-08-23,2026-08-23,Pending Renewal,4628,55536
SUB0013638,CUST013638,2025-06-08,2028-06-08,Pending Renewal,1647,19764
SUB0013639,CUST013639,2023-07-22,2025-07-22,Active,1676,20112
SUB0013640,CUST013640,2024-05-27,2025-05-27,Active,6834,82008
SUB0013641,CUST013641,2025-05-12,2027-05-12,Pending Renewal,313,3756
SUB0013642,CUST013642,2024-02-17,2026-02-17,Active,825,9900
SUB0013643,CUST013643,2023-11-02,2024-11-02,Pending Renewal,4329,51948
SUB0013644,CUST013644,2025-07-11,2026-07-11,Active,282,3384
SUB0013645,CUST013645,2025-02-19,2027-02-19,Active,1786,21432
SUB0013646,CUST013646,2024-06-30,2025-06-30,Active,729,8748
SUB0013647,CUST013647,2024-03-06,2027-03-06,Active,269,3228
SUB0013648,CUST013648,2023-09-14,2024-09-14,Cancelled,4703,56436
SUB0013649,CUST013649,2024-06-09,2027-06-09,Active,445,5340
SUB0013650,CUST013650,2024-03-20,2027-03-20,Active,15673,188076
SUB0013651,CUST013651,2025-02-13,2026-02-13,Pending Renewal,6811,81732
SUB0013652,CUST013652,2025-06-09,2026-06-09,Active,1283,15396
SUB0013653,CUST013653,2024-04-10,2025-04-10,Active,369,4428
SUB0013654,CUST013654,2023-10-29,2025-10-29,Active,13796,165552
SUB0013655,CUST013655,2023-09-12,2025-09-12,Active,3282,39384
SUB0013656,CUST013656,2024-03-19,2025-03-19,Active,1469,17628
SUB0013657,CUST013657,2024-09-07,2025-09-07,Active,4608,55296
SUB0013658,CUST013658,2024-07-28,2025-07-28,Active,7952,95424
SUB0013659,CUST013659,2024-11-04,2025-11-04,Active,1123,13476
SUB0013660,CUST013660,2024-06-03,2025-06-03,Active,1257,15084
SUB0013661,CUST013661,2024-03-14,2025-03-14,Active,639,7668
SUB0013662,CUST013662,2025-10-11,2028-10-11,Active,481,5772
SUB0013663,CUST013663,2023-08-26,2026-08-26,Active,5583,66996
SUB0013664,CUST013664,2024-03-07,2026-03-07,Pending Renewal,1946,23352
SUB0013665,CUST013665,2024-08-07,2026-08-07,Active,915,10980
SUB0013666,CUST013666,2025-06-19,2026-06-19,Active,11964,143568
SUB0013667,CUST013667,2023-11-22,2026-11-22,Active,284,3408
SUB0013668,CUST013668,2024-02-08,2025-02-08,Cancelled,2108,25296
SUB0013669,CUST013669,2025-07-09,2027-07-09,Active,5106,61272
SUB0013670,CUST013670,2025-07-11,2026-07-11,Active,662,7944
SUB0013671,CUST013671,2025-08-08,2027-08-08,Active,7891,94692
SUB0013672,CUST013672,2024-08-05,2026-08-05,Active,1342,16104
SUB0013673,CUST013673,2025-04-13,2028-04-13,Active,777,9324
SUB0013674,CUST013674,2023-10-13,2026-10-13,Active,1038,12456
SUB0013675,CUST013675,2024-04-28,2027-04-28,Active,7460,89520
SUB0013676,CUST013676,2023-11-04,2025-11-04,Active,5222,62664
SUB0013677,CUST013677,2025-07-09,2027-07-09,Active,10535,126420
SUB0013678,CUST013678,2025-02-18,2028-02-18,Cancelled,307,3684
SUB0013679,CUST013679,2025-08-18,2027-08-18,Active,1083,12996
SUB0013680,CUST013680,2024-02-19,2026-02-19,Active,13985,167820
SUB0013681,CUST013681,2024-05-10,2027-05-10,Active,1048,12576
SUB0013682,CUST013682,2025-09-24,2028-09-24,Pending Renewal,1953,23436
SUB0013683,CUST013683,2024-02-03,2026-02-03,Active,6973,83676
SUB0013684,CUST013684,2023-12-26,2026-12-26,Active,462,5544
SUB0013685,CUST013685,2024-01-28,2026-01-28,Active,1778,21336
SUB0013686,CUST013686,2025-12-23,2028-12-23,Active,6253,75036
SUB0013687,CUST013687,2024-02-05,2026-02-05,Active,3751,45012
SUB0013688,CUST013688,2025-11-09,2026-11-09,Active,1864,22368
SUB0013689,CUST013689,2024-12-27,2027-12-27,Active,7500,90000
SUB0013690,CUST013690,2023-08-28,2024-08-28,Active,7396,88752
SUB0013691,CUST013691,2023-10-31,2026-10-31,Active,1705,20460
SUB0013692,CUST013692,2025-09-26,2026-09-26,Cancelled,17189,206268
SUB0013693,CUST013693,2023-12-25,2026-12-25,Active,5655,67860
SUB0013694,CUST013694,2025-04-20,2026-04-20,Active,363,4356
SUB0013695,CUST013695,2023-08-28,2025-08-28,Active,1551,18612
SUB0013696,CUST013696,2025-01-07,2027-01-07,Active,19757,237084
SUB0013697,CUST013697,2024-12-27,2027-12-27,Active,1459,17508
SUB0013698,CUST013698,2024-11-21,2027-11-21,Active,1287,15444
SUB0013699,CUST013699,2024-09-17,2025-09-17,Active,3858,46296
SUB0013700,CUST013700,2023-12-24,2024-12-24,Active,1201,14412
SUB0013701,CUST013701,2024-06-28,2027-06-28,Active,4631,55572
SUB0013702,CUST013702,2025-08-10,2026-08-10,Active,1724,20688
SUB0013703,CUST013703,2025-04-24,2027-04-24,Cancelled,4826,57912
SUB0013704,CUST013704,2023-08-27,2026-08-27,Active,4347,52164
SUB0013705,CUST013705,2023-09-20,2026-09-20,Pending Renewal,6241,74892
SUB0013706,CUST013706,2025-08-09,2028-08-09,Active,6506,78072
SUB0013707,CUST013707,2025-01-01,2026-01-01,Active,4447,53364
SUB0013708,CUST013708,2025-06-18,2028-06-18,Active,21878,262536
SUB0013709,CUST013709,2024-05-31,2025-05-31,Active,1642,19704
SUB0013710,CUST013710,2025-08-11,2026-08-11,Active,6412,76944
SUB0013711,CUST013711,2025-11-06,2028-11-06,Active,2577,30924
SUB0013712,CUST013712,2025-09-02,2028-09-02,Active,644,7728
SUB0013713,CUST013713,2025-07-05,2026-07-05,Active,5285,63420
SUB0013714,CUST013714,2025-12-14,2026-12-14,Active,20792,249504
SUB0013715,CUST013715,2025-04-07,2028-04-07,Active,6623,79476
SUB0013716,CUST013716,2025-11-17,2027-11-17,Cancelled,947,11364
SUB0013717,CUST013717,2025-08-28,2026-08-28,Active,22675,272100
SUB0013718,CUST013718,2023-10-31,2025-10-31,Pending Renewal,1167,14004
SUB0013719,CUST013719,2024-03-06,2025-03-06,Active,1206,14472
SUB0013720,CUST013720,2024-08-02,2025-08-02,Active,6654,79848
SUB0013721,CUST013721,2024-12-03,2025-12-03,Active,2196,26352
SUB0013722,CUST013722,2023-11-14,2026-11-14,Active,13367,160404
SUB0013723,CUST013723,2025-12-09,2027-12-09,Active,1419,17028
SUB0013724,CUST013724,2023-09-11,2026-09-11,Active,150,1800
SUB0013725,CUST013725,2023-07-31,2024-07-31,Pending Renewal,7779,93348
SUB0013726,CUST013726,2024-01-13,2025-01-13,Active,22877,274524
SUB0013727,CUST013727,2025-02-16,2028-02-16,Active,1045,12540
SUB0013728,CUST013728,2025-12-15,2027-12-15,Pending Renewal,23144,277728
SUB0013729,CUST013729,2025-11-11,2027-11-11,Active,988,11856
SUB0013730,CUST013730,2025-10-08,2028-10-08,Active,4053,48636
SUB0013731,CUST013731,2025-03-06,2026-03-06,Pending Renewal,2896,34752
SUB0013732,CUST013732,2024-10-01,2027-10-01,Active,1319,15828
SUB0013733,CUST013733,2024-10-28,2025-10-28,Active,16901,202812
SUB0013734,CUST013734,2024-05-19,2026-05-19,Active,1178,14136
SUB0013735,CUST013735,2023-11-02,2025-11-02,Pending Renewal,868,10416
SUB0013736,CUST013736,2025-10-31,2028-10-31,Active,3633,43596
SUB0013737,CUST013737,2024-01-25,2027-01-25,Active,248,2976
SUB0013738,CUST013738,2025-02-09,2027-02-09,Active,3576,42912
SUB0013739,CUST013739,2024-06-21,2026-06-21,Active,138,1656
SUB0013740,CUST013740,2023-07-13,2026-07-13,Pending Renewal,930,11160
SUB0013741,CUST013741,2024-01-06,2025-01-06,Cancelled,21677,260124
SUB0013742,CUST013742,2024-06-09,2027-06-09,Active,16204,194448
SUB0013743,CUST013743,2025-02-24,2028-02-24,Pending Renewal,1545,18540
SUB0013744,CUST013744,2024-08-12,2026-08-12,Active,1058,12696
SUB0013745,CUST013745,2025-06-25,2026-06-25,Active,2361,28332
SUB0013746,CUST013746,2024-08-06,2027-08-06,Active,2904,34848
SUB0013747,CUST013747,2024-03-17,2027-03-17,Cancelled,3525,42300
SUB0013748,CUST013748,2024-03-03,2027-03-03,Active,4431,53172
SUB0013749,CUST013749,2025-06-06,2027-06-06,Active,1589,19068
SUB0013750,CUST013750,2025-12-08,2027-12-08,Active,2239,26868
SUB0013751,CUST013751,2025-06-18,2027-06-18,Active,16664,199968
SUB0013752,CUST013752,2025-01-17,2026-01-17,Active,9534,114408
SUB0013753,CUST013753,2024-07-29,2025-07-29,Pending Renewal,988,11856
SUB0013754,CUST013754,2023-10-28,2026-10-28,Active,15201,182412
SUB0013755,CUST013755,2024-04-11,2026-04-11,Active,1595,19140
SUB0013756,CUST013756,2025-04-15,2026-04-15,Active,916,10992
SUB0013757,CUST013757,2024-07-30,2025-07-30,Cancelled,5744,68928
SUB0013758,CUST013758,2024-06-30,2027-06-30,Active,3925,47100
SUB0013759,CUST013759,2025-05-07,2028-05-07,Active,8370,100440
SUB0013760,CUST013760,2025-07-27,2028-07-27,Active,1016,12192
SUB0013761,CUST013761,2024-11-25,2026-11-25,Active,1682,20184
SUB0013762,CUST013762,2024-12-24,2025-12-24,Active,1659,19908
SUB0013763,CUST013763,2024-04-19,2027-04-19,Cancelled,627,7524
SUB0013764,CUST013764,2024-10-22,2026-10-22,Active,278,3336
SUB0013765,CUST013765,2025-08-09,2027-08-09,Active,1736,20832
SUB0013766,CUST013766,2025-03-11,2027-03-11,Active,23956,287472
SUB0013767,CUST013767,2025-05-26,2028-05-26,Active,1882,22584
SUB0013768,CUST013768,2024-05-02,2025-05-02,Active,4525,54300
SUB0013769,CUST013769,2023-11-22,2025-11-22,Active,837,10044
SUB0013770,CUST013770,2023-07-14,2025-07-14,Active,13640,163680
SUB0013771,CUST013771,2024-06-06,2026-06-06,Active,4312,51744
SUB0013772,CUST013772,2024-09-22,2025-09-22,Pending Renewal,1739,20868
SUB0013773,CUST013773,2024-03-30,2026-03-30,Pending Renewal,4780,57360
SUB0013774,CUST013774,2023-08-11,2025-08-11,Pending Renewal,4171,50052
SUB0013775,CUST013775,2024-06-01,2026-06-01,Active,845,10140
SUB0013776,CUST013776,2024-10-05,2026-10-05,Active,13776,165312
SUB0013777,CUST013777,2024-09-28,2026-09-28,Active,3193,38316
SUB0013778,CUST013778,2024-10-04,2027-10-04,Active,5760,69120
SUB0013779,CUST013779,2024-02-04,2025-02-04,Active,1044,12528
SUB0013780,CUST013780,2025-10-29,2028-10-29,Active,1137,13644
SUB0013781,CUST013781,2025-09-06,2027-09-06,Active,22114,265368
SUB0013782,CUST013782,2024-06-16,2025-06-16,Active,19745,236940
SUB0013783,CUST013783,2024-04-29,2026-04-29,Active,5678,68136
SUB0013784,CUST013784,2025-11-08,2027-11-08,Active,10806,129672
SUB0013785,CUST013785,2023-10-29,2025-10-29,Active,236,2832
SUB0013786,CUST013786,2024-05-06,2027-05-06,Active,2093,25116
SUB0013787,CUST013787,2025-01-16,2026-01-16,Active,1591,19092
SUB0013788,CUST013788,2025-03-13,2027-03-13,Active,1368,16416
SUB0013789,CUST013789,2025-04-05,2026-04-05,Active,690,8280
SUB0013790,CUST013790,2025-07-30,2027-07-30,Active,4671,56052
SUB0013791,CUST013791,2024-07-15,2026-07-15,Active,5995,71940
SUB0013792,CUST013792,2023-10-31,2024-10-31,Active,1985,23820
SUB0013793,CUST013793,2024-11-13,2026-11-13,Active,1997,23964
SUB0013794,CUST013794,2024-01-31,2027-01-31,Active,1266,15192
SUB0013795,CUST013795,2024-07-28,2026-07-28,Active,7437,89244
SUB0013796,CUST013796,2023-08-18,2025-08-18,Active,1910,22920
SUB0013797,CUST013797,2025-03-24,2026-03-24,Pending Renewal,869,10428
SUB0013798,CUST013798,2025-02-03,2027-02-03,Active,374,4488
SUB0013799,CUST013799,2024-10-08,2025-10-08,Active,19532,234384
SUB0013800,CUST013800,2024-10-20,2025-10-20,Active,138,1656
SUB0013801,CUST013801,2025-09-27,2028-09-27,Active,6499,77988
SUB0013802,CUST013802,2025-03-08,2026-03-08,Active,182,2184
SUB0013803,CUST013803,2025-07-14,2026-07-14,Active,1566,18792
SUB0013804,CUST013804,2025-05-01,2026-05-01,Active,2279,27348
SUB0013805,CUST013805,2024-07-07,2025-07-07,Active,4044,48528
SUB0013806,CUST013806,2025-04-14,2028-04-14,Active,906,10872
SUB0013807,CUST013807,2024-10-25,2026-10-25,Active,728,8736
SUB0013808,CUST013808,2025-10-10,2027-10-10,Active,490,5880
SUB0013809,CUST013809,2023-10-06,2026-10-06,Cancelled,1912,22944
SUB0013810,CUST013810,2024-11-17,2027-11-17,Active,4466,53592
SUB0013811,CUST013811,2023-08-25,2024-08-25,Active,10946,131352
SUB0013812,CUST013812,2024-05-31,2025-05-31,Active,772,9264
SUB0013813,CUST013813,2024-04-23,2027-04-23,Cancelled,1756,21072
SUB0013814,CUST013814,2023-08-22,2025-08-22,Active,1867,22404
SUB0013815,CUST013815,2023-10-24,2024-10-24,Active,1337,16044
SUB0013816,CUST013816,2024-08-21,2026-08-21,Active,862,10344
SUB0013817,CUST013817,2023-08-17,2026-08-17,Pending Renewal,104,1248
SUB0013818,CUST013818,2025-12-13,2028-12-13,Pending Renewal,10543,126516
SUB0013819,CUST013819,2024-10-26,2026-10-26,Active,5275,63300
SUB0013820,CUST013820,2024-10-07,2026-10-07,Active,1541,18492
SUB0013821,CUST013821,2025-03-29,2027-03-29,Active,1383,16596
SUB0013822,CUST013822,2024-08-17,2025-08-17,Active,5418,65016
SUB0013823,CUST013823,2025-02-20,2027-02-20,Active,1472,17664
SUB0013824,CUST013824,2024-08-14,2027-08-14,Active,1900,22800
SUB0013825,CUST013825,2025-11-25,2027-11-25,Active,1240,14880
SUB0013826,CUST013826,2024-01-03,2026-01-03,Active,1564,18768
SUB0013827,CUST013827,2023-12-27,2024-12-27,Active,489,5868
SUB0013828,CUST013828,2025-01-29,2028-01-29,Active,599,7188
SUB0013829,CUST013829,2024-08-03,2025-08-03,Active,1980,23760
SUB0013830,CUST013830,2024-07-15,2027-07-15,Cancelled,1840,22080
SUB0013831,CUST013831,2024-02-04,2026-02-04,Active,4811,57732
SUB0013832,CUST013832,2023-07-18,2026-07-18,Pending Renewal,478,5736
SUB0013833,CUST013833,2025-02-07,2028-02-07,Active,1969,23628
SUB0013834,CUST013834,2025-01-20,2026-01-20,Active,5169,62028
SUB0013835,CUST013835,2023-10-26,2025-10-26,Active,4937,59244
SUB0013836,CUST013836,2025-09-05,2026-09-05,Active,4144,49728
SUB0013837,CUST013837,2024-03-24,2026-03-24,Active,741,8892
SUB0013838,CUST013838,2025-07-18,2027-07-18,Active,1740,20880
SUB0013839,CUST013839,2023-11-13,2024-11-13,Active,956,11472
SUB0013840,CUST013840,2024-04-02,2025-04-02,Active,2097,25164
SUB0013841,CUST013841,2024-11-24,2027-11-24,Cancelled,853,10236
SUB0013842,CUST013842,2024-01-23,2025-01-23,Active,1499,17988
SUB0013843,CUST013843,2025-01-23,2026-01-23,Active,3511,42132
SUB0013844,CUST013844,2024-03-24,2027-03-24,Active,20542,246504
SUB0013845,CUST013845,2024-01-21,2026-01-21,Active,4309,51708
SUB0013846,CUST013846,2023-07-12,2026-07-12,Active,171,2052
SUB0013847,CUST013847,2025-10-28,2026-10-28,Active,1212,14544
SUB0013848,CUST013848,2024-02-14,2025-02-14,Active,1833,21996
SUB0013849,CUST013849,2024-07-23,2027-07-23,Active,492,5904
SUB0013850,CUST013850,2024-09-29,2027-09-29,Active,1965,23580
SUB0013851,CUST013851,2024-12-23,2025-12-23,Active,1638,19656
SUB0013852,CUST013852,2023-06-28,2025-06-28,Active,558,6696
SUB0013853,CUST013853,2025-08-26,2027-08-26,Active,301,3612
SUB0013854,CUST013854,2024-10-20,2025-10-20,Active,14717,176604
SUB0013855,CUST013855,2025-06-15,2027-06-15,Active,5147,61764
SUB0013856,CUST013856,2025-05-26,2027-05-26,Active,4349,52188
SUB0013857,CUST013857,2024-03-04,2026-03-04,Active,19734,236808
SUB0013858,CUST013858,2024-12-26,2027-12-26,Active,19541,234492
SUB0013859,CUST013859,2025-03-07,2028-03-07,Active,141,1692
SUB0013860,CUST013860,2024-02-12,2027-02-12,Cancelled,1905,22860
SUB0013861,CUST013861,2025-09-21,2027-09-21,Active,19016,228192
SUB0013862,CUST013862,2025-12-09,2028-12-09,Active,1464,17568
SUB0013863,CUST013863,2025-07-22,2027-07-22,Active,16410,196920
SUB0013864,CUST013864,2023-06-27,2024-06-27,Pending Renewal,7145,85740
SUB0013865,CUST013865,2023-10-24,2024-10-24,Active,1768,21216
SUB0013866,CUST013866,2023-10-14,2025-10-14,Active,4797,57564
SUB0013867,CUST013867,2024-07-20,2025-07-20,Active,1749,20988
SUB0013868,CUST013868,2024-11-17,2025-11-17,Active,4576,54912
SUB0013869,CUST013869,2025-04-29,2028-04-29,Active,1452,17424
SUB0013870,CUST013870,2023-11-20,2024-11-20,Active,1013,12156
SUB0013871,CUST013871,2025-04-13,2027-04-13,Active,1633,19596
SUB0013872,CUST013872,2025-05-07,2028-05-07,Active,507,6084
SUB0013873,CUST013873,2024-06-13,2025-06-13,Cancelled,1724,20688
SUB0013874,CUST013874,2025-05-06,2026-05-06,Active,588,7056
SUB0013875,CUST013875,2025-10-28,2028-10-28,Active,741,8892
SUB0013876,CUST013876,2024-11-29,2026-11-29,Active,6107,73284
SUB0013877,CUST013877,2025-08-27,2027-08-27,Active,5789,69468
SUB0013878,CUST013878,2024-10-08,2027-10-08,Pending Renewal,2228,26736
SUB0013879,CUST013879,2025-10-30,2026-10-30,Active,3375,40500
SUB0013880,CUST013880,2025-01-30,2026-01-30,Active,7264,87168
SUB0013881,CUST013881,2023-07-22,2025-07-22,Active,5120,61440
SUB0013882,CUST013882,2024-04-22,2027-04-22,Active,1965,23580
SUB0013883,CUST013883,2025-03-25,2027-03-25,Active,1266,15192
SUB0013884,CUST013884,2025-06-21,2027-06-21,Active,5729,68748
SUB0013885,CUST013885,2024-12-23,2027-12-23,Active,964,11568
SUB0013886,CUST013886,2023-09-24,2024-09-24,Active,21798,261576
SUB0013887,CUST013887,2024-02-21,2027-02-21,Active,783,9396
SUB0013888,CUST013888,2025-07-20,2026-07-20,Pending Renewal,4678,56136
SUB0013889,CUST013889,2025-12-21,2027-12-21,Active,311,3732
SUB0013890,CUST013890,2024-02-27,2025-02-27,Pending Renewal,1180,14160
SUB0013891,CUST013891,2024-11-12,2026-11-12,Active,13599,163188
SUB0013892,CUST013892,2025-12-02,2028-12-02,Pending Renewal,1447,17364
SUB0013893,CUST013893,2023-07-15,2026-07-15,Active,435,5220
SUB0013894,CUST013894,2023-08-17,2025-08-17,Active,355,4260
SUB0013895,CUST013895,2023-10-11,2026-10-11,Active,640,7680
SUB0013896,CUST013896,2025-11-20,2027-11-20,Active,378,4536
SUB0013897,CUST013897,2025-08-11,2028-08-11,Active,3951,47412
SUB0013898,CUST013898,2025-08-05,2028-08-05,Active,5520,66240
SUB0013899,CUST013899,2024-12-29,2026-12-29,Active,2113,25356
SUB0013900,CUST013900,2024-10-20,2027-10-20,Active,3174,38088
SUB0013901,CUST013901,2024-08-21,2027-08-21,Active,24696,296352
SUB0013902,CUST013902,2024-06-25,2027-06-25,Active,5922,71064
SUB0013903,CUST013903,2025-11-11,2028-11-11,Active,3125,37500
SUB0013904,CUST013904,2024-08-04,2027-08-04,Pending Renewal,16692,200304
SUB0013905,CUST013905,2025-02-02,2028-02-02,Active,1181,14172
SUB0013906,CUST013906,2025-07-09,2027-07-09,Active,1679,20148
SUB0013907,CUST013907,2025-04-28,2027-04-28,Active,11971,143652
SUB0013908,CUST013908,2023-10-04,2025-10-04,Active,1054,12648
SUB0013909,CUST013909,2024-06-24,2025-06-24,Active,1117,13404
SUB0013910,CUST013910,2025-06-07,2027-06-07,Pending Renewal,20495,245940
SUB0013911,CUST013911,2025-05-12,2027-05-12,Active,661,7932
SUB0013912,CUST013912,2024-09-19,2027-09-19,Pending Renewal,563,6756
SUB0013913,CUST013913,2023-10-29,2025-10-29,Active,2974,35688
SUB0013914,CUST013914,2025-01-19,2027-01-19,Active,518,6216
SUB0013915,CUST013915,2024-03-04,2025-03-04,Active,520,6240
SUB0013916,CUST013916,2025-09-27,2027-09-27,Active,650,7800
SUB0013917,CUST013917,2024-09-05,2027-09-05,Active,1981,23772
SUB0013918,CUST013918,2024-03-02,2026-03-02,Active,1806,21672
SUB0013919,CUST013919,2025-01-16,2026-01-16,Active,7445,89340
SUB0013920,CUST013920,2023-11-18,2024-11-18,Active,5201,62412
SUB0013921,CUST013921,2024-06-14,2025-06-14,Active,1566,18792
SUB0013922,CUST013922,2024-06-07,2027-06-07,Cancelled,788,9456
SUB0013923,CUST013923,2025-02-26,2026-02-26,Active,5203,62436
SUB0013924,CUST013924,2024-11-13,2027-11-13,Active,5358,64296
SUB0013925,CUST013925,2024-10-11,2027-10-11,Active,3996,47952
SUB0013926,CUST013926,2023-11-16,2026-11-16,Active,3934,47208
SUB0013927,CUST013927,2024-02-13,2027-02-13,Pending Renewal,1163,13956
SUB0013928,CUST013928,2024-05-05,2025-05-05,Active,15203,182436
SUB0013929,CUST013929,2024-04-22,2026-04-22,Active,18597,223164
SUB0013930,CUST013930,2025-03-02,2028-03-02,Active,6296,75552
SUB0013931,CUST013931,2025-03-17,2027-03-17,Active,16486,197832
SUB0013932,CUST013932,2023-12-27,2024-12-27,Active,1109,13308
SUB0013933,CUST013933,2025-05-27,2028-05-27,Pending Renewal,1764,21168
SUB0013934,CUST013934,2024-10-09,2027-10-09,Active,320,3840
SUB0013935,CUST013935,2023-08-29,2024-08-29,Active,943,11316
SUB0013936,CUST013936,2024-01-30,2026-01-30,Active,19423,233076
SUB0013937,CUST013937,2025-04-16,2028-04-16,Pending Renewal,1429,17148
SUB0013938,CUST013938,2023-11-02,2025-11-02,Active,1190,14280
SUB0013939,CUST013939,2025-08-14,2026-08-14,Pending Renewal,512,6144
SUB0013940,CUST013940,2023-12-01,2026-12-01,Active,20305,243660
SUB0013941,CUST013941,2025-11-25,2026-11-25,Active,1847,22164
SUB0013942,CUST013942,2024-11-13,2025-11-13,Active,1733,20796
SUB0013943,CUST013943,2024-12-02,2026-12-02,Active,1196,14352
SUB0013944,CUST013944,2024-06-28,2026-06-28,Active,780,9360
SUB0013945,CUST013945,2023-10-13,2026-10-13,Active,5666,67992
SUB0013946,CUST013946,2025-09-23,2026-09-23,Active,5906,70872
SUB0013947,CUST013947,2025-08-22,2027-08-22,Active,1292,15504
SUB0013948,CUST013948,2024-08-26,2025-08-26,Active,949,11388
SUB0013949,CUST013949,2025-04-16,2028-04-16,Active,1753,21036
SUB0013950,CUST013950,2023-11-15,2026-11-15,Active,1512,18144
SUB0013951,CUST013951,2025-07-05,2026-07-05,Active,2552,30624
SUB0013952,CUST013952,2024-01-22,2025-01-22,Pending Renewal,5485,65820
SUB0013953,CUST013953,2024-03-26,2025-03-26,Active,1753,21036
SUB0013954,CUST013954,2023-11-18,2026-11-18,Pending Renewal,13972,167664
SUB0013955,CUST013955,2024-08-07,2027-08-07,Active,1024,12288
SUB0013956,CUST013956,2025-06-11,2027-06-11,Active,4641,55692
SUB0013957,CUST013957,2024-03-11,2025-03-11,Active,1464,17568
SUB0013958,CUST013958,2023-08-08,2025-08-08,Active,19710,236520
SUB0013959,CUST013959,2024-05-01,2027-05-01,Active,7931,95172
SUB0013960,CUST013960,2025-11-16,2026-11-16,Active,7316,87792
SUB0013961,CUST013961,2025-11-24,2027-11-24,Active,948,11376
SUB0013962,CUST013962,2023-10-20,2024-10-20,Active,1024,12288
SUB0013963,CUST013963,2025-03-29,2027-03-29,Active,759,9108
SUB0013964,CUST013964,2024-03-03,2027-03-03,Active,1832,21984
SUB0013965,CUST013965,2025-03-14,2027-03-14,Active,6742,80904
SUB0013966,CUST013966,2025-10-13,2028-10-13,Active,7138,85656
SUB0013967,CUST013967,2023-09-02,2025-09-02,Pending Renewal,2321,27852
SUB0013968,CUST013968,2023-07-21,2026-07-21,Active,314,3768
SUB0013969,CUST013969,2025-06-21,2026-06-21,Pending Renewal,13098,157176
SUB0013970,CUST013970,2023-11-14,2025-11-14,Active,3481,41772
SUB0013971,CUST013971,2024-07-31,2025-07-31,Active,1012,12144
SUB0013972,CUST013972,2024-11-01,2025-11-01,Active,6351,76212
SUB0013973,CUST013973,2024-02-01,2025-02-01,Active,4131,49572
SUB0013974,CUST013974,2023-10-19,2024-10-19,Cancelled,17534,210408
SUB0013975,CUST013975,2024-03-20,2025-03-20,Active,1703,20436
SUB0013976,CUST013976,2024-11-16,2026-11-16,Active,269,3228
SUB0013977,CUST013977,2024-05-06,2027-05-06,Active,6059,72708
SUB0013978,CUST013978,2024-03-15,2025-03-15,Active,12807,153684
SUB0013979,CUST013979,2023-10-21,2025-10-21,Active,4404,52848
SUB0013980,CUST013980,2024-05-30,2025-05-30,Active,1747,20964
SUB0013981,CUST013981,2025-07-28,2026-07-28,Active,1174,14088
SUB0013982,CUST013982,2023-07-05,2025-07-05,Active,554,6648
SUB0013983,CUST013983,2025-01-25,2026-01-25,Active,1698,20376
SUB0013984,CUST013984,2025-02-12,2028-02-12,Active,838,10056
SUB0013985,CUST013985,2024-01-14,2026-01-14,Active,7599,91188
SUB0013986,CUST013986,2024-06-16,2025-06-16,Active,8619,103428
SUB0013987,CUST013987,2023-07-04,2025-07-04,Active,1476,17712
SUB0013988,CUST013988,2025-07-30,2026-07-30,Active,8444,101328
SUB0013989,CUST013989,2024-09-10,2026-09-10,Active,1107,13284
SUB0013990,CUST013990,2024-03-05,2025-03-05,Active,6553,78636
SUB0013991,CUST013991,2025-06-07,2028-06-07,Active,16059,192708
SUB0013992,CUST013992,2023-11-05,2026-11-05,Active,5735,68820
SUB0013993,CUST013993,2024-08-08,2027-08-08,Active,1414,16968
SUB0013994,CUST013994,2023-10-04,2025-10-04,Active,5915,70980
SUB0013995,CUST013995,2024-06-05,2025-06-05,Active,5350,64200
SUB0013996,CUST013996,2025-12-05,2028-12-05,Active,3433,41196
SUB0013997,CUST013997,2025-04-23,2027-04-23,Active,17193,206316
SUB0013998,CUST013998,2023-12-22,2025-12-22,Active,10853,130236
SUB0013999,CUST013999,2025-04-16,2026-04-16,Active,1345,16140
SUB0014000,CUST014000,2023-12-31,2025-12-31,Active,1454,17448
SUB0014001,CUST014001,2024-02-25,2026-02-25,Active,1065,12780
SUB0014002,CUST014002,2023-12-14,2025-12-14,Active,1114,13368
SUB0014003,CUST014003,2024-06-27,2026-06-27,Pending Renewal,1459,17508
SUB0014004,CUST014004,2024-12-14,2027-12-14,Active,6570,78840
SUB0014005,CUST014005,2025-05-15,2026-05-15,Active,1094,13128
SUB0014006,CUST014006,2025-10-03,2027-10-03,Active,427,5124
SUB0014007,CUST014007,2025-01-09,2027-01-09,Active,3163,37956
SUB0014008,CUST014008,2024-03-27,2025-03-27,Active,24564,294768
SUB0014009,CUST014009,2024-09-08,2025-09-08,Active,23645,283740
SUB0014010,CUST014010,2025-03-08,2027-03-08,Active,1697,20364
SUB0014011,CUST014011,2025-10-05,2028-10-05,Active,10465,125580
SUB0014012,CUST014012,2024-04-25,2027-04-25,Active,644,7728
SUB0014013,CUST014013,2024-03-29,2025-03-29,Active,3095,37140
SUB0014014,CUST014014,2025-09-14,2026-09-14,Pending Renewal,847,10164
SUB0014015,CUST014015,2024-03-14,2027-03-14,Active,4179,50148
SUB0014016,CUST014016,2024-09-09,2025-09-09,Active,186,2232
SUB0014017,CUST014017,2023-06-25,2026-06-25,Active,1258,15096
SUB0014018,CUST014018,2025-04-24,2026-04-24,Active,1468,17616
SUB0014019,CUST014019,2024-07-19,2025-07-19,Pending Renewal,11469,137628
SUB0014020,CUST014020,2024-12-08,2025-12-08,Active,4394,52728
SUB0014021,CUST014021,2025-03-08,2026-03-08,Pending Renewal,3739,44868
SUB0014022,CUST014022,2023-12-01,2024-12-01,Active,1840,22080
SUB0014023,CUST014023,2025-04-04,2028-04-04,Active,3916,46992
SUB0014024,CUST014024,2024-09-26,2026-09-26,Cancelled,246,2952
SUB0014025,CUST014025,2024-05-09,2025-05-09,Active,959,11508
SUB0014026,CUST014026,2025-02-10,2027-02-10,Active,5237,62844
SUB0014027,CUST014027,2025-11-30,2026-11-30,Active,3460,41520
SUB0014028,CUST014028,2024-06-09,2026-06-09,Active,1623,19476
SUB0014029,CUST014029,2023-08-25,2026-08-25,Active,1695,20340
SUB0014030,CUST014030,2023-12-24,2026-12-24,Active,4639,55668
SUB0014031,CUST014031,2024-05-24,2027-05-24,Cancelled,1679,20148
SUB0014032,CUST014032,2024-03-27,2026-03-27,Active,1759,21108
SUB0014033,CUST014033,2023-12-09,2025-12-09,Active,910,10920
SUB0014034,CUST014034,2023-10-11,2025-10-11,Active,1513,18156
SUB0014035,CUST014035,2024-11-07,2025-11-07,Active,1014,12168
SUB0014036,CUST014036,2023-09-12,2024-09-12,Active,1032,12384
SUB0014037,CUST014037,2025-04-04,2026-04-04,Active,844,10128
SUB0014038,CUST014038,2024-07-19,2026-07-19,Active,21391,256692
SUB0014039,CUST014039,2024-07-04,2026-07-04,Active,2127,25524
SUB0014040,CUST014040,2023-10-07,2024-10-07,Active,3003,36036
SUB0014041,CUST014041,2024-05-08,2025-05-08,Active,1723,20676
SUB0014042,CUST014042,2025-03-24,2026-03-24,Active,8296,99552
SUB0014043,CUST014043,2025-11-18,2028-11-18,Cancelled,7853,94236
SUB0014044,CUST014044,2024-03-11,2026-03-11,Cancelled,983,11796
SUB0014045,CUST014045,2024-03-05,2026-03-05,Active,4156,49872
SUB0014046,CUST014046,2024-06-28,2025-06-28,Active,3543,42516
SUB0014047,CUST014047,2025-12-22,2028-12-22,Active,1751,21012
SUB0014048,CUST014048,2025-08-20,2028-08-20,Pending Renewal,14037,168444
SUB0014049,CUST014049,2024-06-11,2025-06-11,Active,21556,258672
SUB0014050,CUST014050,2025-07-20,2026-07-20,Active,1793,21516
SUB0014051,CUST014051,2023-09-26,2026-09-26,Active,640,7680
SUB0014052,CUST014052,2025-08-18,2027-08-18,Active,1027,12324
SUB0014053,CUST014053,2025-08-27,2028-08-27,Pending Renewal,5067,60804
SUB0014054,CUST014054,2024-10-31,2025-10-31,Active,324,3888
SUB0014055,CUST014055,2023-10-04,2024-10-04,Active,334,4008
SUB0014056,CUST014056,2025-01-24,2028-01-24,Active,4886,58632
SUB0014057,CUST014057,2025-08-17,2026-08-17,Active,6482,77784
SUB0014058,CUST014058,2023-08-02,2024-08-02,Pending Renewal,531,6372
SUB0014059,CUST014059,2025-10-30,2026-10-30,Pending Renewal,5163,61956
SUB0014060,CUST014060,2024-09-30,2027-09-30,Active,1791,21492
SUB0014061,CUST014061,2024-11-19,2027-11-19,Active,8856,106272
SUB0014062,CUST014062,2025-03-22,2027-03-22,Active,1257,15084
SUB0014063,CUST014063,2025-01-29,2026-01-29,Active,1739,20868
SUB0014064,CUST014064,2024-05-29,2026-05-29,Active,5865,70380
SUB0014065,CUST014065,2025-02-01,2026-02-01,Active,854,10248
SUB0014066,CUST014066,2023-06-25,2024-06-25,Active,239,2868
SUB0014067,CUST014067,2023-06-27,2025-06-27,Active,1096,13152
SUB0014068,CUST014068,2023-08-30,2026-08-30,Active,2363,28356
SUB0014069,CUST014069,2025-08-03,2028-08-03,Active,940,11280
SUB0014070,CUST014070,2024-12-11,2027-12-11,Active,2368,28416
SUB0014071,CUST014071,2024-05-25,2027-05-25,Cancelled,324,3888
SUB0014072,CUST014072,2023-07-19,2024-07-19,Active,567,6804
SUB0014073,CUST014073,2025-04-22,2027-04-22,Active,1931,23172
SUB0014074,CUST014074,2025-03-14,2026-03-14,Cancelled,6634,79608
SUB0014075,CUST014075,2023-11-18,2024-11-18,Active,783,9396
SUB0014076,CUST014076,2023-09-30,2025-09-30,Active,267,3204
SUB0014077,CUST014077,2023-12-29,2024-12-29,Active,4809,57708
SUB0014078,CUST014078,2025-04-02,2026-04-02,Active,16634,199608
SUB0014079,CUST014079,2024-11-09,2025-11-09,Pending Renewal,10526,126312
SUB0014080,CUST014080,2023-09-18,2026-09-18,Active,1826,21912
SUB0014081,CUST014081,2024-10-13,2027-10-13,Active,18996,227952
SUB0014082,CUST014082,2025-04-08,2028-04-08,Active,1152,13824
SUB0014083,CUST014083,2023-10-29,2024-10-29,Active,24270,291240
SUB0014084,CUST014084,2025-02-24,2027-02-24,Active,233,2796
SUB0014085,CUST014085,2023-07-30,2024-07-30,Active,591,7092
SUB0014086,CUST014086,2024-04-06,2025-04-06,Cancelled,6902,82824
SUB0014087,CUST014087,2023-09-01,2026-09-01,Active,1033,12396
SUB0014088,CUST014088,2024-11-28,2025-11-28,Active,11694,140328
SUB0014089,CUST014089,2025-01-09,2026-01-09,Active,6710,80520
SUB0014090,CUST014090,2023-08-23,2026-08-23,Cancelled,7799,93588
SUB0014091,CUST014091,2024-02-23,2025-02-23,Active,4204,50448
SUB0014092,CUST014092,2024-03-31,2025-03-31,Active,1345,16140
SUB0014093,CUST014093,2023-11-23,2024-11-23,Active,9106,109272
SUB0014094,CUST014094,2025-06-29,2026-06-29,Active,1578,18936
SUB0014095,CUST014095,2025-08-03,2028-08-03,Active,1021,12252
SUB0014096,CUST014096,2024-01-15,2025-01-15,Active,19885,238620
SUB0014097,CUST014097,2025-07-15,2028-07-15,Active,19488,233856
SUB0014098,CUST014098,2023-07-15,2026-07-15,Pending Renewal,2902,34824
SUB0014099,CUST014099,2024-05-27,2025-05-27,Active,1211,14532
SUB0014100,CUST014100,2023-07-19,2025-07-19,Active,503,6036
SUB0014101,CUST014101,2024-12-30,2025-12-30,Active,784,9408
SUB0014102,CUST014102,2025-11-16,2027-11-16,Active,8633,103596
SUB0014103,CUST014103,2024-11-19,2025-11-19,Active,759,9108
SUB0014104,CUST014104,2025-07-06,2028-07-06,Active,21166,253992
SUB0014105,CUST014105,2024-08-04,2025-08-04,Active,1380,16560
SUB0014106,CUST014106,2024-10-17,2027-10-17,Active,6788,81456
SUB0014107,CUST014107,2024-09-10,2027-09-10,Active,4023,48276
SUB0014108,CUST014108,2024-09-18,2025-09-18,Active,7222,86664
SUB0014109,CUST014109,2023-10-10,2025-10-10,Active,14545,174540
SUB0014110,CUST014110,2024-02-02,2025-02-02,Active,1707,20484
SUB0014111,CUST014111,2023-07-13,2024-07-13,Active,857,10284
SUB0014112,CUST014112,2023-12-03,2024-12-03,Active,5940,71280
SUB0014113,CUST014113,2023-09-23,2024-09-23,Active,1297,15564
SUB0014114,CUST014114,2024-10-05,2026-10-05,Active,1729,20748
SUB0014115,CUST014115,2024-01-24,2026-01-24,Active,2753,33036
SUB0014116,CUST014116,2024-07-30,2025-07-30,Pending Renewal,913,10956
SUB0014117,CUST014117,2024-12-01,2025-12-01,Active,397,4764
SUB0014118,CUST014118,2023-08-21,2025-08-21,Active,16951,203412
SUB0014119,CUST014119,2025-08-23,2028-08-23,Active,958,11496
SUB0014120,CUST014120,2024-07-12,2026-07-12,Active,1572,18864
SUB0014121,CUST014121,2023-10-29,2025-10-29,Active,1688,20256
SUB0014122,CUST014122,2025-08-01,2027-08-01,Active,788,9456
SUB0014123,CUST014123,2024-11-28,2027-11-28,Active,784,9408
SUB0014124,CUST014124,2025-07-23,2028-07-23,Active,3837,46044
SUB0014125,CUST014125,2025-05-28,2028-05-28,Active,6437,77244
SUB0014126,CUST014126,2024-07-08,2025-07-08,Active,1838,22056
SUB0014127,CUST014127,2024-04-29,2026-04-29,Active,6291,75492
SUB0014128,CUST014128,2024-04-29,2025-04-29,Active,1307,15684
SUB0014129,CUST014129,2025-12-20,2026-12-20,Active,6673,80076
SUB0014130,CUST014130,2023-12-05,2024-12-05,Active,7020,84240
SUB0014131,CUST014131,2025-02-12,2026-02-12,Active,13312,159744
SUB0014132,CUST014132,2024-02-02,2027-02-02,Active,1697,20364
SUB0014133,CUST014133,2025-09-20,2027-09-20,Active,5341,64092
SUB0014134,CUST014134,2025-04-26,2028-04-26,Active,23718,284616
SUB0014135,CUST014135,2024-09-15,2027-09-15,Active,6260,75120
SUB0014136,CUST014136,2025-06-01,2026-06-01,Pending Renewal,1918,23016
SUB0014137,CUST014137,2024-11-14,2025-11-14,Active,1019,12228
SUB0014138,CUST014138,2025-09-18,2026-09-18,Active,1287,15444
SUB0014139,CUST014139,2024-04-10,2025-04-10,Active,121,1452
SUB0014140,CUST014140,2025-08-04,2027-08-04,Active,135,1620
SUB0014141,CUST014141,2024-12-23,2025-12-23,Active,19362,232344
SUB0014142,CUST014142,2025-02-08,2028-02-08,Active,1158,13896
SUB0014143,CUST014143,2024-08-28,2025-08-28,Active,3361,40332
SUB0014144,CUST014144,2024-06-18,2026-06-18,Active,3142,37704
SUB0014145,CUST014145,2024-04-17,2026-04-17,Active,317,3804
SUB0014146,CUST014146,2024-02-29,2027-02-28,Active,9119,109428
SUB0014147,CUST014147,2024-12-16,2025-12-16,Active,6739,80868
SUB0014148,CUST014148,2024-11-13,2025-11-13,Pending Renewal,635,7620
SUB0014149,CUST014149,2024-10-18,2026-10-18,Pending Renewal,1361,16332
SUB0014150,CUST014150,2024-04-05,2026-04-05,Active,3681,44172
SUB0014151,CUST014151,2025-03-20,2028-03-20,Active,3021,36252
SUB0014152,CUST014152,2024-01-16,2026-01-16,Active,350,4200
SUB0014153,CUST014153,2025-04-05,2027-04-05,Active,4918,59016
SUB0014154,CUST014154,2025-07-19,2027-07-19,Cancelled,1421,17052
SUB0014155,CUST014155,2024-09-05,2027-09-05,Active,4192,50304
SUB0014156,CUST014156,2025-04-24,2027-04-24,Active,5559,66708
SUB0014157,CUST014157,2024-04-06,2025-04-06,Pending Renewal,17262,207144
SUB0014158,CUST014158,2025-11-03,2026-11-03,Active,4626,55512
SUB0014159,CUST014159,2025-10-18,2027-10-18,Active,1661,19932
SUB0014160,CUST014160,2025-07-25,2028-07-25,Active,5056,60672
SUB0014161,CUST014161,2024-01-05,2027-01-05,Active,384,4608
SUB0014162,CUST014162,2024-10-23,2025-10-23,Active,6598,79176
SUB0014163,CUST014163,2025-06-28,2027-06-28,Active,1994,23928
SUB0014164,CUST014164,2024-03-10,2027-03-10,Pending Renewal,1627,19524
SUB0014165,CUST014165,2025-01-23,2026-01-23,Active,1080,12960
SUB0014166,CUST014166,2025-06-26,2027-06-26,Active,1319,15828
SUB0014167,CUST014167,2025-10-03,2027-10-03,Active,1875,22500
SUB0014168,CUST014168,2023-08-11,2026-08-11,Pending Renewal,6945,83340
SUB0014169,CUST014169,2024-10-16,2027-10-16,Active,1078,12936
SUB0014170,CUST014170,2024-12-31,2027-12-31,Active,273,3276
SUB0014171,CUST014171,2024-05-19,2027-05-19,Active,1912,22944
SUB0014172,CUST014172,2024-12-17,2025-12-17,Active,24027,288324
SUB0014173,CUST014173,2023-12-16,2024-12-16,Active,11076,132912
SUB0014174,CUST014174,2023-10-07,2026-10-07,Active,908,10896
SUB0014175,CUST014175,2025-08-20,2027-08-20,Active,631,7572
SUB0014176,CUST014176,2025-10-18,2028-10-18,Active,1990,23880
SUB0014177,CUST014177,2024-03-23,2027-03-23,Active,342,4104
SUB0014178,CUST014178,2025-07-20,2028-07-20,Active,1805,21660
SUB0014179,CUST014179,2023-12-16,2025-12-16,Pending Renewal,351,4212
SUB0014180,CUST014180,2025-11-15,2028-11-15,Active,1493,17916
SUB0014181,CUST014181,2024-05-24,2026-05-24,Active,4673,56076
SUB0014182,CUST014182,2024-08-21,2025-08-21,Active,24489,293868
SUB0014183,CUST014183,2024-08-10,2025-08-10,Pending Renewal,9681,116172
SUB0014184,CUST014184,2025-09-16,2027-09-16,Pending Renewal,24609,295308
SUB0014185,CUST014185,2024-02-22,2027-02-22,Cancelled,1631,19572
SUB0014186,CUST014186,2024-07-06,2026-07-06,Active,779,9348
SUB0014187,CUST014187,2024-01-25,2027-01-25,Active,12857,154284
SUB0014188,CUST014188,2025-01-31,2026-01-31,Active,1598,19176
SUB0014189,CUST014189,2024-01-27,2026-01-27,Pending Renewal,5680,68160
SUB0014190,CUST014190,2025-01-27,2028-01-27,Active,4458,53496
SUB0014191,CUST014191,2024-04-02,2027-04-02,Active,19738,236856
SUB0014192,CUST014192,2025-03-06,2027-03-06,Active,3731,44772
SUB0014193,CUST014193,2025-01-29,2026-01-29,Active,560,6720
SUB0014194,CUST014194,2025-09-02,2028-09-02,Active,22237,266844
SUB0014195,CUST014195,2023-10-11,2026-10-11,Active,531,6372
SUB0014196,CUST014196,2023-07-15,2026-07-15,Active,7490,89880
SUB0014197,CUST014197,2025-03-03,2026-03-03,Active,2262,27144
SUB0014198,CUST014198,2025-08-09,2026-08-09,Active,8497,101964
SUB0014199,CUST014199,2025-07-11,2026-07-11,Active,4120,49440
SUB0014200,CUST014200,2025-11-14,2027-11-14,Pending Renewal,378,4536
SUB0014201,CUST014201,2025-01-08,2027-01-08,Active,9758,117096
SUB0014202,CUST014202,2023-10-19,2026-10-19,Active,6863,82356
SUB0014203,CUST014203,2023-08-17,2024-08-17,Active,3706,44472
SUB0014204,CUST014204,2025-06-28,2026-06-28,Active,6803,81636
SUB0014205,CUST014205,2023-09-21,2025-09-21,Cancelled,7316,87792
SUB0014206,CUST014206,2024-09-15,2027-09-15,Pending Renewal,3471,41652
SUB0014207,CUST014207,2025-10-16,2028-10-16,Active,1044,12528
SUB0014208,CUST014208,2025-06-08,2028-06-08,Active,5678,68136
SUB0014209,CUST014209,2024-06-06,2025-06-06,Active,4832,57984
SUB0014210,CUST014210,2023-07-30,2024-07-30,Active,5098,61176
SUB0014211,CUST014211,2025-09-17,2028-09-17,Active,1118,13416
SUB0014212,CUST014212,2025-09-21,2027-09-21,Cancelled,1863,22356
SUB0014213,CUST014213,2024-09-06,2026-09-06,Active,6333,75996
SUB0014214,CUST014214,2024-01-14,2025-01-14,Pending Renewal,1409,16908
SUB0014215,CUST014215,2023-10-02,2026-10-02,Active,7537,90444
SUB0014216,CUST014216,2023-11-16,2024-11-16,Active,888,10656
SUB0014217,CUST014217,2023-08-07,2026-08-07,Active,463,5556
SUB0014218,CUST014218,2023-06-25,2024-06-25,Active,6546,78552
SUB0014219,CUST014219,2023-11-14,2024-11-14,Active,1438,17256
SUB0014220,CUST014220,2025-02-06,2026-02-06,Active,321,3852
SUB0014221,CUST014221,2024-08-05,2027-08-05,Active,1906,22872
SUB0014222,CUST014222,2025-01-20,2028-01-20,Active,610,7320
SUB0014223,CUST014223,2024-05-09,2027-05-09,Active,1794,21528
SUB0014224,CUST014224,2025-03-31,2028-03-31,Active,560,6720
SUB0014225,CUST014225,2024-02-27,2027-02-27,Active,1182,14184
SUB0014226,CUST014226,2025-10-03,2027-10-03,Active,675,8100
SUB0014227,CUST014227,2024-05-20,2026-05-20,Active,7592,91104
SUB0014228,CUST014228,2023-06-28,2024-06-28,Active,1347,16164
SUB0014229,CUST014229,2025-10-07,2026-10-07,Active,7591,91092
SUB0014230,CUST014230,2025-02-03,2026-02-03,Active,2915,34980
SUB0014231,CUST014231,2024-06-16,2026-06-16,Active,874,10488
SUB0014232,CUST014232,2024-05-13,2027-05-13,Active,394,4728
SUB0014233,CUST014233,2024-04-14,2027-04-14,Active,19025,228300
SUB0014234,CUST014234,2024-09-09,2027-09-09,Active,3083,36996
SUB0014235,CUST014235,2025-05-29,2026-05-29,Active,20788,249456
SUB0014236,CUST014236,2024-02-11,2026-02-11,Active,5043,60516
SUB0014237,CUST014237,2024-12-20,2027-12-20,Active,23147,277764
SUB0014238,CUST014238,2024-02-04,2027-02-04,Cancelled,3833,45996
SUB0014239,CUST014239,2025-03-29,2027-03-29,Active,6951,83412
SUB0014240,CUST014240,2025-02-10,2028-02-10,Active,8568,102816
SUB0014241,CUST014241,2024-11-02,2025-11-02,Active,21672,260064
SUB0014242,CUST014242,2023-07-18,2026-07-18,Pending Renewal,17735,212820
SUB0014243,CUST014243,2024-09-23,2027-09-23,Active,966,11592
SUB0014244,CUST014244,2024-08-05,2027-08-05,Pending Renewal,1910,22920
SUB0014245,CUST014245,2023-07-05,2025-07-05,Active,17668,212016
SUB0014246,CUST014246,2023-10-06,2026-10-06,Active,7801,93612
SUB0014247,CUST014247,2023-09-18,2024-09-18,Active,7222,86664
SUB0014248,CUST014248,2025-06-13,2028-06-13,Active,5527,66324
SUB0014249,CUST014249,2024-01-23,2027-01-23,Active,807,9684
SUB0014250,CUST014250,2025-05-08,2026-05-08,Active,24175,290100
SUB0014251,CUST014251,2024-10-29,2027-10-29,Active,20435,245220
SUB0014252,CUST014252,2023-10-21,2024-10-21,Active,24618,295416
SUB0014253,CUST014253,2024-07-27,2026-07-27,Active,1148,13776
SUB0014254,CUST014254,2025-07-14,2028-07-14,Active,24567,294804
SUB0014255,CUST014255,2025-11-07,2028-11-07,Active,7949,95388
SUB0014256,CUST014256,2025-04-01,2027-04-01,Active,7664,91968
SUB0014257,CUST014257,2025-03-01,2028-03-01,Active,6590,79080
SUB0014258,CUST014258,2025-03-31,2027-03-31,Active,1780,21360
SUB0014259,CUST014259,2023-08-01,2026-08-01,Active,355,4260
SUB0014260,CUST014260,2024-08-20,2025-08-20,Active,11455,137460
SUB0014261,CUST014261,2023-07-12,2025-07-12,Active,3376,40512
SUB0014262,CUST014262,2024-01-13,2025-01-13,Active,6512,78144
SUB0014263,CUST014263,2023-07-31,2026-07-31,Active,3487,41844
SUB0014264,CUST014264,2023-12-27,2025-12-27,Active,1666,19992
SUB0014265,CUST014265,2025-08-31,2028-08-31,Active,1774,21288
SUB0014266,CUST014266,2024-05-24,2027-05-24,Active,17997,215964
SUB0014267,CUST014267,2024-08-22,2025-08-22,Active,985,11820
SUB0014268,CUST014268,2023-09-24,2025-09-24,Active,1630,19560
SUB0014269,CUST014269,2024-02-26,2026-02-26,Active,19036,228432
SUB0014270,CUST014270,2024-11-29,2026-11-29,Active,3454,41448
SUB0014271,CUST014271,2023-11-01,2025-11-01,Active,1096,13152
SUB0014272,CUST014272,2023-09-02,2026-09-02,Active,1341,16092
SUB0014273,CUST014273,2025-01-25,2028-01-25,Cancelled,7578,90936
SUB0014274,CUST014274,2025-02-13,2027-02-13,Active,1751,21012
SUB0014275,CUST014275,2024-06-19,2025-06-19,Active,1364,16368
SUB0014276,CUST014276,2024-04-12,2025-04-12,Active,5738,68856
SUB0014277,CUST014277,2024-01-30,2025-01-30,Active,2985,35820
SUB0014278,CUST014278,2025-07-13,2026-07-13,Active,4171,50052
SUB0014279,CUST014279,2024-01-01,2026-01-01,Active,4360,52320
SUB0014280,CUST014280,2025-09-14,2027-09-14,Pending Renewal,500,6000
SUB0014281,CUST014281,2024-03-24,2025-03-24,Active,623,7476
SUB0014282,CUST014282,2025-11-28,2028-11-28,Pending Renewal,4748,56976
SUB0014283,CUST014283,2024-08-07,2026-08-07,Active,1875,22500
SUB0014284,CUST014284,2024-03-20,2025-03-20,Active,4877,58524
SUB0014285,CUST014285,2023-07-29,2025-07-29,Pending Renewal,740,8880
SUB0014286,CUST014286,2024-09-15,2025-09-15,Pending Renewal,1248,14976
SUB0014287,CUST014287,2023-12-07,2025-12-07,Active,2678,32136
SUB0014288,CUST014288,2024-11-01,2027-11-01,Active,224,2688
SUB0014289,CUST014289,2024-07-14,2026-07-14,Active,669,8028
SUB0014290,CUST014290,2024-01-25,2025-01-25,Active,437,5244
SUB0014291,CUST014291,2025-05-12,2028-05-12,Active,1274,15288
SUB0014292,CUST014292,2025-10-05,2028-10-05,Active,10373,124476
SUB0014293,CUST014293,2023-08-04,2024-08-04,Active,1858,22296
SUB0014294,CUST014294,2025-10-08,2026-10-08,Active,7744,92928
SUB0014295,CUST014295,2024-06-22,2027-06-22,Active,18916,226992
SUB0014296,CUST014296,2025-12-19,2027-12-19,Active,6989,83868
SUB0014297,CUST014297,2023-10-03,2024-10-03,Active,1509,18108
SUB0014298,CUST014298,2024-04-16,2026-04-16,Cancelled,1295,15540
SUB0014299,CUST014299,2024-10-28,2025-10-28,Active,1712,20544
SUB0014300,CUST014300,2024-03-05,2025-03-05,Active,322,3864
SUB0014301,CUST014301,2024-03-01,2026-03-01,Active,19437,233244
SUB0014302,CUST014302,2025-07-17,2026-07-17,Active,6283,75396
SUB0014303,CUST014303,2025-09-14,2026-09-14,Active,7344,88128
SUB0014304,CUST014304,2025-02-19,2027-02-19,Active,4747,56964
SUB0014305,CUST014305,2024-12-02,2025-12-02,Active,1501,18012
SUB0014306,CUST014306,2023-10-31,2024-10-31,Active,1426,17112
SUB0014307,CUST014307,2025-07-06,2027-07-06,Active,627,7524
SUB0014308,CUST014308,2025-11-15,2028-11-15,Active,682,8184
SUB0014309,CUST014309,2024-03-12,2026-03-12,Active,9116,109392
SUB0014310,CUST014310,2025-05-20,2027-05-20,Active,22303,267636
SUB0014311,CUST014311,2025-03-12,2028-03-12,Cancelled,525,6300
SUB0014312,CUST014312,2025-11-02,2028-11-02,Active,655,7860
SUB0014313,CUST014313,2025-09-02,2027-09-02,Active,292,3504
SUB0014314,CUST014314,2024-06-21,2025-06-21,Active,21476,257712
SUB0014315,CUST014315,2023-07-02,2025-07-02,Cancelled,2516,30192
SUB0014316,CUST014316,2024-10-14,2027-10-14,Active,1790,21480
SUB0014317,CUST014317,2025-11-05,2026-11-05,Active,5551,66612
SUB0014318,CUST014318,2023-07-18,2026-07-18,Active,7751,93012
SUB0014319,CUST014319,2024-05-22,2025-05-22,Pending Renewal,1412,16944
SUB0014320,CUST014320,2024-05-08,2025-05-08,Active,3070,36840
SUB0014321,CUST014321,2024-07-03,2025-07-03,Active,660,7920
SUB0014322,CUST014322,2024-09-02,2027-09-02,Cancelled,6381,76572
SUB0014323,CUST014323,2024-08-12,2026-08-12,Pending Renewal,1594,19128
SUB0014324,CUST014324,2025-05-11,2027-05-11,Pending Renewal,1312,15744
SUB0014325,CUST014325,2024-05-26,2027-05-26,Active,1263,15156
SUB0014326,CUST014326,2023-07-15,2024-07-15,Active,8561,102732
SUB0014327,CUST014327,2025-07-03,2028-07-03,Active,471,5652
SUB0014328,CUST014328,2023-09-05,2026-09-05,Active,3257,39084
SUB0014329,CUST014329,2024-07-11,2027-07-11,Active,1322,15864
SUB0014330,CUST014330,2025-05-31,2028-05-31,Active,10746,128952
SUB0014331,CUST014331,2025-04-09,2027-04-09,Pending Renewal,3909,46908
SUB0014332,CUST014332,2024-08-13,2025-08-13,Active,14807,177684
SUB0014333,CUST014333,2024-05-25,2026-05-25,Active,7625,91500
SUB0014334,CUST014334,2025-01-18,2028-01-18,Active,909,10908
SUB0014335,CUST014335,2025-08-11,2027-08-11,Active,5540,66480
SUB0014336,CUST014336,2023-08-14,2026-08-14,Active,10613,127356
SUB0014337,CUST014337,2024-07-06,2026-07-06,Active,3799,45588
SUB0014338,CUST014338,2023-10-23,2026-10-23,Active,3139,37668
SUB0014339,CUST014339,2023-08-17,2026-08-17,Active,678,8136
SUB0014340,CUST014340,2024-01-17,2025-01-17,Active,138,1656
SUB0014341,CUST014341,2025-05-23,2027-05-23,Active,4895,58740
SUB0014342,CUST014342,2024-06-09,2026-06-09,Active,1136,13632
SUB0014343,CUST014343,2024-03-20,2026-03-20,Active,505,6060
SUB0014344,CUST014344,2025-02-22,2027-02-22,Pending Renewal,111,1332
SUB0014345,CUST014345,2024-10-29,2026-10-29,Active,143,1716
SUB0014346,CUST014346,2024-09-09,2027-09-09,Active,1785,21420
SUB0014347,CUST014347,2024-11-16,2025-11-16,Active,1084,13008
SUB0014348,CUST014348,2025-07-07,2028-07-07,Active,329,3948
SUB0014349,CUST014349,2024-04-22,2025-04-22,Active,22969,275628
SUB0014350,CUST014350,2024-02-07,2025-02-07,Pending Renewal,259,3108
SUB0014351,CUST014351,2024-12-30,2027-12-30,Pending Renewal,1700,20400
SUB0014352,CUST014352,2025-09-06,2027-09-06,Active,306,3672
SUB0014353,CUST014353,2023-08-02,2025-08-02,Active,535,6420
SUB0014354,CUST014354,2024-06-21,2025-06-21,Active,3171,38052
SUB0014355,CUST014355,2025-05-18,2028-05-18,Pending Renewal,273,3276
SUB0014356,CUST014356,2025-01-31,2027-01-31,Active,990,11880
SUB0014357,CUST014357,2025-07-14,2028-07-14,Active,1990,23880
SUB0014358,CUST014358,2025-08-30,2027-08-30,Active,1843,22116
SUB0014359,CUST014359,2024-05-18,2027-05-18,Active,167,2004
SUB0014360,CUST014360,2024-07-04,2025-07-04,Active,765,9180
SUB0014361,CUST014361,2025-06-30,2026-06-30,Pending Renewal,2272,27264
SUB0014362,CUST014362,2024-02-03,2027-02-03,Active,5128,61536
SUB0014363,CUST014363,2024-09-04,2025-09-04,Active,1106,13272
SUB0014364,CUST014364,2025-02-23,2026-02-23,Active,634,7608
SUB0014365,CUST014365,2024-08-22,2027-08-22,Active,926,11112
SUB0014366,CUST014366,2024-05-04,2026-05-04,Pending Renewal,153,1836
SUB0014367,CUST014367,2023-08-28,2025-08-28,Active,324,3888
SUB0014368,CUST014368,2025-04-12,2027-04-12,Active,2480,29760
SUB0014369,CUST014369,2023-08-08,2026-08-08,Pending Renewal,11468,137616
SUB0014370,CUST014370,2025-10-12,2027-10-12,Active,6153,73836
SUB0014371,CUST014371,2025-08-29,2028-08-29,Active,493,5916
SUB0014372,CUST014372,2025-06-07,2027-06-07,Active,1435,17220
SUB0014373,CUST014373,2023-10-30,2026-10-30,Active,4732,56784
SUB0014374,CUST014374,2025-07-27,2026-07-27,Active,1360,16320
SUB0014375,CUST014375,2023-08-05,2025-08-05,Active,978,11736
SUB0014376,CUST014376,2023-11-28,2024-11-28,Active,267,3204
SUB0014377,CUST014377,2025-02-27,2026-02-27,Active,4512,54144
SUB0014378,CUST014378,2024-11-18,2027-11-18,Active,6143,73716
SUB0014379,CUST014379,2025-09-28,2027-09-28,Active,1805,21660
SUB0014380,CUST014380,2025-06-16,2028-06-16,Active,1526,18312
SUB0014381,CUST014381,2023-06-30,2024-06-30,Active,5369,64428
SUB0014382,CUST014382,2025-05-05,2028-05-05,Active,18335,220020
SUB0014383,CUST014383,2024-01-18,2025-01-18,Active,13059,156708
SUB0014384,CUST014384,2025-12-13,2028-12-13,Active,1086,13032
SUB0014385,CUST014385,2023-08-10,2026-08-10,Active,160,1920
SUB0014386,CUST014386,2024-12-08,2027-12-08,Active,298,3576
SUB0014387,CUST014387,2023-11-22,2026-11-22,Pending Renewal,4857,58284
SUB0014388,CUST014388,2024-01-16,2027-01-16,Active,1609,19308
SUB0014389,CUST014389,2025-07-04,2026-07-04,Active,4217,50604
SUB0014390,CUST014390,2025-03-18,2026-03-18,Active,5503,66036
SUB0014391,CUST014391,2025-11-02,2028-11-02,Active,6211,74532
SUB0014392,CUST014392,2024-01-31,2026-01-31,Active,5147,61764
SUB0014393,CUST014393,2025-08-25,2027-08-25,Active,617,7404
SUB0014394,CUST014394,2024-06-25,2025-06-25,Active,19783,237396
SUB0014395,CUST014395,2025-01-01,2026-01-01,Active,4982,59784
SUB0014396,CUST014396,2023-06-27,2025-06-27,Active,11195,134340
SUB0014397,CUST014397,2024-12-12,2027-12-12,Active,1324,15888
SUB0014398,CUST014398,2025-03-28,2028-03-28,Active,3596,43152
SUB0014399,CUST014399,2023-08-27,2026-08-27,Active,1730,20760
SUB0014400,CUST014400,2025-06-19,2027-06-19,Active,7504,90048
SUB0014401,CUST014401,2025-09-26,2026-09-26,Active,404,4848
SUB0014402,CUST014402,2024-11-04,2026-11-04,Active,1592,19104
SUB0014403,CUST014403,2024-06-18,2025-06-18,Active,1868,22416
SUB0014404,CUST014404,2024-09-23,2027-09-23,Cancelled,1366,16392
SUB0014405,CUST014405,2024-04-11,2026-04-11,Pending Renewal,11208,134496
SUB0014406,CUST014406,2024-12-28,2025-12-28,Active,1969,23628
SUB0014407,CUST014407,2025-07-23,2028-07-23,Active,4872,58464
SUB0014408,CUST014408,2023-10-16,2024-10-16,Active,1931,23172
SUB0014409,CUST014409,2025-06-21,2028-06-21,Active,1253,15036
SUB0014410,CUST014410,2025-04-01,2028-04-01,Active,473,5676
SUB0014411,CUST014411,2023-12-24,2026-12-24,Active,442,5304
SUB0014412,CUST014412,2023-11-01,2026-11-01,Active,17354,208248
SUB0014413,CUST014413,2025-07-08,2028-07-08,Active,1620,19440
SUB0014414,CUST014414,2025-09-11,2027-09-11,Active,1253,15036
SUB0014415,CUST014415,2025-10-27,2026-10-27,Active,1628,19536
SUB0014416,CUST014416,2025-09-24,2026-09-24,Active,707,8484
SUB0014417,CUST014417,2023-08-12,2026-08-12,Active,18318,219816
SUB0014418,CUST014418,2024-07-06,2025-07-06,Pending Renewal,1608,19296
SUB0014419,CUST014419,2025-01-19,2028-01-19,Active,890,10680
SUB0014420,CUST014420,2023-08-06,2024-08-06,Active,3260,39120
SUB0014421,CUST014421,2025-04-28,2027-04-28,Active,5540,66480
SUB0014422,CUST014422,2024-07-27,2027-07-27,Active,3690,44280
SUB0014423,CUST014423,2025-03-11,2026-03-11,Cancelled,1484,17808
SUB0014424,CUST014424,2024-12-15,2027-12-15,Active,1298,15576
SUB0014425,CUST014425,2024-07-31,2026-07-31,Active,296,3552
SUB0014426,CUST014426,2025-10-25,2027-10-25,Active,703,8436
SUB0014427,CUST014427,2025-05-12,2027-05-12,Active,5640,67680
SUB0014428,CUST014428,2025-07-11,2026-07-11,Active,1278,15336
SUB0014429,CUST014429,2023-12-26,2024-12-26,Active,7807,93684
SUB0014430,CUST014430,2025-12-07,2027-12-07,Active,7930,95160
SUB0014431,CUST014431,2023-12-03,2024-12-03,Cancelled,864,10368
SUB0014432,CUST014432,2025-11-05,2026-11-05,Active,5965,71580
SUB0014433,CUST014433,2024-12-26,2026-12-26,Active,5751,69012
SUB0014434,CUST014434,2024-05-30,2027-05-30,Cancelled,240,2880
SUB0014435,CUST014435,2025-11-15,2026-11-15,Active,5076,60912
SUB0014436,CUST014436,2025-02-01,2028-02-01,Active,228,2736
SUB0014437,CUST014437,2024-12-10,2027-12-10,Active,1674,20088
SUB0014438,CUST014438,2023-12-28,2024-12-28,Active,23882,286584
SUB0014439,CUST014439,2024-12-26,2026-12-26,Active,532,6384
SUB0014440,CUST014440,2023-12-21,2026-12-21,Active,2274,27288
SUB0014441,CUST014441,2024-06-03,2025-06-03,Active,275,3300
SUB0014442,CUST014442,2023-12-18,2026-12-18,Active,5116,61392
SUB0014443,CUST014443,2024-07-05,2025-07-05,Active,913,10956
SUB0014444,CUST014444,2024-01-02,2027-01-02,Active,1198,14376
SUB0014445,CUST014445,2025-09-26,2028-09-26,Active,19796,237552
SUB0014446,CUST014446,2024-12-06,2025-12-06,Active,101,1212
SUB0014447,CUST014447,2025-08-12,2026-08-12,Active,19412,232944
SUB0014448,CUST014448,2023-07-19,2024-07-19,Active,17404,208848
SUB0014449,CUST014449,2023-08-18,2026-08-18,Active,2675,32100
SUB0014450,CUST014450,2024-12-22,2027-12-22,Active,6963,83556
SUB0014451,CUST014451,2025-04-11,2027-04-11,Active,1518,18216
SUB0014452,CUST014452,2025-06-07,2027-06-07,Active,3387,40644
SUB0014453,CUST014453,2024-03-17,2025-03-17,Active,1747,20964
SUB0014454,CUST014454,2024-05-08,2027-05-08,Pending Renewal,1094,13128
SUB0014455,CUST014455,2024-09-18,2025-09-18,Active,575,6900
SUB0014456,CUST014456,2025-01-24,2027-01-24,Active,1470,17640
SUB0014457,CUST014457,2025-12-23,2027-12-23,Active,9537,114444
SUB0014458,CUST014458,2025-05-25,2027-05-25,Active,6490,77880
SUB0014459,CUST014459,2024-08-10,2027-08-10,Active,7367,88404
SUB0014460,CUST014460,2024-12-30,2026-12-30,Active,23083,276996
SUB0014461,CUST014461,2025-02-09,2028-02-09,Active,1380,16560
SUB0014462,CUST014462,2023-08-30,2026-08-30,Active,426,5112
SUB0014463,CUST014463,2024-04-07,2026-04-07,Active,1243,14916
SUB0014464,CUST014464,2025-10-05,2026-10-05,Active,328,3936
SUB0014465,CUST014465,2025-08-18,2027-08-18,Active,4584,55008
SUB0014466,CUST014466,2024-06-08,2025-06-08,Active,17507,210084
SUB0014467,CUST014467,2023-11-07,2025-11-07,Active,8154,97848
SUB0014468,CUST014468,2023-08-21,2026-08-21,Active,14696,176352
SUB0014469,CUST014469,2024-08-21,2025-08-21,Active,3342,40104
SUB0014470,CUST014470,2025-09-29,2026-09-29,Active,626,7512
SUB0014471,CUST014471,2025-03-04,2027-03-04,Active,9413,112956
SUB0014472,CUST014472,2024-12-01,2027-12-01,Active,1882,22584
SUB0014473,CUST014473,2024-08-23,2026-08-23,Active,649,7788
SUB0014474,CUST014474,2024-11-06,2025-11-06,Pending Renewal,690,8280
SUB0014475,CUST014475,2025-04-22,2026-04-22,Active,4580,54960
SUB0014476,CUST014476,2024-07-06,2026-07-06,Pending Renewal,170,2040
SUB0014477,CUST014477,2025-01-31,2028-01-31,Active,1310,15720
SUB0014478,CUST014478,2023-11-02,2024-11-02,Active,371,4452
SUB0014479,CUST014479,2024-11-19,2026-11-19,Active,1959,23508
SUB0014480,CUST014480,2025-06-03,2028-06-03,Active,1398,16776
SUB0014481,CUST014481,2024-02-26,2026-02-26,Active,1126,13512
SUB0014482,CUST014482,2023-08-06,2024-08-06,Active,2022,24264
SUB0014483,CUST014483,2024-03-31,2027-03-31,Active,1449,17388
SUB0014484,CUST014484,2023-08-16,2024-08-16,Active,1303,15636
SUB0014485,CUST014485,2025-06-05,2026-06-05,Active,4944,59328
SUB0014486,CUST014486,2025-10-28,2028-10-28,Active,4768,57216
SUB0014487,CUST014487,2024-07-21,2027-07-21,Active,549,6588
SUB0014488,CUST014488,2024-11-04,2027-11-04,Active,1595,19140
SUB0014489,CUST014489,2024-10-12,2026-10-12,Active,14697,176364
SUB0014490,CUST014490,2025-04-01,2026-04-01,Cancelled,1071,12852
SUB0014491,CUST014491,2025-11-23,2027-11-23,Active,1488,17856
SUB0014492,CUST014492,2024-09-27,2027-09-27,Active,2039,24468
SUB0014493,CUST014493,2025-09-27,2026-09-27,Active,1315,15780
SUB0014494,CUST014494,2025-07-22,2027-07-22,Active,4040,48480
SUB0014495,CUST014495,2024-06-01,2025-06-01,Active,14329,171948
SUB0014496,CUST014496,2024-10-18,2027-10-18,Active,23954,287448
SUB0014497,CUST014497,2024-01-01,2025-01-01,Pending Renewal,4834,58008
SUB0014498,CUST014498,2024-06-09,2027-06-09,Active,7681,92172
SUB0014499,CUST014499,2025-09-15,2026-09-15,Active,7012,84144
SUB0014500,CUST014500,2024-05-05,2027-05-05,Active,1056,12672
SUB0014501,CUST014501,2025-09-19,2027-09-19,Active,14709,176508
SUB0014502,CUST014502,2023-09-09,2025-09-09,Active,2782,33384
SUB0014503,CUST014503,2024-04-25,2026-04-25,Active,21114,253368
SUB0014504,CUST014504,2023-09-22,2025-09-22,Active,2489,29868
SUB0014505,CUST014505,2023-12-08,2026-12-08,Active,5764,69168
SUB0014506,CUST014506,2025-11-11,2026-11-11,Active,1887,22644
SUB0014507,CUST014507,2025-02-20,2026-02-20,Active,1964,23568
SUB0014508,CUST014508,2024-05-06,2025-05-06,Active,6647,79764
SUB0014509,CUST014509,2025-06-04,2026-06-04,Active,4573,54876
SUB0014510,CUST014510,2024-03-05,2025-03-05,Cancelled,1694,20328
SUB0014511,CUST014511,2024-12-13,2027-12-13,Active,7059,84708
SUB0014512,CUST014512,2025-07-28,2027-07-28,Active,15838,190056
SUB0014513,CUST014513,2024-01-11,2025-01-11,Active,7051,84612
SUB0014514,CUST014514,2025-05-25,2027-05-25,Active,1687,20244
SUB0014515,CUST014515,2024-10-18,2025-10-18,Active,7948,95376
SUB0014516,CUST014516,2023-09-01,2025-09-01,Active,2680,32160
SUB0014517,CUST014517,2025-11-05,2026-11-05,Active,1552,18624
SUB0014518,CUST014518,2024-11-13,2027-11-13,Active,1499,17988
SUB0014519,CUST014519,2023-10-07,2024-10-07,Active,1442,17304
SUB0014520,CUST014520,2024-04-03,2025-04-03,Active,1930,23160
SUB0014521,CUST014521,2024-05-28,2025-05-28,Active,3678,44136
SUB0014522,CUST014522,2025-12-23,2028-12-23,Active,22191,266292
SUB0014523,CUST014523,2024-01-15,2026-01-15,Active,1333,15996
SUB0014524,CUST014524,2024-11-20,2025-11-20,Cancelled,1196,14352
SUB0014525,CUST014525,2025-11-15,2026-11-15,Active,1879,22548
SUB0014526,CUST014526,2024-05-28,2025-05-28,Pending Renewal,5981,71772
SUB0014527,CUST014527,2024-09-27,2026-09-27,Active,1278,15336
SUB0014528,CUST014528,2025-08-14,2026-08-14,Active,1014,12168
SUB0014529,CUST014529,2024-03-22,2026-03-22,Active,11591,139092
SUB0014530,CUST014530,2025-07-02,2026-07-02,Active,7487,89844
SUB0014531,CUST014531,2024-08-23,2026-08-23,Active,2619,31428
SUB0014532,CUST014532,2023-06-25,2024-06-25,Active,18306,219672
SUB0014533,CUST014533,2024-06-04,2026-06-04,Pending Renewal,210,2520
SUB0014534,CUST014534,2023-12-31,2026-12-31,Active,19436,233232
SUB0014535,CUST014535,2024-02-25,2025-02-25,Active,637,7644
SUB0014536,CUST014536,2024-08-23,2027-08-23,Active,2387,28644
SUB0014537,CUST014537,2024-09-15,2027-09-15,Active,503,6036
SUB0014538,CUST014538,2025-06-09,2027-06-09,Active,18006,216072
SUB0014539,CUST014539,2024-08-09,2025-08-09,Active,2810,33720
SUB0014540,CUST014540,2024-08-04,2027-08-04,Active,1312,15744
SUB0014541,CUST014541,2024-03-16,2026-03-16,Active,7091,85092
SUB0014542,CUST014542,2023-08-14,2024-08-14,Active,5606,67272
SUB0014543,CUST014543,2024-03-27,2026-03-27,Active,1930,23160
SUB0014544,CUST014544,2024-12-22,2026-12-22,Active,689,8268
SUB0014545,CUST014545,2023-08-23,2024-08-23,Active,758,9096
SUB0014546,CUST014546,2025-01-09,2027-01-09,Active,11552,138624
SUB0014547,CUST014547,2025-05-31,2027-05-31,Cancelled,162,1944
SUB0014548,CUST014548,2025-07-31,2026-07-31,Active,7651,91812
SUB0014549,CUST014549,2024-09-16,2027-09-16,Pending Renewal,1304,15648
SUB0014550,CUST014550,2024-09-27,2025-09-27,Active,636,7632
SUB0014551,CUST014551,2024-08-31,2025-08-31,Active,16203,194436
SUB0014552,CUST014552,2025-03-19,2028-03-19,Cancelled,520,6240
SUB0014553,CUST014553,2025-10-28,2027-10-28,Active,297,3564
SUB0014554,CUST014554,2025-04-15,2027-04-15,Active,349,4188
SUB0014555,CUST014555,2024-04-07,2026-04-07,Active,1821,21852
SUB0014556,CUST014556,2025-10-06,2027-10-06,Active,7307,87684
SUB0014557,CUST014557,2024-03-27,2026-03-27,Active,1253,15036
SUB0014558,CUST014558,2024-04-11,2025-04-11,Cancelled,3886,46632
SUB0014559,CUST014559,2025-02-07,2028-02-07,Active,1206,14472
SUB0014560,CUST014560,2024-03-26,2026-03-26,Cancelled,4823,57876
SUB0014561,CUST014561,2025-01-10,2026-01-10,Active,2948,35376
SUB0014562,CUST014562,2024-04-05,2027-04-05,Active,4436,53232
SUB0014563,CUST014563,2025-05-21,2027-05-21,Active,5156,61872
SUB0014564,CUST014564,2024-07-15,2026-07-15,Active,1093,13116
SUB0014565,CUST014565,2025-11-22,2028-11-22,Active,5516,66192
SUB0014566,CUST014566,2024-08-15,2027-08-15,Pending Renewal,777,9324
SUB0014567,CUST014567,2024-12-14,2025-12-14,Active,186,2232
SUB0014568,CUST014568,2024-06-17,2027-06-17,Active,457,5484
SUB0014569,CUST014569,2025-01-27,2027-01-27,Pending Renewal,5945,71340
SUB0014570,CUST014570,2025-05-19,2028-05-19,Active,1507,18084
SUB0014571,CUST014571,2025-07-06,2028-07-06,Active,861,10332
SUB0014572,CUST014572,2025-03-15,2027-03-15,Active,690,8280
SUB0014573,CUST014573,2024-02-18,2025-02-18,Cancelled,1812,21744
SUB0014574,CUST014574,2024-08-31,2026-08-31,Active,858,10296
SUB0014575,CUST014575,2024-01-03,2027-01-03,Active,4180,50160
SUB0014576,CUST014576,2024-06-05,2026-06-05,Active,3920,47040
SUB0014577,CUST014577,2025-05-06,2026-05-06,Pending Renewal,1126,13512
SUB0014578,CUST014578,2024-11-18,2027-11-18,Active,23713,284556
SUB0014579,CUST014579,2024-08-17,2025-08-17,Active,4650,55800
SUB0014580,CUST014580,2025-11-07,2027-11-07,Active,17534,210408
SUB0014581,CUST014581,2025-11-24,2028-11-24,Active,15961,191532
SUB0014582,CUST014582,2025-09-06,2027-09-06,Active,1458,17496
SUB0014583,CUST014583,2025-04-28,2028-04-28,Active,18856,226272
SUB0014584,CUST014584,2025-10-22,2026-10-22,Pending Renewal,857,10284
SUB0014585,CUST014585,2023-07-29,2026-07-29,Active,11197,134364
SUB0014586,CUST014586,2025-01-13,2026-01-13,Active,4361,52332
SUB0014587,CUST014587,2025-03-30,2026-03-30,Active,1956,23472
SUB0014588,CUST014588,2024-09-07,2027-09-07,Pending Renewal,1128,13536
SUB0014589,CUST014589,2024-02-11,2027-02-11,Active,1514,18168
SUB0014590,CUST014590,2024-03-06,2027-03-06,Cancelled,1398,16776
SUB0014591,CUST014591,2023-12-04,2026-12-04,Active,221,2652
SUB0014592,CUST014592,2025-02-12,2026-02-12,Active,6668,80016
SUB0014593,CUST014593,2025-01-29,2027-01-29,Active,1502,18024
SUB0014594,CUST014594,2025-06-22,2027-06-22,Active,1369,16428
SUB0014595,CUST014595,2024-05-29,2027-05-29,Active,542,6504
SUB0014596,CUST014596,2024-11-17,2027-11-17,Active,1034,12408
SUB0014597,CUST014597,2023-09-25,2024-09-25,Active,715,8580
SUB0014598,CUST014598,2024-08-22,2025-08-22,Active,355,4260
SUB0014599,CUST014599,2025-07-18,2028-07-18,Active,1055,12660
SUB0014600,CUST014600,2025-08-01,2028-08-01,Active,18117,217404
SUB0014601,CUST014601,2024-12-26,2026-12-26,Active,5374,64488
SUB0014602,CUST014602,2025-07-05,2027-07-05,Active,3797,45564
SUB0014603,CUST014603,2025-03-02,2027-03-02,Active,6962,83544
SUB0014604,CUST014604,2024-01-15,2025-01-15,Active,5068,60816
SUB0014605,CUST014605,2025-09-14,2027-09-14,Active,16055,192660
SUB0014606,CUST014606,2023-09-15,2026-09-15,Active,1364,16368
SUB0014607,CUST014607,2024-03-29,2026-03-29,Active,1795,21540
SUB0014608,CUST014608,2025-12-16,2027-12-16,Active,1166,13992
SUB0014609,CUST014609,2023-08-09,2025-08-09,Pending Renewal,21307,255684
SUB0014610,CUST014610,2024-02-24,2025-02-24,Cancelled,4318,51816
SUB0014611,CUST014611,2025-01-07,2027-01-07,Active,7992,95904
SUB0014612,CUST014612,2025-03-29,2028-03-29,Pending Renewal,405,4860
SUB0014613,CUST014613,2024-07-25,2027-07-25,Active,100,1200
SUB0014614,CUST014614,2025-08-25,2027-08-25,Pending Renewal,1624,19488
SUB0014615,CUST014615,2024-09-17,2027-09-17,Active,3557,42684
SUB0014616,CUST014616,2023-08-04,2024-08-04,Active,4835,58020
SUB0014617,CUST014617,2023-11-01,2026-11-01,Cancelled,19573,234876
SUB0014618,CUST014618,2025-04-17,2027-04-17,Active,1134,13608
SUB0014619,CUST014619,2025-01-18,2028-01-18,Active,988,11856
SUB0014620,CUST014620,2024-04-20,2025-04-20,Pending Renewal,2340,28080
SUB0014621,CUST014621,2024-05-07,2027-05-07,Active,11598,139176
SUB0014622,CUST014622,2024-01-23,2027-01-23,Pending Renewal,455,5460
SUB0014623,CUST014623,2024-04-25,2027-04-25,Active,718,8616
SUB0014624,CUST014624,2025-07-27,2026-07-27,Pending Renewal,7366,88392
SUB0014625,CUST014625,2024-04-07,2027-04-07,Cancelled,20567,246804
SUB0014626,CUST014626,2024-04-27,2025-04-27,Active,964,11568
SUB0014627,CUST014627,2025-06-22,2026-06-22,Active,233,2796
SUB0014628,CUST014628,2025-06-12,2028-06-12,Active,19471,233652
SUB0014629,CUST014629,2025-01-16,2026-01-16,Active,133,1596
SUB0014630,CUST014630,2024-02-18,2027-02-18,Active,1700,20400
SUB0014631,CUST014631,2023-08-03,2024-08-03,Active,1566,18792
SUB0014632,CUST014632,2024-11-23,2026-11-23,Active,752,9024
SUB0014633,CUST014633,2025-08-24,2027-08-24,Cancelled,1857,22284
SUB0014634,CUST014634,2024-10-12,2026-10-12,Active,6175,74100
SUB0014635,CUST014635,2023-12-06,2024-12-06,Pending Renewal,1036,12432
SUB0014636,CUST014636,2024-08-28,2027-08-28,Active,940,11280
SUB0014637,CUST014637,2024-01-23,2027-01-23,Active,394,4728
SUB0014638,CUST014638,2024-02-29,2027-02-28,Active,5579,66948
SUB0014639,CUST014639,2025-08-08,2028-08-08,Active,840,10080
SUB0014640,CUST014640,2025-08-31,2026-08-31,Active,6552,78624
SUB0014641,CUST014641,2024-11-18,2025-11-18,Active,8978,107736
SUB0014642,CUST014642,2025-10-28,2026-10-28,Active,1052,12624
SUB0014643,CUST014643,2025-02-20,2027-02-20,Active,302,3624
SUB0014644,CUST014644,2024-08-12,2025-08-12,Active,3172,38064
SUB0014645,CUST014645,2024-06-28,2025-06-28,Active,564,6768
SUB0014646,CUST014646,2025-02-19,2027-02-19,Active,507,6084
SUB0014647,CUST014647,2024-06-10,2026-06-10,Active,23134,277608
SUB0014648,CUST014648,2025-06-03,2028-06-03,Active,4675,56100
SUB0014649,CUST014649,2024-03-15,2025-03-15,Active,1307,15684
SUB0014650,CUST014650,2023-12-04,2026-12-04,Active,889,10668
SUB0014651,CUST014651,2025-07-21,2028-07-21,Active,9488,113856
SUB0014652,CUST014652,2024-02-06,2027-02-06,Active,22835,274020
SUB0014653,CUST014653,2025-05-21,2028-05-21,Cancelled,19541,234492
SUB0014654,CUST014654,2024-01-02,2025-01-02,Active,842,10104
SUB0014655,CUST014655,2024-11-09,2027-11-09,Active,1781,21372
SUB0014656,CUST014656,2025-02-07,2026-02-07,Active,1200,14400
SUB0014657,CUST014657,2025-07-06,2028-07-06,Pending Renewal,323,3876
SUB0014658,CUST014658,2023-09-24,2025-09-24,Pending Renewal,1753,21036
SUB0014659,CUST014659,2025-12-20,2028-12-20,Pending Renewal,1982,23784
SUB0014660,CUST014660,2025-08-09,2027-08-09,Active,179,2148
SUB0014661,CUST014661,2024-03-03,2025-03-03,Active,463,5556
SUB0014662,CUST014662,2024-11-02,2026-11-02,Pending Renewal,1702,20424
SUB0014663,CUST014663,2025-06-13,2028-06-13,Active,5790,69480
SUB0014664,CUST014664,2025-02-18,2026-02-18,Active,1361,16332
SUB0014665,CUST014665,2025-07-07,2027-07-07,Active,103,1236
SUB0014666,CUST014666,2024-11-24,2026-11-24,Pending Renewal,5887,70644
SUB0014667,CUST014667,2024-04-26,2025-04-26,Active,1096,13152
SUB0014668,CUST014668,2024-11-06,2025-11-06,Active,1949,23388
SUB0014669,CUST014669,2025-12-13,2026-12-13,Active,935,11220
SUB0014670,CUST014670,2024-02-02,2027-02-02,Pending Renewal,9992,119904
SUB0014671,CUST014671,2024-12-02,2026-12-02,Active,7564,90768
SUB0014672,CUST014672,2025-10-27,2027-10-27,Active,588,7056
SUB0014673,CUST014673,2025-03-07,2028-03-07,Active,16914,202968
SUB0014674,CUST014674,2023-10-04,2025-10-04,Active,9242,110904
SUB0014675,CUST014675,2025-08-12,2026-08-12,Active,5470,65640
SUB0014676,CUST014676,2023-11-07,2024-11-07,Active,1802,21624
SUB0014677,CUST014677,2025-06-20,2027-06-20,Active,3736,44832
SUB0014678,CUST014678,2025-02-06,2026-02-06,Active,14707,176484
SUB0014679,CUST014679,2025-03-13,2028-03-13,Active,3009,36108
SUB0014680,CUST014680,2025-06-25,2026-06-25,Active,1051,12612
SUB0014681,CUST014681,2025-08-18,2026-08-18,Cancelled,1074,12888
SUB0014682,CUST014682,2025-01-22,2027-01-22,Cancelled,425,5100
SUB0014683,CUST014683,2023-08-22,2026-08-22,Active,4751,57012
SUB0014684,CUST014684,2025-03-21,2027-03-21,Active,21449,257388
SUB0014685,CUST014685,2024-04-26,2026-04-26,Active,1924,23088
SUB0014686,CUST014686,2023-08-12,2025-08-12,Active,1426,17112
SUB0014687,CUST014687,2025-06-27,2027-06-27,Active,1867,22404
SUB0014688,CUST014688,2025-01-01,2028-01-01,Active,932,11184
SUB0014689,CUST014689,2025-08-05,2028-08-05,Active,1889,22668
SUB0014690,CUST014690,2024-05-31,2026-05-31,Active,12677,152124
SUB0014691,CUST014691,2024-01-10,2027-01-10,Pending Renewal,1522,18264
SUB0014692,CUST014692,2023-08-31,2026-08-31,Pending Renewal,1646,19752
SUB0014693,CUST014693,2025-09-15,2026-09-15,Active,5966,71592
SUB0014694,CUST014694,2023-11-24,2025-11-24,Pending Renewal,1773,21276
SUB0014695,CUST014695,2025-05-18,2026-05-18,Active,1775,21300
SUB0014696,CUST014696,2025-05-05,2028-05-05,Active,992,11904
SUB0014697,CUST014697,2023-12-17,2024-12-17,Active,5671,68052
SUB0014698,CUST014698,2023-06-29,2025-06-29,Active,7874,94488
SUB0014699,CUST014699,2025-08-08,2028-08-08,Active,22832,273984
SUB0014700,CUST014700,2025-05-29,2028-05-29,Active,7498,89976
SUB0014701,CUST014701,2025-05-20,2026-05-20,Active,1367,16404
SUB0014702,CUST014702,2025-07-22,2027-07-22,Active,1277,15324
SUB0014703,CUST014703,2025-06-06,2026-06-06,Active,1254,15048
SUB0014704,CUST014704,2025-02-05,2028-02-05,Active,1812,21744
SUB0014705,CUST014705,2025-07-24,2027-07-24,Active,1730,20760
SUB0014706,CUST014706,2024-04-20,2025-04-20,Active,1559,18708
SUB0014707,CUST014707,2023-07-28,2024-07-28,Cancelled,911,10932
SUB0014708,CUST014708,2024-09-05,2027-09-05,Active,3033,36396
SUB0014709,CUST014709,2023-08-24,2024-08-24,Active,4980,59760
SUB0014710,CUST014710,2023-12-27,2024-12-27,Active,1479,17748
SUB0014711,CUST014711,2024-05-28,2027-05-28,Active,23990,287880
SUB0014712,CUST014712,2025-05-09,2028-05-09,Active,1497,17964
SUB0014713,CUST014713,2025-05-01,2026-05-01,Active,3557,42684
SUB0014714,CUST014714,2023-12-23,2024-12-23,Active,14524,174288
SUB0014715,CUST014715,2024-04-19,2025-04-19,Active,5650,67800
SUB0014716,CUST014716,2024-10-11,2027-10-11,Active,5536,66432
SUB0014717,CUST014717,2025-08-14,2028-08-14,Active,19322,231864
SUB0014718,CUST014718,2023-09-09,2026-09-09,Active,113,1356
SUB0014719,CUST014719,2025-05-04,2026-05-04,Active,7035,84420
SUB0014720,CUST014720,2023-12-26,2025-12-26,Active,1570,18840
SUB0014721,CUST014721,2025-06-03,2027-06-03,Active,23689,284268
SUB0014722,CUST014722,2023-07-10,2025-07-10,Active,18436,221232
SUB0014723,CUST014723,2024-07-09,2026-07-09,Active,311,3732
SUB0014724,CUST014724,2024-07-08,2026-07-08,Active,1913,22956
SUB0014725,CUST014725,2025-11-25,2027-11-25,Active,1947,23364
SUB0014726,CUST014726,2024-03-02,2026-03-02,Active,3631,43572
SUB0014727,CUST014727,2023-11-08,2026-11-08,Active,1059,12708
SUB0014728,CUST014728,2025-10-03,2026-10-03,Active,1675,20100
SUB0014729,CUST014729,2024-03-05,2025-03-05,Active,1579,18948
SUB0014730,CUST014730,2024-08-29,2026-08-29,Active,1498,17976
SUB0014731,CUST014731,2024-08-05,2026-08-05,Active,15672,188064
SUB0014732,CUST014732,2024-08-05,2025-08-05,Active,669,8028
SUB0014733,CUST014733,2024-02-17,2027-02-17,Active,1909,22908
SUB0014734,CUST014734,2024-07-04,2027-07-04,Active,431,5172
SUB0014735,CUST014735,2025-01-06,2026-01-06,Active,1065,12780
SUB0014736,CUST014736,2025-01-06,2026-01-06,Active,547,6564
SUB0014737,CUST014737,2024-08-24,2026-08-24,Active,5310,63720
SUB0014738,CUST014738,2025-11-20,2028-11-20,Active,22934,275208
SUB0014739,CUST014739,2025-05-19,2026-05-19,Cancelled,7097,85164
SUB0014740,CUST014740,2025-07-07,2027-07-07,Active,1627,19524
SUB0014741,CUST014741,2023-10-16,2024-10-16,Active,816,9792
SUB0014742,CUST014742,2025-04-22,2026-04-22,Pending Renewal,1025,12300
SUB0014743,CUST014743,2024-08-02,2027-08-02,Active,1508,18096
SUB0014744,CUST014744,2025-08-21,2026-08-21,Active,112,1344
SUB0014745,CUST014745,2025-03-16,2027-03-16,Active,288,3456
SUB0014746,CUST014746,2023-12-08,2026-12-08,Active,1473,17676
SUB0014747,CUST014747,2025-11-19,2026-11-19,Active,24047,288564
SUB0014748,CUST014748,2024-04-05,2027-04-05,Active,1881,22572
SUB0014749,CUST014749,2024-04-16,2025-04-16,Pending Renewal,676,8112
SUB0014750,CUST014750,2024-02-21,2026-02-21,Active,7591,91092
SUB0014751,CUST014751,2024-09-15,2025-09-15,Active,18671,224052
SUB0014752,CUST014752,2024-12-31,2025-12-31,Active,101,1212
SUB0014753,CUST014753,2024-08-25,2026-08-25,Active,6296,75552
SUB0014754,CUST014754,2024-04-01,2025-04-01,Active,570,6840
SUB0014755,CUST014755,2025-04-08,2028-04-08,Active,1167,14004
SUB0014756,CUST014756,2025-04-19,2028-04-19,Active,1653,19836
SUB0014757,CUST014757,2023-11-26,2024-11-26,Active,4496,53952
SUB0014758,CUST014758,2024-08-05,2027-08-05,Active,24014,288168
SUB0014759,CUST014759,2024-08-27,2025-08-27,Active,1102,13224
SUB0014760,CUST014760,2025-10-07,2026-10-07,Active,816,9792
SUB0014761,CUST014761,2024-07-20,2026-07-20,Active,10318,123816
SUB0014762,CUST014762,2024-09-08,2026-09-08,Active,1553,18636
SUB0014763,CUST014763,2024-06-19,2027-06-19,Active,3207,38484
SUB0014764,CUST014764,2023-07-12,2024-07-12,Active,500,6000
SUB0014765,CUST014765,2024-12-05,2026-12-05,Active,1993,23916
SUB0014766,CUST014766,2025-03-01,2026-03-01,Active,7943,95316
SUB0014767,CUST014767,2025-04-13,2028-04-13,Pending Renewal,6095,73140
SUB0014768,CUST014768,2023-08-08,2025-08-08,Active,4909,58908
SUB0014769,CUST014769,2024-12-17,2025-12-17,Active,1584,19008
SUB0014770,CUST014770,2023-12-28,2024-12-28,Active,5133,61596
SUB0014771,CUST014771,2024-08-08,2026-08-08,Active,7609,91308
SUB0014772,CUST014772,2025-02-28,2027-02-28,Active,1764,21168
SUB0014773,CUST014773,2024-03-04,2026-03-04,Active,915,10980
SUB0014774,CUST014774,2025-07-20,2026-07-20,Active,2598,31176
SUB0014775,CUST014775,2025-10-24,2027-10-24,Active,23038,276456
SUB0014776,CUST014776,2024-11-12,2027-11-12,Active,200,2400
SUB0014777,CUST014777,2023-12-17,2026-12-17,Active,285,3420
SUB0014778,CUST014778,2024-02-22,2026-02-22,Active,149,1788
SUB0014779,CUST014779,2025-05-16,2028-05-16,Active,5964,71568
SUB0014780,CUST014780,2025-06-27,2026-06-27,Active,1290,15480
SUB0014781,CUST014781,2024-09-08,2026-09-08,Active,6741,80892
SUB0014782,CUST014782,2024-06-10,2025-06-10,Active,4077,48924
SUB0014783,CUST014783,2025-04-22,2028-04-22,Active,628,7536
SUB0014784,CUST014784,2025-05-18,2028-05-18,Active,1836,22032
SUB0014785,CUST014785,2025-08-12,2026-08-12,Active,7893,94716
SUB0014786,CUST014786,2025-08-17,2027-08-17,Active,6613,79356
SUB0014787,CUST014787,2023-12-09,2026-12-09,Active,16157,193884
SUB0014788,CUST014788,2024-09-18,2026-09-18,Active,9131,109572
SUB0014789,CUST014789,2025-11-08,2028-11-08,Active,1673,20076
SUB0014790,CUST014790,2025-12-05,2028-12-05,Pending Renewal,1633,19596
SUB0014791,CUST014791,2024-01-05,2025-01-05,Active,7103,85236
SUB0014792,CUST014792,2024-12-29,2025-12-29,Active,9203,110436
SUB0014793,CUST014793,2023-10-23,2024-10-23,Active,1236,14832
SUB0014794,CUST014794,2023-12-18,2026-12-18,Active,1177,14124
SUB0014795,CUST014795,2025-02-07,2027-02-07,Active,7099,85188
SUB0014796,CUST014796,2024-10-12,2025-10-12,Active,2729,32748
SUB0014797,CUST014797,2023-08-20,2026-08-20,Active,1691,20292
SUB0014798,CUST014798,2024-11-30,2027-11-30,Active,3097,37164
SUB0014799,CUST014799,2025-09-27,2027-09-27,Active,19485,233820
SUB0014800,CUST014800,2025-10-13,2027-10-13,Cancelled,3568,42816
SUB0014801,CUST014801,2024-05-11,2025-05-11,Active,2117,25404
SUB0014802,CUST014802,2024-06-14,2026-06-14,Active,1698,20376
SUB0014803,CUST014803,2024-05-06,2027-05-06,Active,7062,84744
SUB0014804,CUST014804,2025-03-02,2028-03-02,Cancelled,3906,46872
SUB0014805,CUST014805,2025-04-16,2027-04-16,Active,308,3696
SUB0014806,CUST014806,2025-01-13,2027-01-13,Active,4368,52416
SUB0014807,CUST014807,2023-08-18,2026-08-18,Active,4024,48288
SUB0014808,CUST014808,2024-06-24,2025-06-24,Active,1769,21228
SUB0014809,CUST014809,2025-07-30,2026-07-30,Pending Renewal,1252,15024
SUB0014810,CUST014810,2025-02-06,2027-02-06,Active,3566,42792
SUB0014811,CUST014811,2025-09-21,2026-09-21,Active,9173,110076
SUB0014812,CUST014812,2025-07-03,2027-07-03,Pending Renewal,24993,299916
SUB0014813,CUST014813,2024-06-11,2025-06-11,Active,18858,226296
SUB0014814,CUST014814,2025-05-30,2026-05-30,Active,4991,59892
SUB0014815,CUST014815,2025-07-31,2028-07-31,Active,171,2052
SUB0014816,CUST014816,2025-01-09,2026-01-09,Active,492,5904
SUB0014817,CUST014817,2024-01-03,2027-01-03,Active,7178,86136
SUB0014818,CUST014818,2025-04-12,2028-04-12,Active,24448,293376
SUB0014819,CUST014819,2024-09-14,2026-09-14,Active,12222,146664
SUB0014820,CUST014820,2025-01-14,2028-01-14,Pending Renewal,348,4176
SUB0014821,CUST014821,2025-05-18,2027-05-18,Active,13086,157032
SUB0014822,CUST014822,2025-03-09,2028-03-09,Active,17613,211356
SUB0014823,CUST014823,2024-06-29,2027-06-29,Active,1779,21348
SUB0014824,CUST014824,2025-12-18,2026-12-18,Active,1043,12516
SUB0014825,CUST014825,2023-07-02,2025-07-02,Pending Renewal,4609,55308
SUB0014826,CUST014826,2023-11-09,2026-11-09,Cancelled,6652,79824
SUB0014827,CUST014827,2024-07-06,2026-07-06,Active,15267,183204
SUB0014828,CUST014828,2025-08-28,2028-08-28,Active,458,5496
SUB0014829,CUST014829,2024-06-27,2026-06-27,Active,4104,49248
SUB0014830,CUST014830,2025-11-29,2028-11-29,Active,501,6012
SUB0014831,CUST014831,2024-02-15,2026-02-15,Active,973,11676
SUB0014832,CUST014832,2025-08-26,2026-08-26,Active,6673,80076
SUB0014833,CUST014833,2025-07-27,2027-07-27,Pending Renewal,1648,19776
SUB0014834,CUST014834,2025-11-11,2026-11-11,Active,1426,17112
SUB0014835,CUST014835,2024-03-12,2025-03-12,Active,6888,82656
SUB0014836,CUST014836,2024-07-29,2025-07-29,Active,4389,52668
SUB0014837,CUST014837,2024-08-16,2026-08-16,Pending Renewal,4689,56268
SUB0014838,CUST014838,2025-01-03,2027-01-03,Active,5591,67092
SUB0014839,CUST014839,2024-10-09,2027-10-09,Active,893,10716
SUB0014840,CUST014840,2025-09-16,2027-09-16,Active,7308,87696
SUB0014841,CUST014841,2025-12-14,2028-12-14,Active,1300,15600
SUB0014842,CUST014842,2023-12-05,2024-12-05,Active,18272,219264
SUB0014843,CUST014843,2025-12-18,2027-12-18,Active,1965,23580
SUB0014844,CUST014844,2025-12-06,2027-12-06,Pending Renewal,1150,13800
SUB0014845,CUST014845,2024-03-14,2027-03-14,Active,1382,16584
SUB0014846,CUST014846,2025-06-21,2028-06-21,Active,22614,271368
SUB0014847,CUST014847,2025-02-02,2028-02-02,Active,615,7380
SUB0014848,CUST014848,2024-02-18,2026-02-18,Active,241,2892
SUB0014849,CUST014849,2024-04-19,2025-04-19,Active,386,4632
SUB0014850,CUST014850,2023-11-07,2024-11-07,Active,745,8940
SUB0014851,CUST014851,2025-11-13,2027-11-13,Active,1273,15276
SUB0014852,CUST014852,2023-11-22,2024-11-22,Active,18138,217656
SUB0014853,CUST014853,2024-04-19,2027-04-19,Active,1827,21924
SUB0014854,CUST014854,2025-12-10,2028-12-10,Cancelled,933,11196
SUB0014855,CUST014855,2024-08-19,2025-08-19,Active,3712,44544
SUB0014856,CUST014856,2025-03-12,2027-03-12,Active,12658,151896
SUB0014857,CUST014857,2024-11-08,2027-11-08,Active,4935,59220
SUB0014858,CUST014858,2024-06-22,2026-06-22,Cancelled,595,7140
SUB0014859,CUST014859,2024-04-27,2026-04-27,Pending Renewal,497,5964
SUB0014860,CUST014860,2023-11-26,2026-11-26,Active,5078,60936
SUB0014861,CUST014861,2024-05-14,2027-05-14,Active,1796,21552
SUB0014862,CUST014862,2024-12-18,2025-12-18,Active,307,3684
SUB0014863,CUST014863,2025-05-04,2027-05-04,Active,675,8100
SUB0014864,CUST014864,2024-11-30,2025-11-30,Active,5880,70560
SUB0014865,CUST014865,2025-02-11,2027-02-11,Active,900,10800
SUB0014866,CUST014866,2023-11-13,2025-11-13,Active,1752,21024
SUB0014867,CUST014867,2024-11-05,2025-11-05,Active,23703,284436
SUB0014868,CUST014868,2024-08-09,2026-08-09,Active,19087,229044
SUB0014869,CUST014869,2025-05-23,2028-05-23,Active,3599,43188
SUB0014870,CUST014870,2023-12-21,2025-12-21,Active,1966,23592
SUB0014871,CUST014871,2023-08-30,2026-08-30,Active,173,2076
SUB0014872,CUST014872,2025-11-11,2027-11-11,Active,10070,120840
SUB0014873,CUST014873,2024-07-09,2026-07-09,Pending Renewal,1644,19728
SUB0014874,CUST014874,2025-07-24,2028-07-24,Active,1792,21504
SUB0014875,CUST014875,2025-08-18,2027-08-18,Active,2916,34992
SUB0014876,CUST014876,2024-09-28,2027-09-28,Active,2414,28968
SUB0014877,CUST014877,2025-05-29,2027-05-29,Active,24027,288324
SUB0014878,CUST014878,2023-07-10,2025-07-10,Active,15052,180624
SUB0014879,CUST014879,2025-04-08,2027-04-08,Active,21615,259380
SUB0014880,CUST014880,2025-07-05,2026-07-05,Active,139,1668
SUB0014881,CUST014881,2024-05-12,2025-05-12,Pending Renewal,9674,116088
SUB0014882,CUST014882,2025-10-22,2027-10-22,Active,204,2448
SUB0014883,CUST014883,2025-07-17,2027-07-17,Active,1159,13908
SUB0014884,CUST014884,2025-12-24,2028-12-24,Active,512,6144
SUB0014885,CUST014885,2023-08-22,2026-08-22,Pending Renewal,1933,23196
SUB0014886,CUST014886,2025-04-04,2027-04-04,Active,818,9816
SUB0014887,CUST014887,2024-09-29,2025-09-29,Active,2044,24528
SUB0014888,CUST014888,2024-04-10,2025-04-10,Active,406,4872
SUB0014889,CUST014889,2025-09-15,2027-09-15,Active,4056,48672
SUB0014890,CUST014890,2025-08-28,2027-08-28,Active,1635,19620
SUB0014891,CUST014891,2023-11-23,2024-11-23,Active,22360,268320
SUB0014892,CUST014892,2025-08-09,2026-08-09,Active,20273,243276
SUB0014893,CUST014893,2023-09-13,2025-09-13,Pending Renewal,7611,91332
SUB0014894,CUST014894,2023-12-29,2024-12-29,Active,553,6636
SUB0014895,CUST014895,2024-05-27,2025-05-27,Active,755,9060
SUB0014896,CUST014896,2024-01-01,2026-01-01,Active,4018,48216
SUB0014897,CUST014897,2023-09-22,2026-09-22,Active,3063,36756
SUB0014898,CUST014898,2025-10-29,2028-10-29,Active,816,9792
SUB0014899,CUST014899,2024-06-10,2027-06-10,Active,158,1896
SUB0014900,CUST014900,2024-05-25,2027-05-25,Active,1345,16140
SUB0014901,CUST014901,2023-07-16,2026-07-16,Active,208,2496
SUB0014902,CUST014902,2025-11-23,2026-11-23,Active,1332,15984
SUB0014903,CUST014903,2025-07-15,2027-07-15,Active,5437,65244
SUB0014904,CUST014904,2025-04-12,2027-04-12,Cancelled,455,5460
SUB0014905,CUST014905,2024-11-16,2027-11-16,Active,6537,78444
SUB0014906,CUST014906,2025-01-20,2028-01-20,Active,12500,150000
SUB0014907,CUST014907,2024-09-09,2027-09-09,Active,636,7632
SUB0014908,CUST014908,2025-01-11,2027-01-11,Active,435,5220
SUB0014909,CUST014909,2023-09-06,2024-09-06,Pending Renewal,1301,15612
SUB0014910,CUST014910,2024-08-01,2025-08-01,Active,17736,212832
SUB0014911,CUST014911,2023-12-04,2024-12-04,Active,22250,267000
SUB0014912,CUST014912,2024-07-11,2026-07-11,Active,7336,88032
SUB0014913,CUST014913,2025-08-29,2028-08-29,Active,1371,16452
SUB0014914,CUST014914,2024-08-27,2026-08-27,Active,8491,101892
SUB0014915,CUST014915,2024-02-26,2027-02-26,Active,520,6240
SUB0014916,CUST014916,2024-06-15,2025-06-15,Pending Renewal,836,10032
SUB0014917,CUST014917,2024-03-11,2026-03-11,Active,3274,39288
SUB0014918,CUST014918,2023-09-18,2024-09-18,Active,934,11208
SUB0014919,CUST014919,2025-03-02,2026-03-02,Active,821,9852
SUB0014920,CUST014920,2023-09-18,2025-09-18,Active,621,7452
SUB0014921,CUST014921,2025-08-27,2028-08-27,Active,1692,20304
SUB0014922,CUST014922,2023-12-04,2025-12-04,Active,7596,91152
SUB0014923,CUST014923,2024-12-31,2026-12-31,Active,223,2676
SUB0014924,CUST014924,2023-07-20,2025-07-20,Active,6001,72012
SUB0014925,CUST014925,2024-07-25,2026-07-25,Pending Renewal,6023,72276
SUB0014926,CUST014926,2025-03-03,2026-03-03,Active,6737,80844
SUB0014927,CUST014927,2025-04-08,2026-04-08,Active,448,5376
SUB0014928,CUST014928,2024-03-04,2026-03-04,Active,1192,14304
SUB0014929,CUST014929,2024-10-15,2026-10-15,Active,1579,18948
SUB0014930,CUST014930,2025-10-02,2028-10-02,Active,8178,98136
SUB0014931,CUST014931,2024-09-28,2027-09-28,Active,20501,246012
SUB0014932,CUST014932,2024-08-06,2025-08-06,Active,2607,31284
SUB0014933,CUST014933,2024-07-28,2027-07-28,Active,1132,13584
SUB0014934,CUST014934,2025-04-25,2028-04-25,Active,5844,70128
SUB0014935,CUST014935,2023-10-03,2026-10-03,Active,500,6000
SUB0014936,CUST014936,2024-04-24,2027-04-24,Active,1474,17688
SUB0014937,CUST014937,2025-02-21,2028-02-21,Active,6229,74748
SUB0014938,CUST014938,2024-09-21,2025-09-21,Active,19308,231696
SUB0014939,CUST014939,2023-07-27,2026-07-27,Active,542,6504
SUB0014940,CUST014940,2023-06-26,2024-06-26,Active,7957,95484
SUB0014941,CUST014941,2024-09-14,2025-09-14,Active,1789,21468
SUB0014942,CUST014942,2025-03-23,2027-03-23,Pending Renewal,5933,71196
SUB0014943,CUST014943,2023-06-30,2026-06-30,Active,5886,70632
SUB0014944,CUST014944,2024-12-17,2025-12-17,Active,1521,18252
SUB0014945,CUST014945,2023-10-09,2025-10-09,Active,18478,221736
SUB0014946,CUST014946,2024-04-27,2027-04-27,Active,1542,18504
SUB0014947,CUST014947,2025-05-25,2028-05-25,Pending Renewal,1776,21312
SUB0014948,CUST014948,2024-11-15,2026-11-15,Active,3156,37872
SUB0014949,CUST014949,2025-07-12,2027-07-12,Active,4988,59856
SUB0014950,CUST014950,2023-10-18,2024-10-18,Active,1226,14712
SUB0014951,CUST014951,2024-06-12,2025-06-12,Active,234,2808
SUB0014952,CUST014952,2023-10-08,2025-10-08,Active,7713,92556
SUB0014953,CUST014953,2025-11-25,2028-11-25,Active,254,3048
SUB0014954,CUST014954,2025-03-30,2028-03-30,Active,10346,124152
SUB0014955,CUST014955,2024-11-03,2026-11-03,Active,1623,19476
SUB0014956,CUST014956,2023-10-18,2026-10-18,Active,7040,84480
SUB0014957,CUST014957,2025-03-03,2026-03-03,Pending Renewal,7952,95424
SUB0014958,CUST014958,2025-07-12,2026-07-12,Active,4895,58740
SUB0014959,CUST014959,2023-09-05,2025-09-05,Active,998,11976
SUB0014960,CUST014960,2025-11-24,2026-11-24,Active,5256,63072
SUB0014961,CUST014961,2023-10-19,2026-10-19,Pending Renewal,6870,82440
SUB0014962,CUST014962,2025-02-05,2027-02-05,Pending Renewal,349,4188
SUB0014963,CUST014963,2024-11-10,2027-11-10,Active,188,2256
SUB0014964,CUST014964,2025-09-06,2028-09-06,Active,1672,20064
SUB0014965,CUST014965,2025-10-19,2027-10-19,Active,24658,295896
SUB0014966,CUST014966,2024-11-28,2025-11-28,Active,1882,22584
SUB0014967,CUST014967,2024-03-01,2026-03-01,Active,23627,283524
SUB0014968,CUST014968,2023-10-04,2025-10-04,Active,9490,113880
SUB0014969,CUST014969,2023-12-07,2024-12-07,Active,17189,206268
SUB0014970,CUST014970,2025-04-07,2028-04-07,Active,623,7476
SUB0014971,CUST014971,2023-12-08,2025-12-08,Active,5355,64260
SUB0014972,CUST014972,2023-09-01,2026-09-01,Active,5255,63060
SUB0014973,CUST014973,2025-10-05,2026-10-05,Active,6172,74064
SUB0014974,CUST014974,2025-02-20,2028-02-20,Active,2289,27468
SUB0014975,CUST014975,2025-04-16,2026-04-16,Active,1637,19644
SUB0014976,CUST014976,2025-09-06,2027-09-06,Cancelled,272,3264
SUB0014977,CUST014977,2025-10-29,2026-10-29,Active,16588,199056
SUB0014978,CUST014978,2024-04-09,2027-04-09,Active,1191,14292
SUB0014979,CUST014979,2024-12-28,2025-12-28,Active,1335,16020
SUB0014980,CUST014980,2024-08-08,2026-08-08,Active,481,5772
SUB0014981,CUST014981,2023-07-11,2026-07-11,Active,1337,16044
SUB0014982,CUST014982,2023-09-13,2026-09-13,Pending Renewal,907,10884
SUB0014983,CUST014983,2023-11-13,2025-11-13,Pending Renewal,791,9492
SUB0014984,CUST014984,2024-08-01,2025-08-01,Active,10729,128748
SUB0014985,CUST014985,2023-06-26,2025-06-26,Active,1296,15552
SUB0014986,CUST014986,2024-03-31,2026-03-31,Active,1436,17232
SUB0014987,CUST014987,2023-10-27,2026-10-27,Active,2247,26964
SUB0014988,CUST014988,2024-01-26,2025-01-26,Active,18646,223752
SUB0014989,CUST014989,2025-04-17,2027-04-17,Active,292,3504
SUB0014990,CUST014990,2023-12-07,2026-12-07,Pending Renewal,22381,268572
SUB0014991,CUST014991,2023-12-30,2024-12-30,Active,6365,76380
SUB0014992,CUST014992,2024-01-24,2025-01-24,Active,5034,60408
SUB0014993,CUST014993,2024-10-11,2027-10-11,Cancelled,5045,60540
SUB0014994,CUST014994,2025-04-30,2028-04-30,Active,651,7812
SUB0014995,CUST014995,2023-10-08,2026-10-08,Active,3148,37776
SUB0014996,CUST014996,2023-12-24,2026-12-24,Active,18005,216060
SUB0014997,CUST014997,2025-07-24,2026-07-24,Active,6773,81276
SUB0014998,CUST014998,2025-02-12,2027-02-12,Active,1128,13536
SUB0014999,CUST014999,2023-10-04,2024-10-04,Active,270,3240
SUB0015000,CUST015000,2023-10-25,2024-10-25,Active,4326,51912
